exp,sourceFile,conditionId,variant,setup,board,p1,p2,candidateIsP1,winner,evidenceStatus,exclusionReason,engineSeed,randomStartSeed,game
tf_phase7_policy_standard_2026-08-20,standard_12x10_g100_vs_g94.jsonl,standard-random-12x10,standard,random-start,12x10,tf:100,tf:94,true,p1,accepted,,830094,830096490282,0
tf_phase7_policy_standard_2026-08-20,standard_12x10_g100_vs_g94.jsonl,standard-random-12x10,standard,random-start,12x10,tf:94,tf:100,false,p1,accepted,,830094,830096490283,1
tf_phase7_policy_standard_2026-08-20,standard_12x10_g100_vs_g94.jsonl,standard-random-12x10,standard,random-start,12x10,tf:100,tf:94,true,p1,accepted,,830094,830096490284,2
tf_phase7_policy_standard_2026-08-20,standard_12x10_g100_vs_g94.jsonl,standard-random-12x10,standard,random-start,12x10,tf:94,tf:100,false,p1,accepted,,830094,830096490285,3
tf_phase7_policy_standard_2026-08-20,standard_12x10_g100_vs_g94.jsonl,standard-random-12x10,standard,random-start,12x10,tf:100,tf:94,true,p2,accepted,,830094,830096490286,4
tf_phase7_policy_standard_2026-08-20,standard_12x10_g100_vs_g94.jsonl,standard-random-12x10,standard,random-start,12x10,tf:94,tf:100,false,p2,accepted,,830094,830096490287,5
tf_phase7_policy_standard_2026-08-20,standard_12x10_g100_vs_g94.jsonl,standard-random-12x10,standard,random-start,12x10,tf:100,tf:94,true,p1,accepted,,830094,830096490288,6
tf_phase7_policy_standard_2026-08-20,standard_12x10_g100_vs_g94.jsonl,standard-random-12x10,standard,random-start,12x10,tf:94,tf:100,false,p1,accepted,,830094,830096490289,7
tf_phase7_policy_standard_2026-08-20,standard_12x10_g100_vs_g94.jsonl,standard-random-12x10,standard,random-start,12x10,tf:100,tf:94,true,p2,accepted,,830094,830096490290,8
tf_phase7_policy_standard_2026-08-20,standard_12x10_g100_vs_g94.jsonl,standard-random-12x10,standard,random-start,12x10,tf:94,tf:100,false,p1,accepted,,830094,830096490291,9
tf_phase7_policy_standard_2026-08-20,standard_12x10_g100_vs_g94.jsonl,standard-random-12x10,standard,random-start,12x10,tf:100,tf:94,true,p2,accepted,,830094,830096490292,10
tf_phase7_policy_standard_2026-08-20,standard_12x10_g100_vs_g94.jsonl,standard-random-12x10,standard,random-start,12x10,tf:94,tf:100,false,p1,accepted,,830094,830096490293,11
tf_phase7_policy_standard_2026-08-20,standard_12x10_g100_vs_g94.jsonl,standard-random-12x10,standard,random-start,12x10,tf:100,tf:94,true,p1,accepted,,830094,830096490294,12
tf_phase7_policy_standard_2026-08-20,standard_12x10_g100_vs_g94.jsonl,standard-random-12x10,standard,random-start,12x10,tf:94,tf:100,false,p1,accepted,,830094,830096490295,13
tf_phase7_policy_standard_2026-08-20,standard_12x10_g100_vs_g94.jsonl,standard-random-12x10,standard,random-start,12x10,tf:100,tf:94,true,p2,accepted,,830094,830096490296,14
tf_phase7_policy_standard_2026-08-20,standard_12x10_g100_vs_g94.jsonl,standard-random-12x10,standard,random-start,12x10,tf:94,tf:100,false,p2,accepted,,830094,830096490297,15
tf_phase7_policy_standard_2026-08-20,standard_12x10_g100_vs_g94.jsonl,standard-random-12x10,standard,random-start,12x10,tf:100,tf:94,true,p1,accepted,,830094,830096490298,16
tf_phase7_policy_standard_2026-08-20,standard_12x10_g100_vs_g94.jsonl,standard-random-12x10,standard,random-start,12x10,tf:94,tf:100,false,draw,accepted,,830094,830096490299,17
tf_phase7_policy_standard_2026-08-20,standard_12x10_g100_vs_g94.jsonl,standard-random-12x10,standard,random-start,12x10,tf:100,tf:94,true,p1,accepted,,830094,830096490300,18
tf_phase7_policy_standard_2026-08-20,standard_12x10_g100_vs_g94.jsonl,standard-random-12x10,standard,random-start,12x10,tf:94,tf:100,false,p2,accepted,,830094,830096490301,19
tf_phase7_policy_standard_2026-08-20,standard_12x10_g100_vs_g94.jsonl,standard-random-12x10,standard,random-start,12x10,tf:100,tf:94,true,p2,accepted,,830094,830096490302,20
tf_phase7_policy_standard_2026-08-20,standard_12x10_g100_vs_g94.jsonl,standard-random-12x10,standard,random-start,12x10,tf:94,tf:100,false,draw,accepted,,830094,830096490303,21
tf_phase7_policy_standard_2026-08-20,standard_12x10_g100_vs_g94.jsonl,standard-random-12x10,standard,random-start,12x10,tf:100,tf:94,true,p1,accepted,,830094,830096490304,22
tf_phase7_policy_standard_2026-08-20,standard_12x10_g100_vs_g94.jsonl,standard-random-12x10,standard,random-start,12x10,tf:94,tf:100,false,p2,accepted,,830094,830096490305,23
tf_phase7_policy_standard_2026-08-20,standard_12x10_g100_vs_g94.jsonl,standard-random-12x10,standard,random-start,12x10,tf:100,tf:94,true,p1,accepted,,830094,830096490306,24
tf_phase7_policy_standard_2026-08-20,standard_12x10_g100_vs_g94.jsonl,standard-random-12x10,standard,random-start,12x10,tf:94,tf:100,false,p1,accepted,,830094,830096490307,25
tf_phase7_policy_standard_2026-08-20,standard_12x10_g100_vs_g94.jsonl,standard-random-12x10,standard,random-start,12x10,tf:100,tf:94,true,draw,accepted,,830094,830096490308,26
tf_phase7_policy_standard_2026-08-20,standard_12x10_g100_vs_g94.jsonl,standard-random-12x10,standard,random-start,12x10,tf:94,tf:100,false,p1,accepted,,830094,830096490309,27
tf_phase7_policy_standard_2026-08-20,standard_12x10_g100_vs_g94.jsonl,standard-random-12x10,standard,random-start,12x10,tf:100,tf:94,true,p2,accepted,,830094,830096490310,28
tf_phase7_policy_standard_2026-08-20,standard_12x10_g100_vs_g94.jsonl,standard-random-12x10,standard,random-start,12x10,tf:94,tf:100,false,draw,accepted,,830094,830096490311,29
tf_phase7_policy_standard_2026-08-20,standard_12x10_g100_vs_g94.jsonl,standard-random-12x10,standard,random-start,12x10,tf:100,tf:94,true,p1,accepted,,830094,830096490312,30
tf_phase7_policy_standard_2026-08-20,standard_12x10_g100_vs_g94.jsonl,standard-random-12x10,standard,random-start,12x10,tf:94,tf:100,false,p2,accepted,,830094,830096490313,31
tf_phase7_policy_standard_2026-08-20,standard_12x10_g100_vs_g94.jsonl,standard-random-12x10,standard,random-start,12x10,tf:100,tf:94,true,p1,accepted,,830094,830096490314,32
tf_phase7_policy_standard_2026-08-20,standard_12x10_g100_vs_g94.jsonl,standard-random-12x10,standard,random-start,12x10,tf:94,tf:100,false,p1,accepted,,830094,830096490315,33
tf_phase7_policy_standard_2026-08-20,standard_12x10_g100_vs_g94.jsonl,standard-random-12x10,standard,random-start,12x10,tf:100,tf:94,true,p2,accepted,,830094,830096490316,34
tf_phase7_policy_standard_2026-08-20,standard_12x10_g100_vs_g94.jsonl,standard-random-12x10,standard,random-start,12x10,tf:94,tf:100,false,draw,accepted,,830094,830096490317,35
tf_phase7_policy_standard_2026-08-20,standard_12x10_g100_vs_g94.jsonl,standard-random-12x10,standard,random-start,12x10,tf:100,tf:94,true,p2,accepted,,830094,830096490318,36
tf_phase7_policy_standard_2026-08-20,standard_12x10_g100_vs_g94.jsonl,standard-random-12x10,standard,random-start,12x10,tf:94,tf:100,false,p1,accepted,,830094,830096490319,37
tf_phase7_policy_standard_2026-08-20,standard_12x10_g100_vs_g94.jsonl,standard-random-12x10,standard,random-start,12x10,tf:100,tf:94,true,p1,accepted,,830094,830096490320,38
tf_phase7_policy_standard_2026-08-20,standard_12x10_g100_vs_g94.jsonl,standard-random-12x10,standard,random-start,12x10,tf:94,tf:100,false,p2,accepted,,830094,830096490321,39
tf_phase7_policy_standard_2026-08-20,standard_12x10_g100_vs_g97.jsonl,standard-random-12x10,standard,random-start,12x10,tf:100,tf:97,true,p2,accepted,,830097,830099490291,0
tf_phase7_policy_standard_2026-08-20,standard_12x10_g100_vs_g97.jsonl,standard-random-12x10,standard,random-start,12x10,tf:97,tf:100,false,p1,accepted,,830097,830099490292,1
tf_phase7_policy_standard_2026-08-20,standard_12x10_g100_vs_g97.jsonl,standard-random-12x10,standard,random-start,12x10,tf:100,tf:97,true,draw,accepted,,830097,830099490293,2
tf_phase7_policy_standard_2026-08-20,standard_12x10_g100_vs_g97.jsonl,standard-random-12x10,standard,random-start,12x10,tf:97,tf:100,false,p2,accepted,,830097,830099490294,3
tf_phase7_policy_standard_2026-08-20,standard_12x10_g100_vs_g97.jsonl,standard-random-12x10,standard,random-start,12x10,tf:100,tf:97,true,p2,accepted,,830097,830099490295,4
tf_phase7_policy_standard_2026-08-20,standard_12x10_g100_vs_g97.jsonl,standard-random-12x10,standard,random-start,12x10,tf:97,tf:100,false,p1,accepted,,830097,830099490296,5
tf_phase7_policy_standard_2026-08-20,standard_12x10_g100_vs_g97.jsonl,standard-random-12x10,standard,random-start,12x10,tf:100,tf:97,true,p1,accepted,,830097,830099490297,6
tf_phase7_policy_standard_2026-08-20,standard_12x10_g100_vs_g97.jsonl,standard-random-12x10,standard,random-start,12x10,tf:97,tf:100,false,draw,accepted,,830097,830099490298,7
tf_phase7_policy_standard_2026-08-20,standard_12x10_g100_vs_g97.jsonl,standard-random-12x10,standard,random-start,12x10,tf:100,tf:97,true,p1,accepted,,830097,830099490299,8
tf_phase7_policy_standard_2026-08-20,standard_12x10_g100_vs_g97.jsonl,standard-random-12x10,standard,random-start,12x10,tf:97,tf:100,false,p1,accepted,,830097,830099490300,9
tf_phase7_policy_standard_2026-08-20,standard_12x10_g100_vs_g97.jsonl,standard-random-12x10,standard,random-start,12x10,tf:100,tf:97,true,p2,accepted,,830097,830099490301,10
tf_phase7_policy_standard_2026-08-20,standard_12x10_g100_vs_g97.jsonl,standard-random-12x10,standard,random-start,12x10,tf:97,tf:100,false,p1,accepted,,830097,830099490302,11
tf_phase7_policy_standard_2026-08-20,standard_12x10_g100_vs_g97.jsonl,standard-random-12x10,standard,random-start,12x10,tf:100,tf:97,true,draw,accepted,,830097,830099490303,12
tf_phase7_policy_standard_2026-08-20,standard_12x10_g100_vs_g97.jsonl,standard-random-12x10,standard,random-start,12x10,tf:97,tf:100,false,p2,accepted,,830097,830099490304,13
tf_phase7_policy_standard_2026-08-20,standard_12x10_g100_vs_g97.jsonl,standard-random-12x10,standard,random-start,12x10,tf:100,tf:97,true,draw,accepted,,830097,830099490305,14
tf_phase7_policy_standard_2026-08-20,standard_12x10_g100_vs_g97.jsonl,standard-random-12x10,standard,random-start,12x10,tf:97,tf:100,false,p1,accepted,,830097,830099490306,15
tf_phase7_policy_standard_2026-08-20,standard_12x10_g100_vs_g97.jsonl,standard-random-12x10,standard,random-start,12x10,tf:100,tf:97,true,p2,accepted,,830097,830099490307,16
tf_phase7_policy_standard_2026-08-20,standard_12x10_g100_vs_g97.jsonl,standard-random-12x10,standard,random-start,12x10,tf:97,tf:100,false,draw,accepted,,830097,830099490308,17
tf_phase7_policy_standard_2026-08-20,standard_12x10_g100_vs_g97.jsonl,standard-random-12x10,standard,random-start,12x10,tf:100,tf:97,true,p2,accepted,,830097,830099490309,18
tf_phase7_policy_standard_2026-08-20,standard_12x10_g100_vs_g97.jsonl,standard-random-12x10,standard,random-start,12x10,tf:97,tf:100,false,draw,accepted,,830097,830099490310,19
tf_phase7_policy_standard_2026-08-20,standard_12x10_g100_vs_g97.jsonl,standard-random-12x10,standard,random-start,12x10,tf:100,tf:97,true,p2,accepted,,830097,830099490311,20
tf_phase7_policy_standard_2026-08-20,standard_12x10_g100_vs_g97.jsonl,standard-random-12x10,standard,random-start,12x10,tf:97,tf:100,false,p2,accepted,,830097,830099490312,21
tf_phase7_policy_standard_2026-08-20,standard_12x10_g100_vs_g97.jsonl,standard-random-12x10,standard,random-start,12x10,tf:100,tf:97,true,draw,accepted,,830097,830099490313,22
tf_phase7_policy_standard_2026-08-20,standard_12x10_g100_vs_g97.jsonl,standard-random-12x10,standard,random-start,12x10,tf:97,tf:100,false,p1,accepted,,830097,830099490314,23
tf_phase7_policy_standard_2026-08-20,standard_12x10_g100_vs_g97.jsonl,standard-random-12x10,standard,random-start,12x10,tf:100,tf:97,true,p2,accepted,,830097,830099490315,24
tf_phase7_policy_standard_2026-08-20,standard_12x10_g100_vs_g97.jsonl,standard-random-12x10,standard,random-start,12x10,tf:97,tf:100,false,p2,accepted,,830097,830099490316,25
tf_phase7_policy_standard_2026-08-20,standard_12x10_g100_vs_g97.jsonl,standard-random-12x10,standard,random-start,12x10,tf:100,tf:97,true,p1,accepted,,830097,830099490317,26
tf_phase7_policy_standard_2026-08-20,standard_12x10_g100_vs_g97.jsonl,standard-random-12x10,standard,random-start,12x10,tf:97,tf:100,false,p1,accepted,,830097,830099490318,27
tf_phase7_policy_standard_2026-08-20,standard_12x10_g100_vs_g97.jsonl,standard-random-12x10,standard,random-start,12x10,tf:100,tf:97,true,p1,accepted,,830097,830099490319,28
tf_phase7_policy_standard_2026-08-20,standard_12x10_g100_vs_g97.jsonl,standard-random-12x10,standard,random-start,12x10,tf:97,tf:100,false,p1,accepted,,830097,830099490320,29
tf_phase7_policy_standard_2026-08-20,standard_12x10_g100_vs_g97.jsonl,standard-random-12x10,standard,random-start,12x10,tf:100,tf:97,true,p1,accepted,,830097,830099490321,30
tf_phase7_policy_standard_2026-08-20,standard_12x10_g100_vs_g97.jsonl,standard-random-12x10,standard,random-start,12x10,tf:97,tf:100,false,p2,accepted,,830097,830099490322,31
tf_phase7_policy_standard_2026-08-20,standard_12x10_g100_vs_g97.jsonl,standard-random-12x10,standard,random-start,12x10,tf:100,tf:97,true,p2,accepted,,830097,830099490323,32
tf_phase7_policy_standard_2026-08-20,standard_12x10_g100_vs_g97.jsonl,standard-random-12x10,standard,random-start,12x10,tf:97,tf:100,false,p1,accepted,,830097,830099490324,33
tf_phase7_policy_standard_2026-08-20,standard_12x10_g100_vs_g97.jsonl,standard-random-12x10,standard,random-start,12x10,tf:100,tf:97,true,p2,accepted,,830097,830099490325,34
tf_phase7_policy_standard_2026-08-20,standard_12x10_g100_vs_g97.jsonl,standard-random-12x10,standard,random-start,12x10,tf:97,tf:100,false,p1,accepted,,830097,830099490326,35
tf_phase7_policy_standard_2026-08-20,standard_12x10_g100_vs_g97.jsonl,standard-random-12x10,standard,random-start,12x10,tf:100,tf:97,true,p2,accepted,,830097,830099490327,36
tf_phase7_policy_standard_2026-08-20,standard_12x10_g100_vs_g97.jsonl,standard-random-12x10,standard,random-start,12x10,tf:97,tf:100,false,p1,accepted,,830097,830099490328,37
tf_phase7_policy_standard_2026-08-20,standard_12x10_g100_vs_g97.jsonl,standard-random-12x10,standard,random-start,12x10,tf:100,tf:97,true,p1,accepted,,830097,830099490329,38
tf_phase7_policy_standard_2026-08-20,standard_12x10_g100_vs_g97.jsonl,standard-random-12x10,standard,random-start,12x10,tf:97,tf:100,false,p1,accepted,,830097,830099490330,39
tf_phase7_policy_standard_2026-08-20,standard_12x10_g100_vs_g99.jsonl,standard-random-12x10,standard,random-start,12x10,tf:100,tf:99,true,p1,accepted,,830099,830101490297,0
tf_phase7_policy_standard_2026-08-20,standard_12x10_g100_vs_g99.jsonl,standard-random-12x10,standard,random-start,12x10,tf:99,tf:100,false,draw,accepted,,830099,830101490298,1
tf_phase7_policy_standard_2026-08-20,standard_12x10_g100_vs_g99.jsonl,standard-random-12x10,standard,random-start,12x10,tf:100,tf:99,true,p1,accepted,,830099,830101490299,2
tf_phase7_policy_standard_2026-08-20,standard_12x10_g100_vs_g99.jsonl,standard-random-12x10,standard,random-start,12x10,tf:99,tf:100,false,draw,accepted,,830099,830101490300,3
tf_phase7_policy_standard_2026-08-20,standard_12x10_g100_vs_g99.jsonl,standard-random-12x10,standard,random-start,12x10,tf:100,tf:99,true,p2,accepted,,830099,830101490301,4
tf_phase7_policy_standard_2026-08-20,standard_12x10_g100_vs_g99.jsonl,standard-random-12x10,standard,random-start,12x10,tf:99,tf:100,false,p2,accepted,,830099,830101490302,5
tf_phase7_policy_standard_2026-08-20,standard_12x10_g100_vs_g99.jsonl,standard-random-12x10,standard,random-start,12x10,tf:100,tf:99,true,p1,accepted,,830099,830101490303,6
tf_phase7_policy_standard_2026-08-20,standard_12x10_g100_vs_g99.jsonl,standard-random-12x10,standard,random-start,12x10,tf:99,tf:100,false,p1,accepted,,830099,830101490304,7
tf_phase7_policy_standard_2026-08-20,standard_12x10_g100_vs_g99.jsonl,standard-random-12x10,standard,random-start,12x10,tf:100,tf:99,true,draw,accepted,,830099,830101490305,8
tf_phase7_policy_standard_2026-08-20,standard_12x10_g100_vs_g99.jsonl,standard-random-12x10,standard,random-start,12x10,tf:99,tf:100,false,p2,accepted,,830099,830101490306,9
tf_phase7_policy_standard_2026-08-20,standard_12x10_g100_vs_g99.jsonl,standard-random-12x10,standard,random-start,12x10,tf:100,tf:99,true,p1,accepted,,830099,830101490307,10
tf_phase7_policy_standard_2026-08-20,standard_12x10_g100_vs_g99.jsonl,standard-random-12x10,standard,random-start,12x10,tf:99,tf:100,false,p2,accepted,,830099,830101490308,11
tf_phase7_policy_standard_2026-08-20,standard_12x10_g100_vs_g99.jsonl,standard-random-12x10,standard,random-start,12x10,tf:100,tf:99,true,p2,accepted,,830099,830101490309,12
tf_phase7_policy_standard_2026-08-20,standard_12x10_g100_vs_g99.jsonl,standard-random-12x10,standard,random-start,12x10,tf:99,tf:100,false,p1,accepted,,830099,830101490310,13
tf_phase7_policy_standard_2026-08-20,standard_12x10_g100_vs_g99.jsonl,standard-random-12x10,standard,random-start,12x10,tf:100,tf:99,true,p2,accepted,,830099,830101490311,14
tf_phase7_policy_standard_2026-08-20,standard_12x10_g100_vs_g99.jsonl,standard-random-12x10,standard,random-start,12x10,tf:99,tf:100,false,p2,accepted,,830099,830101490312,15
tf_phase7_policy_standard_2026-08-20,standard_12x10_g100_vs_g99.jsonl,standard-random-12x10,standard,random-start,12x10,tf:100,tf:99,true,p1,accepted,,830099,830101490313,16
tf_phase7_policy_standard_2026-08-20,standard_12x10_g100_vs_g99.jsonl,standard-random-12x10,standard,random-start,12x10,tf:99,tf:100,false,p2,accepted,,830099,830101490314,17
tf_phase7_policy_standard_2026-08-20,standard_12x10_g100_vs_g99.jsonl,standard-random-12x10,standard,random-start,12x10,tf:100,tf:99,true,p1,accepted,,830099,830101490315,18
tf_phase7_policy_standard_2026-08-20,standard_12x10_g100_vs_g99.jsonl,standard-random-12x10,standard,random-start,12x10,tf:99,tf:100,false,draw,accepted,,830099,830101490316,19
tf_phase7_policy_standard_2026-08-20,standard_12x10_g100_vs_g99.jsonl,standard-random-12x10,standard,random-start,12x10,tf:100,tf:99,true,p1,accepted,,830099,830101490317,20
tf_phase7_policy_standard_2026-08-20,standard_12x10_g100_vs_g99.jsonl,standard-random-12x10,standard,random-start,12x10,tf:99,tf:100,false,p1,accepted,,830099,830101490318,21
tf_phase7_policy_standard_2026-08-20,standard_12x10_g100_vs_g99.jsonl,standard-random-12x10,standard,random-start,12x10,tf:100,tf:99,true,p2,accepted,,830099,830101490319,22
tf_phase7_policy_standard_2026-08-20,standard_12x10_g100_vs_g99.jsonl,standard-random-12x10,standard,random-start,12x10,tf:99,tf:100,false,p1,accepted,,830099,830101490320,23
tf_phase7_policy_standard_2026-08-20,standard_12x10_g100_vs_g99.jsonl,standard-random-12x10,standard,random-start,12x10,tf:100,tf:99,true,p1,accepted,,830099,830101490321,24
tf_phase7_policy_standard_2026-08-20,standard_12x10_g100_vs_g99.jsonl,standard-random-12x10,standard,random-start,12x10,tf:99,tf:100,false,p1,accepted,,830099,830101490322,25
tf_phase7_policy_standard_2026-08-20,standard_12x10_g100_vs_g99.jsonl,standard-random-12x10,standard,random-start,12x10,tf:100,tf:99,true,draw,accepted,,830099,830101490323,26
tf_phase7_policy_standard_2026-08-20,standard_12x10_g100_vs_g99.jsonl,standard-random-12x10,standard,random-start,12x10,tf:99,tf:100,false,draw,accepted,,830099,830101490324,27
tf_phase7_policy_standard_2026-08-20,standard_12x10_g100_vs_g99.jsonl,standard-random-12x10,standard,random-start,12x10,tf:100,tf:99,true,p1,accepted,,830099,830101490325,28
tf_phase7_policy_standard_2026-08-20,standard_12x10_g100_vs_g99.jsonl,standard-random-12x10,standard,random-start,12x10,tf:99,tf:100,false,p1,accepted,,830099,830101490326,29
tf_phase7_policy_standard_2026-08-20,standard_12x10_g100_vs_g99.jsonl,standard-random-12x10,standard,random-start,12x10,tf:100,tf:99,true,p2,accepted,,830099,830101490327,30
tf_phase7_policy_standard_2026-08-20,standard_12x10_g100_vs_g99.jsonl,standard-random-12x10,standard,random-start,12x10,tf:99,tf:100,false,p2,accepted,,830099,830101490328,31
tf_phase7_policy_standard_2026-08-20,standard_12x10_g100_vs_g99.jsonl,standard-random-12x10,standard,random-start,12x10,tf:100,tf:99,true,p2,accepted,,830099,830101490329,32
tf_phase7_policy_standard_2026-08-20,standard_12x10_g100_vs_g99.jsonl,standard-random-12x10,standard,random-start,12x10,tf:99,tf:100,false,p1,accepted,,830099,830101490330,33
tf_phase7_policy_standard_2026-08-20,standard_12x10_g100_vs_g99.jsonl,standard-random-12x10,standard,random-start,12x10,tf:100,tf:99,true,p1,accepted,,830099,830101490331,34
tf_phase7_policy_standard_2026-08-20,standard_12x10_g100_vs_g99.jsonl,standard-random-12x10,standard,random-start,12x10,tf:99,tf:100,false,p2,accepted,,830099,830101490332,35
tf_phase7_policy_standard_2026-08-20,standard_12x10_g100_vs_g99.jsonl,standard-random-12x10,standard,random-start,12x10,tf:100,tf:99,true,p2,accepted,,830099,830101490333,36
tf_phase7_policy_standard_2026-08-20,standard_12x10_g100_vs_g99.jsonl,standard-random-12x10,standard,random-start,12x10,tf:99,tf:100,false,p1,accepted,,830099,830101490334,37
tf_phase7_policy_standard_2026-08-20,standard_12x10_g100_vs_g99.jsonl,standard-random-12x10,standard,random-start,12x10,tf:100,tf:99,true,p2,accepted,,830099,830101490335,38
tf_phase7_policy_standard_2026-08-20,standard_12x10_g100_vs_g99.jsonl,standard-random-12x10,standard,random-start,12x10,tf:99,tf:100,false,p1,accepted,,830099,830101490336,39
tf_phase7_policy_standard_2026-08-20,standard_12x10_g101_vs_g100.jsonl,standard-random-12x10,standard,random-start,12x10,tf:101,tf:100,true,p1,accepted,,830200,830202490600,0
tf_phase7_policy_standard_2026-08-20,standard_12x10_g101_vs_g100.jsonl,standard-random-12x10,standard,random-start,12x10,tf:100,tf:101,false,p2,accepted,,830200,830202490601,1
tf_phase7_policy_standard_2026-08-20,standard_12x10_g101_vs_g100.jsonl,standard-random-12x10,standard,random-start,12x10,tf:101,tf:100,true,p1,accepted,,830200,830202490602,2
tf_phase7_policy_standard_2026-08-20,standard_12x10_g101_vs_g100.jsonl,standard-random-12x10,standard,random-start,12x10,tf:100,tf:101,false,p2,accepted,,830200,830202490603,3
tf_phase7_policy_standard_2026-08-20,standard_12x10_g101_vs_g100.jsonl,standard-random-12x10,standard,random-start,12x10,tf:101,tf:100,true,draw,accepted,,830200,830202490604,4
tf_phase7_policy_standard_2026-08-20,standard_12x10_g101_vs_g100.jsonl,standard-random-12x10,standard,random-start,12x10,tf:100,tf:101,false,p1,accepted,,830200,830202490605,5
tf_phase7_policy_standard_2026-08-20,standard_12x10_g101_vs_g100.jsonl,standard-random-12x10,standard,random-start,12x10,tf:101,tf:100,true,p2,accepted,,830200,830202490606,6
tf_phase7_policy_standard_2026-08-20,standard_12x10_g101_vs_g100.jsonl,standard-random-12x10,standard,random-start,12x10,tf:100,tf:101,false,p1,accepted,,830200,830202490607,7
tf_phase7_policy_standard_2026-08-20,standard_12x10_g101_vs_g100.jsonl,standard-random-12x10,standard,random-start,12x10,tf:101,tf:100,true,p1,accepted,,830200,830202490608,8
tf_phase7_policy_standard_2026-08-20,standard_12x10_g101_vs_g100.jsonl,standard-random-12x10,standard,random-start,12x10,tf:100,tf:101,false,p2,accepted,,830200,830202490609,9
tf_phase7_policy_standard_2026-08-20,standard_12x10_g101_vs_g100.jsonl,standard-random-12x10,standard,random-start,12x10,tf:101,tf:100,true,p2,accepted,,830200,830202490610,10
tf_phase7_policy_standard_2026-08-20,standard_12x10_g101_vs_g100.jsonl,standard-random-12x10,standard,random-start,12x10,tf:100,tf:101,false,draw,accepted,,830200,830202490611,11
tf_phase7_policy_standard_2026-08-20,standard_12x10_g101_vs_g100.jsonl,standard-random-12x10,standard,random-start,12x10,tf:101,tf:100,true,p1,accepted,,830200,830202490612,12
tf_phase7_policy_standard_2026-08-20,standard_12x10_g101_vs_g100.jsonl,standard-random-12x10,standard,random-start,12x10,tf:100,tf:101,false,p1,accepted,,830200,830202490613,13
tf_phase7_policy_standard_2026-08-20,standard_12x10_g101_vs_g100.jsonl,standard-random-12x10,standard,random-start,12x10,tf:101,tf:100,true,draw,accepted,,830200,830202490614,14
tf_phase7_policy_standard_2026-08-20,standard_12x10_g101_vs_g100.jsonl,standard-random-12x10,standard,random-start,12x10,tf:100,tf:101,false,p1,accepted,,830200,830202490615,15
tf_phase7_policy_standard_2026-08-20,standard_12x10_g101_vs_g100.jsonl,standard-random-12x10,standard,random-start,12x10,tf:101,tf:100,true,p1,accepted,,830200,830202490616,16
tf_phase7_policy_standard_2026-08-20,standard_12x10_g101_vs_g100.jsonl,standard-random-12x10,standard,random-start,12x10,tf:100,tf:101,false,p2,accepted,,830200,830202490617,17
tf_phase7_policy_standard_2026-08-20,standard_12x10_g101_vs_g100.jsonl,standard-random-12x10,standard,random-start,12x10,tf:101,tf:100,true,p2,accepted,,830200,830202490618,18
tf_phase7_policy_standard_2026-08-20,standard_12x10_g101_vs_g100.jsonl,standard-random-12x10,standard,random-start,12x10,tf:100,tf:101,false,p2,accepted,,830200,830202490619,19
tf_phase7_policy_standard_2026-08-20,standard_12x10_g101_vs_g100.jsonl,standard-random-12x10,standard,random-start,12x10,tf:101,tf:100,true,p1,accepted,,830200,830202490620,20
tf_phase7_policy_standard_2026-08-20,standard_12x10_g101_vs_g100.jsonl,standard-random-12x10,standard,random-start,12x10,tf:100,tf:101,false,p1,accepted,,830200,830202490621,21
tf_phase7_policy_standard_2026-08-20,standard_12x10_g101_vs_g100.jsonl,standard-random-12x10,standard,random-start,12x10,tf:101,tf:100,true,p2,accepted,,830200,830202490622,22
tf_phase7_policy_standard_2026-08-20,standard_12x10_g101_vs_g100.jsonl,standard-random-12x10,standard,random-start,12x10,tf:100,tf:101,false,p2,accepted,,830200,830202490623,23
tf_phase7_policy_standard_2026-08-20,standard_12x10_g101_vs_g100.jsonl,standard-random-12x10,standard,random-start,12x10,tf:101,tf:100,true,p2,accepted,,830200,830202490624,24
tf_phase7_policy_standard_2026-08-20,standard_12x10_g101_vs_g100.jsonl,standard-random-12x10,standard,random-start,12x10,tf:100,tf:101,false,p2,accepted,,830200,830202490625,25
tf_phase7_policy_standard_2026-08-20,standard_12x10_g101_vs_g100.jsonl,standard-random-12x10,standard,random-start,12x10,tf:101,tf:100,true,p1,accepted,,830200,830202490626,26
tf_phase7_policy_standard_2026-08-20,standard_12x10_g101_vs_g100.jsonl,standard-random-12x10,standard,random-start,12x10,tf:100,tf:101,false,p2,accepted,,830200,830202490627,27
tf_phase7_policy_standard_2026-08-20,standard_12x10_g101_vs_g100.jsonl,standard-random-12x10,standard,random-start,12x10,tf:101,tf:100,true,p2,accepted,,830200,830202490628,28
tf_phase7_policy_standard_2026-08-20,standard_12x10_g101_vs_g100.jsonl,standard-random-12x10,standard,random-start,12x10,tf:100,tf:101,false,p1,accepted,,830200,830202490629,29
tf_phase7_policy_standard_2026-08-20,standard_12x10_g101_vs_g100.jsonl,standard-random-12x10,standard,random-start,12x10,tf:101,tf:100,true,p1,accepted,,830200,830202490630,30
tf_phase7_policy_standard_2026-08-20,standard_12x10_g101_vs_g100.jsonl,standard-random-12x10,standard,random-start,12x10,tf:100,tf:101,false,p1,accepted,,830200,830202490631,31
tf_phase7_policy_standard_2026-08-20,standard_12x10_g101_vs_g100.jsonl,standard-random-12x10,standard,random-start,12x10,tf:101,tf:100,true,draw,accepted,,830200,830202490632,32
tf_phase7_policy_standard_2026-08-20,standard_12x10_g101_vs_g100.jsonl,standard-random-12x10,standard,random-start,12x10,tf:100,tf:101,false,p2,accepted,,830200,830202490633,33
tf_phase7_policy_standard_2026-08-20,standard_12x10_g101_vs_g100.jsonl,standard-random-12x10,standard,random-start,12x10,tf:101,tf:100,true,p2,accepted,,830200,830202490634,34
tf_phase7_policy_standard_2026-08-20,standard_12x10_g101_vs_g100.jsonl,standard-random-12x10,standard,random-start,12x10,tf:100,tf:101,false,p1,accepted,,830200,830202490635,35
tf_phase7_policy_standard_2026-08-20,standard_12x10_g101_vs_g100.jsonl,standard-random-12x10,standard,random-start,12x10,tf:101,tf:100,true,p1,accepted,,830200,830202490636,36
tf_phase7_policy_standard_2026-08-20,standard_12x10_g101_vs_g100.jsonl,standard-random-12x10,standard,random-start,12x10,tf:100,tf:101,false,draw,accepted,,830200,830202490637,37
tf_phase7_policy_standard_2026-08-20,standard_12x10_g101_vs_g100.jsonl,standard-random-12x10,standard,random-start,12x10,tf:101,tf:100,true,p2,accepted,,830200,830202490638,38
tf_phase7_policy_standard_2026-08-20,standard_12x10_g101_vs_g100.jsonl,standard-random-12x10,standard,random-start,12x10,tf:100,tf:101,false,draw,accepted,,830200,830202490639,39
tf_phase7_policy_standard_2026-08-20,standard_12x10_g101_vs_g95.jsonl,standard-random-12x10,standard,random-start,12x10,tf:101,tf:95,true,p1,accepted,,830195,830197490585,0
tf_phase7_policy_standard_2026-08-20,standard_12x10_g101_vs_g95.jsonl,standard-random-12x10,standard,random-start,12x10,tf:95,tf:101,false,p1,accepted,,830195,830197490586,1
tf_phase7_policy_standard_2026-08-20,standard_12x10_g101_vs_g95.jsonl,standard-random-12x10,standard,random-start,12x10,tf:101,tf:95,true,p1,accepted,,830195,830197490587,2
tf_phase7_policy_standard_2026-08-20,standard_12x10_g101_vs_g95.jsonl,standard-random-12x10,standard,random-start,12x10,tf:95,tf:101,false,p1,accepted,,830195,830197490588,3
tf_phase7_policy_standard_2026-08-20,standard_12x10_g101_vs_g95.jsonl,standard-random-12x10,standard,random-start,12x10,tf:101,tf:95,true,p2,accepted,,830195,830197490589,4
tf_phase7_policy_standard_2026-08-20,standard_12x10_g101_vs_g95.jsonl,standard-random-12x10,standard,random-start,12x10,tf:95,tf:101,false,p1,accepted,,830195,830197490590,5
tf_phase7_policy_standard_2026-08-20,standard_12x10_g101_vs_g95.jsonl,standard-random-12x10,standard,random-start,12x10,tf:101,tf:95,true,p2,accepted,,830195,830197490591,6
tf_phase7_policy_standard_2026-08-20,standard_12x10_g101_vs_g95.jsonl,standard-random-12x10,standard,random-start,12x10,tf:95,tf:101,false,p2,accepted,,830195,830197490592,7
tf_phase7_policy_standard_2026-08-20,standard_12x10_g101_vs_g95.jsonl,standard-random-12x10,standard,random-start,12x10,tf:101,tf:95,true,p2,accepted,,830195,830197490593,8
tf_phase7_policy_standard_2026-08-20,standard_12x10_g101_vs_g95.jsonl,standard-random-12x10,standard,random-start,12x10,tf:95,tf:101,false,p1,accepted,,830195,830197490594,9
tf_phase7_policy_standard_2026-08-20,standard_12x10_g101_vs_g95.jsonl,standard-random-12x10,standard,random-start,12x10,tf:101,tf:95,true,p2,accepted,,830195,830197490595,10
tf_phase7_policy_standard_2026-08-20,standard_12x10_g101_vs_g95.jsonl,standard-random-12x10,standard,random-start,12x10,tf:95,tf:101,false,p2,accepted,,830195,830197490596,11
tf_phase7_policy_standard_2026-08-20,standard_12x10_g101_vs_g95.jsonl,standard-random-12x10,standard,random-start,12x10,tf:101,tf:95,true,p2,accepted,,830195,830197490597,12
tf_phase7_policy_standard_2026-08-20,standard_12x10_g101_vs_g95.jsonl,standard-random-12x10,standard,random-start,12x10,tf:95,tf:101,false,p1,accepted,,830195,830197490598,13
tf_phase7_policy_standard_2026-08-20,standard_12x10_g101_vs_g95.jsonl,standard-random-12x10,standard,random-start,12x10,tf:101,tf:95,true,p1,accepted,,830195,830197490599,14
tf_phase7_policy_standard_2026-08-20,standard_12x10_g101_vs_g95.jsonl,standard-random-12x10,standard,random-start,12x10,tf:95,tf:101,false,p2,accepted,,830195,830197490600,15
tf_phase7_policy_standard_2026-08-20,standard_12x10_g101_vs_g95.jsonl,standard-random-12x10,standard,random-start,12x10,tf:101,tf:95,true,p2,accepted,,830195,830197490601,16
tf_phase7_policy_standard_2026-08-20,standard_12x10_g101_vs_g95.jsonl,standard-random-12x10,standard,random-start,12x10,tf:95,tf:101,false,p1,accepted,,830195,830197490602,17
tf_phase7_policy_standard_2026-08-20,standard_12x10_g101_vs_g95.jsonl,standard-random-12x10,standard,random-start,12x10,tf:101,tf:95,true,p1,accepted,,830195,830197490603,18
tf_phase7_policy_standard_2026-08-20,standard_12x10_g101_vs_g95.jsonl,standard-random-12x10,standard,random-start,12x10,tf:95,tf:101,false,p1,accepted,,830195,830197490604,19
tf_phase7_policy_standard_2026-08-20,standard_12x10_g101_vs_g95.jsonl,standard-random-12x10,standard,random-start,12x10,tf:101,tf:95,true,p1,accepted,,830195,830197490605,20
tf_phase7_policy_standard_2026-08-20,standard_12x10_g101_vs_g95.jsonl,standard-random-12x10,standard,random-start,12x10,tf:95,tf:101,false,p1,accepted,,830195,830197490606,21
tf_phase7_policy_standard_2026-08-20,standard_12x10_g101_vs_g95.jsonl,standard-random-12x10,standard,random-start,12x10,tf:101,tf:95,true,p2,accepted,,830195,830197490607,22
tf_phase7_policy_standard_2026-08-20,standard_12x10_g101_vs_g95.jsonl,standard-random-12x10,standard,random-start,12x10,tf:95,tf:101,false,p1,accepted,,830195,830197490608,23
tf_phase7_policy_standard_2026-08-20,standard_12x10_g101_vs_g95.jsonl,standard-random-12x10,standard,random-start,12x10,tf:101,tf:95,true,p1,accepted,,830195,830197490609,24
tf_phase7_policy_standard_2026-08-20,standard_12x10_g101_vs_g95.jsonl,standard-random-12x10,standard,random-start,12x10,tf:95,tf:101,false,p1,accepted,,830195,830197490610,25
tf_phase7_policy_standard_2026-08-20,standard_12x10_g101_vs_g95.jsonl,standard-random-12x10,standard,random-start,12x10,tf:101,tf:95,true,p1,accepted,,830195,830197490611,26
tf_phase7_policy_standard_2026-08-20,standard_12x10_g101_vs_g95.jsonl,standard-random-12x10,standard,random-start,12x10,tf:95,tf:101,false,p1,accepted,,830195,830197490612,27
tf_phase7_policy_standard_2026-08-20,standard_12x10_g101_vs_g95.jsonl,standard-random-12x10,standard,random-start,12x10,tf:101,tf:95,true,p1,accepted,,830195,830197490613,28
tf_phase7_policy_standard_2026-08-20,standard_12x10_g101_vs_g95.jsonl,standard-random-12x10,standard,random-start,12x10,tf:95,tf:101,false,p1,accepted,,830195,830197490614,29
tf_phase7_policy_standard_2026-08-20,standard_12x10_g101_vs_g95.jsonl,standard-random-12x10,standard,random-start,12x10,tf:101,tf:95,true,p2,accepted,,830195,830197490615,30
tf_phase7_policy_standard_2026-08-20,standard_12x10_g101_vs_g95.jsonl,standard-random-12x10,standard,random-start,12x10,tf:95,tf:101,false,p2,accepted,,830195,830197490616,31
tf_phase7_policy_standard_2026-08-20,standard_12x10_g101_vs_g95.jsonl,standard-random-12x10,standard,random-start,12x10,tf:101,tf:95,true,p2,accepted,,830195,830197490617,32
tf_phase7_policy_standard_2026-08-20,standard_12x10_g101_vs_g95.jsonl,standard-random-12x10,standard,random-start,12x10,tf:95,tf:101,false,draw,accepted,,830195,830197490618,33
tf_phase7_policy_standard_2026-08-20,standard_12x10_g101_vs_g95.jsonl,standard-random-12x10,standard,random-start,12x10,tf:101,tf:95,true,p2,accepted,,830195,830197490619,34
tf_phase7_policy_standard_2026-08-20,standard_12x10_g101_vs_g95.jsonl,standard-random-12x10,standard,random-start,12x10,tf:95,tf:101,false,draw,accepted,,830195,830197490620,35
tf_phase7_policy_standard_2026-08-20,standard_12x10_g101_vs_g95.jsonl,standard-random-12x10,standard,random-start,12x10,tf:101,tf:95,true,p2,accepted,,830195,830197490621,36
tf_phase7_policy_standard_2026-08-20,standard_12x10_g101_vs_g95.jsonl,standard-random-12x10,standard,random-start,12x10,tf:95,tf:101,false,p1,accepted,,830195,830197490622,37
tf_phase7_policy_standard_2026-08-20,standard_12x10_g101_vs_g95.jsonl,standard-random-12x10,standard,random-start,12x10,tf:101,tf:95,true,p1,accepted,,830195,830197490623,38
tf_phase7_policy_standard_2026-08-20,standard_12x10_g101_vs_g95.jsonl,standard-random-12x10,standard,random-start,12x10,tf:95,tf:101,false,draw,accepted,,830195,830197490624,39
tf_phase7_policy_standard_2026-08-20,standard_12x10_g101_vs_g98.jsonl,standard-random-12x10,standard,random-start,12x10,tf:101,tf:98,true,p1,accepted,,830198,830200490594,0
tf_phase7_policy_standard_2026-08-20,standard_12x10_g101_vs_g98.jsonl,standard-random-12x10,standard,random-start,12x10,tf:98,tf:101,false,p1,accepted,,830198,830200490595,1
tf_phase7_policy_standard_2026-08-20,standard_12x10_g101_vs_g98.jsonl,standard-random-12x10,standard,random-start,12x10,tf:101,tf:98,true,draw,accepted,,830198,830200490596,2
tf_phase7_policy_standard_2026-08-20,standard_12x10_g101_vs_g98.jsonl,standard-random-12x10,standard,random-start,12x10,tf:98,tf:101,false,p1,accepted,,830198,830200490597,3
tf_phase7_policy_standard_2026-08-20,standard_12x10_g101_vs_g98.jsonl,standard-random-12x10,standard,random-start,12x10,tf:101,tf:98,true,p1,accepted,,830198,830200490598,4
tf_phase7_policy_standard_2026-08-20,standard_12x10_g101_vs_g98.jsonl,standard-random-12x10,standard,random-start,12x10,tf:98,tf:101,false,p2,accepted,,830198,830200490599,5
tf_phase7_policy_standard_2026-08-20,standard_12x10_g101_vs_g98.jsonl,standard-random-12x10,standard,random-start,12x10,tf:101,tf:98,true,p2,accepted,,830198,830200490600,6
tf_phase7_policy_standard_2026-08-20,standard_12x10_g101_vs_g98.jsonl,standard-random-12x10,standard,random-start,12x10,tf:98,tf:101,false,p2,accepted,,830198,830200490601,7
tf_phase7_policy_standard_2026-08-20,standard_12x10_g101_vs_g98.jsonl,standard-random-12x10,standard,random-start,12x10,tf:101,tf:98,true,p2,accepted,,830198,830200490602,8
tf_phase7_policy_standard_2026-08-20,standard_12x10_g101_vs_g98.jsonl,standard-random-12x10,standard,random-start,12x10,tf:98,tf:101,false,p1,accepted,,830198,830200490603,9
tf_phase7_policy_standard_2026-08-20,standard_12x10_g101_vs_g98.jsonl,standard-random-12x10,standard,random-start,12x10,tf:101,tf:98,true,p1,accepted,,830198,830200490604,10
tf_phase7_policy_standard_2026-08-20,standard_12x10_g101_vs_g98.jsonl,standard-random-12x10,standard,random-start,12x10,tf:98,tf:101,false,p2,accepted,,830198,830200490605,11
tf_phase7_policy_standard_2026-08-20,standard_12x10_g101_vs_g98.jsonl,standard-random-12x10,standard,random-start,12x10,tf:101,tf:98,true,p1,accepted,,830198,830200490606,12
tf_phase7_policy_standard_2026-08-20,standard_12x10_g101_vs_g98.jsonl,standard-random-12x10,standard,random-start,12x10,tf:98,tf:101,false,p2,accepted,,830198,830200490607,13
tf_phase7_policy_standard_2026-08-20,standard_12x10_g101_vs_g98.jsonl,standard-random-12x10,standard,random-start,12x10,tf:101,tf:98,true,draw,accepted,,830198,830200490608,14
tf_phase7_policy_standard_2026-08-20,standard_12x10_g101_vs_g98.jsonl,standard-random-12x10,standard,random-start,12x10,tf:98,tf:101,false,p2,accepted,,830198,830200490609,15
tf_phase7_policy_standard_2026-08-20,standard_12x10_g101_vs_g98.jsonl,standard-random-12x10,standard,random-start,12x10,tf:101,tf:98,true,p2,accepted,,830198,830200490610,16
tf_phase7_policy_standard_2026-08-20,standard_12x10_g101_vs_g98.jsonl,standard-random-12x10,standard,random-start,12x10,tf:98,tf:101,false,p1,accepted,,830198,830200490611,17
tf_phase7_policy_standard_2026-08-20,standard_12x10_g101_vs_g98.jsonl,standard-random-12x10,standard,random-start,12x10,tf:101,tf:98,true,p2,accepted,,830198,830200490612,18
tf_phase7_policy_standard_2026-08-20,standard_12x10_g101_vs_g98.jsonl,standard-random-12x10,standard,random-start,12x10,tf:98,tf:101,false,p2,accepted,,830198,830200490613,19
tf_phase7_policy_standard_2026-08-20,standard_12x10_g101_vs_g98.jsonl,standard-random-12x10,standard,random-start,12x10,tf:101,tf:98,true,p1,accepted,,830198,830200490614,20
tf_phase7_policy_standard_2026-08-20,standard_12x10_g101_vs_g98.jsonl,standard-random-12x10,standard,random-start,12x10,tf:98,tf:101,false,p2,accepted,,830198,830200490615,21
tf_phase7_policy_standard_2026-08-20,standard_12x10_g101_vs_g98.jsonl,standard-random-12x10,standard,random-start,12x10,tf:101,tf:98,true,p1,accepted,,830198,830200490616,22
tf_phase7_policy_standard_2026-08-20,standard_12x10_g101_vs_g98.jsonl,standard-random-12x10,standard,random-start,12x10,tf:98,tf:101,false,p1,accepted,,830198,830200490617,23
tf_phase7_policy_standard_2026-08-20,standard_12x10_g101_vs_g98.jsonl,standard-random-12x10,standard,random-start,12x10,tf:101,tf:98,true,p1,accepted,,830198,830200490618,24
tf_phase7_policy_standard_2026-08-20,standard_12x10_g101_vs_g98.jsonl,standard-random-12x10,standard,random-start,12x10,tf:98,tf:101,false,draw,accepted,,830198,830200490619,25
tf_phase7_policy_standard_2026-08-20,standard_12x10_g101_vs_g98.jsonl,standard-random-12x10,standard,random-start,12x10,tf:101,tf:98,true,draw,accepted,,830198,830200490620,26
tf_phase7_policy_standard_2026-08-20,standard_12x10_g101_vs_g98.jsonl,standard-random-12x10,standard,random-start,12x10,tf:98,tf:101,false,p2,accepted,,830198,830200490621,27
tf_phase7_policy_standard_2026-08-20,standard_12x10_g101_vs_g98.jsonl,standard-random-12x10,standard,random-start,12x10,tf:101,tf:98,true,p2,accepted,,830198,830200490622,28
tf_phase7_policy_standard_2026-08-20,standard_12x10_g101_vs_g98.jsonl,standard-random-12x10,standard,random-start,12x10,tf:98,tf:101,false,p1,accepted,,830198,830200490623,29
tf_phase7_policy_standard_2026-08-20,standard_12x10_g101_vs_g98.jsonl,standard-random-12x10,standard,random-start,12x10,tf:101,tf:98,true,p2,accepted,,830198,830200490624,30
tf_phase7_policy_standard_2026-08-20,standard_12x10_g101_vs_g98.jsonl,standard-random-12x10,standard,random-start,12x10,tf:98,tf:101,false,p1,accepted,,830198,830200490625,31
tf_phase7_policy_standard_2026-08-20,standard_12x10_g101_vs_g98.jsonl,standard-random-12x10,standard,random-start,12x10,tf:101,tf:98,true,p2,accepted,,830198,830200490626,32
tf_phase7_policy_standard_2026-08-20,standard_12x10_g101_vs_g98.jsonl,standard-random-12x10,standard,random-start,12x10,tf:98,tf:101,false,p1,accepted,,830198,830200490627,33
tf_phase7_policy_standard_2026-08-20,standard_12x10_g101_vs_g98.jsonl,standard-random-12x10,standard,random-start,12x10,tf:101,tf:98,true,p2,accepted,,830198,830200490628,34
tf_phase7_policy_standard_2026-08-20,standard_12x10_g101_vs_g98.jsonl,standard-random-12x10,standard,random-start,12x10,tf:98,tf:101,false,p1,accepted,,830198,830200490629,35
tf_phase7_policy_standard_2026-08-20,standard_12x10_g101_vs_g98.jsonl,standard-random-12x10,standard,random-start,12x10,tf:101,tf:98,true,p2,accepted,,830198,830200490630,36
tf_phase7_policy_standard_2026-08-20,standard_12x10_g101_vs_g98.jsonl,standard-random-12x10,standard,random-start,12x10,tf:98,tf:101,false,p1,accepted,,830198,830200490631,37
tf_phase7_policy_standard_2026-08-20,standard_12x10_g101_vs_g98.jsonl,standard-random-12x10,standard,random-start,12x10,tf:101,tf:98,true,p1,accepted,,830198,830200490632,38
tf_phase7_policy_standard_2026-08-20,standard_12x10_g101_vs_g98.jsonl,standard-random-12x10,standard,random-start,12x10,tf:98,tf:101,false,p1,accepted,,830198,830200490633,39
tf_phase7_policy_standard_2026-08-20,standard_12x10_g102_vs_g101.jsonl,standard-random-12x10,standard,random-start,12x10,tf:102,tf:101,true,draw,accepted,,830301,830303490903,0
tf_phase7_policy_standard_2026-08-20,standard_12x10_g102_vs_g101.jsonl,standard-random-12x10,standard,random-start,12x10,tf:101,tf:102,false,p2,accepted,,830301,830303490904,1
tf_phase7_policy_standard_2026-08-20,standard_12x10_g102_vs_g101.jsonl,standard-random-12x10,standard,random-start,12x10,tf:102,tf:101,true,draw,accepted,,830301,830303490905,2
tf_phase7_policy_standard_2026-08-20,standard_12x10_g102_vs_g101.jsonl,standard-random-12x10,standard,random-start,12x10,tf:101,tf:102,false,p1,accepted,,830301,830303490906,3
tf_phase7_policy_standard_2026-08-20,standard_12x10_g102_vs_g101.jsonl,standard-random-12x10,standard,random-start,12x10,tf:102,tf:101,true,p1,accepted,,830301,830303490907,4
tf_phase7_policy_standard_2026-08-20,standard_12x10_g102_vs_g101.jsonl,standard-random-12x10,standard,random-start,12x10,tf:101,tf:102,false,p1,accepted,,830301,830303490908,5
tf_phase7_policy_standard_2026-08-20,standard_12x10_g102_vs_g101.jsonl,standard-random-12x10,standard,random-start,12x10,tf:102,tf:101,true,p1,accepted,,830301,830303490909,6
tf_phase7_policy_standard_2026-08-20,standard_12x10_g102_vs_g101.jsonl,standard-random-12x10,standard,random-start,12x10,tf:101,tf:102,false,p1,accepted,,830301,830303490910,7
tf_phase7_policy_standard_2026-08-20,standard_12x10_g102_vs_g101.jsonl,standard-random-12x10,standard,random-start,12x10,tf:102,tf:101,true,draw,accepted,,830301,830303490911,8
tf_phase7_policy_standard_2026-08-20,standard_12x10_g102_vs_g101.jsonl,standard-random-12x10,standard,random-start,12x10,tf:101,tf:102,false,p2,accepted,,830301,830303490912,9
tf_phase7_policy_standard_2026-08-20,standard_12x10_g102_vs_g101.jsonl,standard-random-12x10,standard,random-start,12x10,tf:102,tf:101,true,p2,accepted,,830301,830303490913,10
tf_phase7_policy_standard_2026-08-20,standard_12x10_g102_vs_g101.jsonl,standard-random-12x10,standard,random-start,12x10,tf:101,tf:102,false,p2,accepted,,830301,830303490914,11
tf_phase7_policy_standard_2026-08-20,standard_12x10_g102_vs_g101.jsonl,standard-random-12x10,standard,random-start,12x10,tf:102,tf:101,true,p1,accepted,,830301,830303490915,12
tf_phase7_policy_standard_2026-08-20,standard_12x10_g102_vs_g101.jsonl,standard-random-12x10,standard,random-start,12x10,tf:101,tf:102,false,p2,accepted,,830301,830303490916,13
tf_phase7_policy_standard_2026-08-20,standard_12x10_g102_vs_g101.jsonl,standard-random-12x10,standard,random-start,12x10,tf:102,tf:101,true,p2,accepted,,830301,830303490917,14
tf_phase7_policy_standard_2026-08-20,standard_12x10_g102_vs_g101.jsonl,standard-random-12x10,standard,random-start,12x10,tf:101,tf:102,false,p1,accepted,,830301,830303490918,15
tf_phase7_policy_standard_2026-08-20,standard_12x10_g102_vs_g101.jsonl,standard-random-12x10,standard,random-start,12x10,tf:102,tf:101,true,p1,accepted,,830301,830303490919,16
tf_phase7_policy_standard_2026-08-20,standard_12x10_g102_vs_g101.jsonl,standard-random-12x10,standard,random-start,12x10,tf:101,tf:102,false,p1,accepted,,830301,830303490920,17
tf_phase7_policy_standard_2026-08-20,standard_12x10_g102_vs_g101.jsonl,standard-random-12x10,standard,random-start,12x10,tf:102,tf:101,true,draw,accepted,,830301,830303490921,18
tf_phase7_policy_standard_2026-08-20,standard_12x10_g102_vs_g101.jsonl,standard-random-12x10,standard,random-start,12x10,tf:101,tf:102,false,p1,accepted,,830301,830303490922,19
tf_phase7_policy_standard_2026-08-20,standard_12x10_g102_vs_g101.jsonl,standard-random-12x10,standard,random-start,12x10,tf:102,tf:101,true,p1,accepted,,830301,830303490923,20
tf_phase7_policy_standard_2026-08-20,standard_12x10_g102_vs_g101.jsonl,standard-random-12x10,standard,random-start,12x10,tf:101,tf:102,false,p1,accepted,,830301,830303490924,21
tf_phase7_policy_standard_2026-08-20,standard_12x10_g102_vs_g101.jsonl,standard-random-12x10,standard,random-start,12x10,tf:102,tf:101,true,p2,accepted,,830301,830303490925,22
tf_phase7_policy_standard_2026-08-20,standard_12x10_g102_vs_g101.jsonl,standard-random-12x10,standard,random-start,12x10,tf:101,tf:102,false,p1,accepted,,830301,830303490926,23
tf_phase7_policy_standard_2026-08-20,standard_12x10_g102_vs_g101.jsonl,standard-random-12x10,standard,random-start,12x10,tf:102,tf:101,true,p1,accepted,,830301,830303490927,24
tf_phase7_policy_standard_2026-08-20,standard_12x10_g102_vs_g101.jsonl,standard-random-12x10,standard,random-start,12x10,tf:101,tf:102,false,p2,accepted,,830301,830303490928,25
tf_phase7_policy_standard_2026-08-20,standard_12x10_g102_vs_g101.jsonl,standard-random-12x10,standard,random-start,12x10,tf:102,tf:101,true,p1,accepted,,830301,830303490929,26
tf_phase7_policy_standard_2026-08-20,standard_12x10_g102_vs_g101.jsonl,standard-random-12x10,standard,random-start,12x10,tf:101,tf:102,false,p2,accepted,,830301,830303490930,27
tf_phase7_policy_standard_2026-08-20,standard_12x10_g102_vs_g101.jsonl,standard-random-12x10,standard,random-start,12x10,tf:102,tf:101,true,p2,accepted,,830301,830303490931,28
tf_phase7_policy_standard_2026-08-20,standard_12x10_g102_vs_g101.jsonl,standard-random-12x10,standard,random-start,12x10,tf:101,tf:102,false,p1,accepted,,830301,830303490932,29
tf_phase7_policy_standard_2026-08-20,standard_12x10_g102_vs_g101.jsonl,standard-random-12x10,standard,random-start,12x10,tf:102,tf:101,true,draw,accepted,,830301,830303490933,30
tf_phase7_policy_standard_2026-08-20,standard_12x10_g102_vs_g101.jsonl,standard-random-12x10,standard,random-start,12x10,tf:101,tf:102,false,p1,accepted,,830301,830303490934,31
tf_phase7_policy_standard_2026-08-20,standard_12x10_g102_vs_g101.jsonl,standard-random-12x10,standard,random-start,12x10,tf:102,tf:101,true,p2,accepted,,830301,830303490935,32
tf_phase7_policy_standard_2026-08-20,standard_12x10_g102_vs_g101.jsonl,standard-random-12x10,standard,random-start,12x10,tf:101,tf:102,false,p2,accepted,,830301,830303490936,33
tf_phase7_policy_standard_2026-08-20,standard_12x10_g102_vs_g101.jsonl,standard-random-12x10,standard,random-start,12x10,tf:102,tf:101,true,p2,accepted,,830301,830303490937,34
tf_phase7_policy_standard_2026-08-20,standard_12x10_g102_vs_g101.jsonl,standard-random-12x10,standard,random-start,12x10,tf:101,tf:102,false,p1,accepted,,830301,830303490938,35
tf_phase7_policy_standard_2026-08-20,standard_12x10_g102_vs_g101.jsonl,standard-random-12x10,standard,random-start,12x10,tf:102,tf:101,true,p2,accepted,,830301,830303490939,36
tf_phase7_policy_standard_2026-08-20,standard_12x10_g102_vs_g101.jsonl,standard-random-12x10,standard,random-start,12x10,tf:101,tf:102,false,draw,accepted,,830301,830303490940,37
tf_phase7_policy_standard_2026-08-20,standard_12x10_g102_vs_g101.jsonl,standard-random-12x10,standard,random-start,12x10,tf:102,tf:101,true,p1,accepted,,830301,830303490941,38
tf_phase7_policy_standard_2026-08-20,standard_12x10_g102_vs_g101.jsonl,standard-random-12x10,standard,random-start,12x10,tf:101,tf:102,false,p1,accepted,,830301,830303490942,39
tf_phase7_policy_standard_2026-08-20,standard_12x10_g102_vs_g96.jsonl,standard-random-12x10,standard,random-start,12x10,tf:102,tf:96,true,p2,accepted,,830296,830298490888,0
tf_phase7_policy_standard_2026-08-20,standard_12x10_g102_vs_g96.jsonl,standard-random-12x10,standard,random-start,12x10,tf:96,tf:102,false,p1,accepted,,830296,830298490889,1
tf_phase7_policy_standard_2026-08-20,standard_12x10_g102_vs_g96.jsonl,standard-random-12x10,standard,random-start,12x10,tf:102,tf:96,true,p1,accepted,,830296,830298490890,2
tf_phase7_policy_standard_2026-08-20,standard_12x10_g102_vs_g96.jsonl,standard-random-12x10,standard,random-start,12x10,tf:96,tf:102,false,p2,accepted,,830296,830298490891,3
tf_phase7_policy_standard_2026-08-20,standard_12x10_g102_vs_g96.jsonl,standard-random-12x10,standard,random-start,12x10,tf:102,tf:96,true,p1,accepted,,830296,830298490892,4
tf_phase7_policy_standard_2026-08-20,standard_12x10_g102_vs_g96.jsonl,standard-random-12x10,standard,random-start,12x10,tf:96,tf:102,false,p2,accepted,,830296,830298490893,5
tf_phase7_policy_standard_2026-08-20,standard_12x10_g102_vs_g96.jsonl,standard-random-12x10,standard,random-start,12x10,tf:102,tf:96,true,p2,accepted,,830296,830298490894,6
tf_phase7_policy_standard_2026-08-20,standard_12x10_g102_vs_g96.jsonl,standard-random-12x10,standard,random-start,12x10,tf:96,tf:102,false,p1,accepted,,830296,830298490895,7
tf_phase7_policy_standard_2026-08-20,standard_12x10_g102_vs_g96.jsonl,standard-random-12x10,standard,random-start,12x10,tf:102,tf:96,true,p2,accepted,,830296,830298490896,8
tf_phase7_policy_standard_2026-08-20,standard_12x10_g102_vs_g96.jsonl,standard-random-12x10,standard,random-start,12x10,tf:96,tf:102,false,p1,accepted,,830296,830298490897,9
tf_phase7_policy_standard_2026-08-20,standard_12x10_g102_vs_g96.jsonl,standard-random-12x10,standard,random-start,12x10,tf:102,tf:96,true,draw,accepted,,830296,830298490898,10
tf_phase7_policy_standard_2026-08-20,standard_12x10_g102_vs_g96.jsonl,standard-random-12x10,standard,random-start,12x10,tf:96,tf:102,false,p2,accepted,,830296,830298490899,11
tf_phase7_policy_standard_2026-08-20,standard_12x10_g102_vs_g96.jsonl,standard-random-12x10,standard,random-start,12x10,tf:102,tf:96,true,draw,accepted,,830296,830298490900,12
tf_phase7_policy_standard_2026-08-20,standard_12x10_g102_vs_g96.jsonl,standard-random-12x10,standard,random-start,12x10,tf:96,tf:102,false,p1,accepted,,830296,830298490901,13
tf_phase7_policy_standard_2026-08-20,standard_12x10_g102_vs_g96.jsonl,standard-random-12x10,standard,random-start,12x10,tf:102,tf:96,true,p1,accepted,,830296,830298490902,14
tf_phase7_policy_standard_2026-08-20,standard_12x10_g102_vs_g96.jsonl,standard-random-12x10,standard,random-start,12x10,tf:96,tf:102,false,p2,accepted,,830296,830298490903,15
tf_phase7_policy_standard_2026-08-20,standard_12x10_g102_vs_g96.jsonl,standard-random-12x10,standard,random-start,12x10,tf:102,tf:96,true,draw,accepted,,830296,830298490904,16
tf_phase7_policy_standard_2026-08-20,standard_12x10_g102_vs_g96.jsonl,standard-random-12x10,standard,random-start,12x10,tf:96,tf:102,false,p2,accepted,,830296,830298490905,17
tf_phase7_policy_standard_2026-08-20,standard_12x10_g102_vs_g96.jsonl,standard-random-12x10,standard,random-start,12x10,tf:102,tf:96,true,p2,accepted,,830296,830298490906,18
tf_phase7_policy_standard_2026-08-20,standard_12x10_g102_vs_g96.jsonl,standard-random-12x10,standard,random-start,12x10,tf:96,tf:102,false,p1,accepted,,830296,830298490907,19
tf_phase7_policy_standard_2026-08-20,standard_12x10_g102_vs_g96.jsonl,standard-random-12x10,standard,random-start,12x10,tf:102,tf:96,true,draw,accepted,,830296,830298490908,20
tf_phase7_policy_standard_2026-08-20,standard_12x10_g102_vs_g96.jsonl,standard-random-12x10,standard,random-start,12x10,tf:96,tf:102,false,p2,accepted,,830296,830298490909,21
tf_phase7_policy_standard_2026-08-20,standard_12x10_g102_vs_g96.jsonl,standard-random-12x10,standard,random-start,12x10,tf:102,tf:96,true,p1,accepted,,830296,830298490910,22
tf_phase7_policy_standard_2026-08-20,standard_12x10_g102_vs_g96.jsonl,standard-random-12x10,standard,random-start,12x10,tf:96,tf:102,false,p2,accepted,,830296,830298490911,23
tf_phase7_policy_standard_2026-08-20,standard_12x10_g102_vs_g96.jsonl,standard-random-12x10,standard,random-start,12x10,tf:102,tf:96,true,p1,accepted,,830296,830298490912,24
tf_phase7_policy_standard_2026-08-20,standard_12x10_g102_vs_g96.jsonl,standard-random-12x10,standard,random-start,12x10,tf:96,tf:102,false,p2,accepted,,830296,830298490913,25
tf_phase7_policy_standard_2026-08-20,standard_12x10_g102_vs_g96.jsonl,standard-random-12x10,standard,random-start,12x10,tf:102,tf:96,true,p2,accepted,,830296,830298490914,26
tf_phase7_policy_standard_2026-08-20,standard_12x10_g102_vs_g96.jsonl,standard-random-12x10,standard,random-start,12x10,tf:96,tf:102,false,p2,accepted,,830296,830298490915,27
tf_phase7_policy_standard_2026-08-20,standard_12x10_g102_vs_g96.jsonl,standard-random-12x10,standard,random-start,12x10,tf:102,tf:96,true,p1,accepted,,830296,830298490916,28
tf_phase7_policy_standard_2026-08-20,standard_12x10_g102_vs_g96.jsonl,standard-random-12x10,standard,random-start,12x10,tf:96,tf:102,false,p1,accepted,,830296,830298490917,29
tf_phase7_policy_standard_2026-08-20,standard_12x10_g102_vs_g96.jsonl,standard-random-12x10,standard,random-start,12x10,tf:102,tf:96,true,p2,accepted,,830296,830298490918,30
tf_phase7_policy_standard_2026-08-20,standard_12x10_g102_vs_g96.jsonl,standard-random-12x10,standard,random-start,12x10,tf:96,tf:102,false,p1,accepted,,830296,830298490919,31
tf_phase7_policy_standard_2026-08-20,standard_12x10_g102_vs_g96.jsonl,standard-random-12x10,standard,random-start,12x10,tf:102,tf:96,true,p2,accepted,,830296,830298490920,32
tf_phase7_policy_standard_2026-08-20,standard_12x10_g102_vs_g96.jsonl,standard-random-12x10,standard,random-start,12x10,tf:96,tf:102,false,p2,accepted,,830296,830298490921,33
tf_phase7_policy_standard_2026-08-20,standard_12x10_g102_vs_g96.jsonl,standard-random-12x10,standard,random-start,12x10,tf:102,tf:96,true,p2,accepted,,830296,830298490922,34
tf_phase7_policy_standard_2026-08-20,standard_12x10_g102_vs_g96.jsonl,standard-random-12x10,standard,random-start,12x10,tf:96,tf:102,false,p2,accepted,,830296,830298490923,35
tf_phase7_policy_standard_2026-08-20,standard_12x10_g102_vs_g96.jsonl,standard-random-12x10,standard,random-start,12x10,tf:102,tf:96,true,draw,accepted,,830296,830298490924,36
tf_phase7_policy_standard_2026-08-20,standard_12x10_g102_vs_g96.jsonl,standard-random-12x10,standard,random-start,12x10,tf:96,tf:102,false,draw,accepted,,830296,830298490925,37
tf_phase7_policy_standard_2026-08-20,standard_12x10_g102_vs_g96.jsonl,standard-random-12x10,standard,random-start,12x10,tf:102,tf:96,true,draw,accepted,,830296,830298490926,38
tf_phase7_policy_standard_2026-08-20,standard_12x10_g102_vs_g96.jsonl,standard-random-12x10,standard,random-start,12x10,tf:96,tf:102,false,p1,accepted,,830296,830298490927,39
tf_phase7_policy_standard_2026-08-20,standard_12x10_g102_vs_g99.jsonl,standard-random-12x10,standard,random-start,12x10,tf:102,tf:99,true,p2,accepted,,830299,830301490897,0
tf_phase7_policy_standard_2026-08-20,standard_12x10_g102_vs_g99.jsonl,standard-random-12x10,standard,random-start,12x10,tf:99,tf:102,false,draw,accepted,,830299,830301490898,1
tf_phase7_policy_standard_2026-08-20,standard_12x10_g102_vs_g99.jsonl,standard-random-12x10,standard,random-start,12x10,tf:102,tf:99,true,p1,accepted,,830299,830301490899,2
tf_phase7_policy_standard_2026-08-20,standard_12x10_g102_vs_g99.jsonl,standard-random-12x10,standard,random-start,12x10,tf:99,tf:102,false,p1,accepted,,830299,830301490900,3
tf_phase7_policy_standard_2026-08-20,standard_12x10_g102_vs_g99.jsonl,standard-random-12x10,standard,random-start,12x10,tf:102,tf:99,true,p1,accepted,,830299,830301490901,4
tf_phase7_policy_standard_2026-08-20,standard_12x10_g102_vs_g99.jsonl,standard-random-12x10,standard,random-start,12x10,tf:99,tf:102,false,p2,accepted,,830299,830301490902,5
tf_phase7_policy_standard_2026-08-20,standard_12x10_g102_vs_g99.jsonl,standard-random-12x10,standard,random-start,12x10,tf:102,tf:99,true,p1,accepted,,830299,830301490903,6
tf_phase7_policy_standard_2026-08-20,standard_12x10_g102_vs_g99.jsonl,standard-random-12x10,standard,random-start,12x10,tf:99,tf:102,false,draw,accepted,,830299,830301490904,7
tf_phase7_policy_standard_2026-08-20,standard_12x10_g102_vs_g99.jsonl,standard-random-12x10,standard,random-start,12x10,tf:102,tf:99,true,p1,accepted,,830299,830301490905,8
tf_phase7_policy_standard_2026-08-20,standard_12x10_g102_vs_g99.jsonl,standard-random-12x10,standard,random-start,12x10,tf:99,tf:102,false,p2,accepted,,830299,830301490906,9
tf_phase7_policy_standard_2026-08-20,standard_12x10_g102_vs_g99.jsonl,standard-random-12x10,standard,random-start,12x10,tf:102,tf:99,true,p1,accepted,,830299,830301490907,10
tf_phase7_policy_standard_2026-08-20,standard_12x10_g102_vs_g99.jsonl,standard-random-12x10,standard,random-start,12x10,tf:99,tf:102,false,p1,accepted,,830299,830301490908,11
tf_phase7_policy_standard_2026-08-20,standard_12x10_g102_vs_g99.jsonl,standard-random-12x10,standard,random-start,12x10,tf:102,tf:99,true,p2,accepted,,830299,830301490909,12
tf_phase7_policy_standard_2026-08-20,standard_12x10_g102_vs_g99.jsonl,standard-random-12x10,standard,random-start,12x10,tf:99,tf:102,false,p1,accepted,,830299,830301490910,13
tf_phase7_policy_standard_2026-08-20,standard_12x10_g102_vs_g99.jsonl,standard-random-12x10,standard,random-start,12x10,tf:102,tf:99,true,draw,accepted,,830299,830301490911,14
tf_phase7_policy_standard_2026-08-20,standard_12x10_g102_vs_g99.jsonl,standard-random-12x10,standard,random-start,12x10,tf:99,tf:102,false,p2,accepted,,830299,830301490912,15
tf_phase7_policy_standard_2026-08-20,standard_12x10_g102_vs_g99.jsonl,standard-random-12x10,standard,random-start,12x10,tf:102,tf:99,true,p1,accepted,,830299,830301490913,16
tf_phase7_policy_standard_2026-08-20,standard_12x10_g102_vs_g99.jsonl,standard-random-12x10,standard,random-start,12x10,tf:99,tf:102,false,p1,accepted,,830299,830301490914,17
tf_phase7_policy_standard_2026-08-20,standard_12x10_g102_vs_g99.jsonl,standard-random-12x10,standard,random-start,12x10,tf:102,tf:99,true,p1,accepted,,830299,830301490915,18
tf_phase7_policy_standard_2026-08-20,standard_12x10_g102_vs_g99.jsonl,standard-random-12x10,standard,random-start,12x10,tf:99,tf:102,false,p2,accepted,,830299,830301490916,19
tf_phase7_policy_standard_2026-08-20,standard_12x10_g102_vs_g99.jsonl,standard-random-12x10,standard,random-start,12x10,tf:102,tf:99,true,draw,accepted,,830299,830301490917,20
tf_phase7_policy_standard_2026-08-20,standard_12x10_g102_vs_g99.jsonl,standard-random-12x10,standard,random-start,12x10,tf:99,tf:102,false,draw,accepted,,830299,830301490918,21
tf_phase7_policy_standard_2026-08-20,standard_12x10_g102_vs_g99.jsonl,standard-random-12x10,standard,random-start,12x10,tf:102,tf:99,true,p2,accepted,,830299,830301490919,22
tf_phase7_policy_standard_2026-08-20,standard_12x10_g102_vs_g99.jsonl,standard-random-12x10,standard,random-start,12x10,tf:99,tf:102,false,p1,accepted,,830299,830301490920,23
tf_phase7_policy_standard_2026-08-20,standard_12x10_g102_vs_g99.jsonl,standard-random-12x10,standard,random-start,12x10,tf:102,tf:99,true,p1,accepted,,830299,830301490921,24
tf_phase7_policy_standard_2026-08-20,standard_12x10_g102_vs_g99.jsonl,standard-random-12x10,standard,random-start,12x10,tf:99,tf:102,false,draw,accepted,,830299,830301490922,25
tf_phase7_policy_standard_2026-08-20,standard_12x10_g102_vs_g99.jsonl,standard-random-12x10,standard,random-start,12x10,tf:102,tf:99,true,p2,accepted,,830299,830301490923,26
tf_phase7_policy_standard_2026-08-20,standard_12x10_g102_vs_g99.jsonl,standard-random-12x10,standard,random-start,12x10,tf:99,tf:102,false,p1,accepted,,830299,830301490924,27
tf_phase7_policy_standard_2026-08-20,standard_12x10_g102_vs_g99.jsonl,standard-random-12x10,standard,random-start,12x10,tf:102,tf:99,true,p1,accepted,,830299,830301490925,28
tf_phase7_policy_standard_2026-08-20,standard_12x10_g102_vs_g99.jsonl,standard-random-12x10,standard,random-start,12x10,tf:99,tf:102,false,p1,accepted,,830299,830301490926,29
tf_phase7_policy_standard_2026-08-20,standard_12x10_g102_vs_g99.jsonl,standard-random-12x10,standard,random-start,12x10,tf:102,tf:99,true,p2,accepted,,830299,830301490927,30
tf_phase7_policy_standard_2026-08-20,standard_12x10_g102_vs_g99.jsonl,standard-random-12x10,standard,random-start,12x10,tf:99,tf:102,false,p1,accepted,,830299,830301490928,31
tf_phase7_policy_standard_2026-08-20,standard_12x10_g102_vs_g99.jsonl,standard-random-12x10,standard,random-start,12x10,tf:102,tf:99,true,p2,accepted,,830299,830301490929,32
tf_phase7_policy_standard_2026-08-20,standard_12x10_g102_vs_g99.jsonl,standard-random-12x10,standard,random-start,12x10,tf:99,tf:102,false,p1,accepted,,830299,830301490930,33
tf_phase7_policy_standard_2026-08-20,standard_12x10_g102_vs_g99.jsonl,standard-random-12x10,standard,random-start,12x10,tf:102,tf:99,true,draw,accepted,,830299,830301490931,34
tf_phase7_policy_standard_2026-08-20,standard_12x10_g102_vs_g99.jsonl,standard-random-12x10,standard,random-start,12x10,tf:99,tf:102,false,p1,accepted,,830299,830301490932,35
tf_phase7_policy_standard_2026-08-20,standard_12x10_g102_vs_g99.jsonl,standard-random-12x10,standard,random-start,12x10,tf:102,tf:99,true,p2,accepted,,830299,830301490933,36
tf_phase7_policy_standard_2026-08-20,standard_12x10_g102_vs_g99.jsonl,standard-random-12x10,standard,random-start,12x10,tf:99,tf:102,false,p2,accepted,,830299,830301490934,37
tf_phase7_policy_standard_2026-08-20,standard_12x10_g102_vs_g99.jsonl,standard-random-12x10,standard,random-start,12x10,tf:102,tf:99,true,p1,accepted,,830299,830301490935,38
tf_phase7_policy_standard_2026-08-20,standard_12x10_g102_vs_g99.jsonl,standard-random-12x10,standard,random-start,12x10,tf:99,tf:102,false,p2,accepted,,830299,830301490936,39
tf_phase7_policy_standard_2026-08-20,standard_12x10_g103_vs_g100.jsonl,standard-random-12x10,standard,random-start,12x10,tf:103,tf:100,true,p2,accepted,,830400,830402491200,0
tf_phase7_policy_standard_2026-08-20,standard_12x10_g103_vs_g100.jsonl,standard-random-12x10,standard,random-start,12x10,tf:100,tf:103,false,p2,accepted,,830400,830402491201,1
tf_phase7_policy_standard_2026-08-20,standard_12x10_g103_vs_g100.jsonl,standard-random-12x10,standard,random-start,12x10,tf:103,tf:100,true,p2,accepted,,830400,830402491202,2
tf_phase7_policy_standard_2026-08-20,standard_12x10_g103_vs_g100.jsonl,standard-random-12x10,standard,random-start,12x10,tf:100,tf:103,false,p1,accepted,,830400,830402491203,3
tf_phase7_policy_standard_2026-08-20,standard_12x10_g103_vs_g100.jsonl,standard-random-12x10,standard,random-start,12x10,tf:103,tf:100,true,p1,accepted,,830400,830402491204,4
tf_phase7_policy_standard_2026-08-20,standard_12x10_g103_vs_g100.jsonl,standard-random-12x10,standard,random-start,12x10,tf:100,tf:103,false,draw,accepted,,830400,830402491205,5
tf_phase7_policy_standard_2026-08-20,standard_12x10_g103_vs_g100.jsonl,standard-random-12x10,standard,random-start,12x10,tf:103,tf:100,true,p1,accepted,,830400,830402491206,6
tf_phase7_policy_standard_2026-08-20,standard_12x10_g103_vs_g100.jsonl,standard-random-12x10,standard,random-start,12x10,tf:100,tf:103,false,p2,accepted,,830400,830402491207,7
tf_phase7_policy_standard_2026-08-20,standard_12x10_g103_vs_g100.jsonl,standard-random-12x10,standard,random-start,12x10,tf:103,tf:100,true,p2,accepted,,830400,830402491208,8
tf_phase7_policy_standard_2026-08-20,standard_12x10_g103_vs_g100.jsonl,standard-random-12x10,standard,random-start,12x10,tf:100,tf:103,false,p1,accepted,,830400,830402491209,9
tf_phase7_policy_standard_2026-08-20,standard_12x10_g103_vs_g100.jsonl,standard-random-12x10,standard,random-start,12x10,tf:103,tf:100,true,p1,accepted,,830400,830402491210,10
tf_phase7_policy_standard_2026-08-20,standard_12x10_g103_vs_g100.jsonl,standard-random-12x10,standard,random-start,12x10,tf:100,tf:103,false,p1,accepted,,830400,830402491211,11
tf_phase7_policy_standard_2026-08-20,standard_12x10_g103_vs_g100.jsonl,standard-random-12x10,standard,random-start,12x10,tf:103,tf:100,true,p2,accepted,,830400,830402491212,12
tf_phase7_policy_standard_2026-08-20,standard_12x10_g103_vs_g100.jsonl,standard-random-12x10,standard,random-start,12x10,tf:100,tf:103,false,p1,accepted,,830400,830402491213,13
tf_phase7_policy_standard_2026-08-20,standard_12x10_g103_vs_g100.jsonl,standard-random-12x10,standard,random-start,12x10,tf:103,tf:100,true,p1,accepted,,830400,830402491214,14
tf_phase7_policy_standard_2026-08-20,standard_12x10_g103_vs_g100.jsonl,standard-random-12x10,standard,random-start,12x10,tf:100,tf:103,false,p2,accepted,,830400,830402491215,15
tf_phase7_policy_standard_2026-08-20,standard_12x10_g103_vs_g100.jsonl,standard-random-12x10,standard,random-start,12x10,tf:103,tf:100,true,p2,accepted,,830400,830402491216,16
tf_phase7_policy_standard_2026-08-20,standard_12x10_g103_vs_g100.jsonl,standard-random-12x10,standard,random-start,12x10,tf:100,tf:103,false,p1,accepted,,830400,830402491217,17
tf_phase7_policy_standard_2026-08-20,standard_12x10_g103_vs_g100.jsonl,standard-random-12x10,standard,random-start,12x10,tf:103,tf:100,true,p1,accepted,,830400,830402491218,18
tf_phase7_policy_standard_2026-08-20,standard_12x10_g103_vs_g100.jsonl,standard-random-12x10,standard,random-start,12x10,tf:100,tf:103,false,draw,accepted,,830400,830402491219,19
tf_phase7_policy_standard_2026-08-20,standard_12x10_g103_vs_g100.jsonl,standard-random-12x10,standard,random-start,12x10,tf:103,tf:100,true,p1,accepted,,830400,830402491220,20
tf_phase7_policy_standard_2026-08-20,standard_12x10_g103_vs_g100.jsonl,standard-random-12x10,standard,random-start,12x10,tf:100,tf:103,false,p2,accepted,,830400,830402491221,21
tf_phase7_policy_standard_2026-08-20,standard_12x10_g103_vs_g100.jsonl,standard-random-12x10,standard,random-start,12x10,tf:103,tf:100,true,draw,accepted,,830400,830402491222,22
tf_phase7_policy_standard_2026-08-20,standard_12x10_g103_vs_g100.jsonl,standard-random-12x10,standard,random-start,12x10,tf:100,tf:103,false,p1,accepted,,830400,830402491223,23
tf_phase7_policy_standard_2026-08-20,standard_12x10_g103_vs_g100.jsonl,standard-random-12x10,standard,random-start,12x10,tf:103,tf:100,true,draw,accepted,,830400,830402491224,24
tf_phase7_policy_standard_2026-08-20,standard_12x10_g103_vs_g100.jsonl,standard-random-12x10,standard,random-start,12x10,tf:100,tf:103,false,p1,accepted,,830400,830402491225,25
tf_phase7_policy_standard_2026-08-20,standard_12x10_g103_vs_g100.jsonl,standard-random-12x10,standard,random-start,12x10,tf:103,tf:100,true,p1,accepted,,830400,830402491226,26
tf_phase7_policy_standard_2026-08-20,standard_12x10_g103_vs_g100.jsonl,standard-random-12x10,standard,random-start,12x10,tf:100,tf:103,false,draw,accepted,,830400,830402491227,27
tf_phase7_policy_standard_2026-08-20,standard_12x10_g103_vs_g100.jsonl,standard-random-12x10,standard,random-start,12x10,tf:103,tf:100,true,draw,accepted,,830400,830402491228,28
tf_phase7_policy_standard_2026-08-20,standard_12x10_g103_vs_g100.jsonl,standard-random-12x10,standard,random-start,12x10,tf:100,tf:103,false,draw,accepted,,830400,830402491229,29
tf_phase7_policy_standard_2026-08-20,standard_12x10_g103_vs_g100.jsonl,standard-random-12x10,standard,random-start,12x10,tf:103,tf:100,true,p2,accepted,,830400,830402491230,30
tf_phase7_policy_standard_2026-08-20,standard_12x10_g103_vs_g100.jsonl,standard-random-12x10,standard,random-start,12x10,tf:100,tf:103,false,p2,accepted,,830400,830402491231,31
tf_phase7_policy_standard_2026-08-20,standard_12x10_g103_vs_g100.jsonl,standard-random-12x10,standard,random-start,12x10,tf:103,tf:100,true,p2,accepted,,830400,830402491232,32
tf_phase7_policy_standard_2026-08-20,standard_12x10_g103_vs_g100.jsonl,standard-random-12x10,standard,random-start,12x10,tf:100,tf:103,false,p1,accepted,,830400,830402491233,33
tf_phase7_policy_standard_2026-08-20,standard_12x10_g103_vs_g100.jsonl,standard-random-12x10,standard,random-start,12x10,tf:103,tf:100,true,p1,accepted,,830400,830402491234,34
tf_phase7_policy_standard_2026-08-20,standard_12x10_g103_vs_g100.jsonl,standard-random-12x10,standard,random-start,12x10,tf:100,tf:103,false,p1,accepted,,830400,830402491235,35
tf_phase7_policy_standard_2026-08-20,standard_12x10_g103_vs_g100.jsonl,standard-random-12x10,standard,random-start,12x10,tf:103,tf:100,true,p1,accepted,,830400,830402491236,36
tf_phase7_policy_standard_2026-08-20,standard_12x10_g103_vs_g100.jsonl,standard-random-12x10,standard,random-start,12x10,tf:100,tf:103,false,draw,accepted,,830400,830402491237,37
tf_phase7_policy_standard_2026-08-20,standard_12x10_g103_vs_g100.jsonl,standard-random-12x10,standard,random-start,12x10,tf:103,tf:100,true,p2,accepted,,830400,830402491238,38
tf_phase7_policy_standard_2026-08-20,standard_12x10_g103_vs_g100.jsonl,standard-random-12x10,standard,random-start,12x10,tf:100,tf:103,false,p1,accepted,,830400,830402491239,39
tf_phase7_policy_standard_2026-08-20,standard_12x10_g103_vs_g102.jsonl,standard-random-12x10,standard,random-start,12x10,tf:103,tf:102,true,p1,accepted,,830402,830404491206,0
tf_phase7_policy_standard_2026-08-20,standard_12x10_g103_vs_g102.jsonl,standard-random-12x10,standard,random-start,12x10,tf:102,tf:103,false,p1,accepted,,830402,830404491207,1
tf_phase7_policy_standard_2026-08-20,standard_12x10_g103_vs_g102.jsonl,standard-random-12x10,standard,random-start,12x10,tf:103,tf:102,true,draw,accepted,,830402,830404491208,2
tf_phase7_policy_standard_2026-08-20,standard_12x10_g103_vs_g102.jsonl,standard-random-12x10,standard,random-start,12x10,tf:102,tf:103,false,p2,accepted,,830402,830404491209,3
tf_phase7_policy_standard_2026-08-20,standard_12x10_g103_vs_g102.jsonl,standard-random-12x10,standard,random-start,12x10,tf:103,tf:102,true,p2,accepted,,830402,830404491210,4
tf_phase7_policy_standard_2026-08-20,standard_12x10_g103_vs_g102.jsonl,standard-random-12x10,standard,random-start,12x10,tf:102,tf:103,false,draw,accepted,,830402,830404491211,5
tf_phase7_policy_standard_2026-08-20,standard_12x10_g103_vs_g102.jsonl,standard-random-12x10,standard,random-start,12x10,tf:103,tf:102,true,p2,accepted,,830402,830404491212,6
tf_phase7_policy_standard_2026-08-20,standard_12x10_g103_vs_g102.jsonl,standard-random-12x10,standard,random-start,12x10,tf:102,tf:103,false,draw,accepted,,830402,830404491213,7
tf_phase7_policy_standard_2026-08-20,standard_12x10_g103_vs_g102.jsonl,standard-random-12x10,standard,random-start,12x10,tf:103,tf:102,true,p2,accepted,,830402,830404491214,8
tf_phase7_policy_standard_2026-08-20,standard_12x10_g103_vs_g102.jsonl,standard-random-12x10,standard,random-start,12x10,tf:102,tf:103,false,p1,accepted,,830402,830404491215,9
tf_phase7_policy_standard_2026-08-20,standard_12x10_g103_vs_g102.jsonl,standard-random-12x10,standard,random-start,12x10,tf:103,tf:102,true,p2,accepted,,830402,830404491216,10
tf_phase7_policy_standard_2026-08-20,standard_12x10_g103_vs_g102.jsonl,standard-random-12x10,standard,random-start,12x10,tf:102,tf:103,false,p1,accepted,,830402,830404491217,11
tf_phase7_policy_standard_2026-08-20,standard_12x10_g103_vs_g102.jsonl,standard-random-12x10,standard,random-start,12x10,tf:103,tf:102,true,p2,accepted,,830402,830404491218,12
tf_phase7_policy_standard_2026-08-20,standard_12x10_g103_vs_g102.jsonl,standard-random-12x10,standard,random-start,12x10,tf:102,tf:103,false,p2,accepted,,830402,830404491219,13
tf_phase7_policy_standard_2026-08-20,standard_12x10_g103_vs_g102.jsonl,standard-random-12x10,standard,random-start,12x10,tf:103,tf:102,true,p2,accepted,,830402,830404491220,14
tf_phase7_policy_standard_2026-08-20,standard_12x10_g103_vs_g102.jsonl,standard-random-12x10,standard,random-start,12x10,tf:102,tf:103,false,p2,accepted,,830402,830404491221,15
tf_phase7_policy_standard_2026-08-20,standard_12x10_g103_vs_g102.jsonl,standard-random-12x10,standard,random-start,12x10,tf:103,tf:102,true,p2,accepted,,830402,830404491222,16
tf_phase7_policy_standard_2026-08-20,standard_12x10_g103_vs_g102.jsonl,standard-random-12x10,standard,random-start,12x10,tf:102,tf:103,false,p1,accepted,,830402,830404491223,17
tf_phase7_policy_standard_2026-08-20,standard_12x10_g103_vs_g102.jsonl,standard-random-12x10,standard,random-start,12x10,tf:103,tf:102,true,p2,accepted,,830402,830404491224,18
tf_phase7_policy_standard_2026-08-20,standard_12x10_g103_vs_g102.jsonl,standard-random-12x10,standard,random-start,12x10,tf:102,tf:103,false,draw,accepted,,830402,830404491225,19
tf_phase7_policy_standard_2026-08-20,standard_12x10_g103_vs_g102.jsonl,standard-random-12x10,standard,random-start,12x10,tf:103,tf:102,true,p1,accepted,,830402,830404491226,20
tf_phase7_policy_standard_2026-08-20,standard_12x10_g103_vs_g102.jsonl,standard-random-12x10,standard,random-start,12x10,tf:102,tf:103,false,p1,accepted,,830402,830404491227,21
tf_phase7_policy_standard_2026-08-20,standard_12x10_g103_vs_g102.jsonl,standard-random-12x10,standard,random-start,12x10,tf:103,tf:102,true,p1,accepted,,830402,830404491228,22
tf_phase7_policy_standard_2026-08-20,standard_12x10_g103_vs_g102.jsonl,standard-random-12x10,standard,random-start,12x10,tf:102,tf:103,false,p2,accepted,,830402,830404491229,23
tf_phase7_policy_standard_2026-08-20,standard_12x10_g103_vs_g102.jsonl,standard-random-12x10,standard,random-start,12x10,tf:103,tf:102,true,p2,accepted,,830402,830404491230,24
tf_phase7_policy_standard_2026-08-20,standard_12x10_g103_vs_g102.jsonl,standard-random-12x10,standard,random-start,12x10,tf:102,tf:103,false,p1,accepted,,830402,830404491231,25
tf_phase7_policy_standard_2026-08-20,standard_12x10_g103_vs_g102.jsonl,standard-random-12x10,standard,random-start,12x10,tf:103,tf:102,true,p2,accepted,,830402,830404491232,26
tf_phase7_policy_standard_2026-08-20,standard_12x10_g103_vs_g102.jsonl,standard-random-12x10,standard,random-start,12x10,tf:102,tf:103,false,p1,accepted,,830402,830404491233,27
tf_phase7_policy_standard_2026-08-20,standard_12x10_g103_vs_g102.jsonl,standard-random-12x10,standard,random-start,12x10,tf:103,tf:102,true,p2,accepted,,830402,830404491234,28
tf_phase7_policy_standard_2026-08-20,standard_12x10_g103_vs_g102.jsonl,standard-random-12x10,standard,random-start,12x10,tf:102,tf:103,false,p1,accepted,,830402,830404491235,29
tf_phase7_policy_standard_2026-08-20,standard_12x10_g103_vs_g102.jsonl,standard-random-12x10,standard,random-start,12x10,tf:103,tf:102,true,p2,accepted,,830402,830404491236,30
tf_phase7_policy_standard_2026-08-20,standard_12x10_g103_vs_g102.jsonl,standard-random-12x10,standard,random-start,12x10,tf:102,tf:103,false,p1,accepted,,830402,830404491237,31
tf_phase7_policy_standard_2026-08-20,standard_12x10_g103_vs_g102.jsonl,standard-random-12x10,standard,random-start,12x10,tf:103,tf:102,true,p2,accepted,,830402,830404491238,32
tf_phase7_policy_standard_2026-08-20,standard_12x10_g103_vs_g102.jsonl,standard-random-12x10,standard,random-start,12x10,tf:102,tf:103,false,p1,accepted,,830402,830404491239,33
tf_phase7_policy_standard_2026-08-20,standard_12x10_g103_vs_g102.jsonl,standard-random-12x10,standard,random-start,12x10,tf:103,tf:102,true,p1,accepted,,830402,830404491240,34
tf_phase7_policy_standard_2026-08-20,standard_12x10_g103_vs_g102.jsonl,standard-random-12x10,standard,random-start,12x10,tf:102,tf:103,false,p2,accepted,,830402,830404491241,35
tf_phase7_policy_standard_2026-08-20,standard_12x10_g103_vs_g102.jsonl,standard-random-12x10,standard,random-start,12x10,tf:103,tf:102,true,draw,accepted,,830402,830404491242,36
tf_phase7_policy_standard_2026-08-20,standard_12x10_g103_vs_g102.jsonl,standard-random-12x10,standard,random-start,12x10,tf:102,tf:103,false,p2,accepted,,830402,830404491243,37
tf_phase7_policy_standard_2026-08-20,standard_12x10_g103_vs_g102.jsonl,standard-random-12x10,standard,random-start,12x10,tf:103,tf:102,true,p2,accepted,,830402,830404491244,38
tf_phase7_policy_standard_2026-08-20,standard_12x10_g103_vs_g102.jsonl,standard-random-12x10,standard,random-start,12x10,tf:102,tf:103,false,p1,accepted,,830402,830404491245,39
tf_phase7_policy_standard_2026-08-20,standard_12x10_g103_vs_g97.jsonl,standard-random-12x10,standard,random-start,12x10,tf:103,tf:97,true,p1,accepted,,830397,830399491191,0
tf_phase7_policy_standard_2026-08-20,standard_12x10_g103_vs_g97.jsonl,standard-random-12x10,standard,random-start,12x10,tf:97,tf:103,false,p2,accepted,,830397,830399491192,1
tf_phase7_policy_standard_2026-08-20,standard_12x10_g103_vs_g97.jsonl,standard-random-12x10,standard,random-start,12x10,tf:103,tf:97,true,p1,accepted,,830397,830399491193,2
tf_phase7_policy_standard_2026-08-20,standard_12x10_g103_vs_g97.jsonl,standard-random-12x10,standard,random-start,12x10,tf:97,tf:103,false,p1,accepted,,830397,830399491194,3
tf_phase7_policy_standard_2026-08-20,standard_12x10_g103_vs_g97.jsonl,standard-random-12x10,standard,random-start,12x10,tf:103,tf:97,true,p2,accepted,,830397,830399491195,4
tf_phase7_policy_standard_2026-08-20,standard_12x10_g103_vs_g97.jsonl,standard-random-12x10,standard,random-start,12x10,tf:97,tf:103,false,p1,accepted,,830397,830399491196,5
tf_phase7_policy_standard_2026-08-20,standard_12x10_g103_vs_g97.jsonl,standard-random-12x10,standard,random-start,12x10,tf:103,tf:97,true,p2,accepted,,830397,830399491197,6
tf_phase7_policy_standard_2026-08-20,standard_12x10_g103_vs_g97.jsonl,standard-random-12x10,standard,random-start,12x10,tf:97,tf:103,false,p2,accepted,,830397,830399491198,7
tf_phase7_policy_standard_2026-08-20,standard_12x10_g103_vs_g97.jsonl,standard-random-12x10,standard,random-start,12x10,tf:103,tf:97,true,draw,accepted,,830397,830399491199,8
tf_phase7_policy_standard_2026-08-20,standard_12x10_g103_vs_g97.jsonl,standard-random-12x10,standard,random-start,12x10,tf:97,tf:103,false,p1,accepted,,830397,830399491200,9
tf_phase7_policy_standard_2026-08-20,standard_12x10_g103_vs_g97.jsonl,standard-random-12x10,standard,random-start,12x10,tf:103,tf:97,true,p2,accepted,,830397,830399491201,10
tf_phase7_policy_standard_2026-08-20,standard_12x10_g103_vs_g97.jsonl,standard-random-12x10,standard,random-start,12x10,tf:97,tf:103,false,p2,accepted,,830397,830399491202,11
tf_phase7_policy_standard_2026-08-20,standard_12x10_g103_vs_g97.jsonl,standard-random-12x10,standard,random-start,12x10,tf:103,tf:97,true,p2,accepted,,830397,830399491203,12
tf_phase7_policy_standard_2026-08-20,standard_12x10_g103_vs_g97.jsonl,standard-random-12x10,standard,random-start,12x10,tf:97,tf:103,false,p2,accepted,,830397,830399491204,13
tf_phase7_policy_standard_2026-08-20,standard_12x10_g103_vs_g97.jsonl,standard-random-12x10,standard,random-start,12x10,tf:103,tf:97,true,p1,accepted,,830397,830399491205,14
tf_phase7_policy_standard_2026-08-20,standard_12x10_g103_vs_g97.jsonl,standard-random-12x10,standard,random-start,12x10,tf:97,tf:103,false,p2,accepted,,830397,830399491206,15
tf_phase7_policy_standard_2026-08-20,standard_12x10_g103_vs_g97.jsonl,standard-random-12x10,standard,random-start,12x10,tf:103,tf:97,true,p2,accepted,,830397,830399491207,16
tf_phase7_policy_standard_2026-08-20,standard_12x10_g103_vs_g97.jsonl,standard-random-12x10,standard,random-start,12x10,tf:97,tf:103,false,p2,accepted,,830397,830399491208,17
tf_phase7_policy_standard_2026-08-20,standard_12x10_g103_vs_g97.jsonl,standard-random-12x10,standard,random-start,12x10,tf:103,tf:97,true,draw,accepted,,830397,830399491209,18
tf_phase7_policy_standard_2026-08-20,standard_12x10_g103_vs_g97.jsonl,standard-random-12x10,standard,random-start,12x10,tf:97,tf:103,false,p1,accepted,,830397,830399491210,19
tf_phase7_policy_standard_2026-08-20,standard_12x10_g103_vs_g97.jsonl,standard-random-12x10,standard,random-start,12x10,tf:103,tf:97,true,p2,accepted,,830397,830399491211,20
tf_phase7_policy_standard_2026-08-20,standard_12x10_g103_vs_g97.jsonl,standard-random-12x10,standard,random-start,12x10,tf:97,tf:103,false,p1,accepted,,830397,830399491212,21
tf_phase7_policy_standard_2026-08-20,standard_12x10_g103_vs_g97.jsonl,standard-random-12x10,standard,random-start,12x10,tf:103,tf:97,true,p1,accepted,,830397,830399491213,22
tf_phase7_policy_standard_2026-08-20,standard_12x10_g103_vs_g97.jsonl,standard-random-12x10,standard,random-start,12x10,tf:97,tf:103,false,p2,accepted,,830397,830399491214,23
tf_phase7_policy_standard_2026-08-20,standard_12x10_g103_vs_g97.jsonl,standard-random-12x10,standard,random-start,12x10,tf:103,tf:97,true,p1,accepted,,830397,830399491215,24
tf_phase7_policy_standard_2026-08-20,standard_12x10_g103_vs_g97.jsonl,standard-random-12x10,standard,random-start,12x10,tf:97,tf:103,false,p1,accepted,,830397,830399491216,25
tf_phase7_policy_standard_2026-08-20,standard_12x10_g103_vs_g97.jsonl,standard-random-12x10,standard,random-start,12x10,tf:103,tf:97,true,p2,accepted,,830397,830399491217,26
tf_phase7_policy_standard_2026-08-20,standard_12x10_g103_vs_g97.jsonl,standard-random-12x10,standard,random-start,12x10,tf:97,tf:103,false,p1,accepted,,830397,830399491218,27
tf_phase7_policy_standard_2026-08-20,standard_12x10_g103_vs_g97.jsonl,standard-random-12x10,standard,random-start,12x10,tf:103,tf:97,true,p1,accepted,,830397,830399491219,28
tf_phase7_policy_standard_2026-08-20,standard_12x10_g103_vs_g97.jsonl,standard-random-12x10,standard,random-start,12x10,tf:97,tf:103,false,p1,accepted,,830397,830399491220,29
tf_phase7_policy_standard_2026-08-20,standard_12x10_g103_vs_g97.jsonl,standard-random-12x10,standard,random-start,12x10,tf:103,tf:97,true,p1,accepted,,830397,830399491221,30
tf_phase7_policy_standard_2026-08-20,standard_12x10_g103_vs_g97.jsonl,standard-random-12x10,standard,random-start,12x10,tf:97,tf:103,false,p1,accepted,,830397,830399491222,31
tf_phase7_policy_standard_2026-08-20,standard_12x10_g103_vs_g97.jsonl,standard-random-12x10,standard,random-start,12x10,tf:103,tf:97,true,p1,accepted,,830397,830399491223,32
tf_phase7_policy_standard_2026-08-20,standard_12x10_g103_vs_g97.jsonl,standard-random-12x10,standard,random-start,12x10,tf:97,tf:103,false,p1,accepted,,830397,830399491224,33
tf_phase7_policy_standard_2026-08-20,standard_12x10_g103_vs_g97.jsonl,standard-random-12x10,standard,random-start,12x10,tf:103,tf:97,true,p1,accepted,,830397,830399491225,34
tf_phase7_policy_standard_2026-08-20,standard_12x10_g103_vs_g97.jsonl,standard-random-12x10,standard,random-start,12x10,tf:97,tf:103,false,p2,accepted,,830397,830399491226,35
tf_phase7_policy_standard_2026-08-20,standard_12x10_g103_vs_g97.jsonl,standard-random-12x10,standard,random-start,12x10,tf:103,tf:97,true,p1,accepted,,830397,830399491227,36
tf_phase7_policy_standard_2026-08-20,standard_12x10_g103_vs_g97.jsonl,standard-random-12x10,standard,random-start,12x10,tf:97,tf:103,false,p2,accepted,,830397,830399491228,37
tf_phase7_policy_standard_2026-08-20,standard_12x10_g103_vs_g97.jsonl,standard-random-12x10,standard,random-start,12x10,tf:103,tf:97,true,draw,accepted,,830397,830399491229,38
tf_phase7_policy_standard_2026-08-20,standard_12x10_g103_vs_g97.jsonl,standard-random-12x10,standard,random-start,12x10,tf:97,tf:103,false,draw,accepted,,830397,830399491230,39
tf_phase7_policy_standard_2026-08-20,standard_12x10_g104_vs_g101.jsonl,standard-random-12x10,standard,random-start,12x10,tf:104,tf:101,true,p2,accepted,,830501,830503491503,0
tf_phase7_policy_standard_2026-08-20,standard_12x10_g104_vs_g101.jsonl,standard-random-12x10,standard,random-start,12x10,tf:101,tf:104,false,p1,accepted,,830501,830503491504,1
tf_phase7_policy_standard_2026-08-20,standard_12x10_g104_vs_g101.jsonl,standard-random-12x10,standard,random-start,12x10,tf:104,tf:101,true,p1,accepted,,830501,830503491505,2
tf_phase7_policy_standard_2026-08-20,standard_12x10_g104_vs_g101.jsonl,standard-random-12x10,standard,random-start,12x10,tf:101,tf:104,false,p1,accepted,,830501,830503491506,3
tf_phase7_policy_standard_2026-08-20,standard_12x10_g104_vs_g101.jsonl,standard-random-12x10,standard,random-start,12x10,tf:104,tf:101,true,draw,accepted,,830501,830503491507,4
tf_phase7_policy_standard_2026-08-20,standard_12x10_g104_vs_g101.jsonl,standard-random-12x10,standard,random-start,12x10,tf:101,tf:104,false,draw,accepted,,830501,830503491508,5
tf_phase7_policy_standard_2026-08-20,standard_12x10_g104_vs_g101.jsonl,standard-random-12x10,standard,random-start,12x10,tf:104,tf:101,true,p1,accepted,,830501,830503491509,6
tf_phase7_policy_standard_2026-08-20,standard_12x10_g104_vs_g101.jsonl,standard-random-12x10,standard,random-start,12x10,tf:101,tf:104,false,p1,accepted,,830501,830503491510,7
tf_phase7_policy_standard_2026-08-20,standard_12x10_g104_vs_g101.jsonl,standard-random-12x10,standard,random-start,12x10,tf:104,tf:101,true,p2,accepted,,830501,830503491511,8
tf_phase7_policy_standard_2026-08-20,standard_12x10_g104_vs_g101.jsonl,standard-random-12x10,standard,random-start,12x10,tf:101,tf:104,false,p1,accepted,,830501,830503491512,9
tf_phase7_policy_standard_2026-08-20,standard_12x10_g104_vs_g101.jsonl,standard-random-12x10,standard,random-start,12x10,tf:104,tf:101,true,p1,accepted,,830501,830503491513,10
tf_phase7_policy_standard_2026-08-20,standard_12x10_g104_vs_g101.jsonl,standard-random-12x10,standard,random-start,12x10,tf:101,tf:104,false,p1,accepted,,830501,830503491514,11
tf_phase7_policy_standard_2026-08-20,standard_12x10_g104_vs_g101.jsonl,standard-random-12x10,standard,random-start,12x10,tf:104,tf:101,true,draw,accepted,,830501,830503491515,12
tf_phase7_policy_standard_2026-08-20,standard_12x10_g104_vs_g101.jsonl,standard-random-12x10,standard,random-start,12x10,tf:101,tf:104,false,draw,accepted,,830501,830503491516,13
tf_phase7_policy_standard_2026-08-20,standard_12x10_g104_vs_g101.jsonl,standard-random-12x10,standard,random-start,12x10,tf:104,tf:101,true,p2,accepted,,830501,830503491517,14
tf_phase7_policy_standard_2026-08-20,standard_12x10_g104_vs_g101.jsonl,standard-random-12x10,standard,random-start,12x10,tf:101,tf:104,false,p2,accepted,,830501,830503491518,15
tf_phase7_policy_standard_2026-08-20,standard_12x10_g104_vs_g101.jsonl,standard-random-12x10,standard,random-start,12x10,tf:104,tf:101,true,p2,accepted,,830501,830503491519,16
tf_phase7_policy_standard_2026-08-20,standard_12x10_g104_vs_g101.jsonl,standard-random-12x10,standard,random-start,12x10,tf:101,tf:104,false,p1,accepted,,830501,830503491520,17
tf_phase7_policy_standard_2026-08-20,standard_12x10_g104_vs_g101.jsonl,standard-random-12x10,standard,random-start,12x10,tf:104,tf:101,true,p1,accepted,,830501,830503491521,18
tf_phase7_policy_standard_2026-08-20,standard_12x10_g104_vs_g101.jsonl,standard-random-12x10,standard,random-start,12x10,tf:101,tf:104,false,p1,accepted,,830501,830503491522,19
tf_phase7_policy_standard_2026-08-20,standard_12x10_g104_vs_g101.jsonl,standard-random-12x10,standard,random-start,12x10,tf:104,tf:101,true,p1,accepted,,830501,830503491523,20
tf_phase7_policy_standard_2026-08-20,standard_12x10_g104_vs_g101.jsonl,standard-random-12x10,standard,random-start,12x10,tf:101,tf:104,false,p2,accepted,,830501,830503491524,21
tf_phase7_policy_standard_2026-08-20,standard_12x10_g104_vs_g101.jsonl,standard-random-12x10,standard,random-start,12x10,tf:104,tf:101,true,p1,accepted,,830501,830503491525,22
tf_phase7_policy_standard_2026-08-20,standard_12x10_g104_vs_g101.jsonl,standard-random-12x10,standard,random-start,12x10,tf:101,tf:104,false,p2,accepted,,830501,830503491526,23
tf_phase7_policy_standard_2026-08-20,standard_12x10_g104_vs_g101.jsonl,standard-random-12x10,standard,random-start,12x10,tf:104,tf:101,true,p2,accepted,,830501,830503491527,24
tf_phase7_policy_standard_2026-08-20,standard_12x10_g104_vs_g101.jsonl,standard-random-12x10,standard,random-start,12x10,tf:101,tf:104,false,p1,accepted,,830501,830503491528,25
tf_phase7_policy_standard_2026-08-20,standard_12x10_g104_vs_g101.jsonl,standard-random-12x10,standard,random-start,12x10,tf:104,tf:101,true,p2,accepted,,830501,830503491529,26
tf_phase7_policy_standard_2026-08-20,standard_12x10_g104_vs_g101.jsonl,standard-random-12x10,standard,random-start,12x10,tf:101,tf:104,false,p2,accepted,,830501,830503491530,27
tf_phase7_policy_standard_2026-08-20,standard_12x10_g104_vs_g101.jsonl,standard-random-12x10,standard,random-start,12x10,tf:104,tf:101,true,p1,accepted,,830501,830503491531,28
tf_phase7_policy_standard_2026-08-20,standard_12x10_g104_vs_g101.jsonl,standard-random-12x10,standard,random-start,12x10,tf:101,tf:104,false,p1,accepted,,830501,830503491532,29
tf_phase7_policy_standard_2026-08-20,standard_12x10_g104_vs_g101.jsonl,standard-random-12x10,standard,random-start,12x10,tf:104,tf:101,true,draw,accepted,,830501,830503491533,30
tf_phase7_policy_standard_2026-08-20,standard_12x10_g104_vs_g101.jsonl,standard-random-12x10,standard,random-start,12x10,tf:101,tf:104,false,p1,accepted,,830501,830503491534,31
tf_phase7_policy_standard_2026-08-20,standard_12x10_g104_vs_g101.jsonl,standard-random-12x10,standard,random-start,12x10,tf:104,tf:101,true,p2,accepted,,830501,830503491535,32
tf_phase7_policy_standard_2026-08-20,standard_12x10_g104_vs_g101.jsonl,standard-random-12x10,standard,random-start,12x10,tf:101,tf:104,false,p2,accepted,,830501,830503491536,33
tf_phase7_policy_standard_2026-08-20,standard_12x10_g104_vs_g101.jsonl,standard-random-12x10,standard,random-start,12x10,tf:104,tf:101,true,p2,accepted,,830501,830503491537,34
tf_phase7_policy_standard_2026-08-20,standard_12x10_g104_vs_g101.jsonl,standard-random-12x10,standard,random-start,12x10,tf:101,tf:104,false,p2,accepted,,830501,830503491538,35
tf_phase7_policy_standard_2026-08-20,standard_12x10_g104_vs_g101.jsonl,standard-random-12x10,standard,random-start,12x10,tf:104,tf:101,true,p1,accepted,,830501,830503491539,36
tf_phase7_policy_standard_2026-08-20,standard_12x10_g104_vs_g101.jsonl,standard-random-12x10,standard,random-start,12x10,tf:101,tf:104,false,p1,accepted,,830501,830503491540,37
tf_phase7_policy_standard_2026-08-20,standard_12x10_g104_vs_g101.jsonl,standard-random-12x10,standard,random-start,12x10,tf:104,tf:101,true,p1,accepted,,830501,830503491541,38
tf_phase7_policy_standard_2026-08-20,standard_12x10_g104_vs_g101.jsonl,standard-random-12x10,standard,random-start,12x10,tf:101,tf:104,false,p1,accepted,,830501,830503491542,39
tf_phase7_policy_standard_2026-08-20,standard_12x10_g104_vs_g103.jsonl,standard-random-12x10,standard,random-start,12x10,tf:104,tf:103,true,p1,accepted,,830503,830505491509,0
tf_phase7_policy_standard_2026-08-20,standard_12x10_g104_vs_g103.jsonl,standard-random-12x10,standard,random-start,12x10,tf:103,tf:104,false,p2,accepted,,830503,830505491510,1
tf_phase7_policy_standard_2026-08-20,standard_12x10_g104_vs_g103.jsonl,standard-random-12x10,standard,random-start,12x10,tf:104,tf:103,true,p2,accepted,,830503,830505491511,2
tf_phase7_policy_standard_2026-08-20,standard_12x10_g104_vs_g103.jsonl,standard-random-12x10,standard,random-start,12x10,tf:103,tf:104,false,p1,accepted,,830503,830505491512,3
tf_phase7_policy_standard_2026-08-20,standard_12x10_g104_vs_g103.jsonl,standard-random-12x10,standard,random-start,12x10,tf:104,tf:103,true,p2,accepted,,830503,830505491513,4
tf_phase7_policy_standard_2026-08-20,standard_12x10_g104_vs_g103.jsonl,standard-random-12x10,standard,random-start,12x10,tf:103,tf:104,false,p2,accepted,,830503,830505491514,5
tf_phase7_policy_standard_2026-08-20,standard_12x10_g104_vs_g103.jsonl,standard-random-12x10,standard,random-start,12x10,tf:104,tf:103,true,p1,accepted,,830503,830505491515,6
tf_phase7_policy_standard_2026-08-20,standard_12x10_g104_vs_g103.jsonl,standard-random-12x10,standard,random-start,12x10,tf:103,tf:104,false,p2,accepted,,830503,830505491516,7
tf_phase7_policy_standard_2026-08-20,standard_12x10_g104_vs_g103.jsonl,standard-random-12x10,standard,random-start,12x10,tf:104,tf:103,true,p1,accepted,,830503,830505491517,8
tf_phase7_policy_standard_2026-08-20,standard_12x10_g104_vs_g103.jsonl,standard-random-12x10,standard,random-start,12x10,tf:103,tf:104,false,p1,accepted,,830503,830505491518,9
tf_phase7_policy_standard_2026-08-20,standard_12x10_g104_vs_g103.jsonl,standard-random-12x10,standard,random-start,12x10,tf:104,tf:103,true,p1,accepted,,830503,830505491519,10
tf_phase7_policy_standard_2026-08-20,standard_12x10_g104_vs_g103.jsonl,standard-random-12x10,standard,random-start,12x10,tf:103,tf:104,false,p2,accepted,,830503,830505491520,11
tf_phase7_policy_standard_2026-08-20,standard_12x10_g104_vs_g103.jsonl,standard-random-12x10,standard,random-start,12x10,tf:104,tf:103,true,p1,accepted,,830503,830505491521,12
tf_phase7_policy_standard_2026-08-20,standard_12x10_g104_vs_g103.jsonl,standard-random-12x10,standard,random-start,12x10,tf:103,tf:104,false,p1,accepted,,830503,830505491522,13
tf_phase7_policy_standard_2026-08-20,standard_12x10_g104_vs_g103.jsonl,standard-random-12x10,standard,random-start,12x10,tf:104,tf:103,true,p2,accepted,,830503,830505491523,14
tf_phase7_policy_standard_2026-08-20,standard_12x10_g104_vs_g103.jsonl,standard-random-12x10,standard,random-start,12x10,tf:103,tf:104,false,p1,accepted,,830503,830505491524,15
tf_phase7_policy_standard_2026-08-20,standard_12x10_g104_vs_g103.jsonl,standard-random-12x10,standard,random-start,12x10,tf:104,tf:103,true,p1,accepted,,830503,830505491525,16
tf_phase7_policy_standard_2026-08-20,standard_12x10_g104_vs_g103.jsonl,standard-random-12x10,standard,random-start,12x10,tf:103,tf:104,false,p2,accepted,,830503,830505491526,17
tf_phase7_policy_standard_2026-08-20,standard_12x10_g104_vs_g103.jsonl,standard-random-12x10,standard,random-start,12x10,tf:104,tf:103,true,p2,accepted,,830503,830505491527,18
tf_phase7_policy_standard_2026-08-20,standard_12x10_g104_vs_g103.jsonl,standard-random-12x10,standard,random-start,12x10,tf:103,tf:104,false,p1,accepted,,830503,830505491528,19
tf_phase7_policy_standard_2026-08-20,standard_12x10_g104_vs_g103.jsonl,standard-random-12x10,standard,random-start,12x10,tf:104,tf:103,true,p2,accepted,,830503,830505491529,20
tf_phase7_policy_standard_2026-08-20,standard_12x10_g104_vs_g103.jsonl,standard-random-12x10,standard,random-start,12x10,tf:103,tf:104,false,p2,accepted,,830503,830505491530,21
tf_phase7_policy_standard_2026-08-20,standard_12x10_g104_vs_g103.jsonl,standard-random-12x10,standard,random-start,12x10,tf:104,tf:103,true,p1,accepted,,830503,830505491531,22
tf_phase7_policy_standard_2026-08-20,standard_12x10_g104_vs_g103.jsonl,standard-random-12x10,standard,random-start,12x10,tf:103,tf:104,false,p2,accepted,,830503,830505491532,23
tf_phase7_policy_standard_2026-08-20,standard_12x10_g104_vs_g103.jsonl,standard-random-12x10,standard,random-start,12x10,tf:104,tf:103,true,p1,accepted,,830503,830505491533,24
tf_phase7_policy_standard_2026-08-20,standard_12x10_g104_vs_g103.jsonl,standard-random-12x10,standard,random-start,12x10,tf:103,tf:104,false,p1,accepted,,830503,830505491534,25
tf_phase7_policy_standard_2026-08-20,standard_12x10_g104_vs_g103.jsonl,standard-random-12x10,standard,random-start,12x10,tf:104,tf:103,true,p2,accepted,,830503,830505491535,26
tf_phase7_policy_standard_2026-08-20,standard_12x10_g104_vs_g103.jsonl,standard-random-12x10,standard,random-start,12x10,tf:103,tf:104,false,p1,accepted,,830503,830505491536,27
tf_phase7_policy_standard_2026-08-20,standard_12x10_g104_vs_g103.jsonl,standard-random-12x10,standard,random-start,12x10,tf:104,tf:103,true,p1,accepted,,830503,830505491537,28
tf_phase7_policy_standard_2026-08-20,standard_12x10_g104_vs_g103.jsonl,standard-random-12x10,standard,random-start,12x10,tf:103,tf:104,false,p1,accepted,,830503,830505491538,29
tf_phase7_policy_standard_2026-08-20,standard_12x10_g104_vs_g103.jsonl,standard-random-12x10,standard,random-start,12x10,tf:104,tf:103,true,p1,accepted,,830503,830505491539,30
tf_phase7_policy_standard_2026-08-20,standard_12x10_g104_vs_g103.jsonl,standard-random-12x10,standard,random-start,12x10,tf:103,tf:104,false,p1,accepted,,830503,830505491540,31
tf_phase7_policy_standard_2026-08-20,standard_12x10_g104_vs_g103.jsonl,standard-random-12x10,standard,random-start,12x10,tf:104,tf:103,true,p1,accepted,,830503,830505491541,32
tf_phase7_policy_standard_2026-08-20,standard_12x10_g104_vs_g103.jsonl,standard-random-12x10,standard,random-start,12x10,tf:103,tf:104,false,p2,accepted,,830503,830505491542,33
tf_phase7_policy_standard_2026-08-20,standard_12x10_g104_vs_g103.jsonl,standard-random-12x10,standard,random-start,12x10,tf:104,tf:103,true,p1,accepted,,830503,830505491543,34
tf_phase7_policy_standard_2026-08-20,standard_12x10_g104_vs_g103.jsonl,standard-random-12x10,standard,random-start,12x10,tf:103,tf:104,false,p2,accepted,,830503,830505491544,35
tf_phase7_policy_standard_2026-08-20,standard_12x10_g104_vs_g103.jsonl,standard-random-12x10,standard,random-start,12x10,tf:104,tf:103,true,p2,accepted,,830503,830505491545,36
tf_phase7_policy_standard_2026-08-20,standard_12x10_g104_vs_g103.jsonl,standard-random-12x10,standard,random-start,12x10,tf:103,tf:104,false,p1,accepted,,830503,830505491546,37
tf_phase7_policy_standard_2026-08-20,standard_12x10_g104_vs_g103.jsonl,standard-random-12x10,standard,random-start,12x10,tf:104,tf:103,true,draw,accepted,,830503,830505491547,38
tf_phase7_policy_standard_2026-08-20,standard_12x10_g104_vs_g103.jsonl,standard-random-12x10,standard,random-start,12x10,tf:103,tf:104,false,p2,accepted,,830503,830505491548,39
tf_phase7_policy_standard_2026-08-20,standard_12x10_g104_vs_g98.jsonl,standard-random-12x10,standard,random-start,12x10,tf:104,tf:98,true,p1,accepted,,830498,830500491494,0
tf_phase7_policy_standard_2026-08-20,standard_12x10_g104_vs_g98.jsonl,standard-random-12x10,standard,random-start,12x10,tf:98,tf:104,false,draw,accepted,,830498,830500491495,1
tf_phase7_policy_standard_2026-08-20,standard_12x10_g104_vs_g98.jsonl,standard-random-12x10,standard,random-start,12x10,tf:104,tf:98,true,p1,accepted,,830498,830500491496,2
tf_phase7_policy_standard_2026-08-20,standard_12x10_g104_vs_g98.jsonl,standard-random-12x10,standard,random-start,12x10,tf:98,tf:104,false,p2,accepted,,830498,830500491497,3
tf_phase7_policy_standard_2026-08-20,standard_12x10_g104_vs_g98.jsonl,standard-random-12x10,standard,random-start,12x10,tf:104,tf:98,true,p1,accepted,,830498,830500491498,4
tf_phase7_policy_standard_2026-08-20,standard_12x10_g104_vs_g98.jsonl,standard-random-12x10,standard,random-start,12x10,tf:98,tf:104,false,p1,accepted,,830498,830500491499,5
tf_phase7_policy_standard_2026-08-20,standard_12x10_g104_vs_g98.jsonl,standard-random-12x10,standard,random-start,12x10,tf:104,tf:98,true,p1,accepted,,830498,830500491500,6
tf_phase7_policy_standard_2026-08-20,standard_12x10_g104_vs_g98.jsonl,standard-random-12x10,standard,random-start,12x10,tf:98,tf:104,false,p1,accepted,,830498,830500491501,7
tf_phase7_policy_standard_2026-08-20,standard_12x10_g104_vs_g98.jsonl,standard-random-12x10,standard,random-start,12x10,tf:104,tf:98,true,draw,accepted,,830498,830500491502,8
tf_phase7_policy_standard_2026-08-20,standard_12x10_g104_vs_g98.jsonl,standard-random-12x10,standard,random-start,12x10,tf:98,tf:104,false,p2,accepted,,830498,830500491503,9
tf_phase7_policy_standard_2026-08-20,standard_12x10_g104_vs_g98.jsonl,standard-random-12x10,standard,random-start,12x10,tf:104,tf:98,true,p2,accepted,,830498,830500491504,10
tf_phase7_policy_standard_2026-08-20,standard_12x10_g104_vs_g98.jsonl,standard-random-12x10,standard,random-start,12x10,tf:98,tf:104,false,p1,accepted,,830498,830500491505,11
tf_phase7_policy_standard_2026-08-20,standard_12x10_g104_vs_g98.jsonl,standard-random-12x10,standard,random-start,12x10,tf:104,tf:98,true,p1,accepted,,830498,830500491506,12
tf_phase7_policy_standard_2026-08-20,standard_12x10_g104_vs_g98.jsonl,standard-random-12x10,standard,random-start,12x10,tf:98,tf:104,false,p2,accepted,,830498,830500491507,13
tf_phase7_policy_standard_2026-08-20,standard_12x10_g104_vs_g98.jsonl,standard-random-12x10,standard,random-start,12x10,tf:104,tf:98,true,p2,accepted,,830498,830500491508,14
tf_phase7_policy_standard_2026-08-20,standard_12x10_g104_vs_g98.jsonl,standard-random-12x10,standard,random-start,12x10,tf:98,tf:104,false,p1,accepted,,830498,830500491509,15
tf_phase7_policy_standard_2026-08-20,standard_12x10_g104_vs_g98.jsonl,standard-random-12x10,standard,random-start,12x10,tf:104,tf:98,true,p1,accepted,,830498,830500491510,16
tf_phase7_policy_standard_2026-08-20,standard_12x10_g104_vs_g98.jsonl,standard-random-12x10,standard,random-start,12x10,tf:98,tf:104,false,draw,accepted,,830498,830500491511,17
tf_phase7_policy_standard_2026-08-20,standard_12x10_g104_vs_g98.jsonl,standard-random-12x10,standard,random-start,12x10,tf:104,tf:98,true,p1,accepted,,830498,830500491512,18
tf_phase7_policy_standard_2026-08-20,standard_12x10_g104_vs_g98.jsonl,standard-random-12x10,standard,random-start,12x10,tf:98,tf:104,false,p1,accepted,,830498,830500491513,19
tf_phase7_policy_standard_2026-08-20,standard_12x10_g104_vs_g98.jsonl,standard-random-12x10,standard,random-start,12x10,tf:104,tf:98,true,p1,accepted,,830498,830500491514,20
tf_phase7_policy_standard_2026-08-20,standard_12x10_g104_vs_g98.jsonl,standard-random-12x10,standard,random-start,12x10,tf:98,tf:104,false,p1,accepted,,830498,830500491515,21
tf_phase7_policy_standard_2026-08-20,standard_12x10_g104_vs_g98.jsonl,standard-random-12x10,standard,random-start,12x10,tf:104,tf:98,true,draw,accepted,,830498,830500491516,22
tf_phase7_policy_standard_2026-08-20,standard_12x10_g104_vs_g98.jsonl,standard-random-12x10,standard,random-start,12x10,tf:98,tf:104,false,p2,accepted,,830498,830500491517,23
tf_phase7_policy_standard_2026-08-20,standard_12x10_g104_vs_g98.jsonl,standard-random-12x10,standard,random-start,12x10,tf:104,tf:98,true,p1,accepted,,830498,830500491518,24
tf_phase7_policy_standard_2026-08-20,standard_12x10_g104_vs_g98.jsonl,standard-random-12x10,standard,random-start,12x10,tf:98,tf:104,false,draw,accepted,,830498,830500491519,25
tf_phase7_policy_standard_2026-08-20,standard_12x10_g104_vs_g98.jsonl,standard-random-12x10,standard,random-start,12x10,tf:104,tf:98,true,p2,accepted,,830498,830500491520,26
tf_phase7_policy_standard_2026-08-20,standard_12x10_g104_vs_g98.jsonl,standard-random-12x10,standard,random-start,12x10,tf:98,tf:104,false,p1,accepted,,830498,830500491521,27
tf_phase7_policy_standard_2026-08-20,standard_12x10_g104_vs_g98.jsonl,standard-random-12x10,standard,random-start,12x10,tf:104,tf:98,true,p1,accepted,,830498,830500491522,28
tf_phase7_policy_standard_2026-08-20,standard_12x10_g104_vs_g98.jsonl,standard-random-12x10,standard,random-start,12x10,tf:98,tf:104,false,p1,accepted,,830498,830500491523,29
tf_phase7_policy_standard_2026-08-20,standard_12x10_g104_vs_g98.jsonl,standard-random-12x10,standard,random-start,12x10,tf:104,tf:98,true,draw,accepted,,830498,830500491524,30
tf_phase7_policy_standard_2026-08-20,standard_12x10_g104_vs_g98.jsonl,standard-random-12x10,standard,random-start,12x10,tf:98,tf:104,false,p1,accepted,,830498,830500491525,31
tf_phase7_policy_standard_2026-08-20,standard_12x10_g104_vs_g98.jsonl,standard-random-12x10,standard,random-start,12x10,tf:104,tf:98,true,draw,accepted,,830498,830500491526,32
tf_phase7_policy_standard_2026-08-20,standard_12x10_g104_vs_g98.jsonl,standard-random-12x10,standard,random-start,12x10,tf:98,tf:104,false,p2,accepted,,830498,830500491527,33
tf_phase7_policy_standard_2026-08-20,standard_12x10_g104_vs_g98.jsonl,standard-random-12x10,standard,random-start,12x10,tf:104,tf:98,true,p2,accepted,,830498,830500491528,34
tf_phase7_policy_standard_2026-08-20,standard_12x10_g104_vs_g98.jsonl,standard-random-12x10,standard,random-start,12x10,tf:98,tf:104,false,p1,accepted,,830498,830500491529,35
tf_phase7_policy_standard_2026-08-20,standard_12x10_g104_vs_g98.jsonl,standard-random-12x10,standard,random-start,12x10,tf:104,tf:98,true,p1,accepted,,830498,830500491530,36
tf_phase7_policy_standard_2026-08-20,standard_12x10_g104_vs_g98.jsonl,standard-random-12x10,standard,random-start,12x10,tf:98,tf:104,false,p1,accepted,,830498,830500491531,37
tf_phase7_policy_standard_2026-08-20,standard_12x10_g104_vs_g98.jsonl,standard-random-12x10,standard,random-start,12x10,tf:104,tf:98,true,p1,accepted,,830498,830500491532,38
tf_phase7_policy_standard_2026-08-20,standard_12x10_g104_vs_g98.jsonl,standard-random-12x10,standard,random-start,12x10,tf:98,tf:104,false,p2,accepted,,830498,830500491533,39
tf_phase7_policy_standard_2026-08-20,standard_12x10_g105_vs_g102.jsonl,standard-random-12x10,standard,random-start,12x10,tf:105,tf:102,true,p2,accepted,,830602,830604491806,0
tf_phase7_policy_standard_2026-08-20,standard_12x10_g105_vs_g102.jsonl,standard-random-12x10,standard,random-start,12x10,tf:102,tf:105,false,p1,accepted,,830602,830604491807,1
tf_phase7_policy_standard_2026-08-20,standard_12x10_g105_vs_g102.jsonl,standard-random-12x10,standard,random-start,12x10,tf:105,tf:102,true,draw,accepted,,830602,830604491808,2
tf_phase7_policy_standard_2026-08-20,standard_12x10_g105_vs_g102.jsonl,standard-random-12x10,standard,random-start,12x10,tf:102,tf:105,false,p1,accepted,,830602,830604491809,3
tf_phase7_policy_standard_2026-08-20,standard_12x10_g105_vs_g102.jsonl,standard-random-12x10,standard,random-start,12x10,tf:105,tf:102,true,p1,accepted,,830602,830604491810,4
tf_phase7_policy_standard_2026-08-20,standard_12x10_g105_vs_g102.jsonl,standard-random-12x10,standard,random-start,12x10,tf:102,tf:105,false,draw,accepted,,830602,830604491811,5
tf_phase7_policy_standard_2026-08-20,standard_12x10_g105_vs_g102.jsonl,standard-random-12x10,standard,random-start,12x10,tf:105,tf:102,true,p1,accepted,,830602,830604491812,6
tf_phase7_policy_standard_2026-08-20,standard_12x10_g105_vs_g102.jsonl,standard-random-12x10,standard,random-start,12x10,tf:102,tf:105,false,p2,accepted,,830602,830604491813,7
tf_phase7_policy_standard_2026-08-20,standard_12x10_g105_vs_g102.jsonl,standard-random-12x10,standard,random-start,12x10,tf:105,tf:102,true,p2,accepted,,830602,830604491814,8
tf_phase7_policy_standard_2026-08-20,standard_12x10_g105_vs_g102.jsonl,standard-random-12x10,standard,random-start,12x10,tf:102,tf:105,false,p1,accepted,,830602,830604491815,9
tf_phase7_policy_standard_2026-08-20,standard_12x10_g105_vs_g102.jsonl,standard-random-12x10,standard,random-start,12x10,tf:105,tf:102,true,draw,accepted,,830602,830604491816,10
tf_phase7_policy_standard_2026-08-20,standard_12x10_g105_vs_g102.jsonl,standard-random-12x10,standard,random-start,12x10,tf:102,tf:105,false,p2,accepted,,830602,830604491817,11
tf_phase7_policy_standard_2026-08-20,standard_12x10_g105_vs_g102.jsonl,standard-random-12x10,standard,random-start,12x10,tf:105,tf:102,true,p2,accepted,,830602,830604491818,12
tf_phase7_policy_standard_2026-08-20,standard_12x10_g105_vs_g102.jsonl,standard-random-12x10,standard,random-start,12x10,tf:102,tf:105,false,p2,accepted,,830602,830604491819,13
tf_phase7_policy_standard_2026-08-20,standard_12x10_g105_vs_g102.jsonl,standard-random-12x10,standard,random-start,12x10,tf:105,tf:102,true,p1,accepted,,830602,830604491820,14
tf_phase7_policy_standard_2026-08-20,standard_12x10_g105_vs_g102.jsonl,standard-random-12x10,standard,random-start,12x10,tf:102,tf:105,false,p1,accepted,,830602,830604491821,15
tf_phase7_policy_standard_2026-08-20,standard_12x10_g105_vs_g102.jsonl,standard-random-12x10,standard,random-start,12x10,tf:105,tf:102,true,p1,accepted,,830602,830604491822,16
tf_phase7_policy_standard_2026-08-20,standard_12x10_g105_vs_g102.jsonl,standard-random-12x10,standard,random-start,12x10,tf:102,tf:105,false,p1,accepted,,830602,830604491823,17
tf_phase7_policy_standard_2026-08-20,standard_12x10_g105_vs_g102.jsonl,standard-random-12x10,standard,random-start,12x10,tf:105,tf:102,true,p1,accepted,,830602,830604491824,18
tf_phase7_policy_standard_2026-08-20,standard_12x10_g105_vs_g102.jsonl,standard-random-12x10,standard,random-start,12x10,tf:102,tf:105,false,p1,accepted,,830602,830604491825,19
tf_phase7_policy_standard_2026-08-20,standard_12x10_g105_vs_g102.jsonl,standard-random-12x10,standard,random-start,12x10,tf:105,tf:102,true,p2,accepted,,830602,830604491826,20
tf_phase7_policy_standard_2026-08-20,standard_12x10_g105_vs_g102.jsonl,standard-random-12x10,standard,random-start,12x10,tf:102,tf:105,false,p1,accepted,,830602,830604491827,21
tf_phase7_policy_standard_2026-08-20,standard_12x10_g105_vs_g102.jsonl,standard-random-12x10,standard,random-start,12x10,tf:105,tf:102,true,p1,accepted,,830602,830604491828,22
tf_phase7_policy_standard_2026-08-20,standard_12x10_g105_vs_g102.jsonl,standard-random-12x10,standard,random-start,12x10,tf:102,tf:105,false,p1,accepted,,830602,830604491829,23
tf_phase7_policy_standard_2026-08-20,standard_12x10_g105_vs_g102.jsonl,standard-random-12x10,standard,random-start,12x10,tf:105,tf:102,true,p2,accepted,,830602,830604491830,24
tf_phase7_policy_standard_2026-08-20,standard_12x10_g105_vs_g102.jsonl,standard-random-12x10,standard,random-start,12x10,tf:102,tf:105,false,p1,accepted,,830602,830604491831,25
tf_phase7_policy_standard_2026-08-20,standard_12x10_g105_vs_g102.jsonl,standard-random-12x10,standard,random-start,12x10,tf:105,tf:102,true,p2,accepted,,830602,830604491832,26
tf_phase7_policy_standard_2026-08-20,standard_12x10_g105_vs_g102.jsonl,standard-random-12x10,standard,random-start,12x10,tf:102,tf:105,false,p2,accepted,,830602,830604491833,27
tf_phase7_policy_standard_2026-08-20,standard_12x10_g105_vs_g102.jsonl,standard-random-12x10,standard,random-start,12x10,tf:105,tf:102,true,p2,accepted,,830602,830604491834,28
tf_phase7_policy_standard_2026-08-20,standard_12x10_g105_vs_g102.jsonl,standard-random-12x10,standard,random-start,12x10,tf:102,tf:105,false,p1,accepted,,830602,830604491835,29
tf_phase7_policy_standard_2026-08-20,standard_12x10_g105_vs_g102.jsonl,standard-random-12x10,standard,random-start,12x10,tf:105,tf:102,true,p2,accepted,,830602,830604491836,30
tf_phase7_policy_standard_2026-08-20,standard_12x10_g105_vs_g102.jsonl,standard-random-12x10,standard,random-start,12x10,tf:102,tf:105,false,p2,accepted,,830602,830604491837,31
tf_phase7_policy_standard_2026-08-20,standard_12x10_g105_vs_g102.jsonl,standard-random-12x10,standard,random-start,12x10,tf:105,tf:102,true,p2,accepted,,830602,830604491838,32
tf_phase7_policy_standard_2026-08-20,standard_12x10_g105_vs_g102.jsonl,standard-random-12x10,standard,random-start,12x10,tf:102,tf:105,false,draw,accepted,,830602,830604491839,33
tf_phase7_policy_standard_2026-08-20,standard_12x10_g105_vs_g102.jsonl,standard-random-12x10,standard,random-start,12x10,tf:105,tf:102,true,draw,accepted,,830602,830604491840,34
tf_phase7_policy_standard_2026-08-20,standard_12x10_g105_vs_g102.jsonl,standard-random-12x10,standard,random-start,12x10,tf:102,tf:105,false,p1,accepted,,830602,830604491841,35
tf_phase7_policy_standard_2026-08-20,standard_12x10_g105_vs_g102.jsonl,standard-random-12x10,standard,random-start,12x10,tf:105,tf:102,true,p1,accepted,,830602,830604491842,36
tf_phase7_policy_standard_2026-08-20,standard_12x10_g105_vs_g102.jsonl,standard-random-12x10,standard,random-start,12x10,tf:102,tf:105,false,draw,accepted,,830602,830604491843,37
tf_phase7_policy_standard_2026-08-20,standard_12x10_g105_vs_g102.jsonl,standard-random-12x10,standard,random-start,12x10,tf:105,tf:102,true,p1,accepted,,830602,830604491844,38
tf_phase7_policy_standard_2026-08-20,standard_12x10_g105_vs_g102.jsonl,standard-random-12x10,standard,random-start,12x10,tf:102,tf:105,false,p2,accepted,,830602,830604491845,39
tf_phase7_policy_standard_2026-08-20,standard_12x10_g105_vs_g104.jsonl,standard-random-12x10,standard,random-start,12x10,tf:105,tf:104,true,p2,accepted,,830604,830606491812,0
tf_phase7_policy_standard_2026-08-20,standard_12x10_g105_vs_g104.jsonl,standard-random-12x10,standard,random-start,12x10,tf:104,tf:105,false,p1,accepted,,830604,830606491813,1
tf_phase7_policy_standard_2026-08-20,standard_12x10_g105_vs_g104.jsonl,standard-random-12x10,standard,random-start,12x10,tf:105,tf:104,true,p1,accepted,,830604,830606491814,2
tf_phase7_policy_standard_2026-08-20,standard_12x10_g105_vs_g104.jsonl,standard-random-12x10,standard,random-start,12x10,tf:104,tf:105,false,p2,accepted,,830604,830606491815,3
tf_phase7_policy_standard_2026-08-20,standard_12x10_g105_vs_g104.jsonl,standard-random-12x10,standard,random-start,12x10,tf:105,tf:104,true,p2,accepted,,830604,830606491816,4
tf_phase7_policy_standard_2026-08-20,standard_12x10_g105_vs_g104.jsonl,standard-random-12x10,standard,random-start,12x10,tf:104,tf:105,false,p1,accepted,,830604,830606491817,5
tf_phase7_policy_standard_2026-08-20,standard_12x10_g105_vs_g104.jsonl,standard-random-12x10,standard,random-start,12x10,tf:105,tf:104,true,p1,accepted,,830604,830606491818,6
tf_phase7_policy_standard_2026-08-20,standard_12x10_g105_vs_g104.jsonl,standard-random-12x10,standard,random-start,12x10,tf:104,tf:105,false,p2,accepted,,830604,830606491819,7
tf_phase7_policy_standard_2026-08-20,standard_12x10_g105_vs_g104.jsonl,standard-random-12x10,standard,random-start,12x10,tf:105,tf:104,true,p2,accepted,,830604,830606491820,8
tf_phase7_policy_standard_2026-08-20,standard_12x10_g105_vs_g104.jsonl,standard-random-12x10,standard,random-start,12x10,tf:104,tf:105,false,p1,accepted,,830604,830606491821,9
tf_phase7_policy_standard_2026-08-20,standard_12x10_g105_vs_g104.jsonl,standard-random-12x10,standard,random-start,12x10,tf:105,tf:104,true,p2,accepted,,830604,830606491822,10
tf_phase7_policy_standard_2026-08-20,standard_12x10_g105_vs_g104.jsonl,standard-random-12x10,standard,random-start,12x10,tf:104,tf:105,false,p2,accepted,,830604,830606491823,11
tf_phase7_policy_standard_2026-08-20,standard_12x10_g105_vs_g104.jsonl,standard-random-12x10,standard,random-start,12x10,tf:105,tf:104,true,p2,accepted,,830604,830606491824,12
tf_phase7_policy_standard_2026-08-20,standard_12x10_g105_vs_g104.jsonl,standard-random-12x10,standard,random-start,12x10,tf:104,tf:105,false,draw,accepted,,830604,830606491825,13
tf_phase7_policy_standard_2026-08-20,standard_12x10_g105_vs_g104.jsonl,standard-random-12x10,standard,random-start,12x10,tf:105,tf:104,true,p2,accepted,,830604,830606491826,14
tf_phase7_policy_standard_2026-08-20,standard_12x10_g105_vs_g104.jsonl,standard-random-12x10,standard,random-start,12x10,tf:104,tf:105,false,p1,accepted,,830604,830606491827,15
tf_phase7_policy_standard_2026-08-20,standard_12x10_g105_vs_g104.jsonl,standard-random-12x10,standard,random-start,12x10,tf:105,tf:104,true,p1,accepted,,830604,830606491828,16
tf_phase7_policy_standard_2026-08-20,standard_12x10_g105_vs_g104.jsonl,standard-random-12x10,standard,random-start,12x10,tf:104,tf:105,false,p2,accepted,,830604,830606491829,17
tf_phase7_policy_standard_2026-08-20,standard_12x10_g105_vs_g104.jsonl,standard-random-12x10,standard,random-start,12x10,tf:105,tf:104,true,p2,accepted,,830604,830606491830,18
tf_phase7_policy_standard_2026-08-20,standard_12x10_g105_vs_g104.jsonl,standard-random-12x10,standard,random-start,12x10,tf:104,tf:105,false,p1,accepted,,830604,830606491831,19
tf_phase7_policy_standard_2026-08-20,standard_12x10_g105_vs_g104.jsonl,standard-random-12x10,standard,random-start,12x10,tf:105,tf:104,true,p2,accepted,,830604,830606491832,20
tf_phase7_policy_standard_2026-08-20,standard_12x10_g105_vs_g104.jsonl,standard-random-12x10,standard,random-start,12x10,tf:104,tf:105,false,draw,accepted,,830604,830606491833,21
tf_phase7_policy_standard_2026-08-20,standard_12x10_g105_vs_g104.jsonl,standard-random-12x10,standard,random-start,12x10,tf:105,tf:104,true,p2,accepted,,830604,830606491834,22
tf_phase7_policy_standard_2026-08-20,standard_12x10_g105_vs_g104.jsonl,standard-random-12x10,standard,random-start,12x10,tf:104,tf:105,false,p1,accepted,,830604,830606491835,23
tf_phase7_policy_standard_2026-08-20,standard_12x10_g105_vs_g104.jsonl,standard-random-12x10,standard,random-start,12x10,tf:105,tf:104,true,p1,accepted,,830604,830606491836,24
tf_phase7_policy_standard_2026-08-20,standard_12x10_g105_vs_g104.jsonl,standard-random-12x10,standard,random-start,12x10,tf:104,tf:105,false,p1,accepted,,830604,830606491837,25
tf_phase7_policy_standard_2026-08-20,standard_12x10_g105_vs_g104.jsonl,standard-random-12x10,standard,random-start,12x10,tf:105,tf:104,true,p1,accepted,,830604,830606491838,26
tf_phase7_policy_standard_2026-08-20,standard_12x10_g105_vs_g104.jsonl,standard-random-12x10,standard,random-start,12x10,tf:104,tf:105,false,p2,accepted,,830604,830606491839,27
tf_phase7_policy_standard_2026-08-20,standard_12x10_g105_vs_g104.jsonl,standard-random-12x10,standard,random-start,12x10,tf:105,tf:104,true,p2,accepted,,830604,830606491840,28
tf_phase7_policy_standard_2026-08-20,standard_12x10_g105_vs_g104.jsonl,standard-random-12x10,standard,random-start,12x10,tf:104,tf:105,false,p2,accepted,,830604,830606491841,29
tf_phase7_policy_standard_2026-08-20,standard_12x10_g105_vs_g104.jsonl,standard-random-12x10,standard,random-start,12x10,tf:105,tf:104,true,p1,accepted,,830604,830606491842,30
tf_phase7_policy_standard_2026-08-20,standard_12x10_g105_vs_g104.jsonl,standard-random-12x10,standard,random-start,12x10,tf:104,tf:105,false,p1,accepted,,830604,830606491843,31
tf_phase7_policy_standard_2026-08-20,standard_12x10_g105_vs_g104.jsonl,standard-random-12x10,standard,random-start,12x10,tf:105,tf:104,true,p2,accepted,,830604,830606491844,32
tf_phase7_policy_standard_2026-08-20,standard_12x10_g105_vs_g104.jsonl,standard-random-12x10,standard,random-start,12x10,tf:104,tf:105,false,p2,accepted,,830604,830606491845,33
tf_phase7_policy_standard_2026-08-20,standard_12x10_g105_vs_g104.jsonl,standard-random-12x10,standard,random-start,12x10,tf:105,tf:104,true,p1,accepted,,830604,830606491846,34
tf_phase7_policy_standard_2026-08-20,standard_12x10_g105_vs_g104.jsonl,standard-random-12x10,standard,random-start,12x10,tf:104,tf:105,false,p1,accepted,,830604,830606491847,35
tf_phase7_policy_standard_2026-08-20,standard_12x10_g105_vs_g104.jsonl,standard-random-12x10,standard,random-start,12x10,tf:105,tf:104,true,p2,accepted,,830604,830606491848,36
tf_phase7_policy_standard_2026-08-20,standard_12x10_g105_vs_g104.jsonl,standard-random-12x10,standard,random-start,12x10,tf:104,tf:105,false,draw,accepted,,830604,830606491849,37
tf_phase7_policy_standard_2026-08-20,standard_12x10_g105_vs_g104.jsonl,standard-random-12x10,standard,random-start,12x10,tf:105,tf:104,true,p2,accepted,,830604,830606491850,38
tf_phase7_policy_standard_2026-08-20,standard_12x10_g105_vs_g104.jsonl,standard-random-12x10,standard,random-start,12x10,tf:104,tf:105,false,p1,accepted,,830604,830606491851,39
tf_phase7_policy_standard_2026-08-20,standard_12x10_g105_vs_g99.jsonl,standard-random-12x10,standard,random-start,12x10,tf:105,tf:99,true,p2,accepted,,830599,830601491797,0
tf_phase7_policy_standard_2026-08-20,standard_12x10_g105_vs_g99.jsonl,standard-random-12x10,standard,random-start,12x10,tf:99,tf:105,false,draw,accepted,,830599,830601491798,1
tf_phase7_policy_standard_2026-08-20,standard_12x10_g105_vs_g99.jsonl,standard-random-12x10,standard,random-start,12x10,tf:105,tf:99,true,p1,accepted,,830599,830601491799,2
tf_phase7_policy_standard_2026-08-20,standard_12x10_g105_vs_g99.jsonl,standard-random-12x10,standard,random-start,12x10,tf:99,tf:105,false,p1,accepted,,830599,830601491800,3
tf_phase7_policy_standard_2026-08-20,standard_12x10_g105_vs_g99.jsonl,standard-random-12x10,standard,random-start,12x10,tf:105,tf:99,true,p1,accepted,,830599,830601491801,4
tf_phase7_policy_standard_2026-08-20,standard_12x10_g105_vs_g99.jsonl,standard-random-12x10,standard,random-start,12x10,tf:99,tf:105,false,p2,accepted,,830599,830601491802,5
tf_phase7_policy_standard_2026-08-20,standard_12x10_g105_vs_g99.jsonl,standard-random-12x10,standard,random-start,12x10,tf:105,tf:99,true,p1,accepted,,830599,830601491803,6
tf_phase7_policy_standard_2026-08-20,standard_12x10_g105_vs_g99.jsonl,standard-random-12x10,standard,random-start,12x10,tf:99,tf:105,false,p1,accepted,,830599,830601491804,7
tf_phase7_policy_standard_2026-08-20,standard_12x10_g105_vs_g99.jsonl,standard-random-12x10,standard,random-start,12x10,tf:105,tf:99,true,draw,accepted,,830599,830601491805,8
tf_phase7_policy_standard_2026-08-20,standard_12x10_g105_vs_g99.jsonl,standard-random-12x10,standard,random-start,12x10,tf:99,tf:105,false,p1,accepted,,830599,830601491806,9
tf_phase7_policy_standard_2026-08-20,standard_12x10_g105_vs_g99.jsonl,standard-random-12x10,standard,random-start,12x10,tf:105,tf:99,true,p1,accepted,,830599,830601491807,10
tf_phase7_policy_standard_2026-08-20,standard_12x10_g105_vs_g99.jsonl,standard-random-12x10,standard,random-start,12x10,tf:99,tf:105,false,p1,accepted,,830599,830601491808,11
tf_phase7_policy_standard_2026-08-20,standard_12x10_g105_vs_g99.jsonl,standard-random-12x10,standard,random-start,12x10,tf:105,tf:99,true,p1,accepted,,830599,830601491809,12
tf_phase7_policy_standard_2026-08-20,standard_12x10_g105_vs_g99.jsonl,standard-random-12x10,standard,random-start,12x10,tf:99,tf:105,false,p2,accepted,,830599,830601491810,13
tf_phase7_policy_standard_2026-08-20,standard_12x10_g105_vs_g99.jsonl,standard-random-12x10,standard,random-start,12x10,tf:105,tf:99,true,p1,accepted,,830599,830601491811,14
tf_phase7_policy_standard_2026-08-20,standard_12x10_g105_vs_g99.jsonl,standard-random-12x10,standard,random-start,12x10,tf:99,tf:105,false,p1,accepted,,830599,830601491812,15
tf_phase7_policy_standard_2026-08-20,standard_12x10_g105_vs_g99.jsonl,standard-random-12x10,standard,random-start,12x10,tf:105,tf:99,true,p2,accepted,,830599,830601491813,16
tf_phase7_policy_standard_2026-08-20,standard_12x10_g105_vs_g99.jsonl,standard-random-12x10,standard,random-start,12x10,tf:99,tf:105,false,p1,accepted,,830599,830601491814,17
tf_phase7_policy_standard_2026-08-20,standard_12x10_g105_vs_g99.jsonl,standard-random-12x10,standard,random-start,12x10,tf:105,tf:99,true,draw,accepted,,830599,830601491815,18
tf_phase7_policy_standard_2026-08-20,standard_12x10_g105_vs_g99.jsonl,standard-random-12x10,standard,random-start,12x10,tf:99,tf:105,false,p1,accepted,,830599,830601491816,19
tf_phase7_policy_standard_2026-08-20,standard_12x10_g105_vs_g99.jsonl,standard-random-12x10,standard,random-start,12x10,tf:105,tf:99,true,draw,accepted,,830599,830601491817,20
tf_phase7_policy_standard_2026-08-20,standard_12x10_g105_vs_g99.jsonl,standard-random-12x10,standard,random-start,12x10,tf:99,tf:105,false,p1,accepted,,830599,830601491818,21
tf_phase7_policy_standard_2026-08-20,standard_12x10_g105_vs_g99.jsonl,standard-random-12x10,standard,random-start,12x10,tf:105,tf:99,true,p2,accepted,,830599,830601491819,22
tf_phase7_policy_standard_2026-08-20,standard_12x10_g105_vs_g99.jsonl,standard-random-12x10,standard,random-start,12x10,tf:99,tf:105,false,p2,accepted,,830599,830601491820,23
tf_phase7_policy_standard_2026-08-20,standard_12x10_g105_vs_g99.jsonl,standard-random-12x10,standard,random-start,12x10,tf:105,tf:99,true,p1,accepted,,830599,830601491821,24
tf_phase7_policy_standard_2026-08-20,standard_12x10_g105_vs_g99.jsonl,standard-random-12x10,standard,random-start,12x10,tf:99,tf:105,false,p1,accepted,,830599,830601491822,25
tf_phase7_policy_standard_2026-08-20,standard_12x10_g105_vs_g99.jsonl,standard-random-12x10,standard,random-start,12x10,tf:105,tf:99,true,p2,accepted,,830599,830601491823,26
tf_phase7_policy_standard_2026-08-20,standard_12x10_g105_vs_g99.jsonl,standard-random-12x10,standard,random-start,12x10,tf:99,tf:105,false,p1,accepted,,830599,830601491824,27
tf_phase7_policy_standard_2026-08-20,standard_12x10_g105_vs_g99.jsonl,standard-random-12x10,standard,random-start,12x10,tf:105,tf:99,true,draw,accepted,,830599,830601491825,28
tf_phase7_policy_standard_2026-08-20,standard_12x10_g105_vs_g99.jsonl,standard-random-12x10,standard,random-start,12x10,tf:99,tf:105,false,draw,accepted,,830599,830601491826,29
tf_phase7_policy_standard_2026-08-20,standard_12x10_g105_vs_g99.jsonl,standard-random-12x10,standard,random-start,12x10,tf:105,tf:99,true,p2,accepted,,830599,830601491827,30
tf_phase7_policy_standard_2026-08-20,standard_12x10_g105_vs_g99.jsonl,standard-random-12x10,standard,random-start,12x10,tf:99,tf:105,false,p2,accepted,,830599,830601491828,31
tf_phase7_policy_standard_2026-08-20,standard_12x10_g105_vs_g99.jsonl,standard-random-12x10,standard,random-start,12x10,tf:105,tf:99,true,p2,accepted,,830599,830601491829,32
tf_phase7_policy_standard_2026-08-20,standard_12x10_g105_vs_g99.jsonl,standard-random-12x10,standard,random-start,12x10,tf:99,tf:105,false,draw,accepted,,830599,830601491830,33
tf_phase7_policy_standard_2026-08-20,standard_12x10_g105_vs_g99.jsonl,standard-random-12x10,standard,random-start,12x10,tf:105,tf:99,true,p1,accepted,,830599,830601491831,34
tf_phase7_policy_standard_2026-08-20,standard_12x10_g105_vs_g99.jsonl,standard-random-12x10,standard,random-start,12x10,tf:99,tf:105,false,draw,accepted,,830599,830601491832,35
tf_phase7_policy_standard_2026-08-20,standard_12x10_g105_vs_g99.jsonl,standard-random-12x10,standard,random-start,12x10,tf:105,tf:99,true,p2,accepted,,830599,830601491833,36
tf_phase7_policy_standard_2026-08-20,standard_12x10_g105_vs_g99.jsonl,standard-random-12x10,standard,random-start,12x10,tf:99,tf:105,false,p1,accepted,,830599,830601491834,37
tf_phase7_policy_standard_2026-08-20,standard_12x10_g105_vs_g99.jsonl,standard-random-12x10,standard,random-start,12x10,tf:105,tf:99,true,p2,accepted,,830599,830601491835,38
tf_phase7_policy_standard_2026-08-20,standard_12x10_g105_vs_g99.jsonl,standard-random-12x10,standard,random-start,12x10,tf:99,tf:105,false,p1,accepted,,830599,830601491836,39
tf_phase7_policy_standard_2026-08-20,standard_12x10_g106_vs_g100.jsonl,standard-random-12x10,standard,random-start,12x10,tf:106,tf:100,true,p2,accepted,,830700,830702492100,0
tf_phase7_policy_standard_2026-08-20,standard_12x10_g106_vs_g100.jsonl,standard-random-12x10,standard,random-start,12x10,tf:100,tf:106,false,p1,accepted,,830700,830702492101,1
tf_phase7_policy_standard_2026-08-20,standard_12x10_g106_vs_g100.jsonl,standard-random-12x10,standard,random-start,12x10,tf:106,tf:100,true,p2,accepted,,830700,830702492102,2
tf_phase7_policy_standard_2026-08-20,standard_12x10_g106_vs_g100.jsonl,standard-random-12x10,standard,random-start,12x10,tf:100,tf:106,false,draw,accepted,,830700,830702492103,3
tf_phase7_policy_standard_2026-08-20,standard_12x10_g106_vs_g100.jsonl,standard-random-12x10,standard,random-start,12x10,tf:106,tf:100,true,draw,accepted,,830700,830702492104,4
tf_phase7_policy_standard_2026-08-20,standard_12x10_g106_vs_g100.jsonl,standard-random-12x10,standard,random-start,12x10,tf:100,tf:106,false,p1,accepted,,830700,830702492105,5
tf_phase7_policy_standard_2026-08-20,standard_12x10_g106_vs_g100.jsonl,standard-random-12x10,standard,random-start,12x10,tf:106,tf:100,true,p1,accepted,,830700,830702492106,6
tf_phase7_policy_standard_2026-08-20,standard_12x10_g106_vs_g100.jsonl,standard-random-12x10,standard,random-start,12x10,tf:100,tf:106,false,draw,accepted,,830700,830702492107,7
tf_phase7_policy_standard_2026-08-20,standard_12x10_g106_vs_g100.jsonl,standard-random-12x10,standard,random-start,12x10,tf:106,tf:100,true,p2,accepted,,830700,830702492108,8
tf_phase7_policy_standard_2026-08-20,standard_12x10_g106_vs_g100.jsonl,standard-random-12x10,standard,random-start,12x10,tf:100,tf:106,false,p2,accepted,,830700,830702492109,9
tf_phase7_policy_standard_2026-08-20,standard_12x10_g106_vs_g100.jsonl,standard-random-12x10,standard,random-start,12x10,tf:106,tf:100,true,p1,accepted,,830700,830702492110,10
tf_phase7_policy_standard_2026-08-20,standard_12x10_g106_vs_g100.jsonl,standard-random-12x10,standard,random-start,12x10,tf:100,tf:106,false,p2,accepted,,830700,830702492111,11
tf_phase7_policy_standard_2026-08-20,standard_12x10_g106_vs_g100.jsonl,standard-random-12x10,standard,random-start,12x10,tf:106,tf:100,true,draw,accepted,,830700,830702492112,12
tf_phase7_policy_standard_2026-08-20,standard_12x10_g106_vs_g100.jsonl,standard-random-12x10,standard,random-start,12x10,tf:100,tf:106,false,p1,accepted,,830700,830702492113,13
tf_phase7_policy_standard_2026-08-20,standard_12x10_g106_vs_g100.jsonl,standard-random-12x10,standard,random-start,12x10,tf:106,tf:100,true,draw,accepted,,830700,830702492114,14
tf_phase7_policy_standard_2026-08-20,standard_12x10_g106_vs_g100.jsonl,standard-random-12x10,standard,random-start,12x10,tf:100,tf:106,false,p2,accepted,,830700,830702492115,15
tf_phase7_policy_standard_2026-08-20,standard_12x10_g106_vs_g100.jsonl,standard-random-12x10,standard,random-start,12x10,tf:106,tf:100,true,p1,accepted,,830700,830702492116,16
tf_phase7_policy_standard_2026-08-20,standard_12x10_g106_vs_g100.jsonl,standard-random-12x10,standard,random-start,12x10,tf:100,tf:106,false,p1,accepted,,830700,830702492117,17
tf_phase7_policy_standard_2026-08-20,standard_12x10_g106_vs_g100.jsonl,standard-random-12x10,standard,random-start,12x10,tf:106,tf:100,true,p2,accepted,,830700,830702492118,18
tf_phase7_policy_standard_2026-08-20,standard_12x10_g106_vs_g100.jsonl,standard-random-12x10,standard,random-start,12x10,tf:100,tf:106,false,p1,accepted,,830700,830702492119,19
tf_phase7_policy_standard_2026-08-20,standard_12x10_g106_vs_g100.jsonl,standard-random-12x10,standard,random-start,12x10,tf:106,tf:100,true,p1,accepted,,830700,830702492120,20
tf_phase7_policy_standard_2026-08-20,standard_12x10_g106_vs_g100.jsonl,standard-random-12x10,standard,random-start,12x10,tf:100,tf:106,false,draw,accepted,,830700,830702492121,21
tf_phase7_policy_standard_2026-08-20,standard_12x10_g106_vs_g100.jsonl,standard-random-12x10,standard,random-start,12x10,tf:106,tf:100,true,p1,accepted,,830700,830702492122,22
tf_phase7_policy_standard_2026-08-20,standard_12x10_g106_vs_g100.jsonl,standard-random-12x10,standard,random-start,12x10,tf:100,tf:106,false,p1,accepted,,830700,830702492123,23
tf_phase7_policy_standard_2026-08-20,standard_12x10_g106_vs_g100.jsonl,standard-random-12x10,standard,random-start,12x10,tf:106,tf:100,true,draw,accepted,,830700,830702492124,24
tf_phase7_policy_standard_2026-08-20,standard_12x10_g106_vs_g100.jsonl,standard-random-12x10,standard,random-start,12x10,tf:100,tf:106,false,p2,accepted,,830700,830702492125,25
tf_phase7_policy_standard_2026-08-20,standard_12x10_g106_vs_g100.jsonl,standard-random-12x10,standard,random-start,12x10,tf:106,tf:100,true,p2,accepted,,830700,830702492126,26
tf_phase7_policy_standard_2026-08-20,standard_12x10_g106_vs_g100.jsonl,standard-random-12x10,standard,random-start,12x10,tf:100,tf:106,false,p2,accepted,,830700,830702492127,27
tf_phase7_policy_standard_2026-08-20,standard_12x10_g106_vs_g100.jsonl,standard-random-12x10,standard,random-start,12x10,tf:106,tf:100,true,p1,accepted,,830700,830702492128,28
tf_phase7_policy_standard_2026-08-20,standard_12x10_g106_vs_g100.jsonl,standard-random-12x10,standard,random-start,12x10,tf:100,tf:106,false,p1,accepted,,830700,830702492129,29
tf_phase7_policy_standard_2026-08-20,standard_12x10_g106_vs_g100.jsonl,standard-random-12x10,standard,random-start,12x10,tf:106,tf:100,true,p2,accepted,,830700,830702492130,30
tf_phase7_policy_standard_2026-08-20,standard_12x10_g106_vs_g100.jsonl,standard-random-12x10,standard,random-start,12x10,tf:100,tf:106,false,p1,accepted,,830700,830702492131,31
tf_phase7_policy_standard_2026-08-20,standard_12x10_g106_vs_g100.jsonl,standard-random-12x10,standard,random-start,12x10,tf:106,tf:100,true,p1,accepted,,830700,830702492132,32
tf_phase7_policy_standard_2026-08-20,standard_12x10_g106_vs_g100.jsonl,standard-random-12x10,standard,random-start,12x10,tf:100,tf:106,false,p2,accepted,,830700,830702492133,33
tf_phase7_policy_standard_2026-08-20,standard_12x10_g106_vs_g100.jsonl,standard-random-12x10,standard,random-start,12x10,tf:106,tf:100,true,p1,accepted,,830700,830702492134,34
tf_phase7_policy_standard_2026-08-20,standard_12x10_g106_vs_g100.jsonl,standard-random-12x10,standard,random-start,12x10,tf:100,tf:106,false,p1,accepted,,830700,830702492135,35
tf_phase7_policy_standard_2026-08-20,standard_12x10_g106_vs_g100.jsonl,standard-random-12x10,standard,random-start,12x10,tf:106,tf:100,true,p2,accepted,,830700,830702492136,36
tf_phase7_policy_standard_2026-08-20,standard_12x10_g106_vs_g100.jsonl,standard-random-12x10,standard,random-start,12x10,tf:100,tf:106,false,p1,accepted,,830700,830702492137,37
tf_phase7_policy_standard_2026-08-20,standard_12x10_g106_vs_g100.jsonl,standard-random-12x10,standard,random-start,12x10,tf:106,tf:100,true,p1,accepted,,830700,830702492138,38
tf_phase7_policy_standard_2026-08-20,standard_12x10_g106_vs_g100.jsonl,standard-random-12x10,standard,random-start,12x10,tf:100,tf:106,false,p1,accepted,,830700,830702492139,39
tf_phase7_policy_standard_2026-08-20,standard_12x10_g106_vs_g103.jsonl,standard-random-12x10,standard,random-start,12x10,tf:106,tf:103,true,p1,accepted,,830703,830705492109,0
tf_phase7_policy_standard_2026-08-20,standard_12x10_g106_vs_g103.jsonl,standard-random-12x10,standard,random-start,12x10,tf:103,tf:106,false,p2,accepted,,830703,830705492110,1
tf_phase7_policy_standard_2026-08-20,standard_12x10_g106_vs_g103.jsonl,standard-random-12x10,standard,random-start,12x10,tf:106,tf:103,true,p1,accepted,,830703,830705492111,2
tf_phase7_policy_standard_2026-08-20,standard_12x10_g106_vs_g103.jsonl,standard-random-12x10,standard,random-start,12x10,tf:103,tf:106,false,p2,accepted,,830703,830705492112,3
tf_phase7_policy_standard_2026-08-20,standard_12x10_g106_vs_g103.jsonl,standard-random-12x10,standard,random-start,12x10,tf:106,tf:103,true,draw,accepted,,830703,830705492113,4
tf_phase7_policy_standard_2026-08-20,standard_12x10_g106_vs_g103.jsonl,standard-random-12x10,standard,random-start,12x10,tf:103,tf:106,false,p1,accepted,,830703,830705492114,5
tf_phase7_policy_standard_2026-08-20,standard_12x10_g106_vs_g103.jsonl,standard-random-12x10,standard,random-start,12x10,tf:106,tf:103,true,p1,accepted,,830703,830705492115,6
tf_phase7_policy_standard_2026-08-20,standard_12x10_g106_vs_g103.jsonl,standard-random-12x10,standard,random-start,12x10,tf:103,tf:106,false,p2,accepted,,830703,830705492116,7
tf_phase7_policy_standard_2026-08-20,standard_12x10_g106_vs_g103.jsonl,standard-random-12x10,standard,random-start,12x10,tf:106,tf:103,true,p1,accepted,,830703,830705492117,8
tf_phase7_policy_standard_2026-08-20,standard_12x10_g106_vs_g103.jsonl,standard-random-12x10,standard,random-start,12x10,tf:103,tf:106,false,p1,accepted,,830703,830705492118,9
tf_phase7_policy_standard_2026-08-20,standard_12x10_g106_vs_g103.jsonl,standard-random-12x10,standard,random-start,12x10,tf:106,tf:103,true,p1,accepted,,830703,830705492119,10
tf_phase7_policy_standard_2026-08-20,standard_12x10_g106_vs_g103.jsonl,standard-random-12x10,standard,random-start,12x10,tf:103,tf:106,false,p2,accepted,,830703,830705492120,11
tf_phase7_policy_standard_2026-08-20,standard_12x10_g106_vs_g103.jsonl,standard-random-12x10,standard,random-start,12x10,tf:106,tf:103,true,p2,accepted,,830703,830705492121,12
tf_phase7_policy_standard_2026-08-20,standard_12x10_g106_vs_g103.jsonl,standard-random-12x10,standard,random-start,12x10,tf:103,tf:106,false,p2,accepted,,830703,830705492122,13
tf_phase7_policy_standard_2026-08-20,standard_12x10_g106_vs_g103.jsonl,standard-random-12x10,standard,random-start,12x10,tf:106,tf:103,true,p1,accepted,,830703,830705492123,14
tf_phase7_policy_standard_2026-08-20,standard_12x10_g106_vs_g103.jsonl,standard-random-12x10,standard,random-start,12x10,tf:103,tf:106,false,p1,accepted,,830703,830705492124,15
tf_phase7_policy_standard_2026-08-20,standard_12x10_g106_vs_g103.jsonl,standard-random-12x10,standard,random-start,12x10,tf:106,tf:103,true,p1,accepted,,830703,830705492125,16
tf_phase7_policy_standard_2026-08-20,standard_12x10_g106_vs_g103.jsonl,standard-random-12x10,standard,random-start,12x10,tf:103,tf:106,false,p1,accepted,,830703,830705492126,17
tf_phase7_policy_standard_2026-08-20,standard_12x10_g106_vs_g103.jsonl,standard-random-12x10,standard,random-start,12x10,tf:106,tf:103,true,p2,accepted,,830703,830705492127,18
tf_phase7_policy_standard_2026-08-20,standard_12x10_g106_vs_g103.jsonl,standard-random-12x10,standard,random-start,12x10,tf:103,tf:106,false,p2,accepted,,830703,830705492128,19
tf_phase7_policy_standard_2026-08-20,standard_12x10_g106_vs_g103.jsonl,standard-random-12x10,standard,random-start,12x10,tf:106,tf:103,true,draw,accepted,,830703,830705492129,20
tf_phase7_policy_standard_2026-08-20,standard_12x10_g106_vs_g103.jsonl,standard-random-12x10,standard,random-start,12x10,tf:103,tf:106,false,p1,accepted,,830703,830705492130,21
tf_phase7_policy_standard_2026-08-20,standard_12x10_g106_vs_g103.jsonl,standard-random-12x10,standard,random-start,12x10,tf:106,tf:103,true,p2,accepted,,830703,830705492131,22
tf_phase7_policy_standard_2026-08-20,standard_12x10_g106_vs_g103.jsonl,standard-random-12x10,standard,random-start,12x10,tf:103,tf:106,false,p2,accepted,,830703,830705492132,23
tf_phase7_policy_standard_2026-08-20,standard_12x10_g106_vs_g103.jsonl,standard-random-12x10,standard,random-start,12x10,tf:106,tf:103,true,p2,accepted,,830703,830705492133,24
tf_phase7_policy_standard_2026-08-20,standard_12x10_g106_vs_g103.jsonl,standard-random-12x10,standard,random-start,12x10,tf:103,tf:106,false,p1,accepted,,830703,830705492134,25
tf_phase7_policy_standard_2026-08-20,standard_12x10_g106_vs_g103.jsonl,standard-random-12x10,standard,random-start,12x10,tf:106,tf:103,true,p1,accepted,,830703,830705492135,26
tf_phase7_policy_standard_2026-08-20,standard_12x10_g106_vs_g103.jsonl,standard-random-12x10,standard,random-start,12x10,tf:103,tf:106,false,p1,accepted,,830703,830705492136,27
tf_phase7_policy_standard_2026-08-20,standard_12x10_g106_vs_g103.jsonl,standard-random-12x10,standard,random-start,12x10,tf:106,tf:103,true,p1,accepted,,830703,830705492137,28
tf_phase7_policy_standard_2026-08-20,standard_12x10_g106_vs_g103.jsonl,standard-random-12x10,standard,random-start,12x10,tf:103,tf:106,false,p1,accepted,,830703,830705492138,29
tf_phase7_policy_standard_2026-08-20,standard_12x10_g106_vs_g103.jsonl,standard-random-12x10,standard,random-start,12x10,tf:106,tf:103,true,p1,accepted,,830703,830705492139,30
tf_phase7_policy_standard_2026-08-20,standard_12x10_g106_vs_g103.jsonl,standard-random-12x10,standard,random-start,12x10,tf:103,tf:106,false,p1,accepted,,830703,830705492140,31
tf_phase7_policy_standard_2026-08-20,standard_12x10_g106_vs_g103.jsonl,standard-random-12x10,standard,random-start,12x10,tf:106,tf:103,true,p2,accepted,,830703,830705492141,32
tf_phase7_policy_standard_2026-08-20,standard_12x10_g106_vs_g103.jsonl,standard-random-12x10,standard,random-start,12x10,tf:103,tf:106,false,p1,accepted,,830703,830705492142,33
tf_phase7_policy_standard_2026-08-20,standard_12x10_g106_vs_g103.jsonl,standard-random-12x10,standard,random-start,12x10,tf:106,tf:103,true,p1,accepted,,830703,830705492143,34
tf_phase7_policy_standard_2026-08-20,standard_12x10_g106_vs_g103.jsonl,standard-random-12x10,standard,random-start,12x10,tf:103,tf:106,false,p1,accepted,,830703,830705492144,35
tf_phase7_policy_standard_2026-08-20,standard_12x10_g106_vs_g103.jsonl,standard-random-12x10,standard,random-start,12x10,tf:106,tf:103,true,p1,accepted,,830703,830705492145,36
tf_phase7_policy_standard_2026-08-20,standard_12x10_g106_vs_g103.jsonl,standard-random-12x10,standard,random-start,12x10,tf:103,tf:106,false,p2,accepted,,830703,830705492146,37
tf_phase7_policy_standard_2026-08-20,standard_12x10_g106_vs_g103.jsonl,standard-random-12x10,standard,random-start,12x10,tf:106,tf:103,true,p2,accepted,,830703,830705492147,38
tf_phase7_policy_standard_2026-08-20,standard_12x10_g106_vs_g103.jsonl,standard-random-12x10,standard,random-start,12x10,tf:103,tf:106,false,p1,accepted,,830703,830705492148,39
tf_phase7_policy_standard_2026-08-20,standard_12x10_g106_vs_g105.jsonl,standard-random-12x10,standard,random-start,12x10,tf:106,tf:105,true,p1,accepted,,830705,830707492115,0
tf_phase7_policy_standard_2026-08-20,standard_12x10_g106_vs_g105.jsonl,standard-random-12x10,standard,random-start,12x10,tf:105,tf:106,false,p1,accepted,,830705,830707492116,1
tf_phase7_policy_standard_2026-08-20,standard_12x10_g106_vs_g105.jsonl,standard-random-12x10,standard,random-start,12x10,tf:106,tf:105,true,p2,accepted,,830705,830707492117,2
tf_phase7_policy_standard_2026-08-20,standard_12x10_g106_vs_g105.jsonl,standard-random-12x10,standard,random-start,12x10,tf:105,tf:106,false,p1,accepted,,830705,830707492118,3
tf_phase7_policy_standard_2026-08-20,standard_12x10_g106_vs_g105.jsonl,standard-random-12x10,standard,random-start,12x10,tf:106,tf:105,true,draw,accepted,,830705,830707492119,4
tf_phase7_policy_standard_2026-08-20,standard_12x10_g106_vs_g105.jsonl,standard-random-12x10,standard,random-start,12x10,tf:105,tf:106,false,p2,accepted,,830705,830707492120,5
tf_phase7_policy_standard_2026-08-20,standard_12x10_g106_vs_g105.jsonl,standard-random-12x10,standard,random-start,12x10,tf:106,tf:105,true,p1,accepted,,830705,830707492121,6
tf_phase7_policy_standard_2026-08-20,standard_12x10_g106_vs_g105.jsonl,standard-random-12x10,standard,random-start,12x10,tf:105,tf:106,false,p1,accepted,,830705,830707492122,7
tf_phase7_policy_standard_2026-08-20,standard_12x10_g106_vs_g105.jsonl,standard-random-12x10,standard,random-start,12x10,tf:106,tf:105,true,draw,accepted,,830705,830707492123,8
tf_phase7_policy_standard_2026-08-20,standard_12x10_g106_vs_g105.jsonl,standard-random-12x10,standard,random-start,12x10,tf:105,tf:106,false,p2,accepted,,830705,830707492124,9
tf_phase7_policy_standard_2026-08-20,standard_12x10_g106_vs_g105.jsonl,standard-random-12x10,standard,random-start,12x10,tf:106,tf:105,true,p2,accepted,,830705,830707492125,10
tf_phase7_policy_standard_2026-08-20,standard_12x10_g106_vs_g105.jsonl,standard-random-12x10,standard,random-start,12x10,tf:105,tf:106,false,p2,accepted,,830705,830707492126,11
tf_phase7_policy_standard_2026-08-20,standard_12x10_g106_vs_g105.jsonl,standard-random-12x10,standard,random-start,12x10,tf:106,tf:105,true,p2,accepted,,830705,830707492127,12
tf_phase7_policy_standard_2026-08-20,standard_12x10_g106_vs_g105.jsonl,standard-random-12x10,standard,random-start,12x10,tf:105,tf:106,false,p1,accepted,,830705,830707492128,13
tf_phase7_policy_standard_2026-08-20,standard_12x10_g106_vs_g105.jsonl,standard-random-12x10,standard,random-start,12x10,tf:106,tf:105,true,p1,accepted,,830705,830707492129,14
tf_phase7_policy_standard_2026-08-20,standard_12x10_g106_vs_g105.jsonl,standard-random-12x10,standard,random-start,12x10,tf:105,tf:106,false,p2,accepted,,830705,830707492130,15
tf_phase7_policy_standard_2026-08-20,standard_12x10_g106_vs_g105.jsonl,standard-random-12x10,standard,random-start,12x10,tf:106,tf:105,true,p2,accepted,,830705,830707492131,16
tf_phase7_policy_standard_2026-08-20,standard_12x10_g106_vs_g105.jsonl,standard-random-12x10,standard,random-start,12x10,tf:105,tf:106,false,draw,accepted,,830705,830707492132,17
tf_phase7_policy_standard_2026-08-20,standard_12x10_g106_vs_g105.jsonl,standard-random-12x10,standard,random-start,12x10,tf:106,tf:105,true,draw,accepted,,830705,830707492133,18
tf_phase7_policy_standard_2026-08-20,standard_12x10_g106_vs_g105.jsonl,standard-random-12x10,standard,random-start,12x10,tf:105,tf:106,false,p1,accepted,,830705,830707492134,19
tf_phase7_policy_standard_2026-08-20,standard_12x10_g106_vs_g105.jsonl,standard-random-12x10,standard,random-start,12x10,tf:106,tf:105,true,p2,accepted,,830705,830707492135,20
tf_phase7_policy_standard_2026-08-20,standard_12x10_g106_vs_g105.jsonl,standard-random-12x10,standard,random-start,12x10,tf:105,tf:106,false,p2,accepted,,830705,830707492136,21
tf_phase7_policy_standard_2026-08-20,standard_12x10_g106_vs_g105.jsonl,standard-random-12x10,standard,random-start,12x10,tf:106,tf:105,true,p1,accepted,,830705,830707492137,22
tf_phase7_policy_standard_2026-08-20,standard_12x10_g106_vs_g105.jsonl,standard-random-12x10,standard,random-start,12x10,tf:105,tf:106,false,p1,accepted,,830705,830707492138,23
tf_phase7_policy_standard_2026-08-20,standard_12x10_g106_vs_g105.jsonl,standard-random-12x10,standard,random-start,12x10,tf:106,tf:105,true,p2,accepted,,830705,830707492139,24
tf_phase7_policy_standard_2026-08-20,standard_12x10_g106_vs_g105.jsonl,standard-random-12x10,standard,random-start,12x10,tf:105,tf:106,false,draw,accepted,,830705,830707492140,25
tf_phase7_policy_standard_2026-08-20,standard_12x10_g106_vs_g105.jsonl,standard-random-12x10,standard,random-start,12x10,tf:106,tf:105,true,p2,accepted,,830705,830707492141,26
tf_phase7_policy_standard_2026-08-20,standard_12x10_g106_vs_g105.jsonl,standard-random-12x10,standard,random-start,12x10,tf:105,tf:106,false,p1,accepted,,830705,830707492142,27
tf_phase7_policy_standard_2026-08-20,standard_12x10_g106_vs_g105.jsonl,standard-random-12x10,standard,random-start,12x10,tf:106,tf:105,true,p2,accepted,,830705,830707492143,28
tf_phase7_policy_standard_2026-08-20,standard_12x10_g106_vs_g105.jsonl,standard-random-12x10,standard,random-start,12x10,tf:105,tf:106,false,p1,accepted,,830705,830707492144,29
tf_phase7_policy_standard_2026-08-20,standard_12x10_g106_vs_g105.jsonl,standard-random-12x10,standard,random-start,12x10,tf:106,tf:105,true,p2,accepted,,830705,830707492145,30
tf_phase7_policy_standard_2026-08-20,standard_12x10_g106_vs_g105.jsonl,standard-random-12x10,standard,random-start,12x10,tf:105,tf:106,false,p2,accepted,,830705,830707492146,31
tf_phase7_policy_standard_2026-08-20,standard_12x10_g106_vs_g105.jsonl,standard-random-12x10,standard,random-start,12x10,tf:106,tf:105,true,p2,accepted,,830705,830707492147,32
tf_phase7_policy_standard_2026-08-20,standard_12x10_g106_vs_g105.jsonl,standard-random-12x10,standard,random-start,12x10,tf:105,tf:106,false,p2,accepted,,830705,830707492148,33
tf_phase7_policy_standard_2026-08-20,standard_12x10_g106_vs_g105.jsonl,standard-random-12x10,standard,random-start,12x10,tf:106,tf:105,true,p1,accepted,,830705,830707492149,34
tf_phase7_policy_standard_2026-08-20,standard_12x10_g106_vs_g105.jsonl,standard-random-12x10,standard,random-start,12x10,tf:105,tf:106,false,draw,accepted,,830705,830707492150,35
tf_phase7_policy_standard_2026-08-20,standard_12x10_g106_vs_g105.jsonl,standard-random-12x10,standard,random-start,12x10,tf:106,tf:105,true,p2,accepted,,830705,830707492151,36
tf_phase7_policy_standard_2026-08-20,standard_12x10_g106_vs_g105.jsonl,standard-random-12x10,standard,random-start,12x10,tf:105,tf:106,false,p1,accepted,,830705,830707492152,37
tf_phase7_policy_standard_2026-08-20,standard_12x10_g106_vs_g105.jsonl,standard-random-12x10,standard,random-start,12x10,tf:106,tf:105,true,p1,accepted,,830705,830707492153,38
tf_phase7_policy_standard_2026-08-20,standard_12x10_g106_vs_g105.jsonl,standard-random-12x10,standard,random-start,12x10,tf:105,tf:106,false,p1,accepted,,830705,830707492154,39
tf_phase7_policy_standard_2026-08-20,standard_12x10_g107_vs_g101.jsonl,standard-random-12x10,standard,random-start,12x10,tf:107,tf:101,true,p2,accepted,,830801,830803492403,0
tf_phase7_policy_standard_2026-08-20,standard_12x10_g107_vs_g101.jsonl,standard-random-12x10,standard,random-start,12x10,tf:101,tf:107,false,p1,accepted,,830801,830803492404,1
tf_phase7_policy_standard_2026-08-20,standard_12x10_g107_vs_g101.jsonl,standard-random-12x10,standard,random-start,12x10,tf:107,tf:101,true,p1,accepted,,830801,830803492405,2
tf_phase7_policy_standard_2026-08-20,standard_12x10_g107_vs_g101.jsonl,standard-random-12x10,standard,random-start,12x10,tf:101,tf:107,false,p2,accepted,,830801,830803492406,3
tf_phase7_policy_standard_2026-08-20,standard_12x10_g107_vs_g101.jsonl,standard-random-12x10,standard,random-start,12x10,tf:107,tf:101,true,p2,accepted,,830801,830803492407,4
tf_phase7_policy_standard_2026-08-20,standard_12x10_g107_vs_g101.jsonl,standard-random-12x10,standard,random-start,12x10,tf:101,tf:107,false,p1,accepted,,830801,830803492408,5
tf_phase7_policy_standard_2026-08-20,standard_12x10_g107_vs_g101.jsonl,standard-random-12x10,standard,random-start,12x10,tf:107,tf:101,true,p1,accepted,,830801,830803492409,6
tf_phase7_policy_standard_2026-08-20,standard_12x10_g107_vs_g101.jsonl,standard-random-12x10,standard,random-start,12x10,tf:101,tf:107,false,p2,accepted,,830801,830803492410,7
tf_phase7_policy_standard_2026-08-20,standard_12x10_g107_vs_g101.jsonl,standard-random-12x10,standard,random-start,12x10,tf:107,tf:101,true,p1,accepted,,830801,830803492411,8
tf_phase7_policy_standard_2026-08-20,standard_12x10_g107_vs_g101.jsonl,standard-random-12x10,standard,random-start,12x10,tf:101,tf:107,false,p1,accepted,,830801,830803492412,9
tf_phase7_policy_standard_2026-08-20,standard_12x10_g107_vs_g101.jsonl,standard-random-12x10,standard,random-start,12x10,tf:107,tf:101,true,p2,accepted,,830801,830803492413,10
tf_phase7_policy_standard_2026-08-20,standard_12x10_g107_vs_g101.jsonl,standard-random-12x10,standard,random-start,12x10,tf:101,tf:107,false,p1,accepted,,830801,830803492414,11
tf_phase7_policy_standard_2026-08-20,standard_12x10_g107_vs_g101.jsonl,standard-random-12x10,standard,random-start,12x10,tf:107,tf:101,true,p1,accepted,,830801,830803492415,12
tf_phase7_policy_standard_2026-08-20,standard_12x10_g107_vs_g101.jsonl,standard-random-12x10,standard,random-start,12x10,tf:101,tf:107,false,p2,accepted,,830801,830803492416,13
tf_phase7_policy_standard_2026-08-20,standard_12x10_g107_vs_g101.jsonl,standard-random-12x10,standard,random-start,12x10,tf:107,tf:101,true,p1,accepted,,830801,830803492417,14
tf_phase7_policy_standard_2026-08-20,standard_12x10_g107_vs_g101.jsonl,standard-random-12x10,standard,random-start,12x10,tf:101,tf:107,false,p2,accepted,,830801,830803492418,15
tf_phase7_policy_standard_2026-08-20,standard_12x10_g107_vs_g101.jsonl,standard-random-12x10,standard,random-start,12x10,tf:107,tf:101,true,p2,accepted,,830801,830803492419,16
tf_phase7_policy_standard_2026-08-20,standard_12x10_g107_vs_g101.jsonl,standard-random-12x10,standard,random-start,12x10,tf:101,tf:107,false,p2,accepted,,830801,830803492420,17
tf_phase7_policy_standard_2026-08-20,standard_12x10_g107_vs_g101.jsonl,standard-random-12x10,standard,random-start,12x10,tf:107,tf:101,true,p1,accepted,,830801,830803492421,18
tf_phase7_policy_standard_2026-08-20,standard_12x10_g107_vs_g101.jsonl,standard-random-12x10,standard,random-start,12x10,tf:101,tf:107,false,p2,accepted,,830801,830803492422,19
tf_phase7_policy_standard_2026-08-20,standard_12x10_g107_vs_g101.jsonl,standard-random-12x10,standard,random-start,12x10,tf:107,tf:101,true,p1,accepted,,830801,830803492423,20
tf_phase7_policy_standard_2026-08-20,standard_12x10_g107_vs_g101.jsonl,standard-random-12x10,standard,random-start,12x10,tf:101,tf:107,false,p1,accepted,,830801,830803492424,21
tf_phase7_policy_standard_2026-08-20,standard_12x10_g107_vs_g101.jsonl,standard-random-12x10,standard,random-start,12x10,tf:107,tf:101,true,p1,accepted,,830801,830803492425,22
tf_phase7_policy_standard_2026-08-20,standard_12x10_g107_vs_g101.jsonl,standard-random-12x10,standard,random-start,12x10,tf:101,tf:107,false,draw,accepted,,830801,830803492426,23
tf_phase7_policy_standard_2026-08-20,standard_12x10_g107_vs_g101.jsonl,standard-random-12x10,standard,random-start,12x10,tf:107,tf:101,true,p2,accepted,,830801,830803492427,24
tf_phase7_policy_standard_2026-08-20,standard_12x10_g107_vs_g101.jsonl,standard-random-12x10,standard,random-start,12x10,tf:101,tf:107,false,draw,accepted,,830801,830803492428,25
tf_phase7_policy_standard_2026-08-20,standard_12x10_g107_vs_g101.jsonl,standard-random-12x10,standard,random-start,12x10,tf:107,tf:101,true,p2,accepted,,830801,830803492429,26
tf_phase7_policy_standard_2026-08-20,standard_12x10_g107_vs_g101.jsonl,standard-random-12x10,standard,random-start,12x10,tf:101,tf:107,false,p1,accepted,,830801,830803492430,27
tf_phase7_policy_standard_2026-08-20,standard_12x10_g107_vs_g101.jsonl,standard-random-12x10,standard,random-start,12x10,tf:107,tf:101,true,p1,accepted,,830801,830803492431,28
tf_phase7_policy_standard_2026-08-20,standard_12x10_g107_vs_g101.jsonl,standard-random-12x10,standard,random-start,12x10,tf:101,tf:107,false,p2,accepted,,830801,830803492432,29
tf_phase7_policy_standard_2026-08-20,standard_12x10_g107_vs_g101.jsonl,standard-random-12x10,standard,random-start,12x10,tf:107,tf:101,true,p1,accepted,,830801,830803492433,30
tf_phase7_policy_standard_2026-08-20,standard_12x10_g107_vs_g101.jsonl,standard-random-12x10,standard,random-start,12x10,tf:101,tf:107,false,p2,accepted,,830801,830803492434,31
tf_phase7_policy_standard_2026-08-20,standard_12x10_g107_vs_g101.jsonl,standard-random-12x10,standard,random-start,12x10,tf:107,tf:101,true,p1,accepted,,830801,830803492435,32
tf_phase7_policy_standard_2026-08-20,standard_12x10_g107_vs_g101.jsonl,standard-random-12x10,standard,random-start,12x10,tf:101,tf:107,false,p1,accepted,,830801,830803492436,33
tf_phase7_policy_standard_2026-08-20,standard_12x10_g107_vs_g101.jsonl,standard-random-12x10,standard,random-start,12x10,tf:107,tf:101,true,p1,accepted,,830801,830803492437,34
tf_phase7_policy_standard_2026-08-20,standard_12x10_g107_vs_g101.jsonl,standard-random-12x10,standard,random-start,12x10,tf:101,tf:107,false,p2,accepted,,830801,830803492438,35
tf_phase7_policy_standard_2026-08-20,standard_12x10_g107_vs_g101.jsonl,standard-random-12x10,standard,random-start,12x10,tf:107,tf:101,true,p2,accepted,,830801,830803492439,36
tf_phase7_policy_standard_2026-08-20,standard_12x10_g107_vs_g101.jsonl,standard-random-12x10,standard,random-start,12x10,tf:101,tf:107,false,p2,accepted,,830801,830803492440,37
tf_phase7_policy_standard_2026-08-20,standard_12x10_g107_vs_g101.jsonl,standard-random-12x10,standard,random-start,12x10,tf:107,tf:101,true,p1,accepted,,830801,830803492441,38
tf_phase7_policy_standard_2026-08-20,standard_12x10_g107_vs_g101.jsonl,standard-random-12x10,standard,random-start,12x10,tf:101,tf:107,false,p2,accepted,,830801,830803492442,39
tf_phase7_policy_standard_2026-08-20,standard_12x10_g107_vs_g104.jsonl,standard-random-12x10,standard,random-start,12x10,tf:107,tf:104,true,p1,accepted,,830804,830806492412,0
tf_phase7_policy_standard_2026-08-20,standard_12x10_g107_vs_g104.jsonl,standard-random-12x10,standard,random-start,12x10,tf:104,tf:107,false,p2,accepted,,830804,830806492413,1
tf_phase7_policy_standard_2026-08-20,standard_12x10_g107_vs_g104.jsonl,standard-random-12x10,standard,random-start,12x10,tf:107,tf:104,true,p2,accepted,,830804,830806492414,2
tf_phase7_policy_standard_2026-08-20,standard_12x10_g107_vs_g104.jsonl,standard-random-12x10,standard,random-start,12x10,tf:104,tf:107,false,p2,accepted,,830804,830806492415,3
tf_phase7_policy_standard_2026-08-20,standard_12x10_g107_vs_g104.jsonl,standard-random-12x10,standard,random-start,12x10,tf:107,tf:104,true,p2,accepted,,830804,830806492416,4
tf_phase7_policy_standard_2026-08-20,standard_12x10_g107_vs_g104.jsonl,standard-random-12x10,standard,random-start,12x10,tf:104,tf:107,false,p2,accepted,,830804,830806492417,5
tf_phase7_policy_standard_2026-08-20,standard_12x10_g107_vs_g104.jsonl,standard-random-12x10,standard,random-start,12x10,tf:107,tf:104,true,draw,accepted,,830804,830806492418,6
tf_phase7_policy_standard_2026-08-20,standard_12x10_g107_vs_g104.jsonl,standard-random-12x10,standard,random-start,12x10,tf:104,tf:107,false,p1,accepted,,830804,830806492419,7
tf_phase7_policy_standard_2026-08-20,standard_12x10_g107_vs_g104.jsonl,standard-random-12x10,standard,random-start,12x10,tf:107,tf:104,true,p1,accepted,,830804,830806492420,8
tf_phase7_policy_standard_2026-08-20,standard_12x10_g107_vs_g104.jsonl,standard-random-12x10,standard,random-start,12x10,tf:104,tf:107,false,draw,accepted,,830804,830806492421,9
tf_phase7_policy_standard_2026-08-20,standard_12x10_g107_vs_g104.jsonl,standard-random-12x10,standard,random-start,12x10,tf:107,tf:104,true,p2,accepted,,830804,830806492422,10
tf_phase7_policy_standard_2026-08-20,standard_12x10_g107_vs_g104.jsonl,standard-random-12x10,standard,random-start,12x10,tf:104,tf:107,false,p1,accepted,,830804,830806492423,11
tf_phase7_policy_standard_2026-08-20,standard_12x10_g107_vs_g104.jsonl,standard-random-12x10,standard,random-start,12x10,tf:107,tf:104,true,draw,accepted,,830804,830806492424,12
tf_phase7_policy_standard_2026-08-20,standard_12x10_g107_vs_g104.jsonl,standard-random-12x10,standard,random-start,12x10,tf:104,tf:107,false,p1,accepted,,830804,830806492425,13
tf_phase7_policy_standard_2026-08-20,standard_12x10_g107_vs_g104.jsonl,standard-random-12x10,standard,random-start,12x10,tf:107,tf:104,true,p1,accepted,,830804,830806492426,14
tf_phase7_policy_standard_2026-08-20,standard_12x10_g107_vs_g104.jsonl,standard-random-12x10,standard,random-start,12x10,tf:104,tf:107,false,p2,accepted,,830804,830806492427,15
tf_phase7_policy_standard_2026-08-20,standard_12x10_g107_vs_g104.jsonl,standard-random-12x10,standard,random-start,12x10,tf:107,tf:104,true,p1,accepted,,830804,830806492428,16
tf_phase7_policy_standard_2026-08-20,standard_12x10_g107_vs_g104.jsonl,standard-random-12x10,standard,random-start,12x10,tf:104,tf:107,false,p1,accepted,,830804,830806492429,17
tf_phase7_policy_standard_2026-08-20,standard_12x10_g107_vs_g104.jsonl,standard-random-12x10,standard,random-start,12x10,tf:107,tf:104,true,draw,accepted,,830804,830806492430,18
tf_phase7_policy_standard_2026-08-20,standard_12x10_g107_vs_g104.jsonl,standard-random-12x10,standard,random-start,12x10,tf:104,tf:107,false,p1,accepted,,830804,830806492431,19
tf_phase7_policy_standard_2026-08-20,standard_12x10_g107_vs_g104.jsonl,standard-random-12x10,standard,random-start,12x10,tf:107,tf:104,true,p1,accepted,,830804,830806492432,20
tf_phase7_policy_standard_2026-08-20,standard_12x10_g107_vs_g104.jsonl,standard-random-12x10,standard,random-start,12x10,tf:104,tf:107,false,p2,accepted,,830804,830806492433,21
tf_phase7_policy_standard_2026-08-20,standard_12x10_g107_vs_g104.jsonl,standard-random-12x10,standard,random-start,12x10,tf:107,tf:104,true,p1,accepted,,830804,830806492434,22
tf_phase7_policy_standard_2026-08-20,standard_12x10_g107_vs_g104.jsonl,standard-random-12x10,standard,random-start,12x10,tf:104,tf:107,false,p2,accepted,,830804,830806492435,23
tf_phase7_policy_standard_2026-08-20,standard_12x10_g107_vs_g104.jsonl,standard-random-12x10,standard,random-start,12x10,tf:107,tf:104,true,p1,accepted,,830804,830806492436,24
tf_phase7_policy_standard_2026-08-20,standard_12x10_g107_vs_g104.jsonl,standard-random-12x10,standard,random-start,12x10,tf:104,tf:107,false,p2,accepted,,830804,830806492437,25
tf_phase7_policy_standard_2026-08-20,standard_12x10_g107_vs_g104.jsonl,standard-random-12x10,standard,random-start,12x10,tf:107,tf:104,true,p2,accepted,,830804,830806492438,26
tf_phase7_policy_standard_2026-08-20,standard_12x10_g107_vs_g104.jsonl,standard-random-12x10,standard,random-start,12x10,tf:104,tf:107,false,p2,accepted,,830804,830806492439,27
tf_phase7_policy_standard_2026-08-20,standard_12x10_g107_vs_g104.jsonl,standard-random-12x10,standard,random-start,12x10,tf:107,tf:104,true,p1,accepted,,830804,830806492440,28
tf_phase7_policy_standard_2026-08-20,standard_12x10_g107_vs_g104.jsonl,standard-random-12x10,standard,random-start,12x10,tf:104,tf:107,false,p2,accepted,,830804,830806492441,29
tf_phase7_policy_standard_2026-08-20,standard_12x10_g107_vs_g104.jsonl,standard-random-12x10,standard,random-start,12x10,tf:107,tf:104,true,p2,accepted,,830804,830806492442,30
tf_phase7_policy_standard_2026-08-20,standard_12x10_g107_vs_g104.jsonl,standard-random-12x10,standard,random-start,12x10,tf:104,tf:107,false,p1,accepted,,830804,830806492443,31
tf_phase7_policy_standard_2026-08-20,standard_12x10_g107_vs_g104.jsonl,standard-random-12x10,standard,random-start,12x10,tf:107,tf:104,true,p2,accepted,,830804,830806492444,32
tf_phase7_policy_standard_2026-08-20,standard_12x10_g107_vs_g104.jsonl,standard-random-12x10,standard,random-start,12x10,tf:104,tf:107,false,p2,accepted,,830804,830806492445,33
tf_phase7_policy_standard_2026-08-20,standard_12x10_g107_vs_g104.jsonl,standard-random-12x10,standard,random-start,12x10,tf:107,tf:104,true,p1,accepted,,830804,830806492446,34
tf_phase7_policy_standard_2026-08-20,standard_12x10_g107_vs_g104.jsonl,standard-random-12x10,standard,random-start,12x10,tf:104,tf:107,false,p1,accepted,,830804,830806492447,35
tf_phase7_policy_standard_2026-08-20,standard_12x10_g107_vs_g104.jsonl,standard-random-12x10,standard,random-start,12x10,tf:107,tf:104,true,p1,accepted,,830804,830806492448,36
tf_phase7_policy_standard_2026-08-20,standard_12x10_g107_vs_g104.jsonl,standard-random-12x10,standard,random-start,12x10,tf:104,tf:107,false,draw,accepted,,830804,830806492449,37
tf_phase7_policy_standard_2026-08-20,standard_12x10_g107_vs_g104.jsonl,standard-random-12x10,standard,random-start,12x10,tf:107,tf:104,true,p2,accepted,,830804,830806492450,38
tf_phase7_policy_standard_2026-08-20,standard_12x10_g107_vs_g104.jsonl,standard-random-12x10,standard,random-start,12x10,tf:104,tf:107,false,p1,accepted,,830804,830806492451,39
tf_phase7_policy_standard_2026-08-20,standard_12x10_g107_vs_g106.jsonl,standard-random-12x10,standard,random-start,12x10,tf:107,tf:106,true,p1,accepted,,830806,830808492418,0
tf_phase7_policy_standard_2026-08-20,standard_12x10_g107_vs_g106.jsonl,standard-random-12x10,standard,random-start,12x10,tf:106,tf:107,false,p2,accepted,,830806,830808492419,1
tf_phase7_policy_standard_2026-08-20,standard_12x10_g107_vs_g106.jsonl,standard-random-12x10,standard,random-start,12x10,tf:107,tf:106,true,p1,accepted,,830806,830808492420,2
tf_phase7_policy_standard_2026-08-20,standard_12x10_g107_vs_g106.jsonl,standard-random-12x10,standard,random-start,12x10,tf:106,tf:107,false,p2,accepted,,830806,830808492421,3
tf_phase7_policy_standard_2026-08-20,standard_12x10_g107_vs_g106.jsonl,standard-random-12x10,standard,random-start,12x10,tf:107,tf:106,true,draw,accepted,,830806,830808492422,4
tf_phase7_policy_standard_2026-08-20,standard_12x10_g107_vs_g106.jsonl,standard-random-12x10,standard,random-start,12x10,tf:106,tf:107,false,p2,accepted,,830806,830808492423,5
tf_phase7_policy_standard_2026-08-20,standard_12x10_g107_vs_g106.jsonl,standard-random-12x10,standard,random-start,12x10,tf:107,tf:106,true,p2,accepted,,830806,830808492424,6
tf_phase7_policy_standard_2026-08-20,standard_12x10_g107_vs_g106.jsonl,standard-random-12x10,standard,random-start,12x10,tf:106,tf:107,false,p1,accepted,,830806,830808492425,7
tf_phase7_policy_standard_2026-08-20,standard_12x10_g107_vs_g106.jsonl,standard-random-12x10,standard,random-start,12x10,tf:107,tf:106,true,p2,accepted,,830806,830808492426,8
tf_phase7_policy_standard_2026-08-20,standard_12x10_g107_vs_g106.jsonl,standard-random-12x10,standard,random-start,12x10,tf:106,tf:107,false,draw,accepted,,830806,830808492427,9
tf_phase7_policy_standard_2026-08-20,standard_12x10_g107_vs_g106.jsonl,standard-random-12x10,standard,random-start,12x10,tf:107,tf:106,true,p1,accepted,,830806,830808492428,10
tf_phase7_policy_standard_2026-08-20,standard_12x10_g107_vs_g106.jsonl,standard-random-12x10,standard,random-start,12x10,tf:106,tf:107,false,p2,accepted,,830806,830808492429,11
tf_phase7_policy_standard_2026-08-20,standard_12x10_g107_vs_g106.jsonl,standard-random-12x10,standard,random-start,12x10,tf:107,tf:106,true,p1,accepted,,830806,830808492430,12
tf_phase7_policy_standard_2026-08-20,standard_12x10_g107_vs_g106.jsonl,standard-random-12x10,standard,random-start,12x10,tf:106,tf:107,false,p1,accepted,,830806,830808492431,13
tf_phase7_policy_standard_2026-08-20,standard_12x10_g107_vs_g106.jsonl,standard-random-12x10,standard,random-start,12x10,tf:107,tf:106,true,p1,accepted,,830806,830808492432,14
tf_phase7_policy_standard_2026-08-20,standard_12x10_g107_vs_g106.jsonl,standard-random-12x10,standard,random-start,12x10,tf:106,tf:107,false,p1,accepted,,830806,830808492433,15
tf_phase7_policy_standard_2026-08-20,standard_12x10_g107_vs_g106.jsonl,standard-random-12x10,standard,random-start,12x10,tf:107,tf:106,true,p1,accepted,,830806,830808492434,16
tf_phase7_policy_standard_2026-08-20,standard_12x10_g107_vs_g106.jsonl,standard-random-12x10,standard,random-start,12x10,tf:106,tf:107,false,p2,accepted,,830806,830808492435,17
tf_phase7_policy_standard_2026-08-20,standard_12x10_g107_vs_g106.jsonl,standard-random-12x10,standard,random-start,12x10,tf:107,tf:106,true,p2,accepted,,830806,830808492436,18
tf_phase7_policy_standard_2026-08-20,standard_12x10_g107_vs_g106.jsonl,standard-random-12x10,standard,random-start,12x10,tf:106,tf:107,false,draw,accepted,,830806,830808492437,19
tf_phase7_policy_standard_2026-08-20,standard_12x10_g107_vs_g106.jsonl,standard-random-12x10,standard,random-start,12x10,tf:107,tf:106,true,p2,accepted,,830806,830808492438,20
tf_phase7_policy_standard_2026-08-20,standard_12x10_g107_vs_g106.jsonl,standard-random-12x10,standard,random-start,12x10,tf:106,tf:107,false,p2,accepted,,830806,830808492439,21
tf_phase7_policy_standard_2026-08-20,standard_12x10_g107_vs_g106.jsonl,standard-random-12x10,standard,random-start,12x10,tf:107,tf:106,true,p1,accepted,,830806,830808492440,22
tf_phase7_policy_standard_2026-08-20,standard_12x10_g107_vs_g106.jsonl,standard-random-12x10,standard,random-start,12x10,tf:106,tf:107,false,p2,accepted,,830806,830808492441,23
tf_phase7_policy_standard_2026-08-20,standard_12x10_g107_vs_g106.jsonl,standard-random-12x10,standard,random-start,12x10,tf:107,tf:106,true,draw,accepted,,830806,830808492442,24
tf_phase7_policy_standard_2026-08-20,standard_12x10_g107_vs_g106.jsonl,standard-random-12x10,standard,random-start,12x10,tf:106,tf:107,false,p1,accepted,,830806,830808492443,25
tf_phase7_policy_standard_2026-08-20,standard_12x10_g107_vs_g106.jsonl,standard-random-12x10,standard,random-start,12x10,tf:107,tf:106,true,p1,accepted,,830806,830808492444,26
tf_phase7_policy_standard_2026-08-20,standard_12x10_g107_vs_g106.jsonl,standard-random-12x10,standard,random-start,12x10,tf:106,tf:107,false,p1,accepted,,830806,830808492445,27
tf_phase7_policy_standard_2026-08-20,standard_12x10_g107_vs_g106.jsonl,standard-random-12x10,standard,random-start,12x10,tf:107,tf:106,true,p1,accepted,,830806,830808492446,28
tf_phase7_policy_standard_2026-08-20,standard_12x10_g107_vs_g106.jsonl,standard-random-12x10,standard,random-start,12x10,tf:106,tf:107,false,p1,accepted,,830806,830808492447,29
tf_phase7_policy_standard_2026-08-20,standard_12x10_g107_vs_g106.jsonl,standard-random-12x10,standard,random-start,12x10,tf:107,tf:106,true,p1,accepted,,830806,830808492448,30
tf_phase7_policy_standard_2026-08-20,standard_12x10_g107_vs_g106.jsonl,standard-random-12x10,standard,random-start,12x10,tf:106,tf:107,false,draw,accepted,,830806,830808492449,31
tf_phase7_policy_standard_2026-08-20,standard_12x10_g107_vs_g106.jsonl,standard-random-12x10,standard,random-start,12x10,tf:107,tf:106,true,p1,accepted,,830806,830808492450,32
tf_phase7_policy_standard_2026-08-20,standard_12x10_g107_vs_g106.jsonl,standard-random-12x10,standard,random-start,12x10,tf:106,tf:107,false,draw,accepted,,830806,830808492451,33
tf_phase7_policy_standard_2026-08-20,standard_12x10_g107_vs_g106.jsonl,standard-random-12x10,standard,random-start,12x10,tf:107,tf:106,true,p2,accepted,,830806,830808492452,34
tf_phase7_policy_standard_2026-08-20,standard_12x10_g107_vs_g106.jsonl,standard-random-12x10,standard,random-start,12x10,tf:106,tf:107,false,p2,accepted,,830806,830808492453,35
tf_phase7_policy_standard_2026-08-20,standard_12x10_g107_vs_g106.jsonl,standard-random-12x10,standard,random-start,12x10,tf:107,tf:106,true,p2,accepted,,830806,830808492454,36
tf_phase7_policy_standard_2026-08-20,standard_12x10_g107_vs_g106.jsonl,standard-random-12x10,standard,random-start,12x10,tf:106,tf:107,false,p2,accepted,,830806,830808492455,37
tf_phase7_policy_standard_2026-08-20,standard_12x10_g107_vs_g106.jsonl,standard-random-12x10,standard,random-start,12x10,tf:107,tf:106,true,p1,accepted,,830806,830808492456,38
tf_phase7_policy_standard_2026-08-20,standard_12x10_g107_vs_g106.jsonl,standard-random-12x10,standard,random-start,12x10,tf:106,tf:107,false,p1,accepted,,830806,830808492457,39
tf_phase7_policy_standard_2026-08-20,standard_12x10_g108_vs_g102.jsonl,standard-random-12x10,standard,random-start,12x10,tf:108,tf:102,true,p1,accepted,,830902,830904492706,0
tf_phase7_policy_standard_2026-08-20,standard_12x10_g108_vs_g102.jsonl,standard-random-12x10,standard,random-start,12x10,tf:102,tf:108,false,p1,accepted,,830902,830904492707,1
tf_phase7_policy_standard_2026-08-20,standard_12x10_g108_vs_g102.jsonl,standard-random-12x10,standard,random-start,12x10,tf:108,tf:102,true,p2,accepted,,830902,830904492708,2
tf_phase7_policy_standard_2026-08-20,standard_12x10_g108_vs_g102.jsonl,standard-random-12x10,standard,random-start,12x10,tf:102,tf:108,false,p1,accepted,,830902,830904492709,3
tf_phase7_policy_standard_2026-08-20,standard_12x10_g108_vs_g102.jsonl,standard-random-12x10,standard,random-start,12x10,tf:108,tf:102,true,p1,accepted,,830902,830904492710,4
tf_phase7_policy_standard_2026-08-20,standard_12x10_g108_vs_g102.jsonl,standard-random-12x10,standard,random-start,12x10,tf:102,tf:108,false,p1,accepted,,830902,830904492711,5
tf_phase7_policy_standard_2026-08-20,standard_12x10_g108_vs_g102.jsonl,standard-random-12x10,standard,random-start,12x10,tf:108,tf:102,true,p1,accepted,,830902,830904492712,6
tf_phase7_policy_standard_2026-08-20,standard_12x10_g108_vs_g102.jsonl,standard-random-12x10,standard,random-start,12x10,tf:102,tf:108,false,p1,accepted,,830902,830904492713,7
tf_phase7_policy_standard_2026-08-20,standard_12x10_g108_vs_g102.jsonl,standard-random-12x10,standard,random-start,12x10,tf:108,tf:102,true,p1,accepted,,830902,830904492714,8
tf_phase7_policy_standard_2026-08-20,standard_12x10_g108_vs_g102.jsonl,standard-random-12x10,standard,random-start,12x10,tf:102,tf:108,false,p2,accepted,,830902,830904492715,9
tf_phase7_policy_standard_2026-08-20,standard_12x10_g108_vs_g102.jsonl,standard-random-12x10,standard,random-start,12x10,tf:108,tf:102,true,p1,accepted,,830902,830904492716,10
tf_phase7_policy_standard_2026-08-20,standard_12x10_g108_vs_g102.jsonl,standard-random-12x10,standard,random-start,12x10,tf:102,tf:108,false,p2,accepted,,830902,830904492717,11
tf_phase7_policy_standard_2026-08-20,standard_12x10_g108_vs_g102.jsonl,standard-random-12x10,standard,random-start,12x10,tf:108,tf:102,true,p2,accepted,,830902,830904492718,12
tf_phase7_policy_standard_2026-08-20,standard_12x10_g108_vs_g102.jsonl,standard-random-12x10,standard,random-start,12x10,tf:102,tf:108,false,p2,accepted,,830902,830904492719,13
tf_phase7_policy_standard_2026-08-20,standard_12x10_g108_vs_g102.jsonl,standard-random-12x10,standard,random-start,12x10,tf:108,tf:102,true,p2,accepted,,830902,830904492720,14
tf_phase7_policy_standard_2026-08-20,standard_12x10_g108_vs_g102.jsonl,standard-random-12x10,standard,random-start,12x10,tf:102,tf:108,false,draw,accepted,,830902,830904492721,15
tf_phase7_policy_standard_2026-08-20,standard_12x10_g108_vs_g102.jsonl,standard-random-12x10,standard,random-start,12x10,tf:108,tf:102,true,p2,accepted,,830902,830904492722,16
tf_phase7_policy_standard_2026-08-20,standard_12x10_g108_vs_g102.jsonl,standard-random-12x10,standard,random-start,12x10,tf:102,tf:108,false,p1,accepted,,830902,830904492723,17
tf_phase7_policy_standard_2026-08-20,standard_12x10_g108_vs_g102.jsonl,standard-random-12x10,standard,random-start,12x10,tf:108,tf:102,true,p1,accepted,,830902,830904492724,18
tf_phase7_policy_standard_2026-08-20,standard_12x10_g108_vs_g102.jsonl,standard-random-12x10,standard,random-start,12x10,tf:102,tf:108,false,p1,accepted,,830902,830904492725,19
tf_phase7_policy_standard_2026-08-20,standard_12x10_g108_vs_g102.jsonl,standard-random-12x10,standard,random-start,12x10,tf:108,tf:102,true,p2,accepted,,830902,830904492726,20
tf_phase7_policy_standard_2026-08-20,standard_12x10_g108_vs_g102.jsonl,standard-random-12x10,standard,random-start,12x10,tf:102,tf:108,false,p1,accepted,,830902,830904492727,21
tf_phase7_policy_standard_2026-08-20,standard_12x10_g108_vs_g102.jsonl,standard-random-12x10,standard,random-start,12x10,tf:108,tf:102,true,p2,accepted,,830902,830904492728,22
tf_phase7_policy_standard_2026-08-20,standard_12x10_g108_vs_g102.jsonl,standard-random-12x10,standard,random-start,12x10,tf:102,tf:108,false,p2,accepted,,830902,830904492729,23
tf_phase7_policy_standard_2026-08-20,standard_12x10_g108_vs_g102.jsonl,standard-random-12x10,standard,random-start,12x10,tf:108,tf:102,true,p1,accepted,,830902,830904492730,24
tf_phase7_policy_standard_2026-08-20,standard_12x10_g108_vs_g102.jsonl,standard-random-12x10,standard,random-start,12x10,tf:102,tf:108,false,p1,accepted,,830902,830904492731,25
tf_phase7_policy_standard_2026-08-20,standard_12x10_g108_vs_g102.jsonl,standard-random-12x10,standard,random-start,12x10,tf:108,tf:102,true,p1,accepted,,830902,830904492732,26
tf_phase7_policy_standard_2026-08-20,standard_12x10_g108_vs_g102.jsonl,standard-random-12x10,standard,random-start,12x10,tf:102,tf:108,false,p1,accepted,,830902,830904492733,27
tf_phase7_policy_standard_2026-08-20,standard_12x10_g108_vs_g102.jsonl,standard-random-12x10,standard,random-start,12x10,tf:108,tf:102,true,p1,accepted,,830902,830904492734,28
tf_phase7_policy_standard_2026-08-20,standard_12x10_g108_vs_g102.jsonl,standard-random-12x10,standard,random-start,12x10,tf:102,tf:108,false,draw,accepted,,830902,830904492735,29
tf_phase7_policy_standard_2026-08-20,standard_12x10_g108_vs_g102.jsonl,standard-random-12x10,standard,random-start,12x10,tf:108,tf:102,true,p1,accepted,,830902,830904492736,30
tf_phase7_policy_standard_2026-08-20,standard_12x10_g108_vs_g102.jsonl,standard-random-12x10,standard,random-start,12x10,tf:102,tf:108,false,p2,accepted,,830902,830904492737,31
tf_phase7_policy_standard_2026-08-20,standard_12x10_g108_vs_g102.jsonl,standard-random-12x10,standard,random-start,12x10,tf:108,tf:102,true,p2,accepted,,830902,830904492738,32
tf_phase7_policy_standard_2026-08-20,standard_12x10_g108_vs_g102.jsonl,standard-random-12x10,standard,random-start,12x10,tf:102,tf:108,false,p2,accepted,,830902,830904492739,33
tf_phase7_policy_standard_2026-08-20,standard_12x10_g108_vs_g102.jsonl,standard-random-12x10,standard,random-start,12x10,tf:108,tf:102,true,p2,accepted,,830902,830904492740,34
tf_phase7_policy_standard_2026-08-20,standard_12x10_g108_vs_g102.jsonl,standard-random-12x10,standard,random-start,12x10,tf:102,tf:108,false,p1,accepted,,830902,830904492741,35
tf_phase7_policy_standard_2026-08-20,standard_12x10_g108_vs_g102.jsonl,standard-random-12x10,standard,random-start,12x10,tf:108,tf:102,true,p1,accepted,,830902,830904492742,36
tf_phase7_policy_standard_2026-08-20,standard_12x10_g108_vs_g102.jsonl,standard-random-12x10,standard,random-start,12x10,tf:102,tf:108,false,p1,accepted,,830902,830904492743,37
tf_phase7_policy_standard_2026-08-20,standard_12x10_g108_vs_g102.jsonl,standard-random-12x10,standard,random-start,12x10,tf:108,tf:102,true,p1,accepted,,830902,830904492744,38
tf_phase7_policy_standard_2026-08-20,standard_12x10_g108_vs_g102.jsonl,standard-random-12x10,standard,random-start,12x10,tf:102,tf:108,false,draw,accepted,,830902,830904492745,39
tf_phase7_policy_standard_2026-08-20,standard_12x10_g108_vs_g105.jsonl,standard-random-12x10,standard,random-start,12x10,tf:108,tf:105,true,p2,accepted,,830905,830907492715,0
tf_phase7_policy_standard_2026-08-20,standard_12x10_g108_vs_g105.jsonl,standard-random-12x10,standard,random-start,12x10,tf:105,tf:108,false,draw,accepted,,830905,830907492716,1
tf_phase7_policy_standard_2026-08-20,standard_12x10_g108_vs_g105.jsonl,standard-random-12x10,standard,random-start,12x10,tf:108,tf:105,true,draw,accepted,,830905,830907492717,2
tf_phase7_policy_standard_2026-08-20,standard_12x10_g108_vs_g105.jsonl,standard-random-12x10,standard,random-start,12x10,tf:105,tf:108,false,p1,accepted,,830905,830907492718,3
tf_phase7_policy_standard_2026-08-20,standard_12x10_g108_vs_g105.jsonl,standard-random-12x10,standard,random-start,12x10,tf:108,tf:105,true,p2,accepted,,830905,830907492719,4
tf_phase7_policy_standard_2026-08-20,standard_12x10_g108_vs_g105.jsonl,standard-random-12x10,standard,random-start,12x10,tf:105,tf:108,false,draw,accepted,,830905,830907492720,5
tf_phase7_policy_standard_2026-08-20,standard_12x10_g108_vs_g105.jsonl,standard-random-12x10,standard,random-start,12x10,tf:108,tf:105,true,p1,accepted,,830905,830907492721,6
tf_phase7_policy_standard_2026-08-20,standard_12x10_g108_vs_g105.jsonl,standard-random-12x10,standard,random-start,12x10,tf:105,tf:108,false,p2,accepted,,830905,830907492722,7
tf_phase7_policy_standard_2026-08-20,standard_12x10_g108_vs_g105.jsonl,standard-random-12x10,standard,random-start,12x10,tf:108,tf:105,true,p1,accepted,,830905,830907492723,8
tf_phase7_policy_standard_2026-08-20,standard_12x10_g108_vs_g105.jsonl,standard-random-12x10,standard,random-start,12x10,tf:105,tf:108,false,p1,accepted,,830905,830907492724,9
tf_phase7_policy_standard_2026-08-20,standard_12x10_g108_vs_g105.jsonl,standard-random-12x10,standard,random-start,12x10,tf:108,tf:105,true,p2,accepted,,830905,830907492725,10
tf_phase7_policy_standard_2026-08-20,standard_12x10_g108_vs_g105.jsonl,standard-random-12x10,standard,random-start,12x10,tf:105,tf:108,false,p1,accepted,,830905,830907492726,11
tf_phase7_policy_standard_2026-08-20,standard_12x10_g108_vs_g105.jsonl,standard-random-12x10,standard,random-start,12x10,tf:108,tf:105,true,p2,accepted,,830905,830907492727,12
tf_phase7_policy_standard_2026-08-20,standard_12x10_g108_vs_g105.jsonl,standard-random-12x10,standard,random-start,12x10,tf:105,tf:108,false,p1,accepted,,830905,830907492728,13
tf_phase7_policy_standard_2026-08-20,standard_12x10_g108_vs_g105.jsonl,standard-random-12x10,standard,random-start,12x10,tf:108,tf:105,true,draw,accepted,,830905,830907492729,14
tf_phase7_policy_standard_2026-08-20,standard_12x10_g108_vs_g105.jsonl,standard-random-12x10,standard,random-start,12x10,tf:105,tf:108,false,p1,accepted,,830905,830907492730,15
tf_phase7_policy_standard_2026-08-20,standard_12x10_g108_vs_g105.jsonl,standard-random-12x10,standard,random-start,12x10,tf:108,tf:105,true,p1,accepted,,830905,830907492731,16
tf_phase7_policy_standard_2026-08-20,standard_12x10_g108_vs_g105.jsonl,standard-random-12x10,standard,random-start,12x10,tf:105,tf:108,false,p2,accepted,,830905,830907492732,17
tf_phase7_policy_standard_2026-08-20,standard_12x10_g108_vs_g105.jsonl,standard-random-12x10,standard,random-start,12x10,tf:108,tf:105,true,p2,accepted,,830905,830907492733,18
tf_phase7_policy_standard_2026-08-20,standard_12x10_g108_vs_g105.jsonl,standard-random-12x10,standard,random-start,12x10,tf:105,tf:108,false,p1,accepted,,830905,830907492734,19
tf_phase7_policy_standard_2026-08-20,standard_12x10_g108_vs_g105.jsonl,standard-random-12x10,standard,random-start,12x10,tf:108,tf:105,true,p2,accepted,,830905,830907492735,20
tf_phase7_policy_standard_2026-08-20,standard_12x10_g108_vs_g105.jsonl,standard-random-12x10,standard,random-start,12x10,tf:105,tf:108,false,p2,accepted,,830905,830907492736,21
tf_phase7_policy_standard_2026-08-20,standard_12x10_g108_vs_g105.jsonl,standard-random-12x10,standard,random-start,12x10,tf:108,tf:105,true,p2,accepted,,830905,830907492737,22
tf_phase7_policy_standard_2026-08-20,standard_12x10_g108_vs_g105.jsonl,standard-random-12x10,standard,random-start,12x10,tf:105,tf:108,false,p1,accepted,,830905,830907492738,23
tf_phase7_policy_standard_2026-08-20,standard_12x10_g108_vs_g105.jsonl,standard-random-12x10,standard,random-start,12x10,tf:108,tf:105,true,p2,accepted,,830905,830907492739,24
tf_phase7_policy_standard_2026-08-20,standard_12x10_g108_vs_g105.jsonl,standard-random-12x10,standard,random-start,12x10,tf:105,tf:108,false,p2,accepted,,830905,830907492740,25
tf_phase7_policy_standard_2026-08-20,standard_12x10_g108_vs_g105.jsonl,standard-random-12x10,standard,random-start,12x10,tf:108,tf:105,true,p1,accepted,,830905,830907492741,26
tf_phase7_policy_standard_2026-08-20,standard_12x10_g108_vs_g105.jsonl,standard-random-12x10,standard,random-start,12x10,tf:105,tf:108,false,p2,accepted,,830905,830907492742,27
tf_phase7_policy_standard_2026-08-20,standard_12x10_g108_vs_g105.jsonl,standard-random-12x10,standard,random-start,12x10,tf:108,tf:105,true,p1,accepted,,830905,830907492743,28
tf_phase7_policy_standard_2026-08-20,standard_12x10_g108_vs_g105.jsonl,standard-random-12x10,standard,random-start,12x10,tf:105,tf:108,false,p2,accepted,,830905,830907492744,29
tf_phase7_policy_standard_2026-08-20,standard_12x10_g108_vs_g105.jsonl,standard-random-12x10,standard,random-start,12x10,tf:108,tf:105,true,p1,accepted,,830905,830907492745,30
tf_phase7_policy_standard_2026-08-20,standard_12x10_g108_vs_g105.jsonl,standard-random-12x10,standard,random-start,12x10,tf:105,tf:108,false,p1,accepted,,830905,830907492746,31
tf_phase7_policy_standard_2026-08-20,standard_12x10_g108_vs_g105.jsonl,standard-random-12x10,standard,random-start,12x10,tf:108,tf:105,true,p1,accepted,,830905,830907492747,32
tf_phase7_policy_standard_2026-08-20,standard_12x10_g108_vs_g105.jsonl,standard-random-12x10,standard,random-start,12x10,tf:105,tf:108,false,p1,accepted,,830905,830907492748,33
tf_phase7_policy_standard_2026-08-20,standard_12x10_g108_vs_g105.jsonl,standard-random-12x10,standard,random-start,12x10,tf:108,tf:105,true,draw,accepted,,830905,830907492749,34
tf_phase7_policy_standard_2026-08-20,standard_12x10_g108_vs_g105.jsonl,standard-random-12x10,standard,random-start,12x10,tf:105,tf:108,false,p2,accepted,,830905,830907492750,35
tf_phase7_policy_standard_2026-08-20,standard_12x10_g108_vs_g105.jsonl,standard-random-12x10,standard,random-start,12x10,tf:108,tf:105,true,p2,accepted,,830905,830907492751,36
tf_phase7_policy_standard_2026-08-20,standard_12x10_g108_vs_g105.jsonl,standard-random-12x10,standard,random-start,12x10,tf:105,tf:108,false,p2,accepted,,830905,830907492752,37
tf_phase7_policy_standard_2026-08-20,standard_12x10_g108_vs_g105.jsonl,standard-random-12x10,standard,random-start,12x10,tf:108,tf:105,true,p1,accepted,,830905,830907492753,38
tf_phase7_policy_standard_2026-08-20,standard_12x10_g108_vs_g105.jsonl,standard-random-12x10,standard,random-start,12x10,tf:105,tf:108,false,p2,accepted,,830905,830907492754,39
tf_phase7_policy_standard_2026-08-20,standard_12x10_g108_vs_g107.jsonl,standard-random-12x10,standard,random-start,12x10,tf:108,tf:107,true,p2,accepted,,830907,830909492721,0
tf_phase7_policy_standard_2026-08-20,standard_12x10_g108_vs_g107.jsonl,standard-random-12x10,standard,random-start,12x10,tf:107,tf:108,false,p1,accepted,,830907,830909492722,1
tf_phase7_policy_standard_2026-08-20,standard_12x10_g108_vs_g107.jsonl,standard-random-12x10,standard,random-start,12x10,tf:108,tf:107,true,p1,accepted,,830907,830909492723,2
tf_phase7_policy_standard_2026-08-20,standard_12x10_g108_vs_g107.jsonl,standard-random-12x10,standard,random-start,12x10,tf:107,tf:108,false,p2,accepted,,830907,830909492724,3
tf_phase7_policy_standard_2026-08-20,standard_12x10_g108_vs_g107.jsonl,standard-random-12x10,standard,random-start,12x10,tf:108,tf:107,true,p1,accepted,,830907,830909492725,4
tf_phase7_policy_standard_2026-08-20,standard_12x10_g108_vs_g107.jsonl,standard-random-12x10,standard,random-start,12x10,tf:107,tf:108,false,p2,accepted,,830907,830909492726,5
tf_phase7_policy_standard_2026-08-20,standard_12x10_g108_vs_g107.jsonl,standard-random-12x10,standard,random-start,12x10,tf:108,tf:107,true,p2,accepted,,830907,830909492727,6
tf_phase7_policy_standard_2026-08-20,standard_12x10_g108_vs_g107.jsonl,standard-random-12x10,standard,random-start,12x10,tf:107,tf:108,false,p1,accepted,,830907,830909492728,7
tf_phase7_policy_standard_2026-08-20,standard_12x10_g108_vs_g107.jsonl,standard-random-12x10,standard,random-start,12x10,tf:108,tf:107,true,draw,accepted,,830907,830909492729,8
tf_phase7_policy_standard_2026-08-20,standard_12x10_g108_vs_g107.jsonl,standard-random-12x10,standard,random-start,12x10,tf:107,tf:108,false,p1,accepted,,830907,830909492730,9
tf_phase7_policy_standard_2026-08-20,standard_12x10_g108_vs_g107.jsonl,standard-random-12x10,standard,random-start,12x10,tf:108,tf:107,true,p1,accepted,,830907,830909492731,10
tf_phase7_policy_standard_2026-08-20,standard_12x10_g108_vs_g107.jsonl,standard-random-12x10,standard,random-start,12x10,tf:107,tf:108,false,draw,accepted,,830907,830909492732,11
tf_phase7_policy_standard_2026-08-20,standard_12x10_g108_vs_g107.jsonl,standard-random-12x10,standard,random-start,12x10,tf:108,tf:107,true,p2,accepted,,830907,830909492733,12
tf_phase7_policy_standard_2026-08-20,standard_12x10_g108_vs_g107.jsonl,standard-random-12x10,standard,random-start,12x10,tf:107,tf:108,false,p1,accepted,,830907,830909492734,13
tf_phase7_policy_standard_2026-08-20,standard_12x10_g108_vs_g107.jsonl,standard-random-12x10,standard,random-start,12x10,tf:108,tf:107,true,p1,accepted,,830907,830909492735,14
tf_phase7_policy_standard_2026-08-20,standard_12x10_g108_vs_g107.jsonl,standard-random-12x10,standard,random-start,12x10,tf:107,tf:108,false,p1,accepted,,830907,830909492736,15
tf_phase7_policy_standard_2026-08-20,standard_12x10_g108_vs_g107.jsonl,standard-random-12x10,standard,random-start,12x10,tf:108,tf:107,true,p1,accepted,,830907,830909492737,16
tf_phase7_policy_standard_2026-08-20,standard_12x10_g108_vs_g107.jsonl,standard-random-12x10,standard,random-start,12x10,tf:107,tf:108,false,p2,accepted,,830907,830909492738,17
tf_phase7_policy_standard_2026-08-20,standard_12x10_g108_vs_g107.jsonl,standard-random-12x10,standard,random-start,12x10,tf:108,tf:107,true,p1,accepted,,830907,830909492739,18
tf_phase7_policy_standard_2026-08-20,standard_12x10_g108_vs_g107.jsonl,standard-random-12x10,standard,random-start,12x10,tf:107,tf:108,false,p2,accepted,,830907,830909492740,19
tf_phase7_policy_standard_2026-08-20,standard_12x10_g108_vs_g107.jsonl,standard-random-12x10,standard,random-start,12x10,tf:108,tf:107,true,p1,accepted,,830907,830909492741,20
tf_phase7_policy_standard_2026-08-20,standard_12x10_g108_vs_g107.jsonl,standard-random-12x10,standard,random-start,12x10,tf:107,tf:108,false,p1,accepted,,830907,830909492742,21
tf_phase7_policy_standard_2026-08-20,standard_12x10_g108_vs_g107.jsonl,standard-random-12x10,standard,random-start,12x10,tf:108,tf:107,true,p1,accepted,,830907,830909492743,22
tf_phase7_policy_standard_2026-08-20,standard_12x10_g108_vs_g107.jsonl,standard-random-12x10,standard,random-start,12x10,tf:107,tf:108,false,p1,accepted,,830907,830909492744,23
tf_phase7_policy_standard_2026-08-20,standard_12x10_g108_vs_g107.jsonl,standard-random-12x10,standard,random-start,12x10,tf:108,tf:107,true,p1,accepted,,830907,830909492745,24
tf_phase7_policy_standard_2026-08-20,standard_12x10_g108_vs_g107.jsonl,standard-random-12x10,standard,random-start,12x10,tf:107,tf:108,false,p1,accepted,,830907,830909492746,25
tf_phase7_policy_standard_2026-08-20,standard_12x10_g108_vs_g107.jsonl,standard-random-12x10,standard,random-start,12x10,tf:108,tf:107,true,p2,accepted,,830907,830909492747,26
tf_phase7_policy_standard_2026-08-20,standard_12x10_g108_vs_g107.jsonl,standard-random-12x10,standard,random-start,12x10,tf:107,tf:108,false,p2,accepted,,830907,830909492748,27
tf_phase7_policy_standard_2026-08-20,standard_12x10_g108_vs_g107.jsonl,standard-random-12x10,standard,random-start,12x10,tf:108,tf:107,true,draw,accepted,,830907,830909492749,28
tf_phase7_policy_standard_2026-08-20,standard_12x10_g108_vs_g107.jsonl,standard-random-12x10,standard,random-start,12x10,tf:107,tf:108,false,draw,accepted,,830907,830909492750,29
tf_phase7_policy_standard_2026-08-20,standard_12x10_g108_vs_g107.jsonl,standard-random-12x10,standard,random-start,12x10,tf:108,tf:107,true,p2,accepted,,830907,830909492751,30
tf_phase7_policy_standard_2026-08-20,standard_12x10_g108_vs_g107.jsonl,standard-random-12x10,standard,random-start,12x10,tf:107,tf:108,false,p2,accepted,,830907,830909492752,31
tf_phase7_policy_standard_2026-08-20,standard_12x10_g108_vs_g107.jsonl,standard-random-12x10,standard,random-start,12x10,tf:108,tf:107,true,p2,accepted,,830907,830909492753,32
tf_phase7_policy_standard_2026-08-20,standard_12x10_g108_vs_g107.jsonl,standard-random-12x10,standard,random-start,12x10,tf:107,tf:108,false,p2,accepted,,830907,830909492754,33
tf_phase7_policy_standard_2026-08-20,standard_12x10_g108_vs_g107.jsonl,standard-random-12x10,standard,random-start,12x10,tf:108,tf:107,true,p2,accepted,,830907,830909492755,34
tf_phase7_policy_standard_2026-08-20,standard_12x10_g108_vs_g107.jsonl,standard-random-12x10,standard,random-start,12x10,tf:107,tf:108,false,p2,accepted,,830907,830909492756,35
tf_phase7_policy_standard_2026-08-20,standard_12x10_g108_vs_g107.jsonl,standard-random-12x10,standard,random-start,12x10,tf:108,tf:107,true,p2,accepted,,830907,830909492757,36
tf_phase7_policy_standard_2026-08-20,standard_12x10_g108_vs_g107.jsonl,standard-random-12x10,standard,random-start,12x10,tf:107,tf:108,false,p2,accepted,,830907,830909492758,37
tf_phase7_policy_standard_2026-08-20,standard_12x10_g108_vs_g107.jsonl,standard-random-12x10,standard,random-start,12x10,tf:108,tf:107,true,p2,accepted,,830907,830909492759,38
tf_phase7_policy_standard_2026-08-20,standard_12x10_g108_vs_g107.jsonl,standard-random-12x10,standard,random-start,12x10,tf:107,tf:108,false,p2,accepted,,830907,830909492760,39
tf_phase7_policy_standard_2026-08-20,standard_12x10_g109_vs_g103.jsonl,standard-random-12x10,standard,random-start,12x10,tf:109,tf:103,true,draw,accepted,,831003,831005493009,0
tf_phase7_policy_standard_2026-08-20,standard_12x10_g109_vs_g103.jsonl,standard-random-12x10,standard,random-start,12x10,tf:103,tf:109,false,p1,accepted,,831003,831005493010,1
tf_phase7_policy_standard_2026-08-20,standard_12x10_g109_vs_g103.jsonl,standard-random-12x10,standard,random-start,12x10,tf:109,tf:103,true,draw,accepted,,831003,831005493011,2
tf_phase7_policy_standard_2026-08-20,standard_12x10_g109_vs_g103.jsonl,standard-random-12x10,standard,random-start,12x10,tf:103,tf:109,false,p1,accepted,,831003,831005493012,3
tf_phase7_policy_standard_2026-08-20,standard_12x10_g109_vs_g103.jsonl,standard-random-12x10,standard,random-start,12x10,tf:109,tf:103,true,p1,accepted,,831003,831005493013,4
tf_phase7_policy_standard_2026-08-20,standard_12x10_g109_vs_g103.jsonl,standard-random-12x10,standard,random-start,12x10,tf:103,tf:109,false,p1,accepted,,831003,831005493014,5
tf_phase7_policy_standard_2026-08-20,standard_12x10_g109_vs_g103.jsonl,standard-random-12x10,standard,random-start,12x10,tf:109,tf:103,true,p1,accepted,,831003,831005493015,6
tf_phase7_policy_standard_2026-08-20,standard_12x10_g109_vs_g103.jsonl,standard-random-12x10,standard,random-start,12x10,tf:103,tf:109,false,p1,accepted,,831003,831005493016,7
tf_phase7_policy_standard_2026-08-20,standard_12x10_g109_vs_g103.jsonl,standard-random-12x10,standard,random-start,12x10,tf:109,tf:103,true,p2,accepted,,831003,831005493017,8
tf_phase7_policy_standard_2026-08-20,standard_12x10_g109_vs_g103.jsonl,standard-random-12x10,standard,random-start,12x10,tf:103,tf:109,false,p1,accepted,,831003,831005493018,9
tf_phase7_policy_standard_2026-08-20,standard_12x10_g109_vs_g103.jsonl,standard-random-12x10,standard,random-start,12x10,tf:109,tf:103,true,p2,accepted,,831003,831005493019,10
tf_phase7_policy_standard_2026-08-20,standard_12x10_g109_vs_g103.jsonl,standard-random-12x10,standard,random-start,12x10,tf:103,tf:109,false,p2,accepted,,831003,831005493020,11
tf_phase7_policy_standard_2026-08-20,standard_12x10_g109_vs_g103.jsonl,standard-random-12x10,standard,random-start,12x10,tf:109,tf:103,true,p1,accepted,,831003,831005493021,12
tf_phase7_policy_standard_2026-08-20,standard_12x10_g109_vs_g103.jsonl,standard-random-12x10,standard,random-start,12x10,tf:103,tf:109,false,p1,accepted,,831003,831005493022,13
tf_phase7_policy_standard_2026-08-20,standard_12x10_g109_vs_g103.jsonl,standard-random-12x10,standard,random-start,12x10,tf:109,tf:103,true,p1,accepted,,831003,831005493023,14
tf_phase7_policy_standard_2026-08-20,standard_12x10_g109_vs_g103.jsonl,standard-random-12x10,standard,random-start,12x10,tf:103,tf:109,false,p2,accepted,,831003,831005493024,15
tf_phase7_policy_standard_2026-08-20,standard_12x10_g109_vs_g103.jsonl,standard-random-12x10,standard,random-start,12x10,tf:109,tf:103,true,p2,accepted,,831003,831005493025,16
tf_phase7_policy_standard_2026-08-20,standard_12x10_g109_vs_g103.jsonl,standard-random-12x10,standard,random-start,12x10,tf:103,tf:109,false,p2,accepted,,831003,831005493026,17
tf_phase7_policy_standard_2026-08-20,standard_12x10_g109_vs_g103.jsonl,standard-random-12x10,standard,random-start,12x10,tf:109,tf:103,true,p1,accepted,,831003,831005493027,18
tf_phase7_policy_standard_2026-08-20,standard_12x10_g109_vs_g103.jsonl,standard-random-12x10,standard,random-start,12x10,tf:103,tf:109,false,p2,accepted,,831003,831005493028,19
tf_phase7_policy_standard_2026-08-20,standard_12x10_g109_vs_g103.jsonl,standard-random-12x10,standard,random-start,12x10,tf:109,tf:103,true,p2,accepted,,831003,831005493029,20
tf_phase7_policy_standard_2026-08-20,standard_12x10_g109_vs_g103.jsonl,standard-random-12x10,standard,random-start,12x10,tf:103,tf:109,false,p2,accepted,,831003,831005493030,21
tf_phase7_policy_standard_2026-08-20,standard_12x10_g109_vs_g103.jsonl,standard-random-12x10,standard,random-start,12x10,tf:109,tf:103,true,p2,accepted,,831003,831005493031,22
tf_phase7_policy_standard_2026-08-20,standard_12x10_g109_vs_g103.jsonl,standard-random-12x10,standard,random-start,12x10,tf:103,tf:109,false,p1,accepted,,831003,831005493032,23
tf_phase7_policy_standard_2026-08-20,standard_12x10_g109_vs_g103.jsonl,standard-random-12x10,standard,random-start,12x10,tf:109,tf:103,true,p1,accepted,,831003,831005493033,24
tf_phase7_policy_standard_2026-08-20,standard_12x10_g109_vs_g103.jsonl,standard-random-12x10,standard,random-start,12x10,tf:103,tf:109,false,draw,accepted,,831003,831005493034,25
tf_phase7_policy_standard_2026-08-20,standard_12x10_g109_vs_g103.jsonl,standard-random-12x10,standard,random-start,12x10,tf:109,tf:103,true,p2,accepted,,831003,831005493035,26
tf_phase7_policy_standard_2026-08-20,standard_12x10_g109_vs_g103.jsonl,standard-random-12x10,standard,random-start,12x10,tf:103,tf:109,false,p1,accepted,,831003,831005493036,27
tf_phase7_policy_standard_2026-08-20,standard_12x10_g109_vs_g103.jsonl,standard-random-12x10,standard,random-start,12x10,tf:109,tf:103,true,p2,accepted,,831003,831005493037,28
tf_phase7_policy_standard_2026-08-20,standard_12x10_g109_vs_g103.jsonl,standard-random-12x10,standard,random-start,12x10,tf:103,tf:109,false,draw,accepted,,831003,831005493038,29
tf_phase7_policy_standard_2026-08-20,standard_12x10_g109_vs_g103.jsonl,standard-random-12x10,standard,random-start,12x10,tf:109,tf:103,true,p2,accepted,,831003,831005493039,30
tf_phase7_policy_standard_2026-08-20,standard_12x10_g109_vs_g103.jsonl,standard-random-12x10,standard,random-start,12x10,tf:103,tf:109,false,draw,accepted,,831003,831005493040,31
tf_phase7_policy_standard_2026-08-20,standard_12x10_g109_vs_g103.jsonl,standard-random-12x10,standard,random-start,12x10,tf:109,tf:103,true,p2,accepted,,831003,831005493041,32
tf_phase7_policy_standard_2026-08-20,standard_12x10_g109_vs_g103.jsonl,standard-random-12x10,standard,random-start,12x10,tf:103,tf:109,false,p1,accepted,,831003,831005493042,33
tf_phase7_policy_standard_2026-08-20,standard_12x10_g109_vs_g103.jsonl,standard-random-12x10,standard,random-start,12x10,tf:109,tf:103,true,p1,accepted,,831003,831005493043,34
tf_phase7_policy_standard_2026-08-20,standard_12x10_g109_vs_g103.jsonl,standard-random-12x10,standard,random-start,12x10,tf:103,tf:109,false,p2,accepted,,831003,831005493044,35
tf_phase7_policy_standard_2026-08-20,standard_12x10_g109_vs_g103.jsonl,standard-random-12x10,standard,random-start,12x10,tf:109,tf:103,true,p1,accepted,,831003,831005493045,36
tf_phase7_policy_standard_2026-08-20,standard_12x10_g109_vs_g103.jsonl,standard-random-12x10,standard,random-start,12x10,tf:103,tf:109,false,p1,accepted,,831003,831005493046,37
tf_phase7_policy_standard_2026-08-20,standard_12x10_g109_vs_g103.jsonl,standard-random-12x10,standard,random-start,12x10,tf:109,tf:103,true,p1,accepted,,831003,831005493047,38
tf_phase7_policy_standard_2026-08-20,standard_12x10_g109_vs_g103.jsonl,standard-random-12x10,standard,random-start,12x10,tf:103,tf:109,false,draw,accepted,,831003,831005493048,39
tf_phase7_policy_standard_2026-08-20,standard_12x10_g109_vs_g106.jsonl,standard-random-12x10,standard,random-start,12x10,tf:109,tf:106,true,p1,accepted,,831006,831008493018,0
tf_phase7_policy_standard_2026-08-20,standard_12x10_g109_vs_g106.jsonl,standard-random-12x10,standard,random-start,12x10,tf:106,tf:109,false,p1,accepted,,831006,831008493019,1
tf_phase7_policy_standard_2026-08-20,standard_12x10_g109_vs_g106.jsonl,standard-random-12x10,standard,random-start,12x10,tf:109,tf:106,true,p1,accepted,,831006,831008493020,2
tf_phase7_policy_standard_2026-08-20,standard_12x10_g109_vs_g106.jsonl,standard-random-12x10,standard,random-start,12x10,tf:106,tf:109,false,draw,accepted,,831006,831008493021,3
tf_phase7_policy_standard_2026-08-20,standard_12x10_g109_vs_g106.jsonl,standard-random-12x10,standard,random-start,12x10,tf:109,tf:106,true,p1,accepted,,831006,831008493022,4
tf_phase7_policy_standard_2026-08-20,standard_12x10_g109_vs_g106.jsonl,standard-random-12x10,standard,random-start,12x10,tf:106,tf:109,false,p1,accepted,,831006,831008493023,5
tf_phase7_policy_standard_2026-08-20,standard_12x10_g109_vs_g106.jsonl,standard-random-12x10,standard,random-start,12x10,tf:109,tf:106,true,p2,accepted,,831006,831008493024,6
tf_phase7_policy_standard_2026-08-20,standard_12x10_g109_vs_g106.jsonl,standard-random-12x10,standard,random-start,12x10,tf:106,tf:109,false,draw,accepted,,831006,831008493025,7
tf_phase7_policy_standard_2026-08-20,standard_12x10_g109_vs_g106.jsonl,standard-random-12x10,standard,random-start,12x10,tf:109,tf:106,true,p1,accepted,,831006,831008493026,8
tf_phase7_policy_standard_2026-08-20,standard_12x10_g109_vs_g106.jsonl,standard-random-12x10,standard,random-start,12x10,tf:106,tf:109,false,p2,accepted,,831006,831008493027,9
tf_phase7_policy_standard_2026-08-20,standard_12x10_g109_vs_g106.jsonl,standard-random-12x10,standard,random-start,12x10,tf:109,tf:106,true,p1,accepted,,831006,831008493028,10
tf_phase7_policy_standard_2026-08-20,standard_12x10_g109_vs_g106.jsonl,standard-random-12x10,standard,random-start,12x10,tf:106,tf:109,false,p1,accepted,,831006,831008493029,11
tf_phase7_policy_standard_2026-08-20,standard_12x10_g109_vs_g106.jsonl,standard-random-12x10,standard,random-start,12x10,tf:109,tf:106,true,p2,accepted,,831006,831008493030,12
tf_phase7_policy_standard_2026-08-20,standard_12x10_g109_vs_g106.jsonl,standard-random-12x10,standard,random-start,12x10,tf:106,tf:109,false,p2,accepted,,831006,831008493031,13
tf_phase7_policy_standard_2026-08-20,standard_12x10_g109_vs_g106.jsonl,standard-random-12x10,standard,random-start,12x10,tf:109,tf:106,true,p2,accepted,,831006,831008493032,14
tf_phase7_policy_standard_2026-08-20,standard_12x10_g109_vs_g106.jsonl,standard-random-12x10,standard,random-start,12x10,tf:106,tf:109,false,p1,accepted,,831006,831008493033,15
tf_phase7_policy_standard_2026-08-20,standard_12x10_g109_vs_g106.jsonl,standard-random-12x10,standard,random-start,12x10,tf:109,tf:106,true,p2,accepted,,831006,831008493034,16
tf_phase7_policy_standard_2026-08-20,standard_12x10_g109_vs_g106.jsonl,standard-random-12x10,standard,random-start,12x10,tf:106,tf:109,false,p2,accepted,,831006,831008493035,17
tf_phase7_policy_standard_2026-08-20,standard_12x10_g109_vs_g106.jsonl,standard-random-12x10,standard,random-start,12x10,tf:109,tf:106,true,p1,accepted,,831006,831008493036,18
tf_phase7_policy_standard_2026-08-20,standard_12x10_g109_vs_g106.jsonl,standard-random-12x10,standard,random-start,12x10,tf:106,tf:109,false,p2,accepted,,831006,831008493037,19
tf_phase7_policy_standard_2026-08-20,standard_12x10_g109_vs_g106.jsonl,standard-random-12x10,standard,random-start,12x10,tf:109,tf:106,true,p1,accepted,,831006,831008493038,20
tf_phase7_policy_standard_2026-08-20,standard_12x10_g109_vs_g106.jsonl,standard-random-12x10,standard,random-start,12x10,tf:106,tf:109,false,p2,accepted,,831006,831008493039,21
tf_phase7_policy_standard_2026-08-20,standard_12x10_g109_vs_g106.jsonl,standard-random-12x10,standard,random-start,12x10,tf:109,tf:106,true,p2,accepted,,831006,831008493040,22
tf_phase7_policy_standard_2026-08-20,standard_12x10_g109_vs_g106.jsonl,standard-random-12x10,standard,random-start,12x10,tf:106,tf:109,false,draw,accepted,,831006,831008493041,23
tf_phase7_policy_standard_2026-08-20,standard_12x10_g109_vs_g106.jsonl,standard-random-12x10,standard,random-start,12x10,tf:109,tf:106,true,p2,accepted,,831006,831008493042,24
tf_phase7_policy_standard_2026-08-20,standard_12x10_g109_vs_g106.jsonl,standard-random-12x10,standard,random-start,12x10,tf:106,tf:109,false,p1,accepted,,831006,831008493043,25
tf_phase7_policy_standard_2026-08-20,standard_12x10_g109_vs_g106.jsonl,standard-random-12x10,standard,random-start,12x10,tf:109,tf:106,true,p1,accepted,,831006,831008493044,26
tf_phase7_policy_standard_2026-08-20,standard_12x10_g109_vs_g106.jsonl,standard-random-12x10,standard,random-start,12x10,tf:106,tf:109,false,p2,accepted,,831006,831008493045,27
tf_phase7_policy_standard_2026-08-20,standard_12x10_g109_vs_g106.jsonl,standard-random-12x10,standard,random-start,12x10,tf:109,tf:106,true,p2,accepted,,831006,831008493046,28
tf_phase7_policy_standard_2026-08-20,standard_12x10_g109_vs_g106.jsonl,standard-random-12x10,standard,random-start,12x10,tf:106,tf:109,false,p1,accepted,,831006,831008493047,29
tf_phase7_policy_standard_2026-08-20,standard_12x10_g109_vs_g106.jsonl,standard-random-12x10,standard,random-start,12x10,tf:109,tf:106,true,draw,accepted,,831006,831008493048,30
tf_phase7_policy_standard_2026-08-20,standard_12x10_g109_vs_g106.jsonl,standard-random-12x10,standard,random-start,12x10,tf:106,tf:109,false,p1,accepted,,831006,831008493049,31
tf_phase7_policy_standard_2026-08-20,standard_12x10_g109_vs_g106.jsonl,standard-random-12x10,standard,random-start,12x10,tf:109,tf:106,true,draw,accepted,,831006,831008493050,32
tf_phase7_policy_standard_2026-08-20,standard_12x10_g109_vs_g106.jsonl,standard-random-12x10,standard,random-start,12x10,tf:106,tf:109,false,p1,accepted,,831006,831008493051,33
tf_phase7_policy_standard_2026-08-20,standard_12x10_g109_vs_g106.jsonl,standard-random-12x10,standard,random-start,12x10,tf:109,tf:106,true,p1,accepted,,831006,831008493052,34
tf_phase7_policy_standard_2026-08-20,standard_12x10_g109_vs_g106.jsonl,standard-random-12x10,standard,random-start,12x10,tf:106,tf:109,false,p2,accepted,,831006,831008493053,35
tf_phase7_policy_standard_2026-08-20,standard_12x10_g109_vs_g106.jsonl,standard-random-12x10,standard,random-start,12x10,tf:109,tf:106,true,p2,accepted,,831006,831008493054,36
tf_phase7_policy_standard_2026-08-20,standard_12x10_g109_vs_g106.jsonl,standard-random-12x10,standard,random-start,12x10,tf:106,tf:109,false,p1,accepted,,831006,831008493055,37
tf_phase7_policy_standard_2026-08-20,standard_12x10_g109_vs_g106.jsonl,standard-random-12x10,standard,random-start,12x10,tf:109,tf:106,true,p1,accepted,,831006,831008493056,38
tf_phase7_policy_standard_2026-08-20,standard_12x10_g109_vs_g106.jsonl,standard-random-12x10,standard,random-start,12x10,tf:106,tf:109,false,p2,accepted,,831006,831008493057,39
tf_phase7_policy_standard_2026-08-20,standard_12x10_g109_vs_g108.jsonl,standard-random-12x10,standard,random-start,12x10,tf:109,tf:108,true,p1,accepted,,831008,831010493024,0
tf_phase7_policy_standard_2026-08-20,standard_12x10_g109_vs_g108.jsonl,standard-random-12x10,standard,random-start,12x10,tf:108,tf:109,false,p2,accepted,,831008,831010493025,1
tf_phase7_policy_standard_2026-08-20,standard_12x10_g109_vs_g108.jsonl,standard-random-12x10,standard,random-start,12x10,tf:109,tf:108,true,p1,accepted,,831008,831010493026,2
tf_phase7_policy_standard_2026-08-20,standard_12x10_g109_vs_g108.jsonl,standard-random-12x10,standard,random-start,12x10,tf:108,tf:109,false,p1,accepted,,831008,831010493027,3
tf_phase7_policy_standard_2026-08-20,standard_12x10_g109_vs_g108.jsonl,standard-random-12x10,standard,random-start,12x10,tf:109,tf:108,true,p2,accepted,,831008,831010493028,4
tf_phase7_policy_standard_2026-08-20,standard_12x10_g109_vs_g108.jsonl,standard-random-12x10,standard,random-start,12x10,tf:108,tf:109,false,p1,accepted,,831008,831010493029,5
tf_phase7_policy_standard_2026-08-20,standard_12x10_g109_vs_g108.jsonl,standard-random-12x10,standard,random-start,12x10,tf:109,tf:108,true,p2,accepted,,831008,831010493030,6
tf_phase7_policy_standard_2026-08-20,standard_12x10_g109_vs_g108.jsonl,standard-random-12x10,standard,random-start,12x10,tf:108,tf:109,false,p2,accepted,,831008,831010493031,7
tf_phase7_policy_standard_2026-08-20,standard_12x10_g109_vs_g108.jsonl,standard-random-12x10,standard,random-start,12x10,tf:109,tf:108,true,p2,accepted,,831008,831010493032,8
tf_phase7_policy_standard_2026-08-20,standard_12x10_g109_vs_g108.jsonl,standard-random-12x10,standard,random-start,12x10,tf:108,tf:109,false,p1,accepted,,831008,831010493033,9
tf_phase7_policy_standard_2026-08-20,standard_12x10_g109_vs_g108.jsonl,standard-random-12x10,standard,random-start,12x10,tf:109,tf:108,true,p1,accepted,,831008,831010493034,10
tf_phase7_policy_standard_2026-08-20,standard_12x10_g109_vs_g108.jsonl,standard-random-12x10,standard,random-start,12x10,tf:108,tf:109,false,p1,accepted,,831008,831010493035,11
tf_phase7_policy_standard_2026-08-20,standard_12x10_g109_vs_g108.jsonl,standard-random-12x10,standard,random-start,12x10,tf:109,tf:108,true,p1,accepted,,831008,831010493036,12
tf_phase7_policy_standard_2026-08-20,standard_12x10_g109_vs_g108.jsonl,standard-random-12x10,standard,random-start,12x10,tf:108,tf:109,false,p1,accepted,,831008,831010493037,13
tf_phase7_policy_standard_2026-08-20,standard_12x10_g109_vs_g108.jsonl,standard-random-12x10,standard,random-start,12x10,tf:109,tf:108,true,p1,accepted,,831008,831010493038,14
tf_phase7_policy_standard_2026-08-20,standard_12x10_g109_vs_g108.jsonl,standard-random-12x10,standard,random-start,12x10,tf:108,tf:109,false,draw,accepted,,831008,831010493039,15
tf_phase7_policy_standard_2026-08-20,standard_12x10_g109_vs_g108.jsonl,standard-random-12x10,standard,random-start,12x10,tf:109,tf:108,true,draw,accepted,,831008,831010493040,16
tf_phase7_policy_standard_2026-08-20,standard_12x10_g109_vs_g108.jsonl,standard-random-12x10,standard,random-start,12x10,tf:108,tf:109,false,draw,accepted,,831008,831010493041,17
tf_phase7_policy_standard_2026-08-20,standard_12x10_g109_vs_g108.jsonl,standard-random-12x10,standard,random-start,12x10,tf:109,tf:108,true,p1,accepted,,831008,831010493042,18
tf_phase7_policy_standard_2026-08-20,standard_12x10_g109_vs_g108.jsonl,standard-random-12x10,standard,random-start,12x10,tf:108,tf:109,false,p1,accepted,,831008,831010493043,19
tf_phase7_policy_standard_2026-08-20,standard_12x10_g109_vs_g108.jsonl,standard-random-12x10,standard,random-start,12x10,tf:109,tf:108,true,p1,accepted,,831008,831010493044,20
tf_phase7_policy_standard_2026-08-20,standard_12x10_g109_vs_g108.jsonl,standard-random-12x10,standard,random-start,12x10,tf:108,tf:109,false,p1,accepted,,831008,831010493045,21
tf_phase7_policy_standard_2026-08-20,standard_12x10_g109_vs_g108.jsonl,standard-random-12x10,standard,random-start,12x10,tf:109,tf:108,true,p1,accepted,,831008,831010493046,22
tf_phase7_policy_standard_2026-08-20,standard_12x10_g109_vs_g108.jsonl,standard-random-12x10,standard,random-start,12x10,tf:108,tf:109,false,p1,accepted,,831008,831010493047,23
tf_phase7_policy_standard_2026-08-20,standard_12x10_g109_vs_g108.jsonl,standard-random-12x10,standard,random-start,12x10,tf:109,tf:108,true,p1,accepted,,831008,831010493048,24
tf_phase7_policy_standard_2026-08-20,standard_12x10_g109_vs_g108.jsonl,standard-random-12x10,standard,random-start,12x10,tf:108,tf:109,false,p1,accepted,,831008,831010493049,25
tf_phase7_policy_standard_2026-08-20,standard_12x10_g109_vs_g108.jsonl,standard-random-12x10,standard,random-start,12x10,tf:109,tf:108,true,p1,accepted,,831008,831010493050,26
tf_phase7_policy_standard_2026-08-20,standard_12x10_g109_vs_g108.jsonl,standard-random-12x10,standard,random-start,12x10,tf:108,tf:109,false,p2,accepted,,831008,831010493051,27
tf_phase7_policy_standard_2026-08-20,standard_12x10_g109_vs_g108.jsonl,standard-random-12x10,standard,random-start,12x10,tf:109,tf:108,true,p2,accepted,,831008,831010493052,28
tf_phase7_policy_standard_2026-08-20,standard_12x10_g109_vs_g108.jsonl,standard-random-12x10,standard,random-start,12x10,tf:108,tf:109,false,p2,accepted,,831008,831010493053,29
tf_phase7_policy_standard_2026-08-20,standard_12x10_g109_vs_g108.jsonl,standard-random-12x10,standard,random-start,12x10,tf:109,tf:108,true,p2,accepted,,831008,831010493054,30
tf_phase7_policy_standard_2026-08-20,standard_12x10_g109_vs_g108.jsonl,standard-random-12x10,standard,random-start,12x10,tf:108,tf:109,false,p1,accepted,,831008,831010493055,31
tf_phase7_policy_standard_2026-08-20,standard_12x10_g109_vs_g108.jsonl,standard-random-12x10,standard,random-start,12x10,tf:109,tf:108,true,p1,accepted,,831008,831010493056,32
tf_phase7_policy_standard_2026-08-20,standard_12x10_g109_vs_g108.jsonl,standard-random-12x10,standard,random-start,12x10,tf:108,tf:109,false,draw,accepted,,831008,831010493057,33
tf_phase7_policy_standard_2026-08-20,standard_12x10_g109_vs_g108.jsonl,standard-random-12x10,standard,random-start,12x10,tf:109,tf:108,true,p2,accepted,,831008,831010493058,34
tf_phase7_policy_standard_2026-08-20,standard_12x10_g109_vs_g108.jsonl,standard-random-12x10,standard,random-start,12x10,tf:108,tf:109,false,draw,accepted,,831008,831010493059,35
tf_phase7_policy_standard_2026-08-20,standard_12x10_g109_vs_g108.jsonl,standard-random-12x10,standard,random-start,12x10,tf:109,tf:108,true,p1,accepted,,831008,831010493060,36
tf_phase7_policy_standard_2026-08-20,standard_12x10_g109_vs_g108.jsonl,standard-random-12x10,standard,random-start,12x10,tf:108,tf:109,false,p1,accepted,,831008,831010493061,37
tf_phase7_policy_standard_2026-08-20,standard_12x10_g109_vs_g108.jsonl,standard-random-12x10,standard,random-start,12x10,tf:109,tf:108,true,p2,accepted,,831008,831010493062,38
tf_phase7_policy_standard_2026-08-20,standard_12x10_g109_vs_g108.jsonl,standard-random-12x10,standard,random-start,12x10,tf:108,tf:109,false,draw,accepted,,831008,831010493063,39
tf_phase7_policy_standard_2026-08-20,standard_12x10_g110_vs_g104.jsonl,standard-random-12x10,standard,random-start,12x10,tf:110,tf:104,true,p1,accepted,,831104,831106493312,0
tf_phase7_policy_standard_2026-08-20,standard_12x10_g110_vs_g104.jsonl,standard-random-12x10,standard,random-start,12x10,tf:104,tf:110,false,p2,accepted,,831104,831106493313,1
tf_phase7_policy_standard_2026-08-20,standard_12x10_g110_vs_g104.jsonl,standard-random-12x10,standard,random-start,12x10,tf:110,tf:104,true,draw,accepted,,831104,831106493314,2
tf_phase7_policy_standard_2026-08-20,standard_12x10_g110_vs_g104.jsonl,standard-random-12x10,standard,random-start,12x10,tf:104,tf:110,false,p1,accepted,,831104,831106493315,3
tf_phase7_policy_standard_2026-08-20,standard_12x10_g110_vs_g104.jsonl,standard-random-12x10,standard,random-start,12x10,tf:110,tf:104,true,draw,accepted,,831104,831106493316,4
tf_phase7_policy_standard_2026-08-20,standard_12x10_g110_vs_g104.jsonl,standard-random-12x10,standard,random-start,12x10,tf:104,tf:110,false,p1,accepted,,831104,831106493317,5
tf_phase7_policy_standard_2026-08-20,standard_12x10_g110_vs_g104.jsonl,standard-random-12x10,standard,random-start,12x10,tf:110,tf:104,true,p1,accepted,,831104,831106493318,6
tf_phase7_policy_standard_2026-08-20,standard_12x10_g110_vs_g104.jsonl,standard-random-12x10,standard,random-start,12x10,tf:104,tf:110,false,p1,accepted,,831104,831106493319,7
tf_phase7_policy_standard_2026-08-20,standard_12x10_g110_vs_g104.jsonl,standard-random-12x10,standard,random-start,12x10,tf:110,tf:104,true,draw,accepted,,831104,831106493320,8
tf_phase7_policy_standard_2026-08-20,standard_12x10_g110_vs_g104.jsonl,standard-random-12x10,standard,random-start,12x10,tf:104,tf:110,false,p2,accepted,,831104,831106493321,9
tf_phase7_policy_standard_2026-08-20,standard_12x10_g110_vs_g104.jsonl,standard-random-12x10,standard,random-start,12x10,tf:110,tf:104,true,draw,accepted,,831104,831106493322,10
tf_phase7_policy_standard_2026-08-20,standard_12x10_g110_vs_g104.jsonl,standard-random-12x10,standard,random-start,12x10,tf:104,tf:110,false,p2,accepted,,831104,831106493323,11
tf_phase7_policy_standard_2026-08-20,standard_12x10_g110_vs_g104.jsonl,standard-random-12x10,standard,random-start,12x10,tf:110,tf:104,true,draw,accepted,,831104,831106493324,12
tf_phase7_policy_standard_2026-08-20,standard_12x10_g110_vs_g104.jsonl,standard-random-12x10,standard,random-start,12x10,tf:104,tf:110,false,p2,accepted,,831104,831106493325,13
tf_phase7_policy_standard_2026-08-20,standard_12x10_g110_vs_g104.jsonl,standard-random-12x10,standard,random-start,12x10,tf:110,tf:104,true,p2,accepted,,831104,831106493326,14
tf_phase7_policy_standard_2026-08-20,standard_12x10_g110_vs_g104.jsonl,standard-random-12x10,standard,random-start,12x10,tf:104,tf:110,false,p2,accepted,,831104,831106493327,15
tf_phase7_policy_standard_2026-08-20,standard_12x10_g110_vs_g104.jsonl,standard-random-12x10,standard,random-start,12x10,tf:110,tf:104,true,p1,accepted,,831104,831106493328,16
tf_phase7_policy_standard_2026-08-20,standard_12x10_g110_vs_g104.jsonl,standard-random-12x10,standard,random-start,12x10,tf:104,tf:110,false,p1,accepted,,831104,831106493329,17
tf_phase7_policy_standard_2026-08-20,standard_12x10_g110_vs_g104.jsonl,standard-random-12x10,standard,random-start,12x10,tf:110,tf:104,true,p2,accepted,,831104,831106493330,18
tf_phase7_policy_standard_2026-08-20,standard_12x10_g110_vs_g104.jsonl,standard-random-12x10,standard,random-start,12x10,tf:104,tf:110,false,p1,accepted,,831104,831106493331,19
tf_phase7_policy_standard_2026-08-20,standard_12x10_g110_vs_g104.jsonl,standard-random-12x10,standard,random-start,12x10,tf:110,tf:104,true,p1,accepted,,831104,831106493332,20
tf_phase7_policy_standard_2026-08-20,standard_12x10_g110_vs_g104.jsonl,standard-random-12x10,standard,random-start,12x10,tf:104,tf:110,false,p2,accepted,,831104,831106493333,21
tf_phase7_policy_standard_2026-08-20,standard_12x10_g110_vs_g104.jsonl,standard-random-12x10,standard,random-start,12x10,tf:110,tf:104,true,p2,accepted,,831104,831106493334,22
tf_phase7_policy_standard_2026-08-20,standard_12x10_g110_vs_g104.jsonl,standard-random-12x10,standard,random-start,12x10,tf:104,tf:110,false,p1,accepted,,831104,831106493335,23
tf_phase7_policy_standard_2026-08-20,standard_12x10_g110_vs_g104.jsonl,standard-random-12x10,standard,random-start,12x10,tf:110,tf:104,true,p2,accepted,,831104,831106493336,24
tf_phase7_policy_standard_2026-08-20,standard_12x10_g110_vs_g104.jsonl,standard-random-12x10,standard,random-start,12x10,tf:104,tf:110,false,p1,accepted,,831104,831106493337,25
tf_phase7_policy_standard_2026-08-20,standard_12x10_g110_vs_g104.jsonl,standard-random-12x10,standard,random-start,12x10,tf:110,tf:104,true,p1,accepted,,831104,831106493338,26
tf_phase7_policy_standard_2026-08-20,standard_12x10_g110_vs_g104.jsonl,standard-random-12x10,standard,random-start,12x10,tf:104,tf:110,false,p2,accepted,,831104,831106493339,27
tf_phase7_policy_standard_2026-08-20,standard_12x10_g110_vs_g104.jsonl,standard-random-12x10,standard,random-start,12x10,tf:110,tf:104,true,p1,accepted,,831104,831106493340,28
tf_phase7_policy_standard_2026-08-20,standard_12x10_g110_vs_g104.jsonl,standard-random-12x10,standard,random-start,12x10,tf:104,tf:110,false,p2,accepted,,831104,831106493341,29
tf_phase7_policy_standard_2026-08-20,standard_12x10_g110_vs_g104.jsonl,standard-random-12x10,standard,random-start,12x10,tf:110,tf:104,true,draw,accepted,,831104,831106493342,30
tf_phase7_policy_standard_2026-08-20,standard_12x10_g110_vs_g104.jsonl,standard-random-12x10,standard,random-start,12x10,tf:104,tf:110,false,p1,accepted,,831104,831106493343,31
tf_phase7_policy_standard_2026-08-20,standard_12x10_g110_vs_g104.jsonl,standard-random-12x10,standard,random-start,12x10,tf:110,tf:104,true,p2,accepted,,831104,831106493344,32
tf_phase7_policy_standard_2026-08-20,standard_12x10_g110_vs_g104.jsonl,standard-random-12x10,standard,random-start,12x10,tf:104,tf:110,false,p2,accepted,,831104,831106493345,33
tf_phase7_policy_standard_2026-08-20,standard_12x10_g110_vs_g104.jsonl,standard-random-12x10,standard,random-start,12x10,tf:110,tf:104,true,p2,accepted,,831104,831106493346,34
tf_phase7_policy_standard_2026-08-20,standard_12x10_g110_vs_g104.jsonl,standard-random-12x10,standard,random-start,12x10,tf:104,tf:110,false,draw,accepted,,831104,831106493347,35
tf_phase7_policy_standard_2026-08-20,standard_12x10_g110_vs_g104.jsonl,standard-random-12x10,standard,random-start,12x10,tf:110,tf:104,true,p1,accepted,,831104,831106493348,36
tf_phase7_policy_standard_2026-08-20,standard_12x10_g110_vs_g104.jsonl,standard-random-12x10,standard,random-start,12x10,tf:104,tf:110,false,p1,accepted,,831104,831106493349,37
tf_phase7_policy_standard_2026-08-20,standard_12x10_g110_vs_g104.jsonl,standard-random-12x10,standard,random-start,12x10,tf:110,tf:104,true,draw,accepted,,831104,831106493350,38
tf_phase7_policy_standard_2026-08-20,standard_12x10_g110_vs_g104.jsonl,standard-random-12x10,standard,random-start,12x10,tf:104,tf:110,false,p1,accepted,,831104,831106493351,39
tf_phase7_policy_standard_2026-08-20,standard_12x10_g110_vs_g107.jsonl,standard-random-12x10,standard,random-start,12x10,tf:110,tf:107,true,p1,accepted,,831107,831109493321,0
tf_phase7_policy_standard_2026-08-20,standard_12x10_g110_vs_g107.jsonl,standard-random-12x10,standard,random-start,12x10,tf:107,tf:110,false,p1,accepted,,831107,831109493322,1
tf_phase7_policy_standard_2026-08-20,standard_12x10_g110_vs_g107.jsonl,standard-random-12x10,standard,random-start,12x10,tf:110,tf:107,true,draw,accepted,,831107,831109493323,2
tf_phase7_policy_standard_2026-08-20,standard_12x10_g110_vs_g107.jsonl,standard-random-12x10,standard,random-start,12x10,tf:107,tf:110,false,draw,accepted,,831107,831109493324,3
tf_phase7_policy_standard_2026-08-20,standard_12x10_g110_vs_g107.jsonl,standard-random-12x10,standard,random-start,12x10,tf:110,tf:107,true,p1,accepted,,831107,831109493325,4
tf_phase7_policy_standard_2026-08-20,standard_12x10_g110_vs_g107.jsonl,standard-random-12x10,standard,random-start,12x10,tf:107,tf:110,false,p1,accepted,,831107,831109493326,5
tf_phase7_policy_standard_2026-08-20,standard_12x10_g110_vs_g107.jsonl,standard-random-12x10,standard,random-start,12x10,tf:110,tf:107,true,p2,accepted,,831107,831109493327,6
tf_phase7_policy_standard_2026-08-20,standard_12x10_g110_vs_g107.jsonl,standard-random-12x10,standard,random-start,12x10,tf:107,tf:110,false,p2,accepted,,831107,831109493328,7
tf_phase7_policy_standard_2026-08-20,standard_12x10_g110_vs_g107.jsonl,standard-random-12x10,standard,random-start,12x10,tf:110,tf:107,true,p1,accepted,,831107,831109493329,8
tf_phase7_policy_standard_2026-08-20,standard_12x10_g110_vs_g107.jsonl,standard-random-12x10,standard,random-start,12x10,tf:107,tf:110,false,p1,accepted,,831107,831109493330,9
tf_phase7_policy_standard_2026-08-20,standard_12x10_g110_vs_g107.jsonl,standard-random-12x10,standard,random-start,12x10,tf:110,tf:107,true,p1,accepted,,831107,831109493331,10
tf_phase7_policy_standard_2026-08-20,standard_12x10_g110_vs_g107.jsonl,standard-random-12x10,standard,random-start,12x10,tf:107,tf:110,false,p1,accepted,,831107,831109493332,11
tf_phase7_policy_standard_2026-08-20,standard_12x10_g110_vs_g107.jsonl,standard-random-12x10,standard,random-start,12x10,tf:110,tf:107,true,p2,accepted,,831107,831109493333,12
tf_phase7_policy_standard_2026-08-20,standard_12x10_g110_vs_g107.jsonl,standard-random-12x10,standard,random-start,12x10,tf:107,tf:110,false,p2,accepted,,831107,831109493334,13
tf_phase7_policy_standard_2026-08-20,standard_12x10_g110_vs_g107.jsonl,standard-random-12x10,standard,random-start,12x10,tf:110,tf:107,true,p2,accepted,,831107,831109493335,14
tf_phase7_policy_standard_2026-08-20,standard_12x10_g110_vs_g107.jsonl,standard-random-12x10,standard,random-start,12x10,tf:107,tf:110,false,p2,accepted,,831107,831109493336,15
tf_phase7_policy_standard_2026-08-20,standard_12x10_g110_vs_g107.jsonl,standard-random-12x10,standard,random-start,12x10,tf:110,tf:107,true,p1,accepted,,831107,831109493337,16
tf_phase7_policy_standard_2026-08-20,standard_12x10_g110_vs_g107.jsonl,standard-random-12x10,standard,random-start,12x10,tf:107,tf:110,false,p2,accepted,,831107,831109493338,17
tf_phase7_policy_standard_2026-08-20,standard_12x10_g110_vs_g107.jsonl,standard-random-12x10,standard,random-start,12x10,tf:110,tf:107,true,p1,accepted,,831107,831109493339,18
tf_phase7_policy_standard_2026-08-20,standard_12x10_g110_vs_g107.jsonl,standard-random-12x10,standard,random-start,12x10,tf:107,tf:110,false,p2,accepted,,831107,831109493340,19
tf_phase7_policy_standard_2026-08-20,standard_12x10_g110_vs_g107.jsonl,standard-random-12x10,standard,random-start,12x10,tf:110,tf:107,true,draw,accepted,,831107,831109493341,20
tf_phase7_policy_standard_2026-08-20,standard_12x10_g110_vs_g107.jsonl,standard-random-12x10,standard,random-start,12x10,tf:107,tf:110,false,draw,accepted,,831107,831109493342,21
tf_phase7_policy_standard_2026-08-20,standard_12x10_g110_vs_g107.jsonl,standard-random-12x10,standard,random-start,12x10,tf:110,tf:107,true,p2,accepted,,831107,831109493343,22
tf_phase7_policy_standard_2026-08-20,standard_12x10_g110_vs_g107.jsonl,standard-random-12x10,standard,random-start,12x10,tf:107,tf:110,false,p2,accepted,,831107,831109493344,23
tf_phase7_policy_standard_2026-08-20,standard_12x10_g110_vs_g107.jsonl,standard-random-12x10,standard,random-start,12x10,tf:110,tf:107,true,p1,accepted,,831107,831109493345,24
tf_phase7_policy_standard_2026-08-20,standard_12x10_g110_vs_g107.jsonl,standard-random-12x10,standard,random-start,12x10,tf:107,tf:110,false,p1,accepted,,831107,831109493346,25
tf_phase7_policy_standard_2026-08-20,standard_12x10_g110_vs_g107.jsonl,standard-random-12x10,standard,random-start,12x10,tf:110,tf:107,true,p1,accepted,,831107,831109493347,26
tf_phase7_policy_standard_2026-08-20,standard_12x10_g110_vs_g107.jsonl,standard-random-12x10,standard,random-start,12x10,tf:107,tf:110,false,p1,accepted,,831107,831109493348,27
tf_phase7_policy_standard_2026-08-20,standard_12x10_g110_vs_g107.jsonl,standard-random-12x10,standard,random-start,12x10,tf:110,tf:107,true,p2,accepted,,831107,831109493349,28
tf_phase7_policy_standard_2026-08-20,standard_12x10_g110_vs_g107.jsonl,standard-random-12x10,standard,random-start,12x10,tf:107,tf:110,false,draw,accepted,,831107,831109493350,29
tf_phase7_policy_standard_2026-08-20,standard_12x10_g110_vs_g107.jsonl,standard-random-12x10,standard,random-start,12x10,tf:110,tf:107,true,p1,accepted,,831107,831109493351,30
tf_phase7_policy_standard_2026-08-20,standard_12x10_g110_vs_g107.jsonl,standard-random-12x10,standard,random-start,12x10,tf:107,tf:110,false,p1,accepted,,831107,831109493352,31
tf_phase7_policy_standard_2026-08-20,standard_12x10_g110_vs_g107.jsonl,standard-random-12x10,standard,random-start,12x10,tf:110,tf:107,true,p2,accepted,,831107,831109493353,32
tf_phase7_policy_standard_2026-08-20,standard_12x10_g110_vs_g107.jsonl,standard-random-12x10,standard,random-start,12x10,tf:107,tf:110,false,p1,accepted,,831107,831109493354,33
tf_phase7_policy_standard_2026-08-20,standard_12x10_g110_vs_g107.jsonl,standard-random-12x10,standard,random-start,12x10,tf:110,tf:107,true,p1,accepted,,831107,831109493355,34
tf_phase7_policy_standard_2026-08-20,standard_12x10_g110_vs_g107.jsonl,standard-random-12x10,standard,random-start,12x10,tf:107,tf:110,false,draw,accepted,,831107,831109493356,35
tf_phase7_policy_standard_2026-08-20,standard_12x10_g110_vs_g107.jsonl,standard-random-12x10,standard,random-start,12x10,tf:110,tf:107,true,p2,accepted,,831107,831109493357,36
tf_phase7_policy_standard_2026-08-20,standard_12x10_g110_vs_g107.jsonl,standard-random-12x10,standard,random-start,12x10,tf:107,tf:110,false,p1,accepted,,831107,831109493358,37
tf_phase7_policy_standard_2026-08-20,standard_12x10_g110_vs_g107.jsonl,standard-random-12x10,standard,random-start,12x10,tf:110,tf:107,true,draw,accepted,,831107,831109493359,38
tf_phase7_policy_standard_2026-08-20,standard_12x10_g110_vs_g107.jsonl,standard-random-12x10,standard,random-start,12x10,tf:107,tf:110,false,p2,accepted,,831107,831109493360,39
tf_phase7_policy_standard_2026-08-20,standard_12x10_g110_vs_g109.jsonl,standard-random-12x10,standard,random-start,12x10,tf:110,tf:109,true,p2,accepted,,831109,831111493327,0
tf_phase7_policy_standard_2026-08-20,standard_12x10_g110_vs_g109.jsonl,standard-random-12x10,standard,random-start,12x10,tf:109,tf:110,false,p1,accepted,,831109,831111493328,1
tf_phase7_policy_standard_2026-08-20,standard_12x10_g110_vs_g109.jsonl,standard-random-12x10,standard,random-start,12x10,tf:110,tf:109,true,draw,accepted,,831109,831111493329,2
tf_phase7_policy_standard_2026-08-20,standard_12x10_g110_vs_g109.jsonl,standard-random-12x10,standard,random-start,12x10,tf:109,tf:110,false,p1,accepted,,831109,831111493330,3
tf_phase7_policy_standard_2026-08-20,standard_12x10_g110_vs_g109.jsonl,standard-random-12x10,standard,random-start,12x10,tf:110,tf:109,true,draw,accepted,,831109,831111493331,4
tf_phase7_policy_standard_2026-08-20,standard_12x10_g110_vs_g109.jsonl,standard-random-12x10,standard,random-start,12x10,tf:109,tf:110,false,p1,accepted,,831109,831111493332,5
tf_phase7_policy_standard_2026-08-20,standard_12x10_g110_vs_g109.jsonl,standard-random-12x10,standard,random-start,12x10,tf:110,tf:109,true,draw,accepted,,831109,831111493333,6
tf_phase7_policy_standard_2026-08-20,standard_12x10_g110_vs_g109.jsonl,standard-random-12x10,standard,random-start,12x10,tf:109,tf:110,false,draw,accepted,,831109,831111493334,7
tf_phase7_policy_standard_2026-08-20,standard_12x10_g110_vs_g109.jsonl,standard-random-12x10,standard,random-start,12x10,tf:110,tf:109,true,p1,accepted,,831109,831111493335,8
tf_phase7_policy_standard_2026-08-20,standard_12x10_g110_vs_g109.jsonl,standard-random-12x10,standard,random-start,12x10,tf:109,tf:110,false,p1,accepted,,831109,831111493336,9
tf_phase7_policy_standard_2026-08-20,standard_12x10_g110_vs_g109.jsonl,standard-random-12x10,standard,random-start,12x10,tf:110,tf:109,true,draw,accepted,,831109,831111493337,10
tf_phase7_policy_standard_2026-08-20,standard_12x10_g110_vs_g109.jsonl,standard-random-12x10,standard,random-start,12x10,tf:109,tf:110,false,p2,accepted,,831109,831111493338,11
tf_phase7_policy_standard_2026-08-20,standard_12x10_g110_vs_g109.jsonl,standard-random-12x10,standard,random-start,12x10,tf:110,tf:109,true,p1,accepted,,831109,831111493339,12
tf_phase7_policy_standard_2026-08-20,standard_12x10_g110_vs_g109.jsonl,standard-random-12x10,standard,random-start,12x10,tf:109,tf:110,false,p2,accepted,,831109,831111493340,13
tf_phase7_policy_standard_2026-08-20,standard_12x10_g110_vs_g109.jsonl,standard-random-12x10,standard,random-start,12x10,tf:110,tf:109,true,p2,accepted,,831109,831111493341,14
tf_phase7_policy_standard_2026-08-20,standard_12x10_g110_vs_g109.jsonl,standard-random-12x10,standard,random-start,12x10,tf:109,tf:110,false,p1,accepted,,831109,831111493342,15
tf_phase7_policy_standard_2026-08-20,standard_12x10_g110_vs_g109.jsonl,standard-random-12x10,standard,random-start,12x10,tf:110,tf:109,true,p1,accepted,,831109,831111493343,16
tf_phase7_policy_standard_2026-08-20,standard_12x10_g110_vs_g109.jsonl,standard-random-12x10,standard,random-start,12x10,tf:109,tf:110,false,draw,accepted,,831109,831111493344,17
tf_phase7_policy_standard_2026-08-20,standard_12x10_g110_vs_g109.jsonl,standard-random-12x10,standard,random-start,12x10,tf:110,tf:109,true,p1,accepted,,831109,831111493345,18
tf_phase7_policy_standard_2026-08-20,standard_12x10_g110_vs_g109.jsonl,standard-random-12x10,standard,random-start,12x10,tf:109,tf:110,false,p2,accepted,,831109,831111493346,19
tf_phase7_policy_standard_2026-08-20,standard_12x10_g110_vs_g109.jsonl,standard-random-12x10,standard,random-start,12x10,tf:110,tf:109,true,p2,accepted,,831109,831111493347,20
tf_phase7_policy_standard_2026-08-20,standard_12x10_g110_vs_g109.jsonl,standard-random-12x10,standard,random-start,12x10,tf:109,tf:110,false,p2,accepted,,831109,831111493348,21
tf_phase7_policy_standard_2026-08-20,standard_12x10_g110_vs_g109.jsonl,standard-random-12x10,standard,random-start,12x10,tf:110,tf:109,true,p2,accepted,,831109,831111493349,22
tf_phase7_policy_standard_2026-08-20,standard_12x10_g110_vs_g109.jsonl,standard-random-12x10,standard,random-start,12x10,tf:109,tf:110,false,p1,accepted,,831109,831111493350,23
tf_phase7_policy_standard_2026-08-20,standard_12x10_g110_vs_g109.jsonl,standard-random-12x10,standard,random-start,12x10,tf:110,tf:109,true,p1,accepted,,831109,831111493351,24
tf_phase7_policy_standard_2026-08-20,standard_12x10_g110_vs_g109.jsonl,standard-random-12x10,standard,random-start,12x10,tf:109,tf:110,false,p2,accepted,,831109,831111493352,25
tf_phase7_policy_standard_2026-08-20,standard_12x10_g110_vs_g109.jsonl,standard-random-12x10,standard,random-start,12x10,tf:110,tf:109,true,p2,accepted,,831109,831111493353,26
tf_phase7_policy_standard_2026-08-20,standard_12x10_g110_vs_g109.jsonl,standard-random-12x10,standard,random-start,12x10,tf:109,tf:110,false,p2,accepted,,831109,831111493354,27
tf_phase7_policy_standard_2026-08-20,standard_12x10_g110_vs_g109.jsonl,standard-random-12x10,standard,random-start,12x10,tf:110,tf:109,true,p2,accepted,,831109,831111493355,28
tf_phase7_policy_standard_2026-08-20,standard_12x10_g110_vs_g109.jsonl,standard-random-12x10,standard,random-start,12x10,tf:109,tf:110,false,p1,accepted,,831109,831111493356,29
tf_phase7_policy_standard_2026-08-20,standard_12x10_g110_vs_g109.jsonl,standard-random-12x10,standard,random-start,12x10,tf:110,tf:109,true,p1,accepted,,831109,831111493357,30
tf_phase7_policy_standard_2026-08-20,standard_12x10_g110_vs_g109.jsonl,standard-random-12x10,standard,random-start,12x10,tf:109,tf:110,false,p1,accepted,,831109,831111493358,31
tf_phase7_policy_standard_2026-08-20,standard_12x10_g110_vs_g109.jsonl,standard-random-12x10,standard,random-start,12x10,tf:110,tf:109,true,draw,accepted,,831109,831111493359,32
tf_phase7_policy_standard_2026-08-20,standard_12x10_g110_vs_g109.jsonl,standard-random-12x10,standard,random-start,12x10,tf:109,tf:110,false,p2,accepted,,831109,831111493360,33
tf_phase7_policy_standard_2026-08-20,standard_12x10_g110_vs_g109.jsonl,standard-random-12x10,standard,random-start,12x10,tf:110,tf:109,true,draw,accepted,,831109,831111493361,34
tf_phase7_policy_standard_2026-08-20,standard_12x10_g110_vs_g109.jsonl,standard-random-12x10,standard,random-start,12x10,tf:109,tf:110,false,p2,accepted,,831109,831111493362,35
tf_phase7_policy_standard_2026-08-20,standard_12x10_g110_vs_g109.jsonl,standard-random-12x10,standard,random-start,12x10,tf:110,tf:109,true,p2,accepted,,831109,831111493363,36
tf_phase7_policy_standard_2026-08-20,standard_12x10_g110_vs_g109.jsonl,standard-random-12x10,standard,random-start,12x10,tf:109,tf:110,false,p1,accepted,,831109,831111493364,37
tf_phase7_policy_standard_2026-08-20,standard_12x10_g110_vs_g109.jsonl,standard-random-12x10,standard,random-start,12x10,tf:110,tf:109,true,draw,accepted,,831109,831111493365,38
tf_phase7_policy_standard_2026-08-20,standard_12x10_g110_vs_g109.jsonl,standard-random-12x10,standard,random-start,12x10,tf:109,tf:110,false,p1,accepted,,831109,831111493366,39
tf_phase7_policy_standard_2026-08-20,standard_12x10_g111_vs_g105.jsonl,standard-random-12x10,standard,random-start,12x10,tf:111,tf:105,true,p2,accepted,,831205,831207493615,0
tf_phase7_policy_standard_2026-08-20,standard_12x10_g111_vs_g105.jsonl,standard-random-12x10,standard,random-start,12x10,tf:105,tf:111,false,p2,accepted,,831205,831207493616,1
tf_phase7_policy_standard_2026-08-20,standard_12x10_g111_vs_g105.jsonl,standard-random-12x10,standard,random-start,12x10,tf:111,tf:105,true,draw,accepted,,831205,831207493617,2
tf_phase7_policy_standard_2026-08-20,standard_12x10_g111_vs_g105.jsonl,standard-random-12x10,standard,random-start,12x10,tf:105,tf:111,false,p2,accepted,,831205,831207493618,3
tf_phase7_policy_standard_2026-08-20,standard_12x10_g111_vs_g105.jsonl,standard-random-12x10,standard,random-start,12x10,tf:111,tf:105,true,p1,accepted,,831205,831207493619,4
tf_phase7_policy_standard_2026-08-20,standard_12x10_g111_vs_g105.jsonl,standard-random-12x10,standard,random-start,12x10,tf:105,tf:111,false,draw,accepted,,831205,831207493620,5
tf_phase7_policy_standard_2026-08-20,standard_12x10_g111_vs_g105.jsonl,standard-random-12x10,standard,random-start,12x10,tf:111,tf:105,true,draw,accepted,,831205,831207493621,6
tf_phase7_policy_standard_2026-08-20,standard_12x10_g111_vs_g105.jsonl,standard-random-12x10,standard,random-start,12x10,tf:105,tf:111,false,p2,accepted,,831205,831207493622,7
tf_phase7_policy_standard_2026-08-20,standard_12x10_g111_vs_g105.jsonl,standard-random-12x10,standard,random-start,12x10,tf:111,tf:105,true,p1,accepted,,831205,831207493623,8
tf_phase7_policy_standard_2026-08-20,standard_12x10_g111_vs_g105.jsonl,standard-random-12x10,standard,random-start,12x10,tf:105,tf:111,false,p2,accepted,,831205,831207493624,9
tf_phase7_policy_standard_2026-08-20,standard_12x10_g111_vs_g105.jsonl,standard-random-12x10,standard,random-start,12x10,tf:111,tf:105,true,p2,accepted,,831205,831207493625,10
tf_phase7_policy_standard_2026-08-20,standard_12x10_g111_vs_g105.jsonl,standard-random-12x10,standard,random-start,12x10,tf:105,tf:111,false,p1,accepted,,831205,831207493626,11
tf_phase7_policy_standard_2026-08-20,standard_12x10_g111_vs_g105.jsonl,standard-random-12x10,standard,random-start,12x10,tf:111,tf:105,true,p2,accepted,,831205,831207493627,12
tf_phase7_policy_standard_2026-08-20,standard_12x10_g111_vs_g105.jsonl,standard-random-12x10,standard,random-start,12x10,tf:105,tf:111,false,p1,accepted,,831205,831207493628,13
tf_phase7_policy_standard_2026-08-20,standard_12x10_g111_vs_g105.jsonl,standard-random-12x10,standard,random-start,12x10,tf:111,tf:105,true,p1,accepted,,831205,831207493629,14
tf_phase7_policy_standard_2026-08-20,standard_12x10_g111_vs_g105.jsonl,standard-random-12x10,standard,random-start,12x10,tf:105,tf:111,false,draw,accepted,,831205,831207493630,15
tf_phase7_policy_standard_2026-08-20,standard_12x10_g111_vs_g105.jsonl,standard-random-12x10,standard,random-start,12x10,tf:111,tf:105,true,p2,accepted,,831205,831207493631,16
tf_phase7_policy_standard_2026-08-20,standard_12x10_g111_vs_g105.jsonl,standard-random-12x10,standard,random-start,12x10,tf:105,tf:111,false,p1,accepted,,831205,831207493632,17
tf_phase7_policy_standard_2026-08-20,standard_12x10_g111_vs_g105.jsonl,standard-random-12x10,standard,random-start,12x10,tf:111,tf:105,true,p2,accepted,,831205,831207493633,18
tf_phase7_policy_standard_2026-08-20,standard_12x10_g111_vs_g105.jsonl,standard-random-12x10,standard,random-start,12x10,tf:105,tf:111,false,p1,accepted,,831205,831207493634,19
tf_phase7_policy_standard_2026-08-20,standard_12x10_g111_vs_g105.jsonl,standard-random-12x10,standard,random-start,12x10,tf:111,tf:105,true,p2,accepted,,831205,831207493635,20
tf_phase7_policy_standard_2026-08-20,standard_12x10_g111_vs_g105.jsonl,standard-random-12x10,standard,random-start,12x10,tf:105,tf:111,false,p1,accepted,,831205,831207493636,21
tf_phase7_policy_standard_2026-08-20,standard_12x10_g111_vs_g105.jsonl,standard-random-12x10,standard,random-start,12x10,tf:111,tf:105,true,draw,accepted,,831205,831207493637,22
tf_phase7_policy_standard_2026-08-20,standard_12x10_g111_vs_g105.jsonl,standard-random-12x10,standard,random-start,12x10,tf:105,tf:111,false,p2,accepted,,831205,831207493638,23
tf_phase7_policy_standard_2026-08-20,standard_12x10_g111_vs_g105.jsonl,standard-random-12x10,standard,random-start,12x10,tf:111,tf:105,true,p2,accepted,,831205,831207493639,24
tf_phase7_policy_standard_2026-08-20,standard_12x10_g111_vs_g105.jsonl,standard-random-12x10,standard,random-start,12x10,tf:105,tf:111,false,p2,accepted,,831205,831207493640,25
tf_phase7_policy_standard_2026-08-20,standard_12x10_g111_vs_g105.jsonl,standard-random-12x10,standard,random-start,12x10,tf:111,tf:105,true,draw,accepted,,831205,831207493641,26
tf_phase7_policy_standard_2026-08-20,standard_12x10_g111_vs_g105.jsonl,standard-random-12x10,standard,random-start,12x10,tf:105,tf:111,false,p1,accepted,,831205,831207493642,27
tf_phase7_policy_standard_2026-08-20,standard_12x10_g111_vs_g105.jsonl,standard-random-12x10,standard,random-start,12x10,tf:111,tf:105,true,p1,accepted,,831205,831207493643,28
tf_phase7_policy_standard_2026-08-20,standard_12x10_g111_vs_g105.jsonl,standard-random-12x10,standard,random-start,12x10,tf:105,tf:111,false,p1,accepted,,831205,831207493644,29
tf_phase7_policy_standard_2026-08-20,standard_12x10_g111_vs_g105.jsonl,standard-random-12x10,standard,random-start,12x10,tf:111,tf:105,true,p1,accepted,,831205,831207493645,30
tf_phase7_policy_standard_2026-08-20,standard_12x10_g111_vs_g105.jsonl,standard-random-12x10,standard,random-start,12x10,tf:105,tf:111,false,p2,accepted,,831205,831207493646,31
tf_phase7_policy_standard_2026-08-20,standard_12x10_g111_vs_g105.jsonl,standard-random-12x10,standard,random-start,12x10,tf:111,tf:105,true,p2,accepted,,831205,831207493647,32
tf_phase7_policy_standard_2026-08-20,standard_12x10_g111_vs_g105.jsonl,standard-random-12x10,standard,random-start,12x10,tf:105,tf:111,false,p2,accepted,,831205,831207493648,33
tf_phase7_policy_standard_2026-08-20,standard_12x10_g111_vs_g105.jsonl,standard-random-12x10,standard,random-start,12x10,tf:111,tf:105,true,draw,accepted,,831205,831207493649,34
tf_phase7_policy_standard_2026-08-20,standard_12x10_g111_vs_g105.jsonl,standard-random-12x10,standard,random-start,12x10,tf:105,tf:111,false,p2,accepted,,831205,831207493650,35
tf_phase7_policy_standard_2026-08-20,standard_12x10_g111_vs_g105.jsonl,standard-random-12x10,standard,random-start,12x10,tf:111,tf:105,true,p2,accepted,,831205,831207493651,36
tf_phase7_policy_standard_2026-08-20,standard_12x10_g111_vs_g105.jsonl,standard-random-12x10,standard,random-start,12x10,tf:105,tf:111,false,p2,accepted,,831205,831207493652,37
tf_phase7_policy_standard_2026-08-20,standard_12x10_g111_vs_g105.jsonl,standard-random-12x10,standard,random-start,12x10,tf:111,tf:105,true,draw,accepted,,831205,831207493653,38
tf_phase7_policy_standard_2026-08-20,standard_12x10_g111_vs_g105.jsonl,standard-random-12x10,standard,random-start,12x10,tf:105,tf:111,false,p1,accepted,,831205,831207493654,39
tf_phase7_policy_standard_2026-08-20,standard_12x10_g111_vs_g108.jsonl,standard-random-12x10,standard,random-start,12x10,tf:111,tf:108,true,draw,accepted,,831208,831210493624,0
tf_phase7_policy_standard_2026-08-20,standard_12x10_g111_vs_g108.jsonl,standard-random-12x10,standard,random-start,12x10,tf:108,tf:111,false,draw,accepted,,831208,831210493625,1
tf_phase7_policy_standard_2026-08-20,standard_12x10_g111_vs_g108.jsonl,standard-random-12x10,standard,random-start,12x10,tf:111,tf:108,true,p1,accepted,,831208,831210493626,2
tf_phase7_policy_standard_2026-08-20,standard_12x10_g111_vs_g108.jsonl,standard-random-12x10,standard,random-start,12x10,tf:108,tf:111,false,p2,accepted,,831208,831210493627,3
tf_phase7_policy_standard_2026-08-20,standard_12x10_g111_vs_g108.jsonl,standard-random-12x10,standard,random-start,12x10,tf:111,tf:108,true,p2,accepted,,831208,831210493628,4
tf_phase7_policy_standard_2026-08-20,standard_12x10_g111_vs_g108.jsonl,standard-random-12x10,standard,random-start,12x10,tf:108,tf:111,false,p2,accepted,,831208,831210493629,5
tf_phase7_policy_standard_2026-08-20,standard_12x10_g111_vs_g108.jsonl,standard-random-12x10,standard,random-start,12x10,tf:111,tf:108,true,p1,accepted,,831208,831210493630,6
tf_phase7_policy_standard_2026-08-20,standard_12x10_g111_vs_g108.jsonl,standard-random-12x10,standard,random-start,12x10,tf:108,tf:111,false,draw,accepted,,831208,831210493631,7
tf_phase7_policy_standard_2026-08-20,standard_12x10_g111_vs_g108.jsonl,standard-random-12x10,standard,random-start,12x10,tf:111,tf:108,true,p1,accepted,,831208,831210493632,8
tf_phase7_policy_standard_2026-08-20,standard_12x10_g111_vs_g108.jsonl,standard-random-12x10,standard,random-start,12x10,tf:108,tf:111,false,p2,accepted,,831208,831210493633,9
tf_phase7_policy_standard_2026-08-20,standard_12x10_g111_vs_g108.jsonl,standard-random-12x10,standard,random-start,12x10,tf:111,tf:108,true,p1,accepted,,831208,831210493634,10
tf_phase7_policy_standard_2026-08-20,standard_12x10_g111_vs_g108.jsonl,standard-random-12x10,standard,random-start,12x10,tf:108,tf:111,false,p1,accepted,,831208,831210493635,11
tf_phase7_policy_standard_2026-08-20,standard_12x10_g111_vs_g108.jsonl,standard-random-12x10,standard,random-start,12x10,tf:111,tf:108,true,p2,accepted,,831208,831210493636,12
tf_phase7_policy_standard_2026-08-20,standard_12x10_g111_vs_g108.jsonl,standard-random-12x10,standard,random-start,12x10,tf:108,tf:111,false,p1,accepted,,831208,831210493637,13
tf_phase7_policy_standard_2026-08-20,standard_12x10_g111_vs_g108.jsonl,standard-random-12x10,standard,random-start,12x10,tf:111,tf:108,true,p2,accepted,,831208,831210493638,14
tf_phase7_policy_standard_2026-08-20,standard_12x10_g111_vs_g108.jsonl,standard-random-12x10,standard,random-start,12x10,tf:108,tf:111,false,p1,accepted,,831208,831210493639,15
tf_phase7_policy_standard_2026-08-20,standard_12x10_g111_vs_g108.jsonl,standard-random-12x10,standard,random-start,12x10,tf:111,tf:108,true,p1,accepted,,831208,831210493640,16
tf_phase7_policy_standard_2026-08-20,standard_12x10_g111_vs_g108.jsonl,standard-random-12x10,standard,random-start,12x10,tf:108,tf:111,false,p1,accepted,,831208,831210493641,17
tf_phase7_policy_standard_2026-08-20,standard_12x10_g111_vs_g108.jsonl,standard-random-12x10,standard,random-start,12x10,tf:111,tf:108,true,p2,accepted,,831208,831210493642,18
tf_phase7_policy_standard_2026-08-20,standard_12x10_g111_vs_g108.jsonl,standard-random-12x10,standard,random-start,12x10,tf:108,tf:111,false,p2,accepted,,831208,831210493643,19
tf_phase7_policy_standard_2026-08-20,standard_12x10_g111_vs_g108.jsonl,standard-random-12x10,standard,random-start,12x10,tf:111,tf:108,true,p1,accepted,,831208,831210493644,20
tf_phase7_policy_standard_2026-08-20,standard_12x10_g111_vs_g108.jsonl,standard-random-12x10,standard,random-start,12x10,tf:108,tf:111,false,p2,accepted,,831208,831210493645,21
tf_phase7_policy_standard_2026-08-20,standard_12x10_g111_vs_g108.jsonl,standard-random-12x10,standard,random-start,12x10,tf:111,tf:108,true,p1,accepted,,831208,831210493646,22
tf_phase7_policy_standard_2026-08-20,standard_12x10_g111_vs_g108.jsonl,standard-random-12x10,standard,random-start,12x10,tf:108,tf:111,false,p1,accepted,,831208,831210493647,23
tf_phase7_policy_standard_2026-08-20,standard_12x10_g111_vs_g108.jsonl,standard-random-12x10,standard,random-start,12x10,tf:111,tf:108,true,p1,accepted,,831208,831210493648,24
tf_phase7_policy_standard_2026-08-20,standard_12x10_g111_vs_g108.jsonl,standard-random-12x10,standard,random-start,12x10,tf:108,tf:111,false,p1,accepted,,831208,831210493649,25
tf_phase7_policy_standard_2026-08-20,standard_12x10_g111_vs_g108.jsonl,standard-random-12x10,standard,random-start,12x10,tf:111,tf:108,true,p1,accepted,,831208,831210493650,26
tf_phase7_policy_standard_2026-08-20,standard_12x10_g111_vs_g108.jsonl,standard-random-12x10,standard,random-start,12x10,tf:108,tf:111,false,p2,accepted,,831208,831210493651,27
tf_phase7_policy_standard_2026-08-20,standard_12x10_g111_vs_g108.jsonl,standard-random-12x10,standard,random-start,12x10,tf:111,tf:108,true,p1,accepted,,831208,831210493652,28
tf_phase7_policy_standard_2026-08-20,standard_12x10_g111_vs_g108.jsonl,standard-random-12x10,standard,random-start,12x10,tf:108,tf:111,false,p1,accepted,,831208,831210493653,29
tf_phase7_policy_standard_2026-08-20,standard_12x10_g111_vs_g108.jsonl,standard-random-12x10,standard,random-start,12x10,tf:111,tf:108,true,p2,accepted,,831208,831210493654,30
tf_phase7_policy_standard_2026-08-20,standard_12x10_g111_vs_g108.jsonl,standard-random-12x10,standard,random-start,12x10,tf:108,tf:111,false,p2,accepted,,831208,831210493655,31
tf_phase7_policy_standard_2026-08-20,standard_12x10_g111_vs_g108.jsonl,standard-random-12x10,standard,random-start,12x10,tf:111,tf:108,true,p2,accepted,,831208,831210493656,32
tf_phase7_policy_standard_2026-08-20,standard_12x10_g111_vs_g108.jsonl,standard-random-12x10,standard,random-start,12x10,tf:108,tf:111,false,p2,accepted,,831208,831210493657,33
tf_phase7_policy_standard_2026-08-20,standard_12x10_g111_vs_g108.jsonl,standard-random-12x10,standard,random-start,12x10,tf:111,tf:108,true,p2,accepted,,831208,831210493658,34
tf_phase7_policy_standard_2026-08-20,standard_12x10_g111_vs_g108.jsonl,standard-random-12x10,standard,random-start,12x10,tf:108,tf:111,false,p2,accepted,,831208,831210493659,35
tf_phase7_policy_standard_2026-08-20,standard_12x10_g111_vs_g108.jsonl,standard-random-12x10,standard,random-start,12x10,tf:111,tf:108,true,p1,accepted,,831208,831210493660,36
tf_phase7_policy_standard_2026-08-20,standard_12x10_g111_vs_g108.jsonl,standard-random-12x10,standard,random-start,12x10,tf:108,tf:111,false,p2,accepted,,831208,831210493661,37
tf_phase7_policy_standard_2026-08-20,standard_12x10_g111_vs_g108.jsonl,standard-random-12x10,standard,random-start,12x10,tf:111,tf:108,true,p2,accepted,,831208,831210493662,38
tf_phase7_policy_standard_2026-08-20,standard_12x10_g111_vs_g108.jsonl,standard-random-12x10,standard,random-start,12x10,tf:108,tf:111,false,p2,accepted,,831208,831210493663,39
tf_phase7_policy_standard_2026-08-20,standard_12x10_g111_vs_g110.jsonl,standard-random-12x10,standard,random-start,12x10,tf:111,tf:110,true,p1,accepted,,831210,831212493630,0
tf_phase7_policy_standard_2026-08-20,standard_12x10_g111_vs_g110.jsonl,standard-random-12x10,standard,random-start,12x10,tf:110,tf:111,false,p2,accepted,,831210,831212493631,1
tf_phase7_policy_standard_2026-08-20,standard_12x10_g111_vs_g110.jsonl,standard-random-12x10,standard,random-start,12x10,tf:111,tf:110,true,p2,accepted,,831210,831212493632,2
tf_phase7_policy_standard_2026-08-20,standard_12x10_g111_vs_g110.jsonl,standard-random-12x10,standard,random-start,12x10,tf:110,tf:111,false,p2,accepted,,831210,831212493633,3
tf_phase7_policy_standard_2026-08-20,standard_12x10_g111_vs_g110.jsonl,standard-random-12x10,standard,random-start,12x10,tf:111,tf:110,true,p1,accepted,,831210,831212493634,4
tf_phase7_policy_standard_2026-08-20,standard_12x10_g111_vs_g110.jsonl,standard-random-12x10,standard,random-start,12x10,tf:110,tf:111,false,p1,accepted,,831210,831212493635,5
tf_phase7_policy_standard_2026-08-20,standard_12x10_g111_vs_g110.jsonl,standard-random-12x10,standard,random-start,12x10,tf:111,tf:110,true,draw,accepted,,831210,831212493636,6
tf_phase7_policy_standard_2026-08-20,standard_12x10_g111_vs_g110.jsonl,standard-random-12x10,standard,random-start,12x10,tf:110,tf:111,false,p2,accepted,,831210,831212493637,7
tf_phase7_policy_standard_2026-08-20,standard_12x10_g111_vs_g110.jsonl,standard-random-12x10,standard,random-start,12x10,tf:111,tf:110,true,p1,accepted,,831210,831212493638,8
tf_phase7_policy_standard_2026-08-20,standard_12x10_g111_vs_g110.jsonl,standard-random-12x10,standard,random-start,12x10,tf:110,tf:111,false,draw,accepted,,831210,831212493639,9
tf_phase7_policy_standard_2026-08-20,standard_12x10_g111_vs_g110.jsonl,standard-random-12x10,standard,random-start,12x10,tf:111,tf:110,true,p1,accepted,,831210,831212493640,10
tf_phase7_policy_standard_2026-08-20,standard_12x10_g111_vs_g110.jsonl,standard-random-12x10,standard,random-start,12x10,tf:110,tf:111,false,draw,accepted,,831210,831212493641,11
tf_phase7_policy_standard_2026-08-20,standard_12x10_g111_vs_g110.jsonl,standard-random-12x10,standard,random-start,12x10,tf:111,tf:110,true,p1,accepted,,831210,831212493642,12
tf_phase7_policy_standard_2026-08-20,standard_12x10_g111_vs_g110.jsonl,standard-random-12x10,standard,random-start,12x10,tf:110,tf:111,false,p2,accepted,,831210,831212493643,13
tf_phase7_policy_standard_2026-08-20,standard_12x10_g111_vs_g110.jsonl,standard-random-12x10,standard,random-start,12x10,tf:111,tf:110,true,p2,accepted,,831210,831212493644,14
tf_phase7_policy_standard_2026-08-20,standard_12x10_g111_vs_g110.jsonl,standard-random-12x10,standard,random-start,12x10,tf:110,tf:111,false,p1,accepted,,831210,831212493645,15
tf_phase7_policy_standard_2026-08-20,standard_12x10_g111_vs_g110.jsonl,standard-random-12x10,standard,random-start,12x10,tf:111,tf:110,true,p1,accepted,,831210,831212493646,16
tf_phase7_policy_standard_2026-08-20,standard_12x10_g111_vs_g110.jsonl,standard-random-12x10,standard,random-start,12x10,tf:110,tf:111,false,p2,accepted,,831210,831212493647,17
tf_phase7_policy_standard_2026-08-20,standard_12x10_g111_vs_g110.jsonl,standard-random-12x10,standard,random-start,12x10,tf:111,tf:110,true,p2,accepted,,831210,831212493648,18
tf_phase7_policy_standard_2026-08-20,standard_12x10_g111_vs_g110.jsonl,standard-random-12x10,standard,random-start,12x10,tf:110,tf:111,false,p1,accepted,,831210,831212493649,19
tf_phase7_policy_standard_2026-08-20,standard_12x10_g111_vs_g110.jsonl,standard-random-12x10,standard,random-start,12x10,tf:111,tf:110,true,p1,accepted,,831210,831212493650,20
tf_phase7_policy_standard_2026-08-20,standard_12x10_g111_vs_g110.jsonl,standard-random-12x10,standard,random-start,12x10,tf:110,tf:111,false,p1,accepted,,831210,831212493651,21
tf_phase7_policy_standard_2026-08-20,standard_12x10_g111_vs_g110.jsonl,standard-random-12x10,standard,random-start,12x10,tf:111,tf:110,true,p1,accepted,,831210,831212493652,22
tf_phase7_policy_standard_2026-08-20,standard_12x10_g111_vs_g110.jsonl,standard-random-12x10,standard,random-start,12x10,tf:110,tf:111,false,draw,accepted,,831210,831212493653,23
tf_phase7_policy_standard_2026-08-20,standard_12x10_g111_vs_g110.jsonl,standard-random-12x10,standard,random-start,12x10,tf:111,tf:110,true,p1,accepted,,831210,831212493654,24
tf_phase7_policy_standard_2026-08-20,standard_12x10_g111_vs_g110.jsonl,standard-random-12x10,standard,random-start,12x10,tf:110,tf:111,false,p1,accepted,,831210,831212493655,25
tf_phase7_policy_standard_2026-08-20,standard_12x10_g111_vs_g110.jsonl,standard-random-12x10,standard,random-start,12x10,tf:111,tf:110,true,p2,accepted,,831210,831212493656,26
tf_phase7_policy_standard_2026-08-20,standard_12x10_g111_vs_g110.jsonl,standard-random-12x10,standard,random-start,12x10,tf:110,tf:111,false,draw,accepted,,831210,831212493657,27
tf_phase7_policy_standard_2026-08-20,standard_12x10_g111_vs_g110.jsonl,standard-random-12x10,standard,random-start,12x10,tf:111,tf:110,true,p2,accepted,,831210,831212493658,28
tf_phase7_policy_standard_2026-08-20,standard_12x10_g111_vs_g110.jsonl,standard-random-12x10,standard,random-start,12x10,tf:110,tf:111,false,p2,accepted,,831210,831212493659,29
tf_phase7_policy_standard_2026-08-20,standard_12x10_g111_vs_g110.jsonl,standard-random-12x10,standard,random-start,12x10,tf:111,tf:110,true,p2,accepted,,831210,831212493660,30
tf_phase7_policy_standard_2026-08-20,standard_12x10_g111_vs_g110.jsonl,standard-random-12x10,standard,random-start,12x10,tf:110,tf:111,false,draw,accepted,,831210,831212493661,31
tf_phase7_policy_standard_2026-08-20,standard_12x10_g111_vs_g110.jsonl,standard-random-12x10,standard,random-start,12x10,tf:111,tf:110,true,p1,accepted,,831210,831212493662,32
tf_phase7_policy_standard_2026-08-20,standard_12x10_g111_vs_g110.jsonl,standard-random-12x10,standard,random-start,12x10,tf:110,tf:111,false,p2,accepted,,831210,831212493663,33
tf_phase7_policy_standard_2026-08-20,standard_12x10_g111_vs_g110.jsonl,standard-random-12x10,standard,random-start,12x10,tf:111,tf:110,true,p2,accepted,,831210,831212493664,34
tf_phase7_policy_standard_2026-08-20,standard_12x10_g111_vs_g110.jsonl,standard-random-12x10,standard,random-start,12x10,tf:110,tf:111,false,p1,accepted,,831210,831212493665,35
tf_phase7_policy_standard_2026-08-20,standard_12x10_g111_vs_g110.jsonl,standard-random-12x10,standard,random-start,12x10,tf:111,tf:110,true,p1,accepted,,831210,831212493666,36
tf_phase7_policy_standard_2026-08-20,standard_12x10_g111_vs_g110.jsonl,standard-random-12x10,standard,random-start,12x10,tf:110,tf:111,false,p1,accepted,,831210,831212493667,37
tf_phase7_policy_standard_2026-08-20,standard_12x10_g111_vs_g110.jsonl,standard-random-12x10,standard,random-start,12x10,tf:111,tf:110,true,p2,accepted,,831210,831212493668,38
tf_phase7_policy_standard_2026-08-20,standard_12x10_g111_vs_g110.jsonl,standard-random-12x10,standard,random-start,12x10,tf:110,tf:111,false,p2,accepted,,831210,831212493669,39
tf_phase7_policy_standard_2026-08-20,standard_12x10_g112_vs_g106.jsonl,standard-random-12x10,standard,random-start,12x10,tf:112,tf:106,true,p1,accepted,,831306,831308493918,0
tf_phase7_policy_standard_2026-08-20,standard_12x10_g112_vs_g106.jsonl,standard-random-12x10,standard,random-start,12x10,tf:106,tf:112,false,p2,accepted,,831306,831308493919,1
tf_phase7_policy_standard_2026-08-20,standard_12x10_g112_vs_g106.jsonl,standard-random-12x10,standard,random-start,12x10,tf:112,tf:106,true,p1,accepted,,831306,831308493920,2
tf_phase7_policy_standard_2026-08-20,standard_12x10_g112_vs_g106.jsonl,standard-random-12x10,standard,random-start,12x10,tf:106,tf:112,false,p1,accepted,,831306,831308493921,3
tf_phase7_policy_standard_2026-08-20,standard_12x10_g112_vs_g106.jsonl,standard-random-12x10,standard,random-start,12x10,tf:112,tf:106,true,p1,accepted,,831306,831308493922,4
tf_phase7_policy_standard_2026-08-20,standard_12x10_g112_vs_g106.jsonl,standard-random-12x10,standard,random-start,12x10,tf:106,tf:112,false,p1,accepted,,831306,831308493923,5
tf_phase7_policy_standard_2026-08-20,standard_12x10_g112_vs_g106.jsonl,standard-random-12x10,standard,random-start,12x10,tf:112,tf:106,true,p1,accepted,,831306,831308493924,6
tf_phase7_policy_standard_2026-08-20,standard_12x10_g112_vs_g106.jsonl,standard-random-12x10,standard,random-start,12x10,tf:106,tf:112,false,p1,accepted,,831306,831308493925,7
tf_phase7_policy_standard_2026-08-20,standard_12x10_g112_vs_g106.jsonl,standard-random-12x10,standard,random-start,12x10,tf:112,tf:106,true,p1,accepted,,831306,831308493926,8
tf_phase7_policy_standard_2026-08-20,standard_12x10_g112_vs_g106.jsonl,standard-random-12x10,standard,random-start,12x10,tf:106,tf:112,false,p2,accepted,,831306,831308493927,9
tf_phase7_policy_standard_2026-08-20,standard_12x10_g112_vs_g106.jsonl,standard-random-12x10,standard,random-start,12x10,tf:112,tf:106,true,p2,accepted,,831306,831308493928,10
tf_phase7_policy_standard_2026-08-20,standard_12x10_g112_vs_g106.jsonl,standard-random-12x10,standard,random-start,12x10,tf:106,tf:112,false,p1,accepted,,831306,831308493929,11
tf_phase7_policy_standard_2026-08-20,standard_12x10_g112_vs_g106.jsonl,standard-random-12x10,standard,random-start,12x10,tf:112,tf:106,true,p1,accepted,,831306,831308493930,12
tf_phase7_policy_standard_2026-08-20,standard_12x10_g112_vs_g106.jsonl,standard-random-12x10,standard,random-start,12x10,tf:106,tf:112,false,p1,accepted,,831306,831308493931,13
tf_phase7_policy_standard_2026-08-20,standard_12x10_g112_vs_g106.jsonl,standard-random-12x10,standard,random-start,12x10,tf:112,tf:106,true,p2,accepted,,831306,831308493932,14
tf_phase7_policy_standard_2026-08-20,standard_12x10_g112_vs_g106.jsonl,standard-random-12x10,standard,random-start,12x10,tf:106,tf:112,false,p1,accepted,,831306,831308493933,15
tf_phase7_policy_standard_2026-08-20,standard_12x10_g112_vs_g106.jsonl,standard-random-12x10,standard,random-start,12x10,tf:112,tf:106,true,p2,accepted,,831306,831308493934,16
tf_phase7_policy_standard_2026-08-20,standard_12x10_g112_vs_g106.jsonl,standard-random-12x10,standard,random-start,12x10,tf:106,tf:112,false,p2,accepted,,831306,831308493935,17
tf_phase7_policy_standard_2026-08-20,standard_12x10_g112_vs_g106.jsonl,standard-random-12x10,standard,random-start,12x10,tf:112,tf:106,true,p1,accepted,,831306,831308493936,18
tf_phase7_policy_standard_2026-08-20,standard_12x10_g112_vs_g106.jsonl,standard-random-12x10,standard,random-start,12x10,tf:106,tf:112,false,p2,accepted,,831306,831308493937,19
tf_phase7_policy_standard_2026-08-20,standard_12x10_g112_vs_g106.jsonl,standard-random-12x10,standard,random-start,12x10,tf:112,tf:106,true,p2,accepted,,831306,831308493938,20
tf_phase7_policy_standard_2026-08-20,standard_12x10_g112_vs_g106.jsonl,standard-random-12x10,standard,random-start,12x10,tf:106,tf:112,false,p2,accepted,,831306,831308493939,21
tf_phase7_policy_standard_2026-08-20,standard_12x10_g112_vs_g106.jsonl,standard-random-12x10,standard,random-start,12x10,tf:112,tf:106,true,p1,accepted,,831306,831308493940,22
tf_phase7_policy_standard_2026-08-20,standard_12x10_g112_vs_g106.jsonl,standard-random-12x10,standard,random-start,12x10,tf:106,tf:112,false,p1,accepted,,831306,831308493941,23
tf_phase7_policy_standard_2026-08-20,standard_12x10_g112_vs_g106.jsonl,standard-random-12x10,standard,random-start,12x10,tf:112,tf:106,true,p1,accepted,,831306,831308493942,24
tf_phase7_policy_standard_2026-08-20,standard_12x10_g112_vs_g106.jsonl,standard-random-12x10,standard,random-start,12x10,tf:106,tf:112,false,p2,accepted,,831306,831308493943,25
tf_phase7_policy_standard_2026-08-20,standard_12x10_g112_vs_g106.jsonl,standard-random-12x10,standard,random-start,12x10,tf:112,tf:106,true,p2,accepted,,831306,831308493944,26
tf_phase7_policy_standard_2026-08-20,standard_12x10_g112_vs_g106.jsonl,standard-random-12x10,standard,random-start,12x10,tf:106,tf:112,false,draw,accepted,,831306,831308493945,27
tf_phase7_policy_standard_2026-08-20,standard_12x10_g112_vs_g106.jsonl,standard-random-12x10,standard,random-start,12x10,tf:112,tf:106,true,p2,accepted,,831306,831308493946,28
tf_phase7_policy_standard_2026-08-20,standard_12x10_g112_vs_g106.jsonl,standard-random-12x10,standard,random-start,12x10,tf:106,tf:112,false,p1,accepted,,831306,831308493947,29
tf_phase7_policy_standard_2026-08-20,standard_12x10_g112_vs_g106.jsonl,standard-random-12x10,standard,random-start,12x10,tf:112,tf:106,true,p1,accepted,,831306,831308493948,30
tf_phase7_policy_standard_2026-08-20,standard_12x10_g112_vs_g106.jsonl,standard-random-12x10,standard,random-start,12x10,tf:106,tf:112,false,p2,accepted,,831306,831308493949,31
tf_phase7_policy_standard_2026-08-20,standard_12x10_g112_vs_g106.jsonl,standard-random-12x10,standard,random-start,12x10,tf:112,tf:106,true,p1,accepted,,831306,831308493950,32
tf_phase7_policy_standard_2026-08-20,standard_12x10_g112_vs_g106.jsonl,standard-random-12x10,standard,random-start,12x10,tf:106,tf:112,false,p2,accepted,,831306,831308493951,33
tf_phase7_policy_standard_2026-08-20,standard_12x10_g112_vs_g106.jsonl,standard-random-12x10,standard,random-start,12x10,tf:112,tf:106,true,draw,accepted,,831306,831308493952,34
tf_phase7_policy_standard_2026-08-20,standard_12x10_g112_vs_g106.jsonl,standard-random-12x10,standard,random-start,12x10,tf:106,tf:112,false,p2,accepted,,831306,831308493953,35
tf_phase7_policy_standard_2026-08-20,standard_12x10_g112_vs_g106.jsonl,standard-random-12x10,standard,random-start,12x10,tf:112,tf:106,true,p2,accepted,,831306,831308493954,36
tf_phase7_policy_standard_2026-08-20,standard_12x10_g112_vs_g106.jsonl,standard-random-12x10,standard,random-start,12x10,tf:106,tf:112,false,p2,accepted,,831306,831308493955,37
tf_phase7_policy_standard_2026-08-20,standard_12x10_g112_vs_g106.jsonl,standard-random-12x10,standard,random-start,12x10,tf:112,tf:106,true,p2,accepted,,831306,831308493956,38
tf_phase7_policy_standard_2026-08-20,standard_12x10_g112_vs_g106.jsonl,standard-random-12x10,standard,random-start,12x10,tf:106,tf:112,false,p2,accepted,,831306,831308493957,39
tf_phase7_policy_standard_2026-08-20,standard_12x10_g112_vs_g109.jsonl,standard-random-12x10,standard,random-start,12x10,tf:112,tf:109,true,p1,accepted,,831309,831311493927,0
tf_phase7_policy_standard_2026-08-20,standard_12x10_g112_vs_g109.jsonl,standard-random-12x10,standard,random-start,12x10,tf:109,tf:112,false,p2,accepted,,831309,831311493928,1
tf_phase7_policy_standard_2026-08-20,standard_12x10_g112_vs_g109.jsonl,standard-random-12x10,standard,random-start,12x10,tf:112,tf:109,true,p2,accepted,,831309,831311493929,2
tf_phase7_policy_standard_2026-08-20,standard_12x10_g112_vs_g109.jsonl,standard-random-12x10,standard,random-start,12x10,tf:109,tf:112,false,p1,accepted,,831309,831311493930,3
tf_phase7_policy_standard_2026-08-20,standard_12x10_g112_vs_g109.jsonl,standard-random-12x10,standard,random-start,12x10,tf:112,tf:109,true,p2,accepted,,831309,831311493931,4
tf_phase7_policy_standard_2026-08-20,standard_12x10_g112_vs_g109.jsonl,standard-random-12x10,standard,random-start,12x10,tf:109,tf:112,false,p1,accepted,,831309,831311493932,5
tf_phase7_policy_standard_2026-08-20,standard_12x10_g112_vs_g109.jsonl,standard-random-12x10,standard,random-start,12x10,tf:112,tf:109,true,p1,accepted,,831309,831311493933,6
tf_phase7_policy_standard_2026-08-20,standard_12x10_g112_vs_g109.jsonl,standard-random-12x10,standard,random-start,12x10,tf:109,tf:112,false,draw,accepted,,831309,831311493934,7
tf_phase7_policy_standard_2026-08-20,standard_12x10_g112_vs_g109.jsonl,standard-random-12x10,standard,random-start,12x10,tf:112,tf:109,true,p1,accepted,,831309,831311493935,8
tf_phase7_policy_standard_2026-08-20,standard_12x10_g112_vs_g109.jsonl,standard-random-12x10,standard,random-start,12x10,tf:109,tf:112,false,p1,accepted,,831309,831311493936,9
tf_phase7_policy_standard_2026-08-20,standard_12x10_g112_vs_g109.jsonl,standard-random-12x10,standard,random-start,12x10,tf:112,tf:109,true,p1,accepted,,831309,831311493937,10
tf_phase7_policy_standard_2026-08-20,standard_12x10_g112_vs_g109.jsonl,standard-random-12x10,standard,random-start,12x10,tf:109,tf:112,false,p1,accepted,,831309,831311493938,11
tf_phase7_policy_standard_2026-08-20,standard_12x10_g112_vs_g109.jsonl,standard-random-12x10,standard,random-start,12x10,tf:112,tf:109,true,p2,accepted,,831309,831311493939,12
tf_phase7_policy_standard_2026-08-20,standard_12x10_g112_vs_g109.jsonl,standard-random-12x10,standard,random-start,12x10,tf:109,tf:112,false,p2,accepted,,831309,831311493940,13
tf_phase7_policy_standard_2026-08-20,standard_12x10_g112_vs_g109.jsonl,standard-random-12x10,standard,random-start,12x10,tf:112,tf:109,true,p2,accepted,,831309,831311493941,14
tf_phase7_policy_standard_2026-08-20,standard_12x10_g112_vs_g109.jsonl,standard-random-12x10,standard,random-start,12x10,tf:109,tf:112,false,p1,accepted,,831309,831311493942,15
tf_phase7_policy_standard_2026-08-20,standard_12x10_g112_vs_g109.jsonl,standard-random-12x10,standard,random-start,12x10,tf:112,tf:109,true,p1,accepted,,831309,831311493943,16
tf_phase7_policy_standard_2026-08-20,standard_12x10_g112_vs_g109.jsonl,standard-random-12x10,standard,random-start,12x10,tf:109,tf:112,false,p1,accepted,,831309,831311493944,17
tf_phase7_policy_standard_2026-08-20,standard_12x10_g112_vs_g109.jsonl,standard-random-12x10,standard,random-start,12x10,tf:112,tf:109,true,draw,accepted,,831309,831311493945,18
tf_phase7_policy_standard_2026-08-20,standard_12x10_g112_vs_g109.jsonl,standard-random-12x10,standard,random-start,12x10,tf:109,tf:112,false,p1,accepted,,831309,831311493946,19
tf_phase7_policy_standard_2026-08-20,standard_12x10_g112_vs_g109.jsonl,standard-random-12x10,standard,random-start,12x10,tf:112,tf:109,true,p1,accepted,,831309,831311493947,20
tf_phase7_policy_standard_2026-08-20,standard_12x10_g112_vs_g109.jsonl,standard-random-12x10,standard,random-start,12x10,tf:109,tf:112,false,draw,accepted,,831309,831311493948,21
tf_phase7_policy_standard_2026-08-20,standard_12x10_g112_vs_g109.jsonl,standard-random-12x10,standard,random-start,12x10,tf:112,tf:109,true,p1,accepted,,831309,831311493949,22
tf_phase7_policy_standard_2026-08-20,standard_12x10_g112_vs_g109.jsonl,standard-random-12x10,standard,random-start,12x10,tf:109,tf:112,false,p1,accepted,,831309,831311493950,23
tf_phase7_policy_standard_2026-08-20,standard_12x10_g112_vs_g109.jsonl,standard-random-12x10,standard,random-start,12x10,tf:112,tf:109,true,p1,accepted,,831309,831311493951,24
tf_phase7_policy_standard_2026-08-20,standard_12x10_g112_vs_g109.jsonl,standard-random-12x10,standard,random-start,12x10,tf:109,tf:112,false,p2,accepted,,831309,831311493952,25
tf_phase7_policy_standard_2026-08-20,standard_12x10_g112_vs_g109.jsonl,standard-random-12x10,standard,random-start,12x10,tf:112,tf:109,true,p2,accepted,,831309,831311493953,26
tf_phase7_policy_standard_2026-08-20,standard_12x10_g112_vs_g109.jsonl,standard-random-12x10,standard,random-start,12x10,tf:109,tf:112,false,p2,accepted,,831309,831311493954,27
tf_phase7_policy_standard_2026-08-20,standard_12x10_g112_vs_g109.jsonl,standard-random-12x10,standard,random-start,12x10,tf:112,tf:109,true,p1,accepted,,831309,831311493955,28
tf_phase7_policy_standard_2026-08-20,standard_12x10_g112_vs_g109.jsonl,standard-random-12x10,standard,random-start,12x10,tf:109,tf:112,false,p2,accepted,,831309,831311493956,29
tf_phase7_policy_standard_2026-08-20,standard_12x10_g112_vs_g109.jsonl,standard-random-12x10,standard,random-start,12x10,tf:112,tf:109,true,p2,accepted,,831309,831311493957,30
tf_phase7_policy_standard_2026-08-20,standard_12x10_g112_vs_g109.jsonl,standard-random-12x10,standard,random-start,12x10,tf:109,tf:112,false,p1,accepted,,831309,831311493958,31
tf_phase7_policy_standard_2026-08-20,standard_12x10_g112_vs_g109.jsonl,standard-random-12x10,standard,random-start,12x10,tf:112,tf:109,true,p1,accepted,,831309,831311493959,32
tf_phase7_policy_standard_2026-08-20,standard_12x10_g112_vs_g109.jsonl,standard-random-12x10,standard,random-start,12x10,tf:109,tf:112,false,p2,accepted,,831309,831311493960,33
tf_phase7_policy_standard_2026-08-20,standard_12x10_g112_vs_g109.jsonl,standard-random-12x10,standard,random-start,12x10,tf:112,tf:109,true,p1,accepted,,831309,831311493961,34
tf_phase7_policy_standard_2026-08-20,standard_12x10_g112_vs_g109.jsonl,standard-random-12x10,standard,random-start,12x10,tf:109,tf:112,false,p2,accepted,,831309,831311493962,35
tf_phase7_policy_standard_2026-08-20,standard_12x10_g112_vs_g109.jsonl,standard-random-12x10,standard,random-start,12x10,tf:112,tf:109,true,p2,accepted,,831309,831311493963,36
tf_phase7_policy_standard_2026-08-20,standard_12x10_g112_vs_g109.jsonl,standard-random-12x10,standard,random-start,12x10,tf:109,tf:112,false,draw,accepted,,831309,831311493964,37
tf_phase7_policy_standard_2026-08-20,standard_12x10_g112_vs_g109.jsonl,standard-random-12x10,standard,random-start,12x10,tf:112,tf:109,true,p1,accepted,,831309,831311493965,38
tf_phase7_policy_standard_2026-08-20,standard_12x10_g112_vs_g109.jsonl,standard-random-12x10,standard,random-start,12x10,tf:109,tf:112,false,p1,accepted,,831309,831311493966,39
tf_phase7_policy_standard_2026-08-20,standard_12x10_g112_vs_g111.jsonl,standard-random-12x10,standard,random-start,12x10,tf:112,tf:111,true,p2,accepted,,831311,831313493933,0
tf_phase7_policy_standard_2026-08-20,standard_12x10_g112_vs_g111.jsonl,standard-random-12x10,standard,random-start,12x10,tf:111,tf:112,false,p2,accepted,,831311,831313493934,1
tf_phase7_policy_standard_2026-08-20,standard_12x10_g112_vs_g111.jsonl,standard-random-12x10,standard,random-start,12x10,tf:112,tf:111,true,p2,accepted,,831311,831313493935,2
tf_phase7_policy_standard_2026-08-20,standard_12x10_g112_vs_g111.jsonl,standard-random-12x10,standard,random-start,12x10,tf:111,tf:112,false,p1,accepted,,831311,831313493936,3
tf_phase7_policy_standard_2026-08-20,standard_12x10_g112_vs_g111.jsonl,standard-random-12x10,standard,random-start,12x10,tf:112,tf:111,true,draw,accepted,,831311,831313493937,4
tf_phase7_policy_standard_2026-08-20,standard_12x10_g112_vs_g111.jsonl,standard-random-12x10,standard,random-start,12x10,tf:111,tf:112,false,p1,accepted,,831311,831313493938,5
tf_phase7_policy_standard_2026-08-20,standard_12x10_g112_vs_g111.jsonl,standard-random-12x10,standard,random-start,12x10,tf:112,tf:111,true,p1,accepted,,831311,831313493939,6
tf_phase7_policy_standard_2026-08-20,standard_12x10_g112_vs_g111.jsonl,standard-random-12x10,standard,random-start,12x10,tf:111,tf:112,false,p1,accepted,,831311,831313493940,7
tf_phase7_policy_standard_2026-08-20,standard_12x10_g112_vs_g111.jsonl,standard-random-12x10,standard,random-start,12x10,tf:112,tf:111,true,p1,accepted,,831311,831313493941,8
tf_phase7_policy_standard_2026-08-20,standard_12x10_g112_vs_g111.jsonl,standard-random-12x10,standard,random-start,12x10,tf:111,tf:112,false,p1,accepted,,831311,831313493942,9
tf_phase7_policy_standard_2026-08-20,standard_12x10_g112_vs_g111.jsonl,standard-random-12x10,standard,random-start,12x10,tf:112,tf:111,true,p1,accepted,,831311,831313493943,10
tf_phase7_policy_standard_2026-08-20,standard_12x10_g112_vs_g111.jsonl,standard-random-12x10,standard,random-start,12x10,tf:111,tf:112,false,draw,accepted,,831311,831313493944,11
tf_phase7_policy_standard_2026-08-20,standard_12x10_g112_vs_g111.jsonl,standard-random-12x10,standard,random-start,12x10,tf:112,tf:111,true,draw,accepted,,831311,831313493945,12
tf_phase7_policy_standard_2026-08-20,standard_12x10_g112_vs_g111.jsonl,standard-random-12x10,standard,random-start,12x10,tf:111,tf:112,false,draw,accepted,,831311,831313493946,13
tf_phase7_policy_standard_2026-08-20,standard_12x10_g112_vs_g111.jsonl,standard-random-12x10,standard,random-start,12x10,tf:112,tf:111,true,p2,accepted,,831311,831313493947,14
tf_phase7_policy_standard_2026-08-20,standard_12x10_g112_vs_g111.jsonl,standard-random-12x10,standard,random-start,12x10,tf:111,tf:112,false,p1,accepted,,831311,831313493948,15
tf_phase7_policy_standard_2026-08-20,standard_12x10_g112_vs_g111.jsonl,standard-random-12x10,standard,random-start,12x10,tf:112,tf:111,true,p1,accepted,,831311,831313493949,16
tf_phase7_policy_standard_2026-08-20,standard_12x10_g112_vs_g111.jsonl,standard-random-12x10,standard,random-start,12x10,tf:111,tf:112,false,p2,accepted,,831311,831313493950,17
tf_phase7_policy_standard_2026-08-20,standard_12x10_g112_vs_g111.jsonl,standard-random-12x10,standard,random-start,12x10,tf:112,tf:111,true,p2,accepted,,831311,831313493951,18
tf_phase7_policy_standard_2026-08-20,standard_12x10_g112_vs_g111.jsonl,standard-random-12x10,standard,random-start,12x10,tf:111,tf:112,false,p1,accepted,,831311,831313493952,19
tf_phase7_policy_standard_2026-08-20,standard_12x10_g112_vs_g111.jsonl,standard-random-12x10,standard,random-start,12x10,tf:112,tf:111,true,p2,accepted,,831311,831313493953,20
tf_phase7_policy_standard_2026-08-20,standard_12x10_g112_vs_g111.jsonl,standard-random-12x10,standard,random-start,12x10,tf:111,tf:112,false,p2,accepted,,831311,831313493954,21
tf_phase7_policy_standard_2026-08-20,standard_12x10_g112_vs_g111.jsonl,standard-random-12x10,standard,random-start,12x10,tf:112,tf:111,true,p1,accepted,,831311,831313493955,22
tf_phase7_policy_standard_2026-08-20,standard_12x10_g112_vs_g111.jsonl,standard-random-12x10,standard,random-start,12x10,tf:111,tf:112,false,p1,accepted,,831311,831313493956,23
tf_phase7_policy_standard_2026-08-20,standard_12x10_g112_vs_g111.jsonl,standard-random-12x10,standard,random-start,12x10,tf:112,tf:111,true,draw,accepted,,831311,831313493957,24
tf_phase7_policy_standard_2026-08-20,standard_12x10_g112_vs_g111.jsonl,standard-random-12x10,standard,random-start,12x10,tf:111,tf:112,false,p2,accepted,,831311,831313493958,25
tf_phase7_policy_standard_2026-08-20,standard_12x10_g112_vs_g111.jsonl,standard-random-12x10,standard,random-start,12x10,tf:112,tf:111,true,p2,accepted,,831311,831313493959,26
tf_phase7_policy_standard_2026-08-20,standard_12x10_g112_vs_g111.jsonl,standard-random-12x10,standard,random-start,12x10,tf:111,tf:112,false,p1,accepted,,831311,831313493960,27
tf_phase7_policy_standard_2026-08-20,standard_12x10_g112_vs_g111.jsonl,standard-random-12x10,standard,random-start,12x10,tf:112,tf:111,true,p1,accepted,,831311,831313493961,28
tf_phase7_policy_standard_2026-08-20,standard_12x10_g112_vs_g111.jsonl,standard-random-12x10,standard,random-start,12x10,tf:111,tf:112,false,p2,accepted,,831311,831313493962,29
tf_phase7_policy_standard_2026-08-20,standard_12x10_g112_vs_g111.jsonl,standard-random-12x10,standard,random-start,12x10,tf:112,tf:111,true,p2,accepted,,831311,831313493963,30
tf_phase7_policy_standard_2026-08-20,standard_12x10_g112_vs_g111.jsonl,standard-random-12x10,standard,random-start,12x10,tf:111,tf:112,false,p2,accepted,,831311,831313493964,31
tf_phase7_policy_standard_2026-08-20,standard_12x10_g112_vs_g111.jsonl,standard-random-12x10,standard,random-start,12x10,tf:112,tf:111,true,p2,accepted,,831311,831313493965,32
tf_phase7_policy_standard_2026-08-20,standard_12x10_g112_vs_g111.jsonl,standard-random-12x10,standard,random-start,12x10,tf:111,tf:112,false,p2,accepted,,831311,831313493966,33
tf_phase7_policy_standard_2026-08-20,standard_12x10_g112_vs_g111.jsonl,standard-random-12x10,standard,random-start,12x10,tf:112,tf:111,true,p1,accepted,,831311,831313493967,34
tf_phase7_policy_standard_2026-08-20,standard_12x10_g112_vs_g111.jsonl,standard-random-12x10,standard,random-start,12x10,tf:111,tf:112,false,p2,accepted,,831311,831313493968,35
tf_phase7_policy_standard_2026-08-20,standard_12x10_g112_vs_g111.jsonl,standard-random-12x10,standard,random-start,12x10,tf:112,tf:111,true,p2,accepted,,831311,831313493969,36
tf_phase7_policy_standard_2026-08-20,standard_12x10_g112_vs_g111.jsonl,standard-random-12x10,standard,random-start,12x10,tf:111,tf:112,false,p2,accepted,,831311,831313493970,37
tf_phase7_policy_standard_2026-08-20,standard_12x10_g112_vs_g111.jsonl,standard-random-12x10,standard,random-start,12x10,tf:112,tf:111,true,p1,accepted,,831311,831313493971,38
tf_phase7_policy_standard_2026-08-20,standard_12x10_g112_vs_g111.jsonl,standard-random-12x10,standard,random-start,12x10,tf:111,tf:112,false,p2,accepted,,831311,831313493972,39
tf_phase7_policy_standard_2026-08-20,standard_12x10_g113_vs_g107.jsonl,standard-random-12x10,standard,random-start,12x10,tf:113,tf:107,true,p2,accepted,,831407,831409494221,0
tf_phase7_policy_standard_2026-08-20,standard_12x10_g113_vs_g107.jsonl,standard-random-12x10,standard,random-start,12x10,tf:107,tf:113,false,p1,accepted,,831407,831409494222,1
tf_phase7_policy_standard_2026-08-20,standard_12x10_g113_vs_g107.jsonl,standard-random-12x10,standard,random-start,12x10,tf:113,tf:107,true,p2,accepted,,831407,831409494223,2
tf_phase7_policy_standard_2026-08-20,standard_12x10_g113_vs_g107.jsonl,standard-random-12x10,standard,random-start,12x10,tf:107,tf:113,false,p2,accepted,,831407,831409494224,3
tf_phase7_policy_standard_2026-08-20,standard_12x10_g113_vs_g107.jsonl,standard-random-12x10,standard,random-start,12x10,tf:113,tf:107,true,p2,accepted,,831407,831409494225,4
tf_phase7_policy_standard_2026-08-20,standard_12x10_g113_vs_g107.jsonl,standard-random-12x10,standard,random-start,12x10,tf:107,tf:113,false,p1,accepted,,831407,831409494226,5
tf_phase7_policy_standard_2026-08-20,standard_12x10_g113_vs_g107.jsonl,standard-random-12x10,standard,random-start,12x10,tf:113,tf:107,true,p1,accepted,,831407,831409494227,6
tf_phase7_policy_standard_2026-08-20,standard_12x10_g113_vs_g107.jsonl,standard-random-12x10,standard,random-start,12x10,tf:107,tf:113,false,p2,accepted,,831407,831409494228,7
tf_phase7_policy_standard_2026-08-20,standard_12x10_g113_vs_g107.jsonl,standard-random-12x10,standard,random-start,12x10,tf:113,tf:107,true,p2,accepted,,831407,831409494229,8
tf_phase7_policy_standard_2026-08-20,standard_12x10_g113_vs_g107.jsonl,standard-random-12x10,standard,random-start,12x10,tf:107,tf:113,false,p2,accepted,,831407,831409494230,9
tf_phase7_policy_standard_2026-08-20,standard_12x10_g113_vs_g107.jsonl,standard-random-12x10,standard,random-start,12x10,tf:113,tf:107,true,p1,accepted,,831407,831409494231,10
tf_phase7_policy_standard_2026-08-20,standard_12x10_g113_vs_g107.jsonl,standard-random-12x10,standard,random-start,12x10,tf:107,tf:113,false,p2,accepted,,831407,831409494232,11
tf_phase7_policy_standard_2026-08-20,standard_12x10_g113_vs_g107.jsonl,standard-random-12x10,standard,random-start,12x10,tf:113,tf:107,true,p2,accepted,,831407,831409494233,12
tf_phase7_policy_standard_2026-08-20,standard_12x10_g113_vs_g107.jsonl,standard-random-12x10,standard,random-start,12x10,tf:107,tf:113,false,p2,accepted,,831407,831409494234,13
tf_phase7_policy_standard_2026-08-20,standard_12x10_g113_vs_g107.jsonl,standard-random-12x10,standard,random-start,12x10,tf:113,tf:107,true,p1,accepted,,831407,831409494235,14
tf_phase7_policy_standard_2026-08-20,standard_12x10_g113_vs_g107.jsonl,standard-random-12x10,standard,random-start,12x10,tf:107,tf:113,false,p2,accepted,,831407,831409494236,15
tf_phase7_policy_standard_2026-08-20,standard_12x10_g113_vs_g107.jsonl,standard-random-12x10,standard,random-start,12x10,tf:113,tf:107,true,p1,accepted,,831407,831409494237,16
tf_phase7_policy_standard_2026-08-20,standard_12x10_g113_vs_g107.jsonl,standard-random-12x10,standard,random-start,12x10,tf:107,tf:113,false,p2,accepted,,831407,831409494238,17
tf_phase7_policy_standard_2026-08-20,standard_12x10_g113_vs_g107.jsonl,standard-random-12x10,standard,random-start,12x10,tf:113,tf:107,true,p1,accepted,,831407,831409494239,18
tf_phase7_policy_standard_2026-08-20,standard_12x10_g113_vs_g107.jsonl,standard-random-12x10,standard,random-start,12x10,tf:107,tf:113,false,p2,accepted,,831407,831409494240,19
tf_phase7_policy_standard_2026-08-20,standard_12x10_g113_vs_g107.jsonl,standard-random-12x10,standard,random-start,12x10,tf:113,tf:107,true,p1,accepted,,831407,831409494241,20
tf_phase7_policy_standard_2026-08-20,standard_12x10_g113_vs_g107.jsonl,standard-random-12x10,standard,random-start,12x10,tf:107,tf:113,false,p2,accepted,,831407,831409494242,21
tf_phase7_policy_standard_2026-08-20,standard_12x10_g113_vs_g107.jsonl,standard-random-12x10,standard,random-start,12x10,tf:113,tf:107,true,p1,accepted,,831407,831409494243,22
tf_phase7_policy_standard_2026-08-20,standard_12x10_g113_vs_g107.jsonl,standard-random-12x10,standard,random-start,12x10,tf:107,tf:113,false,p1,accepted,,831407,831409494244,23
tf_phase7_policy_standard_2026-08-20,standard_12x10_g113_vs_g107.jsonl,standard-random-12x10,standard,random-start,12x10,tf:113,tf:107,true,p2,accepted,,831407,831409494245,24
tf_phase7_policy_standard_2026-08-20,standard_12x10_g113_vs_g107.jsonl,standard-random-12x10,standard,random-start,12x10,tf:107,tf:113,false,p1,accepted,,831407,831409494246,25
tf_phase7_policy_standard_2026-08-20,standard_12x10_g113_vs_g107.jsonl,standard-random-12x10,standard,random-start,12x10,tf:113,tf:107,true,p1,accepted,,831407,831409494247,26
tf_phase7_policy_standard_2026-08-20,standard_12x10_g113_vs_g107.jsonl,standard-random-12x10,standard,random-start,12x10,tf:107,tf:113,false,p1,accepted,,831407,831409494248,27
tf_phase7_policy_standard_2026-08-20,standard_12x10_g113_vs_g107.jsonl,standard-random-12x10,standard,random-start,12x10,tf:113,tf:107,true,p2,accepted,,831407,831409494249,28
tf_phase7_policy_standard_2026-08-20,standard_12x10_g113_vs_g107.jsonl,standard-random-12x10,standard,random-start,12x10,tf:107,tf:113,false,p2,accepted,,831407,831409494250,29
tf_phase7_policy_standard_2026-08-20,standard_12x10_g113_vs_g107.jsonl,standard-random-12x10,standard,random-start,12x10,tf:113,tf:107,true,p2,accepted,,831407,831409494251,30
tf_phase7_policy_standard_2026-08-20,standard_12x10_g113_vs_g107.jsonl,standard-random-12x10,standard,random-start,12x10,tf:107,tf:113,false,p2,accepted,,831407,831409494252,31
tf_phase7_policy_standard_2026-08-20,standard_12x10_g113_vs_g107.jsonl,standard-random-12x10,standard,random-start,12x10,tf:113,tf:107,true,p1,accepted,,831407,831409494253,32
tf_phase7_policy_standard_2026-08-20,standard_12x10_g113_vs_g107.jsonl,standard-random-12x10,standard,random-start,12x10,tf:107,tf:113,false,p2,accepted,,831407,831409494254,33
tf_phase7_policy_standard_2026-08-20,standard_12x10_g113_vs_g107.jsonl,standard-random-12x10,standard,random-start,12x10,tf:113,tf:107,true,draw,accepted,,831407,831409494255,34
tf_phase7_policy_standard_2026-08-20,standard_12x10_g113_vs_g107.jsonl,standard-random-12x10,standard,random-start,12x10,tf:107,tf:113,false,p1,accepted,,831407,831409494256,35
tf_phase7_policy_standard_2026-08-20,standard_12x10_g113_vs_g107.jsonl,standard-random-12x10,standard,random-start,12x10,tf:113,tf:107,true,p1,accepted,,831407,831409494257,36
tf_phase7_policy_standard_2026-08-20,standard_12x10_g113_vs_g107.jsonl,standard-random-12x10,standard,random-start,12x10,tf:107,tf:113,false,p2,accepted,,831407,831409494258,37
tf_phase7_policy_standard_2026-08-20,standard_12x10_g113_vs_g107.jsonl,standard-random-12x10,standard,random-start,12x10,tf:113,tf:107,true,p1,accepted,,831407,831409494259,38
tf_phase7_policy_standard_2026-08-20,standard_12x10_g113_vs_g107.jsonl,standard-random-12x10,standard,random-start,12x10,tf:107,tf:113,false,p2,accepted,,831407,831409494260,39
tf_phase7_policy_standard_2026-08-20,standard_12x10_g113_vs_g110.jsonl,standard-random-12x10,standard,random-start,12x10,tf:113,tf:110,true,p1,accepted,,831410,831412494230,0
tf_phase7_policy_standard_2026-08-20,standard_12x10_g113_vs_g110.jsonl,standard-random-12x10,standard,random-start,12x10,tf:110,tf:113,false,p1,accepted,,831410,831412494231,1
tf_phase7_policy_standard_2026-08-20,standard_12x10_g113_vs_g110.jsonl,standard-random-12x10,standard,random-start,12x10,tf:113,tf:110,true,p1,accepted,,831410,831412494232,2
tf_phase7_policy_standard_2026-08-20,standard_12x10_g113_vs_g110.jsonl,standard-random-12x10,standard,random-start,12x10,tf:110,tf:113,false,p1,accepted,,831410,831412494233,3
tf_phase7_policy_standard_2026-08-20,standard_12x10_g113_vs_g110.jsonl,standard-random-12x10,standard,random-start,12x10,tf:113,tf:110,true,p2,accepted,,831410,831412494234,4
tf_phase7_policy_standard_2026-08-20,standard_12x10_g113_vs_g110.jsonl,standard-random-12x10,standard,random-start,12x10,tf:110,tf:113,false,draw,accepted,,831410,831412494235,5
tf_phase7_policy_standard_2026-08-20,standard_12x10_g113_vs_g110.jsonl,standard-random-12x10,standard,random-start,12x10,tf:113,tf:110,true,p2,accepted,,831410,831412494236,6
tf_phase7_policy_standard_2026-08-20,standard_12x10_g113_vs_g110.jsonl,standard-random-12x10,standard,random-start,12x10,tf:110,tf:113,false,draw,accepted,,831410,831412494237,7
tf_phase7_policy_standard_2026-08-20,standard_12x10_g113_vs_g110.jsonl,standard-random-12x10,standard,random-start,12x10,tf:113,tf:110,true,p1,accepted,,831410,831412494238,8
tf_phase7_policy_standard_2026-08-20,standard_12x10_g113_vs_g110.jsonl,standard-random-12x10,standard,random-start,12x10,tf:110,tf:113,false,p2,accepted,,831410,831412494239,9
tf_phase7_policy_standard_2026-08-20,standard_12x10_g113_vs_g110.jsonl,standard-random-12x10,standard,random-start,12x10,tf:113,tf:110,true,p2,accepted,,831410,831412494240,10
tf_phase7_policy_standard_2026-08-20,standard_12x10_g113_vs_g110.jsonl,standard-random-12x10,standard,random-start,12x10,tf:110,tf:113,false,draw,accepted,,831410,831412494241,11
tf_phase7_policy_standard_2026-08-20,standard_12x10_g113_vs_g110.jsonl,standard-random-12x10,standard,random-start,12x10,tf:113,tf:110,true,p1,accepted,,831410,831412494242,12
tf_phase7_policy_standard_2026-08-20,standard_12x10_g113_vs_g110.jsonl,standard-random-12x10,standard,random-start,12x10,tf:110,tf:113,false,p2,accepted,,831410,831412494243,13
tf_phase7_policy_standard_2026-08-20,standard_12x10_g113_vs_g110.jsonl,standard-random-12x10,standard,random-start,12x10,tf:113,tf:110,true,p2,accepted,,831410,831412494244,14
tf_phase7_policy_standard_2026-08-20,standard_12x10_g113_vs_g110.jsonl,standard-random-12x10,standard,random-start,12x10,tf:110,tf:113,false,p1,accepted,,831410,831412494245,15
tf_phase7_policy_standard_2026-08-20,standard_12x10_g113_vs_g110.jsonl,standard-random-12x10,standard,random-start,12x10,tf:113,tf:110,true,p1,accepted,,831410,831412494246,16
tf_phase7_policy_standard_2026-08-20,standard_12x10_g113_vs_g110.jsonl,standard-random-12x10,standard,random-start,12x10,tf:110,tf:113,false,p1,accepted,,831410,831412494247,17
tf_phase7_policy_standard_2026-08-20,standard_12x10_g113_vs_g110.jsonl,standard-random-12x10,standard,random-start,12x10,tf:113,tf:110,true,p2,accepted,,831410,831412494248,18
tf_phase7_policy_standard_2026-08-20,standard_12x10_g113_vs_g110.jsonl,standard-random-12x10,standard,random-start,12x10,tf:110,tf:113,false,p2,accepted,,831410,831412494249,19
tf_phase7_policy_standard_2026-08-20,standard_12x10_g113_vs_g110.jsonl,standard-random-12x10,standard,random-start,12x10,tf:113,tf:110,true,p1,accepted,,831410,831412494250,20
tf_phase7_policy_standard_2026-08-20,standard_12x10_g113_vs_g110.jsonl,standard-random-12x10,standard,random-start,12x10,tf:110,tf:113,false,p2,accepted,,831410,831412494251,21
tf_phase7_policy_standard_2026-08-20,standard_12x10_g113_vs_g110.jsonl,standard-random-12x10,standard,random-start,12x10,tf:113,tf:110,true,p2,accepted,,831410,831412494252,22
tf_phase7_policy_standard_2026-08-20,standard_12x10_g113_vs_g110.jsonl,standard-random-12x10,standard,random-start,12x10,tf:110,tf:113,false,p1,accepted,,831410,831412494253,23
tf_phase7_policy_standard_2026-08-20,standard_12x10_g113_vs_g110.jsonl,standard-random-12x10,standard,random-start,12x10,tf:113,tf:110,true,p1,accepted,,831410,831412494254,24
tf_phase7_policy_standard_2026-08-20,standard_12x10_g113_vs_g110.jsonl,standard-random-12x10,standard,random-start,12x10,tf:110,tf:113,false,p2,accepted,,831410,831412494255,25
tf_phase7_policy_standard_2026-08-20,standard_12x10_g113_vs_g110.jsonl,standard-random-12x10,standard,random-start,12x10,tf:113,tf:110,true,p1,accepted,,831410,831412494256,26
tf_phase7_policy_standard_2026-08-20,standard_12x10_g113_vs_g110.jsonl,standard-random-12x10,standard,random-start,12x10,tf:110,tf:113,false,p2,accepted,,831410,831412494257,27
tf_phase7_policy_standard_2026-08-20,standard_12x10_g113_vs_g110.jsonl,standard-random-12x10,standard,random-start,12x10,tf:113,tf:110,true,p2,accepted,,831410,831412494258,28
tf_phase7_policy_standard_2026-08-20,standard_12x10_g113_vs_g110.jsonl,standard-random-12x10,standard,random-start,12x10,tf:110,tf:113,false,p2,accepted,,831410,831412494259,29
tf_phase7_policy_standard_2026-08-20,standard_12x10_g113_vs_g110.jsonl,standard-random-12x10,standard,random-start,12x10,tf:113,tf:110,true,draw,accepted,,831410,831412494260,30
tf_phase7_policy_standard_2026-08-20,standard_12x10_g113_vs_g110.jsonl,standard-random-12x10,standard,random-start,12x10,tf:110,tf:113,false,p1,accepted,,831410,831412494261,31
tf_phase7_policy_standard_2026-08-20,standard_12x10_g113_vs_g110.jsonl,standard-random-12x10,standard,random-start,12x10,tf:113,tf:110,true,p1,accepted,,831410,831412494262,32
tf_phase7_policy_standard_2026-08-20,standard_12x10_g113_vs_g110.jsonl,standard-random-12x10,standard,random-start,12x10,tf:110,tf:113,false,p2,accepted,,831410,831412494263,33
tf_phase7_policy_standard_2026-08-20,standard_12x10_g113_vs_g110.jsonl,standard-random-12x10,standard,random-start,12x10,tf:113,tf:110,true,p1,accepted,,831410,831412494264,34
tf_phase7_policy_standard_2026-08-20,standard_12x10_g113_vs_g110.jsonl,standard-random-12x10,standard,random-start,12x10,tf:110,tf:113,false,p2,accepted,,831410,831412494265,35
tf_phase7_policy_standard_2026-08-20,standard_12x10_g113_vs_g110.jsonl,standard-random-12x10,standard,random-start,12x10,tf:113,tf:110,true,p2,accepted,,831410,831412494266,36
tf_phase7_policy_standard_2026-08-20,standard_12x10_g113_vs_g110.jsonl,standard-random-12x10,standard,random-start,12x10,tf:110,tf:113,false,p1,accepted,,831410,831412494267,37
tf_phase7_policy_standard_2026-08-20,standard_12x10_g113_vs_g110.jsonl,standard-random-12x10,standard,random-start,12x10,tf:113,tf:110,true,p1,accepted,,831410,831412494268,38
tf_phase7_policy_standard_2026-08-20,standard_12x10_g113_vs_g110.jsonl,standard-random-12x10,standard,random-start,12x10,tf:110,tf:113,false,p1,accepted,,831410,831412494269,39
tf_phase7_policy_standard_2026-08-20,standard_12x10_g113_vs_g112.jsonl,standard-random-12x10,standard,random-start,12x10,tf:113,tf:112,true,draw,accepted,,831412,831414494236,0
tf_phase7_policy_standard_2026-08-20,standard_12x10_g113_vs_g112.jsonl,standard-random-12x10,standard,random-start,12x10,tf:112,tf:113,false,p2,accepted,,831412,831414494237,1
tf_phase7_policy_standard_2026-08-20,standard_12x10_g113_vs_g112.jsonl,standard-random-12x10,standard,random-start,12x10,tf:113,tf:112,true,p2,accepted,,831412,831414494238,2
tf_phase7_policy_standard_2026-08-20,standard_12x10_g113_vs_g112.jsonl,standard-random-12x10,standard,random-start,12x10,tf:112,tf:113,false,p1,accepted,,831412,831414494239,3
tf_phase7_policy_standard_2026-08-20,standard_12x10_g113_vs_g112.jsonl,standard-random-12x10,standard,random-start,12x10,tf:113,tf:112,true,p1,accepted,,831412,831414494240,4
tf_phase7_policy_standard_2026-08-20,standard_12x10_g113_vs_g112.jsonl,standard-random-12x10,standard,random-start,12x10,tf:112,tf:113,false,p2,accepted,,831412,831414494241,5
tf_phase7_policy_standard_2026-08-20,standard_12x10_g113_vs_g112.jsonl,standard-random-12x10,standard,random-start,12x10,tf:113,tf:112,true,p2,accepted,,831412,831414494242,6
tf_phase7_policy_standard_2026-08-20,standard_12x10_g113_vs_g112.jsonl,standard-random-12x10,standard,random-start,12x10,tf:112,tf:113,false,p1,accepted,,831412,831414494243,7
tf_phase7_policy_standard_2026-08-20,standard_12x10_g113_vs_g112.jsonl,standard-random-12x10,standard,random-start,12x10,tf:113,tf:112,true,p2,accepted,,831412,831414494244,8
tf_phase7_policy_standard_2026-08-20,standard_12x10_g113_vs_g112.jsonl,standard-random-12x10,standard,random-start,12x10,tf:112,tf:113,false,p2,accepted,,831412,831414494245,9
tf_phase7_policy_standard_2026-08-20,standard_12x10_g113_vs_g112.jsonl,standard-random-12x10,standard,random-start,12x10,tf:113,tf:112,true,p1,accepted,,831412,831414494246,10
tf_phase7_policy_standard_2026-08-20,standard_12x10_g113_vs_g112.jsonl,standard-random-12x10,standard,random-start,12x10,tf:112,tf:113,false,p2,accepted,,831412,831414494247,11
tf_phase7_policy_standard_2026-08-20,standard_12x10_g113_vs_g112.jsonl,standard-random-12x10,standard,random-start,12x10,tf:113,tf:112,true,p1,accepted,,831412,831414494248,12
tf_phase7_policy_standard_2026-08-20,standard_12x10_g113_vs_g112.jsonl,standard-random-12x10,standard,random-start,12x10,tf:112,tf:113,false,p1,accepted,,831412,831414494249,13
tf_phase7_policy_standard_2026-08-20,standard_12x10_g113_vs_g112.jsonl,standard-random-12x10,standard,random-start,12x10,tf:113,tf:112,true,p1,accepted,,831412,831414494250,14
tf_phase7_policy_standard_2026-08-20,standard_12x10_g113_vs_g112.jsonl,standard-random-12x10,standard,random-start,12x10,tf:112,tf:113,false,p1,accepted,,831412,831414494251,15
tf_phase7_policy_standard_2026-08-20,standard_12x10_g113_vs_g112.jsonl,standard-random-12x10,standard,random-start,12x10,tf:113,tf:112,true,p2,accepted,,831412,831414494252,16
tf_phase7_policy_standard_2026-08-20,standard_12x10_g113_vs_g112.jsonl,standard-random-12x10,standard,random-start,12x10,tf:112,tf:113,false,p1,accepted,,831412,831414494253,17
tf_phase7_policy_standard_2026-08-20,standard_12x10_g113_vs_g112.jsonl,standard-random-12x10,standard,random-start,12x10,tf:113,tf:112,true,p1,accepted,,831412,831414494254,18
tf_phase7_policy_standard_2026-08-20,standard_12x10_g113_vs_g112.jsonl,standard-random-12x10,standard,random-start,12x10,tf:112,tf:113,false,p2,accepted,,831412,831414494255,19
tf_phase7_policy_standard_2026-08-20,standard_12x10_g113_vs_g112.jsonl,standard-random-12x10,standard,random-start,12x10,tf:113,tf:112,true,p1,accepted,,831412,831414494256,20
tf_phase7_policy_standard_2026-08-20,standard_12x10_g113_vs_g112.jsonl,standard-random-12x10,standard,random-start,12x10,tf:112,tf:113,false,p2,accepted,,831412,831414494257,21
tf_phase7_policy_standard_2026-08-20,standard_12x10_g113_vs_g112.jsonl,standard-random-12x10,standard,random-start,12x10,tf:113,tf:112,true,draw,accepted,,831412,831414494258,22
tf_phase7_policy_standard_2026-08-20,standard_12x10_g113_vs_g112.jsonl,standard-random-12x10,standard,random-start,12x10,tf:112,tf:113,false,p1,accepted,,831412,831414494259,23
tf_phase7_policy_standard_2026-08-20,standard_12x10_g113_vs_g112.jsonl,standard-random-12x10,standard,random-start,12x10,tf:113,tf:112,true,draw,accepted,,831412,831414494260,24
tf_phase7_policy_standard_2026-08-20,standard_12x10_g113_vs_g112.jsonl,standard-random-12x10,standard,random-start,12x10,tf:112,tf:113,false,draw,accepted,,831412,831414494261,25
tf_phase7_policy_standard_2026-08-20,standard_12x10_g113_vs_g112.jsonl,standard-random-12x10,standard,random-start,12x10,tf:113,tf:112,true,draw,accepted,,831412,831414494262,26
tf_phase7_policy_standard_2026-08-20,standard_12x10_g113_vs_g112.jsonl,standard-random-12x10,standard,random-start,12x10,tf:112,tf:113,false,p2,accepted,,831412,831414494263,27
tf_phase7_policy_standard_2026-08-20,standard_12x10_g113_vs_g112.jsonl,standard-random-12x10,standard,random-start,12x10,tf:113,tf:112,true,p2,accepted,,831412,831414494264,28
tf_phase7_policy_standard_2026-08-20,standard_12x10_g113_vs_g112.jsonl,standard-random-12x10,standard,random-start,12x10,tf:112,tf:113,false,p1,accepted,,831412,831414494265,29
tf_phase7_policy_standard_2026-08-20,standard_12x10_g113_vs_g112.jsonl,standard-random-12x10,standard,random-start,12x10,tf:113,tf:112,true,draw,accepted,,831412,831414494266,30
tf_phase7_policy_standard_2026-08-20,standard_12x10_g113_vs_g112.jsonl,standard-random-12x10,standard,random-start,12x10,tf:112,tf:113,false,p1,accepted,,831412,831414494267,31
tf_phase7_policy_standard_2026-08-20,standard_12x10_g113_vs_g112.jsonl,standard-random-12x10,standard,random-start,12x10,tf:113,tf:112,true,p2,accepted,,831412,831414494268,32
tf_phase7_policy_standard_2026-08-20,standard_12x10_g113_vs_g112.jsonl,standard-random-12x10,standard,random-start,12x10,tf:112,tf:113,false,draw,accepted,,831412,831414494269,33
tf_phase7_policy_standard_2026-08-20,standard_12x10_g113_vs_g112.jsonl,standard-random-12x10,standard,random-start,12x10,tf:113,tf:112,true,p1,accepted,,831412,831414494270,34
tf_phase7_policy_standard_2026-08-20,standard_12x10_g113_vs_g112.jsonl,standard-random-12x10,standard,random-start,12x10,tf:112,tf:113,false,p2,accepted,,831412,831414494271,35
tf_phase7_policy_standard_2026-08-20,standard_12x10_g113_vs_g112.jsonl,standard-random-12x10,standard,random-start,12x10,tf:113,tf:112,true,p2,accepted,,831412,831414494272,36
tf_phase7_policy_standard_2026-08-20,standard_12x10_g113_vs_g112.jsonl,standard-random-12x10,standard,random-start,12x10,tf:112,tf:113,false,p1,accepted,,831412,831414494273,37
tf_phase7_policy_standard_2026-08-20,standard_12x10_g113_vs_g112.jsonl,standard-random-12x10,standard,random-start,12x10,tf:113,tf:112,true,draw,accepted,,831412,831414494274,38
tf_phase7_policy_standard_2026-08-20,standard_12x10_g113_vs_g112.jsonl,standard-random-12x10,standard,random-start,12x10,tf:112,tf:113,false,p2,accepted,,831412,831414494275,39
tf_phase7_policy_standard_2026-08-20,standard_12x10_g114_vs_g108.jsonl,standard-random-12x10,standard,random-start,12x10,tf:114,tf:108,true,p2,accepted,,831508,831510494524,0
tf_phase7_policy_standard_2026-08-20,standard_12x10_g114_vs_g108.jsonl,standard-random-12x10,standard,random-start,12x10,tf:108,tf:114,false,p2,accepted,,831508,831510494525,1
tf_phase7_policy_standard_2026-08-20,standard_12x10_g114_vs_g108.jsonl,standard-random-12x10,standard,random-start,12x10,tf:114,tf:108,true,p1,accepted,,831508,831510494526,2
tf_phase7_policy_standard_2026-08-20,standard_12x10_g114_vs_g108.jsonl,standard-random-12x10,standard,random-start,12x10,tf:108,tf:114,false,p1,accepted,,831508,831510494527,3
tf_phase7_policy_standard_2026-08-20,standard_12x10_g114_vs_g108.jsonl,standard-random-12x10,standard,random-start,12x10,tf:114,tf:108,true,p1,accepted,,831508,831510494528,4
tf_phase7_policy_standard_2026-08-20,standard_12x10_g114_vs_g108.jsonl,standard-random-12x10,standard,random-start,12x10,tf:108,tf:114,false,p2,accepted,,831508,831510494529,5
tf_phase7_policy_standard_2026-08-20,standard_12x10_g114_vs_g108.jsonl,standard-random-12x10,standard,random-start,12x10,tf:114,tf:108,true,p1,accepted,,831508,831510494530,6
tf_phase7_policy_standard_2026-08-20,standard_12x10_g114_vs_g108.jsonl,standard-random-12x10,standard,random-start,12x10,tf:108,tf:114,false,draw,accepted,,831508,831510494531,7
tf_phase7_policy_standard_2026-08-20,standard_12x10_g114_vs_g108.jsonl,standard-random-12x10,standard,random-start,12x10,tf:114,tf:108,true,p1,accepted,,831508,831510494532,8
tf_phase7_policy_standard_2026-08-20,standard_12x10_g114_vs_g108.jsonl,standard-random-12x10,standard,random-start,12x10,tf:108,tf:114,false,draw,accepted,,831508,831510494533,9
tf_phase7_policy_standard_2026-08-20,standard_12x10_g114_vs_g108.jsonl,standard-random-12x10,standard,random-start,12x10,tf:114,tf:108,true,draw,accepted,,831508,831510494534,10
tf_phase7_policy_standard_2026-08-20,standard_12x10_g114_vs_g108.jsonl,standard-random-12x10,standard,random-start,12x10,tf:108,tf:114,false,draw,accepted,,831508,831510494535,11
tf_phase7_policy_standard_2026-08-20,standard_12x10_g114_vs_g108.jsonl,standard-random-12x10,standard,random-start,12x10,tf:114,tf:108,true,p1,accepted,,831508,831510494536,12
tf_phase7_policy_standard_2026-08-20,standard_12x10_g114_vs_g108.jsonl,standard-random-12x10,standard,random-start,12x10,tf:108,tf:114,false,p1,accepted,,831508,831510494537,13
tf_phase7_policy_standard_2026-08-20,standard_12x10_g114_vs_g108.jsonl,standard-random-12x10,standard,random-start,12x10,tf:114,tf:108,true,p1,accepted,,831508,831510494538,14
tf_phase7_policy_standard_2026-08-20,standard_12x10_g114_vs_g108.jsonl,standard-random-12x10,standard,random-start,12x10,tf:108,tf:114,false,p1,accepted,,831508,831510494539,15
tf_phase7_policy_standard_2026-08-20,standard_12x10_g114_vs_g108.jsonl,standard-random-12x10,standard,random-start,12x10,tf:114,tf:108,true,p1,accepted,,831508,831510494540,16
tf_phase7_policy_standard_2026-08-20,standard_12x10_g114_vs_g108.jsonl,standard-random-12x10,standard,random-start,12x10,tf:108,tf:114,false,p1,accepted,,831508,831510494541,17
tf_phase7_policy_standard_2026-08-20,standard_12x10_g114_vs_g108.jsonl,standard-random-12x10,standard,random-start,12x10,tf:114,tf:108,true,p2,accepted,,831508,831510494542,18
tf_phase7_policy_standard_2026-08-20,standard_12x10_g114_vs_g108.jsonl,standard-random-12x10,standard,random-start,12x10,tf:108,tf:114,false,p2,accepted,,831508,831510494543,19
tf_phase7_policy_standard_2026-08-20,standard_12x10_g114_vs_g108.jsonl,standard-random-12x10,standard,random-start,12x10,tf:114,tf:108,true,p2,accepted,,831508,831510494544,20
tf_phase7_policy_standard_2026-08-20,standard_12x10_g114_vs_g108.jsonl,standard-random-12x10,standard,random-start,12x10,tf:108,tf:114,false,p2,accepted,,831508,831510494545,21
tf_phase7_policy_standard_2026-08-20,standard_12x10_g114_vs_g108.jsonl,standard-random-12x10,standard,random-start,12x10,tf:114,tf:108,true,p2,accepted,,831508,831510494546,22
tf_phase7_policy_standard_2026-08-20,standard_12x10_g114_vs_g108.jsonl,standard-random-12x10,standard,random-start,12x10,tf:108,tf:114,false,p1,accepted,,831508,831510494547,23
tf_phase7_policy_standard_2026-08-20,standard_12x10_g114_vs_g108.jsonl,standard-random-12x10,standard,random-start,12x10,tf:114,tf:108,true,p1,accepted,,831508,831510494548,24
tf_phase7_policy_standard_2026-08-20,standard_12x10_g114_vs_g108.jsonl,standard-random-12x10,standard,random-start,12x10,tf:108,tf:114,false,p2,accepted,,831508,831510494549,25
tf_phase7_policy_standard_2026-08-20,standard_12x10_g114_vs_g108.jsonl,standard-random-12x10,standard,random-start,12x10,tf:114,tf:108,true,p2,accepted,,831508,831510494550,26
tf_phase7_policy_standard_2026-08-20,standard_12x10_g114_vs_g108.jsonl,standard-random-12x10,standard,random-start,12x10,tf:108,tf:114,false,p2,accepted,,831508,831510494551,27
tf_phase7_policy_standard_2026-08-20,standard_12x10_g114_vs_g108.jsonl,standard-random-12x10,standard,random-start,12x10,tf:114,tf:108,true,draw,accepted,,831508,831510494552,28
tf_phase7_policy_standard_2026-08-20,standard_12x10_g114_vs_g108.jsonl,standard-random-12x10,standard,random-start,12x10,tf:108,tf:114,false,p1,accepted,,831508,831510494553,29
tf_phase7_policy_standard_2026-08-20,standard_12x10_g114_vs_g108.jsonl,standard-random-12x10,standard,random-start,12x10,tf:114,tf:108,true,draw,accepted,,831508,831510494554,30
tf_phase7_policy_standard_2026-08-20,standard_12x10_g114_vs_g108.jsonl,standard-random-12x10,standard,random-start,12x10,tf:108,tf:114,false,p1,accepted,,831508,831510494555,31
tf_phase7_policy_standard_2026-08-20,standard_12x10_g114_vs_g108.jsonl,standard-random-12x10,standard,random-start,12x10,tf:114,tf:108,true,draw,accepted,,831508,831510494556,32
tf_phase7_policy_standard_2026-08-20,standard_12x10_g114_vs_g108.jsonl,standard-random-12x10,standard,random-start,12x10,tf:108,tf:114,false,p1,accepted,,831508,831510494557,33
tf_phase7_policy_standard_2026-08-20,standard_12x10_g114_vs_g108.jsonl,standard-random-12x10,standard,random-start,12x10,tf:114,tf:108,true,p1,accepted,,831508,831510494558,34
tf_phase7_policy_standard_2026-08-20,standard_12x10_g114_vs_g108.jsonl,standard-random-12x10,standard,random-start,12x10,tf:108,tf:114,false,p1,accepted,,831508,831510494559,35
tf_phase7_policy_standard_2026-08-20,standard_12x10_g114_vs_g108.jsonl,standard-random-12x10,standard,random-start,12x10,tf:114,tf:108,true,p2,accepted,,831508,831510494560,36
tf_phase7_policy_standard_2026-08-20,standard_12x10_g114_vs_g108.jsonl,standard-random-12x10,standard,random-start,12x10,tf:108,tf:114,false,p1,accepted,,831508,831510494561,37
tf_phase7_policy_standard_2026-08-20,standard_12x10_g114_vs_g108.jsonl,standard-random-12x10,standard,random-start,12x10,tf:114,tf:108,true,p1,accepted,,831508,831510494562,38
tf_phase7_policy_standard_2026-08-20,standard_12x10_g114_vs_g108.jsonl,standard-random-12x10,standard,random-start,12x10,tf:108,tf:114,false,draw,accepted,,831508,831510494563,39
tf_phase7_policy_standard_2026-08-20,standard_12x10_g114_vs_g111.jsonl,standard-random-12x10,standard,random-start,12x10,tf:114,tf:111,true,p2,accepted,,831511,831513494533,0
tf_phase7_policy_standard_2026-08-20,standard_12x10_g114_vs_g111.jsonl,standard-random-12x10,standard,random-start,12x10,tf:111,tf:114,false,p2,accepted,,831511,831513494534,1
tf_phase7_policy_standard_2026-08-20,standard_12x10_g114_vs_g111.jsonl,standard-random-12x10,standard,random-start,12x10,tf:114,tf:111,true,p2,accepted,,831511,831513494535,2
tf_phase7_policy_standard_2026-08-20,standard_12x10_g114_vs_g111.jsonl,standard-random-12x10,standard,random-start,12x10,tf:111,tf:114,false,p1,accepted,,831511,831513494536,3
tf_phase7_policy_standard_2026-08-20,standard_12x10_g114_vs_g111.jsonl,standard-random-12x10,standard,random-start,12x10,tf:114,tf:111,true,p2,accepted,,831511,831513494537,4
tf_phase7_policy_standard_2026-08-20,standard_12x10_g114_vs_g111.jsonl,standard-random-12x10,standard,random-start,12x10,tf:111,tf:114,false,p1,accepted,,831511,831513494538,5
tf_phase7_policy_standard_2026-08-20,standard_12x10_g114_vs_g111.jsonl,standard-random-12x10,standard,random-start,12x10,tf:114,tf:111,true,draw,accepted,,831511,831513494539,6
tf_phase7_policy_standard_2026-08-20,standard_12x10_g114_vs_g111.jsonl,standard-random-12x10,standard,random-start,12x10,tf:111,tf:114,false,p2,accepted,,831511,831513494540,7
tf_phase7_policy_standard_2026-08-20,standard_12x10_g114_vs_g111.jsonl,standard-random-12x10,standard,random-start,12x10,tf:114,tf:111,true,p2,accepted,,831511,831513494541,8
tf_phase7_policy_standard_2026-08-20,standard_12x10_g114_vs_g111.jsonl,standard-random-12x10,standard,random-start,12x10,tf:111,tf:114,false,p1,accepted,,831511,831513494542,9
tf_phase7_policy_standard_2026-08-20,standard_12x10_g114_vs_g111.jsonl,standard-random-12x10,standard,random-start,12x10,tf:114,tf:111,true,p1,accepted,,831511,831513494543,10
tf_phase7_policy_standard_2026-08-20,standard_12x10_g114_vs_g111.jsonl,standard-random-12x10,standard,random-start,12x10,tf:111,tf:114,false,p1,accepted,,831511,831513494544,11
tf_phase7_policy_standard_2026-08-20,standard_12x10_g114_vs_g111.jsonl,standard-random-12x10,standard,random-start,12x10,tf:114,tf:111,true,p2,accepted,,831511,831513494545,12
tf_phase7_policy_standard_2026-08-20,standard_12x10_g114_vs_g111.jsonl,standard-random-12x10,standard,random-start,12x10,tf:111,tf:114,false,p1,accepted,,831511,831513494546,13
tf_phase7_policy_standard_2026-08-20,standard_12x10_g114_vs_g111.jsonl,standard-random-12x10,standard,random-start,12x10,tf:114,tf:111,true,p2,accepted,,831511,831513494547,14
tf_phase7_policy_standard_2026-08-20,standard_12x10_g114_vs_g111.jsonl,standard-random-12x10,standard,random-start,12x10,tf:111,tf:114,false,p1,accepted,,831511,831513494548,15
tf_phase7_policy_standard_2026-08-20,standard_12x10_g114_vs_g111.jsonl,standard-random-12x10,standard,random-start,12x10,tf:114,tf:111,true,p1,accepted,,831511,831513494549,16
tf_phase7_policy_standard_2026-08-20,standard_12x10_g114_vs_g111.jsonl,standard-random-12x10,standard,random-start,12x10,tf:111,tf:114,false,p1,accepted,,831511,831513494550,17
tf_phase7_policy_standard_2026-08-20,standard_12x10_g114_vs_g111.jsonl,standard-random-12x10,standard,random-start,12x10,tf:114,tf:111,true,p2,accepted,,831511,831513494551,18
tf_phase7_policy_standard_2026-08-20,standard_12x10_g114_vs_g111.jsonl,standard-random-12x10,standard,random-start,12x10,tf:111,tf:114,false,p2,accepted,,831511,831513494552,19
tf_phase7_policy_standard_2026-08-20,standard_12x10_g114_vs_g111.jsonl,standard-random-12x10,standard,random-start,12x10,tf:114,tf:111,true,p2,accepted,,831511,831513494553,20
tf_phase7_policy_standard_2026-08-20,standard_12x10_g114_vs_g111.jsonl,standard-random-12x10,standard,random-start,12x10,tf:111,tf:114,false,p2,accepted,,831511,831513494554,21
tf_phase7_policy_standard_2026-08-20,standard_12x10_g114_vs_g111.jsonl,standard-random-12x10,standard,random-start,12x10,tf:114,tf:111,true,p2,accepted,,831511,831513494555,22
tf_phase7_policy_standard_2026-08-20,standard_12x10_g114_vs_g111.jsonl,standard-random-12x10,standard,random-start,12x10,tf:111,tf:114,false,p2,accepted,,831511,831513494556,23
tf_phase7_policy_standard_2026-08-20,standard_12x10_g114_vs_g111.jsonl,standard-random-12x10,standard,random-start,12x10,tf:114,tf:111,true,draw,accepted,,831511,831513494557,24
tf_phase7_policy_standard_2026-08-20,standard_12x10_g114_vs_g111.jsonl,standard-random-12x10,standard,random-start,12x10,tf:111,tf:114,false,p2,accepted,,831511,831513494558,25
tf_phase7_policy_standard_2026-08-20,standard_12x10_g114_vs_g111.jsonl,standard-random-12x10,standard,random-start,12x10,tf:114,tf:111,true,p1,accepted,,831511,831513494559,26
tf_phase7_policy_standard_2026-08-20,standard_12x10_g114_vs_g111.jsonl,standard-random-12x10,standard,random-start,12x10,tf:111,tf:114,false,p1,accepted,,831511,831513494560,27
tf_phase7_policy_standard_2026-08-20,standard_12x10_g114_vs_g111.jsonl,standard-random-12x10,standard,random-start,12x10,tf:114,tf:111,true,draw,accepted,,831511,831513494561,28
tf_phase7_policy_standard_2026-08-20,standard_12x10_g114_vs_g111.jsonl,standard-random-12x10,standard,random-start,12x10,tf:111,tf:114,false,p2,accepted,,831511,831513494562,29
tf_phase7_policy_standard_2026-08-20,standard_12x10_g114_vs_g111.jsonl,standard-random-12x10,standard,random-start,12x10,tf:114,tf:111,true,p1,accepted,,831511,831513494563,30
tf_phase7_policy_standard_2026-08-20,standard_12x10_g114_vs_g111.jsonl,standard-random-12x10,standard,random-start,12x10,tf:111,tf:114,false,draw,accepted,,831511,831513494564,31
tf_phase7_policy_standard_2026-08-20,standard_12x10_g114_vs_g111.jsonl,standard-random-12x10,standard,random-start,12x10,tf:114,tf:111,true,p1,accepted,,831511,831513494565,32
tf_phase7_policy_standard_2026-08-20,standard_12x10_g114_vs_g111.jsonl,standard-random-12x10,standard,random-start,12x10,tf:111,tf:114,false,p1,accepted,,831511,831513494566,33
tf_phase7_policy_standard_2026-08-20,standard_12x10_g114_vs_g111.jsonl,standard-random-12x10,standard,random-start,12x10,tf:114,tf:111,true,p1,accepted,,831511,831513494567,34
tf_phase7_policy_standard_2026-08-20,standard_12x10_g114_vs_g111.jsonl,standard-random-12x10,standard,random-start,12x10,tf:111,tf:114,false,p1,accepted,,831511,831513494568,35
tf_phase7_policy_standard_2026-08-20,standard_12x10_g114_vs_g111.jsonl,standard-random-12x10,standard,random-start,12x10,tf:114,tf:111,true,p2,accepted,,831511,831513494569,36
tf_phase7_policy_standard_2026-08-20,standard_12x10_g114_vs_g111.jsonl,standard-random-12x10,standard,random-start,12x10,tf:111,tf:114,false,p2,accepted,,831511,831513494570,37
tf_phase7_policy_standard_2026-08-20,standard_12x10_g114_vs_g111.jsonl,standard-random-12x10,standard,random-start,12x10,tf:114,tf:111,true,draw,accepted,,831511,831513494571,38
tf_phase7_policy_standard_2026-08-20,standard_12x10_g114_vs_g111.jsonl,standard-random-12x10,standard,random-start,12x10,tf:111,tf:114,false,p1,accepted,,831511,831513494572,39
tf_phase7_policy_standard_2026-08-20,standard_12x10_g114_vs_g113.jsonl,standard-random-12x10,standard,random-start,12x10,tf:114,tf:113,true,p2,accepted,,831513,831515494539,0
tf_phase7_policy_standard_2026-08-20,standard_12x10_g114_vs_g113.jsonl,standard-random-12x10,standard,random-start,12x10,tf:113,tf:114,false,draw,accepted,,831513,831515494540,1
tf_phase7_policy_standard_2026-08-20,standard_12x10_g114_vs_g113.jsonl,standard-random-12x10,standard,random-start,12x10,tf:114,tf:113,true,p2,accepted,,831513,831515494541,2
tf_phase7_policy_standard_2026-08-20,standard_12x10_g114_vs_g113.jsonl,standard-random-12x10,standard,random-start,12x10,tf:113,tf:114,false,p2,accepted,,831513,831515494542,3
tf_phase7_policy_standard_2026-08-20,standard_12x10_g114_vs_g113.jsonl,standard-random-12x10,standard,random-start,12x10,tf:114,tf:113,true,p1,accepted,,831513,831515494543,4
tf_phase7_policy_standard_2026-08-20,standard_12x10_g114_vs_g113.jsonl,standard-random-12x10,standard,random-start,12x10,tf:113,tf:114,false,draw,accepted,,831513,831515494544,5
tf_phase7_policy_standard_2026-08-20,standard_12x10_g114_vs_g113.jsonl,standard-random-12x10,standard,random-start,12x10,tf:114,tf:113,true,p2,accepted,,831513,831515494545,6
tf_phase7_policy_standard_2026-08-20,standard_12x10_g114_vs_g113.jsonl,standard-random-12x10,standard,random-start,12x10,tf:113,tf:114,false,p2,accepted,,831513,831515494546,7
tf_phase7_policy_standard_2026-08-20,standard_12x10_g114_vs_g113.jsonl,standard-random-12x10,standard,random-start,12x10,tf:114,tf:113,true,p2,accepted,,831513,831515494547,8
tf_phase7_policy_standard_2026-08-20,standard_12x10_g114_vs_g113.jsonl,standard-random-12x10,standard,random-start,12x10,tf:113,tf:114,false,p1,accepted,,831513,831515494548,9
tf_phase7_policy_standard_2026-08-20,standard_12x10_g114_vs_g113.jsonl,standard-random-12x10,standard,random-start,12x10,tf:114,tf:113,true,p2,accepted,,831513,831515494549,10
tf_phase7_policy_standard_2026-08-20,standard_12x10_g114_vs_g113.jsonl,standard-random-12x10,standard,random-start,12x10,tf:113,tf:114,false,p1,accepted,,831513,831515494550,11
tf_phase7_policy_standard_2026-08-20,standard_12x10_g114_vs_g113.jsonl,standard-random-12x10,standard,random-start,12x10,tf:114,tf:113,true,p1,accepted,,831513,831515494551,12
tf_phase7_policy_standard_2026-08-20,standard_12x10_g114_vs_g113.jsonl,standard-random-12x10,standard,random-start,12x10,tf:113,tf:114,false,p2,accepted,,831513,831515494552,13
tf_phase7_policy_standard_2026-08-20,standard_12x10_g114_vs_g113.jsonl,standard-random-12x10,standard,random-start,12x10,tf:114,tf:113,true,p2,accepted,,831513,831515494553,14
tf_phase7_policy_standard_2026-08-20,standard_12x10_g114_vs_g113.jsonl,standard-random-12x10,standard,random-start,12x10,tf:113,tf:114,false,p1,accepted,,831513,831515494554,15
tf_phase7_policy_standard_2026-08-20,standard_12x10_g114_vs_g113.jsonl,standard-random-12x10,standard,random-start,12x10,tf:114,tf:113,true,p2,accepted,,831513,831515494555,16
tf_phase7_policy_standard_2026-08-20,standard_12x10_g114_vs_g113.jsonl,standard-random-12x10,standard,random-start,12x10,tf:113,tf:114,false,p1,accepted,,831513,831515494556,17
tf_phase7_policy_standard_2026-08-20,standard_12x10_g114_vs_g113.jsonl,standard-random-12x10,standard,random-start,12x10,tf:114,tf:113,true,p2,accepted,,831513,831515494557,18
tf_phase7_policy_standard_2026-08-20,standard_12x10_g114_vs_g113.jsonl,standard-random-12x10,standard,random-start,12x10,tf:113,tf:114,false,p2,accepted,,831513,831515494558,19
tf_phase7_policy_standard_2026-08-20,standard_12x10_g114_vs_g113.jsonl,standard-random-12x10,standard,random-start,12x10,tf:114,tf:113,true,p1,accepted,,831513,831515494559,20
tf_phase7_policy_standard_2026-08-20,standard_12x10_g114_vs_g113.jsonl,standard-random-12x10,standard,random-start,12x10,tf:113,tf:114,false,p1,accepted,,831513,831515494560,21
tf_phase7_policy_standard_2026-08-20,standard_12x10_g114_vs_g113.jsonl,standard-random-12x10,standard,random-start,12x10,tf:114,tf:113,true,p1,accepted,,831513,831515494561,22
tf_phase7_policy_standard_2026-08-20,standard_12x10_g114_vs_g113.jsonl,standard-random-12x10,standard,random-start,12x10,tf:113,tf:114,false,p2,accepted,,831513,831515494562,23
tf_phase7_policy_standard_2026-08-20,standard_12x10_g114_vs_g113.jsonl,standard-random-12x10,standard,random-start,12x10,tf:114,tf:113,true,p1,accepted,,831513,831515494563,24
tf_phase7_policy_standard_2026-08-20,standard_12x10_g114_vs_g113.jsonl,standard-random-12x10,standard,random-start,12x10,tf:113,tf:114,false,draw,accepted,,831513,831515494564,25
tf_phase7_policy_standard_2026-08-20,standard_12x10_g114_vs_g113.jsonl,standard-random-12x10,standard,random-start,12x10,tf:114,tf:113,true,p2,accepted,,831513,831515494565,26
tf_phase7_policy_standard_2026-08-20,standard_12x10_g114_vs_g113.jsonl,standard-random-12x10,standard,random-start,12x10,tf:113,tf:114,false,p1,accepted,,831513,831515494566,27
tf_phase7_policy_standard_2026-08-20,standard_12x10_g114_vs_g113.jsonl,standard-random-12x10,standard,random-start,12x10,tf:114,tf:113,true,p1,accepted,,831513,831515494567,28
tf_phase7_policy_standard_2026-08-20,standard_12x10_g114_vs_g113.jsonl,standard-random-12x10,standard,random-start,12x10,tf:113,tf:114,false,p1,accepted,,831513,831515494568,29
tf_phase7_policy_standard_2026-08-20,standard_12x10_g114_vs_g113.jsonl,standard-random-12x10,standard,random-start,12x10,tf:114,tf:113,true,p2,accepted,,831513,831515494569,30
tf_phase7_policy_standard_2026-08-20,standard_12x10_g114_vs_g113.jsonl,standard-random-12x10,standard,random-start,12x10,tf:113,tf:114,false,p2,accepted,,831513,831515494570,31
tf_phase7_policy_standard_2026-08-20,standard_12x10_g114_vs_g113.jsonl,standard-random-12x10,standard,random-start,12x10,tf:114,tf:113,true,p2,accepted,,831513,831515494571,32
tf_phase7_policy_standard_2026-08-20,standard_12x10_g114_vs_g113.jsonl,standard-random-12x10,standard,random-start,12x10,tf:113,tf:114,false,p2,accepted,,831513,831515494572,33
tf_phase7_policy_standard_2026-08-20,standard_12x10_g114_vs_g113.jsonl,standard-random-12x10,standard,random-start,12x10,tf:114,tf:113,true,p1,accepted,,831513,831515494573,34
tf_phase7_policy_standard_2026-08-20,standard_12x10_g114_vs_g113.jsonl,standard-random-12x10,standard,random-start,12x10,tf:113,tf:114,false,p1,accepted,,831513,831515494574,35
tf_phase7_policy_standard_2026-08-20,standard_12x10_g114_vs_g113.jsonl,standard-random-12x10,standard,random-start,12x10,tf:114,tf:113,true,draw,accepted,,831513,831515494575,36
tf_phase7_policy_standard_2026-08-20,standard_12x10_g114_vs_g113.jsonl,standard-random-12x10,standard,random-start,12x10,tf:113,tf:114,false,p1,accepted,,831513,831515494576,37
tf_phase7_policy_standard_2026-08-20,standard_12x10_g114_vs_g113.jsonl,standard-random-12x10,standard,random-start,12x10,tf:114,tf:113,true,p1,accepted,,831513,831515494577,38
tf_phase7_policy_standard_2026-08-20,standard_12x10_g114_vs_g113.jsonl,standard-random-12x10,standard,random-start,12x10,tf:113,tf:114,false,p1,accepted,,831513,831515494578,39
tf_phase7_policy_standard_2026-08-20,standard_12x10_g115_vs_g109.jsonl,standard-random-12x10,standard,random-start,12x10,tf:115,tf:109,true,p2,accepted,,831609,831611494827,0
tf_phase7_policy_standard_2026-08-20,standard_12x10_g115_vs_g109.jsonl,standard-random-12x10,standard,random-start,12x10,tf:109,tf:115,false,p2,accepted,,831609,831611494828,1
tf_phase7_policy_standard_2026-08-20,standard_12x10_g115_vs_g109.jsonl,standard-random-12x10,standard,random-start,12x10,tf:115,tf:109,true,draw,accepted,,831609,831611494829,2
tf_phase7_policy_standard_2026-08-20,standard_12x10_g115_vs_g109.jsonl,standard-random-12x10,standard,random-start,12x10,tf:109,tf:115,false,p2,accepted,,831609,831611494830,3
tf_phase7_policy_standard_2026-08-20,standard_12x10_g115_vs_g109.jsonl,standard-random-12x10,standard,random-start,12x10,tf:115,tf:109,true,p2,accepted,,831609,831611494831,4
tf_phase7_policy_standard_2026-08-20,standard_12x10_g115_vs_g109.jsonl,standard-random-12x10,standard,random-start,12x10,tf:109,tf:115,false,p1,accepted,,831609,831611494832,5
tf_phase7_policy_standard_2026-08-20,standard_12x10_g115_vs_g109.jsonl,standard-random-12x10,standard,random-start,12x10,tf:115,tf:109,true,p2,accepted,,831609,831611494833,6
tf_phase7_policy_standard_2026-08-20,standard_12x10_g115_vs_g109.jsonl,standard-random-12x10,standard,random-start,12x10,tf:109,tf:115,false,p2,accepted,,831609,831611494834,7
tf_phase7_policy_standard_2026-08-20,standard_12x10_g115_vs_g109.jsonl,standard-random-12x10,standard,random-start,12x10,tf:115,tf:109,true,p1,accepted,,831609,831611494835,8
tf_phase7_policy_standard_2026-08-20,standard_12x10_g115_vs_g109.jsonl,standard-random-12x10,standard,random-start,12x10,tf:109,tf:115,false,p1,accepted,,831609,831611494836,9
tf_phase7_policy_standard_2026-08-20,standard_12x10_g115_vs_g109.jsonl,standard-random-12x10,standard,random-start,12x10,tf:115,tf:109,true,draw,accepted,,831609,831611494837,10
tf_phase7_policy_standard_2026-08-20,standard_12x10_g115_vs_g109.jsonl,standard-random-12x10,standard,random-start,12x10,tf:109,tf:115,false,p1,accepted,,831609,831611494838,11
tf_phase7_policy_standard_2026-08-20,standard_12x10_g115_vs_g109.jsonl,standard-random-12x10,standard,random-start,12x10,tf:115,tf:109,true,p1,accepted,,831609,831611494839,12
tf_phase7_policy_standard_2026-08-20,standard_12x10_g115_vs_g109.jsonl,standard-random-12x10,standard,random-start,12x10,tf:109,tf:115,false,p2,accepted,,831609,831611494840,13
tf_phase7_policy_standard_2026-08-20,standard_12x10_g115_vs_g109.jsonl,standard-random-12x10,standard,random-start,12x10,tf:115,tf:109,true,p2,accepted,,831609,831611494841,14
tf_phase7_policy_standard_2026-08-20,standard_12x10_g115_vs_g109.jsonl,standard-random-12x10,standard,random-start,12x10,tf:109,tf:115,false,p1,accepted,,831609,831611494842,15
tf_phase7_policy_standard_2026-08-20,standard_12x10_g115_vs_g109.jsonl,standard-random-12x10,standard,random-start,12x10,tf:115,tf:109,true,p2,accepted,,831609,831611494843,16
tf_phase7_policy_standard_2026-08-20,standard_12x10_g115_vs_g109.jsonl,standard-random-12x10,standard,random-start,12x10,tf:109,tf:115,false,p2,accepted,,831609,831611494844,17
tf_phase7_policy_standard_2026-08-20,standard_12x10_g115_vs_g109.jsonl,standard-random-12x10,standard,random-start,12x10,tf:115,tf:109,true,p1,accepted,,831609,831611494845,18
tf_phase7_policy_standard_2026-08-20,standard_12x10_g115_vs_g109.jsonl,standard-random-12x10,standard,random-start,12x10,tf:109,tf:115,false,p2,accepted,,831609,831611494846,19
tf_phase7_policy_standard_2026-08-20,standard_12x10_g115_vs_g109.jsonl,standard-random-12x10,standard,random-start,12x10,tf:115,tf:109,true,p1,accepted,,831609,831611494847,20
tf_phase7_policy_standard_2026-08-20,standard_12x10_g115_vs_g109.jsonl,standard-random-12x10,standard,random-start,12x10,tf:109,tf:115,false,draw,accepted,,831609,831611494848,21
tf_phase7_policy_standard_2026-08-20,standard_12x10_g115_vs_g109.jsonl,standard-random-12x10,standard,random-start,12x10,tf:115,tf:109,true,p2,accepted,,831609,831611494849,22
tf_phase7_policy_standard_2026-08-20,standard_12x10_g115_vs_g109.jsonl,standard-random-12x10,standard,random-start,12x10,tf:109,tf:115,false,p2,accepted,,831609,831611494850,23
tf_phase7_policy_standard_2026-08-20,standard_12x10_g115_vs_g109.jsonl,standard-random-12x10,standard,random-start,12x10,tf:115,tf:109,true,p1,accepted,,831609,831611494851,24
tf_phase7_policy_standard_2026-08-20,standard_12x10_g115_vs_g109.jsonl,standard-random-12x10,standard,random-start,12x10,tf:109,tf:115,false,p2,accepted,,831609,831611494852,25
tf_phase7_policy_standard_2026-08-20,standard_12x10_g115_vs_g109.jsonl,standard-random-12x10,standard,random-start,12x10,tf:115,tf:109,true,p1,accepted,,831609,831611494853,26
tf_phase7_policy_standard_2026-08-20,standard_12x10_g115_vs_g109.jsonl,standard-random-12x10,standard,random-start,12x10,tf:109,tf:115,false,p1,accepted,,831609,831611494854,27
tf_phase7_policy_standard_2026-08-20,standard_12x10_g115_vs_g109.jsonl,standard-random-12x10,standard,random-start,12x10,tf:115,tf:109,true,p1,accepted,,831609,831611494855,28
tf_phase7_policy_standard_2026-08-20,standard_12x10_g115_vs_g109.jsonl,standard-random-12x10,standard,random-start,12x10,tf:109,tf:115,false,p1,accepted,,831609,831611494856,29
tf_phase7_policy_standard_2026-08-20,standard_12x10_g115_vs_g109.jsonl,standard-random-12x10,standard,random-start,12x10,tf:115,tf:109,true,draw,accepted,,831609,831611494857,30
tf_phase7_policy_standard_2026-08-20,standard_12x10_g115_vs_g109.jsonl,standard-random-12x10,standard,random-start,12x10,tf:109,tf:115,false,p2,accepted,,831609,831611494858,31
tf_phase7_policy_standard_2026-08-20,standard_12x10_g115_vs_g109.jsonl,standard-random-12x10,standard,random-start,12x10,tf:115,tf:109,true,draw,accepted,,831609,831611494859,32
tf_phase7_policy_standard_2026-08-20,standard_12x10_g115_vs_g109.jsonl,standard-random-12x10,standard,random-start,12x10,tf:109,tf:115,false,p2,accepted,,831609,831611494860,33
tf_phase7_policy_standard_2026-08-20,standard_12x10_g115_vs_g109.jsonl,standard-random-12x10,standard,random-start,12x10,tf:115,tf:109,true,p2,accepted,,831609,831611494861,34
tf_phase7_policy_standard_2026-08-20,standard_12x10_g115_vs_g109.jsonl,standard-random-12x10,standard,random-start,12x10,tf:109,tf:115,false,p2,accepted,,831609,831611494862,35
tf_phase7_policy_standard_2026-08-20,standard_12x10_g115_vs_g109.jsonl,standard-random-12x10,standard,random-start,12x10,tf:115,tf:109,true,p2,accepted,,831609,831611494863,36
tf_phase7_policy_standard_2026-08-20,standard_12x10_g115_vs_g109.jsonl,standard-random-12x10,standard,random-start,12x10,tf:109,tf:115,false,p1,accepted,,831609,831611494864,37
tf_phase7_policy_standard_2026-08-20,standard_12x10_g115_vs_g109.jsonl,standard-random-12x10,standard,random-start,12x10,tf:115,tf:109,true,p1,accepted,,831609,831611494865,38
tf_phase7_policy_standard_2026-08-20,standard_12x10_g115_vs_g109.jsonl,standard-random-12x10,standard,random-start,12x10,tf:109,tf:115,false,p2,accepted,,831609,831611494866,39
tf_phase7_policy_standard_2026-08-20,standard_12x10_g115_vs_g112.jsonl,standard-random-12x10,standard,random-start,12x10,tf:115,tf:112,true,p2,accepted,,831612,831614494836,0
tf_phase7_policy_standard_2026-08-20,standard_12x10_g115_vs_g112.jsonl,standard-random-12x10,standard,random-start,12x10,tf:112,tf:115,false,p2,accepted,,831612,831614494837,1
tf_phase7_policy_standard_2026-08-20,standard_12x10_g115_vs_g112.jsonl,standard-random-12x10,standard,random-start,12x10,tf:115,tf:112,true,p1,accepted,,831612,831614494838,2
tf_phase7_policy_standard_2026-08-20,standard_12x10_g115_vs_g112.jsonl,standard-random-12x10,standard,random-start,12x10,tf:112,tf:115,false,p2,accepted,,831612,831614494839,3
tf_phase7_policy_standard_2026-08-20,standard_12x10_g115_vs_g112.jsonl,standard-random-12x10,standard,random-start,12x10,tf:115,tf:112,true,draw,accepted,,831612,831614494840,4
tf_phase7_policy_standard_2026-08-20,standard_12x10_g115_vs_g112.jsonl,standard-random-12x10,standard,random-start,12x10,tf:112,tf:115,false,p1,accepted,,831612,831614494841,5
tf_phase7_policy_standard_2026-08-20,standard_12x10_g115_vs_g112.jsonl,standard-random-12x10,standard,random-start,12x10,tf:115,tf:112,true,p1,accepted,,831612,831614494842,6
tf_phase7_policy_standard_2026-08-20,standard_12x10_g115_vs_g112.jsonl,standard-random-12x10,standard,random-start,12x10,tf:112,tf:115,false,p2,accepted,,831612,831614494843,7
tf_phase7_policy_standard_2026-08-20,standard_12x10_g115_vs_g112.jsonl,standard-random-12x10,standard,random-start,12x10,tf:115,tf:112,true,p1,accepted,,831612,831614494844,8
tf_phase7_policy_standard_2026-08-20,standard_12x10_g115_vs_g112.jsonl,standard-random-12x10,standard,random-start,12x10,tf:112,tf:115,false,p2,accepted,,831612,831614494845,9
tf_phase7_policy_standard_2026-08-20,standard_12x10_g115_vs_g112.jsonl,standard-random-12x10,standard,random-start,12x10,tf:115,tf:112,true,p2,accepted,,831612,831614494846,10
tf_phase7_policy_standard_2026-08-20,standard_12x10_g115_vs_g112.jsonl,standard-random-12x10,standard,random-start,12x10,tf:112,tf:115,false,p2,accepted,,831612,831614494847,11
tf_phase7_policy_standard_2026-08-20,standard_12x10_g115_vs_g112.jsonl,standard-random-12x10,standard,random-start,12x10,tf:115,tf:112,true,p1,accepted,,831612,831614494848,12
tf_phase7_policy_standard_2026-08-20,standard_12x10_g115_vs_g112.jsonl,standard-random-12x10,standard,random-start,12x10,tf:112,tf:115,false,p2,accepted,,831612,831614494849,13
tf_phase7_policy_standard_2026-08-20,standard_12x10_g115_vs_g112.jsonl,standard-random-12x10,standard,random-start,12x10,tf:115,tf:112,true,p2,accepted,,831612,831614494850,14
tf_phase7_policy_standard_2026-08-20,standard_12x10_g115_vs_g112.jsonl,standard-random-12x10,standard,random-start,12x10,tf:112,tf:115,false,p2,accepted,,831612,831614494851,15
tf_phase7_policy_standard_2026-08-20,standard_12x10_g115_vs_g112.jsonl,standard-random-12x10,standard,random-start,12x10,tf:115,tf:112,true,p2,accepted,,831612,831614494852,16
tf_phase7_policy_standard_2026-08-20,standard_12x10_g115_vs_g112.jsonl,standard-random-12x10,standard,random-start,12x10,tf:112,tf:115,false,p1,accepted,,831612,831614494853,17
tf_phase7_policy_standard_2026-08-20,standard_12x10_g115_vs_g112.jsonl,standard-random-12x10,standard,random-start,12x10,tf:115,tf:112,true,p1,accepted,,831612,831614494854,18
tf_phase7_policy_standard_2026-08-20,standard_12x10_g115_vs_g112.jsonl,standard-random-12x10,standard,random-start,12x10,tf:112,tf:115,false,draw,accepted,,831612,831614494855,19
tf_phase7_policy_standard_2026-08-20,standard_12x10_g115_vs_g112.jsonl,standard-random-12x10,standard,random-start,12x10,tf:115,tf:112,true,p2,accepted,,831612,831614494856,20
tf_phase7_policy_standard_2026-08-20,standard_12x10_g115_vs_g112.jsonl,standard-random-12x10,standard,random-start,12x10,tf:112,tf:115,false,p2,accepted,,831612,831614494857,21
tf_phase7_policy_standard_2026-08-20,standard_12x10_g115_vs_g112.jsonl,standard-random-12x10,standard,random-start,12x10,tf:115,tf:112,true,p2,accepted,,831612,831614494858,22
tf_phase7_policy_standard_2026-08-20,standard_12x10_g115_vs_g112.jsonl,standard-random-12x10,standard,random-start,12x10,tf:112,tf:115,false,p1,accepted,,831612,831614494859,23
tf_phase7_policy_standard_2026-08-20,standard_12x10_g115_vs_g112.jsonl,standard-random-12x10,standard,random-start,12x10,tf:115,tf:112,true,p2,accepted,,831612,831614494860,24
tf_phase7_policy_standard_2026-08-20,standard_12x10_g115_vs_g112.jsonl,standard-random-12x10,standard,random-start,12x10,tf:112,tf:115,false,p2,accepted,,831612,831614494861,25
tf_phase7_policy_standard_2026-08-20,standard_12x10_g115_vs_g112.jsonl,standard-random-12x10,standard,random-start,12x10,tf:115,tf:112,true,p2,accepted,,831612,831614494862,26
tf_phase7_policy_standard_2026-08-20,standard_12x10_g115_vs_g112.jsonl,standard-random-12x10,standard,random-start,12x10,tf:112,tf:115,false,p2,accepted,,831612,831614494863,27
tf_phase7_policy_standard_2026-08-20,standard_12x10_g115_vs_g112.jsonl,standard-random-12x10,standard,random-start,12x10,tf:115,tf:112,true,p1,accepted,,831612,831614494864,28
tf_phase7_policy_standard_2026-08-20,standard_12x10_g115_vs_g112.jsonl,standard-random-12x10,standard,random-start,12x10,tf:112,tf:115,false,draw,accepted,,831612,831614494865,29
tf_phase7_policy_standard_2026-08-20,standard_12x10_g115_vs_g112.jsonl,standard-random-12x10,standard,random-start,12x10,tf:115,tf:112,true,draw,accepted,,831612,831614494866,30
tf_phase7_policy_standard_2026-08-20,standard_12x10_g115_vs_g112.jsonl,standard-random-12x10,standard,random-start,12x10,tf:112,tf:115,false,p1,accepted,,831612,831614494867,31
tf_phase7_policy_standard_2026-08-20,standard_12x10_g115_vs_g112.jsonl,standard-random-12x10,standard,random-start,12x10,tf:115,tf:112,true,p2,accepted,,831612,831614494868,32
tf_phase7_policy_standard_2026-08-20,standard_12x10_g115_vs_g112.jsonl,standard-random-12x10,standard,random-start,12x10,tf:112,tf:115,false,p1,accepted,,831612,831614494869,33
tf_phase7_policy_standard_2026-08-20,standard_12x10_g115_vs_g112.jsonl,standard-random-12x10,standard,random-start,12x10,tf:115,tf:112,true,draw,accepted,,831612,831614494870,34
tf_phase7_policy_standard_2026-08-20,standard_12x10_g115_vs_g112.jsonl,standard-random-12x10,standard,random-start,12x10,tf:112,tf:115,false,draw,accepted,,831612,831614494871,35
tf_phase7_policy_standard_2026-08-20,standard_12x10_g115_vs_g112.jsonl,standard-random-12x10,standard,random-start,12x10,tf:115,tf:112,true,p1,accepted,,831612,831614494872,36
tf_phase7_policy_standard_2026-08-20,standard_12x10_g115_vs_g112.jsonl,standard-random-12x10,standard,random-start,12x10,tf:112,tf:115,false,p1,accepted,,831612,831614494873,37
tf_phase7_policy_standard_2026-08-20,standard_12x10_g115_vs_g112.jsonl,standard-random-12x10,standard,random-start,12x10,tf:115,tf:112,true,draw,accepted,,831612,831614494874,38
tf_phase7_policy_standard_2026-08-20,standard_12x10_g115_vs_g112.jsonl,standard-random-12x10,standard,random-start,12x10,tf:112,tf:115,false,draw,accepted,,831612,831614494875,39
tf_phase7_policy_standard_2026-08-20,standard_12x10_g115_vs_g114.jsonl,standard-random-12x10,standard,random-start,12x10,tf:115,tf:114,true,p2,accepted,,831614,831616494842,0
tf_phase7_policy_standard_2026-08-20,standard_12x10_g115_vs_g114.jsonl,standard-random-12x10,standard,random-start,12x10,tf:114,tf:115,false,p2,accepted,,831614,831616494843,1
tf_phase7_policy_standard_2026-08-20,standard_12x10_g115_vs_g114.jsonl,standard-random-12x10,standard,random-start,12x10,tf:115,tf:114,true,draw,accepted,,831614,831616494844,2
tf_phase7_policy_standard_2026-08-20,standard_12x10_g115_vs_g114.jsonl,standard-random-12x10,standard,random-start,12x10,tf:114,tf:115,false,draw,accepted,,831614,831616494845,3
tf_phase7_policy_standard_2026-08-20,standard_12x10_g115_vs_g114.jsonl,standard-random-12x10,standard,random-start,12x10,tf:115,tf:114,true,p1,accepted,,831614,831616494846,4
tf_phase7_policy_standard_2026-08-20,standard_12x10_g115_vs_g114.jsonl,standard-random-12x10,standard,random-start,12x10,tf:114,tf:115,false,p2,accepted,,831614,831616494847,5
tf_phase7_policy_standard_2026-08-20,standard_12x10_g115_vs_g114.jsonl,standard-random-12x10,standard,random-start,12x10,tf:115,tf:114,true,draw,accepted,,831614,831616494848,6
tf_phase7_policy_standard_2026-08-20,standard_12x10_g115_vs_g114.jsonl,standard-random-12x10,standard,random-start,12x10,tf:114,tf:115,false,p2,accepted,,831614,831616494849,7
tf_phase7_policy_standard_2026-08-20,standard_12x10_g115_vs_g114.jsonl,standard-random-12x10,standard,random-start,12x10,tf:115,tf:114,true,p2,accepted,,831614,831616494850,8
tf_phase7_policy_standard_2026-08-20,standard_12x10_g115_vs_g114.jsonl,standard-random-12x10,standard,random-start,12x10,tf:114,tf:115,false,p1,accepted,,831614,831616494851,9
tf_phase7_policy_standard_2026-08-20,standard_12x10_g115_vs_g114.jsonl,standard-random-12x10,standard,random-start,12x10,tf:115,tf:114,true,p1,accepted,,831614,831616494852,10
tf_phase7_policy_standard_2026-08-20,standard_12x10_g115_vs_g114.jsonl,standard-random-12x10,standard,random-start,12x10,tf:114,tf:115,false,draw,accepted,,831614,831616494853,11
tf_phase7_policy_standard_2026-08-20,standard_12x10_g115_vs_g114.jsonl,standard-random-12x10,standard,random-start,12x10,tf:115,tf:114,true,p2,accepted,,831614,831616494854,12
tf_phase7_policy_standard_2026-08-20,standard_12x10_g115_vs_g114.jsonl,standard-random-12x10,standard,random-start,12x10,tf:114,tf:115,false,p2,accepted,,831614,831616494855,13
tf_phase7_policy_standard_2026-08-20,standard_12x10_g115_vs_g114.jsonl,standard-random-12x10,standard,random-start,12x10,tf:115,tf:114,true,p2,accepted,,831614,831616494856,14
tf_phase7_policy_standard_2026-08-20,standard_12x10_g115_vs_g114.jsonl,standard-random-12x10,standard,random-start,12x10,tf:114,tf:115,false,p2,accepted,,831614,831616494857,15
tf_phase7_policy_standard_2026-08-20,standard_12x10_g115_vs_g114.jsonl,standard-random-12x10,standard,random-start,12x10,tf:115,tf:114,true,draw,accepted,,831614,831616494858,16
tf_phase7_policy_standard_2026-08-20,standard_12x10_g115_vs_g114.jsonl,standard-random-12x10,standard,random-start,12x10,tf:114,tf:115,false,draw,accepted,,831614,831616494859,17
tf_phase7_policy_standard_2026-08-20,standard_12x10_g115_vs_g114.jsonl,standard-random-12x10,standard,random-start,12x10,tf:115,tf:114,true,draw,accepted,,831614,831616494860,18
tf_phase7_policy_standard_2026-08-20,standard_12x10_g115_vs_g114.jsonl,standard-random-12x10,standard,random-start,12x10,tf:114,tf:115,false,p1,accepted,,831614,831616494861,19
tf_phase7_policy_standard_2026-08-20,standard_12x10_g115_vs_g114.jsonl,standard-random-12x10,standard,random-start,12x10,tf:115,tf:114,true,p1,accepted,,831614,831616494862,20
tf_phase7_policy_standard_2026-08-20,standard_12x10_g115_vs_g114.jsonl,standard-random-12x10,standard,random-start,12x10,tf:114,tf:115,false,p1,accepted,,831614,831616494863,21
tf_phase7_policy_standard_2026-08-20,standard_12x10_g115_vs_g114.jsonl,standard-random-12x10,standard,random-start,12x10,tf:115,tf:114,true,p1,accepted,,831614,831616494864,22
tf_phase7_policy_standard_2026-08-20,standard_12x10_g115_vs_g114.jsonl,standard-random-12x10,standard,random-start,12x10,tf:114,tf:115,false,p1,accepted,,831614,831616494865,23
tf_phase7_policy_standard_2026-08-20,standard_12x10_g115_vs_g114.jsonl,standard-random-12x10,standard,random-start,12x10,tf:115,tf:114,true,p1,accepted,,831614,831616494866,24
tf_phase7_policy_standard_2026-08-20,standard_12x10_g115_vs_g114.jsonl,standard-random-12x10,standard,random-start,12x10,tf:114,tf:115,false,p2,accepted,,831614,831616494867,25
tf_phase7_policy_standard_2026-08-20,standard_12x10_g115_vs_g114.jsonl,standard-random-12x10,standard,random-start,12x10,tf:115,tf:114,true,p2,accepted,,831614,831616494868,26
tf_phase7_policy_standard_2026-08-20,standard_12x10_g115_vs_g114.jsonl,standard-random-12x10,standard,random-start,12x10,tf:114,tf:115,false,p1,accepted,,831614,831616494869,27
tf_phase7_policy_standard_2026-08-20,standard_12x10_g115_vs_g114.jsonl,standard-random-12x10,standard,random-start,12x10,tf:115,tf:114,true,p1,accepted,,831614,831616494870,28
tf_phase7_policy_standard_2026-08-20,standard_12x10_g115_vs_g114.jsonl,standard-random-12x10,standard,random-start,12x10,tf:114,tf:115,false,p1,accepted,,831614,831616494871,29
tf_phase7_policy_standard_2026-08-20,standard_12x10_g115_vs_g114.jsonl,standard-random-12x10,standard,random-start,12x10,tf:115,tf:114,true,p2,accepted,,831614,831616494872,30
tf_phase7_policy_standard_2026-08-20,standard_12x10_g115_vs_g114.jsonl,standard-random-12x10,standard,random-start,12x10,tf:114,tf:115,false,p1,accepted,,831614,831616494873,31
tf_phase7_policy_standard_2026-08-20,standard_12x10_g115_vs_g114.jsonl,standard-random-12x10,standard,random-start,12x10,tf:115,tf:114,true,p2,accepted,,831614,831616494874,32
tf_phase7_policy_standard_2026-08-20,standard_12x10_g115_vs_g114.jsonl,standard-random-12x10,standard,random-start,12x10,tf:114,tf:115,false,p1,accepted,,831614,831616494875,33
tf_phase7_policy_standard_2026-08-20,standard_12x10_g115_vs_g114.jsonl,standard-random-12x10,standard,random-start,12x10,tf:115,tf:114,true,draw,accepted,,831614,831616494876,34
tf_phase7_policy_standard_2026-08-20,standard_12x10_g115_vs_g114.jsonl,standard-random-12x10,standard,random-start,12x10,tf:114,tf:115,false,p1,accepted,,831614,831616494877,35
tf_phase7_policy_standard_2026-08-20,standard_12x10_g115_vs_g114.jsonl,standard-random-12x10,standard,random-start,12x10,tf:115,tf:114,true,p1,accepted,,831614,831616494878,36
tf_phase7_policy_standard_2026-08-20,standard_12x10_g115_vs_g114.jsonl,standard-random-12x10,standard,random-start,12x10,tf:114,tf:115,false,p1,accepted,,831614,831616494879,37
tf_phase7_policy_standard_2026-08-20,standard_12x10_g115_vs_g114.jsonl,standard-random-12x10,standard,random-start,12x10,tf:115,tf:114,true,p2,accepted,,831614,831616494880,38
tf_phase7_policy_standard_2026-08-20,standard_12x10_g115_vs_g114.jsonl,standard-random-12x10,standard,random-start,12x10,tf:114,tf:115,false,draw,accepted,,831614,831616494881,39
tf_phase7_policy_standard_2026-08-20,standard_12x10_g116_vs_g110.jsonl,standard-random-12x10,standard,random-start,12x10,tf:116,tf:110,true,p2,accepted,,831710,831712495130,0
tf_phase7_policy_standard_2026-08-20,standard_12x10_g116_vs_g110.jsonl,standard-random-12x10,standard,random-start,12x10,tf:110,tf:116,false,p2,accepted,,831710,831712495131,1
tf_phase7_policy_standard_2026-08-20,standard_12x10_g116_vs_g110.jsonl,standard-random-12x10,standard,random-start,12x10,tf:116,tf:110,true,p2,accepted,,831710,831712495132,2
tf_phase7_policy_standard_2026-08-20,standard_12x10_g116_vs_g110.jsonl,standard-random-12x10,standard,random-start,12x10,tf:110,tf:116,false,p1,accepted,,831710,831712495133,3
tf_phase7_policy_standard_2026-08-20,standard_12x10_g116_vs_g110.jsonl,standard-random-12x10,standard,random-start,12x10,tf:116,tf:110,true,p1,accepted,,831710,831712495134,4
tf_phase7_policy_standard_2026-08-20,standard_12x10_g116_vs_g110.jsonl,standard-random-12x10,standard,random-start,12x10,tf:110,tf:116,false,p2,accepted,,831710,831712495135,5
tf_phase7_policy_standard_2026-08-20,standard_12x10_g116_vs_g110.jsonl,standard-random-12x10,standard,random-start,12x10,tf:116,tf:110,true,p1,accepted,,831710,831712495136,6
tf_phase7_policy_standard_2026-08-20,standard_12x10_g116_vs_g110.jsonl,standard-random-12x10,standard,random-start,12x10,tf:110,tf:116,false,p2,accepted,,831710,831712495137,7
tf_phase7_policy_standard_2026-08-20,standard_12x10_g116_vs_g110.jsonl,standard-random-12x10,standard,random-start,12x10,tf:116,tf:110,true,p2,accepted,,831710,831712495138,8
tf_phase7_policy_standard_2026-08-20,standard_12x10_g116_vs_g110.jsonl,standard-random-12x10,standard,random-start,12x10,tf:110,tf:116,false,draw,accepted,,831710,831712495139,9
tf_phase7_policy_standard_2026-08-20,standard_12x10_g116_vs_g110.jsonl,standard-random-12x10,standard,random-start,12x10,tf:116,tf:110,true,p1,accepted,,831710,831712495140,10
tf_phase7_policy_standard_2026-08-20,standard_12x10_g116_vs_g110.jsonl,standard-random-12x10,standard,random-start,12x10,tf:110,tf:116,false,p1,accepted,,831710,831712495141,11
tf_phase7_policy_standard_2026-08-20,standard_12x10_g116_vs_g110.jsonl,standard-random-12x10,standard,random-start,12x10,tf:116,tf:110,true,p2,accepted,,831710,831712495142,12
tf_phase7_policy_standard_2026-08-20,standard_12x10_g116_vs_g110.jsonl,standard-random-12x10,standard,random-start,12x10,tf:110,tf:116,false,draw,accepted,,831710,831712495143,13
tf_phase7_policy_standard_2026-08-20,standard_12x10_g116_vs_g110.jsonl,standard-random-12x10,standard,random-start,12x10,tf:116,tf:110,true,p2,accepted,,831710,831712495144,14
tf_phase7_policy_standard_2026-08-20,standard_12x10_g116_vs_g110.jsonl,standard-random-12x10,standard,random-start,12x10,tf:110,tf:116,false,p2,accepted,,831710,831712495145,15
tf_phase7_policy_standard_2026-08-20,standard_12x10_g116_vs_g110.jsonl,standard-random-12x10,standard,random-start,12x10,tf:116,tf:110,true,p1,accepted,,831710,831712495146,16
tf_phase7_policy_standard_2026-08-20,standard_12x10_g116_vs_g110.jsonl,standard-random-12x10,standard,random-start,12x10,tf:110,tf:116,false,p2,accepted,,831710,831712495147,17
tf_phase7_policy_standard_2026-08-20,standard_12x10_g116_vs_g110.jsonl,standard-random-12x10,standard,random-start,12x10,tf:116,tf:110,true,p2,accepted,,831710,831712495148,18
tf_phase7_policy_standard_2026-08-20,standard_12x10_g116_vs_g110.jsonl,standard-random-12x10,standard,random-start,12x10,tf:110,tf:116,false,p1,accepted,,831710,831712495149,19
tf_phase7_policy_standard_2026-08-20,standard_12x10_g116_vs_g110.jsonl,standard-random-12x10,standard,random-start,12x10,tf:116,tf:110,true,p1,accepted,,831710,831712495150,20
tf_phase7_policy_standard_2026-08-20,standard_12x10_g116_vs_g110.jsonl,standard-random-12x10,standard,random-start,12x10,tf:110,tf:116,false,p2,accepted,,831710,831712495151,21
tf_phase7_policy_standard_2026-08-20,standard_12x10_g116_vs_g110.jsonl,standard-random-12x10,standard,random-start,12x10,tf:116,tf:110,true,p1,accepted,,831710,831712495152,22
tf_phase7_policy_standard_2026-08-20,standard_12x10_g116_vs_g110.jsonl,standard-random-12x10,standard,random-start,12x10,tf:110,tf:116,false,p2,accepted,,831710,831712495153,23
tf_phase7_policy_standard_2026-08-20,standard_12x10_g116_vs_g110.jsonl,standard-random-12x10,standard,random-start,12x10,tf:116,tf:110,true,draw,accepted,,831710,831712495154,24
tf_phase7_policy_standard_2026-08-20,standard_12x10_g116_vs_g110.jsonl,standard-random-12x10,standard,random-start,12x10,tf:110,tf:116,false,p2,accepted,,831710,831712495155,25
tf_phase7_policy_standard_2026-08-20,standard_12x10_g116_vs_g110.jsonl,standard-random-12x10,standard,random-start,12x10,tf:116,tf:110,true,p1,accepted,,831710,831712495156,26
tf_phase7_policy_standard_2026-08-20,standard_12x10_g116_vs_g110.jsonl,standard-random-12x10,standard,random-start,12x10,tf:110,tf:116,false,p1,accepted,,831710,831712495157,27
tf_phase7_policy_standard_2026-08-20,standard_12x10_g116_vs_g110.jsonl,standard-random-12x10,standard,random-start,12x10,tf:116,tf:110,true,draw,accepted,,831710,831712495158,28
tf_phase7_policy_standard_2026-08-20,standard_12x10_g116_vs_g110.jsonl,standard-random-12x10,standard,random-start,12x10,tf:110,tf:116,false,p1,accepted,,831710,831712495159,29
tf_phase7_policy_standard_2026-08-20,standard_12x10_g116_vs_g110.jsonl,standard-random-12x10,standard,random-start,12x10,tf:116,tf:110,true,p1,accepted,,831710,831712495160,30
tf_phase7_policy_standard_2026-08-20,standard_12x10_g116_vs_g110.jsonl,standard-random-12x10,standard,random-start,12x10,tf:110,tf:116,false,p1,accepted,,831710,831712495161,31
tf_phase7_policy_standard_2026-08-20,standard_12x10_g116_vs_g110.jsonl,standard-random-12x10,standard,random-start,12x10,tf:116,tf:110,true,p2,accepted,,831710,831712495162,32
tf_phase7_policy_standard_2026-08-20,standard_12x10_g116_vs_g110.jsonl,standard-random-12x10,standard,random-start,12x10,tf:110,tf:116,false,p1,accepted,,831710,831712495163,33
tf_phase7_policy_standard_2026-08-20,standard_12x10_g116_vs_g110.jsonl,standard-random-12x10,standard,random-start,12x10,tf:116,tf:110,true,p2,accepted,,831710,831712495164,34
tf_phase7_policy_standard_2026-08-20,standard_12x10_g116_vs_g110.jsonl,standard-random-12x10,standard,random-start,12x10,tf:110,tf:116,false,p2,accepted,,831710,831712495165,35
tf_phase7_policy_standard_2026-08-20,standard_12x10_g116_vs_g110.jsonl,standard-random-12x10,standard,random-start,12x10,tf:116,tf:110,true,p1,accepted,,831710,831712495166,36
tf_phase7_policy_standard_2026-08-20,standard_12x10_g116_vs_g110.jsonl,standard-random-12x10,standard,random-start,12x10,tf:110,tf:116,false,p2,accepted,,831710,831712495167,37
tf_phase7_policy_standard_2026-08-20,standard_12x10_g116_vs_g110.jsonl,standard-random-12x10,standard,random-start,12x10,tf:116,tf:110,true,p1,accepted,,831710,831712495168,38
tf_phase7_policy_standard_2026-08-20,standard_12x10_g116_vs_g110.jsonl,standard-random-12x10,standard,random-start,12x10,tf:110,tf:116,false,p1,accepted,,831710,831712495169,39
tf_phase7_policy_standard_2026-08-20,standard_12x10_g116_vs_g113.jsonl,standard-random-12x10,standard,random-start,12x10,tf:116,tf:113,true,p1,accepted,,831713,831715495139,0
tf_phase7_policy_standard_2026-08-20,standard_12x10_g116_vs_g113.jsonl,standard-random-12x10,standard,random-start,12x10,tf:113,tf:116,false,p1,accepted,,831713,831715495140,1
tf_phase7_policy_standard_2026-08-20,standard_12x10_g116_vs_g113.jsonl,standard-random-12x10,standard,random-start,12x10,tf:116,tf:113,true,p2,accepted,,831713,831715495141,2
tf_phase7_policy_standard_2026-08-20,standard_12x10_g116_vs_g113.jsonl,standard-random-12x10,standard,random-start,12x10,tf:113,tf:116,false,p2,accepted,,831713,831715495142,3
tf_phase7_policy_standard_2026-08-20,standard_12x10_g116_vs_g113.jsonl,standard-random-12x10,standard,random-start,12x10,tf:116,tf:113,true,p2,accepted,,831713,831715495143,4
tf_phase7_policy_standard_2026-08-20,standard_12x10_g116_vs_g113.jsonl,standard-random-12x10,standard,random-start,12x10,tf:113,tf:116,false,p1,accepted,,831713,831715495144,5
tf_phase7_policy_standard_2026-08-20,standard_12x10_g116_vs_g113.jsonl,standard-random-12x10,standard,random-start,12x10,tf:116,tf:113,true,p1,accepted,,831713,831715495145,6
tf_phase7_policy_standard_2026-08-20,standard_12x10_g116_vs_g113.jsonl,standard-random-12x10,standard,random-start,12x10,tf:113,tf:116,false,p1,accepted,,831713,831715495146,7
tf_phase7_policy_standard_2026-08-20,standard_12x10_g116_vs_g113.jsonl,standard-random-12x10,standard,random-start,12x10,tf:116,tf:113,true,p2,accepted,,831713,831715495147,8
tf_phase7_policy_standard_2026-08-20,standard_12x10_g116_vs_g113.jsonl,standard-random-12x10,standard,random-start,12x10,tf:113,tf:116,false,p1,accepted,,831713,831715495148,9
tf_phase7_policy_standard_2026-08-20,standard_12x10_g116_vs_g113.jsonl,standard-random-12x10,standard,random-start,12x10,tf:116,tf:113,true,draw,accepted,,831713,831715495149,10
tf_phase7_policy_standard_2026-08-20,standard_12x10_g116_vs_g113.jsonl,standard-random-12x10,standard,random-start,12x10,tf:113,tf:116,false,p1,accepted,,831713,831715495150,11
tf_phase7_policy_standard_2026-08-20,standard_12x10_g116_vs_g113.jsonl,standard-random-12x10,standard,random-start,12x10,tf:116,tf:113,true,p1,accepted,,831713,831715495151,12
tf_phase7_policy_standard_2026-08-20,standard_12x10_g116_vs_g113.jsonl,standard-random-12x10,standard,random-start,12x10,tf:113,tf:116,false,p2,accepted,,831713,831715495152,13
tf_phase7_policy_standard_2026-08-20,standard_12x10_g116_vs_g113.jsonl,standard-random-12x10,standard,random-start,12x10,tf:116,tf:113,true,p2,accepted,,831713,831715495153,14
tf_phase7_policy_standard_2026-08-20,standard_12x10_g116_vs_g113.jsonl,standard-random-12x10,standard,random-start,12x10,tf:113,tf:116,false,p2,accepted,,831713,831715495154,15
tf_phase7_policy_standard_2026-08-20,standard_12x10_g116_vs_g113.jsonl,standard-random-12x10,standard,random-start,12x10,tf:116,tf:113,true,p2,accepted,,831713,831715495155,16
tf_phase7_policy_standard_2026-08-20,standard_12x10_g116_vs_g113.jsonl,standard-random-12x10,standard,random-start,12x10,tf:113,tf:116,false,p2,accepted,,831713,831715495156,17
tf_phase7_policy_standard_2026-08-20,standard_12x10_g116_vs_g113.jsonl,standard-random-12x10,standard,random-start,12x10,tf:116,tf:113,true,p2,accepted,,831713,831715495157,18
tf_phase7_policy_standard_2026-08-20,standard_12x10_g116_vs_g113.jsonl,standard-random-12x10,standard,random-start,12x10,tf:113,tf:116,false,p2,accepted,,831713,831715495158,19
tf_phase7_policy_standard_2026-08-20,standard_12x10_g116_vs_g113.jsonl,standard-random-12x10,standard,random-start,12x10,tf:116,tf:113,true,p1,accepted,,831713,831715495159,20
tf_phase7_policy_standard_2026-08-20,standard_12x10_g116_vs_g113.jsonl,standard-random-12x10,standard,random-start,12x10,tf:113,tf:116,false,p1,accepted,,831713,831715495160,21
tf_phase7_policy_standard_2026-08-20,standard_12x10_g116_vs_g113.jsonl,standard-random-12x10,standard,random-start,12x10,tf:116,tf:113,true,p1,accepted,,831713,831715495161,22
tf_phase7_policy_standard_2026-08-20,standard_12x10_g116_vs_g113.jsonl,standard-random-12x10,standard,random-start,12x10,tf:113,tf:116,false,p2,accepted,,831713,831715495162,23
tf_phase7_policy_standard_2026-08-20,standard_12x10_g116_vs_g113.jsonl,standard-random-12x10,standard,random-start,12x10,tf:116,tf:113,true,p1,accepted,,831713,831715495163,24
tf_phase7_policy_standard_2026-08-20,standard_12x10_g116_vs_g113.jsonl,standard-random-12x10,standard,random-start,12x10,tf:113,tf:116,false,p2,accepted,,831713,831715495164,25
tf_phase7_policy_standard_2026-08-20,standard_12x10_g116_vs_g113.jsonl,standard-random-12x10,standard,random-start,12x10,tf:116,tf:113,true,p2,accepted,,831713,831715495165,26
tf_phase7_policy_standard_2026-08-20,standard_12x10_g116_vs_g113.jsonl,standard-random-12x10,standard,random-start,12x10,tf:113,tf:116,false,p2,accepted,,831713,831715495166,27
tf_phase7_policy_standard_2026-08-20,standard_12x10_g116_vs_g113.jsonl,standard-random-12x10,standard,random-start,12x10,tf:116,tf:113,true,p1,accepted,,831713,831715495167,28
tf_phase7_policy_standard_2026-08-20,standard_12x10_g116_vs_g113.jsonl,standard-random-12x10,standard,random-start,12x10,tf:113,tf:116,false,p1,accepted,,831713,831715495168,29
tf_phase7_policy_standard_2026-08-20,standard_12x10_g116_vs_g113.jsonl,standard-random-12x10,standard,random-start,12x10,tf:116,tf:113,true,p2,accepted,,831713,831715495169,30
tf_phase7_policy_standard_2026-08-20,standard_12x10_g116_vs_g113.jsonl,standard-random-12x10,standard,random-start,12x10,tf:113,tf:116,false,p1,accepted,,831713,831715495170,31
tf_phase7_policy_standard_2026-08-20,standard_12x10_g116_vs_g113.jsonl,standard-random-12x10,standard,random-start,12x10,tf:116,tf:113,true,p2,accepted,,831713,831715495171,32
tf_phase7_policy_standard_2026-08-20,standard_12x10_g116_vs_g113.jsonl,standard-random-12x10,standard,random-start,12x10,tf:113,tf:116,false,p2,accepted,,831713,831715495172,33
tf_phase7_policy_standard_2026-08-20,standard_12x10_g116_vs_g113.jsonl,standard-random-12x10,standard,random-start,12x10,tf:116,tf:113,true,p2,accepted,,831713,831715495173,34
tf_phase7_policy_standard_2026-08-20,standard_12x10_g116_vs_g113.jsonl,standard-random-12x10,standard,random-start,12x10,tf:113,tf:116,false,p1,accepted,,831713,831715495174,35
tf_phase7_policy_standard_2026-08-20,standard_12x10_g116_vs_g113.jsonl,standard-random-12x10,standard,random-start,12x10,tf:116,tf:113,true,p2,accepted,,831713,831715495175,36
tf_phase7_policy_standard_2026-08-20,standard_12x10_g116_vs_g113.jsonl,standard-random-12x10,standard,random-start,12x10,tf:113,tf:116,false,p1,accepted,,831713,831715495176,37
tf_phase7_policy_standard_2026-08-20,standard_12x10_g116_vs_g113.jsonl,standard-random-12x10,standard,random-start,12x10,tf:116,tf:113,true,p2,accepted,,831713,831715495177,38
tf_phase7_policy_standard_2026-08-20,standard_12x10_g116_vs_g113.jsonl,standard-random-12x10,standard,random-start,12x10,tf:113,tf:116,false,p2,accepted,,831713,831715495178,39
tf_phase7_policy_standard_2026-08-20,standard_12x10_g116_vs_g115.jsonl,standard-random-12x10,standard,random-start,12x10,tf:116,tf:115,true,p2,accepted,,831715,831717495145,0
tf_phase7_policy_standard_2026-08-20,standard_12x10_g116_vs_g115.jsonl,standard-random-12x10,standard,random-start,12x10,tf:115,tf:116,false,p1,accepted,,831715,831717495146,1
tf_phase7_policy_standard_2026-08-20,standard_12x10_g116_vs_g115.jsonl,standard-random-12x10,standard,random-start,12x10,tf:116,tf:115,true,p1,accepted,,831715,831717495147,2
tf_phase7_policy_standard_2026-08-20,standard_12x10_g116_vs_g115.jsonl,standard-random-12x10,standard,random-start,12x10,tf:115,tf:116,false,p1,accepted,,831715,831717495148,3
tf_phase7_policy_standard_2026-08-20,standard_12x10_g116_vs_g115.jsonl,standard-random-12x10,standard,random-start,12x10,tf:116,tf:115,true,p1,accepted,,831715,831717495149,4
tf_phase7_policy_standard_2026-08-20,standard_12x10_g116_vs_g115.jsonl,standard-random-12x10,standard,random-start,12x10,tf:115,tf:116,false,p2,accepted,,831715,831717495150,5
tf_phase7_policy_standard_2026-08-20,standard_12x10_g116_vs_g115.jsonl,standard-random-12x10,standard,random-start,12x10,tf:116,tf:115,true,p1,accepted,,831715,831717495151,6
tf_phase7_policy_standard_2026-08-20,standard_12x10_g116_vs_g115.jsonl,standard-random-12x10,standard,random-start,12x10,tf:115,tf:116,false,p1,accepted,,831715,831717495152,7
tf_phase7_policy_standard_2026-08-20,standard_12x10_g116_vs_g115.jsonl,standard-random-12x10,standard,random-start,12x10,tf:116,tf:115,true,p2,accepted,,831715,831717495153,8
tf_phase7_policy_standard_2026-08-20,standard_12x10_g116_vs_g115.jsonl,standard-random-12x10,standard,random-start,12x10,tf:115,tf:116,false,p2,accepted,,831715,831717495154,9
tf_phase7_policy_standard_2026-08-20,standard_12x10_g116_vs_g115.jsonl,standard-random-12x10,standard,random-start,12x10,tf:116,tf:115,true,draw,accepted,,831715,831717495155,10
tf_phase7_policy_standard_2026-08-20,standard_12x10_g116_vs_g115.jsonl,standard-random-12x10,standard,random-start,12x10,tf:115,tf:116,false,p1,accepted,,831715,831717495156,11
tf_phase7_policy_standard_2026-08-20,standard_12x10_g116_vs_g115.jsonl,standard-random-12x10,standard,random-start,12x10,tf:116,tf:115,true,p1,accepted,,831715,831717495157,12
tf_phase7_policy_standard_2026-08-20,standard_12x10_g116_vs_g115.jsonl,standard-random-12x10,standard,random-start,12x10,tf:115,tf:116,false,draw,accepted,,831715,831717495158,13
tf_phase7_policy_standard_2026-08-20,standard_12x10_g116_vs_g115.jsonl,standard-random-12x10,standard,random-start,12x10,tf:116,tf:115,true,p1,accepted,,831715,831717495159,14
tf_phase7_policy_standard_2026-08-20,standard_12x10_g116_vs_g115.jsonl,standard-random-12x10,standard,random-start,12x10,tf:115,tf:116,false,p2,accepted,,831715,831717495160,15
tf_phase7_policy_standard_2026-08-20,standard_12x10_g116_vs_g115.jsonl,standard-random-12x10,standard,random-start,12x10,tf:116,tf:115,true,draw,accepted,,831715,831717495161,16
tf_phase7_policy_standard_2026-08-20,standard_12x10_g116_vs_g115.jsonl,standard-random-12x10,standard,random-start,12x10,tf:115,tf:116,false,p1,accepted,,831715,831717495162,17
tf_phase7_policy_standard_2026-08-20,standard_12x10_g116_vs_g115.jsonl,standard-random-12x10,standard,random-start,12x10,tf:116,tf:115,true,p2,accepted,,831715,831717495163,18
tf_phase7_policy_standard_2026-08-20,standard_12x10_g116_vs_g115.jsonl,standard-random-12x10,standard,random-start,12x10,tf:115,tf:116,false,p1,accepted,,831715,831717495164,19
tf_phase7_policy_standard_2026-08-20,standard_12x10_g116_vs_g115.jsonl,standard-random-12x10,standard,random-start,12x10,tf:116,tf:115,true,p1,accepted,,831715,831717495165,20
tf_phase7_policy_standard_2026-08-20,standard_12x10_g116_vs_g115.jsonl,standard-random-12x10,standard,random-start,12x10,tf:115,tf:116,false,p1,accepted,,831715,831717495166,21
tf_phase7_policy_standard_2026-08-20,standard_12x10_g116_vs_g115.jsonl,standard-random-12x10,standard,random-start,12x10,tf:116,tf:115,true,p1,accepted,,831715,831717495167,22
tf_phase7_policy_standard_2026-08-20,standard_12x10_g116_vs_g115.jsonl,standard-random-12x10,standard,random-start,12x10,tf:115,tf:116,false,p1,accepted,,831715,831717495168,23
tf_phase7_policy_standard_2026-08-20,standard_12x10_g116_vs_g115.jsonl,standard-random-12x10,standard,random-start,12x10,tf:116,tf:115,true,p1,accepted,,831715,831717495169,24
tf_phase7_policy_standard_2026-08-20,standard_12x10_g116_vs_g115.jsonl,standard-random-12x10,standard,random-start,12x10,tf:115,tf:116,false,p2,accepted,,831715,831717495170,25
tf_phase7_policy_standard_2026-08-20,standard_12x10_g116_vs_g115.jsonl,standard-random-12x10,standard,random-start,12x10,tf:116,tf:115,true,p1,accepted,,831715,831717495171,26
tf_phase7_policy_standard_2026-08-20,standard_12x10_g116_vs_g115.jsonl,standard-random-12x10,standard,random-start,12x10,tf:115,tf:116,false,p1,accepted,,831715,831717495172,27
tf_phase7_policy_standard_2026-08-20,standard_12x10_g116_vs_g115.jsonl,standard-random-12x10,standard,random-start,12x10,tf:116,tf:115,true,p1,accepted,,831715,831717495173,28
tf_phase7_policy_standard_2026-08-20,standard_12x10_g116_vs_g115.jsonl,standard-random-12x10,standard,random-start,12x10,tf:115,tf:116,false,p2,accepted,,831715,831717495174,29
tf_phase7_policy_standard_2026-08-20,standard_12x10_g116_vs_g115.jsonl,standard-random-12x10,standard,random-start,12x10,tf:116,tf:115,true,draw,accepted,,831715,831717495175,30
tf_phase7_policy_standard_2026-08-20,standard_12x10_g116_vs_g115.jsonl,standard-random-12x10,standard,random-start,12x10,tf:115,tf:116,false,p1,accepted,,831715,831717495176,31
tf_phase7_policy_standard_2026-08-20,standard_12x10_g116_vs_g115.jsonl,standard-random-12x10,standard,random-start,12x10,tf:116,tf:115,true,p1,accepted,,831715,831717495177,32
tf_phase7_policy_standard_2026-08-20,standard_12x10_g116_vs_g115.jsonl,standard-random-12x10,standard,random-start,12x10,tf:115,tf:116,false,p1,accepted,,831715,831717495178,33
tf_phase7_policy_standard_2026-08-20,standard_12x10_g116_vs_g115.jsonl,standard-random-12x10,standard,random-start,12x10,tf:116,tf:115,true,p2,accepted,,831715,831717495179,34
tf_phase7_policy_standard_2026-08-20,standard_12x10_g116_vs_g115.jsonl,standard-random-12x10,standard,random-start,12x10,tf:115,tf:116,false,p1,accepted,,831715,831717495180,35
tf_phase7_policy_standard_2026-08-20,standard_12x10_g116_vs_g115.jsonl,standard-random-12x10,standard,random-start,12x10,tf:116,tf:115,true,p1,accepted,,831715,831717495181,36
tf_phase7_policy_standard_2026-08-20,standard_12x10_g116_vs_g115.jsonl,standard-random-12x10,standard,random-start,12x10,tf:115,tf:116,false,p1,accepted,,831715,831717495182,37
tf_phase7_policy_standard_2026-08-20,standard_12x10_g116_vs_g115.jsonl,standard-random-12x10,standard,random-start,12x10,tf:116,tf:115,true,p2,accepted,,831715,831717495183,38
tf_phase7_policy_standard_2026-08-20,standard_12x10_g116_vs_g115.jsonl,standard-random-12x10,standard,random-start,12x10,tf:115,tf:116,false,p1,accepted,,831715,831717495184,39
tf_phase7_policy_standard_2026-08-20,standard_12x10_g94_vs_g93.jsonl,standard-random-12x10,standard,random-start,12x10,tf:94,tf:93,true,p1,accepted,,829493,829495488479,0
tf_phase7_policy_standard_2026-08-20,standard_12x10_g94_vs_g93.jsonl,standard-random-12x10,standard,random-start,12x10,tf:93,tf:94,false,draw,accepted,,829493,829495488480,1
tf_phase7_policy_standard_2026-08-20,standard_12x10_g94_vs_g93.jsonl,standard-random-12x10,standard,random-start,12x10,tf:94,tf:93,true,p1,accepted,,829493,829495488481,2
tf_phase7_policy_standard_2026-08-20,standard_12x10_g94_vs_g93.jsonl,standard-random-12x10,standard,random-start,12x10,tf:93,tf:94,false,p1,accepted,,829493,829495488482,3
tf_phase7_policy_standard_2026-08-20,standard_12x10_g94_vs_g93.jsonl,standard-random-12x10,standard,random-start,12x10,tf:94,tf:93,true,draw,accepted,,829493,829495488483,4
tf_phase7_policy_standard_2026-08-20,standard_12x10_g94_vs_g93.jsonl,standard-random-12x10,standard,random-start,12x10,tf:93,tf:94,false,p1,accepted,,829493,829495488484,5
tf_phase7_policy_standard_2026-08-20,standard_12x10_g94_vs_g93.jsonl,standard-random-12x10,standard,random-start,12x10,tf:94,tf:93,true,p1,accepted,,829493,829495488485,6
tf_phase7_policy_standard_2026-08-20,standard_12x10_g94_vs_g93.jsonl,standard-random-12x10,standard,random-start,12x10,tf:93,tf:94,false,draw,accepted,,829493,829495488486,7
tf_phase7_policy_standard_2026-08-20,standard_12x10_g94_vs_g93.jsonl,standard-random-12x10,standard,random-start,12x10,tf:94,tf:93,true,draw,accepted,,829493,829495488487,8
tf_phase7_policy_standard_2026-08-20,standard_12x10_g94_vs_g93.jsonl,standard-random-12x10,standard,random-start,12x10,tf:93,tf:94,false,p2,accepted,,829493,829495488488,9
tf_phase7_policy_standard_2026-08-20,standard_12x10_g94_vs_g93.jsonl,standard-random-12x10,standard,random-start,12x10,tf:94,tf:93,true,p1,accepted,,829493,829495488489,10
tf_phase7_policy_standard_2026-08-20,standard_12x10_g94_vs_g93.jsonl,standard-random-12x10,standard,random-start,12x10,tf:93,tf:94,false,p2,accepted,,829493,829495488490,11
tf_phase7_policy_standard_2026-08-20,standard_12x10_g94_vs_g93.jsonl,standard-random-12x10,standard,random-start,12x10,tf:94,tf:93,true,p2,accepted,,829493,829495488491,12
tf_phase7_policy_standard_2026-08-20,standard_12x10_g94_vs_g93.jsonl,standard-random-12x10,standard,random-start,12x10,tf:93,tf:94,false,draw,accepted,,829493,829495488492,13
tf_phase7_policy_standard_2026-08-20,standard_12x10_g94_vs_g93.jsonl,standard-random-12x10,standard,random-start,12x10,tf:94,tf:93,true,p2,accepted,,829493,829495488493,14
tf_phase7_policy_standard_2026-08-20,standard_12x10_g94_vs_g93.jsonl,standard-random-12x10,standard,random-start,12x10,tf:93,tf:94,false,p2,accepted,,829493,829495488494,15
tf_phase7_policy_standard_2026-08-20,standard_12x10_g94_vs_g93.jsonl,standard-random-12x10,standard,random-start,12x10,tf:94,tf:93,true,p2,accepted,,829493,829495488495,16
tf_phase7_policy_standard_2026-08-20,standard_12x10_g94_vs_g93.jsonl,standard-random-12x10,standard,random-start,12x10,tf:93,tf:94,false,p2,accepted,,829493,829495488496,17
tf_phase7_policy_standard_2026-08-20,standard_12x10_g94_vs_g93.jsonl,standard-random-12x10,standard,random-start,12x10,tf:94,tf:93,true,p1,accepted,,829493,829495488497,18
tf_phase7_policy_standard_2026-08-20,standard_12x10_g94_vs_g93.jsonl,standard-random-12x10,standard,random-start,12x10,tf:93,tf:94,false,p1,accepted,,829493,829495488498,19
tf_phase7_policy_standard_2026-08-20,standard_12x10_g94_vs_g93.jsonl,standard-random-12x10,standard,random-start,12x10,tf:94,tf:93,true,p2,accepted,,829493,829495488499,20
tf_phase7_policy_standard_2026-08-20,standard_12x10_g94_vs_g93.jsonl,standard-random-12x10,standard,random-start,12x10,tf:93,tf:94,false,p1,accepted,,829493,829495488500,21
tf_phase7_policy_standard_2026-08-20,standard_12x10_g94_vs_g93.jsonl,standard-random-12x10,standard,random-start,12x10,tf:94,tf:93,true,p1,accepted,,829493,829495488501,22
tf_phase7_policy_standard_2026-08-20,standard_12x10_g94_vs_g93.jsonl,standard-random-12x10,standard,random-start,12x10,tf:93,tf:94,false,p2,accepted,,829493,829495488502,23
tf_phase7_policy_standard_2026-08-20,standard_12x10_g94_vs_g93.jsonl,standard-random-12x10,standard,random-start,12x10,tf:94,tf:93,true,p2,accepted,,829493,829495488503,24
tf_phase7_policy_standard_2026-08-20,standard_12x10_g94_vs_g93.jsonl,standard-random-12x10,standard,random-start,12x10,tf:93,tf:94,false,p1,accepted,,829493,829495488504,25
tf_phase7_policy_standard_2026-08-20,standard_12x10_g94_vs_g93.jsonl,standard-random-12x10,standard,random-start,12x10,tf:94,tf:93,true,p2,accepted,,829493,829495488505,26
tf_phase7_policy_standard_2026-08-20,standard_12x10_g94_vs_g93.jsonl,standard-random-12x10,standard,random-start,12x10,tf:93,tf:94,false,p1,accepted,,829493,829495488506,27
tf_phase7_policy_standard_2026-08-20,standard_12x10_g94_vs_g93.jsonl,standard-random-12x10,standard,random-start,12x10,tf:94,tf:93,true,p1,accepted,,829493,829495488507,28
tf_phase7_policy_standard_2026-08-20,standard_12x10_g94_vs_g93.jsonl,standard-random-12x10,standard,random-start,12x10,tf:93,tf:94,false,draw,accepted,,829493,829495488508,29
tf_phase7_policy_standard_2026-08-20,standard_12x10_g94_vs_g93.jsonl,standard-random-12x10,standard,random-start,12x10,tf:94,tf:93,true,p1,accepted,,829493,829495488509,30
tf_phase7_policy_standard_2026-08-20,standard_12x10_g94_vs_g93.jsonl,standard-random-12x10,standard,random-start,12x10,tf:93,tf:94,false,p1,accepted,,829493,829495488510,31
tf_phase7_policy_standard_2026-08-20,standard_12x10_g94_vs_g93.jsonl,standard-random-12x10,standard,random-start,12x10,tf:94,tf:93,true,p1,accepted,,829493,829495488511,32
tf_phase7_policy_standard_2026-08-20,standard_12x10_g94_vs_g93.jsonl,standard-random-12x10,standard,random-start,12x10,tf:93,tf:94,false,p2,accepted,,829493,829495488512,33
tf_phase7_policy_standard_2026-08-20,standard_12x10_g94_vs_g93.jsonl,standard-random-12x10,standard,random-start,12x10,tf:94,tf:93,true,p1,accepted,,829493,829495488513,34
tf_phase7_policy_standard_2026-08-20,standard_12x10_g94_vs_g93.jsonl,standard-random-12x10,standard,random-start,12x10,tf:93,tf:94,false,p1,accepted,,829493,829495488514,35
tf_phase7_policy_standard_2026-08-20,standard_12x10_g94_vs_g93.jsonl,standard-random-12x10,standard,random-start,12x10,tf:94,tf:93,true,p2,accepted,,829493,829495488515,36
tf_phase7_policy_standard_2026-08-20,standard_12x10_g94_vs_g93.jsonl,standard-random-12x10,standard,random-start,12x10,tf:93,tf:94,false,p2,accepted,,829493,829495488516,37
tf_phase7_policy_standard_2026-08-20,standard_12x10_g94_vs_g93.jsonl,standard-random-12x10,standard,random-start,12x10,tf:94,tf:93,true,p2,accepted,,829493,829495488517,38
tf_phase7_policy_standard_2026-08-20,standard_12x10_g94_vs_g93.jsonl,standard-random-12x10,standard,random-start,12x10,tf:93,tf:94,false,p1,accepted,,829493,829495488518,39
tf_phase7_policy_standard_2026-08-20,standard_12x10_g95_vs_g93.jsonl,standard-random-12x10,standard,random-start,12x10,tf:95,tf:93,true,p1,accepted,,829593,829595488779,0
tf_phase7_policy_standard_2026-08-20,standard_12x10_g95_vs_g93.jsonl,standard-random-12x10,standard,random-start,12x10,tf:93,tf:95,false,p1,accepted,,829593,829595488780,1
tf_phase7_policy_standard_2026-08-20,standard_12x10_g95_vs_g93.jsonl,standard-random-12x10,standard,random-start,12x10,tf:95,tf:93,true,p1,accepted,,829593,829595488781,2
tf_phase7_policy_standard_2026-08-20,standard_12x10_g95_vs_g93.jsonl,standard-random-12x10,standard,random-start,12x10,tf:93,tf:95,false,p1,accepted,,829593,829595488782,3
tf_phase7_policy_standard_2026-08-20,standard_12x10_g95_vs_g93.jsonl,standard-random-12x10,standard,random-start,12x10,tf:95,tf:93,true,p2,accepted,,829593,829595488783,4
tf_phase7_policy_standard_2026-08-20,standard_12x10_g95_vs_g93.jsonl,standard-random-12x10,standard,random-start,12x10,tf:93,tf:95,false,draw,accepted,,829593,829595488784,5
tf_phase7_policy_standard_2026-08-20,standard_12x10_g95_vs_g93.jsonl,standard-random-12x10,standard,random-start,12x10,tf:95,tf:93,true,p1,accepted,,829593,829595488785,6
tf_phase7_policy_standard_2026-08-20,standard_12x10_g95_vs_g93.jsonl,standard-random-12x10,standard,random-start,12x10,tf:93,tf:95,false,p1,accepted,,829593,829595488786,7
tf_phase7_policy_standard_2026-08-20,standard_12x10_g95_vs_g93.jsonl,standard-random-12x10,standard,random-start,12x10,tf:95,tf:93,true,p1,accepted,,829593,829595488787,8
tf_phase7_policy_standard_2026-08-20,standard_12x10_g95_vs_g93.jsonl,standard-random-12x10,standard,random-start,12x10,tf:93,tf:95,false,p2,accepted,,829593,829595488788,9
tf_phase7_policy_standard_2026-08-20,standard_12x10_g95_vs_g93.jsonl,standard-random-12x10,standard,random-start,12x10,tf:95,tf:93,true,p1,accepted,,829593,829595488789,10
tf_phase7_policy_standard_2026-08-20,standard_12x10_g95_vs_g93.jsonl,standard-random-12x10,standard,random-start,12x10,tf:93,tf:95,false,p1,accepted,,829593,829595488790,11
tf_phase7_policy_standard_2026-08-20,standard_12x10_g95_vs_g93.jsonl,standard-random-12x10,standard,random-start,12x10,tf:95,tf:93,true,p1,accepted,,829593,829595488791,12
tf_phase7_policy_standard_2026-08-20,standard_12x10_g95_vs_g93.jsonl,standard-random-12x10,standard,random-start,12x10,tf:93,tf:95,false,p1,accepted,,829593,829595488792,13
tf_phase7_policy_standard_2026-08-20,standard_12x10_g95_vs_g93.jsonl,standard-random-12x10,standard,random-start,12x10,tf:95,tf:93,true,p1,accepted,,829593,829595488793,14
tf_phase7_policy_standard_2026-08-20,standard_12x10_g95_vs_g93.jsonl,standard-random-12x10,standard,random-start,12x10,tf:93,tf:95,false,p2,accepted,,829593,829595488794,15
tf_phase7_policy_standard_2026-08-20,standard_12x10_g95_vs_g93.jsonl,standard-random-12x10,standard,random-start,12x10,tf:95,tf:93,true,p1,accepted,,829593,829595488795,16
tf_phase7_policy_standard_2026-08-20,standard_12x10_g95_vs_g93.jsonl,standard-random-12x10,standard,random-start,12x10,tf:93,tf:95,false,draw,accepted,,829593,829595488796,17
tf_phase7_policy_standard_2026-08-20,standard_12x10_g95_vs_g93.jsonl,standard-random-12x10,standard,random-start,12x10,tf:95,tf:93,true,p1,accepted,,829593,829595488797,18
tf_phase7_policy_standard_2026-08-20,standard_12x10_g95_vs_g93.jsonl,standard-random-12x10,standard,random-start,12x10,tf:93,tf:95,false,p2,accepted,,829593,829595488798,19
tf_phase7_policy_standard_2026-08-20,standard_12x10_g95_vs_g93.jsonl,standard-random-12x10,standard,random-start,12x10,tf:95,tf:93,true,p1,accepted,,829593,829595488799,20
tf_phase7_policy_standard_2026-08-20,standard_12x10_g95_vs_g93.jsonl,standard-random-12x10,standard,random-start,12x10,tf:93,tf:95,false,p1,accepted,,829593,829595488800,21
tf_phase7_policy_standard_2026-08-20,standard_12x10_g95_vs_g93.jsonl,standard-random-12x10,standard,random-start,12x10,tf:95,tf:93,true,p1,accepted,,829593,829595488801,22
tf_phase7_policy_standard_2026-08-20,standard_12x10_g95_vs_g93.jsonl,standard-random-12x10,standard,random-start,12x10,tf:93,tf:95,false,p1,accepted,,829593,829595488802,23
tf_phase7_policy_standard_2026-08-20,standard_12x10_g95_vs_g93.jsonl,standard-random-12x10,standard,random-start,12x10,tf:95,tf:93,true,draw,accepted,,829593,829595488803,24
tf_phase7_policy_standard_2026-08-20,standard_12x10_g95_vs_g93.jsonl,standard-random-12x10,standard,random-start,12x10,tf:93,tf:95,false,p2,accepted,,829593,829595488804,25
tf_phase7_policy_standard_2026-08-20,standard_12x10_g95_vs_g93.jsonl,standard-random-12x10,standard,random-start,12x10,tf:95,tf:93,true,p1,accepted,,829593,829595488805,26
tf_phase7_policy_standard_2026-08-20,standard_12x10_g95_vs_g93.jsonl,standard-random-12x10,standard,random-start,12x10,tf:93,tf:95,false,p1,accepted,,829593,829595488806,27
tf_phase7_policy_standard_2026-08-20,standard_12x10_g95_vs_g93.jsonl,standard-random-12x10,standard,random-start,12x10,tf:95,tf:93,true,p1,accepted,,829593,829595488807,28
tf_phase7_policy_standard_2026-08-20,standard_12x10_g95_vs_g93.jsonl,standard-random-12x10,standard,random-start,12x10,tf:93,tf:95,false,p2,accepted,,829593,829595488808,29
tf_phase7_policy_standard_2026-08-20,standard_12x10_g95_vs_g93.jsonl,standard-random-12x10,standard,random-start,12x10,tf:95,tf:93,true,p1,accepted,,829593,829595488809,30
tf_phase7_policy_standard_2026-08-20,standard_12x10_g95_vs_g93.jsonl,standard-random-12x10,standard,random-start,12x10,tf:93,tf:95,false,p1,accepted,,829593,829595488810,31
tf_phase7_policy_standard_2026-08-20,standard_12x10_g95_vs_g93.jsonl,standard-random-12x10,standard,random-start,12x10,tf:95,tf:93,true,p1,accepted,,829593,829595488811,32
tf_phase7_policy_standard_2026-08-20,standard_12x10_g95_vs_g93.jsonl,standard-random-12x10,standard,random-start,12x10,tf:93,tf:95,false,p2,accepted,,829593,829595488812,33
tf_phase7_policy_standard_2026-08-20,standard_12x10_g95_vs_g93.jsonl,standard-random-12x10,standard,random-start,12x10,tf:95,tf:93,true,p2,accepted,,829593,829595488813,34
tf_phase7_policy_standard_2026-08-20,standard_12x10_g95_vs_g93.jsonl,standard-random-12x10,standard,random-start,12x10,tf:93,tf:95,false,p1,accepted,,829593,829595488814,35
tf_phase7_policy_standard_2026-08-20,standard_12x10_g95_vs_g93.jsonl,standard-random-12x10,standard,random-start,12x10,tf:95,tf:93,true,p1,accepted,,829593,829595488815,36
tf_phase7_policy_standard_2026-08-20,standard_12x10_g95_vs_g93.jsonl,standard-random-12x10,standard,random-start,12x10,tf:93,tf:95,false,p1,accepted,,829593,829595488816,37
tf_phase7_policy_standard_2026-08-20,standard_12x10_g95_vs_g93.jsonl,standard-random-12x10,standard,random-start,12x10,tf:95,tf:93,true,p1,accepted,,829593,829595488817,38
tf_phase7_policy_standard_2026-08-20,standard_12x10_g95_vs_g93.jsonl,standard-random-12x10,standard,random-start,12x10,tf:93,tf:95,false,p2,accepted,,829593,829595488818,39
tf_phase7_policy_standard_2026-08-20,standard_12x10_g95_vs_g94.jsonl,standard-random-12x10,standard,random-start,12x10,tf:95,tf:94,true,p2,accepted,,829594,829596488782,0
tf_phase7_policy_standard_2026-08-20,standard_12x10_g95_vs_g94.jsonl,standard-random-12x10,standard,random-start,12x10,tf:94,tf:95,false,p1,accepted,,829594,829596488783,1
tf_phase7_policy_standard_2026-08-20,standard_12x10_g95_vs_g94.jsonl,standard-random-12x10,standard,random-start,12x10,tf:95,tf:94,true,p1,accepted,,829594,829596488784,2
tf_phase7_policy_standard_2026-08-20,standard_12x10_g95_vs_g94.jsonl,standard-random-12x10,standard,random-start,12x10,tf:94,tf:95,false,p1,accepted,,829594,829596488785,3
tf_phase7_policy_standard_2026-08-20,standard_12x10_g95_vs_g94.jsonl,standard-random-12x10,standard,random-start,12x10,tf:95,tf:94,true,p1,accepted,,829594,829596488786,4
tf_phase7_policy_standard_2026-08-20,standard_12x10_g95_vs_g94.jsonl,standard-random-12x10,standard,random-start,12x10,tf:94,tf:95,false,p1,accepted,,829594,829596488787,5
tf_phase7_policy_standard_2026-08-20,standard_12x10_g95_vs_g94.jsonl,standard-random-12x10,standard,random-start,12x10,tf:95,tf:94,true,p2,accepted,,829594,829596488788,6
tf_phase7_policy_standard_2026-08-20,standard_12x10_g95_vs_g94.jsonl,standard-random-12x10,standard,random-start,12x10,tf:94,tf:95,false,p1,accepted,,829594,829596488789,7
tf_phase7_policy_standard_2026-08-20,standard_12x10_g95_vs_g94.jsonl,standard-random-12x10,standard,random-start,12x10,tf:95,tf:94,true,draw,accepted,,829594,829596488790,8
tf_phase7_policy_standard_2026-08-20,standard_12x10_g95_vs_g94.jsonl,standard-random-12x10,standard,random-start,12x10,tf:94,tf:95,false,p2,accepted,,829594,829596488791,9
tf_phase7_policy_standard_2026-08-20,standard_12x10_g95_vs_g94.jsonl,standard-random-12x10,standard,random-start,12x10,tf:95,tf:94,true,p2,accepted,,829594,829596488792,10
tf_phase7_policy_standard_2026-08-20,standard_12x10_g95_vs_g94.jsonl,standard-random-12x10,standard,random-start,12x10,tf:94,tf:95,false,p2,accepted,,829594,829596488793,11
tf_phase7_policy_standard_2026-08-20,standard_12x10_g95_vs_g94.jsonl,standard-random-12x10,standard,random-start,12x10,tf:95,tf:94,true,p1,accepted,,829594,829596488794,12
tf_phase7_policy_standard_2026-08-20,standard_12x10_g95_vs_g94.jsonl,standard-random-12x10,standard,random-start,12x10,tf:94,tf:95,false,p2,accepted,,829594,829596488795,13
tf_phase7_policy_standard_2026-08-20,standard_12x10_g95_vs_g94.jsonl,standard-random-12x10,standard,random-start,12x10,tf:95,tf:94,true,p2,accepted,,829594,829596488796,14
tf_phase7_policy_standard_2026-08-20,standard_12x10_g95_vs_g94.jsonl,standard-random-12x10,standard,random-start,12x10,tf:94,tf:95,false,p1,accepted,,829594,829596488797,15
tf_phase7_policy_standard_2026-08-20,standard_12x10_g95_vs_g94.jsonl,standard-random-12x10,standard,random-start,12x10,tf:95,tf:94,true,p1,accepted,,829594,829596488798,16
tf_phase7_policy_standard_2026-08-20,standard_12x10_g95_vs_g94.jsonl,standard-random-12x10,standard,random-start,12x10,tf:94,tf:95,false,p1,accepted,,829594,829596488799,17
tf_phase7_policy_standard_2026-08-20,standard_12x10_g95_vs_g94.jsonl,standard-random-12x10,standard,random-start,12x10,tf:95,tf:94,true,p1,accepted,,829594,829596488800,18
tf_phase7_policy_standard_2026-08-20,standard_12x10_g95_vs_g94.jsonl,standard-random-12x10,standard,random-start,12x10,tf:94,tf:95,false,p1,accepted,,829594,829596488801,19
tf_phase7_policy_standard_2026-08-20,standard_12x10_g95_vs_g94.jsonl,standard-random-12x10,standard,random-start,12x10,tf:95,tf:94,true,p2,accepted,,829594,829596488802,20
tf_phase7_policy_standard_2026-08-20,standard_12x10_g95_vs_g94.jsonl,standard-random-12x10,standard,random-start,12x10,tf:94,tf:95,false,p1,accepted,,829594,829596488803,21
tf_phase7_policy_standard_2026-08-20,standard_12x10_g95_vs_g94.jsonl,standard-random-12x10,standard,random-start,12x10,tf:95,tf:94,true,draw,accepted,,829594,829596488804,22
tf_phase7_policy_standard_2026-08-20,standard_12x10_g95_vs_g94.jsonl,standard-random-12x10,standard,random-start,12x10,tf:94,tf:95,false,p1,accepted,,829594,829596488805,23
tf_phase7_policy_standard_2026-08-20,standard_12x10_g95_vs_g94.jsonl,standard-random-12x10,standard,random-start,12x10,tf:95,tf:94,true,draw,accepted,,829594,829596488806,24
tf_phase7_policy_standard_2026-08-20,standard_12x10_g95_vs_g94.jsonl,standard-random-12x10,standard,random-start,12x10,tf:94,tf:95,false,draw,accepted,,829594,829596488807,25
tf_phase7_policy_standard_2026-08-20,standard_12x10_g95_vs_g94.jsonl,standard-random-12x10,standard,random-start,12x10,tf:95,tf:94,true,p1,accepted,,829594,829596488808,26
tf_phase7_policy_standard_2026-08-20,standard_12x10_g95_vs_g94.jsonl,standard-random-12x10,standard,random-start,12x10,tf:94,tf:95,false,p1,accepted,,829594,829596488809,27
tf_phase7_policy_standard_2026-08-20,standard_12x10_g95_vs_g94.jsonl,standard-random-12x10,standard,random-start,12x10,tf:95,tf:94,true,p2,accepted,,829594,829596488810,28
tf_phase7_policy_standard_2026-08-20,standard_12x10_g95_vs_g94.jsonl,standard-random-12x10,standard,random-start,12x10,tf:94,tf:95,false,p1,accepted,,829594,829596488811,29
tf_phase7_policy_standard_2026-08-20,standard_12x10_g95_vs_g94.jsonl,standard-random-12x10,standard,random-start,12x10,tf:95,tf:94,true,p1,accepted,,829594,829596488812,30
tf_phase7_policy_standard_2026-08-20,standard_12x10_g95_vs_g94.jsonl,standard-random-12x10,standard,random-start,12x10,tf:94,tf:95,false,draw,accepted,,829594,829596488813,31
tf_phase7_policy_standard_2026-08-20,standard_12x10_g95_vs_g94.jsonl,standard-random-12x10,standard,random-start,12x10,tf:95,tf:94,true,p1,accepted,,829594,829596488814,32
tf_phase7_policy_standard_2026-08-20,standard_12x10_g95_vs_g94.jsonl,standard-random-12x10,standard,random-start,12x10,tf:94,tf:95,false,p1,accepted,,829594,829596488815,33
tf_phase7_policy_standard_2026-08-20,standard_12x10_g95_vs_g94.jsonl,standard-random-12x10,standard,random-start,12x10,tf:95,tf:94,true,draw,accepted,,829594,829596488816,34
tf_phase7_policy_standard_2026-08-20,standard_12x10_g95_vs_g94.jsonl,standard-random-12x10,standard,random-start,12x10,tf:94,tf:95,false,p2,accepted,,829594,829596488817,35
tf_phase7_policy_standard_2026-08-20,standard_12x10_g95_vs_g94.jsonl,standard-random-12x10,standard,random-start,12x10,tf:95,tf:94,true,p1,accepted,,829594,829596488818,36
tf_phase7_policy_standard_2026-08-20,standard_12x10_g95_vs_g94.jsonl,standard-random-12x10,standard,random-start,12x10,tf:94,tf:95,false,p1,accepted,,829594,829596488819,37
tf_phase7_policy_standard_2026-08-20,standard_12x10_g95_vs_g94.jsonl,standard-random-12x10,standard,random-start,12x10,tf:95,tf:94,true,p2,accepted,,829594,829596488820,38
tf_phase7_policy_standard_2026-08-20,standard_12x10_g95_vs_g94.jsonl,standard-random-12x10,standard,random-start,12x10,tf:94,tf:95,false,p1,accepted,,829594,829596488821,39
tf_phase7_policy_standard_2026-08-20,standard_12x10_g96_vs_g93.jsonl,standard-random-12x10,standard,random-start,12x10,tf:96,tf:93,true,draw,accepted,,829693,829695489079,0
tf_phase7_policy_standard_2026-08-20,standard_12x10_g96_vs_g93.jsonl,standard-random-12x10,standard,random-start,12x10,tf:93,tf:96,false,p1,accepted,,829693,829695489080,1
tf_phase7_policy_standard_2026-08-20,standard_12x10_g96_vs_g93.jsonl,standard-random-12x10,standard,random-start,12x10,tf:96,tf:93,true,p2,accepted,,829693,829695489081,2
tf_phase7_policy_standard_2026-08-20,standard_12x10_g96_vs_g93.jsonl,standard-random-12x10,standard,random-start,12x10,tf:93,tf:96,false,p2,accepted,,829693,829695489082,3
tf_phase7_policy_standard_2026-08-20,standard_12x10_g96_vs_g93.jsonl,standard-random-12x10,standard,random-start,12x10,tf:96,tf:93,true,p2,accepted,,829693,829695489083,4
tf_phase7_policy_standard_2026-08-20,standard_12x10_g96_vs_g93.jsonl,standard-random-12x10,standard,random-start,12x10,tf:93,tf:96,false,p1,accepted,,829693,829695489084,5
tf_phase7_policy_standard_2026-08-20,standard_12x10_g96_vs_g93.jsonl,standard-random-12x10,standard,random-start,12x10,tf:96,tf:93,true,draw,accepted,,829693,829695489085,6
tf_phase7_policy_standard_2026-08-20,standard_12x10_g96_vs_g93.jsonl,standard-random-12x10,standard,random-start,12x10,tf:93,tf:96,false,p2,accepted,,829693,829695489086,7
tf_phase7_policy_standard_2026-08-20,standard_12x10_g96_vs_g93.jsonl,standard-random-12x10,standard,random-start,12x10,tf:96,tf:93,true,p2,accepted,,829693,829695489087,8
tf_phase7_policy_standard_2026-08-20,standard_12x10_g96_vs_g93.jsonl,standard-random-12x10,standard,random-start,12x10,tf:93,tf:96,false,p1,accepted,,829693,829695489088,9
tf_phase7_policy_standard_2026-08-20,standard_12x10_g96_vs_g93.jsonl,standard-random-12x10,standard,random-start,12x10,tf:96,tf:93,true,p1,accepted,,829693,829695489089,10
tf_phase7_policy_standard_2026-08-20,standard_12x10_g96_vs_g93.jsonl,standard-random-12x10,standard,random-start,12x10,tf:93,tf:96,false,p2,accepted,,829693,829695489090,11
tf_phase7_policy_standard_2026-08-20,standard_12x10_g96_vs_g93.jsonl,standard-random-12x10,standard,random-start,12x10,tf:96,tf:93,true,p1,accepted,,829693,829695489091,12
tf_phase7_policy_standard_2026-08-20,standard_12x10_g96_vs_g93.jsonl,standard-random-12x10,standard,random-start,12x10,tf:93,tf:96,false,p1,accepted,,829693,829695489092,13
tf_phase7_policy_standard_2026-08-20,standard_12x10_g96_vs_g93.jsonl,standard-random-12x10,standard,random-start,12x10,tf:96,tf:93,true,p1,accepted,,829693,829695489093,14
tf_phase7_policy_standard_2026-08-20,standard_12x10_g96_vs_g93.jsonl,standard-random-12x10,standard,random-start,12x10,tf:93,tf:96,false,p1,accepted,,829693,829695489094,15
tf_phase7_policy_standard_2026-08-20,standard_12x10_g96_vs_g93.jsonl,standard-random-12x10,standard,random-start,12x10,tf:96,tf:93,true,p1,accepted,,829693,829695489095,16
tf_phase7_policy_standard_2026-08-20,standard_12x10_g96_vs_g93.jsonl,standard-random-12x10,standard,random-start,12x10,tf:93,tf:96,false,p2,accepted,,829693,829695489096,17
tf_phase7_policy_standard_2026-08-20,standard_12x10_g96_vs_g93.jsonl,standard-random-12x10,standard,random-start,12x10,tf:96,tf:93,true,p2,accepted,,829693,829695489097,18
tf_phase7_policy_standard_2026-08-20,standard_12x10_g96_vs_g93.jsonl,standard-random-12x10,standard,random-start,12x10,tf:93,tf:96,false,p1,accepted,,829693,829695489098,19
tf_phase7_policy_standard_2026-08-20,standard_12x10_g96_vs_g93.jsonl,standard-random-12x10,standard,random-start,12x10,tf:96,tf:93,true,p2,accepted,,829693,829695489099,20
tf_phase7_policy_standard_2026-08-20,standard_12x10_g96_vs_g93.jsonl,standard-random-12x10,standard,random-start,12x10,tf:93,tf:96,false,p2,accepted,,829693,829695489100,21
tf_phase7_policy_standard_2026-08-20,standard_12x10_g96_vs_g93.jsonl,standard-random-12x10,standard,random-start,12x10,tf:96,tf:93,true,draw,accepted,,829693,829695489101,22
tf_phase7_policy_standard_2026-08-20,standard_12x10_g96_vs_g93.jsonl,standard-random-12x10,standard,random-start,12x10,tf:93,tf:96,false,p2,accepted,,829693,829695489102,23
tf_phase7_policy_standard_2026-08-20,standard_12x10_g96_vs_g93.jsonl,standard-random-12x10,standard,random-start,12x10,tf:96,tf:93,true,p2,accepted,,829693,829695489103,24
tf_phase7_policy_standard_2026-08-20,standard_12x10_g96_vs_g93.jsonl,standard-random-12x10,standard,random-start,12x10,tf:93,tf:96,false,p1,accepted,,829693,829695489104,25
tf_phase7_policy_standard_2026-08-20,standard_12x10_g96_vs_g93.jsonl,standard-random-12x10,standard,random-start,12x10,tf:96,tf:93,true,p2,accepted,,829693,829695489105,26
tf_phase7_policy_standard_2026-08-20,standard_12x10_g96_vs_g93.jsonl,standard-random-12x10,standard,random-start,12x10,tf:93,tf:96,false,draw,accepted,,829693,829695489106,27
tf_phase7_policy_standard_2026-08-20,standard_12x10_g96_vs_g93.jsonl,standard-random-12x10,standard,random-start,12x10,tf:96,tf:93,true,p2,accepted,,829693,829695489107,28
tf_phase7_policy_standard_2026-08-20,standard_12x10_g96_vs_g93.jsonl,standard-random-12x10,standard,random-start,12x10,tf:93,tf:96,false,p1,accepted,,829693,829695489108,29
tf_phase7_policy_standard_2026-08-20,standard_12x10_g96_vs_g93.jsonl,standard-random-12x10,standard,random-start,12x10,tf:96,tf:93,true,p2,accepted,,829693,829695489109,30
tf_phase7_policy_standard_2026-08-20,standard_12x10_g96_vs_g93.jsonl,standard-random-12x10,standard,random-start,12x10,tf:93,tf:96,false,p1,accepted,,829693,829695489110,31
tf_phase7_policy_standard_2026-08-20,standard_12x10_g96_vs_g93.jsonl,standard-random-12x10,standard,random-start,12x10,tf:96,tf:93,true,draw,accepted,,829693,829695489111,32
tf_phase7_policy_standard_2026-08-20,standard_12x10_g96_vs_g93.jsonl,standard-random-12x10,standard,random-start,12x10,tf:93,tf:96,false,p1,accepted,,829693,829695489112,33
tf_phase7_policy_standard_2026-08-20,standard_12x10_g96_vs_g93.jsonl,standard-random-12x10,standard,random-start,12x10,tf:96,tf:93,true,p2,accepted,,829693,829695489113,34
tf_phase7_policy_standard_2026-08-20,standard_12x10_g96_vs_g93.jsonl,standard-random-12x10,standard,random-start,12x10,tf:93,tf:96,false,draw,accepted,,829693,829695489114,35
tf_phase7_policy_standard_2026-08-20,standard_12x10_g96_vs_g93.jsonl,standard-random-12x10,standard,random-start,12x10,tf:96,tf:93,true,p2,accepted,,829693,829695489115,36
tf_phase7_policy_standard_2026-08-20,standard_12x10_g96_vs_g93.jsonl,standard-random-12x10,standard,random-start,12x10,tf:93,tf:96,false,p2,accepted,,829693,829695489116,37
tf_phase7_policy_standard_2026-08-20,standard_12x10_g96_vs_g93.jsonl,standard-random-12x10,standard,random-start,12x10,tf:96,tf:93,true,draw,accepted,,829693,829695489117,38
tf_phase7_policy_standard_2026-08-20,standard_12x10_g96_vs_g93.jsonl,standard-random-12x10,standard,random-start,12x10,tf:93,tf:96,false,p1,accepted,,829693,829695489118,39
tf_phase7_policy_standard_2026-08-20,standard_12x10_g96_vs_g95.jsonl,standard-random-12x10,standard,random-start,12x10,tf:96,tf:95,true,p2,accepted,,829695,829697489085,0
tf_phase7_policy_standard_2026-08-20,standard_12x10_g96_vs_g95.jsonl,standard-random-12x10,standard,random-start,12x10,tf:95,tf:96,false,p2,accepted,,829695,829697489086,1
tf_phase7_policy_standard_2026-08-20,standard_12x10_g96_vs_g95.jsonl,standard-random-12x10,standard,random-start,12x10,tf:96,tf:95,true,p1,accepted,,829695,829697489087,2
tf_phase7_policy_standard_2026-08-20,standard_12x10_g96_vs_g95.jsonl,standard-random-12x10,standard,random-start,12x10,tf:95,tf:96,false,p1,accepted,,829695,829697489088,3
tf_phase7_policy_standard_2026-08-20,standard_12x10_g96_vs_g95.jsonl,standard-random-12x10,standard,random-start,12x10,tf:96,tf:95,true,p2,accepted,,829695,829697489089,4
tf_phase7_policy_standard_2026-08-20,standard_12x10_g96_vs_g95.jsonl,standard-random-12x10,standard,random-start,12x10,tf:95,tf:96,false,draw,accepted,,829695,829697489090,5
tf_phase7_policy_standard_2026-08-20,standard_12x10_g96_vs_g95.jsonl,standard-random-12x10,standard,random-start,12x10,tf:96,tf:95,true,p1,accepted,,829695,829697489091,6
tf_phase7_policy_standard_2026-08-20,standard_12x10_g96_vs_g95.jsonl,standard-random-12x10,standard,random-start,12x10,tf:95,tf:96,false,p1,accepted,,829695,829697489092,7
tf_phase7_policy_standard_2026-08-20,standard_12x10_g96_vs_g95.jsonl,standard-random-12x10,standard,random-start,12x10,tf:96,tf:95,true,p1,accepted,,829695,829697489093,8
tf_phase7_policy_standard_2026-08-20,standard_12x10_g96_vs_g95.jsonl,standard-random-12x10,standard,random-start,12x10,tf:95,tf:96,false,p2,accepted,,829695,829697489094,9
tf_phase7_policy_standard_2026-08-20,standard_12x10_g96_vs_g95.jsonl,standard-random-12x10,standard,random-start,12x10,tf:96,tf:95,true,p1,accepted,,829695,829697489095,10
tf_phase7_policy_standard_2026-08-20,standard_12x10_g96_vs_g95.jsonl,standard-random-12x10,standard,random-start,12x10,tf:95,tf:96,false,draw,accepted,,829695,829697489096,11
tf_phase7_policy_standard_2026-08-20,standard_12x10_g96_vs_g95.jsonl,standard-random-12x10,standard,random-start,12x10,tf:96,tf:95,true,p1,accepted,,829695,829697489097,12
tf_phase7_policy_standard_2026-08-20,standard_12x10_g96_vs_g95.jsonl,standard-random-12x10,standard,random-start,12x10,tf:95,tf:96,false,p2,accepted,,829695,829697489098,13
tf_phase7_policy_standard_2026-08-20,standard_12x10_g96_vs_g95.jsonl,standard-random-12x10,standard,random-start,12x10,tf:96,tf:95,true,p1,accepted,,829695,829697489099,14
tf_phase7_policy_standard_2026-08-20,standard_12x10_g96_vs_g95.jsonl,standard-random-12x10,standard,random-start,12x10,tf:95,tf:96,false,p2,accepted,,829695,829697489100,15
tf_phase7_policy_standard_2026-08-20,standard_12x10_g96_vs_g95.jsonl,standard-random-12x10,standard,random-start,12x10,tf:96,tf:95,true,p1,accepted,,829695,829697489101,16
tf_phase7_policy_standard_2026-08-20,standard_12x10_g96_vs_g95.jsonl,standard-random-12x10,standard,random-start,12x10,tf:95,tf:96,false,p1,accepted,,829695,829697489102,17
tf_phase7_policy_standard_2026-08-20,standard_12x10_g96_vs_g95.jsonl,standard-random-12x10,standard,random-start,12x10,tf:96,tf:95,true,p1,accepted,,829695,829697489103,18
tf_phase7_policy_standard_2026-08-20,standard_12x10_g96_vs_g95.jsonl,standard-random-12x10,standard,random-start,12x10,tf:95,tf:96,false,p2,accepted,,829695,829697489104,19
tf_phase7_policy_standard_2026-08-20,standard_12x10_g96_vs_g95.jsonl,standard-random-12x10,standard,random-start,12x10,tf:96,tf:95,true,p1,accepted,,829695,829697489105,20
tf_phase7_policy_standard_2026-08-20,standard_12x10_g96_vs_g95.jsonl,standard-random-12x10,standard,random-start,12x10,tf:95,tf:96,false,p1,accepted,,829695,829697489106,21
tf_phase7_policy_standard_2026-08-20,standard_12x10_g96_vs_g95.jsonl,standard-random-12x10,standard,random-start,12x10,tf:96,tf:95,true,p1,accepted,,829695,829697489107,22
tf_phase7_policy_standard_2026-08-20,standard_12x10_g96_vs_g95.jsonl,standard-random-12x10,standard,random-start,12x10,tf:95,tf:96,false,p1,accepted,,829695,829697489108,23
tf_phase7_policy_standard_2026-08-20,standard_12x10_g96_vs_g95.jsonl,standard-random-12x10,standard,random-start,12x10,tf:96,tf:95,true,p2,accepted,,829695,829697489109,24
tf_phase7_policy_standard_2026-08-20,standard_12x10_g96_vs_g95.jsonl,standard-random-12x10,standard,random-start,12x10,tf:95,tf:96,false,p1,accepted,,829695,829697489110,25
tf_phase7_policy_standard_2026-08-20,standard_12x10_g96_vs_g95.jsonl,standard-random-12x10,standard,random-start,12x10,tf:96,tf:95,true,draw,accepted,,829695,829697489111,26
tf_phase7_policy_standard_2026-08-20,standard_12x10_g96_vs_g95.jsonl,standard-random-12x10,standard,random-start,12x10,tf:95,tf:96,false,p2,accepted,,829695,829697489112,27
tf_phase7_policy_standard_2026-08-20,standard_12x10_g96_vs_g95.jsonl,standard-random-12x10,standard,random-start,12x10,tf:96,tf:95,true,p1,accepted,,829695,829697489113,28
tf_phase7_policy_standard_2026-08-20,standard_12x10_g96_vs_g95.jsonl,standard-random-12x10,standard,random-start,12x10,tf:95,tf:96,false,p2,accepted,,829695,829697489114,29
tf_phase7_policy_standard_2026-08-20,standard_12x10_g96_vs_g95.jsonl,standard-random-12x10,standard,random-start,12x10,tf:96,tf:95,true,p1,accepted,,829695,829697489115,30
tf_phase7_policy_standard_2026-08-20,standard_12x10_g96_vs_g95.jsonl,standard-random-12x10,standard,random-start,12x10,tf:95,tf:96,false,p1,accepted,,829695,829697489116,31
tf_phase7_policy_standard_2026-08-20,standard_12x10_g96_vs_g95.jsonl,standard-random-12x10,standard,random-start,12x10,tf:96,tf:95,true,p2,accepted,,829695,829697489117,32
tf_phase7_policy_standard_2026-08-20,standard_12x10_g96_vs_g95.jsonl,standard-random-12x10,standard,random-start,12x10,tf:95,tf:96,false,p2,accepted,,829695,829697489118,33
tf_phase7_policy_standard_2026-08-20,standard_12x10_g96_vs_g95.jsonl,standard-random-12x10,standard,random-start,12x10,tf:96,tf:95,true,p1,accepted,,829695,829697489119,34
tf_phase7_policy_standard_2026-08-20,standard_12x10_g96_vs_g95.jsonl,standard-random-12x10,standard,random-start,12x10,tf:95,tf:96,false,p2,accepted,,829695,829697489120,35
tf_phase7_policy_standard_2026-08-20,standard_12x10_g96_vs_g95.jsonl,standard-random-12x10,standard,random-start,12x10,tf:96,tf:95,true,p1,accepted,,829695,829697489121,36
tf_phase7_policy_standard_2026-08-20,standard_12x10_g96_vs_g95.jsonl,standard-random-12x10,standard,random-start,12x10,tf:95,tf:96,false,p2,accepted,,829695,829697489122,37
tf_phase7_policy_standard_2026-08-20,standard_12x10_g96_vs_g95.jsonl,standard-random-12x10,standard,random-start,12x10,tf:96,tf:95,true,p1,accepted,,829695,829697489123,38
tf_phase7_policy_standard_2026-08-20,standard_12x10_g96_vs_g95.jsonl,standard-random-12x10,standard,random-start,12x10,tf:95,tf:96,false,p1,accepted,,829695,829697489124,39
tf_phase7_policy_standard_2026-08-20,standard_12x10_g97_vs_g93.jsonl,standard-random-12x10,standard,random-start,12x10,tf:97,tf:93,true,p1,accepted,,829793,829795489379,0
tf_phase7_policy_standard_2026-08-20,standard_12x10_g97_vs_g93.jsonl,standard-random-12x10,standard,random-start,12x10,tf:93,tf:97,false,p1,accepted,,829793,829795489380,1
tf_phase7_policy_standard_2026-08-20,standard_12x10_g97_vs_g93.jsonl,standard-random-12x10,standard,random-start,12x10,tf:97,tf:93,true,p2,accepted,,829793,829795489381,2
tf_phase7_policy_standard_2026-08-20,standard_12x10_g97_vs_g93.jsonl,standard-random-12x10,standard,random-start,12x10,tf:93,tf:97,false,p2,accepted,,829793,829795489382,3
tf_phase7_policy_standard_2026-08-20,standard_12x10_g97_vs_g93.jsonl,standard-random-12x10,standard,random-start,12x10,tf:97,tf:93,true,p2,accepted,,829793,829795489383,4
tf_phase7_policy_standard_2026-08-20,standard_12x10_g97_vs_g93.jsonl,standard-random-12x10,standard,random-start,12x10,tf:93,tf:97,false,p2,accepted,,829793,829795489384,5
tf_phase7_policy_standard_2026-08-20,standard_12x10_g97_vs_g93.jsonl,standard-random-12x10,standard,random-start,12x10,tf:97,tf:93,true,p1,accepted,,829793,829795489385,6
tf_phase7_policy_standard_2026-08-20,standard_12x10_g97_vs_g93.jsonl,standard-random-12x10,standard,random-start,12x10,tf:93,tf:97,false,p1,accepted,,829793,829795489386,7
tf_phase7_policy_standard_2026-08-20,standard_12x10_g97_vs_g93.jsonl,standard-random-12x10,standard,random-start,12x10,tf:97,tf:93,true,p2,accepted,,829793,829795489387,8
tf_phase7_policy_standard_2026-08-20,standard_12x10_g97_vs_g93.jsonl,standard-random-12x10,standard,random-start,12x10,tf:93,tf:97,false,p2,accepted,,829793,829795489388,9
tf_phase7_policy_standard_2026-08-20,standard_12x10_g97_vs_g93.jsonl,standard-random-12x10,standard,random-start,12x10,tf:97,tf:93,true,p2,accepted,,829793,829795489389,10
tf_phase7_policy_standard_2026-08-20,standard_12x10_g97_vs_g93.jsonl,standard-random-12x10,standard,random-start,12x10,tf:93,tf:97,false,p2,accepted,,829793,829795489390,11
tf_phase7_policy_standard_2026-08-20,standard_12x10_g97_vs_g93.jsonl,standard-random-12x10,standard,random-start,12x10,tf:97,tf:93,true,p1,accepted,,829793,829795489391,12
tf_phase7_policy_standard_2026-08-20,standard_12x10_g97_vs_g93.jsonl,standard-random-12x10,standard,random-start,12x10,tf:93,tf:97,false,p1,accepted,,829793,829795489392,13
tf_phase7_policy_standard_2026-08-20,standard_12x10_g97_vs_g93.jsonl,standard-random-12x10,standard,random-start,12x10,tf:97,tf:93,true,draw,accepted,,829793,829795489393,14
tf_phase7_policy_standard_2026-08-20,standard_12x10_g97_vs_g93.jsonl,standard-random-12x10,standard,random-start,12x10,tf:93,tf:97,false,draw,accepted,,829793,829795489394,15
tf_phase7_policy_standard_2026-08-20,standard_12x10_g97_vs_g93.jsonl,standard-random-12x10,standard,random-start,12x10,tf:97,tf:93,true,p2,accepted,,829793,829795489395,16
tf_phase7_policy_standard_2026-08-20,standard_12x10_g97_vs_g93.jsonl,standard-random-12x10,standard,random-start,12x10,tf:93,tf:97,false,p1,accepted,,829793,829795489396,17
tf_phase7_policy_standard_2026-08-20,standard_12x10_g97_vs_g93.jsonl,standard-random-12x10,standard,random-start,12x10,tf:97,tf:93,true,p2,accepted,,829793,829795489397,18
tf_phase7_policy_standard_2026-08-20,standard_12x10_g97_vs_g93.jsonl,standard-random-12x10,standard,random-start,12x10,tf:93,tf:97,false,p2,accepted,,829793,829795489398,19
tf_phase7_policy_standard_2026-08-20,standard_12x10_g97_vs_g93.jsonl,standard-random-12x10,standard,random-start,12x10,tf:97,tf:93,true,p1,accepted,,829793,829795489399,20
tf_phase7_policy_standard_2026-08-20,standard_12x10_g97_vs_g93.jsonl,standard-random-12x10,standard,random-start,12x10,tf:93,tf:97,false,p2,accepted,,829793,829795489400,21
tf_phase7_policy_standard_2026-08-20,standard_12x10_g97_vs_g93.jsonl,standard-random-12x10,standard,random-start,12x10,tf:97,tf:93,true,p1,accepted,,829793,829795489401,22
tf_phase7_policy_standard_2026-08-20,standard_12x10_g97_vs_g93.jsonl,standard-random-12x10,standard,random-start,12x10,tf:93,tf:97,false,draw,accepted,,829793,829795489402,23
tf_phase7_policy_standard_2026-08-20,standard_12x10_g97_vs_g93.jsonl,standard-random-12x10,standard,random-start,12x10,tf:97,tf:93,true,p1,accepted,,829793,829795489403,24
tf_phase7_policy_standard_2026-08-20,standard_12x10_g97_vs_g93.jsonl,standard-random-12x10,standard,random-start,12x10,tf:93,tf:97,false,p1,accepted,,829793,829795489404,25
tf_phase7_policy_standard_2026-08-20,standard_12x10_g97_vs_g93.jsonl,standard-random-12x10,standard,random-start,12x10,tf:97,tf:93,true,draw,accepted,,829793,829795489405,26
tf_phase7_policy_standard_2026-08-20,standard_12x10_g97_vs_g93.jsonl,standard-random-12x10,standard,random-start,12x10,tf:93,tf:97,false,p2,accepted,,829793,829795489406,27
tf_phase7_policy_standard_2026-08-20,standard_12x10_g97_vs_g93.jsonl,standard-random-12x10,standard,random-start,12x10,tf:97,tf:93,true,draw,accepted,,829793,829795489407,28
tf_phase7_policy_standard_2026-08-20,standard_12x10_g97_vs_g93.jsonl,standard-random-12x10,standard,random-start,12x10,tf:93,tf:97,false,p2,accepted,,829793,829795489408,29
tf_phase7_policy_standard_2026-08-20,standard_12x10_g97_vs_g93.jsonl,standard-random-12x10,standard,random-start,12x10,tf:97,tf:93,true,p1,accepted,,829793,829795489409,30
tf_phase7_policy_standard_2026-08-20,standard_12x10_g97_vs_g93.jsonl,standard-random-12x10,standard,random-start,12x10,tf:93,tf:97,false,p2,accepted,,829793,829795489410,31
tf_phase7_policy_standard_2026-08-20,standard_12x10_g97_vs_g93.jsonl,standard-random-12x10,standard,random-start,12x10,tf:97,tf:93,true,p2,accepted,,829793,829795489411,32
tf_phase7_policy_standard_2026-08-20,standard_12x10_g97_vs_g93.jsonl,standard-random-12x10,standard,random-start,12x10,tf:93,tf:97,false,p1,accepted,,829793,829795489412,33
tf_phase7_policy_standard_2026-08-20,standard_12x10_g97_vs_g93.jsonl,standard-random-12x10,standard,random-start,12x10,tf:97,tf:93,true,draw,accepted,,829793,829795489413,34
tf_phase7_policy_standard_2026-08-20,standard_12x10_g97_vs_g93.jsonl,standard-random-12x10,standard,random-start,12x10,tf:93,tf:97,false,p2,accepted,,829793,829795489414,35
tf_phase7_policy_standard_2026-08-20,standard_12x10_g97_vs_g93.jsonl,standard-random-12x10,standard,random-start,12x10,tf:97,tf:93,true,draw,accepted,,829793,829795489415,36
tf_phase7_policy_standard_2026-08-20,standard_12x10_g97_vs_g93.jsonl,standard-random-12x10,standard,random-start,12x10,tf:93,tf:97,false,p1,accepted,,829793,829795489416,37
tf_phase7_policy_standard_2026-08-20,standard_12x10_g97_vs_g93.jsonl,standard-random-12x10,standard,random-start,12x10,tf:97,tf:93,true,p1,accepted,,829793,829795489417,38
tf_phase7_policy_standard_2026-08-20,standard_12x10_g97_vs_g93.jsonl,standard-random-12x10,standard,random-start,12x10,tf:93,tf:97,false,p1,accepted,,829793,829795489418,39
tf_phase7_policy_standard_2026-08-20,standard_12x10_g97_vs_g94.jsonl,standard-random-12x10,standard,random-start,12x10,tf:97,tf:94,true,p1,accepted,,829794,829796489382,0
tf_phase7_policy_standard_2026-08-20,standard_12x10_g97_vs_g94.jsonl,standard-random-12x10,standard,random-start,12x10,tf:94,tf:97,false,p1,accepted,,829794,829796489383,1
tf_phase7_policy_standard_2026-08-20,standard_12x10_g97_vs_g94.jsonl,standard-random-12x10,standard,random-start,12x10,tf:97,tf:94,true,p2,accepted,,829794,829796489384,2
tf_phase7_policy_standard_2026-08-20,standard_12x10_g97_vs_g94.jsonl,standard-random-12x10,standard,random-start,12x10,tf:94,tf:97,false,p2,accepted,,829794,829796489385,3
tf_phase7_policy_standard_2026-08-20,standard_12x10_g97_vs_g94.jsonl,standard-random-12x10,standard,random-start,12x10,tf:97,tf:94,true,p2,accepted,,829794,829796489386,4
tf_phase7_policy_standard_2026-08-20,standard_12x10_g97_vs_g94.jsonl,standard-random-12x10,standard,random-start,12x10,tf:94,tf:97,false,p1,accepted,,829794,829796489387,5
tf_phase7_policy_standard_2026-08-20,standard_12x10_g97_vs_g94.jsonl,standard-random-12x10,standard,random-start,12x10,tf:97,tf:94,true,draw,accepted,,829794,829796489388,6
tf_phase7_policy_standard_2026-08-20,standard_12x10_g97_vs_g94.jsonl,standard-random-12x10,standard,random-start,12x10,tf:94,tf:97,false,draw,accepted,,829794,829796489389,7
tf_phase7_policy_standard_2026-08-20,standard_12x10_g97_vs_g94.jsonl,standard-random-12x10,standard,random-start,12x10,tf:97,tf:94,true,p1,accepted,,829794,829796489390,8
tf_phase7_policy_standard_2026-08-20,standard_12x10_g97_vs_g94.jsonl,standard-random-12x10,standard,random-start,12x10,tf:94,tf:97,false,p2,accepted,,829794,829796489391,9
tf_phase7_policy_standard_2026-08-20,standard_12x10_g97_vs_g94.jsonl,standard-random-12x10,standard,random-start,12x10,tf:97,tf:94,true,p1,accepted,,829794,829796489392,10
tf_phase7_policy_standard_2026-08-20,standard_12x10_g97_vs_g94.jsonl,standard-random-12x10,standard,random-start,12x10,tf:94,tf:97,false,p1,accepted,,829794,829796489393,11
tf_phase7_policy_standard_2026-08-20,standard_12x10_g97_vs_g94.jsonl,standard-random-12x10,standard,random-start,12x10,tf:97,tf:94,true,p2,accepted,,829794,829796489394,12
tf_phase7_policy_standard_2026-08-20,standard_12x10_g97_vs_g94.jsonl,standard-random-12x10,standard,random-start,12x10,tf:94,tf:97,false,p1,accepted,,829794,829796489395,13
tf_phase7_policy_standard_2026-08-20,standard_12x10_g97_vs_g94.jsonl,standard-random-12x10,standard,random-start,12x10,tf:97,tf:94,true,p1,accepted,,829794,829796489396,14
tf_phase7_policy_standard_2026-08-20,standard_12x10_g97_vs_g94.jsonl,standard-random-12x10,standard,random-start,12x10,tf:94,tf:97,false,p1,accepted,,829794,829796489397,15
tf_phase7_policy_standard_2026-08-20,standard_12x10_g97_vs_g94.jsonl,standard-random-12x10,standard,random-start,12x10,tf:97,tf:94,true,p2,accepted,,829794,829796489398,16
tf_phase7_policy_standard_2026-08-20,standard_12x10_g97_vs_g94.jsonl,standard-random-12x10,standard,random-start,12x10,tf:94,tf:97,false,p1,accepted,,829794,829796489399,17
tf_phase7_policy_standard_2026-08-20,standard_12x10_g97_vs_g94.jsonl,standard-random-12x10,standard,random-start,12x10,tf:97,tf:94,true,p2,accepted,,829794,829796489400,18
tf_phase7_policy_standard_2026-08-20,standard_12x10_g97_vs_g94.jsonl,standard-random-12x10,standard,random-start,12x10,tf:94,tf:97,false,p1,accepted,,829794,829796489401,19
tf_phase7_policy_standard_2026-08-20,standard_12x10_g97_vs_g94.jsonl,standard-random-12x10,standard,random-start,12x10,tf:97,tf:94,true,draw,accepted,,829794,829796489402,20
tf_phase7_policy_standard_2026-08-20,standard_12x10_g97_vs_g94.jsonl,standard-random-12x10,standard,random-start,12x10,tf:94,tf:97,false,p2,accepted,,829794,829796489403,21
tf_phase7_policy_standard_2026-08-20,standard_12x10_g97_vs_g94.jsonl,standard-random-12x10,standard,random-start,12x10,tf:97,tf:94,true,p1,accepted,,829794,829796489404,22
tf_phase7_policy_standard_2026-08-20,standard_12x10_g97_vs_g94.jsonl,standard-random-12x10,standard,random-start,12x10,tf:94,tf:97,false,p1,accepted,,829794,829796489405,23
tf_phase7_policy_standard_2026-08-20,standard_12x10_g97_vs_g94.jsonl,standard-random-12x10,standard,random-start,12x10,tf:97,tf:94,true,p1,accepted,,829794,829796489406,24
tf_phase7_policy_standard_2026-08-20,standard_12x10_g97_vs_g94.jsonl,standard-random-12x10,standard,random-start,12x10,tf:94,tf:97,false,p2,accepted,,829794,829796489407,25
tf_phase7_policy_standard_2026-08-20,standard_12x10_g97_vs_g94.jsonl,standard-random-12x10,standard,random-start,12x10,tf:97,tf:94,true,p2,accepted,,829794,829796489408,26
tf_phase7_policy_standard_2026-08-20,standard_12x10_g97_vs_g94.jsonl,standard-random-12x10,standard,random-start,12x10,tf:94,tf:97,false,p2,accepted,,829794,829796489409,27
tf_phase7_policy_standard_2026-08-20,standard_12x10_g97_vs_g94.jsonl,standard-random-12x10,standard,random-start,12x10,tf:97,tf:94,true,p2,accepted,,829794,829796489410,28
tf_phase7_policy_standard_2026-08-20,standard_12x10_g97_vs_g94.jsonl,standard-random-12x10,standard,random-start,12x10,tf:94,tf:97,false,p1,accepted,,829794,829796489411,29
tf_phase7_policy_standard_2026-08-20,standard_12x10_g97_vs_g94.jsonl,standard-random-12x10,standard,random-start,12x10,tf:97,tf:94,true,draw,accepted,,829794,829796489412,30
tf_phase7_policy_standard_2026-08-20,standard_12x10_g97_vs_g94.jsonl,standard-random-12x10,standard,random-start,12x10,tf:94,tf:97,false,p2,accepted,,829794,829796489413,31
tf_phase7_policy_standard_2026-08-20,standard_12x10_g97_vs_g94.jsonl,standard-random-12x10,standard,random-start,12x10,tf:97,tf:94,true,p1,accepted,,829794,829796489414,32
tf_phase7_policy_standard_2026-08-20,standard_12x10_g97_vs_g94.jsonl,standard-random-12x10,standard,random-start,12x10,tf:94,tf:97,false,p2,accepted,,829794,829796489415,33
tf_phase7_policy_standard_2026-08-20,standard_12x10_g97_vs_g94.jsonl,standard-random-12x10,standard,random-start,12x10,tf:97,tf:94,true,p1,accepted,,829794,829796489416,34
tf_phase7_policy_standard_2026-08-20,standard_12x10_g97_vs_g94.jsonl,standard-random-12x10,standard,random-start,12x10,tf:94,tf:97,false,p1,accepted,,829794,829796489417,35
tf_phase7_policy_standard_2026-08-20,standard_12x10_g97_vs_g94.jsonl,standard-random-12x10,standard,random-start,12x10,tf:97,tf:94,true,p1,accepted,,829794,829796489418,36
tf_phase7_policy_standard_2026-08-20,standard_12x10_g97_vs_g94.jsonl,standard-random-12x10,standard,random-start,12x10,tf:94,tf:97,false,draw,accepted,,829794,829796489419,37
tf_phase7_policy_standard_2026-08-20,standard_12x10_g97_vs_g94.jsonl,standard-random-12x10,standard,random-start,12x10,tf:97,tf:94,true,p1,accepted,,829794,829796489420,38
tf_phase7_policy_standard_2026-08-20,standard_12x10_g97_vs_g94.jsonl,standard-random-12x10,standard,random-start,12x10,tf:94,tf:97,false,p2,accepted,,829794,829796489421,39
tf_phase7_policy_standard_2026-08-20,standard_12x10_g97_vs_g96.jsonl,standard-random-12x10,standard,random-start,12x10,tf:97,tf:96,true,p2,accepted,,829796,829798489388,0
tf_phase7_policy_standard_2026-08-20,standard_12x10_g97_vs_g96.jsonl,standard-random-12x10,standard,random-start,12x10,tf:96,tf:97,false,p2,accepted,,829796,829798489389,1
tf_phase7_policy_standard_2026-08-20,standard_12x10_g97_vs_g96.jsonl,standard-random-12x10,standard,random-start,12x10,tf:97,tf:96,true,p2,accepted,,829796,829798489390,2
tf_phase7_policy_standard_2026-08-20,standard_12x10_g97_vs_g96.jsonl,standard-random-12x10,standard,random-start,12x10,tf:96,tf:97,false,p1,accepted,,829796,829798489391,3
tf_phase7_policy_standard_2026-08-20,standard_12x10_g97_vs_g96.jsonl,standard-random-12x10,standard,random-start,12x10,tf:97,tf:96,true,p1,accepted,,829796,829798489392,4
tf_phase7_policy_standard_2026-08-20,standard_12x10_g97_vs_g96.jsonl,standard-random-12x10,standard,random-start,12x10,tf:96,tf:97,false,p1,accepted,,829796,829798489393,5
tf_phase7_policy_standard_2026-08-20,standard_12x10_g97_vs_g96.jsonl,standard-random-12x10,standard,random-start,12x10,tf:97,tf:96,true,p1,accepted,,829796,829798489394,6
tf_phase7_policy_standard_2026-08-20,standard_12x10_g97_vs_g96.jsonl,standard-random-12x10,standard,random-start,12x10,tf:96,tf:97,false,p2,accepted,,829796,829798489395,7
tf_phase7_policy_standard_2026-08-20,standard_12x10_g97_vs_g96.jsonl,standard-random-12x10,standard,random-start,12x10,tf:97,tf:96,true,p1,accepted,,829796,829798489396,8
tf_phase7_policy_standard_2026-08-20,standard_12x10_g97_vs_g96.jsonl,standard-random-12x10,standard,random-start,12x10,tf:96,tf:97,false,p2,accepted,,829796,829798489397,9
tf_phase7_policy_standard_2026-08-20,standard_12x10_g97_vs_g96.jsonl,standard-random-12x10,standard,random-start,12x10,tf:97,tf:96,true,p2,accepted,,829796,829798489398,10
tf_phase7_policy_standard_2026-08-20,standard_12x10_g97_vs_g96.jsonl,standard-random-12x10,standard,random-start,12x10,tf:96,tf:97,false,p1,accepted,,829796,829798489399,11
tf_phase7_policy_standard_2026-08-20,standard_12x10_g97_vs_g96.jsonl,standard-random-12x10,standard,random-start,12x10,tf:97,tf:96,true,p1,accepted,,829796,829798489400,12
tf_phase7_policy_standard_2026-08-20,standard_12x10_g97_vs_g96.jsonl,standard-random-12x10,standard,random-start,12x10,tf:96,tf:97,false,draw,accepted,,829796,829798489401,13
tf_phase7_policy_standard_2026-08-20,standard_12x10_g97_vs_g96.jsonl,standard-random-12x10,standard,random-start,12x10,tf:97,tf:96,true,p1,accepted,,829796,829798489402,14
tf_phase7_policy_standard_2026-08-20,standard_12x10_g97_vs_g96.jsonl,standard-random-12x10,standard,random-start,12x10,tf:96,tf:97,false,p2,accepted,,829796,829798489403,15
tf_phase7_policy_standard_2026-08-20,standard_12x10_g97_vs_g96.jsonl,standard-random-12x10,standard,random-start,12x10,tf:97,tf:96,true,p1,accepted,,829796,829798489404,16
tf_phase7_policy_standard_2026-08-20,standard_12x10_g97_vs_g96.jsonl,standard-random-12x10,standard,random-start,12x10,tf:96,tf:97,false,p2,accepted,,829796,829798489405,17
tf_phase7_policy_standard_2026-08-20,standard_12x10_g97_vs_g96.jsonl,standard-random-12x10,standard,random-start,12x10,tf:97,tf:96,true,p1,accepted,,829796,829798489406,18
tf_phase7_policy_standard_2026-08-20,standard_12x10_g97_vs_g96.jsonl,standard-random-12x10,standard,random-start,12x10,tf:96,tf:97,false,p2,accepted,,829796,829798489407,19
tf_phase7_policy_standard_2026-08-20,standard_12x10_g97_vs_g96.jsonl,standard-random-12x10,standard,random-start,12x10,tf:97,tf:96,true,draw,accepted,,829796,829798489408,20
tf_phase7_policy_standard_2026-08-20,standard_12x10_g97_vs_g96.jsonl,standard-random-12x10,standard,random-start,12x10,tf:96,tf:97,false,p1,accepted,,829796,829798489409,21
tf_phase7_policy_standard_2026-08-20,standard_12x10_g97_vs_g96.jsonl,standard-random-12x10,standard,random-start,12x10,tf:97,tf:96,true,p1,accepted,,829796,829798489410,22
tf_phase7_policy_standard_2026-08-20,standard_12x10_g97_vs_g96.jsonl,standard-random-12x10,standard,random-start,12x10,tf:96,tf:97,false,p1,accepted,,829796,829798489411,23
tf_phase7_policy_standard_2026-08-20,standard_12x10_g97_vs_g96.jsonl,standard-random-12x10,standard,random-start,12x10,tf:97,tf:96,true,p1,accepted,,829796,829798489412,24
tf_phase7_policy_standard_2026-08-20,standard_12x10_g97_vs_g96.jsonl,standard-random-12x10,standard,random-start,12x10,tf:96,tf:97,false,draw,accepted,,829796,829798489413,25
tf_phase7_policy_standard_2026-08-20,standard_12x10_g97_vs_g96.jsonl,standard-random-12x10,standard,random-start,12x10,tf:97,tf:96,true,p1,accepted,,829796,829798489414,26
tf_phase7_policy_standard_2026-08-20,standard_12x10_g97_vs_g96.jsonl,standard-random-12x10,standard,random-start,12x10,tf:96,tf:97,false,p2,accepted,,829796,829798489415,27
tf_phase7_policy_standard_2026-08-20,standard_12x10_g97_vs_g96.jsonl,standard-random-12x10,standard,random-start,12x10,tf:97,tf:96,true,p2,accepted,,829796,829798489416,28
tf_phase7_policy_standard_2026-08-20,standard_12x10_g97_vs_g96.jsonl,standard-random-12x10,standard,random-start,12x10,tf:96,tf:97,false,p2,accepted,,829796,829798489417,29
tf_phase7_policy_standard_2026-08-20,standard_12x10_g97_vs_g96.jsonl,standard-random-12x10,standard,random-start,12x10,tf:97,tf:96,true,p1,accepted,,829796,829798489418,30
tf_phase7_policy_standard_2026-08-20,standard_12x10_g97_vs_g96.jsonl,standard-random-12x10,standard,random-start,12x10,tf:96,tf:97,false,draw,accepted,,829796,829798489419,31
tf_phase7_policy_standard_2026-08-20,standard_12x10_g97_vs_g96.jsonl,standard-random-12x10,standard,random-start,12x10,tf:97,tf:96,true,p1,accepted,,829796,829798489420,32
tf_phase7_policy_standard_2026-08-20,standard_12x10_g97_vs_g96.jsonl,standard-random-12x10,standard,random-start,12x10,tf:96,tf:97,false,p1,accepted,,829796,829798489421,33
tf_phase7_policy_standard_2026-08-20,standard_12x10_g97_vs_g96.jsonl,standard-random-12x10,standard,random-start,12x10,tf:97,tf:96,true,p1,accepted,,829796,829798489422,34
tf_phase7_policy_standard_2026-08-20,standard_12x10_g97_vs_g96.jsonl,standard-random-12x10,standard,random-start,12x10,tf:96,tf:97,false,p2,accepted,,829796,829798489423,35
tf_phase7_policy_standard_2026-08-20,standard_12x10_g97_vs_g96.jsonl,standard-random-12x10,standard,random-start,12x10,tf:97,tf:96,true,p2,accepted,,829796,829798489424,36
tf_phase7_policy_standard_2026-08-20,standard_12x10_g97_vs_g96.jsonl,standard-random-12x10,standard,random-start,12x10,tf:96,tf:97,false,p1,accepted,,829796,829798489425,37
tf_phase7_policy_standard_2026-08-20,standard_12x10_g97_vs_g96.jsonl,standard-random-12x10,standard,random-start,12x10,tf:97,tf:96,true,p1,accepted,,829796,829798489426,38
tf_phase7_policy_standard_2026-08-20,standard_12x10_g97_vs_g96.jsonl,standard-random-12x10,standard,random-start,12x10,tf:96,tf:97,false,p2,accepted,,829796,829798489427,39
tf_phase7_policy_standard_2026-08-20,standard_12x10_g98_vs_g93.jsonl,standard-random-12x10,standard,random-start,12x10,tf:98,tf:93,true,p2,accepted,,829893,829895489679,0
tf_phase7_policy_standard_2026-08-20,standard_12x10_g98_vs_g93.jsonl,standard-random-12x10,standard,random-start,12x10,tf:93,tf:98,false,p1,accepted,,829893,829895489680,1
tf_phase7_policy_standard_2026-08-20,standard_12x10_g98_vs_g93.jsonl,standard-random-12x10,standard,random-start,12x10,tf:98,tf:93,true,p1,accepted,,829893,829895489681,2
tf_phase7_policy_standard_2026-08-20,standard_12x10_g98_vs_g93.jsonl,standard-random-12x10,standard,random-start,12x10,tf:93,tf:98,false,p1,accepted,,829893,829895489682,3
tf_phase7_policy_standard_2026-08-20,standard_12x10_g98_vs_g93.jsonl,standard-random-12x10,standard,random-start,12x10,tf:98,tf:93,true,p2,accepted,,829893,829895489683,4
tf_phase7_policy_standard_2026-08-20,standard_12x10_g98_vs_g93.jsonl,standard-random-12x10,standard,random-start,12x10,tf:93,tf:98,false,p1,accepted,,829893,829895489684,5
tf_phase7_policy_standard_2026-08-20,standard_12x10_g98_vs_g93.jsonl,standard-random-12x10,standard,random-start,12x10,tf:98,tf:93,true,p1,accepted,,829893,829895489685,6
tf_phase7_policy_standard_2026-08-20,standard_12x10_g98_vs_g93.jsonl,standard-random-12x10,standard,random-start,12x10,tf:93,tf:98,false,draw,accepted,,829893,829895489686,7
tf_phase7_policy_standard_2026-08-20,standard_12x10_g98_vs_g93.jsonl,standard-random-12x10,standard,random-start,12x10,tf:98,tf:93,true,p2,accepted,,829893,829895489687,8
tf_phase7_policy_standard_2026-08-20,standard_12x10_g98_vs_g93.jsonl,standard-random-12x10,standard,random-start,12x10,tf:93,tf:98,false,draw,accepted,,829893,829895489688,9
tf_phase7_policy_standard_2026-08-20,standard_12x10_g98_vs_g93.jsonl,standard-random-12x10,standard,random-start,12x10,tf:98,tf:93,true,p2,accepted,,829893,829895489689,10
tf_phase7_policy_standard_2026-08-20,standard_12x10_g98_vs_g93.jsonl,standard-random-12x10,standard,random-start,12x10,tf:93,tf:98,false,p2,accepted,,829893,829895489690,11
tf_phase7_policy_standard_2026-08-20,standard_12x10_g98_vs_g93.jsonl,standard-random-12x10,standard,random-start,12x10,tf:98,tf:93,true,p1,accepted,,829893,829895489691,12
tf_phase7_policy_standard_2026-08-20,standard_12x10_g98_vs_g93.jsonl,standard-random-12x10,standard,random-start,12x10,tf:93,tf:98,false,p2,accepted,,829893,829895489692,13
tf_phase7_policy_standard_2026-08-20,standard_12x10_g98_vs_g93.jsonl,standard-random-12x10,standard,random-start,12x10,tf:98,tf:93,true,p2,accepted,,829893,829895489693,14
tf_phase7_policy_standard_2026-08-20,standard_12x10_g98_vs_g93.jsonl,standard-random-12x10,standard,random-start,12x10,tf:93,tf:98,false,p1,accepted,,829893,829895489694,15
tf_phase7_policy_standard_2026-08-20,standard_12x10_g98_vs_g93.jsonl,standard-random-12x10,standard,random-start,12x10,tf:98,tf:93,true,p2,accepted,,829893,829895489695,16
tf_phase7_policy_standard_2026-08-20,standard_12x10_g98_vs_g93.jsonl,standard-random-12x10,standard,random-start,12x10,tf:93,tf:98,false,p1,accepted,,829893,829895489696,17
tf_phase7_policy_standard_2026-08-20,standard_12x10_g98_vs_g93.jsonl,standard-random-12x10,standard,random-start,12x10,tf:98,tf:93,true,p2,accepted,,829893,829895489697,18
tf_phase7_policy_standard_2026-08-20,standard_12x10_g98_vs_g93.jsonl,standard-random-12x10,standard,random-start,12x10,tf:93,tf:98,false,p1,accepted,,829893,829895489698,19
tf_phase7_policy_standard_2026-08-20,standard_12x10_g98_vs_g93.jsonl,standard-random-12x10,standard,random-start,12x10,tf:98,tf:93,true,p1,accepted,,829893,829895489699,20
tf_phase7_policy_standard_2026-08-20,standard_12x10_g98_vs_g93.jsonl,standard-random-12x10,standard,random-start,12x10,tf:93,tf:98,false,p1,accepted,,829893,829895489700,21
tf_phase7_policy_standard_2026-08-20,standard_12x10_g98_vs_g93.jsonl,standard-random-12x10,standard,random-start,12x10,tf:98,tf:93,true,p1,accepted,,829893,829895489701,22
tf_phase7_policy_standard_2026-08-20,standard_12x10_g98_vs_g93.jsonl,standard-random-12x10,standard,random-start,12x10,tf:93,tf:98,false,p2,accepted,,829893,829895489702,23
tf_phase7_policy_standard_2026-08-20,standard_12x10_g98_vs_g93.jsonl,standard-random-12x10,standard,random-start,12x10,tf:98,tf:93,true,p2,accepted,,829893,829895489703,24
tf_phase7_policy_standard_2026-08-20,standard_12x10_g98_vs_g93.jsonl,standard-random-12x10,standard,random-start,12x10,tf:93,tf:98,false,p1,accepted,,829893,829895489704,25
tf_phase7_policy_standard_2026-08-20,standard_12x10_g98_vs_g93.jsonl,standard-random-12x10,standard,random-start,12x10,tf:98,tf:93,true,p2,accepted,,829893,829895489705,26
tf_phase7_policy_standard_2026-08-20,standard_12x10_g98_vs_g93.jsonl,standard-random-12x10,standard,random-start,12x10,tf:93,tf:98,false,p2,accepted,,829893,829895489706,27
tf_phase7_policy_standard_2026-08-20,standard_12x10_g98_vs_g93.jsonl,standard-random-12x10,standard,random-start,12x10,tf:98,tf:93,true,p1,accepted,,829893,829895489707,28
tf_phase7_policy_standard_2026-08-20,standard_12x10_g98_vs_g93.jsonl,standard-random-12x10,standard,random-start,12x10,tf:93,tf:98,false,p1,accepted,,829893,829895489708,29
tf_phase7_policy_standard_2026-08-20,standard_12x10_g98_vs_g93.jsonl,standard-random-12x10,standard,random-start,12x10,tf:98,tf:93,true,p2,accepted,,829893,829895489709,30
tf_phase7_policy_standard_2026-08-20,standard_12x10_g98_vs_g93.jsonl,standard-random-12x10,standard,random-start,12x10,tf:93,tf:98,false,p2,accepted,,829893,829895489710,31
tf_phase7_policy_standard_2026-08-20,standard_12x10_g98_vs_g93.jsonl,standard-random-12x10,standard,random-start,12x10,tf:98,tf:93,true,p2,accepted,,829893,829895489711,32
tf_phase7_policy_standard_2026-08-20,standard_12x10_g98_vs_g93.jsonl,standard-random-12x10,standard,random-start,12x10,tf:93,tf:98,false,p2,accepted,,829893,829895489712,33
tf_phase7_policy_standard_2026-08-20,standard_12x10_g98_vs_g93.jsonl,standard-random-12x10,standard,random-start,12x10,tf:98,tf:93,true,p2,accepted,,829893,829895489713,34
tf_phase7_policy_standard_2026-08-20,standard_12x10_g98_vs_g93.jsonl,standard-random-12x10,standard,random-start,12x10,tf:93,tf:98,false,p1,accepted,,829893,829895489714,35
tf_phase7_policy_standard_2026-08-20,standard_12x10_g98_vs_g93.jsonl,standard-random-12x10,standard,random-start,12x10,tf:98,tf:93,true,p1,accepted,,829893,829895489715,36
tf_phase7_policy_standard_2026-08-20,standard_12x10_g98_vs_g93.jsonl,standard-random-12x10,standard,random-start,12x10,tf:93,tf:98,false,p1,accepted,,829893,829895489716,37
tf_phase7_policy_standard_2026-08-20,standard_12x10_g98_vs_g93.jsonl,standard-random-12x10,standard,random-start,12x10,tf:98,tf:93,true,p1,accepted,,829893,829895489717,38
tf_phase7_policy_standard_2026-08-20,standard_12x10_g98_vs_g93.jsonl,standard-random-12x10,standard,random-start,12x10,tf:93,tf:98,false,p1,accepted,,829893,829895489718,39
tf_phase7_policy_standard_2026-08-20,standard_12x10_g98_vs_g95.jsonl,standard-random-12x10,standard,random-start,12x10,tf:98,tf:95,true,draw,accepted,,829895,829897489685,0
tf_phase7_policy_standard_2026-08-20,standard_12x10_g98_vs_g95.jsonl,standard-random-12x10,standard,random-start,12x10,tf:95,tf:98,false,p1,accepted,,829895,829897489686,1
tf_phase7_policy_standard_2026-08-20,standard_12x10_g98_vs_g95.jsonl,standard-random-12x10,standard,random-start,12x10,tf:98,tf:95,true,draw,accepted,,829895,829897489687,2
tf_phase7_policy_standard_2026-08-20,standard_12x10_g98_vs_g95.jsonl,standard-random-12x10,standard,random-start,12x10,tf:95,tf:98,false,p1,accepted,,829895,829897489688,3
tf_phase7_policy_standard_2026-08-20,standard_12x10_g98_vs_g95.jsonl,standard-random-12x10,standard,random-start,12x10,tf:98,tf:95,true,p1,accepted,,829895,829897489689,4
tf_phase7_policy_standard_2026-08-20,standard_12x10_g98_vs_g95.jsonl,standard-random-12x10,standard,random-start,12x10,tf:95,tf:98,false,p2,accepted,,829895,829897489690,5
tf_phase7_policy_standard_2026-08-20,standard_12x10_g98_vs_g95.jsonl,standard-random-12x10,standard,random-start,12x10,tf:98,tf:95,true,p1,accepted,,829895,829897489691,6
tf_phase7_policy_standard_2026-08-20,standard_12x10_g98_vs_g95.jsonl,standard-random-12x10,standard,random-start,12x10,tf:95,tf:98,false,p1,accepted,,829895,829897489692,7
tf_phase7_policy_standard_2026-08-20,standard_12x10_g98_vs_g95.jsonl,standard-random-12x10,standard,random-start,12x10,tf:98,tf:95,true,p2,accepted,,829895,829897489693,8
tf_phase7_policy_standard_2026-08-20,standard_12x10_g98_vs_g95.jsonl,standard-random-12x10,standard,random-start,12x10,tf:95,tf:98,false,p2,accepted,,829895,829897489694,9
tf_phase7_policy_standard_2026-08-20,standard_12x10_g98_vs_g95.jsonl,standard-random-12x10,standard,random-start,12x10,tf:98,tf:95,true,draw,accepted,,829895,829897489695,10
tf_phase7_policy_standard_2026-08-20,standard_12x10_g98_vs_g95.jsonl,standard-random-12x10,standard,random-start,12x10,tf:95,tf:98,false,draw,accepted,,829895,829897489696,11
tf_phase7_policy_standard_2026-08-20,standard_12x10_g98_vs_g95.jsonl,standard-random-12x10,standard,random-start,12x10,tf:98,tf:95,true,draw,accepted,,829895,829897489697,12
tf_phase7_policy_standard_2026-08-20,standard_12x10_g98_vs_g95.jsonl,standard-random-12x10,standard,random-start,12x10,tf:95,tf:98,false,p1,accepted,,829895,829897489698,13
tf_phase7_policy_standard_2026-08-20,standard_12x10_g98_vs_g95.jsonl,standard-random-12x10,standard,random-start,12x10,tf:98,tf:95,true,p1,accepted,,829895,829897489699,14
tf_phase7_policy_standard_2026-08-20,standard_12x10_g98_vs_g95.jsonl,standard-random-12x10,standard,random-start,12x10,tf:95,tf:98,false,p2,accepted,,829895,829897489700,15
tf_phase7_policy_standard_2026-08-20,standard_12x10_g98_vs_g95.jsonl,standard-random-12x10,standard,random-start,12x10,tf:98,tf:95,true,p2,accepted,,829895,829897489701,16
tf_phase7_policy_standard_2026-08-20,standard_12x10_g98_vs_g95.jsonl,standard-random-12x10,standard,random-start,12x10,tf:95,tf:98,false,p1,accepted,,829895,829897489702,17
tf_phase7_policy_standard_2026-08-20,standard_12x10_g98_vs_g95.jsonl,standard-random-12x10,standard,random-start,12x10,tf:98,tf:95,true,p2,accepted,,829895,829897489703,18
tf_phase7_policy_standard_2026-08-20,standard_12x10_g98_vs_g95.jsonl,standard-random-12x10,standard,random-start,12x10,tf:95,tf:98,false,p1,accepted,,829895,829897489704,19
tf_phase7_policy_standard_2026-08-20,standard_12x10_g98_vs_g95.jsonl,standard-random-12x10,standard,random-start,12x10,tf:98,tf:95,true,p2,accepted,,829895,829897489705,20
tf_phase7_policy_standard_2026-08-20,standard_12x10_g98_vs_g95.jsonl,standard-random-12x10,standard,random-start,12x10,tf:95,tf:98,false,p2,accepted,,829895,829897489706,21
tf_phase7_policy_standard_2026-08-20,standard_12x10_g98_vs_g95.jsonl,standard-random-12x10,standard,random-start,12x10,tf:98,tf:95,true,p1,accepted,,829895,829897489707,22
tf_phase7_policy_standard_2026-08-20,standard_12x10_g98_vs_g95.jsonl,standard-random-12x10,standard,random-start,12x10,tf:95,tf:98,false,p1,accepted,,829895,829897489708,23
tf_phase7_policy_standard_2026-08-20,standard_12x10_g98_vs_g95.jsonl,standard-random-12x10,standard,random-start,12x10,tf:98,tf:95,true,draw,accepted,,829895,829897489709,24
tf_phase7_policy_standard_2026-08-20,standard_12x10_g98_vs_g95.jsonl,standard-random-12x10,standard,random-start,12x10,tf:95,tf:98,false,p1,accepted,,829895,829897489710,25
tf_phase7_policy_standard_2026-08-20,standard_12x10_g98_vs_g95.jsonl,standard-random-12x10,standard,random-start,12x10,tf:98,tf:95,true,p1,accepted,,829895,829897489711,26
tf_phase7_policy_standard_2026-08-20,standard_12x10_g98_vs_g95.jsonl,standard-random-12x10,standard,random-start,12x10,tf:95,tf:98,false,p2,accepted,,829895,829897489712,27
tf_phase7_policy_standard_2026-08-20,standard_12x10_g98_vs_g95.jsonl,standard-random-12x10,standard,random-start,12x10,tf:98,tf:95,true,p2,accepted,,829895,829897489713,28
tf_phase7_policy_standard_2026-08-20,standard_12x10_g98_vs_g95.jsonl,standard-random-12x10,standard,random-start,12x10,tf:95,tf:98,false,p1,accepted,,829895,829897489714,29
tf_phase7_policy_standard_2026-08-20,standard_12x10_g98_vs_g95.jsonl,standard-random-12x10,standard,random-start,12x10,tf:98,tf:95,true,p2,accepted,,829895,829897489715,30
tf_phase7_policy_standard_2026-08-20,standard_12x10_g98_vs_g95.jsonl,standard-random-12x10,standard,random-start,12x10,tf:95,tf:98,false,p1,accepted,,829895,829897489716,31
tf_phase7_policy_standard_2026-08-20,standard_12x10_g98_vs_g95.jsonl,standard-random-12x10,standard,random-start,12x10,tf:98,tf:95,true,p2,accepted,,829895,829897489717,32
tf_phase7_policy_standard_2026-08-20,standard_12x10_g98_vs_g95.jsonl,standard-random-12x10,standard,random-start,12x10,tf:95,tf:98,false,p1,accepted,,829895,829897489718,33
tf_phase7_policy_standard_2026-08-20,standard_12x10_g98_vs_g95.jsonl,standard-random-12x10,standard,random-start,12x10,tf:98,tf:95,true,p2,accepted,,829895,829897489719,34
tf_phase7_policy_standard_2026-08-20,standard_12x10_g98_vs_g95.jsonl,standard-random-12x10,standard,random-start,12x10,tf:95,tf:98,false,p1,accepted,,829895,829897489720,35
tf_phase7_policy_standard_2026-08-20,standard_12x10_g98_vs_g95.jsonl,standard-random-12x10,standard,random-start,12x10,tf:98,tf:95,true,p2,accepted,,829895,829897489721,36
tf_phase7_policy_standard_2026-08-20,standard_12x10_g98_vs_g95.jsonl,standard-random-12x10,standard,random-start,12x10,tf:95,tf:98,false,p2,accepted,,829895,829897489722,37
tf_phase7_policy_standard_2026-08-20,standard_12x10_g98_vs_g95.jsonl,standard-random-12x10,standard,random-start,12x10,tf:98,tf:95,true,p1,accepted,,829895,829897489723,38
tf_phase7_policy_standard_2026-08-20,standard_12x10_g98_vs_g95.jsonl,standard-random-12x10,standard,random-start,12x10,tf:95,tf:98,false,p2,accepted,,829895,829897489724,39
tf_phase7_policy_standard_2026-08-20,standard_12x10_g98_vs_g97.jsonl,standard-random-12x10,standard,random-start,12x10,tf:98,tf:97,true,p2,accepted,,829897,829899489691,0
tf_phase7_policy_standard_2026-08-20,standard_12x10_g98_vs_g97.jsonl,standard-random-12x10,standard,random-start,12x10,tf:97,tf:98,false,p1,accepted,,829897,829899489692,1
tf_phase7_policy_standard_2026-08-20,standard_12x10_g98_vs_g97.jsonl,standard-random-12x10,standard,random-start,12x10,tf:98,tf:97,true,draw,accepted,,829897,829899489693,2
tf_phase7_policy_standard_2026-08-20,standard_12x10_g98_vs_g97.jsonl,standard-random-12x10,standard,random-start,12x10,tf:97,tf:98,false,p1,accepted,,829897,829899489694,3
tf_phase7_policy_standard_2026-08-20,standard_12x10_g98_vs_g97.jsonl,standard-random-12x10,standard,random-start,12x10,tf:98,tf:97,true,p2,accepted,,829897,829899489695,4
tf_phase7_policy_standard_2026-08-20,standard_12x10_g98_vs_g97.jsonl,standard-random-12x10,standard,random-start,12x10,tf:97,tf:98,false,p1,accepted,,829897,829899489696,5
tf_phase7_policy_standard_2026-08-20,standard_12x10_g98_vs_g97.jsonl,standard-random-12x10,standard,random-start,12x10,tf:98,tf:97,true,p1,accepted,,829897,829899489697,6
tf_phase7_policy_standard_2026-08-20,standard_12x10_g98_vs_g97.jsonl,standard-random-12x10,standard,random-start,12x10,tf:97,tf:98,false,p2,accepted,,829897,829899489698,7
tf_phase7_policy_standard_2026-08-20,standard_12x10_g98_vs_g97.jsonl,standard-random-12x10,standard,random-start,12x10,tf:98,tf:97,true,p1,accepted,,829897,829899489699,8
tf_phase7_policy_standard_2026-08-20,standard_12x10_g98_vs_g97.jsonl,standard-random-12x10,standard,random-start,12x10,tf:97,tf:98,false,draw,accepted,,829897,829899489700,9
tf_phase7_policy_standard_2026-08-20,standard_12x10_g98_vs_g97.jsonl,standard-random-12x10,standard,random-start,12x10,tf:98,tf:97,true,p1,accepted,,829897,829899489701,10
tf_phase7_policy_standard_2026-08-20,standard_12x10_g98_vs_g97.jsonl,standard-random-12x10,standard,random-start,12x10,tf:97,tf:98,false,p2,accepted,,829897,829899489702,11
tf_phase7_policy_standard_2026-08-20,standard_12x10_g98_vs_g97.jsonl,standard-random-12x10,standard,random-start,12x10,tf:98,tf:97,true,p2,accepted,,829897,829899489703,12
tf_phase7_policy_standard_2026-08-20,standard_12x10_g98_vs_g97.jsonl,standard-random-12x10,standard,random-start,12x10,tf:97,tf:98,false,p1,accepted,,829897,829899489704,13
tf_phase7_policy_standard_2026-08-20,standard_12x10_g98_vs_g97.jsonl,standard-random-12x10,standard,random-start,12x10,tf:98,tf:97,true,p2,accepted,,829897,829899489705,14
tf_phase7_policy_standard_2026-08-20,standard_12x10_g98_vs_g97.jsonl,standard-random-12x10,standard,random-start,12x10,tf:97,tf:98,false,p1,accepted,,829897,829899489706,15
tf_phase7_policy_standard_2026-08-20,standard_12x10_g98_vs_g97.jsonl,standard-random-12x10,standard,random-start,12x10,tf:98,tf:97,true,p2,accepted,,829897,829899489707,16
tf_phase7_policy_standard_2026-08-20,standard_12x10_g98_vs_g97.jsonl,standard-random-12x10,standard,random-start,12x10,tf:97,tf:98,false,p1,accepted,,829897,829899489708,17
tf_phase7_policy_standard_2026-08-20,standard_12x10_g98_vs_g97.jsonl,standard-random-12x10,standard,random-start,12x10,tf:98,tf:97,true,p2,accepted,,829897,829899489709,18
tf_phase7_policy_standard_2026-08-20,standard_12x10_g98_vs_g97.jsonl,standard-random-12x10,standard,random-start,12x10,tf:97,tf:98,false,draw,accepted,,829897,829899489710,19
tf_phase7_policy_standard_2026-08-20,standard_12x10_g98_vs_g97.jsonl,standard-random-12x10,standard,random-start,12x10,tf:98,tf:97,true,p1,accepted,,829897,829899489711,20
tf_phase7_policy_standard_2026-08-20,standard_12x10_g98_vs_g97.jsonl,standard-random-12x10,standard,random-start,12x10,tf:97,tf:98,false,p2,accepted,,829897,829899489712,21
tf_phase7_policy_standard_2026-08-20,standard_12x10_g98_vs_g97.jsonl,standard-random-12x10,standard,random-start,12x10,tf:98,tf:97,true,p2,accepted,,829897,829899489713,22
tf_phase7_policy_standard_2026-08-20,standard_12x10_g98_vs_g97.jsonl,standard-random-12x10,standard,random-start,12x10,tf:97,tf:98,false,p1,accepted,,829897,829899489714,23
tf_phase7_policy_standard_2026-08-20,standard_12x10_g98_vs_g97.jsonl,standard-random-12x10,standard,random-start,12x10,tf:98,tf:97,true,p1,accepted,,829897,829899489715,24
tf_phase7_policy_standard_2026-08-20,standard_12x10_g98_vs_g97.jsonl,standard-random-12x10,standard,random-start,12x10,tf:97,tf:98,false,p2,accepted,,829897,829899489716,25
tf_phase7_policy_standard_2026-08-20,standard_12x10_g98_vs_g97.jsonl,standard-random-12x10,standard,random-start,12x10,tf:98,tf:97,true,p1,accepted,,829897,829899489717,26
tf_phase7_policy_standard_2026-08-20,standard_12x10_g98_vs_g97.jsonl,standard-random-12x10,standard,random-start,12x10,tf:97,tf:98,false,p1,accepted,,829897,829899489718,27
tf_phase7_policy_standard_2026-08-20,standard_12x10_g98_vs_g97.jsonl,standard-random-12x10,standard,random-start,12x10,tf:98,tf:97,true,p1,accepted,,829897,829899489719,28
tf_phase7_policy_standard_2026-08-20,standard_12x10_g98_vs_g97.jsonl,standard-random-12x10,standard,random-start,12x10,tf:97,tf:98,false,p1,accepted,,829897,829899489720,29
tf_phase7_policy_standard_2026-08-20,standard_12x10_g98_vs_g97.jsonl,standard-random-12x10,standard,random-start,12x10,tf:98,tf:97,true,p2,accepted,,829897,829899489721,30
tf_phase7_policy_standard_2026-08-20,standard_12x10_g98_vs_g97.jsonl,standard-random-12x10,standard,random-start,12x10,tf:97,tf:98,false,p2,accepted,,829897,829899489722,31
tf_phase7_policy_standard_2026-08-20,standard_12x10_g98_vs_g97.jsonl,standard-random-12x10,standard,random-start,12x10,tf:98,tf:97,true,p1,accepted,,829897,829899489723,32
tf_phase7_policy_standard_2026-08-20,standard_12x10_g98_vs_g97.jsonl,standard-random-12x10,standard,random-start,12x10,tf:97,tf:98,false,p1,accepted,,829897,829899489724,33
tf_phase7_policy_standard_2026-08-20,standard_12x10_g98_vs_g97.jsonl,standard-random-12x10,standard,random-start,12x10,tf:98,tf:97,true,p1,accepted,,829897,829899489725,34
tf_phase7_policy_standard_2026-08-20,standard_12x10_g98_vs_g97.jsonl,standard-random-12x10,standard,random-start,12x10,tf:97,tf:98,false,p2,accepted,,829897,829899489726,35
tf_phase7_policy_standard_2026-08-20,standard_12x10_g98_vs_g97.jsonl,standard-random-12x10,standard,random-start,12x10,tf:98,tf:97,true,draw,accepted,,829897,829899489727,36
tf_phase7_policy_standard_2026-08-20,standard_12x10_g98_vs_g97.jsonl,standard-random-12x10,standard,random-start,12x10,tf:97,tf:98,false,p1,accepted,,829897,829899489728,37
tf_phase7_policy_standard_2026-08-20,standard_12x10_g98_vs_g97.jsonl,standard-random-12x10,standard,random-start,12x10,tf:98,tf:97,true,p2,accepted,,829897,829899489729,38
tf_phase7_policy_standard_2026-08-20,standard_12x10_g98_vs_g97.jsonl,standard-random-12x10,standard,random-start,12x10,tf:97,tf:98,false,p1,accepted,,829897,829899489730,39
tf_phase7_policy_standard_2026-08-20,standard_12x10_g99_vs_g93.jsonl,standard-random-12x10,standard,random-start,12x10,tf:99,tf:93,true,p2,accepted,,829993,829995489979,0
tf_phase7_policy_standard_2026-08-20,standard_12x10_g99_vs_g93.jsonl,standard-random-12x10,standard,random-start,12x10,tf:93,tf:99,false,p2,accepted,,829993,829995489980,1
tf_phase7_policy_standard_2026-08-20,standard_12x10_g99_vs_g93.jsonl,standard-random-12x10,standard,random-start,12x10,tf:99,tf:93,true,p2,accepted,,829993,829995489981,2
tf_phase7_policy_standard_2026-08-20,standard_12x10_g99_vs_g93.jsonl,standard-random-12x10,standard,random-start,12x10,tf:93,tf:99,false,p1,accepted,,829993,829995489982,3
tf_phase7_policy_standard_2026-08-20,standard_12x10_g99_vs_g93.jsonl,standard-random-12x10,standard,random-start,12x10,tf:99,tf:93,true,p2,accepted,,829993,829995489983,4
tf_phase7_policy_standard_2026-08-20,standard_12x10_g99_vs_g93.jsonl,standard-random-12x10,standard,random-start,12x10,tf:93,tf:99,false,p1,accepted,,829993,829995489984,5
tf_phase7_policy_standard_2026-08-20,standard_12x10_g99_vs_g93.jsonl,standard-random-12x10,standard,random-start,12x10,tf:99,tf:93,true,p2,accepted,,829993,829995489985,6
tf_phase7_policy_standard_2026-08-20,standard_12x10_g99_vs_g93.jsonl,standard-random-12x10,standard,random-start,12x10,tf:93,tf:99,false,draw,accepted,,829993,829995489986,7
tf_phase7_policy_standard_2026-08-20,standard_12x10_g99_vs_g93.jsonl,standard-random-12x10,standard,random-start,12x10,tf:99,tf:93,true,draw,accepted,,829993,829995489987,8
tf_phase7_policy_standard_2026-08-20,standard_12x10_g99_vs_g93.jsonl,standard-random-12x10,standard,random-start,12x10,tf:93,tf:99,false,p1,accepted,,829993,829995489988,9
tf_phase7_policy_standard_2026-08-20,standard_12x10_g99_vs_g93.jsonl,standard-random-12x10,standard,random-start,12x10,tf:99,tf:93,true,p2,accepted,,829993,829995489989,10
tf_phase7_policy_standard_2026-08-20,standard_12x10_g99_vs_g93.jsonl,standard-random-12x10,standard,random-start,12x10,tf:93,tf:99,false,p1,accepted,,829993,829995489990,11
tf_phase7_policy_standard_2026-08-20,standard_12x10_g99_vs_g93.jsonl,standard-random-12x10,standard,random-start,12x10,tf:99,tf:93,true,p2,accepted,,829993,829995489991,12
tf_phase7_policy_standard_2026-08-20,standard_12x10_g99_vs_g93.jsonl,standard-random-12x10,standard,random-start,12x10,tf:93,tf:99,false,p2,accepted,,829993,829995489992,13
tf_phase7_policy_standard_2026-08-20,standard_12x10_g99_vs_g93.jsonl,standard-random-12x10,standard,random-start,12x10,tf:99,tf:93,true,p1,accepted,,829993,829995489993,14
tf_phase7_policy_standard_2026-08-20,standard_12x10_g99_vs_g93.jsonl,standard-random-12x10,standard,random-start,12x10,tf:93,tf:99,false,p1,accepted,,829993,829995489994,15
tf_phase7_policy_standard_2026-08-20,standard_12x10_g99_vs_g93.jsonl,standard-random-12x10,standard,random-start,12x10,tf:99,tf:93,true,p1,accepted,,829993,829995489995,16
tf_phase7_policy_standard_2026-08-20,standard_12x10_g99_vs_g93.jsonl,standard-random-12x10,standard,random-start,12x10,tf:93,tf:99,false,p2,accepted,,829993,829995489996,17
tf_phase7_policy_standard_2026-08-20,standard_12x10_g99_vs_g93.jsonl,standard-random-12x10,standard,random-start,12x10,tf:99,tf:93,true,p1,accepted,,829993,829995489997,18
tf_phase7_policy_standard_2026-08-20,standard_12x10_g99_vs_g93.jsonl,standard-random-12x10,standard,random-start,12x10,tf:93,tf:99,false,p1,accepted,,829993,829995489998,19
tf_phase7_policy_standard_2026-08-20,standard_12x10_g99_vs_g93.jsonl,standard-random-12x10,standard,random-start,12x10,tf:99,tf:93,true,p1,accepted,,829993,829995489999,20
tf_phase7_policy_standard_2026-08-20,standard_12x10_g99_vs_g93.jsonl,standard-random-12x10,standard,random-start,12x10,tf:93,tf:99,false,p1,accepted,,829993,829995490000,21
tf_phase7_policy_standard_2026-08-20,standard_12x10_g99_vs_g93.jsonl,standard-random-12x10,standard,random-start,12x10,tf:99,tf:93,true,p1,accepted,,829993,829995490001,22
tf_phase7_policy_standard_2026-08-20,standard_12x10_g99_vs_g93.jsonl,standard-random-12x10,standard,random-start,12x10,tf:93,tf:99,false,p1,accepted,,829993,829995490002,23
tf_phase7_policy_standard_2026-08-20,standard_12x10_g99_vs_g93.jsonl,standard-random-12x10,standard,random-start,12x10,tf:99,tf:93,true,p1,accepted,,829993,829995490003,24
tf_phase7_policy_standard_2026-08-20,standard_12x10_g99_vs_g93.jsonl,standard-random-12x10,standard,random-start,12x10,tf:93,tf:99,false,p2,accepted,,829993,829995490004,25
tf_phase7_policy_standard_2026-08-20,standard_12x10_g99_vs_g93.jsonl,standard-random-12x10,standard,random-start,12x10,tf:99,tf:93,true,p1,accepted,,829993,829995490005,26
tf_phase7_policy_standard_2026-08-20,standard_12x10_g99_vs_g93.jsonl,standard-random-12x10,standard,random-start,12x10,tf:93,tf:99,false,p2,accepted,,829993,829995490006,27
tf_phase7_policy_standard_2026-08-20,standard_12x10_g99_vs_g93.jsonl,standard-random-12x10,standard,random-start,12x10,tf:99,tf:93,true,draw,accepted,,829993,829995490007,28
tf_phase7_policy_standard_2026-08-20,standard_12x10_g99_vs_g93.jsonl,standard-random-12x10,standard,random-start,12x10,tf:93,tf:99,false,p1,accepted,,829993,829995490008,29
tf_phase7_policy_standard_2026-08-20,standard_12x10_g99_vs_g93.jsonl,standard-random-12x10,standard,random-start,12x10,tf:99,tf:93,true,p2,accepted,,829993,829995490009,30
tf_phase7_policy_standard_2026-08-20,standard_12x10_g99_vs_g93.jsonl,standard-random-12x10,standard,random-start,12x10,tf:93,tf:99,false,p1,accepted,,829993,829995490010,31
tf_phase7_policy_standard_2026-08-20,standard_12x10_g99_vs_g93.jsonl,standard-random-12x10,standard,random-start,12x10,tf:99,tf:93,true,p2,accepted,,829993,829995490011,32
tf_phase7_policy_standard_2026-08-20,standard_12x10_g99_vs_g93.jsonl,standard-random-12x10,standard,random-start,12x10,tf:93,tf:99,false,p1,accepted,,829993,829995490012,33
tf_phase7_policy_standard_2026-08-20,standard_12x10_g99_vs_g93.jsonl,standard-random-12x10,standard,random-start,12x10,tf:99,tf:93,true,p1,accepted,,829993,829995490013,34
tf_phase7_policy_standard_2026-08-20,standard_12x10_g99_vs_g93.jsonl,standard-random-12x10,standard,random-start,12x10,tf:93,tf:99,false,p1,accepted,,829993,829995490014,35
tf_phase7_policy_standard_2026-08-20,standard_12x10_g99_vs_g93.jsonl,standard-random-12x10,standard,random-start,12x10,tf:99,tf:93,true,p1,accepted,,829993,829995490015,36
tf_phase7_policy_standard_2026-08-20,standard_12x10_g99_vs_g93.jsonl,standard-random-12x10,standard,random-start,12x10,tf:93,tf:99,false,p1,accepted,,829993,829995490016,37
tf_phase7_policy_standard_2026-08-20,standard_12x10_g99_vs_g93.jsonl,standard-random-12x10,standard,random-start,12x10,tf:99,tf:93,true,p1,accepted,,829993,829995490017,38
tf_phase7_policy_standard_2026-08-20,standard_12x10_g99_vs_g93.jsonl,standard-random-12x10,standard,random-start,12x10,tf:93,tf:99,false,p1,accepted,,829993,829995490018,39
tf_phase7_policy_standard_2026-08-20,standard_12x10_g99_vs_g96.jsonl,standard-random-12x10,standard,random-start,12x10,tf:99,tf:96,true,p1,accepted,,829996,829998489988,0
tf_phase7_policy_standard_2026-08-20,standard_12x10_g99_vs_g96.jsonl,standard-random-12x10,standard,random-start,12x10,tf:96,tf:99,false,p1,accepted,,829996,829998489989,1
tf_phase7_policy_standard_2026-08-20,standard_12x10_g99_vs_g96.jsonl,standard-random-12x10,standard,random-start,12x10,tf:99,tf:96,true,draw,accepted,,829996,829998489990,2
tf_phase7_policy_standard_2026-08-20,standard_12x10_g99_vs_g96.jsonl,standard-random-12x10,standard,random-start,12x10,tf:96,tf:99,false,p2,accepted,,829996,829998489991,3
tf_phase7_policy_standard_2026-08-20,standard_12x10_g99_vs_g96.jsonl,standard-random-12x10,standard,random-start,12x10,tf:99,tf:96,true,p1,accepted,,829996,829998489992,4
tf_phase7_policy_standard_2026-08-20,standard_12x10_g99_vs_g96.jsonl,standard-random-12x10,standard,random-start,12x10,tf:96,tf:99,false,p2,accepted,,829996,829998489993,5
tf_phase7_policy_standard_2026-08-20,standard_12x10_g99_vs_g96.jsonl,standard-random-12x10,standard,random-start,12x10,tf:99,tf:96,true,p2,accepted,,829996,829998489994,6
tf_phase7_policy_standard_2026-08-20,standard_12x10_g99_vs_g96.jsonl,standard-random-12x10,standard,random-start,12x10,tf:96,tf:99,false,p1,accepted,,829996,829998489995,7
tf_phase7_policy_standard_2026-08-20,standard_12x10_g99_vs_g96.jsonl,standard-random-12x10,standard,random-start,12x10,tf:99,tf:96,true,p1,accepted,,829996,829998489996,8
tf_phase7_policy_standard_2026-08-20,standard_12x10_g99_vs_g96.jsonl,standard-random-12x10,standard,random-start,12x10,tf:96,tf:99,false,p2,accepted,,829996,829998489997,9
tf_phase7_policy_standard_2026-08-20,standard_12x10_g99_vs_g96.jsonl,standard-random-12x10,standard,random-start,12x10,tf:99,tf:96,true,p1,accepted,,829996,829998489998,10
tf_phase7_policy_standard_2026-08-20,standard_12x10_g99_vs_g96.jsonl,standard-random-12x10,standard,random-start,12x10,tf:96,tf:99,false,draw,accepted,,829996,829998489999,11
tf_phase7_policy_standard_2026-08-20,standard_12x10_g99_vs_g96.jsonl,standard-random-12x10,standard,random-start,12x10,tf:99,tf:96,true,p2,accepted,,829996,829998490000,12
tf_phase7_policy_standard_2026-08-20,standard_12x10_g99_vs_g96.jsonl,standard-random-12x10,standard,random-start,12x10,tf:96,tf:99,false,p1,accepted,,829996,829998490001,13
tf_phase7_policy_standard_2026-08-20,standard_12x10_g99_vs_g96.jsonl,standard-random-12x10,standard,random-start,12x10,tf:99,tf:96,true,p2,accepted,,829996,829998490002,14
tf_phase7_policy_standard_2026-08-20,standard_12x10_g99_vs_g96.jsonl,standard-random-12x10,standard,random-start,12x10,tf:96,tf:99,false,p2,accepted,,829996,829998490003,15
tf_phase7_policy_standard_2026-08-20,standard_12x10_g99_vs_g96.jsonl,standard-random-12x10,standard,random-start,12x10,tf:99,tf:96,true,p2,accepted,,829996,829998490004,16
tf_phase7_policy_standard_2026-08-20,standard_12x10_g99_vs_g96.jsonl,standard-random-12x10,standard,random-start,12x10,tf:96,tf:99,false,p2,accepted,,829996,829998490005,17
tf_phase7_policy_standard_2026-08-20,standard_12x10_g99_vs_g96.jsonl,standard-random-12x10,standard,random-start,12x10,tf:99,tf:96,true,p2,accepted,,829996,829998490006,18
tf_phase7_policy_standard_2026-08-20,standard_12x10_g99_vs_g96.jsonl,standard-random-12x10,standard,random-start,12x10,tf:96,tf:99,false,p2,accepted,,829996,829998490007,19
tf_phase7_policy_standard_2026-08-20,standard_12x10_g99_vs_g96.jsonl,standard-random-12x10,standard,random-start,12x10,tf:99,tf:96,true,p1,accepted,,829996,829998490008,20
tf_phase7_policy_standard_2026-08-20,standard_12x10_g99_vs_g96.jsonl,standard-random-12x10,standard,random-start,12x10,tf:96,tf:99,false,p1,accepted,,829996,829998490009,21
tf_phase7_policy_standard_2026-08-20,standard_12x10_g99_vs_g96.jsonl,standard-random-12x10,standard,random-start,12x10,tf:99,tf:96,true,p1,accepted,,829996,829998490010,22
tf_phase7_policy_standard_2026-08-20,standard_12x10_g99_vs_g96.jsonl,standard-random-12x10,standard,random-start,12x10,tf:96,tf:99,false,p1,accepted,,829996,829998490011,23
tf_phase7_policy_standard_2026-08-20,standard_12x10_g99_vs_g96.jsonl,standard-random-12x10,standard,random-start,12x10,tf:99,tf:96,true,p2,accepted,,829996,829998490012,24
tf_phase7_policy_standard_2026-08-20,standard_12x10_g99_vs_g96.jsonl,standard-random-12x10,standard,random-start,12x10,tf:96,tf:99,false,p2,accepted,,829996,829998490013,25
tf_phase7_policy_standard_2026-08-20,standard_12x10_g99_vs_g96.jsonl,standard-random-12x10,standard,random-start,12x10,tf:99,tf:96,true,p1,accepted,,829996,829998490014,26
tf_phase7_policy_standard_2026-08-20,standard_12x10_g99_vs_g96.jsonl,standard-random-12x10,standard,random-start,12x10,tf:96,tf:99,false,p1,accepted,,829996,829998490015,27
tf_phase7_policy_standard_2026-08-20,standard_12x10_g99_vs_g96.jsonl,standard-random-12x10,standard,random-start,12x10,tf:99,tf:96,true,p2,accepted,,829996,829998490016,28
tf_phase7_policy_standard_2026-08-20,standard_12x10_g99_vs_g96.jsonl,standard-random-12x10,standard,random-start,12x10,tf:96,tf:99,false,p1,accepted,,829996,829998490017,29
tf_phase7_policy_standard_2026-08-20,standard_12x10_g99_vs_g96.jsonl,standard-random-12x10,standard,random-start,12x10,tf:99,tf:96,true,p2,accepted,,829996,829998490018,30
tf_phase7_policy_standard_2026-08-20,standard_12x10_g99_vs_g96.jsonl,standard-random-12x10,standard,random-start,12x10,tf:96,tf:99,false,p1,accepted,,829996,829998490019,31
tf_phase7_policy_standard_2026-08-20,standard_12x10_g99_vs_g96.jsonl,standard-random-12x10,standard,random-start,12x10,tf:99,tf:96,true,p2,accepted,,829996,829998490020,32
tf_phase7_policy_standard_2026-08-20,standard_12x10_g99_vs_g96.jsonl,standard-random-12x10,standard,random-start,12x10,tf:96,tf:99,false,p1,accepted,,829996,829998490021,33
tf_phase7_policy_standard_2026-08-20,standard_12x10_g99_vs_g96.jsonl,standard-random-12x10,standard,random-start,12x10,tf:99,tf:96,true,p1,accepted,,829996,829998490022,34
tf_phase7_policy_standard_2026-08-20,standard_12x10_g99_vs_g96.jsonl,standard-random-12x10,standard,random-start,12x10,tf:96,tf:99,false,p1,accepted,,829996,829998490023,35
tf_phase7_policy_standard_2026-08-20,standard_12x10_g99_vs_g96.jsonl,standard-random-12x10,standard,random-start,12x10,tf:99,tf:96,true,p1,accepted,,829996,829998490024,36
tf_phase7_policy_standard_2026-08-20,standard_12x10_g99_vs_g96.jsonl,standard-random-12x10,standard,random-start,12x10,tf:96,tf:99,false,draw,accepted,,829996,829998490025,37
tf_phase7_policy_standard_2026-08-20,standard_12x10_g99_vs_g96.jsonl,standard-random-12x10,standard,random-start,12x10,tf:99,tf:96,true,p2,accepted,,829996,829998490026,38
tf_phase7_policy_standard_2026-08-20,standard_12x10_g99_vs_g96.jsonl,standard-random-12x10,standard,random-start,12x10,tf:96,tf:99,false,p1,accepted,,829996,829998490027,39
tf_phase7_policy_standard_2026-08-20,standard_12x10_g99_vs_g98.jsonl,standard-random-12x10,standard,random-start,12x10,tf:99,tf:98,true,draw,accepted,,829998,830000489994,0
tf_phase7_policy_standard_2026-08-20,standard_12x10_g99_vs_g98.jsonl,standard-random-12x10,standard,random-start,12x10,tf:98,tf:99,false,p1,accepted,,829998,830000489995,1
tf_phase7_policy_standard_2026-08-20,standard_12x10_g99_vs_g98.jsonl,standard-random-12x10,standard,random-start,12x10,tf:99,tf:98,true,p1,accepted,,829998,830000489996,2
tf_phase7_policy_standard_2026-08-20,standard_12x10_g99_vs_g98.jsonl,standard-random-12x10,standard,random-start,12x10,tf:98,tf:99,false,p2,accepted,,829998,830000489997,3
tf_phase7_policy_standard_2026-08-20,standard_12x10_g99_vs_g98.jsonl,standard-random-12x10,standard,random-start,12x10,tf:99,tf:98,true,p2,accepted,,829998,830000489998,4
tf_phase7_policy_standard_2026-08-20,standard_12x10_g99_vs_g98.jsonl,standard-random-12x10,standard,random-start,12x10,tf:98,tf:99,false,p1,accepted,,829998,830000489999,5
tf_phase7_policy_standard_2026-08-20,standard_12x10_g99_vs_g98.jsonl,standard-random-12x10,standard,random-start,12x10,tf:99,tf:98,true,p2,accepted,,829998,830000490000,6
tf_phase7_policy_standard_2026-08-20,standard_12x10_g99_vs_g98.jsonl,standard-random-12x10,standard,random-start,12x10,tf:98,tf:99,false,p1,accepted,,829998,830000490001,7
tf_phase7_policy_standard_2026-08-20,standard_12x10_g99_vs_g98.jsonl,standard-random-12x10,standard,random-start,12x10,tf:99,tf:98,true,p2,accepted,,829998,830000490002,8
tf_phase7_policy_standard_2026-08-20,standard_12x10_g99_vs_g98.jsonl,standard-random-12x10,standard,random-start,12x10,tf:98,tf:99,false,p1,accepted,,829998,830000490003,9
tf_phase7_policy_standard_2026-08-20,standard_12x10_g99_vs_g98.jsonl,standard-random-12x10,standard,random-start,12x10,tf:99,tf:98,true,p1,accepted,,829998,830000490004,10
tf_phase7_policy_standard_2026-08-20,standard_12x10_g99_vs_g98.jsonl,standard-random-12x10,standard,random-start,12x10,tf:98,tf:99,false,draw,accepted,,829998,830000490005,11
tf_phase7_policy_standard_2026-08-20,standard_12x10_g99_vs_g98.jsonl,standard-random-12x10,standard,random-start,12x10,tf:99,tf:98,true,p1,accepted,,829998,830000490006,12
tf_phase7_policy_standard_2026-08-20,standard_12x10_g99_vs_g98.jsonl,standard-random-12x10,standard,random-start,12x10,tf:98,tf:99,false,p1,accepted,,829998,830000490007,13
tf_phase7_policy_standard_2026-08-20,standard_12x10_g99_vs_g98.jsonl,standard-random-12x10,standard,random-start,12x10,tf:99,tf:98,true,p1,accepted,,829998,830000490008,14
tf_phase7_policy_standard_2026-08-20,standard_12x10_g99_vs_g98.jsonl,standard-random-12x10,standard,random-start,12x10,tf:98,tf:99,false,p2,accepted,,829998,830000490009,15
tf_phase7_policy_standard_2026-08-20,standard_12x10_g99_vs_g98.jsonl,standard-random-12x10,standard,random-start,12x10,tf:99,tf:98,true,p1,accepted,,829998,830000490010,16
tf_phase7_policy_standard_2026-08-20,standard_12x10_g99_vs_g98.jsonl,standard-random-12x10,standard,random-start,12x10,tf:98,tf:99,false,p2,accepted,,829998,830000490011,17
tf_phase7_policy_standard_2026-08-20,standard_12x10_g99_vs_g98.jsonl,standard-random-12x10,standard,random-start,12x10,tf:99,tf:98,true,p1,accepted,,829998,830000490012,18
tf_phase7_policy_standard_2026-08-20,standard_12x10_g99_vs_g98.jsonl,standard-random-12x10,standard,random-start,12x10,tf:98,tf:99,false,p2,accepted,,829998,830000490013,19
tf_phase7_policy_standard_2026-08-20,standard_12x10_g99_vs_g98.jsonl,standard-random-12x10,standard,random-start,12x10,tf:99,tf:98,true,p2,accepted,,829998,830000490014,20
tf_phase7_policy_standard_2026-08-20,standard_12x10_g99_vs_g98.jsonl,standard-random-12x10,standard,random-start,12x10,tf:98,tf:99,false,p2,accepted,,829998,830000490015,21
tf_phase7_policy_standard_2026-08-20,standard_12x10_g99_vs_g98.jsonl,standard-random-12x10,standard,random-start,12x10,tf:99,tf:98,true,p2,accepted,,829998,830000490016,22
tf_phase7_policy_standard_2026-08-20,standard_12x10_g99_vs_g98.jsonl,standard-random-12x10,standard,random-start,12x10,tf:98,tf:99,false,p2,accepted,,829998,830000490017,23
tf_phase7_policy_standard_2026-08-20,standard_12x10_g99_vs_g98.jsonl,standard-random-12x10,standard,random-start,12x10,tf:99,tf:98,true,p2,accepted,,829998,830000490018,24
tf_phase7_policy_standard_2026-08-20,standard_12x10_g99_vs_g98.jsonl,standard-random-12x10,standard,random-start,12x10,tf:98,tf:99,false,draw,accepted,,829998,830000490019,25
tf_phase7_policy_standard_2026-08-20,standard_12x10_g99_vs_g98.jsonl,standard-random-12x10,standard,random-start,12x10,tf:99,tf:98,true,p1,accepted,,829998,830000490020,26
tf_phase7_policy_standard_2026-08-20,standard_12x10_g99_vs_g98.jsonl,standard-random-12x10,standard,random-start,12x10,tf:98,tf:99,false,p1,accepted,,829998,830000490021,27
tf_phase7_policy_standard_2026-08-20,standard_12x10_g99_vs_g98.jsonl,standard-random-12x10,standard,random-start,12x10,tf:99,tf:98,true,p1,accepted,,829998,830000490022,28
tf_phase7_policy_standard_2026-08-20,standard_12x10_g99_vs_g98.jsonl,standard-random-12x10,standard,random-start,12x10,tf:98,tf:99,false,p1,accepted,,829998,830000490023,29
tf_phase7_policy_standard_2026-08-20,standard_12x10_g99_vs_g98.jsonl,standard-random-12x10,standard,random-start,12x10,tf:99,tf:98,true,p1,accepted,,829998,830000490024,30
tf_phase7_policy_standard_2026-08-20,standard_12x10_g99_vs_g98.jsonl,standard-random-12x10,standard,random-start,12x10,tf:98,tf:99,false,p1,accepted,,829998,830000490025,31
tf_phase7_policy_standard_2026-08-20,standard_12x10_g99_vs_g98.jsonl,standard-random-12x10,standard,random-start,12x10,tf:99,tf:98,true,p2,accepted,,829998,830000490026,32
tf_phase7_policy_standard_2026-08-20,standard_12x10_g99_vs_g98.jsonl,standard-random-12x10,standard,random-start,12x10,tf:98,tf:99,false,p1,accepted,,829998,830000490027,33
tf_phase7_policy_standard_2026-08-20,standard_12x10_g99_vs_g98.jsonl,standard-random-12x10,standard,random-start,12x10,tf:99,tf:98,true,p2,accepted,,829998,830000490028,34
tf_phase7_policy_standard_2026-08-20,standard_12x10_g99_vs_g98.jsonl,standard-random-12x10,standard,random-start,12x10,tf:98,tf:99,false,p2,accepted,,829998,830000490029,35
tf_phase7_policy_standard_2026-08-20,standard_12x10_g99_vs_g98.jsonl,standard-random-12x10,standard,random-start,12x10,tf:99,tf:98,true,p1,accepted,,829998,830000490030,36
tf_phase7_policy_standard_2026-08-20,standard_12x10_g99_vs_g98.jsonl,standard-random-12x10,standard,random-start,12x10,tf:98,tf:99,false,p1,accepted,,829998,830000490031,37
tf_phase7_policy_standard_2026-08-20,standard_12x10_g99_vs_g98.jsonl,standard-random-12x10,standard,random-start,12x10,tf:99,tf:98,true,p1,accepted,,829998,830000490032,38
tf_phase7_policy_standard_2026-08-20,standard_12x10_g99_vs_g98.jsonl,standard-random-12x10,standard,random-start,12x10,tf:98,tf:99,false,p1,accepted,,829998,830000490033,39
tf_phase7_policy_standard_2026-08-20,standard_8x8_g100_vs_g94.jsonl,standard-random-8x8,standard,random-start,8x8,tf:100,tf:94,true,p1,accepted,,830094,830096490282,0
tf_phase7_policy_standard_2026-08-20,standard_8x8_g100_vs_g94.jsonl,standard-random-8x8,standard,random-start,8x8,tf:94,tf:100,false,p1,accepted,,830094,830096490283,1
tf_phase7_policy_standard_2026-08-20,standard_8x8_g100_vs_g94.jsonl,standard-random-8x8,standard,random-start,8x8,tf:100,tf:94,true,p2,accepted,,830094,830096490284,2
tf_phase7_policy_standard_2026-08-20,standard_8x8_g100_vs_g94.jsonl,standard-random-8x8,standard,random-start,8x8,tf:94,tf:100,false,draw,accepted,,830094,830096490285,3
tf_phase7_policy_standard_2026-08-20,standard_8x8_g100_vs_g94.jsonl,standard-random-8x8,standard,random-start,8x8,tf:100,tf:94,true,p1,accepted,,830094,830096490286,4
tf_phase7_policy_standard_2026-08-20,standard_8x8_g100_vs_g94.jsonl,standard-random-8x8,standard,random-start,8x8,tf:94,tf:100,false,p1,accepted,,830094,830096490287,5
tf_phase7_policy_standard_2026-08-20,standard_8x8_g100_vs_g94.jsonl,standard-random-8x8,standard,random-start,8x8,tf:100,tf:94,true,p2,accepted,,830094,830096490288,6
tf_phase7_policy_standard_2026-08-20,standard_8x8_g100_vs_g94.jsonl,standard-random-8x8,standard,random-start,8x8,tf:94,tf:100,false,p2,accepted,,830094,830096490289,7
tf_phase7_policy_standard_2026-08-20,standard_8x8_g100_vs_g94.jsonl,standard-random-8x8,standard,random-start,8x8,tf:100,tf:94,true,p2,accepted,,830094,830096490290,8
tf_phase7_policy_standard_2026-08-20,standard_8x8_g100_vs_g94.jsonl,standard-random-8x8,standard,random-start,8x8,tf:94,tf:100,false,p1,accepted,,830094,830096490291,9
tf_phase7_policy_standard_2026-08-20,standard_8x8_g100_vs_g94.jsonl,standard-random-8x8,standard,random-start,8x8,tf:100,tf:94,true,p1,accepted,,830094,830096490292,10
tf_phase7_policy_standard_2026-08-20,standard_8x8_g100_vs_g94.jsonl,standard-random-8x8,standard,random-start,8x8,tf:94,tf:100,false,p2,accepted,,830094,830096490293,11
tf_phase7_policy_standard_2026-08-20,standard_8x8_g100_vs_g94.jsonl,standard-random-8x8,standard,random-start,8x8,tf:100,tf:94,true,draw,accepted,,830094,830096490294,12
tf_phase7_policy_standard_2026-08-20,standard_8x8_g100_vs_g94.jsonl,standard-random-8x8,standard,random-start,8x8,tf:94,tf:100,false,p2,accepted,,830094,830096490295,13
tf_phase7_policy_standard_2026-08-20,standard_8x8_g100_vs_g94.jsonl,standard-random-8x8,standard,random-start,8x8,tf:100,tf:94,true,p2,accepted,,830094,830096490296,14
tf_phase7_policy_standard_2026-08-20,standard_8x8_g100_vs_g94.jsonl,standard-random-8x8,standard,random-start,8x8,tf:94,tf:100,false,p1,accepted,,830094,830096490297,15
tf_phase7_policy_standard_2026-08-20,standard_8x8_g100_vs_g94.jsonl,standard-random-8x8,standard,random-start,8x8,tf:100,tf:94,true,p1,accepted,,830094,830096490298,16
tf_phase7_policy_standard_2026-08-20,standard_8x8_g100_vs_g94.jsonl,standard-random-8x8,standard,random-start,8x8,tf:94,tf:100,false,p2,accepted,,830094,830096490299,17
tf_phase7_policy_standard_2026-08-20,standard_8x8_g100_vs_g94.jsonl,standard-random-8x8,standard,random-start,8x8,tf:100,tf:94,true,p2,accepted,,830094,830096490300,18
tf_phase7_policy_standard_2026-08-20,standard_8x8_g100_vs_g94.jsonl,standard-random-8x8,standard,random-start,8x8,tf:94,tf:100,false,p1,accepted,,830094,830096490301,19
tf_phase7_policy_standard_2026-08-20,standard_8x8_g100_vs_g94.jsonl,standard-random-8x8,standard,random-start,8x8,tf:100,tf:94,true,draw,accepted,,830094,830096490302,20
tf_phase7_policy_standard_2026-08-20,standard_8x8_g100_vs_g94.jsonl,standard-random-8x8,standard,random-start,8x8,tf:94,tf:100,false,p2,accepted,,830094,830096490303,21
tf_phase7_policy_standard_2026-08-20,standard_8x8_g100_vs_g94.jsonl,standard-random-8x8,standard,random-start,8x8,tf:100,tf:94,true,p2,accepted,,830094,830096490304,22
tf_phase7_policy_standard_2026-08-20,standard_8x8_g100_vs_g94.jsonl,standard-random-8x8,standard,random-start,8x8,tf:94,tf:100,false,p2,accepted,,830094,830096490305,23
tf_phase7_policy_standard_2026-08-20,standard_8x8_g100_vs_g94.jsonl,standard-random-8x8,standard,random-start,8x8,tf:100,tf:94,true,p2,accepted,,830094,830096490306,24
tf_phase7_policy_standard_2026-08-20,standard_8x8_g100_vs_g94.jsonl,standard-random-8x8,standard,random-start,8x8,tf:94,tf:100,false,p1,accepted,,830094,830096490307,25
tf_phase7_policy_standard_2026-08-20,standard_8x8_g100_vs_g94.jsonl,standard-random-8x8,standard,random-start,8x8,tf:100,tf:94,true,p1,accepted,,830094,830096490308,26
tf_phase7_policy_standard_2026-08-20,standard_8x8_g100_vs_g94.jsonl,standard-random-8x8,standard,random-start,8x8,tf:94,tf:100,false,draw,accepted,,830094,830096490309,27
tf_phase7_policy_standard_2026-08-20,standard_8x8_g100_vs_g94.jsonl,standard-random-8x8,standard,random-start,8x8,tf:100,tf:94,true,p1,accepted,,830094,830096490310,28
tf_phase7_policy_standard_2026-08-20,standard_8x8_g100_vs_g94.jsonl,standard-random-8x8,standard,random-start,8x8,tf:94,tf:100,false,p2,accepted,,830094,830096490311,29
tf_phase7_policy_standard_2026-08-20,standard_8x8_g100_vs_g94.jsonl,standard-random-8x8,standard,random-start,8x8,tf:100,tf:94,true,draw,accepted,,830094,830096490312,30
tf_phase7_policy_standard_2026-08-20,standard_8x8_g100_vs_g94.jsonl,standard-random-8x8,standard,random-start,8x8,tf:94,tf:100,false,p2,accepted,,830094,830096490313,31
tf_phase7_policy_standard_2026-08-20,standard_8x8_g100_vs_g94.jsonl,standard-random-8x8,standard,random-start,8x8,tf:100,tf:94,true,p1,accepted,,830094,830096490314,32
tf_phase7_policy_standard_2026-08-20,standard_8x8_g100_vs_g94.jsonl,standard-random-8x8,standard,random-start,8x8,tf:94,tf:100,false,p2,accepted,,830094,830096490315,33
tf_phase7_policy_standard_2026-08-20,standard_8x8_g100_vs_g94.jsonl,standard-random-8x8,standard,random-start,8x8,tf:100,tf:94,true,p2,accepted,,830094,830096490316,34
tf_phase7_policy_standard_2026-08-20,standard_8x8_g100_vs_g94.jsonl,standard-random-8x8,standard,random-start,8x8,tf:94,tf:100,false,p1,accepted,,830094,830096490317,35
tf_phase7_policy_standard_2026-08-20,standard_8x8_g100_vs_g94.jsonl,standard-random-8x8,standard,random-start,8x8,tf:100,tf:94,true,p2,accepted,,830094,830096490318,36
tf_phase7_policy_standard_2026-08-20,standard_8x8_g100_vs_g94.jsonl,standard-random-8x8,standard,random-start,8x8,tf:94,tf:100,false,p1,accepted,,830094,830096490319,37
tf_phase7_policy_standard_2026-08-20,standard_8x8_g100_vs_g94.jsonl,standard-random-8x8,standard,random-start,8x8,tf:100,tf:94,true,p1,accepted,,830094,830096490320,38
tf_phase7_policy_standard_2026-08-20,standard_8x8_g100_vs_g94.jsonl,standard-random-8x8,standard,random-start,8x8,tf:94,tf:100,false,p1,accepted,,830094,830096490321,39
tf_phase7_policy_standard_2026-08-20,standard_8x8_g100_vs_g97.jsonl,standard-random-8x8,standard,random-start,8x8,tf:100,tf:97,true,p1,accepted,,830097,830099490291,0
tf_phase7_policy_standard_2026-08-20,standard_8x8_g100_vs_g97.jsonl,standard-random-8x8,standard,random-start,8x8,tf:97,tf:100,false,p2,accepted,,830097,830099490292,1
tf_phase7_policy_standard_2026-08-20,standard_8x8_g100_vs_g97.jsonl,standard-random-8x8,standard,random-start,8x8,tf:100,tf:97,true,draw,accepted,,830097,830099490293,2
tf_phase7_policy_standard_2026-08-20,standard_8x8_g100_vs_g97.jsonl,standard-random-8x8,standard,random-start,8x8,tf:97,tf:100,false,draw,accepted,,830097,830099490294,3
tf_phase7_policy_standard_2026-08-20,standard_8x8_g100_vs_g97.jsonl,standard-random-8x8,standard,random-start,8x8,tf:100,tf:97,true,draw,accepted,,830097,830099490295,4
tf_phase7_policy_standard_2026-08-20,standard_8x8_g100_vs_g97.jsonl,standard-random-8x8,standard,random-start,8x8,tf:97,tf:100,false,p1,accepted,,830097,830099490296,5
tf_phase7_policy_standard_2026-08-20,standard_8x8_g100_vs_g97.jsonl,standard-random-8x8,standard,random-start,8x8,tf:100,tf:97,true,p2,accepted,,830097,830099490297,6
tf_phase7_policy_standard_2026-08-20,standard_8x8_g100_vs_g97.jsonl,standard-random-8x8,standard,random-start,8x8,tf:97,tf:100,false,p1,accepted,,830097,830099490298,7
tf_phase7_policy_standard_2026-08-20,standard_8x8_g100_vs_g97.jsonl,standard-random-8x8,standard,random-start,8x8,tf:100,tf:97,true,p1,accepted,,830097,830099490299,8
tf_phase7_policy_standard_2026-08-20,standard_8x8_g100_vs_g97.jsonl,standard-random-8x8,standard,random-start,8x8,tf:97,tf:100,false,p1,accepted,,830097,830099490300,9
tf_phase7_policy_standard_2026-08-20,standard_8x8_g100_vs_g97.jsonl,standard-random-8x8,standard,random-start,8x8,tf:100,tf:97,true,p1,accepted,,830097,830099490301,10
tf_phase7_policy_standard_2026-08-20,standard_8x8_g100_vs_g97.jsonl,standard-random-8x8,standard,random-start,8x8,tf:97,tf:100,false,p1,accepted,,830097,830099490302,11
tf_phase7_policy_standard_2026-08-20,standard_8x8_g100_vs_g97.jsonl,standard-random-8x8,standard,random-start,8x8,tf:100,tf:97,true,draw,accepted,,830097,830099490303,12
tf_phase7_policy_standard_2026-08-20,standard_8x8_g100_vs_g97.jsonl,standard-random-8x8,standard,random-start,8x8,tf:97,tf:100,false,p1,accepted,,830097,830099490304,13
tf_phase7_policy_standard_2026-08-20,standard_8x8_g100_vs_g97.jsonl,standard-random-8x8,standard,random-start,8x8,tf:100,tf:97,true,p1,accepted,,830097,830099490305,14
tf_phase7_policy_standard_2026-08-20,standard_8x8_g100_vs_g97.jsonl,standard-random-8x8,standard,random-start,8x8,tf:97,tf:100,false,p1,accepted,,830097,830099490306,15
tf_phase7_policy_standard_2026-08-20,standard_8x8_g100_vs_g97.jsonl,standard-random-8x8,standard,random-start,8x8,tf:100,tf:97,true,draw,accepted,,830097,830099490307,16
tf_phase7_policy_standard_2026-08-20,standard_8x8_g100_vs_g97.jsonl,standard-random-8x8,standard,random-start,8x8,tf:97,tf:100,false,p1,accepted,,830097,830099490308,17
tf_phase7_policy_standard_2026-08-20,standard_8x8_g100_vs_g97.jsonl,standard-random-8x8,standard,random-start,8x8,tf:100,tf:97,true,p1,accepted,,830097,830099490309,18
tf_phase7_policy_standard_2026-08-20,standard_8x8_g100_vs_g97.jsonl,standard-random-8x8,standard,random-start,8x8,tf:97,tf:100,false,draw,accepted,,830097,830099490310,19
tf_phase7_policy_standard_2026-08-20,standard_8x8_g100_vs_g97.jsonl,standard-random-8x8,standard,random-start,8x8,tf:100,tf:97,true,p2,accepted,,830097,830099490311,20
tf_phase7_policy_standard_2026-08-20,standard_8x8_g100_vs_g97.jsonl,standard-random-8x8,standard,random-start,8x8,tf:97,tf:100,false,p2,accepted,,830097,830099490312,21
tf_phase7_policy_standard_2026-08-20,standard_8x8_g100_vs_g97.jsonl,standard-random-8x8,standard,random-start,8x8,tf:100,tf:97,true,draw,accepted,,830097,830099490313,22
tf_phase7_policy_standard_2026-08-20,standard_8x8_g100_vs_g97.jsonl,standard-random-8x8,standard,random-start,8x8,tf:97,tf:100,false,p2,accepted,,830097,830099490314,23
tf_phase7_policy_standard_2026-08-20,standard_8x8_g100_vs_g97.jsonl,standard-random-8x8,standard,random-start,8x8,tf:100,tf:97,true,p1,accepted,,830097,830099490315,24
tf_phase7_policy_standard_2026-08-20,standard_8x8_g100_vs_g97.jsonl,standard-random-8x8,standard,random-start,8x8,tf:97,tf:100,false,p2,accepted,,830097,830099490316,25
tf_phase7_policy_standard_2026-08-20,standard_8x8_g100_vs_g97.jsonl,standard-random-8x8,standard,random-start,8x8,tf:100,tf:97,true,p2,accepted,,830097,830099490317,26
tf_phase7_policy_standard_2026-08-20,standard_8x8_g100_vs_g97.jsonl,standard-random-8x8,standard,random-start,8x8,tf:97,tf:100,false,p1,accepted,,830097,830099490318,27
tf_phase7_policy_standard_2026-08-20,standard_8x8_g100_vs_g97.jsonl,standard-random-8x8,standard,random-start,8x8,tf:100,tf:97,true,p1,accepted,,830097,830099490319,28
tf_phase7_policy_standard_2026-08-20,standard_8x8_g100_vs_g97.jsonl,standard-random-8x8,standard,random-start,8x8,tf:97,tf:100,false,p2,accepted,,830097,830099490320,29
tf_phase7_policy_standard_2026-08-20,standard_8x8_g100_vs_g97.jsonl,standard-random-8x8,standard,random-start,8x8,tf:100,tf:97,true,p1,accepted,,830097,830099490321,30
tf_phase7_policy_standard_2026-08-20,standard_8x8_g100_vs_g97.jsonl,standard-random-8x8,standard,random-start,8x8,tf:97,tf:100,false,p1,accepted,,830097,830099490322,31
tf_phase7_policy_standard_2026-08-20,standard_8x8_g100_vs_g97.jsonl,standard-random-8x8,standard,random-start,8x8,tf:100,tf:97,true,p1,accepted,,830097,830099490323,32
tf_phase7_policy_standard_2026-08-20,standard_8x8_g100_vs_g97.jsonl,standard-random-8x8,standard,random-start,8x8,tf:97,tf:100,false,p1,accepted,,830097,830099490324,33
tf_phase7_policy_standard_2026-08-20,standard_8x8_g100_vs_g97.jsonl,standard-random-8x8,standard,random-start,8x8,tf:100,tf:97,true,p2,accepted,,830097,830099490325,34
tf_phase7_policy_standard_2026-08-20,standard_8x8_g100_vs_g97.jsonl,standard-random-8x8,standard,random-start,8x8,tf:97,tf:100,false,p2,accepted,,830097,830099490326,35
tf_phase7_policy_standard_2026-08-20,standard_8x8_g100_vs_g97.jsonl,standard-random-8x8,standard,random-start,8x8,tf:100,tf:97,true,p1,accepted,,830097,830099490327,36
tf_phase7_policy_standard_2026-08-20,standard_8x8_g100_vs_g97.jsonl,standard-random-8x8,standard,random-start,8x8,tf:97,tf:100,false,p1,accepted,,830097,830099490328,37
tf_phase7_policy_standard_2026-08-20,standard_8x8_g100_vs_g97.jsonl,standard-random-8x8,standard,random-start,8x8,tf:100,tf:97,true,p1,accepted,,830097,830099490329,38
tf_phase7_policy_standard_2026-08-20,standard_8x8_g100_vs_g97.jsonl,standard-random-8x8,standard,random-start,8x8,tf:97,tf:100,false,p2,accepted,,830097,830099490330,39
tf_phase7_policy_standard_2026-08-20,standard_8x8_g100_vs_g99.jsonl,standard-random-8x8,standard,random-start,8x8,tf:100,tf:99,true,p2,accepted,,830099,830101490297,0
tf_phase7_policy_standard_2026-08-20,standard_8x8_g100_vs_g99.jsonl,standard-random-8x8,standard,random-start,8x8,tf:99,tf:100,false,p2,accepted,,830099,830101490298,1
tf_phase7_policy_standard_2026-08-20,standard_8x8_g100_vs_g99.jsonl,standard-random-8x8,standard,random-start,8x8,tf:100,tf:99,true,p2,accepted,,830099,830101490299,2
tf_phase7_policy_standard_2026-08-20,standard_8x8_g100_vs_g99.jsonl,standard-random-8x8,standard,random-start,8x8,tf:99,tf:100,false,p1,accepted,,830099,830101490300,3
tf_phase7_policy_standard_2026-08-20,standard_8x8_g100_vs_g99.jsonl,standard-random-8x8,standard,random-start,8x8,tf:100,tf:99,true,p2,accepted,,830099,830101490301,4
tf_phase7_policy_standard_2026-08-20,standard_8x8_g100_vs_g99.jsonl,standard-random-8x8,standard,random-start,8x8,tf:99,tf:100,false,p1,accepted,,830099,830101490302,5
tf_phase7_policy_standard_2026-08-20,standard_8x8_g100_vs_g99.jsonl,standard-random-8x8,standard,random-start,8x8,tf:100,tf:99,true,draw,accepted,,830099,830101490303,6
tf_phase7_policy_standard_2026-08-20,standard_8x8_g100_vs_g99.jsonl,standard-random-8x8,standard,random-start,8x8,tf:99,tf:100,false,p2,accepted,,830099,830101490304,7
tf_phase7_policy_standard_2026-08-20,standard_8x8_g100_vs_g99.jsonl,standard-random-8x8,standard,random-start,8x8,tf:100,tf:99,true,p2,accepted,,830099,830101490305,8
tf_phase7_policy_standard_2026-08-20,standard_8x8_g100_vs_g99.jsonl,standard-random-8x8,standard,random-start,8x8,tf:99,tf:100,false,p1,accepted,,830099,830101490306,9
tf_phase7_policy_standard_2026-08-20,standard_8x8_g100_vs_g99.jsonl,standard-random-8x8,standard,random-start,8x8,tf:100,tf:99,true,p1,accepted,,830099,830101490307,10
tf_phase7_policy_standard_2026-08-20,standard_8x8_g100_vs_g99.jsonl,standard-random-8x8,standard,random-start,8x8,tf:99,tf:100,false,draw,accepted,,830099,830101490308,11
tf_phase7_policy_standard_2026-08-20,standard_8x8_g100_vs_g99.jsonl,standard-random-8x8,standard,random-start,8x8,tf:100,tf:99,true,p1,accepted,,830099,830101490309,12
tf_phase7_policy_standard_2026-08-20,standard_8x8_g100_vs_g99.jsonl,standard-random-8x8,standard,random-start,8x8,tf:99,tf:100,false,p1,accepted,,830099,830101490310,13
tf_phase7_policy_standard_2026-08-20,standard_8x8_g100_vs_g99.jsonl,standard-random-8x8,standard,random-start,8x8,tf:100,tf:99,true,draw,accepted,,830099,830101490311,14
tf_phase7_policy_standard_2026-08-20,standard_8x8_g100_vs_g99.jsonl,standard-random-8x8,standard,random-start,8x8,tf:99,tf:100,false,p1,accepted,,830099,830101490312,15
tf_phase7_policy_standard_2026-08-20,standard_8x8_g100_vs_g99.jsonl,standard-random-8x8,standard,random-start,8x8,tf:100,tf:99,true,p2,accepted,,830099,830101490313,16
tf_phase7_policy_standard_2026-08-20,standard_8x8_g100_vs_g99.jsonl,standard-random-8x8,standard,random-start,8x8,tf:99,tf:100,false,draw,accepted,,830099,830101490314,17
tf_phase7_policy_standard_2026-08-20,standard_8x8_g100_vs_g99.jsonl,standard-random-8x8,standard,random-start,8x8,tf:100,tf:99,true,draw,accepted,,830099,830101490315,18
tf_phase7_policy_standard_2026-08-20,standard_8x8_g100_vs_g99.jsonl,standard-random-8x8,standard,random-start,8x8,tf:99,tf:100,false,p2,accepted,,830099,830101490316,19
tf_phase7_policy_standard_2026-08-20,standard_8x8_g100_vs_g99.jsonl,standard-random-8x8,standard,random-start,8x8,tf:100,tf:99,true,p2,accepted,,830099,830101490317,20
tf_phase7_policy_standard_2026-08-20,standard_8x8_g100_vs_g99.jsonl,standard-random-8x8,standard,random-start,8x8,tf:99,tf:100,false,p1,accepted,,830099,830101490318,21
tf_phase7_policy_standard_2026-08-20,standard_8x8_g100_vs_g99.jsonl,standard-random-8x8,standard,random-start,8x8,tf:100,tf:99,true,draw,accepted,,830099,830101490319,22
tf_phase7_policy_standard_2026-08-20,standard_8x8_g100_vs_g99.jsonl,standard-random-8x8,standard,random-start,8x8,tf:99,tf:100,false,p1,accepted,,830099,830101490320,23
tf_phase7_policy_standard_2026-08-20,standard_8x8_g100_vs_g99.jsonl,standard-random-8x8,standard,random-start,8x8,tf:100,tf:99,true,p1,accepted,,830099,830101490321,24
tf_phase7_policy_standard_2026-08-20,standard_8x8_g100_vs_g99.jsonl,standard-random-8x8,standard,random-start,8x8,tf:99,tf:100,false,p1,accepted,,830099,830101490322,25
tf_phase7_policy_standard_2026-08-20,standard_8x8_g100_vs_g99.jsonl,standard-random-8x8,standard,random-start,8x8,tf:100,tf:99,true,p2,accepted,,830099,830101490323,26
tf_phase7_policy_standard_2026-08-20,standard_8x8_g100_vs_g99.jsonl,standard-random-8x8,standard,random-start,8x8,tf:99,tf:100,false,p2,accepted,,830099,830101490324,27
tf_phase7_policy_standard_2026-08-20,standard_8x8_g100_vs_g99.jsonl,standard-random-8x8,standard,random-start,8x8,tf:100,tf:99,true,p1,accepted,,830099,830101490325,28
tf_phase7_policy_standard_2026-08-20,standard_8x8_g100_vs_g99.jsonl,standard-random-8x8,standard,random-start,8x8,tf:99,tf:100,false,p1,accepted,,830099,830101490326,29
tf_phase7_policy_standard_2026-08-20,standard_8x8_g100_vs_g99.jsonl,standard-random-8x8,standard,random-start,8x8,tf:100,tf:99,true,draw,accepted,,830099,830101490327,30
tf_phase7_policy_standard_2026-08-20,standard_8x8_g100_vs_g99.jsonl,standard-random-8x8,standard,random-start,8x8,tf:99,tf:100,false,draw,accepted,,830099,830101490328,31
tf_phase7_policy_standard_2026-08-20,standard_8x8_g100_vs_g99.jsonl,standard-random-8x8,standard,random-start,8x8,tf:100,tf:99,true,p1,accepted,,830099,830101490329,32
tf_phase7_policy_standard_2026-08-20,standard_8x8_g100_vs_g99.jsonl,standard-random-8x8,standard,random-start,8x8,tf:99,tf:100,false,p2,accepted,,830099,830101490330,33
tf_phase7_policy_standard_2026-08-20,standard_8x8_g100_vs_g99.jsonl,standard-random-8x8,standard,random-start,8x8,tf:100,tf:99,true,p1,accepted,,830099,830101490331,34
tf_phase7_policy_standard_2026-08-20,standard_8x8_g100_vs_g99.jsonl,standard-random-8x8,standard,random-start,8x8,tf:99,tf:100,false,p2,accepted,,830099,830101490332,35
tf_phase7_policy_standard_2026-08-20,standard_8x8_g100_vs_g99.jsonl,standard-random-8x8,standard,random-start,8x8,tf:100,tf:99,true,p1,accepted,,830099,830101490333,36
tf_phase7_policy_standard_2026-08-20,standard_8x8_g100_vs_g99.jsonl,standard-random-8x8,standard,random-start,8x8,tf:99,tf:100,false,draw,accepted,,830099,830101490334,37
tf_phase7_policy_standard_2026-08-20,standard_8x8_g100_vs_g99.jsonl,standard-random-8x8,standard,random-start,8x8,tf:100,tf:99,true,p1,accepted,,830099,830101490335,38
tf_phase7_policy_standard_2026-08-20,standard_8x8_g100_vs_g99.jsonl,standard-random-8x8,standard,random-start,8x8,tf:99,tf:100,false,p1,accepted,,830099,830101490336,39
tf_phase7_policy_standard_2026-08-20,standard_8x8_g101_vs_g100.jsonl,standard-random-8x8,standard,random-start,8x8,tf:101,tf:100,true,p1,accepted,,830200,830202490600,0
tf_phase7_policy_standard_2026-08-20,standard_8x8_g101_vs_g100.jsonl,standard-random-8x8,standard,random-start,8x8,tf:100,tf:101,false,p1,accepted,,830200,830202490601,1
tf_phase7_policy_standard_2026-08-20,standard_8x8_g101_vs_g100.jsonl,standard-random-8x8,standard,random-start,8x8,tf:101,tf:100,true,draw,accepted,,830200,830202490602,2
tf_phase7_policy_standard_2026-08-20,standard_8x8_g101_vs_g100.jsonl,standard-random-8x8,standard,random-start,8x8,tf:100,tf:101,false,p2,accepted,,830200,830202490603,3
tf_phase7_policy_standard_2026-08-20,standard_8x8_g101_vs_g100.jsonl,standard-random-8x8,standard,random-start,8x8,tf:101,tf:100,true,draw,accepted,,830200,830202490604,4
tf_phase7_policy_standard_2026-08-20,standard_8x8_g101_vs_g100.jsonl,standard-random-8x8,standard,random-start,8x8,tf:100,tf:101,false,p2,accepted,,830200,830202490605,5
tf_phase7_policy_standard_2026-08-20,standard_8x8_g101_vs_g100.jsonl,standard-random-8x8,standard,random-start,8x8,tf:101,tf:100,true,p1,accepted,,830200,830202490606,6
tf_phase7_policy_standard_2026-08-20,standard_8x8_g101_vs_g100.jsonl,standard-random-8x8,standard,random-start,8x8,tf:100,tf:101,false,p1,accepted,,830200,830202490607,7
tf_phase7_policy_standard_2026-08-20,standard_8x8_g101_vs_g100.jsonl,standard-random-8x8,standard,random-start,8x8,tf:101,tf:100,true,p2,accepted,,830200,830202490608,8
tf_phase7_policy_standard_2026-08-20,standard_8x8_g101_vs_g100.jsonl,standard-random-8x8,standard,random-start,8x8,tf:100,tf:101,false,p2,accepted,,830200,830202490609,9
tf_phase7_policy_standard_2026-08-20,standard_8x8_g101_vs_g100.jsonl,standard-random-8x8,standard,random-start,8x8,tf:101,tf:100,true,draw,accepted,,830200,830202490610,10
tf_phase7_policy_standard_2026-08-20,standard_8x8_g101_vs_g100.jsonl,standard-random-8x8,standard,random-start,8x8,tf:100,tf:101,false,p1,accepted,,830200,830202490611,11
tf_phase7_policy_standard_2026-08-20,standard_8x8_g101_vs_g100.jsonl,standard-random-8x8,standard,random-start,8x8,tf:101,tf:100,true,p1,accepted,,830200,830202490612,12
tf_phase7_policy_standard_2026-08-20,standard_8x8_g101_vs_g100.jsonl,standard-random-8x8,standard,random-start,8x8,tf:100,tf:101,false,p2,accepted,,830200,830202490613,13
tf_phase7_policy_standard_2026-08-20,standard_8x8_g101_vs_g100.jsonl,standard-random-8x8,standard,random-start,8x8,tf:101,tf:100,true,p1,accepted,,830200,830202490614,14
tf_phase7_policy_standard_2026-08-20,standard_8x8_g101_vs_g100.jsonl,standard-random-8x8,standard,random-start,8x8,tf:100,tf:101,false,p2,accepted,,830200,830202490615,15
tf_phase7_policy_standard_2026-08-20,standard_8x8_g101_vs_g100.jsonl,standard-random-8x8,standard,random-start,8x8,tf:101,tf:100,true,draw,accepted,,830200,830202490616,16
tf_phase7_policy_standard_2026-08-20,standard_8x8_g101_vs_g100.jsonl,standard-random-8x8,standard,random-start,8x8,tf:100,tf:101,false,draw,accepted,,830200,830202490617,17
tf_phase7_policy_standard_2026-08-20,standard_8x8_g101_vs_g100.jsonl,standard-random-8x8,standard,random-start,8x8,tf:101,tf:100,true,p1,accepted,,830200,830202490618,18
tf_phase7_policy_standard_2026-08-20,standard_8x8_g101_vs_g100.jsonl,standard-random-8x8,standard,random-start,8x8,tf:100,tf:101,false,p2,accepted,,830200,830202490619,19
tf_phase7_policy_standard_2026-08-20,standard_8x8_g101_vs_g100.jsonl,standard-random-8x8,standard,random-start,8x8,tf:101,tf:100,true,p1,accepted,,830200,830202490620,20
tf_phase7_policy_standard_2026-08-20,standard_8x8_g101_vs_g100.jsonl,standard-random-8x8,standard,random-start,8x8,tf:100,tf:101,false,draw,accepted,,830200,830202490621,21
tf_phase7_policy_standard_2026-08-20,standard_8x8_g101_vs_g100.jsonl,standard-random-8x8,standard,random-start,8x8,tf:101,tf:100,true,p1,accepted,,830200,830202490622,22
tf_phase7_policy_standard_2026-08-20,standard_8x8_g101_vs_g100.jsonl,standard-random-8x8,standard,random-start,8x8,tf:100,tf:101,false,p1,accepted,,830200,830202490623,23
tf_phase7_policy_standard_2026-08-20,standard_8x8_g101_vs_g100.jsonl,standard-random-8x8,standard,random-start,8x8,tf:101,tf:100,true,draw,accepted,,830200,830202490624,24
tf_phase7_policy_standard_2026-08-20,standard_8x8_g101_vs_g100.jsonl,standard-random-8x8,standard,random-start,8x8,tf:100,tf:101,false,p1,accepted,,830200,830202490625,25
tf_phase7_policy_standard_2026-08-20,standard_8x8_g101_vs_g100.jsonl,standard-random-8x8,standard,random-start,8x8,tf:101,tf:100,true,p1,accepted,,830200,830202490626,26
tf_phase7_policy_standard_2026-08-20,standard_8x8_g101_vs_g100.jsonl,standard-random-8x8,standard,random-start,8x8,tf:100,tf:101,false,p2,accepted,,830200,830202490627,27
tf_phase7_policy_standard_2026-08-20,standard_8x8_g101_vs_g100.jsonl,standard-random-8x8,standard,random-start,8x8,tf:101,tf:100,true,draw,accepted,,830200,830202490628,28
tf_phase7_policy_standard_2026-08-20,standard_8x8_g101_vs_g100.jsonl,standard-random-8x8,standard,random-start,8x8,tf:100,tf:101,false,p1,accepted,,830200,830202490629,29
tf_phase7_policy_standard_2026-08-20,standard_8x8_g101_vs_g100.jsonl,standard-random-8x8,standard,random-start,8x8,tf:101,tf:100,true,p2,accepted,,830200,830202490630,30
tf_phase7_policy_standard_2026-08-20,standard_8x8_g101_vs_g100.jsonl,standard-random-8x8,standard,random-start,8x8,tf:100,tf:101,false,p2,accepted,,830200,830202490631,31
tf_phase7_policy_standard_2026-08-20,standard_8x8_g101_vs_g100.jsonl,standard-random-8x8,standard,random-start,8x8,tf:101,tf:100,true,p1,accepted,,830200,830202490632,32
tf_phase7_policy_standard_2026-08-20,standard_8x8_g101_vs_g100.jsonl,standard-random-8x8,standard,random-start,8x8,tf:100,tf:101,false,p2,accepted,,830200,830202490633,33
tf_phase7_policy_standard_2026-08-20,standard_8x8_g101_vs_g100.jsonl,standard-random-8x8,standard,random-start,8x8,tf:101,tf:100,true,p2,accepted,,830200,830202490634,34
tf_phase7_policy_standard_2026-08-20,standard_8x8_g101_vs_g100.jsonl,standard-random-8x8,standard,random-start,8x8,tf:100,tf:101,false,p2,accepted,,830200,830202490635,35
tf_phase7_policy_standard_2026-08-20,standard_8x8_g101_vs_g100.jsonl,standard-random-8x8,standard,random-start,8x8,tf:101,tf:100,true,p2,accepted,,830200,830202490636,36
tf_phase7_policy_standard_2026-08-20,standard_8x8_g101_vs_g100.jsonl,standard-random-8x8,standard,random-start,8x8,tf:100,tf:101,false,p1,accepted,,830200,830202490637,37
tf_phase7_policy_standard_2026-08-20,standard_8x8_g101_vs_g100.jsonl,standard-random-8x8,standard,random-start,8x8,tf:101,tf:100,true,p2,accepted,,830200,830202490638,38
tf_phase7_policy_standard_2026-08-20,standard_8x8_g101_vs_g100.jsonl,standard-random-8x8,standard,random-start,8x8,tf:100,tf:101,false,draw,accepted,,830200,830202490639,39
tf_phase7_policy_standard_2026-08-20,standard_8x8_g101_vs_g95.jsonl,standard-random-8x8,standard,random-start,8x8,tf:101,tf:95,true,draw,accepted,,830195,830197490585,0
tf_phase7_policy_standard_2026-08-20,standard_8x8_g101_vs_g95.jsonl,standard-random-8x8,standard,random-start,8x8,tf:95,tf:101,false,p2,accepted,,830195,830197490586,1
tf_phase7_policy_standard_2026-08-20,standard_8x8_g101_vs_g95.jsonl,standard-random-8x8,standard,random-start,8x8,tf:101,tf:95,true,p1,accepted,,830195,830197490587,2
tf_phase7_policy_standard_2026-08-20,standard_8x8_g101_vs_g95.jsonl,standard-random-8x8,standard,random-start,8x8,tf:95,tf:101,false,draw,accepted,,830195,830197490588,3
tf_phase7_policy_standard_2026-08-20,standard_8x8_g101_vs_g95.jsonl,standard-random-8x8,standard,random-start,8x8,tf:101,tf:95,true,p2,accepted,,830195,830197490589,4
tf_phase7_policy_standard_2026-08-20,standard_8x8_g101_vs_g95.jsonl,standard-random-8x8,standard,random-start,8x8,tf:95,tf:101,false,p2,accepted,,830195,830197490590,5
tf_phase7_policy_standard_2026-08-20,standard_8x8_g101_vs_g95.jsonl,standard-random-8x8,standard,random-start,8x8,tf:101,tf:95,true,p2,accepted,,830195,830197490591,6
tf_phase7_policy_standard_2026-08-20,standard_8x8_g101_vs_g95.jsonl,standard-random-8x8,standard,random-start,8x8,tf:95,tf:101,false,p2,accepted,,830195,830197490592,7
tf_phase7_policy_standard_2026-08-20,standard_8x8_g101_vs_g95.jsonl,standard-random-8x8,standard,random-start,8x8,tf:101,tf:95,true,p1,accepted,,830195,830197490593,8
tf_phase7_policy_standard_2026-08-20,standard_8x8_g101_vs_g95.jsonl,standard-random-8x8,standard,random-start,8x8,tf:95,tf:101,false,p2,accepted,,830195,830197490594,9
tf_phase7_policy_standard_2026-08-20,standard_8x8_g101_vs_g95.jsonl,standard-random-8x8,standard,random-start,8x8,tf:101,tf:95,true,draw,accepted,,830195,830197490595,10
tf_phase7_policy_standard_2026-08-20,standard_8x8_g101_vs_g95.jsonl,standard-random-8x8,standard,random-start,8x8,tf:95,tf:101,false,p1,accepted,,830195,830197490596,11
tf_phase7_policy_standard_2026-08-20,standard_8x8_g101_vs_g95.jsonl,standard-random-8x8,standard,random-start,8x8,tf:101,tf:95,true,p2,accepted,,830195,830197490597,12
tf_phase7_policy_standard_2026-08-20,standard_8x8_g101_vs_g95.jsonl,standard-random-8x8,standard,random-start,8x8,tf:95,tf:101,false,p1,accepted,,830195,830197490598,13
tf_phase7_policy_standard_2026-08-20,standard_8x8_g101_vs_g95.jsonl,standard-random-8x8,standard,random-start,8x8,tf:101,tf:95,true,p2,accepted,,830195,830197490599,14
tf_phase7_policy_standard_2026-08-20,standard_8x8_g101_vs_g95.jsonl,standard-random-8x8,standard,random-start,8x8,tf:95,tf:101,false,p2,accepted,,830195,830197490600,15
tf_phase7_policy_standard_2026-08-20,standard_8x8_g101_vs_g95.jsonl,standard-random-8x8,standard,random-start,8x8,tf:101,tf:95,true,p1,accepted,,830195,830197490601,16
tf_phase7_policy_standard_2026-08-20,standard_8x8_g101_vs_g95.jsonl,standard-random-8x8,standard,random-start,8x8,tf:95,tf:101,false,p1,accepted,,830195,830197490602,17
tf_phase7_policy_standard_2026-08-20,standard_8x8_g101_vs_g95.jsonl,standard-random-8x8,standard,random-start,8x8,tf:101,tf:95,true,p2,accepted,,830195,830197490603,18
tf_phase7_policy_standard_2026-08-20,standard_8x8_g101_vs_g95.jsonl,standard-random-8x8,standard,random-start,8x8,tf:95,tf:101,false,p2,accepted,,830195,830197490604,19
tf_phase7_policy_standard_2026-08-20,standard_8x8_g101_vs_g95.jsonl,standard-random-8x8,standard,random-start,8x8,tf:101,tf:95,true,p1,accepted,,830195,830197490605,20
tf_phase7_policy_standard_2026-08-20,standard_8x8_g101_vs_g95.jsonl,standard-random-8x8,standard,random-start,8x8,tf:95,tf:101,false,p1,accepted,,830195,830197490606,21
tf_phase7_policy_standard_2026-08-20,standard_8x8_g101_vs_g95.jsonl,standard-random-8x8,standard,random-start,8x8,tf:101,tf:95,true,p2,accepted,,830195,830197490607,22
tf_phase7_policy_standard_2026-08-20,standard_8x8_g101_vs_g95.jsonl,standard-random-8x8,standard,random-start,8x8,tf:95,tf:101,false,p1,accepted,,830195,830197490608,23
tf_phase7_policy_standard_2026-08-20,standard_8x8_g101_vs_g95.jsonl,standard-random-8x8,standard,random-start,8x8,tf:101,tf:95,true,draw,accepted,,830195,830197490609,24
tf_phase7_policy_standard_2026-08-20,standard_8x8_g101_vs_g95.jsonl,standard-random-8x8,standard,random-start,8x8,tf:95,tf:101,false,p1,accepted,,830195,830197490610,25
tf_phase7_policy_standard_2026-08-20,standard_8x8_g101_vs_g95.jsonl,standard-random-8x8,standard,random-start,8x8,tf:101,tf:95,true,p2,accepted,,830195,830197490611,26
tf_phase7_policy_standard_2026-08-20,standard_8x8_g101_vs_g95.jsonl,standard-random-8x8,standard,random-start,8x8,tf:95,tf:101,false,draw,accepted,,830195,830197490612,27
tf_phase7_policy_standard_2026-08-20,standard_8x8_g101_vs_g95.jsonl,standard-random-8x8,standard,random-start,8x8,tf:101,tf:95,true,draw,accepted,,830195,830197490613,28
tf_phase7_policy_standard_2026-08-20,standard_8x8_g101_vs_g95.jsonl,standard-random-8x8,standard,random-start,8x8,tf:95,tf:101,false,p1,accepted,,830195,830197490614,29
tf_phase7_policy_standard_2026-08-20,standard_8x8_g101_vs_g95.jsonl,standard-random-8x8,standard,random-start,8x8,tf:101,tf:95,true,p1,accepted,,830195,830197490615,30
tf_phase7_policy_standard_2026-08-20,standard_8x8_g101_vs_g95.jsonl,standard-random-8x8,standard,random-start,8x8,tf:95,tf:101,false,p1,accepted,,830195,830197490616,31
tf_phase7_policy_standard_2026-08-20,standard_8x8_g101_vs_g95.jsonl,standard-random-8x8,standard,random-start,8x8,tf:101,tf:95,true,p2,accepted,,830195,830197490617,32
tf_phase7_policy_standard_2026-08-20,standard_8x8_g101_vs_g95.jsonl,standard-random-8x8,standard,random-start,8x8,tf:95,tf:101,false,p1,accepted,,830195,830197490618,33
tf_phase7_policy_standard_2026-08-20,standard_8x8_g101_vs_g95.jsonl,standard-random-8x8,standard,random-start,8x8,tf:101,tf:95,true,p2,accepted,,830195,830197490619,34
tf_phase7_policy_standard_2026-08-20,standard_8x8_g101_vs_g95.jsonl,standard-random-8x8,standard,random-start,8x8,tf:95,tf:101,false,draw,accepted,,830195,830197490620,35
tf_phase7_policy_standard_2026-08-20,standard_8x8_g101_vs_g95.jsonl,standard-random-8x8,standard,random-start,8x8,tf:101,tf:95,true,draw,accepted,,830195,830197490621,36
tf_phase7_policy_standard_2026-08-20,standard_8x8_g101_vs_g95.jsonl,standard-random-8x8,standard,random-start,8x8,tf:95,tf:101,false,p1,accepted,,830195,830197490622,37
tf_phase7_policy_standard_2026-08-20,standard_8x8_g101_vs_g95.jsonl,standard-random-8x8,standard,random-start,8x8,tf:101,tf:95,true,p1,accepted,,830195,830197490623,38
tf_phase7_policy_standard_2026-08-20,standard_8x8_g101_vs_g95.jsonl,standard-random-8x8,standard,random-start,8x8,tf:95,tf:101,false,p1,accepted,,830195,830197490624,39
tf_phase7_policy_standard_2026-08-20,standard_8x8_g101_vs_g98.jsonl,standard-random-8x8,standard,random-start,8x8,tf:101,tf:98,true,p2,accepted,,830198,830200490594,0
tf_phase7_policy_standard_2026-08-20,standard_8x8_g101_vs_g98.jsonl,standard-random-8x8,standard,random-start,8x8,tf:98,tf:101,false,draw,accepted,,830198,830200490595,1
tf_phase7_policy_standard_2026-08-20,standard_8x8_g101_vs_g98.jsonl,standard-random-8x8,standard,random-start,8x8,tf:101,tf:98,true,draw,accepted,,830198,830200490596,2
tf_phase7_policy_standard_2026-08-20,standard_8x8_g101_vs_g98.jsonl,standard-random-8x8,standard,random-start,8x8,tf:98,tf:101,false,p2,accepted,,830198,830200490597,3
tf_phase7_policy_standard_2026-08-20,standard_8x8_g101_vs_g98.jsonl,standard-random-8x8,standard,random-start,8x8,tf:101,tf:98,true,p1,accepted,,830198,830200490598,4
tf_phase7_policy_standard_2026-08-20,standard_8x8_g101_vs_g98.jsonl,standard-random-8x8,standard,random-start,8x8,tf:98,tf:101,false,p1,accepted,,830198,830200490599,5
tf_phase7_policy_standard_2026-08-20,standard_8x8_g101_vs_g98.jsonl,standard-random-8x8,standard,random-start,8x8,tf:101,tf:98,true,p2,accepted,,830198,830200490600,6
tf_phase7_policy_standard_2026-08-20,standard_8x8_g101_vs_g98.jsonl,standard-random-8x8,standard,random-start,8x8,tf:98,tf:101,false,p2,accepted,,830198,830200490601,7
tf_phase7_policy_standard_2026-08-20,standard_8x8_g101_vs_g98.jsonl,standard-random-8x8,standard,random-start,8x8,tf:101,tf:98,true,p1,accepted,,830198,830200490602,8
tf_phase7_policy_standard_2026-08-20,standard_8x8_g101_vs_g98.jsonl,standard-random-8x8,standard,random-start,8x8,tf:98,tf:101,false,p1,accepted,,830198,830200490603,9
tf_phase7_policy_standard_2026-08-20,standard_8x8_g101_vs_g98.jsonl,standard-random-8x8,standard,random-start,8x8,tf:101,tf:98,true,p2,accepted,,830198,830200490604,10
tf_phase7_policy_standard_2026-08-20,standard_8x8_g101_vs_g98.jsonl,standard-random-8x8,standard,random-start,8x8,tf:98,tf:101,false,p1,accepted,,830198,830200490605,11
tf_phase7_policy_standard_2026-08-20,standard_8x8_g101_vs_g98.jsonl,standard-random-8x8,standard,random-start,8x8,tf:101,tf:98,true,p1,accepted,,830198,830200490606,12
tf_phase7_policy_standard_2026-08-20,standard_8x8_g101_vs_g98.jsonl,standard-random-8x8,standard,random-start,8x8,tf:98,tf:101,false,p2,accepted,,830198,830200490607,13
tf_phase7_policy_standard_2026-08-20,standard_8x8_g101_vs_g98.jsonl,standard-random-8x8,standard,random-start,8x8,tf:101,tf:98,true,draw,accepted,,830198,830200490608,14
tf_phase7_policy_standard_2026-08-20,standard_8x8_g101_vs_g98.jsonl,standard-random-8x8,standard,random-start,8x8,tf:98,tf:101,false,p2,accepted,,830198,830200490609,15
tf_phase7_policy_standard_2026-08-20,standard_8x8_g101_vs_g98.jsonl,standard-random-8x8,standard,random-start,8x8,tf:101,tf:98,true,draw,accepted,,830198,830200490610,16
tf_phase7_policy_standard_2026-08-20,standard_8x8_g101_vs_g98.jsonl,standard-random-8x8,standard,random-start,8x8,tf:98,tf:101,false,p1,accepted,,830198,830200490611,17
tf_phase7_policy_standard_2026-08-20,standard_8x8_g101_vs_g98.jsonl,standard-random-8x8,standard,random-start,8x8,tf:101,tf:98,true,p1,accepted,,830198,830200490612,18
tf_phase7_policy_standard_2026-08-20,standard_8x8_g101_vs_g98.jsonl,standard-random-8x8,standard,random-start,8x8,tf:98,tf:101,false,p2,accepted,,830198,830200490613,19
tf_phase7_policy_standard_2026-08-20,standard_8x8_g101_vs_g98.jsonl,standard-random-8x8,standard,random-start,8x8,tf:101,tf:98,true,p1,accepted,,830198,830200490614,20
tf_phase7_policy_standard_2026-08-20,standard_8x8_g101_vs_g98.jsonl,standard-random-8x8,standard,random-start,8x8,tf:98,tf:101,false,draw,accepted,,830198,830200490615,21
tf_phase7_policy_standard_2026-08-20,standard_8x8_g101_vs_g98.jsonl,standard-random-8x8,standard,random-start,8x8,tf:101,tf:98,true,p1,accepted,,830198,830200490616,22
tf_phase7_policy_standard_2026-08-20,standard_8x8_g101_vs_g98.jsonl,standard-random-8x8,standard,random-start,8x8,tf:98,tf:101,false,p2,accepted,,830198,830200490617,23
tf_phase7_policy_standard_2026-08-20,standard_8x8_g101_vs_g98.jsonl,standard-random-8x8,standard,random-start,8x8,tf:101,tf:98,true,p2,accepted,,830198,830200490618,24
tf_phase7_policy_standard_2026-08-20,standard_8x8_g101_vs_g98.jsonl,standard-random-8x8,standard,random-start,8x8,tf:98,tf:101,false,draw,accepted,,830198,830200490619,25
tf_phase7_policy_standard_2026-08-20,standard_8x8_g101_vs_g98.jsonl,standard-random-8x8,standard,random-start,8x8,tf:101,tf:98,true,p2,accepted,,830198,830200490620,26
tf_phase7_policy_standard_2026-08-20,standard_8x8_g101_vs_g98.jsonl,standard-random-8x8,standard,random-start,8x8,tf:98,tf:101,false,p1,accepted,,830198,830200490621,27
tf_phase7_policy_standard_2026-08-20,standard_8x8_g101_vs_g98.jsonl,standard-random-8x8,standard,random-start,8x8,tf:101,tf:98,true,p2,accepted,,830198,830200490622,28
tf_phase7_policy_standard_2026-08-20,standard_8x8_g101_vs_g98.jsonl,standard-random-8x8,standard,random-start,8x8,tf:98,tf:101,false,p1,accepted,,830198,830200490623,29
tf_phase7_policy_standard_2026-08-20,standard_8x8_g101_vs_g98.jsonl,standard-random-8x8,standard,random-start,8x8,tf:101,tf:98,true,p2,accepted,,830198,830200490624,30
tf_phase7_policy_standard_2026-08-20,standard_8x8_g101_vs_g98.jsonl,standard-random-8x8,standard,random-start,8x8,tf:98,tf:101,false,p1,accepted,,830198,830200490625,31
tf_phase7_policy_standard_2026-08-20,standard_8x8_g101_vs_g98.jsonl,standard-random-8x8,standard,random-start,8x8,tf:101,tf:98,true,p1,accepted,,830198,830200490626,32
tf_phase7_policy_standard_2026-08-20,standard_8x8_g101_vs_g98.jsonl,standard-random-8x8,standard,random-start,8x8,tf:98,tf:101,false,p2,accepted,,830198,830200490627,33
tf_phase7_policy_standard_2026-08-20,standard_8x8_g101_vs_g98.jsonl,standard-random-8x8,standard,random-start,8x8,tf:101,tf:98,true,p1,accepted,,830198,830200490628,34
tf_phase7_policy_standard_2026-08-20,standard_8x8_g101_vs_g98.jsonl,standard-random-8x8,standard,random-start,8x8,tf:98,tf:101,false,p2,accepted,,830198,830200490629,35
tf_phase7_policy_standard_2026-08-20,standard_8x8_g101_vs_g98.jsonl,standard-random-8x8,standard,random-start,8x8,tf:101,tf:98,true,p2,accepted,,830198,830200490630,36
tf_phase7_policy_standard_2026-08-20,standard_8x8_g101_vs_g98.jsonl,standard-random-8x8,standard,random-start,8x8,tf:98,tf:101,false,p1,accepted,,830198,830200490631,37
tf_phase7_policy_standard_2026-08-20,standard_8x8_g101_vs_g98.jsonl,standard-random-8x8,standard,random-start,8x8,tf:101,tf:98,true,p1,accepted,,830198,830200490632,38
tf_phase7_policy_standard_2026-08-20,standard_8x8_g101_vs_g98.jsonl,standard-random-8x8,standard,random-start,8x8,tf:98,tf:101,false,p1,accepted,,830198,830200490633,39
tf_phase7_policy_standard_2026-08-20,standard_8x8_g102_vs_g101.jsonl,standard-random-8x8,standard,random-start,8x8,tf:102,tf:101,true,draw,accepted,,830301,830303490903,0
tf_phase7_policy_standard_2026-08-20,standard_8x8_g102_vs_g101.jsonl,standard-random-8x8,standard,random-start,8x8,tf:101,tf:102,false,p2,accepted,,830301,830303490904,1
tf_phase7_policy_standard_2026-08-20,standard_8x8_g102_vs_g101.jsonl,standard-random-8x8,standard,random-start,8x8,tf:102,tf:101,true,p2,accepted,,830301,830303490905,2
tf_phase7_policy_standard_2026-08-20,standard_8x8_g102_vs_g101.jsonl,standard-random-8x8,standard,random-start,8x8,tf:101,tf:102,false,p1,accepted,,830301,830303490906,3
tf_phase7_policy_standard_2026-08-20,standard_8x8_g102_vs_g101.jsonl,standard-random-8x8,standard,random-start,8x8,tf:102,tf:101,true,p2,accepted,,830301,830303490907,4
tf_phase7_policy_standard_2026-08-20,standard_8x8_g102_vs_g101.jsonl,standard-random-8x8,standard,random-start,8x8,tf:101,tf:102,false,p2,accepted,,830301,830303490908,5
tf_phase7_policy_standard_2026-08-20,standard_8x8_g102_vs_g101.jsonl,standard-random-8x8,standard,random-start,8x8,tf:102,tf:101,true,p1,accepted,,830301,830303490909,6
tf_phase7_policy_standard_2026-08-20,standard_8x8_g102_vs_g101.jsonl,standard-random-8x8,standard,random-start,8x8,tf:101,tf:102,false,draw,accepted,,830301,830303490910,7
tf_phase7_policy_standard_2026-08-20,standard_8x8_g102_vs_g101.jsonl,standard-random-8x8,standard,random-start,8x8,tf:102,tf:101,true,p1,accepted,,830301,830303490911,8
tf_phase7_policy_standard_2026-08-20,standard_8x8_g102_vs_g101.jsonl,standard-random-8x8,standard,random-start,8x8,tf:101,tf:102,false,p2,accepted,,830301,830303490912,9
tf_phase7_policy_standard_2026-08-20,standard_8x8_g102_vs_g101.jsonl,standard-random-8x8,standard,random-start,8x8,tf:102,tf:101,true,p1,accepted,,830301,830303490913,10
tf_phase7_policy_standard_2026-08-20,standard_8x8_g102_vs_g101.jsonl,standard-random-8x8,standard,random-start,8x8,tf:101,tf:102,false,p1,accepted,,830301,830303490914,11
tf_phase7_policy_standard_2026-08-20,standard_8x8_g102_vs_g101.jsonl,standard-random-8x8,standard,random-start,8x8,tf:102,tf:101,true,p1,accepted,,830301,830303490915,12
tf_phase7_policy_standard_2026-08-20,standard_8x8_g102_vs_g101.jsonl,standard-random-8x8,standard,random-start,8x8,tf:101,tf:102,false,draw,accepted,,830301,830303490916,13
tf_phase7_policy_standard_2026-08-20,standard_8x8_g102_vs_g101.jsonl,standard-random-8x8,standard,random-start,8x8,tf:102,tf:101,true,draw,accepted,,830301,830303490917,14
tf_phase7_policy_standard_2026-08-20,standard_8x8_g102_vs_g101.jsonl,standard-random-8x8,standard,random-start,8x8,tf:101,tf:102,false,p1,accepted,,830301,830303490918,15
tf_phase7_policy_standard_2026-08-20,standard_8x8_g102_vs_g101.jsonl,standard-random-8x8,standard,random-start,8x8,tf:102,tf:101,true,p1,accepted,,830301,830303490919,16
tf_phase7_policy_standard_2026-08-20,standard_8x8_g102_vs_g101.jsonl,standard-random-8x8,standard,random-start,8x8,tf:101,tf:102,false,p1,accepted,,830301,830303490920,17
tf_phase7_policy_standard_2026-08-20,standard_8x8_g102_vs_g101.jsonl,standard-random-8x8,standard,random-start,8x8,tf:102,tf:101,true,p2,accepted,,830301,830303490921,18
tf_phase7_policy_standard_2026-08-20,standard_8x8_g102_vs_g101.jsonl,standard-random-8x8,standard,random-start,8x8,tf:101,tf:102,false,p1,accepted,,830301,830303490922,19
tf_phase7_policy_standard_2026-08-20,standard_8x8_g102_vs_g101.jsonl,standard-random-8x8,standard,random-start,8x8,tf:102,tf:101,true,p2,accepted,,830301,830303490923,20
tf_phase7_policy_standard_2026-08-20,standard_8x8_g102_vs_g101.jsonl,standard-random-8x8,standard,random-start,8x8,tf:101,tf:102,false,p1,accepted,,830301,830303490924,21
tf_phase7_policy_standard_2026-08-20,standard_8x8_g102_vs_g101.jsonl,standard-random-8x8,standard,random-start,8x8,tf:102,tf:101,true,p1,accepted,,830301,830303490925,22
tf_phase7_policy_standard_2026-08-20,standard_8x8_g102_vs_g101.jsonl,standard-random-8x8,standard,random-start,8x8,tf:101,tf:102,false,p2,accepted,,830301,830303490926,23
tf_phase7_policy_standard_2026-08-20,standard_8x8_g102_vs_g101.jsonl,standard-random-8x8,standard,random-start,8x8,tf:102,tf:101,true,p2,accepted,,830301,830303490927,24
tf_phase7_policy_standard_2026-08-20,standard_8x8_g102_vs_g101.jsonl,standard-random-8x8,standard,random-start,8x8,tf:101,tf:102,false,p2,accepted,,830301,830303490928,25
tf_phase7_policy_standard_2026-08-20,standard_8x8_g102_vs_g101.jsonl,standard-random-8x8,standard,random-start,8x8,tf:102,tf:101,true,p1,accepted,,830301,830303490929,26
tf_phase7_policy_standard_2026-08-20,standard_8x8_g102_vs_g101.jsonl,standard-random-8x8,standard,random-start,8x8,tf:101,tf:102,false,p2,accepted,,830301,830303490930,27
tf_phase7_policy_standard_2026-08-20,standard_8x8_g102_vs_g101.jsonl,standard-random-8x8,standard,random-start,8x8,tf:102,tf:101,true,p1,accepted,,830301,830303490931,28
tf_phase7_policy_standard_2026-08-20,standard_8x8_g102_vs_g101.jsonl,standard-random-8x8,standard,random-start,8x8,tf:101,tf:102,false,p1,accepted,,830301,830303490932,29
tf_phase7_policy_standard_2026-08-20,standard_8x8_g102_vs_g101.jsonl,standard-random-8x8,standard,random-start,8x8,tf:102,tf:101,true,p2,accepted,,830301,830303490933,30
tf_phase7_policy_standard_2026-08-20,standard_8x8_g102_vs_g101.jsonl,standard-random-8x8,standard,random-start,8x8,tf:101,tf:102,false,draw,accepted,,830301,830303490934,31
tf_phase7_policy_standard_2026-08-20,standard_8x8_g102_vs_g101.jsonl,standard-random-8x8,standard,random-start,8x8,tf:102,tf:101,true,p2,accepted,,830301,830303490935,32
tf_phase7_policy_standard_2026-08-20,standard_8x8_g102_vs_g101.jsonl,standard-random-8x8,standard,random-start,8x8,tf:101,tf:102,false,p2,accepted,,830301,830303490936,33
tf_phase7_policy_standard_2026-08-20,standard_8x8_g102_vs_g101.jsonl,standard-random-8x8,standard,random-start,8x8,tf:102,tf:101,true,p1,accepted,,830301,830303490937,34
tf_phase7_policy_standard_2026-08-20,standard_8x8_g102_vs_g101.jsonl,standard-random-8x8,standard,random-start,8x8,tf:101,tf:102,false,p1,accepted,,830301,830303490938,35
tf_phase7_policy_standard_2026-08-20,standard_8x8_g102_vs_g101.jsonl,standard-random-8x8,standard,random-start,8x8,tf:102,tf:101,true,draw,accepted,,830301,830303490939,36
tf_phase7_policy_standard_2026-08-20,standard_8x8_g102_vs_g101.jsonl,standard-random-8x8,standard,random-start,8x8,tf:101,tf:102,false,p2,accepted,,830301,830303490940,37
tf_phase7_policy_standard_2026-08-20,standard_8x8_g102_vs_g101.jsonl,standard-random-8x8,standard,random-start,8x8,tf:102,tf:101,true,p1,accepted,,830301,830303490941,38
tf_phase7_policy_standard_2026-08-20,standard_8x8_g102_vs_g101.jsonl,standard-random-8x8,standard,random-start,8x8,tf:101,tf:102,false,p1,accepted,,830301,830303490942,39
tf_phase7_policy_standard_2026-08-20,standard_8x8_g102_vs_g96.jsonl,standard-random-8x8,standard,random-start,8x8,tf:102,tf:96,true,p1,accepted,,830296,830298490888,0
tf_phase7_policy_standard_2026-08-20,standard_8x8_g102_vs_g96.jsonl,standard-random-8x8,standard,random-start,8x8,tf:96,tf:102,false,p2,accepted,,830296,830298490889,1
tf_phase7_policy_standard_2026-08-20,standard_8x8_g102_vs_g96.jsonl,standard-random-8x8,standard,random-start,8x8,tf:102,tf:96,true,draw,accepted,,830296,830298490890,2
tf_phase7_policy_standard_2026-08-20,standard_8x8_g102_vs_g96.jsonl,standard-random-8x8,standard,random-start,8x8,tf:96,tf:102,false,p2,accepted,,830296,830298490891,3
tf_phase7_policy_standard_2026-08-20,standard_8x8_g102_vs_g96.jsonl,standard-random-8x8,standard,random-start,8x8,tf:102,tf:96,true,draw,accepted,,830296,830298490892,4
tf_phase7_policy_standard_2026-08-20,standard_8x8_g102_vs_g96.jsonl,standard-random-8x8,standard,random-start,8x8,tf:96,tf:102,false,draw,accepted,,830296,830298490893,5
tf_phase7_policy_standard_2026-08-20,standard_8x8_g102_vs_g96.jsonl,standard-random-8x8,standard,random-start,8x8,tf:102,tf:96,true,p1,accepted,,830296,830298490894,6
tf_phase7_policy_standard_2026-08-20,standard_8x8_g102_vs_g96.jsonl,standard-random-8x8,standard,random-start,8x8,tf:96,tf:102,false,p2,accepted,,830296,830298490895,7
tf_phase7_policy_standard_2026-08-20,standard_8x8_g102_vs_g96.jsonl,standard-random-8x8,standard,random-start,8x8,tf:102,tf:96,true,p1,accepted,,830296,830298490896,8
tf_phase7_policy_standard_2026-08-20,standard_8x8_g102_vs_g96.jsonl,standard-random-8x8,standard,random-start,8x8,tf:96,tf:102,false,p2,accepted,,830296,830298490897,9
tf_phase7_policy_standard_2026-08-20,standard_8x8_g102_vs_g96.jsonl,standard-random-8x8,standard,random-start,8x8,tf:102,tf:96,true,p1,accepted,,830296,830298490898,10
tf_phase7_policy_standard_2026-08-20,standard_8x8_g102_vs_g96.jsonl,standard-random-8x8,standard,random-start,8x8,tf:96,tf:102,false,p1,accepted,,830296,830298490899,11
tf_phase7_policy_standard_2026-08-20,standard_8x8_g102_vs_g96.jsonl,standard-random-8x8,standard,random-start,8x8,tf:102,tf:96,true,p1,accepted,,830296,830298490900,12
tf_phase7_policy_standard_2026-08-20,standard_8x8_g102_vs_g96.jsonl,standard-random-8x8,standard,random-start,8x8,tf:96,tf:102,false,p2,accepted,,830296,830298490901,13
tf_phase7_policy_standard_2026-08-20,standard_8x8_g102_vs_g96.jsonl,standard-random-8x8,standard,random-start,8x8,tf:102,tf:96,true,p1,accepted,,830296,830298490902,14
tf_phase7_policy_standard_2026-08-20,standard_8x8_g102_vs_g96.jsonl,standard-random-8x8,standard,random-start,8x8,tf:96,tf:102,false,p1,accepted,,830296,830298490903,15
tf_phase7_policy_standard_2026-08-20,standard_8x8_g102_vs_g96.jsonl,standard-random-8x8,standard,random-start,8x8,tf:102,tf:96,true,p1,accepted,,830296,830298490904,16
tf_phase7_policy_standard_2026-08-20,standard_8x8_g102_vs_g96.jsonl,standard-random-8x8,standard,random-start,8x8,tf:96,tf:102,false,draw,accepted,,830296,830298490905,17
tf_phase7_policy_standard_2026-08-20,standard_8x8_g102_vs_g96.jsonl,standard-random-8x8,standard,random-start,8x8,tf:102,tf:96,true,p1,accepted,,830296,830298490906,18
tf_phase7_policy_standard_2026-08-20,standard_8x8_g102_vs_g96.jsonl,standard-random-8x8,standard,random-start,8x8,tf:96,tf:102,false,p1,accepted,,830296,830298490907,19
tf_phase7_policy_standard_2026-08-20,standard_8x8_g102_vs_g96.jsonl,standard-random-8x8,standard,random-start,8x8,tf:102,tf:96,true,p2,accepted,,830296,830298490908,20
tf_phase7_policy_standard_2026-08-20,standard_8x8_g102_vs_g96.jsonl,standard-random-8x8,standard,random-start,8x8,tf:96,tf:102,false,p1,accepted,,830296,830298490909,21
tf_phase7_policy_standard_2026-08-20,standard_8x8_g102_vs_g96.jsonl,standard-random-8x8,standard,random-start,8x8,tf:102,tf:96,true,p1,accepted,,830296,830298490910,22
tf_phase7_policy_standard_2026-08-20,standard_8x8_g102_vs_g96.jsonl,standard-random-8x8,standard,random-start,8x8,tf:96,tf:102,false,p1,accepted,,830296,830298490911,23
tf_phase7_policy_standard_2026-08-20,standard_8x8_g102_vs_g96.jsonl,standard-random-8x8,standard,random-start,8x8,tf:102,tf:96,true,p2,accepted,,830296,830298490912,24
tf_phase7_policy_standard_2026-08-20,standard_8x8_g102_vs_g96.jsonl,standard-random-8x8,standard,random-start,8x8,tf:96,tf:102,false,draw,accepted,,830296,830298490913,25
tf_phase7_policy_standard_2026-08-20,standard_8x8_g102_vs_g96.jsonl,standard-random-8x8,standard,random-start,8x8,tf:102,tf:96,true,p2,accepted,,830296,830298490914,26
tf_phase7_policy_standard_2026-08-20,standard_8x8_g102_vs_g96.jsonl,standard-random-8x8,standard,random-start,8x8,tf:96,tf:102,false,p2,accepted,,830296,830298490915,27
tf_phase7_policy_standard_2026-08-20,standard_8x8_g102_vs_g96.jsonl,standard-random-8x8,standard,random-start,8x8,tf:102,tf:96,true,draw,accepted,,830296,830298490916,28
tf_phase7_policy_standard_2026-08-20,standard_8x8_g102_vs_g96.jsonl,standard-random-8x8,standard,random-start,8x8,tf:96,tf:102,false,draw,accepted,,830296,830298490917,29
tf_phase7_policy_standard_2026-08-20,standard_8x8_g102_vs_g96.jsonl,standard-random-8x8,standard,random-start,8x8,tf:102,tf:96,true,p2,accepted,,830296,830298490918,30
tf_phase7_policy_standard_2026-08-20,standard_8x8_g102_vs_g96.jsonl,standard-random-8x8,standard,random-start,8x8,tf:96,tf:102,false,p2,accepted,,830296,830298490919,31
tf_phase7_policy_standard_2026-08-20,standard_8x8_g102_vs_g96.jsonl,standard-random-8x8,standard,random-start,8x8,tf:102,tf:96,true,p1,accepted,,830296,830298490920,32
tf_phase7_policy_standard_2026-08-20,standard_8x8_g102_vs_g96.jsonl,standard-random-8x8,standard,random-start,8x8,tf:96,tf:102,false,draw,accepted,,830296,830298490921,33
tf_phase7_policy_standard_2026-08-20,standard_8x8_g102_vs_g96.jsonl,standard-random-8x8,standard,random-start,8x8,tf:102,tf:96,true,p1,accepted,,830296,830298490922,34
tf_phase7_policy_standard_2026-08-20,standard_8x8_g102_vs_g96.jsonl,standard-random-8x8,standard,random-start,8x8,tf:96,tf:102,false,p2,accepted,,830296,830298490923,35
tf_phase7_policy_standard_2026-08-20,standard_8x8_g102_vs_g96.jsonl,standard-random-8x8,standard,random-start,8x8,tf:102,tf:96,true,draw,accepted,,830296,830298490924,36
tf_phase7_policy_standard_2026-08-20,standard_8x8_g102_vs_g96.jsonl,standard-random-8x8,standard,random-start,8x8,tf:96,tf:102,false,p2,accepted,,830296,830298490925,37
tf_phase7_policy_standard_2026-08-20,standard_8x8_g102_vs_g96.jsonl,standard-random-8x8,standard,random-start,8x8,tf:102,tf:96,true,p1,accepted,,830296,830298490926,38
tf_phase7_policy_standard_2026-08-20,standard_8x8_g102_vs_g96.jsonl,standard-random-8x8,standard,random-start,8x8,tf:96,tf:102,false,p2,accepted,,830296,830298490927,39
tf_phase7_policy_standard_2026-08-20,standard_8x8_g102_vs_g99.jsonl,standard-random-8x8,standard,random-start,8x8,tf:102,tf:99,true,p1,accepted,,830299,830301490897,0
tf_phase7_policy_standard_2026-08-20,standard_8x8_g102_vs_g99.jsonl,standard-random-8x8,standard,random-start,8x8,tf:99,tf:102,false,p1,accepted,,830299,830301490898,1
tf_phase7_policy_standard_2026-08-20,standard_8x8_g102_vs_g99.jsonl,standard-random-8x8,standard,random-start,8x8,tf:102,tf:99,true,p2,accepted,,830299,830301490899,2
tf_phase7_policy_standard_2026-08-20,standard_8x8_g102_vs_g99.jsonl,standard-random-8x8,standard,random-start,8x8,tf:99,tf:102,false,p2,accepted,,830299,830301490900,3
tf_phase7_policy_standard_2026-08-20,standard_8x8_g102_vs_g99.jsonl,standard-random-8x8,standard,random-start,8x8,tf:102,tf:99,true,p1,accepted,,830299,830301490901,4
tf_phase7_policy_standard_2026-08-20,standard_8x8_g102_vs_g99.jsonl,standard-random-8x8,standard,random-start,8x8,tf:99,tf:102,false,p1,accepted,,830299,830301490902,5
tf_phase7_policy_standard_2026-08-20,standard_8x8_g102_vs_g99.jsonl,standard-random-8x8,standard,random-start,8x8,tf:102,tf:99,true,p2,accepted,,830299,830301490903,6
tf_phase7_policy_standard_2026-08-20,standard_8x8_g102_vs_g99.jsonl,standard-random-8x8,standard,random-start,8x8,tf:99,tf:102,false,p2,accepted,,830299,830301490904,7
tf_phase7_policy_standard_2026-08-20,standard_8x8_g102_vs_g99.jsonl,standard-random-8x8,standard,random-start,8x8,tf:102,tf:99,true,p1,accepted,,830299,830301490905,8
tf_phase7_policy_standard_2026-08-20,standard_8x8_g102_vs_g99.jsonl,standard-random-8x8,standard,random-start,8x8,tf:99,tf:102,false,p2,accepted,,830299,830301490906,9
tf_phase7_policy_standard_2026-08-20,standard_8x8_g102_vs_g99.jsonl,standard-random-8x8,standard,random-start,8x8,tf:102,tf:99,true,p2,accepted,,830299,830301490907,10
tf_phase7_policy_standard_2026-08-20,standard_8x8_g102_vs_g99.jsonl,standard-random-8x8,standard,random-start,8x8,tf:99,tf:102,false,p2,accepted,,830299,830301490908,11
tf_phase7_policy_standard_2026-08-20,standard_8x8_g102_vs_g99.jsonl,standard-random-8x8,standard,random-start,8x8,tf:102,tf:99,true,p2,accepted,,830299,830301490909,12
tf_phase7_policy_standard_2026-08-20,standard_8x8_g102_vs_g99.jsonl,standard-random-8x8,standard,random-start,8x8,tf:99,tf:102,false,p2,accepted,,830299,830301490910,13
tf_phase7_policy_standard_2026-08-20,standard_8x8_g102_vs_g99.jsonl,standard-random-8x8,standard,random-start,8x8,tf:102,tf:99,true,p2,accepted,,830299,830301490911,14
tf_phase7_policy_standard_2026-08-20,standard_8x8_g102_vs_g99.jsonl,standard-random-8x8,standard,random-start,8x8,tf:99,tf:102,false,p2,accepted,,830299,830301490912,15
tf_phase7_policy_standard_2026-08-20,standard_8x8_g102_vs_g99.jsonl,standard-random-8x8,standard,random-start,8x8,tf:102,tf:99,true,draw,accepted,,830299,830301490913,16
tf_phase7_policy_standard_2026-08-20,standard_8x8_g102_vs_g99.jsonl,standard-random-8x8,standard,random-start,8x8,tf:99,tf:102,false,draw,accepted,,830299,830301490914,17
tf_phase7_policy_standard_2026-08-20,standard_8x8_g102_vs_g99.jsonl,standard-random-8x8,standard,random-start,8x8,tf:102,tf:99,true,p1,accepted,,830299,830301490915,18
tf_phase7_policy_standard_2026-08-20,standard_8x8_g102_vs_g99.jsonl,standard-random-8x8,standard,random-start,8x8,tf:99,tf:102,false,p2,accepted,,830299,830301490916,19
tf_phase7_policy_standard_2026-08-20,standard_8x8_g102_vs_g99.jsonl,standard-random-8x8,standard,random-start,8x8,tf:102,tf:99,true,p1,accepted,,830299,830301490917,20
tf_phase7_policy_standard_2026-08-20,standard_8x8_g102_vs_g99.jsonl,standard-random-8x8,standard,random-start,8x8,tf:99,tf:102,false,p2,accepted,,830299,830301490918,21
tf_phase7_policy_standard_2026-08-20,standard_8x8_g102_vs_g99.jsonl,standard-random-8x8,standard,random-start,8x8,tf:102,tf:99,true,draw,accepted,,830299,830301490919,22
tf_phase7_policy_standard_2026-08-20,standard_8x8_g102_vs_g99.jsonl,standard-random-8x8,standard,random-start,8x8,tf:99,tf:102,false,p1,accepted,,830299,830301490920,23
tf_phase7_policy_standard_2026-08-20,standard_8x8_g102_vs_g99.jsonl,standard-random-8x8,standard,random-start,8x8,tf:102,tf:99,true,p1,accepted,,830299,830301490921,24
tf_phase7_policy_standard_2026-08-20,standard_8x8_g102_vs_g99.jsonl,standard-random-8x8,standard,random-start,8x8,tf:99,tf:102,false,p1,accepted,,830299,830301490922,25
tf_phase7_policy_standard_2026-08-20,standard_8x8_g102_vs_g99.jsonl,standard-random-8x8,standard,random-start,8x8,tf:102,tf:99,true,p1,accepted,,830299,830301490923,26
tf_phase7_policy_standard_2026-08-20,standard_8x8_g102_vs_g99.jsonl,standard-random-8x8,standard,random-start,8x8,tf:99,tf:102,false,draw,accepted,,830299,830301490924,27
tf_phase7_policy_standard_2026-08-20,standard_8x8_g102_vs_g99.jsonl,standard-random-8x8,standard,random-start,8x8,tf:102,tf:99,true,p1,accepted,,830299,830301490925,28
tf_phase7_policy_standard_2026-08-20,standard_8x8_g102_vs_g99.jsonl,standard-random-8x8,standard,random-start,8x8,tf:99,tf:102,false,p1,accepted,,830299,830301490926,29
tf_phase7_policy_standard_2026-08-20,standard_8x8_g102_vs_g99.jsonl,standard-random-8x8,standard,random-start,8x8,tf:102,tf:99,true,draw,accepted,,830299,830301490927,30
tf_phase7_policy_standard_2026-08-20,standard_8x8_g102_vs_g99.jsonl,standard-random-8x8,standard,random-start,8x8,tf:99,tf:102,false,p1,accepted,,830299,830301490928,31
tf_phase7_policy_standard_2026-08-20,standard_8x8_g102_vs_g99.jsonl,standard-random-8x8,standard,random-start,8x8,tf:102,tf:99,true,p1,accepted,,830299,830301490929,32
tf_phase7_policy_standard_2026-08-20,standard_8x8_g102_vs_g99.jsonl,standard-random-8x8,standard,random-start,8x8,tf:99,tf:102,false,p1,accepted,,830299,830301490930,33
tf_phase7_policy_standard_2026-08-20,standard_8x8_g102_vs_g99.jsonl,standard-random-8x8,standard,random-start,8x8,tf:102,tf:99,true,p2,accepted,,830299,830301490931,34
tf_phase7_policy_standard_2026-08-20,standard_8x8_g102_vs_g99.jsonl,standard-random-8x8,standard,random-start,8x8,tf:99,tf:102,false,p1,accepted,,830299,830301490932,35
tf_phase7_policy_standard_2026-08-20,standard_8x8_g102_vs_g99.jsonl,standard-random-8x8,standard,random-start,8x8,tf:102,tf:99,true,p2,accepted,,830299,830301490933,36
tf_phase7_policy_standard_2026-08-20,standard_8x8_g102_vs_g99.jsonl,standard-random-8x8,standard,random-start,8x8,tf:99,tf:102,false,p2,accepted,,830299,830301490934,37
tf_phase7_policy_standard_2026-08-20,standard_8x8_g102_vs_g99.jsonl,standard-random-8x8,standard,random-start,8x8,tf:102,tf:99,true,p1,accepted,,830299,830301490935,38
tf_phase7_policy_standard_2026-08-20,standard_8x8_g102_vs_g99.jsonl,standard-random-8x8,standard,random-start,8x8,tf:99,tf:102,false,draw,accepted,,830299,830301490936,39
tf_phase7_policy_standard_2026-08-20,standard_8x8_g103_vs_g100.jsonl,standard-random-8x8,standard,random-start,8x8,tf:103,tf:100,true,draw,accepted,,830400,830402491200,0
tf_phase7_policy_standard_2026-08-20,standard_8x8_g103_vs_g100.jsonl,standard-random-8x8,standard,random-start,8x8,tf:100,tf:103,false,p2,accepted,,830400,830402491201,1
tf_phase7_policy_standard_2026-08-20,standard_8x8_g103_vs_g100.jsonl,standard-random-8x8,standard,random-start,8x8,tf:103,tf:100,true,draw,accepted,,830400,830402491202,2
tf_phase7_policy_standard_2026-08-20,standard_8x8_g103_vs_g100.jsonl,standard-random-8x8,standard,random-start,8x8,tf:100,tf:103,false,p2,accepted,,830400,830402491203,3
tf_phase7_policy_standard_2026-08-20,standard_8x8_g103_vs_g100.jsonl,standard-random-8x8,standard,random-start,8x8,tf:103,tf:100,true,p2,accepted,,830400,830402491204,4
tf_phase7_policy_standard_2026-08-20,standard_8x8_g103_vs_g100.jsonl,standard-random-8x8,standard,random-start,8x8,tf:100,tf:103,false,p1,accepted,,830400,830402491205,5
tf_phase7_policy_standard_2026-08-20,standard_8x8_g103_vs_g100.jsonl,standard-random-8x8,standard,random-start,8x8,tf:103,tf:100,true,p2,accepted,,830400,830402491206,6
tf_phase7_policy_standard_2026-08-20,standard_8x8_g103_vs_g100.jsonl,standard-random-8x8,standard,random-start,8x8,tf:100,tf:103,false,p2,accepted,,830400,830402491207,7
tf_phase7_policy_standard_2026-08-20,standard_8x8_g103_vs_g100.jsonl,standard-random-8x8,standard,random-start,8x8,tf:103,tf:100,true,p1,accepted,,830400,830402491208,8
tf_phase7_policy_standard_2026-08-20,standard_8x8_g103_vs_g100.jsonl,standard-random-8x8,standard,random-start,8x8,tf:100,tf:103,false,p1,accepted,,830400,830402491209,9
tf_phase7_policy_standard_2026-08-20,standard_8x8_g103_vs_g100.jsonl,standard-random-8x8,standard,random-start,8x8,tf:103,tf:100,true,p2,accepted,,830400,830402491210,10
tf_phase7_policy_standard_2026-08-20,standard_8x8_g103_vs_g100.jsonl,standard-random-8x8,standard,random-start,8x8,tf:100,tf:103,false,p2,accepted,,830400,830402491211,11
tf_phase7_policy_standard_2026-08-20,standard_8x8_g103_vs_g100.jsonl,standard-random-8x8,standard,random-start,8x8,tf:103,tf:100,true,p1,accepted,,830400,830402491212,12
tf_phase7_policy_standard_2026-08-20,standard_8x8_g103_vs_g100.jsonl,standard-random-8x8,standard,random-start,8x8,tf:100,tf:103,false,draw,accepted,,830400,830402491213,13
tf_phase7_policy_standard_2026-08-20,standard_8x8_g103_vs_g100.jsonl,standard-random-8x8,standard,random-start,8x8,tf:103,tf:100,true,p2,accepted,,830400,830402491214,14
tf_phase7_policy_standard_2026-08-20,standard_8x8_g103_vs_g100.jsonl,standard-random-8x8,standard,random-start,8x8,tf:100,tf:103,false,p1,accepted,,830400,830402491215,15
tf_phase7_policy_standard_2026-08-20,standard_8x8_g103_vs_g100.jsonl,standard-random-8x8,standard,random-start,8x8,tf:103,tf:100,true,draw,accepted,,830400,830402491216,16
tf_phase7_policy_standard_2026-08-20,standard_8x8_g103_vs_g100.jsonl,standard-random-8x8,standard,random-start,8x8,tf:100,tf:103,false,p1,accepted,,830400,830402491217,17
tf_phase7_policy_standard_2026-08-20,standard_8x8_g103_vs_g100.jsonl,standard-random-8x8,standard,random-start,8x8,tf:103,tf:100,true,p2,accepted,,830400,830402491218,18
tf_phase7_policy_standard_2026-08-20,standard_8x8_g103_vs_g100.jsonl,standard-random-8x8,standard,random-start,8x8,tf:100,tf:103,false,p2,accepted,,830400,830402491219,19
tf_phase7_policy_standard_2026-08-20,standard_8x8_g103_vs_g100.jsonl,standard-random-8x8,standard,random-start,8x8,tf:103,tf:100,true,p1,accepted,,830400,830402491220,20
tf_phase7_policy_standard_2026-08-20,standard_8x8_g103_vs_g100.jsonl,standard-random-8x8,standard,random-start,8x8,tf:100,tf:103,false,p2,accepted,,830400,830402491221,21
tf_phase7_policy_standard_2026-08-20,standard_8x8_g103_vs_g100.jsonl,standard-random-8x8,standard,random-start,8x8,tf:103,tf:100,true,draw,accepted,,830400,830402491222,22
tf_phase7_policy_standard_2026-08-20,standard_8x8_g103_vs_g100.jsonl,standard-random-8x8,standard,random-start,8x8,tf:100,tf:103,false,p2,accepted,,830400,830402491223,23
tf_phase7_policy_standard_2026-08-20,standard_8x8_g103_vs_g100.jsonl,standard-random-8x8,standard,random-start,8x8,tf:103,tf:100,true,p1,accepted,,830400,830402491224,24
tf_phase7_policy_standard_2026-08-20,standard_8x8_g103_vs_g100.jsonl,standard-random-8x8,standard,random-start,8x8,tf:100,tf:103,false,p2,accepted,,830400,830402491225,25
tf_phase7_policy_standard_2026-08-20,standard_8x8_g103_vs_g100.jsonl,standard-random-8x8,standard,random-start,8x8,tf:103,tf:100,true,p2,accepted,,830400,830402491226,26
tf_phase7_policy_standard_2026-08-20,standard_8x8_g103_vs_g100.jsonl,standard-random-8x8,standard,random-start,8x8,tf:100,tf:103,false,p2,accepted,,830400,830402491227,27
tf_phase7_policy_standard_2026-08-20,standard_8x8_g103_vs_g100.jsonl,standard-random-8x8,standard,random-start,8x8,tf:103,tf:100,true,p1,accepted,,830400,830402491228,28
tf_phase7_policy_standard_2026-08-20,standard_8x8_g103_vs_g100.jsonl,standard-random-8x8,standard,random-start,8x8,tf:100,tf:103,false,p2,accepted,,830400,830402491229,29
tf_phase7_policy_standard_2026-08-20,standard_8x8_g103_vs_g100.jsonl,standard-random-8x8,standard,random-start,8x8,tf:103,tf:100,true,p1,accepted,,830400,830402491230,30
tf_phase7_policy_standard_2026-08-20,standard_8x8_g103_vs_g100.jsonl,standard-random-8x8,standard,random-start,8x8,tf:100,tf:103,false,draw,accepted,,830400,830402491231,31
tf_phase7_policy_standard_2026-08-20,standard_8x8_g103_vs_g100.jsonl,standard-random-8x8,standard,random-start,8x8,tf:103,tf:100,true,p2,accepted,,830400,830402491232,32
tf_phase7_policy_standard_2026-08-20,standard_8x8_g103_vs_g100.jsonl,standard-random-8x8,standard,random-start,8x8,tf:100,tf:103,false,p1,accepted,,830400,830402491233,33
tf_phase7_policy_standard_2026-08-20,standard_8x8_g103_vs_g100.jsonl,standard-random-8x8,standard,random-start,8x8,tf:103,tf:100,true,p2,accepted,,830400,830402491234,34
tf_phase7_policy_standard_2026-08-20,standard_8x8_g103_vs_g100.jsonl,standard-random-8x8,standard,random-start,8x8,tf:100,tf:103,false,p1,accepted,,830400,830402491235,35
tf_phase7_policy_standard_2026-08-20,standard_8x8_g103_vs_g100.jsonl,standard-random-8x8,standard,random-start,8x8,tf:103,tf:100,true,draw,accepted,,830400,830402491236,36
tf_phase7_policy_standard_2026-08-20,standard_8x8_g103_vs_g100.jsonl,standard-random-8x8,standard,random-start,8x8,tf:100,tf:103,false,p2,accepted,,830400,830402491237,37
tf_phase7_policy_standard_2026-08-20,standard_8x8_g103_vs_g100.jsonl,standard-random-8x8,standard,random-start,8x8,tf:103,tf:100,true,draw,accepted,,830400,830402491238,38
tf_phase7_policy_standard_2026-08-20,standard_8x8_g103_vs_g100.jsonl,standard-random-8x8,standard,random-start,8x8,tf:100,tf:103,false,p2,accepted,,830400,830402491239,39
tf_phase7_policy_standard_2026-08-20,standard_8x8_g103_vs_g102.jsonl,standard-random-8x8,standard,random-start,8x8,tf:103,tf:102,true,p1,accepted,,830402,830404491206,0
tf_phase7_policy_standard_2026-08-20,standard_8x8_g103_vs_g102.jsonl,standard-random-8x8,standard,random-start,8x8,tf:102,tf:103,false,p1,accepted,,830402,830404491207,1
tf_phase7_policy_standard_2026-08-20,standard_8x8_g103_vs_g102.jsonl,standard-random-8x8,standard,random-start,8x8,tf:103,tf:102,true,p2,accepted,,830402,830404491208,2
tf_phase7_policy_standard_2026-08-20,standard_8x8_g103_vs_g102.jsonl,standard-random-8x8,standard,random-start,8x8,tf:102,tf:103,false,p2,accepted,,830402,830404491209,3
tf_phase7_policy_standard_2026-08-20,standard_8x8_g103_vs_g102.jsonl,standard-random-8x8,standard,random-start,8x8,tf:103,tf:102,true,p2,accepted,,830402,830404491210,4
tf_phase7_policy_standard_2026-08-20,standard_8x8_g103_vs_g102.jsonl,standard-random-8x8,standard,random-start,8x8,tf:102,tf:103,false,p1,accepted,,830402,830404491211,5
tf_phase7_policy_standard_2026-08-20,standard_8x8_g103_vs_g102.jsonl,standard-random-8x8,standard,random-start,8x8,tf:103,tf:102,true,p1,accepted,,830402,830404491212,6
tf_phase7_policy_standard_2026-08-20,standard_8x8_g103_vs_g102.jsonl,standard-random-8x8,standard,random-start,8x8,tf:102,tf:103,false,p1,accepted,,830402,830404491213,7
tf_phase7_policy_standard_2026-08-20,standard_8x8_g103_vs_g102.jsonl,standard-random-8x8,standard,random-start,8x8,tf:103,tf:102,true,p1,accepted,,830402,830404491214,8
tf_phase7_policy_standard_2026-08-20,standard_8x8_g103_vs_g102.jsonl,standard-random-8x8,standard,random-start,8x8,tf:102,tf:103,false,p1,accepted,,830402,830404491215,9
tf_phase7_policy_standard_2026-08-20,standard_8x8_g103_vs_g102.jsonl,standard-random-8x8,standard,random-start,8x8,tf:103,tf:102,true,p1,accepted,,830402,830404491216,10
tf_phase7_policy_standard_2026-08-20,standard_8x8_g103_vs_g102.jsonl,standard-random-8x8,standard,random-start,8x8,tf:102,tf:103,false,p1,accepted,,830402,830404491217,11
tf_phase7_policy_standard_2026-08-20,standard_8x8_g103_vs_g102.jsonl,standard-random-8x8,standard,random-start,8x8,tf:103,tf:102,true,p2,accepted,,830402,830404491218,12
tf_phase7_policy_standard_2026-08-20,standard_8x8_g103_vs_g102.jsonl,standard-random-8x8,standard,random-start,8x8,tf:102,tf:103,false,p1,accepted,,830402,830404491219,13
tf_phase7_policy_standard_2026-08-20,standard_8x8_g103_vs_g102.jsonl,standard-random-8x8,standard,random-start,8x8,tf:103,tf:102,true,p1,accepted,,830402,830404491220,14
tf_phase7_policy_standard_2026-08-20,standard_8x8_g103_vs_g102.jsonl,standard-random-8x8,standard,random-start,8x8,tf:102,tf:103,false,p1,accepted,,830402,830404491221,15
tf_phase7_policy_standard_2026-08-20,standard_8x8_g103_vs_g102.jsonl,standard-random-8x8,standard,random-start,8x8,tf:103,tf:102,true,draw,accepted,,830402,830404491222,16
tf_phase7_policy_standard_2026-08-20,standard_8x8_g103_vs_g102.jsonl,standard-random-8x8,standard,random-start,8x8,tf:102,tf:103,false,p1,accepted,,830402,830404491223,17
tf_phase7_policy_standard_2026-08-20,standard_8x8_g103_vs_g102.jsonl,standard-random-8x8,standard,random-start,8x8,tf:103,tf:102,true,draw,accepted,,830402,830404491224,18
tf_phase7_policy_standard_2026-08-20,standard_8x8_g103_vs_g102.jsonl,standard-random-8x8,standard,random-start,8x8,tf:102,tf:103,false,p2,accepted,,830402,830404491225,19
tf_phase7_policy_standard_2026-08-20,standard_8x8_g103_vs_g102.jsonl,standard-random-8x8,standard,random-start,8x8,tf:103,tf:102,true,draw,accepted,,830402,830404491226,20
tf_phase7_policy_standard_2026-08-20,standard_8x8_g103_vs_g102.jsonl,standard-random-8x8,standard,random-start,8x8,tf:102,tf:103,false,p2,accepted,,830402,830404491227,21
tf_phase7_policy_standard_2026-08-20,standard_8x8_g103_vs_g102.jsonl,standard-random-8x8,standard,random-start,8x8,tf:103,tf:102,true,p1,accepted,,830402,830404491228,22
tf_phase7_policy_standard_2026-08-20,standard_8x8_g103_vs_g102.jsonl,standard-random-8x8,standard,random-start,8x8,tf:102,tf:103,false,p1,accepted,,830402,830404491229,23
tf_phase7_policy_standard_2026-08-20,standard_8x8_g103_vs_g102.jsonl,standard-random-8x8,standard,random-start,8x8,tf:103,tf:102,true,draw,accepted,,830402,830404491230,24
tf_phase7_policy_standard_2026-08-20,standard_8x8_g103_vs_g102.jsonl,standard-random-8x8,standard,random-start,8x8,tf:102,tf:103,false,p2,accepted,,830402,830404491231,25
tf_phase7_policy_standard_2026-08-20,standard_8x8_g103_vs_g102.jsonl,standard-random-8x8,standard,random-start,8x8,tf:103,tf:102,true,draw,accepted,,830402,830404491232,26
tf_phase7_policy_standard_2026-08-20,standard_8x8_g103_vs_g102.jsonl,standard-random-8x8,standard,random-start,8x8,tf:102,tf:103,false,draw,accepted,,830402,830404491233,27
tf_phase7_policy_standard_2026-08-20,standard_8x8_g103_vs_g102.jsonl,standard-random-8x8,standard,random-start,8x8,tf:103,tf:102,true,p1,accepted,,830402,830404491234,28
tf_phase7_policy_standard_2026-08-20,standard_8x8_g103_vs_g102.jsonl,standard-random-8x8,standard,random-start,8x8,tf:102,tf:103,false,p1,accepted,,830402,830404491235,29
tf_phase7_policy_standard_2026-08-20,standard_8x8_g103_vs_g102.jsonl,standard-random-8x8,standard,random-start,8x8,tf:103,tf:102,true,draw,accepted,,830402,830404491236,30
tf_phase7_policy_standard_2026-08-20,standard_8x8_g103_vs_g102.jsonl,standard-random-8x8,standard,random-start,8x8,tf:102,tf:103,false,p1,accepted,,830402,830404491237,31
tf_phase7_policy_standard_2026-08-20,standard_8x8_g103_vs_g102.jsonl,standard-random-8x8,standard,random-start,8x8,tf:103,tf:102,true,draw,accepted,,830402,830404491238,32
tf_phase7_policy_standard_2026-08-20,standard_8x8_g103_vs_g102.jsonl,standard-random-8x8,standard,random-start,8x8,tf:102,tf:103,false,p2,accepted,,830402,830404491239,33
tf_phase7_policy_standard_2026-08-20,standard_8x8_g103_vs_g102.jsonl,standard-random-8x8,standard,random-start,8x8,tf:103,tf:102,true,p2,accepted,,830402,830404491240,34
tf_phase7_policy_standard_2026-08-20,standard_8x8_g103_vs_g102.jsonl,standard-random-8x8,standard,random-start,8x8,tf:102,tf:103,false,p1,accepted,,830402,830404491241,35
tf_phase7_policy_standard_2026-08-20,standard_8x8_g103_vs_g102.jsonl,standard-random-8x8,standard,random-start,8x8,tf:103,tf:102,true,p2,accepted,,830402,830404491242,36
tf_phase7_policy_standard_2026-08-20,standard_8x8_g103_vs_g102.jsonl,standard-random-8x8,standard,random-start,8x8,tf:102,tf:103,false,p2,accepted,,830402,830404491243,37
tf_phase7_policy_standard_2026-08-20,standard_8x8_g103_vs_g102.jsonl,standard-random-8x8,standard,random-start,8x8,tf:103,tf:102,true,p2,accepted,,830402,830404491244,38
tf_phase7_policy_standard_2026-08-20,standard_8x8_g103_vs_g102.jsonl,standard-random-8x8,standard,random-start,8x8,tf:102,tf:103,false,p2,accepted,,830402,830404491245,39
tf_phase7_policy_standard_2026-08-20,standard_8x8_g103_vs_g97.jsonl,standard-random-8x8,standard,random-start,8x8,tf:103,tf:97,true,p1,accepted,,830397,830399491191,0
tf_phase7_policy_standard_2026-08-20,standard_8x8_g103_vs_g97.jsonl,standard-random-8x8,standard,random-start,8x8,tf:97,tf:103,false,p1,accepted,,830397,830399491192,1
tf_phase7_policy_standard_2026-08-20,standard_8x8_g103_vs_g97.jsonl,standard-random-8x8,standard,random-start,8x8,tf:103,tf:97,true,p1,accepted,,830397,830399491193,2
tf_phase7_policy_standard_2026-08-20,standard_8x8_g103_vs_g97.jsonl,standard-random-8x8,standard,random-start,8x8,tf:97,tf:103,false,p1,accepted,,830397,830399491194,3
tf_phase7_policy_standard_2026-08-20,standard_8x8_g103_vs_g97.jsonl,standard-random-8x8,standard,random-start,8x8,tf:103,tf:97,true,p1,accepted,,830397,830399491195,4
tf_phase7_policy_standard_2026-08-20,standard_8x8_g103_vs_g97.jsonl,standard-random-8x8,standard,random-start,8x8,tf:97,tf:103,false,p1,accepted,,830397,830399491196,5
tf_phase7_policy_standard_2026-08-20,standard_8x8_g103_vs_g97.jsonl,standard-random-8x8,standard,random-start,8x8,tf:103,tf:97,true,p1,accepted,,830397,830399491197,6
tf_phase7_policy_standard_2026-08-20,standard_8x8_g103_vs_g97.jsonl,standard-random-8x8,standard,random-start,8x8,tf:97,tf:103,false,p1,accepted,,830397,830399491198,7
tf_phase7_policy_standard_2026-08-20,standard_8x8_g103_vs_g97.jsonl,standard-random-8x8,standard,random-start,8x8,tf:103,tf:97,true,p1,accepted,,830397,830399491199,8
tf_phase7_policy_standard_2026-08-20,standard_8x8_g103_vs_g97.jsonl,standard-random-8x8,standard,random-start,8x8,tf:97,tf:103,false,p1,accepted,,830397,830399491200,9
tf_phase7_policy_standard_2026-08-20,standard_8x8_g103_vs_g97.jsonl,standard-random-8x8,standard,random-start,8x8,tf:103,tf:97,true,p2,accepted,,830397,830399491201,10
tf_phase7_policy_standard_2026-08-20,standard_8x8_g103_vs_g97.jsonl,standard-random-8x8,standard,random-start,8x8,tf:97,tf:103,false,p1,accepted,,830397,830399491202,11
tf_phase7_policy_standard_2026-08-20,standard_8x8_g103_vs_g97.jsonl,standard-random-8x8,standard,random-start,8x8,tf:103,tf:97,true,p2,accepted,,830397,830399491203,12
tf_phase7_policy_standard_2026-08-20,standard_8x8_g103_vs_g97.jsonl,standard-random-8x8,standard,random-start,8x8,tf:97,tf:103,false,draw,accepted,,830397,830399491204,13
tf_phase7_policy_standard_2026-08-20,standard_8x8_g103_vs_g97.jsonl,standard-random-8x8,standard,random-start,8x8,tf:103,tf:97,true,p1,accepted,,830397,830399491205,14
tf_phase7_policy_standard_2026-08-20,standard_8x8_g103_vs_g97.jsonl,standard-random-8x8,standard,random-start,8x8,tf:97,tf:103,false,p1,accepted,,830397,830399491206,15
tf_phase7_policy_standard_2026-08-20,standard_8x8_g103_vs_g97.jsonl,standard-random-8x8,standard,random-start,8x8,tf:103,tf:97,true,p1,accepted,,830397,830399491207,16
tf_phase7_policy_standard_2026-08-20,standard_8x8_g103_vs_g97.jsonl,standard-random-8x8,standard,random-start,8x8,tf:97,tf:103,false,p2,accepted,,830397,830399491208,17
tf_phase7_policy_standard_2026-08-20,standard_8x8_g103_vs_g97.jsonl,standard-random-8x8,standard,random-start,8x8,tf:103,tf:97,true,p1,accepted,,830397,830399491209,18
tf_phase7_policy_standard_2026-08-20,standard_8x8_g103_vs_g97.jsonl,standard-random-8x8,standard,random-start,8x8,tf:97,tf:103,false,p1,accepted,,830397,830399491210,19
tf_phase7_policy_standard_2026-08-20,standard_8x8_g103_vs_g97.jsonl,standard-random-8x8,standard,random-start,8x8,tf:103,tf:97,true,p1,accepted,,830397,830399491211,20
tf_phase7_policy_standard_2026-08-20,standard_8x8_g103_vs_g97.jsonl,standard-random-8x8,standard,random-start,8x8,tf:97,tf:103,false,p2,accepted,,830397,830399491212,21
tf_phase7_policy_standard_2026-08-20,standard_8x8_g103_vs_g97.jsonl,standard-random-8x8,standard,random-start,8x8,tf:103,tf:97,true,draw,accepted,,830397,830399491213,22
tf_phase7_policy_standard_2026-08-20,standard_8x8_g103_vs_g97.jsonl,standard-random-8x8,standard,random-start,8x8,tf:97,tf:103,false,p2,accepted,,830397,830399491214,23
tf_phase7_policy_standard_2026-08-20,standard_8x8_g103_vs_g97.jsonl,standard-random-8x8,standard,random-start,8x8,tf:103,tf:97,true,p1,accepted,,830397,830399491215,24
tf_phase7_policy_standard_2026-08-20,standard_8x8_g103_vs_g97.jsonl,standard-random-8x8,standard,random-start,8x8,tf:97,tf:103,false,p2,accepted,,830397,830399491216,25
tf_phase7_policy_standard_2026-08-20,standard_8x8_g103_vs_g97.jsonl,standard-random-8x8,standard,random-start,8x8,tf:103,tf:97,true,p1,accepted,,830397,830399491217,26
tf_phase7_policy_standard_2026-08-20,standard_8x8_g103_vs_g97.jsonl,standard-random-8x8,standard,random-start,8x8,tf:97,tf:103,false,p2,accepted,,830397,830399491218,27
tf_phase7_policy_standard_2026-08-20,standard_8x8_g103_vs_g97.jsonl,standard-random-8x8,standard,random-start,8x8,tf:103,tf:97,true,p1,accepted,,830397,830399491219,28
tf_phase7_policy_standard_2026-08-20,standard_8x8_g103_vs_g97.jsonl,standard-random-8x8,standard,random-start,8x8,tf:97,tf:103,false,p1,accepted,,830397,830399491220,29
tf_phase7_policy_standard_2026-08-20,standard_8x8_g103_vs_g97.jsonl,standard-random-8x8,standard,random-start,8x8,tf:103,tf:97,true,p2,accepted,,830397,830399491221,30
tf_phase7_policy_standard_2026-08-20,standard_8x8_g103_vs_g97.jsonl,standard-random-8x8,standard,random-start,8x8,tf:97,tf:103,false,p2,accepted,,830397,830399491222,31
tf_phase7_policy_standard_2026-08-20,standard_8x8_g103_vs_g97.jsonl,standard-random-8x8,standard,random-start,8x8,tf:103,tf:97,true,p2,accepted,,830397,830399491223,32
tf_phase7_policy_standard_2026-08-20,standard_8x8_g103_vs_g97.jsonl,standard-random-8x8,standard,random-start,8x8,tf:97,tf:103,false,p1,accepted,,830397,830399491224,33
tf_phase7_policy_standard_2026-08-20,standard_8x8_g103_vs_g97.jsonl,standard-random-8x8,standard,random-start,8x8,tf:103,tf:97,true,p1,accepted,,830397,830399491225,34
tf_phase7_policy_standard_2026-08-20,standard_8x8_g103_vs_g97.jsonl,standard-random-8x8,standard,random-start,8x8,tf:97,tf:103,false,p1,accepted,,830397,830399491226,35
tf_phase7_policy_standard_2026-08-20,standard_8x8_g103_vs_g97.jsonl,standard-random-8x8,standard,random-start,8x8,tf:103,tf:97,true,p1,accepted,,830397,830399491227,36
tf_phase7_policy_standard_2026-08-20,standard_8x8_g103_vs_g97.jsonl,standard-random-8x8,standard,random-start,8x8,tf:97,tf:103,false,p2,accepted,,830397,830399491228,37
tf_phase7_policy_standard_2026-08-20,standard_8x8_g103_vs_g97.jsonl,standard-random-8x8,standard,random-start,8x8,tf:103,tf:97,true,p1,accepted,,830397,830399491229,38
tf_phase7_policy_standard_2026-08-20,standard_8x8_g103_vs_g97.jsonl,standard-random-8x8,standard,random-start,8x8,tf:97,tf:103,false,p1,accepted,,830397,830399491230,39
tf_phase7_policy_standard_2026-08-20,standard_8x8_g104_vs_g101.jsonl,standard-random-8x8,standard,random-start,8x8,tf:104,tf:101,true,p1,accepted,,830501,830503491503,0
tf_phase7_policy_standard_2026-08-20,standard_8x8_g104_vs_g101.jsonl,standard-random-8x8,standard,random-start,8x8,tf:101,tf:104,false,p2,accepted,,830501,830503491504,1
tf_phase7_policy_standard_2026-08-20,standard_8x8_g104_vs_g101.jsonl,standard-random-8x8,standard,random-start,8x8,tf:104,tf:101,true,p2,accepted,,830501,830503491505,2
tf_phase7_policy_standard_2026-08-20,standard_8x8_g104_vs_g101.jsonl,standard-random-8x8,standard,random-start,8x8,tf:101,tf:104,false,p1,accepted,,830501,830503491506,3
tf_phase7_policy_standard_2026-08-20,standard_8x8_g104_vs_g101.jsonl,standard-random-8x8,standard,random-start,8x8,tf:104,tf:101,true,p2,accepted,,830501,830503491507,4
tf_phase7_policy_standard_2026-08-20,standard_8x8_g104_vs_g101.jsonl,standard-random-8x8,standard,random-start,8x8,tf:101,tf:104,false,p1,accepted,,830501,830503491508,5
tf_phase7_policy_standard_2026-08-20,standard_8x8_g104_vs_g101.jsonl,standard-random-8x8,standard,random-start,8x8,tf:104,tf:101,true,p1,accepted,,830501,830503491509,6
tf_phase7_policy_standard_2026-08-20,standard_8x8_g104_vs_g101.jsonl,standard-random-8x8,standard,random-start,8x8,tf:101,tf:104,false,draw,accepted,,830501,830503491510,7
tf_phase7_policy_standard_2026-08-20,standard_8x8_g104_vs_g101.jsonl,standard-random-8x8,standard,random-start,8x8,tf:104,tf:101,true,p2,accepted,,830501,830503491511,8
tf_phase7_policy_standard_2026-08-20,standard_8x8_g104_vs_g101.jsonl,standard-random-8x8,standard,random-start,8x8,tf:101,tf:104,false,p1,accepted,,830501,830503491512,9
tf_phase7_policy_standard_2026-08-20,standard_8x8_g104_vs_g101.jsonl,standard-random-8x8,standard,random-start,8x8,tf:104,tf:101,true,draw,accepted,,830501,830503491513,10
tf_phase7_policy_standard_2026-08-20,standard_8x8_g104_vs_g101.jsonl,standard-random-8x8,standard,random-start,8x8,tf:101,tf:104,false,p2,accepted,,830501,830503491514,11
tf_phase7_policy_standard_2026-08-20,standard_8x8_g104_vs_g101.jsonl,standard-random-8x8,standard,random-start,8x8,tf:104,tf:101,true,p1,accepted,,830501,830503491515,12
tf_phase7_policy_standard_2026-08-20,standard_8x8_g104_vs_g101.jsonl,standard-random-8x8,standard,random-start,8x8,tf:101,tf:104,false,draw,accepted,,830501,830503491516,13
tf_phase7_policy_standard_2026-08-20,standard_8x8_g104_vs_g101.jsonl,standard-random-8x8,standard,random-start,8x8,tf:104,tf:101,true,p2,accepted,,830501,830503491517,14
tf_phase7_policy_standard_2026-08-20,standard_8x8_g104_vs_g101.jsonl,standard-random-8x8,standard,random-start,8x8,tf:101,tf:104,false,draw,accepted,,830501,830503491518,15
tf_phase7_policy_standard_2026-08-20,standard_8x8_g104_vs_g101.jsonl,standard-random-8x8,standard,random-start,8x8,tf:104,tf:101,true,p1,accepted,,830501,830503491519,16
tf_phase7_policy_standard_2026-08-20,standard_8x8_g104_vs_g101.jsonl,standard-random-8x8,standard,random-start,8x8,tf:101,tf:104,false,p1,accepted,,830501,830503491520,17
tf_phase7_policy_standard_2026-08-20,standard_8x8_g104_vs_g101.jsonl,standard-random-8x8,standard,random-start,8x8,tf:104,tf:101,true,p2,accepted,,830501,830503491521,18
tf_phase7_policy_standard_2026-08-20,standard_8x8_g104_vs_g101.jsonl,standard-random-8x8,standard,random-start,8x8,tf:101,tf:104,false,p2,accepted,,830501,830503491522,19
tf_phase7_policy_standard_2026-08-20,standard_8x8_g104_vs_g101.jsonl,standard-random-8x8,standard,random-start,8x8,tf:104,tf:101,true,p1,accepted,,830501,830503491523,20
tf_phase7_policy_standard_2026-08-20,standard_8x8_g104_vs_g101.jsonl,standard-random-8x8,standard,random-start,8x8,tf:101,tf:104,false,p1,accepted,,830501,830503491524,21
tf_phase7_policy_standard_2026-08-20,standard_8x8_g104_vs_g101.jsonl,standard-random-8x8,standard,random-start,8x8,tf:104,tf:101,true,draw,accepted,,830501,830503491525,22
tf_phase7_policy_standard_2026-08-20,standard_8x8_g104_vs_g101.jsonl,standard-random-8x8,standard,random-start,8x8,tf:101,tf:104,false,draw,accepted,,830501,830503491526,23
tf_phase7_policy_standard_2026-08-20,standard_8x8_g104_vs_g101.jsonl,standard-random-8x8,standard,random-start,8x8,tf:104,tf:101,true,p2,accepted,,830501,830503491527,24
tf_phase7_policy_standard_2026-08-20,standard_8x8_g104_vs_g101.jsonl,standard-random-8x8,standard,random-start,8x8,tf:101,tf:104,false,draw,accepted,,830501,830503491528,25
tf_phase7_policy_standard_2026-08-20,standard_8x8_g104_vs_g101.jsonl,standard-random-8x8,standard,random-start,8x8,tf:104,tf:101,true,p1,accepted,,830501,830503491529,26
tf_phase7_policy_standard_2026-08-20,standard_8x8_g104_vs_g101.jsonl,standard-random-8x8,standard,random-start,8x8,tf:101,tf:104,false,p2,accepted,,830501,830503491530,27
tf_phase7_policy_standard_2026-08-20,standard_8x8_g104_vs_g101.jsonl,standard-random-8x8,standard,random-start,8x8,tf:104,tf:101,true,draw,accepted,,830501,830503491531,28
tf_phase7_policy_standard_2026-08-20,standard_8x8_g104_vs_g101.jsonl,standard-random-8x8,standard,random-start,8x8,tf:101,tf:104,false,p1,accepted,,830501,830503491532,29
tf_phase7_policy_standard_2026-08-20,standard_8x8_g104_vs_g101.jsonl,standard-random-8x8,standard,random-start,8x8,tf:104,tf:101,true,p2,accepted,,830501,830503491533,30
tf_phase7_policy_standard_2026-08-20,standard_8x8_g104_vs_g101.jsonl,standard-random-8x8,standard,random-start,8x8,tf:101,tf:104,false,p1,accepted,,830501,830503491534,31
tf_phase7_policy_standard_2026-08-20,standard_8x8_g104_vs_g101.jsonl,standard-random-8x8,standard,random-start,8x8,tf:104,tf:101,true,p1,accepted,,830501,830503491535,32
tf_phase7_policy_standard_2026-08-20,standard_8x8_g104_vs_g101.jsonl,standard-random-8x8,standard,random-start,8x8,tf:101,tf:104,false,p1,accepted,,830501,830503491536,33
tf_phase7_policy_standard_2026-08-20,standard_8x8_g104_vs_g101.jsonl,standard-random-8x8,standard,random-start,8x8,tf:104,tf:101,true,draw,accepted,,830501,830503491537,34
tf_phase7_policy_standard_2026-08-20,standard_8x8_g104_vs_g101.jsonl,standard-random-8x8,standard,random-start,8x8,tf:101,tf:104,false,p2,accepted,,830501,830503491538,35
tf_phase7_policy_standard_2026-08-20,standard_8x8_g104_vs_g101.jsonl,standard-random-8x8,standard,random-start,8x8,tf:104,tf:101,true,p1,accepted,,830501,830503491539,36
tf_phase7_policy_standard_2026-08-20,standard_8x8_g104_vs_g101.jsonl,standard-random-8x8,standard,random-start,8x8,tf:101,tf:104,false,p1,accepted,,830501,830503491540,37
tf_phase7_policy_standard_2026-08-20,standard_8x8_g104_vs_g101.jsonl,standard-random-8x8,standard,random-start,8x8,tf:104,tf:101,true,p2,accepted,,830501,830503491541,38
tf_phase7_policy_standard_2026-08-20,standard_8x8_g104_vs_g101.jsonl,standard-random-8x8,standard,random-start,8x8,tf:101,tf:104,false,p2,accepted,,830501,830503491542,39
tf_phase7_policy_standard_2026-08-20,standard_8x8_g104_vs_g103.jsonl,standard-random-8x8,standard,random-start,8x8,tf:104,tf:103,true,p2,accepted,,830503,830505491509,0
tf_phase7_policy_standard_2026-08-20,standard_8x8_g104_vs_g103.jsonl,standard-random-8x8,standard,random-start,8x8,tf:103,tf:104,false,p1,accepted,,830503,830505491510,1
tf_phase7_policy_standard_2026-08-20,standard_8x8_g104_vs_g103.jsonl,standard-random-8x8,standard,random-start,8x8,tf:104,tf:103,true,p1,accepted,,830503,830505491511,2
tf_phase7_policy_standard_2026-08-20,standard_8x8_g104_vs_g103.jsonl,standard-random-8x8,standard,random-start,8x8,tf:103,tf:104,false,p2,accepted,,830503,830505491512,3
tf_phase7_policy_standard_2026-08-20,standard_8x8_g104_vs_g103.jsonl,standard-random-8x8,standard,random-start,8x8,tf:104,tf:103,true,p2,accepted,,830503,830505491513,4
tf_phase7_policy_standard_2026-08-20,standard_8x8_g104_vs_g103.jsonl,standard-random-8x8,standard,random-start,8x8,tf:103,tf:104,false,p2,accepted,,830503,830505491514,5
tf_phase7_policy_standard_2026-08-20,standard_8x8_g104_vs_g103.jsonl,standard-random-8x8,standard,random-start,8x8,tf:104,tf:103,true,p1,accepted,,830503,830505491515,6
tf_phase7_policy_standard_2026-08-20,standard_8x8_g104_vs_g103.jsonl,standard-random-8x8,standard,random-start,8x8,tf:103,tf:104,false,p1,accepted,,830503,830505491516,7
tf_phase7_policy_standard_2026-08-20,standard_8x8_g104_vs_g103.jsonl,standard-random-8x8,standard,random-start,8x8,tf:104,tf:103,true,p1,accepted,,830503,830505491517,8
tf_phase7_policy_standard_2026-08-20,standard_8x8_g104_vs_g103.jsonl,standard-random-8x8,standard,random-start,8x8,tf:103,tf:104,false,p1,accepted,,830503,830505491518,9
tf_phase7_policy_standard_2026-08-20,standard_8x8_g104_vs_g103.jsonl,standard-random-8x8,standard,random-start,8x8,tf:104,tf:103,true,p1,accepted,,830503,830505491519,10
tf_phase7_policy_standard_2026-08-20,standard_8x8_g104_vs_g103.jsonl,standard-random-8x8,standard,random-start,8x8,tf:103,tf:104,false,p1,accepted,,830503,830505491520,11
tf_phase7_policy_standard_2026-08-20,standard_8x8_g104_vs_g103.jsonl,standard-random-8x8,standard,random-start,8x8,tf:104,tf:103,true,p2,accepted,,830503,830505491521,12
tf_phase7_policy_standard_2026-08-20,standard_8x8_g104_vs_g103.jsonl,standard-random-8x8,standard,random-start,8x8,tf:103,tf:104,false,draw,accepted,,830503,830505491522,13
tf_phase7_policy_standard_2026-08-20,standard_8x8_g104_vs_g103.jsonl,standard-random-8x8,standard,random-start,8x8,tf:104,tf:103,true,p1,accepted,,830503,830505491523,14
tf_phase7_policy_standard_2026-08-20,standard_8x8_g104_vs_g103.jsonl,standard-random-8x8,standard,random-start,8x8,tf:103,tf:104,false,p1,accepted,,830503,830505491524,15
tf_phase7_policy_standard_2026-08-20,standard_8x8_g104_vs_g103.jsonl,standard-random-8x8,standard,random-start,8x8,tf:104,tf:103,true,p1,accepted,,830503,830505491525,16
tf_phase7_policy_standard_2026-08-20,standard_8x8_g104_vs_g103.jsonl,standard-random-8x8,standard,random-start,8x8,tf:103,tf:104,false,p2,accepted,,830503,830505491526,17
tf_phase7_policy_standard_2026-08-20,standard_8x8_g104_vs_g103.jsonl,standard-random-8x8,standard,random-start,8x8,tf:104,tf:103,true,p2,accepted,,830503,830505491527,18
tf_phase7_policy_standard_2026-08-20,standard_8x8_g104_vs_g103.jsonl,standard-random-8x8,standard,random-start,8x8,tf:103,tf:104,false,p1,accepted,,830503,830505491528,19
tf_phase7_policy_standard_2026-08-20,standard_8x8_g104_vs_g103.jsonl,standard-random-8x8,standard,random-start,8x8,tf:104,tf:103,true,p2,accepted,,830503,830505491529,20
tf_phase7_policy_standard_2026-08-20,standard_8x8_g104_vs_g103.jsonl,standard-random-8x8,standard,random-start,8x8,tf:103,tf:104,false,draw,accepted,,830503,830505491530,21
tf_phase7_policy_standard_2026-08-20,standard_8x8_g104_vs_g103.jsonl,standard-random-8x8,standard,random-start,8x8,tf:104,tf:103,true,draw,accepted,,830503,830505491531,22
tf_phase7_policy_standard_2026-08-20,standard_8x8_g104_vs_g103.jsonl,standard-random-8x8,standard,random-start,8x8,tf:103,tf:104,false,draw,accepted,,830503,830505491532,23
tf_phase7_policy_standard_2026-08-20,standard_8x8_g104_vs_g103.jsonl,standard-random-8x8,standard,random-start,8x8,tf:104,tf:103,true,p2,accepted,,830503,830505491533,24
tf_phase7_policy_standard_2026-08-20,standard_8x8_g104_vs_g103.jsonl,standard-random-8x8,standard,random-start,8x8,tf:103,tf:104,false,draw,accepted,,830503,830505491534,25
tf_phase7_policy_standard_2026-08-20,standard_8x8_g104_vs_g103.jsonl,standard-random-8x8,standard,random-start,8x8,tf:104,tf:103,true,p2,accepted,,830503,830505491535,26
tf_phase7_policy_standard_2026-08-20,standard_8x8_g104_vs_g103.jsonl,standard-random-8x8,standard,random-start,8x8,tf:103,tf:104,false,p2,accepted,,830503,830505491536,27
tf_phase7_policy_standard_2026-08-20,standard_8x8_g104_vs_g103.jsonl,standard-random-8x8,standard,random-start,8x8,tf:104,tf:103,true,p2,accepted,,830503,830505491537,28
tf_phase7_policy_standard_2026-08-20,standard_8x8_g104_vs_g103.jsonl,standard-random-8x8,standard,random-start,8x8,tf:103,tf:104,false,p1,accepted,,830503,830505491538,29
tf_phase7_policy_standard_2026-08-20,standard_8x8_g104_vs_g103.jsonl,standard-random-8x8,standard,random-start,8x8,tf:104,tf:103,true,p1,accepted,,830503,830505491539,30
tf_phase7_policy_standard_2026-08-20,standard_8x8_g104_vs_g103.jsonl,standard-random-8x8,standard,random-start,8x8,tf:103,tf:104,false,p2,accepted,,830503,830505491540,31
tf_phase7_policy_standard_2026-08-20,standard_8x8_g104_vs_g103.jsonl,standard-random-8x8,standard,random-start,8x8,tf:104,tf:103,true,p1,accepted,,830503,830505491541,32
tf_phase7_policy_standard_2026-08-20,standard_8x8_g104_vs_g103.jsonl,standard-random-8x8,standard,random-start,8x8,tf:103,tf:104,false,draw,accepted,,830503,830505491542,33
tf_phase7_policy_standard_2026-08-20,standard_8x8_g104_vs_g103.jsonl,standard-random-8x8,standard,random-start,8x8,tf:104,tf:103,true,p1,accepted,,830503,830505491543,34
tf_phase7_policy_standard_2026-08-20,standard_8x8_g104_vs_g103.jsonl,standard-random-8x8,standard,random-start,8x8,tf:103,tf:104,false,draw,accepted,,830503,830505491544,35
tf_phase7_policy_standard_2026-08-20,standard_8x8_g104_vs_g103.jsonl,standard-random-8x8,standard,random-start,8x8,tf:104,tf:103,true,p2,accepted,,830503,830505491545,36
tf_phase7_policy_standard_2026-08-20,standard_8x8_g104_vs_g103.jsonl,standard-random-8x8,standard,random-start,8x8,tf:103,tf:104,false,p2,accepted,,830503,830505491546,37
tf_phase7_policy_standard_2026-08-20,standard_8x8_g104_vs_g103.jsonl,standard-random-8x8,standard,random-start,8x8,tf:104,tf:103,true,p2,accepted,,830503,830505491547,38
tf_phase7_policy_standard_2026-08-20,standard_8x8_g104_vs_g103.jsonl,standard-random-8x8,standard,random-start,8x8,tf:103,tf:104,false,p2,accepted,,830503,830505491548,39
tf_phase7_policy_standard_2026-08-20,standard_8x8_g104_vs_g98.jsonl,standard-random-8x8,standard,random-start,8x8,tf:104,tf:98,true,p2,accepted,,830498,830500491494,0
tf_phase7_policy_standard_2026-08-20,standard_8x8_g104_vs_g98.jsonl,standard-random-8x8,standard,random-start,8x8,tf:98,tf:104,false,p1,accepted,,830498,830500491495,1
tf_phase7_policy_standard_2026-08-20,standard_8x8_g104_vs_g98.jsonl,standard-random-8x8,standard,random-start,8x8,tf:104,tf:98,true,draw,accepted,,830498,830500491496,2
tf_phase7_policy_standard_2026-08-20,standard_8x8_g104_vs_g98.jsonl,standard-random-8x8,standard,random-start,8x8,tf:98,tf:104,false,p1,accepted,,830498,830500491497,3
tf_phase7_policy_standard_2026-08-20,standard_8x8_g104_vs_g98.jsonl,standard-random-8x8,standard,random-start,8x8,tf:104,tf:98,true,p1,accepted,,830498,830500491498,4
tf_phase7_policy_standard_2026-08-20,standard_8x8_g104_vs_g98.jsonl,standard-random-8x8,standard,random-start,8x8,tf:98,tf:104,false,draw,accepted,,830498,830500491499,5
tf_phase7_policy_standard_2026-08-20,standard_8x8_g104_vs_g98.jsonl,standard-random-8x8,standard,random-start,8x8,tf:104,tf:98,true,draw,accepted,,830498,830500491500,6
tf_phase7_policy_standard_2026-08-20,standard_8x8_g104_vs_g98.jsonl,standard-random-8x8,standard,random-start,8x8,tf:98,tf:104,false,p2,accepted,,830498,830500491501,7
tf_phase7_policy_standard_2026-08-20,standard_8x8_g104_vs_g98.jsonl,standard-random-8x8,standard,random-start,8x8,tf:104,tf:98,true,p1,accepted,,830498,830500491502,8
tf_phase7_policy_standard_2026-08-20,standard_8x8_g104_vs_g98.jsonl,standard-random-8x8,standard,random-start,8x8,tf:98,tf:104,false,p1,accepted,,830498,830500491503,9
tf_phase7_policy_standard_2026-08-20,standard_8x8_g104_vs_g98.jsonl,standard-random-8x8,standard,random-start,8x8,tf:104,tf:98,true,p1,accepted,,830498,830500491504,10
tf_phase7_policy_standard_2026-08-20,standard_8x8_g104_vs_g98.jsonl,standard-random-8x8,standard,random-start,8x8,tf:98,tf:104,false,p2,accepted,,830498,830500491505,11
tf_phase7_policy_standard_2026-08-20,standard_8x8_g104_vs_g98.jsonl,standard-random-8x8,standard,random-start,8x8,tf:104,tf:98,true,p2,accepted,,830498,830500491506,12
tf_phase7_policy_standard_2026-08-20,standard_8x8_g104_vs_g98.jsonl,standard-random-8x8,standard,random-start,8x8,tf:98,tf:104,false,p2,accepted,,830498,830500491507,13
tf_phase7_policy_standard_2026-08-20,standard_8x8_g104_vs_g98.jsonl,standard-random-8x8,standard,random-start,8x8,tf:104,tf:98,true,p1,accepted,,830498,830500491508,14
tf_phase7_policy_standard_2026-08-20,standard_8x8_g104_vs_g98.jsonl,standard-random-8x8,standard,random-start,8x8,tf:98,tf:104,false,p2,accepted,,830498,830500491509,15
tf_phase7_policy_standard_2026-08-20,standard_8x8_g104_vs_g98.jsonl,standard-random-8x8,standard,random-start,8x8,tf:104,tf:98,true,p1,accepted,,830498,830500491510,16
tf_phase7_policy_standard_2026-08-20,standard_8x8_g104_vs_g98.jsonl,standard-random-8x8,standard,random-start,8x8,tf:98,tf:104,false,p2,accepted,,830498,830500491511,17
tf_phase7_policy_standard_2026-08-20,standard_8x8_g104_vs_g98.jsonl,standard-random-8x8,standard,random-start,8x8,tf:104,tf:98,true,p2,accepted,,830498,830500491512,18
tf_phase7_policy_standard_2026-08-20,standard_8x8_g104_vs_g98.jsonl,standard-random-8x8,standard,random-start,8x8,tf:98,tf:104,false,p2,accepted,,830498,830500491513,19
tf_phase7_policy_standard_2026-08-20,standard_8x8_g104_vs_g98.jsonl,standard-random-8x8,standard,random-start,8x8,tf:104,tf:98,true,p2,accepted,,830498,830500491514,20
tf_phase7_policy_standard_2026-08-20,standard_8x8_g104_vs_g98.jsonl,standard-random-8x8,standard,random-start,8x8,tf:98,tf:104,false,p2,accepted,,830498,830500491515,21
tf_phase7_policy_standard_2026-08-20,standard_8x8_g104_vs_g98.jsonl,standard-random-8x8,standard,random-start,8x8,tf:104,tf:98,true,p1,accepted,,830498,830500491516,22
tf_phase7_policy_standard_2026-08-20,standard_8x8_g104_vs_g98.jsonl,standard-random-8x8,standard,random-start,8x8,tf:98,tf:104,false,draw,accepted,,830498,830500491517,23
tf_phase7_policy_standard_2026-08-20,standard_8x8_g104_vs_g98.jsonl,standard-random-8x8,standard,random-start,8x8,tf:104,tf:98,true,p1,accepted,,830498,830500491518,24
tf_phase7_policy_standard_2026-08-20,standard_8x8_g104_vs_g98.jsonl,standard-random-8x8,standard,random-start,8x8,tf:98,tf:104,false,p1,accepted,,830498,830500491519,25
tf_phase7_policy_standard_2026-08-20,standard_8x8_g104_vs_g98.jsonl,standard-random-8x8,standard,random-start,8x8,tf:104,tf:98,true,p1,accepted,,830498,830500491520,26
tf_phase7_policy_standard_2026-08-20,standard_8x8_g104_vs_g98.jsonl,standard-random-8x8,standard,random-start,8x8,tf:98,tf:104,false,p1,accepted,,830498,830500491521,27
tf_phase7_policy_standard_2026-08-20,standard_8x8_g104_vs_g98.jsonl,standard-random-8x8,standard,random-start,8x8,tf:104,tf:98,true,p1,accepted,,830498,830500491522,28
tf_phase7_policy_standard_2026-08-20,standard_8x8_g104_vs_g98.jsonl,standard-random-8x8,standard,random-start,8x8,tf:98,tf:104,false,p2,accepted,,830498,830500491523,29
tf_phase7_policy_standard_2026-08-20,standard_8x8_g104_vs_g98.jsonl,standard-random-8x8,standard,random-start,8x8,tf:104,tf:98,true,p2,accepted,,830498,830500491524,30
tf_phase7_policy_standard_2026-08-20,standard_8x8_g104_vs_g98.jsonl,standard-random-8x8,standard,random-start,8x8,tf:98,tf:104,false,draw,accepted,,830498,830500491525,31
tf_phase7_policy_standard_2026-08-20,standard_8x8_g104_vs_g98.jsonl,standard-random-8x8,standard,random-start,8x8,tf:104,tf:98,true,p2,accepted,,830498,830500491526,32
tf_phase7_policy_standard_2026-08-20,standard_8x8_g104_vs_g98.jsonl,standard-random-8x8,standard,random-start,8x8,tf:98,tf:104,false,p2,accepted,,830498,830500491527,33
tf_phase7_policy_standard_2026-08-20,standard_8x8_g104_vs_g98.jsonl,standard-random-8x8,standard,random-start,8x8,tf:104,tf:98,true,p1,accepted,,830498,830500491528,34
tf_phase7_policy_standard_2026-08-20,standard_8x8_g104_vs_g98.jsonl,standard-random-8x8,standard,random-start,8x8,tf:98,tf:104,false,p1,accepted,,830498,830500491529,35
tf_phase7_policy_standard_2026-08-20,standard_8x8_g104_vs_g98.jsonl,standard-random-8x8,standard,random-start,8x8,tf:104,tf:98,true,p2,accepted,,830498,830500491530,36
tf_phase7_policy_standard_2026-08-20,standard_8x8_g104_vs_g98.jsonl,standard-random-8x8,standard,random-start,8x8,tf:98,tf:104,false,p2,accepted,,830498,830500491531,37
tf_phase7_policy_standard_2026-08-20,standard_8x8_g104_vs_g98.jsonl,standard-random-8x8,standard,random-start,8x8,tf:104,tf:98,true,p1,accepted,,830498,830500491532,38
tf_phase7_policy_standard_2026-08-20,standard_8x8_g104_vs_g98.jsonl,standard-random-8x8,standard,random-start,8x8,tf:98,tf:104,false,p2,accepted,,830498,830500491533,39
tf_phase7_policy_standard_2026-08-20,standard_8x8_g105_vs_g102.jsonl,standard-random-8x8,standard,random-start,8x8,tf:105,tf:102,true,p1,accepted,,830602,830604491806,0
tf_phase7_policy_standard_2026-08-20,standard_8x8_g105_vs_g102.jsonl,standard-random-8x8,standard,random-start,8x8,tf:102,tf:105,false,p1,accepted,,830602,830604491807,1
tf_phase7_policy_standard_2026-08-20,standard_8x8_g105_vs_g102.jsonl,standard-random-8x8,standard,random-start,8x8,tf:105,tf:102,true,draw,accepted,,830602,830604491808,2
tf_phase7_policy_standard_2026-08-20,standard_8x8_g105_vs_g102.jsonl,standard-random-8x8,standard,random-start,8x8,tf:102,tf:105,false,p1,accepted,,830602,830604491809,3
tf_phase7_policy_standard_2026-08-20,standard_8x8_g105_vs_g102.jsonl,standard-random-8x8,standard,random-start,8x8,tf:105,tf:102,true,p1,accepted,,830602,830604491810,4
tf_phase7_policy_standard_2026-08-20,standard_8x8_g105_vs_g102.jsonl,standard-random-8x8,standard,random-start,8x8,tf:102,tf:105,false,p2,accepted,,830602,830604491811,5
tf_phase7_policy_standard_2026-08-20,standard_8x8_g105_vs_g102.jsonl,standard-random-8x8,standard,random-start,8x8,tf:105,tf:102,true,p2,accepted,,830602,830604491812,6
tf_phase7_policy_standard_2026-08-20,standard_8x8_g105_vs_g102.jsonl,standard-random-8x8,standard,random-start,8x8,tf:102,tf:105,false,p1,accepted,,830602,830604491813,7
tf_phase7_policy_standard_2026-08-20,standard_8x8_g105_vs_g102.jsonl,standard-random-8x8,standard,random-start,8x8,tf:105,tf:102,true,p1,accepted,,830602,830604491814,8
tf_phase7_policy_standard_2026-08-20,standard_8x8_g105_vs_g102.jsonl,standard-random-8x8,standard,random-start,8x8,tf:102,tf:105,false,draw,accepted,,830602,830604491815,9
tf_phase7_policy_standard_2026-08-20,standard_8x8_g105_vs_g102.jsonl,standard-random-8x8,standard,random-start,8x8,tf:105,tf:102,true,p2,accepted,,830602,830604491816,10
tf_phase7_policy_standard_2026-08-20,standard_8x8_g105_vs_g102.jsonl,standard-random-8x8,standard,random-start,8x8,tf:102,tf:105,false,p1,accepted,,830602,830604491817,11
tf_phase7_policy_standard_2026-08-20,standard_8x8_g105_vs_g102.jsonl,standard-random-8x8,standard,random-start,8x8,tf:105,tf:102,true,p1,accepted,,830602,830604491818,12
tf_phase7_policy_standard_2026-08-20,standard_8x8_g105_vs_g102.jsonl,standard-random-8x8,standard,random-start,8x8,tf:102,tf:105,false,p1,accepted,,830602,830604491819,13
tf_phase7_policy_standard_2026-08-20,standard_8x8_g105_vs_g102.jsonl,standard-random-8x8,standard,random-start,8x8,tf:105,tf:102,true,p1,accepted,,830602,830604491820,14
tf_phase7_policy_standard_2026-08-20,standard_8x8_g105_vs_g102.jsonl,standard-random-8x8,standard,random-start,8x8,tf:102,tf:105,false,p1,accepted,,830602,830604491821,15
tf_phase7_policy_standard_2026-08-20,standard_8x8_g105_vs_g102.jsonl,standard-random-8x8,standard,random-start,8x8,tf:105,tf:102,true,p1,accepted,,830602,830604491822,16
tf_phase7_policy_standard_2026-08-20,standard_8x8_g105_vs_g102.jsonl,standard-random-8x8,standard,random-start,8x8,tf:102,tf:105,false,p2,accepted,,830602,830604491823,17
tf_phase7_policy_standard_2026-08-20,standard_8x8_g105_vs_g102.jsonl,standard-random-8x8,standard,random-start,8x8,tf:105,tf:102,true,p1,accepted,,830602,830604491824,18
tf_phase7_policy_standard_2026-08-20,standard_8x8_g105_vs_g102.jsonl,standard-random-8x8,standard,random-start,8x8,tf:102,tf:105,false,p2,accepted,,830602,830604491825,19
tf_phase7_policy_standard_2026-08-20,standard_8x8_g105_vs_g102.jsonl,standard-random-8x8,standard,random-start,8x8,tf:105,tf:102,true,p2,accepted,,830602,830604491826,20
tf_phase7_policy_standard_2026-08-20,standard_8x8_g105_vs_g102.jsonl,standard-random-8x8,standard,random-start,8x8,tf:102,tf:105,false,p1,accepted,,830602,830604491827,21
tf_phase7_policy_standard_2026-08-20,standard_8x8_g105_vs_g102.jsonl,standard-random-8x8,standard,random-start,8x8,tf:105,tf:102,true,p1,accepted,,830602,830604491828,22
tf_phase7_policy_standard_2026-08-20,standard_8x8_g105_vs_g102.jsonl,standard-random-8x8,standard,random-start,8x8,tf:102,tf:105,false,p2,accepted,,830602,830604491829,23
tf_phase7_policy_standard_2026-08-20,standard_8x8_g105_vs_g102.jsonl,standard-random-8x8,standard,random-start,8x8,tf:105,tf:102,true,p2,accepted,,830602,830604491830,24
tf_phase7_policy_standard_2026-08-20,standard_8x8_g105_vs_g102.jsonl,standard-random-8x8,standard,random-start,8x8,tf:102,tf:105,false,p2,accepted,,830602,830604491831,25
tf_phase7_policy_standard_2026-08-20,standard_8x8_g105_vs_g102.jsonl,standard-random-8x8,standard,random-start,8x8,tf:105,tf:102,true,p1,accepted,,830602,830604491832,26
tf_phase7_policy_standard_2026-08-20,standard_8x8_g105_vs_g102.jsonl,standard-random-8x8,standard,random-start,8x8,tf:102,tf:105,false,p1,accepted,,830602,830604491833,27
tf_phase7_policy_standard_2026-08-20,standard_8x8_g105_vs_g102.jsonl,standard-random-8x8,standard,random-start,8x8,tf:105,tf:102,true,p2,accepted,,830602,830604491834,28
tf_phase7_policy_standard_2026-08-20,standard_8x8_g105_vs_g102.jsonl,standard-random-8x8,standard,random-start,8x8,tf:102,tf:105,false,p1,accepted,,830602,830604491835,29
tf_phase7_policy_standard_2026-08-20,standard_8x8_g105_vs_g102.jsonl,standard-random-8x8,standard,random-start,8x8,tf:105,tf:102,true,p2,accepted,,830602,830604491836,30
tf_phase7_policy_standard_2026-08-20,standard_8x8_g105_vs_g102.jsonl,standard-random-8x8,standard,random-start,8x8,tf:102,tf:105,false,p2,accepted,,830602,830604491837,31
tf_phase7_policy_standard_2026-08-20,standard_8x8_g105_vs_g102.jsonl,standard-random-8x8,standard,random-start,8x8,tf:105,tf:102,true,p1,accepted,,830602,830604491838,32
tf_phase7_policy_standard_2026-08-20,standard_8x8_g105_vs_g102.jsonl,standard-random-8x8,standard,random-start,8x8,tf:102,tf:105,false,draw,accepted,,830602,830604491839,33
tf_phase7_policy_standard_2026-08-20,standard_8x8_g105_vs_g102.jsonl,standard-random-8x8,standard,random-start,8x8,tf:105,tf:102,true,p1,accepted,,830602,830604491840,34
tf_phase7_policy_standard_2026-08-20,standard_8x8_g105_vs_g102.jsonl,standard-random-8x8,standard,random-start,8x8,tf:102,tf:105,false,p2,accepted,,830602,830604491841,35
tf_phase7_policy_standard_2026-08-20,standard_8x8_g105_vs_g102.jsonl,standard-random-8x8,standard,random-start,8x8,tf:105,tf:102,true,p1,accepted,,830602,830604491842,36
tf_phase7_policy_standard_2026-08-20,standard_8x8_g105_vs_g102.jsonl,standard-random-8x8,standard,random-start,8x8,tf:102,tf:105,false,p1,accepted,,830602,830604491843,37
tf_phase7_policy_standard_2026-08-20,standard_8x8_g105_vs_g102.jsonl,standard-random-8x8,standard,random-start,8x8,tf:105,tf:102,true,p1,accepted,,830602,830604491844,38
tf_phase7_policy_standard_2026-08-20,standard_8x8_g105_vs_g102.jsonl,standard-random-8x8,standard,random-start,8x8,tf:102,tf:105,false,p2,accepted,,830602,830604491845,39
tf_phase7_policy_standard_2026-08-20,standard_8x8_g105_vs_g104.jsonl,standard-random-8x8,standard,random-start,8x8,tf:105,tf:104,true,p1,accepted,,830604,830606491812,0
tf_phase7_policy_standard_2026-08-20,standard_8x8_g105_vs_g104.jsonl,standard-random-8x8,standard,random-start,8x8,tf:104,tf:105,false,p1,accepted,,830604,830606491813,1
tf_phase7_policy_standard_2026-08-20,standard_8x8_g105_vs_g104.jsonl,standard-random-8x8,standard,random-start,8x8,tf:105,tf:104,true,p2,accepted,,830604,830606491814,2
tf_phase7_policy_standard_2026-08-20,standard_8x8_g105_vs_g104.jsonl,standard-random-8x8,standard,random-start,8x8,tf:104,tf:105,false,p1,accepted,,830604,830606491815,3
tf_phase7_policy_standard_2026-08-20,standard_8x8_g105_vs_g104.jsonl,standard-random-8x8,standard,random-start,8x8,tf:105,tf:104,true,p2,accepted,,830604,830606491816,4
tf_phase7_policy_standard_2026-08-20,standard_8x8_g105_vs_g104.jsonl,standard-random-8x8,standard,random-start,8x8,tf:104,tf:105,false,p1,accepted,,830604,830606491817,5
tf_phase7_policy_standard_2026-08-20,standard_8x8_g105_vs_g104.jsonl,standard-random-8x8,standard,random-start,8x8,tf:105,tf:104,true,draw,accepted,,830604,830606491818,6
tf_phase7_policy_standard_2026-08-20,standard_8x8_g105_vs_g104.jsonl,standard-random-8x8,standard,random-start,8x8,tf:104,tf:105,false,p2,accepted,,830604,830606491819,7
tf_phase7_policy_standard_2026-08-20,standard_8x8_g105_vs_g104.jsonl,standard-random-8x8,standard,random-start,8x8,tf:105,tf:104,true,p1,accepted,,830604,830606491820,8
tf_phase7_policy_standard_2026-08-20,standard_8x8_g105_vs_g104.jsonl,standard-random-8x8,standard,random-start,8x8,tf:104,tf:105,false,p2,accepted,,830604,830606491821,9
tf_phase7_policy_standard_2026-08-20,standard_8x8_g105_vs_g104.jsonl,standard-random-8x8,standard,random-start,8x8,tf:105,tf:104,true,draw,accepted,,830604,830606491822,10
tf_phase7_policy_standard_2026-08-20,standard_8x8_g105_vs_g104.jsonl,standard-random-8x8,standard,random-start,8x8,tf:104,tf:105,false,p2,accepted,,830604,830606491823,11
tf_phase7_policy_standard_2026-08-20,standard_8x8_g105_vs_g104.jsonl,standard-random-8x8,standard,random-start,8x8,tf:105,tf:104,true,p1,accepted,,830604,830606491824,12
tf_phase7_policy_standard_2026-08-20,standard_8x8_g105_vs_g104.jsonl,standard-random-8x8,standard,random-start,8x8,tf:104,tf:105,false,p1,accepted,,830604,830606491825,13
tf_phase7_policy_standard_2026-08-20,standard_8x8_g105_vs_g104.jsonl,standard-random-8x8,standard,random-start,8x8,tf:105,tf:104,true,p2,accepted,,830604,830606491826,14
tf_phase7_policy_standard_2026-08-20,standard_8x8_g105_vs_g104.jsonl,standard-random-8x8,standard,random-start,8x8,tf:104,tf:105,false,p1,accepted,,830604,830606491827,15
tf_phase7_policy_standard_2026-08-20,standard_8x8_g105_vs_g104.jsonl,standard-random-8x8,standard,random-start,8x8,tf:105,tf:104,true,p1,accepted,,830604,830606491828,16
tf_phase7_policy_standard_2026-08-20,standard_8x8_g105_vs_g104.jsonl,standard-random-8x8,standard,random-start,8x8,tf:104,tf:105,false,p1,accepted,,830604,830606491829,17
tf_phase7_policy_standard_2026-08-20,standard_8x8_g105_vs_g104.jsonl,standard-random-8x8,standard,random-start,8x8,tf:105,tf:104,true,p2,accepted,,830604,830606491830,18
tf_phase7_policy_standard_2026-08-20,standard_8x8_g105_vs_g104.jsonl,standard-random-8x8,standard,random-start,8x8,tf:104,tf:105,false,p1,accepted,,830604,830606491831,19
tf_phase7_policy_standard_2026-08-20,standard_8x8_g105_vs_g104.jsonl,standard-random-8x8,standard,random-start,8x8,tf:105,tf:104,true,p1,accepted,,830604,830606491832,20
tf_phase7_policy_standard_2026-08-20,standard_8x8_g105_vs_g104.jsonl,standard-random-8x8,standard,random-start,8x8,tf:104,tf:105,false,p2,accepted,,830604,830606491833,21
tf_phase7_policy_standard_2026-08-20,standard_8x8_g105_vs_g104.jsonl,standard-random-8x8,standard,random-start,8x8,tf:105,tf:104,true,p1,accepted,,830604,830606491834,22
tf_phase7_policy_standard_2026-08-20,standard_8x8_g105_vs_g104.jsonl,standard-random-8x8,standard,random-start,8x8,tf:104,tf:105,false,draw,accepted,,830604,830606491835,23
tf_phase7_policy_standard_2026-08-20,standard_8x8_g105_vs_g104.jsonl,standard-random-8x8,standard,random-start,8x8,tf:105,tf:104,true,draw,accepted,,830604,830606491836,24
tf_phase7_policy_standard_2026-08-20,standard_8x8_g105_vs_g104.jsonl,standard-random-8x8,standard,random-start,8x8,tf:104,tf:105,false,p2,accepted,,830604,830606491837,25
tf_phase7_policy_standard_2026-08-20,standard_8x8_g105_vs_g104.jsonl,standard-random-8x8,standard,random-start,8x8,tf:105,tf:104,true,draw,accepted,,830604,830606491838,26
tf_phase7_policy_standard_2026-08-20,standard_8x8_g105_vs_g104.jsonl,standard-random-8x8,standard,random-start,8x8,tf:104,tf:105,false,p1,accepted,,830604,830606491839,27
tf_phase7_policy_standard_2026-08-20,standard_8x8_g105_vs_g104.jsonl,standard-random-8x8,standard,random-start,8x8,tf:105,tf:104,true,p1,accepted,,830604,830606491840,28
tf_phase7_policy_standard_2026-08-20,standard_8x8_g105_vs_g104.jsonl,standard-random-8x8,standard,random-start,8x8,tf:104,tf:105,false,p1,accepted,,830604,830606491841,29
tf_phase7_policy_standard_2026-08-20,standard_8x8_g105_vs_g104.jsonl,standard-random-8x8,standard,random-start,8x8,tf:105,tf:104,true,p2,accepted,,830604,830606491842,30
tf_phase7_policy_standard_2026-08-20,standard_8x8_g105_vs_g104.jsonl,standard-random-8x8,standard,random-start,8x8,tf:104,tf:105,false,p1,accepted,,830604,830606491843,31
tf_phase7_policy_standard_2026-08-20,standard_8x8_g105_vs_g104.jsonl,standard-random-8x8,standard,random-start,8x8,tf:105,tf:104,true,p2,accepted,,830604,830606491844,32
tf_phase7_policy_standard_2026-08-20,standard_8x8_g105_vs_g104.jsonl,standard-random-8x8,standard,random-start,8x8,tf:104,tf:105,false,p1,accepted,,830604,830606491845,33
tf_phase7_policy_standard_2026-08-20,standard_8x8_g105_vs_g104.jsonl,standard-random-8x8,standard,random-start,8x8,tf:105,tf:104,true,p2,accepted,,830604,830606491846,34
tf_phase7_policy_standard_2026-08-20,standard_8x8_g105_vs_g104.jsonl,standard-random-8x8,standard,random-start,8x8,tf:104,tf:105,false,p1,accepted,,830604,830606491847,35
tf_phase7_policy_standard_2026-08-20,standard_8x8_g105_vs_g104.jsonl,standard-random-8x8,standard,random-start,8x8,tf:105,tf:104,true,p2,accepted,,830604,830606491848,36
tf_phase7_policy_standard_2026-08-20,standard_8x8_g105_vs_g104.jsonl,standard-random-8x8,standard,random-start,8x8,tf:104,tf:105,false,p1,accepted,,830604,830606491849,37
tf_phase7_policy_standard_2026-08-20,standard_8x8_g105_vs_g104.jsonl,standard-random-8x8,standard,random-start,8x8,tf:105,tf:104,true,p1,accepted,,830604,830606491850,38
tf_phase7_policy_standard_2026-08-20,standard_8x8_g105_vs_g104.jsonl,standard-random-8x8,standard,random-start,8x8,tf:104,tf:105,false,p1,accepted,,830604,830606491851,39
tf_phase7_policy_standard_2026-08-20,standard_8x8_g105_vs_g99.jsonl,standard-random-8x8,standard,random-start,8x8,tf:105,tf:99,true,p1,accepted,,830599,830601491797,0
tf_phase7_policy_standard_2026-08-20,standard_8x8_g105_vs_g99.jsonl,standard-random-8x8,standard,random-start,8x8,tf:99,tf:105,false,p1,accepted,,830599,830601491798,1
tf_phase7_policy_standard_2026-08-20,standard_8x8_g105_vs_g99.jsonl,standard-random-8x8,standard,random-start,8x8,tf:105,tf:99,true,draw,accepted,,830599,830601491799,2
tf_phase7_policy_standard_2026-08-20,standard_8x8_g105_vs_g99.jsonl,standard-random-8x8,standard,random-start,8x8,tf:99,tf:105,false,p1,accepted,,830599,830601491800,3
tf_phase7_policy_standard_2026-08-20,standard_8x8_g105_vs_g99.jsonl,standard-random-8x8,standard,random-start,8x8,tf:105,tf:99,true,draw,accepted,,830599,830601491801,4
tf_phase7_policy_standard_2026-08-20,standard_8x8_g105_vs_g99.jsonl,standard-random-8x8,standard,random-start,8x8,tf:99,tf:105,false,draw,accepted,,830599,830601491802,5
tf_phase7_policy_standard_2026-08-20,standard_8x8_g105_vs_g99.jsonl,standard-random-8x8,standard,random-start,8x8,tf:105,tf:99,true,p2,accepted,,830599,830601491803,6
tf_phase7_policy_standard_2026-08-20,standard_8x8_g105_vs_g99.jsonl,standard-random-8x8,standard,random-start,8x8,tf:99,tf:105,false,p2,accepted,,830599,830601491804,7
tf_phase7_policy_standard_2026-08-20,standard_8x8_g105_vs_g99.jsonl,standard-random-8x8,standard,random-start,8x8,tf:105,tf:99,true,p1,accepted,,830599,830601491805,8
tf_phase7_policy_standard_2026-08-20,standard_8x8_g105_vs_g99.jsonl,standard-random-8x8,standard,random-start,8x8,tf:99,tf:105,false,p2,accepted,,830599,830601491806,9
tf_phase7_policy_standard_2026-08-20,standard_8x8_g105_vs_g99.jsonl,standard-random-8x8,standard,random-start,8x8,tf:105,tf:99,true,p2,accepted,,830599,830601491807,10
tf_phase7_policy_standard_2026-08-20,standard_8x8_g105_vs_g99.jsonl,standard-random-8x8,standard,random-start,8x8,tf:99,tf:105,false,p1,accepted,,830599,830601491808,11
tf_phase7_policy_standard_2026-08-20,standard_8x8_g105_vs_g99.jsonl,standard-random-8x8,standard,random-start,8x8,tf:105,tf:99,true,draw,accepted,,830599,830601491809,12
tf_phase7_policy_standard_2026-08-20,standard_8x8_g105_vs_g99.jsonl,standard-random-8x8,standard,random-start,8x8,tf:99,tf:105,false,p2,accepted,,830599,830601491810,13
tf_phase7_policy_standard_2026-08-20,standard_8x8_g105_vs_g99.jsonl,standard-random-8x8,standard,random-start,8x8,tf:105,tf:99,true,p2,accepted,,830599,830601491811,14
tf_phase7_policy_standard_2026-08-20,standard_8x8_g105_vs_g99.jsonl,standard-random-8x8,standard,random-start,8x8,tf:99,tf:105,false,p1,accepted,,830599,830601491812,15
tf_phase7_policy_standard_2026-08-20,standard_8x8_g105_vs_g99.jsonl,standard-random-8x8,standard,random-start,8x8,tf:105,tf:99,true,p2,accepted,,830599,830601491813,16
tf_phase7_policy_standard_2026-08-20,standard_8x8_g105_vs_g99.jsonl,standard-random-8x8,standard,random-start,8x8,tf:99,tf:105,false,p1,accepted,,830599,830601491814,17
tf_phase7_policy_standard_2026-08-20,standard_8x8_g105_vs_g99.jsonl,standard-random-8x8,standard,random-start,8x8,tf:105,tf:99,true,p2,accepted,,830599,830601491815,18
tf_phase7_policy_standard_2026-08-20,standard_8x8_g105_vs_g99.jsonl,standard-random-8x8,standard,random-start,8x8,tf:99,tf:105,false,draw,accepted,,830599,830601491816,19
tf_phase7_policy_standard_2026-08-20,standard_8x8_g105_vs_g99.jsonl,standard-random-8x8,standard,random-start,8x8,tf:105,tf:99,true,p2,accepted,,830599,830601491817,20
tf_phase7_policy_standard_2026-08-20,standard_8x8_g105_vs_g99.jsonl,standard-random-8x8,standard,random-start,8x8,tf:99,tf:105,false,p1,accepted,,830599,830601491818,21
tf_phase7_policy_standard_2026-08-20,standard_8x8_g105_vs_g99.jsonl,standard-random-8x8,standard,random-start,8x8,tf:105,tf:99,true,p2,accepted,,830599,830601491819,22
tf_phase7_policy_standard_2026-08-20,standard_8x8_g105_vs_g99.jsonl,standard-random-8x8,standard,random-start,8x8,tf:99,tf:105,false,p1,accepted,,830599,830601491820,23
tf_phase7_policy_standard_2026-08-20,standard_8x8_g105_vs_g99.jsonl,standard-random-8x8,standard,random-start,8x8,tf:105,tf:99,true,p1,accepted,,830599,830601491821,24
tf_phase7_policy_standard_2026-08-20,standard_8x8_g105_vs_g99.jsonl,standard-random-8x8,standard,random-start,8x8,tf:99,tf:105,false,p2,accepted,,830599,830601491822,25
tf_phase7_policy_standard_2026-08-20,standard_8x8_g105_vs_g99.jsonl,standard-random-8x8,standard,random-start,8x8,tf:105,tf:99,true,p1,accepted,,830599,830601491823,26
tf_phase7_policy_standard_2026-08-20,standard_8x8_g105_vs_g99.jsonl,standard-random-8x8,standard,random-start,8x8,tf:99,tf:105,false,p2,accepted,,830599,830601491824,27
tf_phase7_policy_standard_2026-08-20,standard_8x8_g105_vs_g99.jsonl,standard-random-8x8,standard,random-start,8x8,tf:105,tf:99,true,p1,accepted,,830599,830601491825,28
tf_phase7_policy_standard_2026-08-20,standard_8x8_g105_vs_g99.jsonl,standard-random-8x8,standard,random-start,8x8,tf:99,tf:105,false,p1,accepted,,830599,830601491826,29
tf_phase7_policy_standard_2026-08-20,standard_8x8_g105_vs_g99.jsonl,standard-random-8x8,standard,random-start,8x8,tf:105,tf:99,true,p1,accepted,,830599,830601491827,30
tf_phase7_policy_standard_2026-08-20,standard_8x8_g105_vs_g99.jsonl,standard-random-8x8,standard,random-start,8x8,tf:99,tf:105,false,p1,accepted,,830599,830601491828,31
tf_phase7_policy_standard_2026-08-20,standard_8x8_g105_vs_g99.jsonl,standard-random-8x8,standard,random-start,8x8,tf:105,tf:99,true,p1,accepted,,830599,830601491829,32
tf_phase7_policy_standard_2026-08-20,standard_8x8_g105_vs_g99.jsonl,standard-random-8x8,standard,random-start,8x8,tf:99,tf:105,false,draw,accepted,,830599,830601491830,33
tf_phase7_policy_standard_2026-08-20,standard_8x8_g105_vs_g99.jsonl,standard-random-8x8,standard,random-start,8x8,tf:105,tf:99,true,draw,accepted,,830599,830601491831,34
tf_phase7_policy_standard_2026-08-20,standard_8x8_g105_vs_g99.jsonl,standard-random-8x8,standard,random-start,8x8,tf:99,tf:105,false,p2,accepted,,830599,830601491832,35
tf_phase7_policy_standard_2026-08-20,standard_8x8_g105_vs_g99.jsonl,standard-random-8x8,standard,random-start,8x8,tf:105,tf:99,true,draw,accepted,,830599,830601491833,36
tf_phase7_policy_standard_2026-08-20,standard_8x8_g105_vs_g99.jsonl,standard-random-8x8,standard,random-start,8x8,tf:99,tf:105,false,p1,accepted,,830599,830601491834,37
tf_phase7_policy_standard_2026-08-20,standard_8x8_g105_vs_g99.jsonl,standard-random-8x8,standard,random-start,8x8,tf:105,tf:99,true,p1,accepted,,830599,830601491835,38
tf_phase7_policy_standard_2026-08-20,standard_8x8_g105_vs_g99.jsonl,standard-random-8x8,standard,random-start,8x8,tf:99,tf:105,false,p1,accepted,,830599,830601491836,39
tf_phase7_policy_standard_2026-08-20,standard_8x8_g106_vs_g100.jsonl,standard-random-8x8,standard,random-start,8x8,tf:106,tf:100,true,p1,accepted,,830700,830702492100,0
tf_phase7_policy_standard_2026-08-20,standard_8x8_g106_vs_g100.jsonl,standard-random-8x8,standard,random-start,8x8,tf:100,tf:106,false,p1,accepted,,830700,830702492101,1
tf_phase7_policy_standard_2026-08-20,standard_8x8_g106_vs_g100.jsonl,standard-random-8x8,standard,random-start,8x8,tf:106,tf:100,true,p2,accepted,,830700,830702492102,2
tf_phase7_policy_standard_2026-08-20,standard_8x8_g106_vs_g100.jsonl,standard-random-8x8,standard,random-start,8x8,tf:100,tf:106,false,draw,accepted,,830700,830702492103,3
tf_phase7_policy_standard_2026-08-20,standard_8x8_g106_vs_g100.jsonl,standard-random-8x8,standard,random-start,8x8,tf:106,tf:100,true,p1,accepted,,830700,830702492104,4
tf_phase7_policy_standard_2026-08-20,standard_8x8_g106_vs_g100.jsonl,standard-random-8x8,standard,random-start,8x8,tf:100,tf:106,false,draw,accepted,,830700,830702492105,5
tf_phase7_policy_standard_2026-08-20,standard_8x8_g106_vs_g100.jsonl,standard-random-8x8,standard,random-start,8x8,tf:106,tf:100,true,draw,accepted,,830700,830702492106,6
tf_phase7_policy_standard_2026-08-20,standard_8x8_g106_vs_g100.jsonl,standard-random-8x8,standard,random-start,8x8,tf:100,tf:106,false,p1,accepted,,830700,830702492107,7
tf_phase7_policy_standard_2026-08-20,standard_8x8_g106_vs_g100.jsonl,standard-random-8x8,standard,random-start,8x8,tf:106,tf:100,true,p2,accepted,,830700,830702492108,8
tf_phase7_policy_standard_2026-08-20,standard_8x8_g106_vs_g100.jsonl,standard-random-8x8,standard,random-start,8x8,tf:100,tf:106,false,p1,accepted,,830700,830702492109,9
tf_phase7_policy_standard_2026-08-20,standard_8x8_g106_vs_g100.jsonl,standard-random-8x8,standard,random-start,8x8,tf:106,tf:100,true,draw,accepted,,830700,830702492110,10
tf_phase7_policy_standard_2026-08-20,standard_8x8_g106_vs_g100.jsonl,standard-random-8x8,standard,random-start,8x8,tf:100,tf:106,false,p1,accepted,,830700,830702492111,11
tf_phase7_policy_standard_2026-08-20,standard_8x8_g106_vs_g100.jsonl,standard-random-8x8,standard,random-start,8x8,tf:106,tf:100,true,p1,accepted,,830700,830702492112,12
tf_phase7_policy_standard_2026-08-20,standard_8x8_g106_vs_g100.jsonl,standard-random-8x8,standard,random-start,8x8,tf:100,tf:106,false,p2,accepted,,830700,830702492113,13
tf_phase7_policy_standard_2026-08-20,standard_8x8_g106_vs_g100.jsonl,standard-random-8x8,standard,random-start,8x8,tf:106,tf:100,true,p1,accepted,,830700,830702492114,14
tf_phase7_policy_standard_2026-08-20,standard_8x8_g106_vs_g100.jsonl,standard-random-8x8,standard,random-start,8x8,tf:100,tf:106,false,p1,accepted,,830700,830702492115,15
tf_phase7_policy_standard_2026-08-20,standard_8x8_g106_vs_g100.jsonl,standard-random-8x8,standard,random-start,8x8,tf:106,tf:100,true,p1,accepted,,830700,830702492116,16
tf_phase7_policy_standard_2026-08-20,standard_8x8_g106_vs_g100.jsonl,standard-random-8x8,standard,random-start,8x8,tf:100,tf:106,false,draw,accepted,,830700,830702492117,17
tf_phase7_policy_standard_2026-08-20,standard_8x8_g106_vs_g100.jsonl,standard-random-8x8,standard,random-start,8x8,tf:106,tf:100,true,p1,accepted,,830700,830702492118,18
tf_phase7_policy_standard_2026-08-20,standard_8x8_g106_vs_g100.jsonl,standard-random-8x8,standard,random-start,8x8,tf:100,tf:106,false,p2,accepted,,830700,830702492119,19
tf_phase7_policy_standard_2026-08-20,standard_8x8_g106_vs_g100.jsonl,standard-random-8x8,standard,random-start,8x8,tf:106,tf:100,true,draw,accepted,,830700,830702492120,20
tf_phase7_policy_standard_2026-08-20,standard_8x8_g106_vs_g100.jsonl,standard-random-8x8,standard,random-start,8x8,tf:100,tf:106,false,draw,accepted,,830700,830702492121,21
tf_phase7_policy_standard_2026-08-20,standard_8x8_g106_vs_g100.jsonl,standard-random-8x8,standard,random-start,8x8,tf:106,tf:100,true,draw,accepted,,830700,830702492122,22
tf_phase7_policy_standard_2026-08-20,standard_8x8_g106_vs_g100.jsonl,standard-random-8x8,standard,random-start,8x8,tf:100,tf:106,false,p2,accepted,,830700,830702492123,23
tf_phase7_policy_standard_2026-08-20,standard_8x8_g106_vs_g100.jsonl,standard-random-8x8,standard,random-start,8x8,tf:106,tf:100,true,draw,accepted,,830700,830702492124,24
tf_phase7_policy_standard_2026-08-20,standard_8x8_g106_vs_g100.jsonl,standard-random-8x8,standard,random-start,8x8,tf:100,tf:106,false,p1,accepted,,830700,830702492125,25
tf_phase7_policy_standard_2026-08-20,standard_8x8_g106_vs_g100.jsonl,standard-random-8x8,standard,random-start,8x8,tf:106,tf:100,true,p2,accepted,,830700,830702492126,26
tf_phase7_policy_standard_2026-08-20,standard_8x8_g106_vs_g100.jsonl,standard-random-8x8,standard,random-start,8x8,tf:100,tf:106,false,p1,accepted,,830700,830702492127,27
tf_phase7_policy_standard_2026-08-20,standard_8x8_g106_vs_g100.jsonl,standard-random-8x8,standard,random-start,8x8,tf:106,tf:100,true,p1,accepted,,830700,830702492128,28
tf_phase7_policy_standard_2026-08-20,standard_8x8_g106_vs_g100.jsonl,standard-random-8x8,standard,random-start,8x8,tf:100,tf:106,false,p1,accepted,,830700,830702492129,29
tf_phase7_policy_standard_2026-08-20,standard_8x8_g106_vs_g100.jsonl,standard-random-8x8,standard,random-start,8x8,tf:106,tf:100,true,p2,accepted,,830700,830702492130,30
tf_phase7_policy_standard_2026-08-20,standard_8x8_g106_vs_g100.jsonl,standard-random-8x8,standard,random-start,8x8,tf:100,tf:106,false,draw,accepted,,830700,830702492131,31
tf_phase7_policy_standard_2026-08-20,standard_8x8_g106_vs_g100.jsonl,standard-random-8x8,standard,random-start,8x8,tf:106,tf:100,true,p1,accepted,,830700,830702492132,32
tf_phase7_policy_standard_2026-08-20,standard_8x8_g106_vs_g100.jsonl,standard-random-8x8,standard,random-start,8x8,tf:100,tf:106,false,p2,accepted,,830700,830702492133,33
tf_phase7_policy_standard_2026-08-20,standard_8x8_g106_vs_g100.jsonl,standard-random-8x8,standard,random-start,8x8,tf:106,tf:100,true,p2,accepted,,830700,830702492134,34
tf_phase7_policy_standard_2026-08-20,standard_8x8_g106_vs_g100.jsonl,standard-random-8x8,standard,random-start,8x8,tf:100,tf:106,false,p1,accepted,,830700,830702492135,35
tf_phase7_policy_standard_2026-08-20,standard_8x8_g106_vs_g100.jsonl,standard-random-8x8,standard,random-start,8x8,tf:106,tf:100,true,p1,accepted,,830700,830702492136,36
tf_phase7_policy_standard_2026-08-20,standard_8x8_g106_vs_g100.jsonl,standard-random-8x8,standard,random-start,8x8,tf:100,tf:106,false,p2,accepted,,830700,830702492137,37
tf_phase7_policy_standard_2026-08-20,standard_8x8_g106_vs_g100.jsonl,standard-random-8x8,standard,random-start,8x8,tf:106,tf:100,true,p1,accepted,,830700,830702492138,38
tf_phase7_policy_standard_2026-08-20,standard_8x8_g106_vs_g100.jsonl,standard-random-8x8,standard,random-start,8x8,tf:100,tf:106,false,p2,accepted,,830700,830702492139,39
tf_phase7_policy_standard_2026-08-20,standard_8x8_g106_vs_g103.jsonl,standard-random-8x8,standard,random-start,8x8,tf:106,tf:103,true,p1,accepted,,830703,830705492109,0
tf_phase7_policy_standard_2026-08-20,standard_8x8_g106_vs_g103.jsonl,standard-random-8x8,standard,random-start,8x8,tf:103,tf:106,false,p1,accepted,,830703,830705492110,1
tf_phase7_policy_standard_2026-08-20,standard_8x8_g106_vs_g103.jsonl,standard-random-8x8,standard,random-start,8x8,tf:106,tf:103,true,p1,accepted,,830703,830705492111,2
tf_phase7_policy_standard_2026-08-20,standard_8x8_g106_vs_g103.jsonl,standard-random-8x8,standard,random-start,8x8,tf:103,tf:106,false,p1,accepted,,830703,830705492112,3
tf_phase7_policy_standard_2026-08-20,standard_8x8_g106_vs_g103.jsonl,standard-random-8x8,standard,random-start,8x8,tf:106,tf:103,true,p2,accepted,,830703,830705492113,4
tf_phase7_policy_standard_2026-08-20,standard_8x8_g106_vs_g103.jsonl,standard-random-8x8,standard,random-start,8x8,tf:103,tf:106,false,p1,accepted,,830703,830705492114,5
tf_phase7_policy_standard_2026-08-20,standard_8x8_g106_vs_g103.jsonl,standard-random-8x8,standard,random-start,8x8,tf:106,tf:103,true,draw,accepted,,830703,830705492115,6
tf_phase7_policy_standard_2026-08-20,standard_8x8_g106_vs_g103.jsonl,standard-random-8x8,standard,random-start,8x8,tf:103,tf:106,false,draw,accepted,,830703,830705492116,7
tf_phase7_policy_standard_2026-08-20,standard_8x8_g106_vs_g103.jsonl,standard-random-8x8,standard,random-start,8x8,tf:106,tf:103,true,p1,accepted,,830703,830705492117,8
tf_phase7_policy_standard_2026-08-20,standard_8x8_g106_vs_g103.jsonl,standard-random-8x8,standard,random-start,8x8,tf:103,tf:106,false,draw,accepted,,830703,830705492118,9
tf_phase7_policy_standard_2026-08-20,standard_8x8_g106_vs_g103.jsonl,standard-random-8x8,standard,random-start,8x8,tf:106,tf:103,true,p2,accepted,,830703,830705492119,10
tf_phase7_policy_standard_2026-08-20,standard_8x8_g106_vs_g103.jsonl,standard-random-8x8,standard,random-start,8x8,tf:103,tf:106,false,p2,accepted,,830703,830705492120,11
tf_phase7_policy_standard_2026-08-20,standard_8x8_g106_vs_g103.jsonl,standard-random-8x8,standard,random-start,8x8,tf:106,tf:103,true,p2,accepted,,830703,830705492121,12
tf_phase7_policy_standard_2026-08-20,standard_8x8_g106_vs_g103.jsonl,standard-random-8x8,standard,random-start,8x8,tf:103,tf:106,false,p2,accepted,,830703,830705492122,13
tf_phase7_policy_standard_2026-08-20,standard_8x8_g106_vs_g103.jsonl,standard-random-8x8,standard,random-start,8x8,tf:106,tf:103,true,p2,accepted,,830703,830705492123,14
tf_phase7_policy_standard_2026-08-20,standard_8x8_g106_vs_g103.jsonl,standard-random-8x8,standard,random-start,8x8,tf:103,tf:106,false,p2,accepted,,830703,830705492124,15
tf_phase7_policy_standard_2026-08-20,standard_8x8_g106_vs_g103.jsonl,standard-random-8x8,standard,random-start,8x8,tf:106,tf:103,true,p1,accepted,,830703,830705492125,16
tf_phase7_policy_standard_2026-08-20,standard_8x8_g106_vs_g103.jsonl,standard-random-8x8,standard,random-start,8x8,tf:103,tf:106,false,p2,accepted,,830703,830705492126,17
tf_phase7_policy_standard_2026-08-20,standard_8x8_g106_vs_g103.jsonl,standard-random-8x8,standard,random-start,8x8,tf:106,tf:103,true,p1,accepted,,830703,830705492127,18
tf_phase7_policy_standard_2026-08-20,standard_8x8_g106_vs_g103.jsonl,standard-random-8x8,standard,random-start,8x8,tf:103,tf:106,false,draw,accepted,,830703,830705492128,19
tf_phase7_policy_standard_2026-08-20,standard_8x8_g106_vs_g103.jsonl,standard-random-8x8,standard,random-start,8x8,tf:106,tf:103,true,draw,accepted,,830703,830705492129,20
tf_phase7_policy_standard_2026-08-20,standard_8x8_g106_vs_g103.jsonl,standard-random-8x8,standard,random-start,8x8,tf:103,tf:106,false,p1,accepted,,830703,830705492130,21
tf_phase7_policy_standard_2026-08-20,standard_8x8_g106_vs_g103.jsonl,standard-random-8x8,standard,random-start,8x8,tf:106,tf:103,true,draw,accepted,,830703,830705492131,22
tf_phase7_policy_standard_2026-08-20,standard_8x8_g106_vs_g103.jsonl,standard-random-8x8,standard,random-start,8x8,tf:103,tf:106,false,p2,accepted,,830703,830705492132,23
tf_phase7_policy_standard_2026-08-20,standard_8x8_g106_vs_g103.jsonl,standard-random-8x8,standard,random-start,8x8,tf:106,tf:103,true,p2,accepted,,830703,830705492133,24
tf_phase7_policy_standard_2026-08-20,standard_8x8_g106_vs_g103.jsonl,standard-random-8x8,standard,random-start,8x8,tf:103,tf:106,false,p1,accepted,,830703,830705492134,25
tf_phase7_policy_standard_2026-08-20,standard_8x8_g106_vs_g103.jsonl,standard-random-8x8,standard,random-start,8x8,tf:106,tf:103,true,p1,accepted,,830703,830705492135,26
tf_phase7_policy_standard_2026-08-20,standard_8x8_g106_vs_g103.jsonl,standard-random-8x8,standard,random-start,8x8,tf:103,tf:106,false,p1,accepted,,830703,830705492136,27
tf_phase7_policy_standard_2026-08-20,standard_8x8_g106_vs_g103.jsonl,standard-random-8x8,standard,random-start,8x8,tf:106,tf:103,true,p2,accepted,,830703,830705492137,28
tf_phase7_policy_standard_2026-08-20,standard_8x8_g106_vs_g103.jsonl,standard-random-8x8,standard,random-start,8x8,tf:103,tf:106,false,draw,accepted,,830703,830705492138,29
tf_phase7_policy_standard_2026-08-20,standard_8x8_g106_vs_g103.jsonl,standard-random-8x8,standard,random-start,8x8,tf:106,tf:103,true,p1,accepted,,830703,830705492139,30
tf_phase7_policy_standard_2026-08-20,standard_8x8_g106_vs_g103.jsonl,standard-random-8x8,standard,random-start,8x8,tf:103,tf:106,false,p2,accepted,,830703,830705492140,31
tf_phase7_policy_standard_2026-08-20,standard_8x8_g106_vs_g103.jsonl,standard-random-8x8,standard,random-start,8x8,tf:106,tf:103,true,draw,accepted,,830703,830705492141,32
tf_phase7_policy_standard_2026-08-20,standard_8x8_g106_vs_g103.jsonl,standard-random-8x8,standard,random-start,8x8,tf:103,tf:106,false,draw,accepted,,830703,830705492142,33
tf_phase7_policy_standard_2026-08-20,standard_8x8_g106_vs_g103.jsonl,standard-random-8x8,standard,random-start,8x8,tf:106,tf:103,true,p2,accepted,,830703,830705492143,34
tf_phase7_policy_standard_2026-08-20,standard_8x8_g106_vs_g103.jsonl,standard-random-8x8,standard,random-start,8x8,tf:103,tf:106,false,draw,accepted,,830703,830705492144,35
tf_phase7_policy_standard_2026-08-20,standard_8x8_g106_vs_g103.jsonl,standard-random-8x8,standard,random-start,8x8,tf:106,tf:103,true,p1,accepted,,830703,830705492145,36
tf_phase7_policy_standard_2026-08-20,standard_8x8_g106_vs_g103.jsonl,standard-random-8x8,standard,random-start,8x8,tf:103,tf:106,false,p2,accepted,,830703,830705492146,37
tf_phase7_policy_standard_2026-08-20,standard_8x8_g106_vs_g103.jsonl,standard-random-8x8,standard,random-start,8x8,tf:106,tf:103,true,p1,accepted,,830703,830705492147,38
tf_phase7_policy_standard_2026-08-20,standard_8x8_g106_vs_g103.jsonl,standard-random-8x8,standard,random-start,8x8,tf:103,tf:106,false,draw,accepted,,830703,830705492148,39
tf_phase7_policy_standard_2026-08-20,standard_8x8_g106_vs_g105.jsonl,standard-random-8x8,standard,random-start,8x8,tf:106,tf:105,true,p1,accepted,,830705,830707492115,0
tf_phase7_policy_standard_2026-08-20,standard_8x8_g106_vs_g105.jsonl,standard-random-8x8,standard,random-start,8x8,tf:105,tf:106,false,draw,accepted,,830705,830707492116,1
tf_phase7_policy_standard_2026-08-20,standard_8x8_g106_vs_g105.jsonl,standard-random-8x8,standard,random-start,8x8,tf:106,tf:105,true,p1,accepted,,830705,830707492117,2
tf_phase7_policy_standard_2026-08-20,standard_8x8_g106_vs_g105.jsonl,standard-random-8x8,standard,random-start,8x8,tf:105,tf:106,false,draw,accepted,,830705,830707492118,3
tf_phase7_policy_standard_2026-08-20,standard_8x8_g106_vs_g105.jsonl,standard-random-8x8,standard,random-start,8x8,tf:106,tf:105,true,p2,accepted,,830705,830707492119,4
tf_phase7_policy_standard_2026-08-20,standard_8x8_g106_vs_g105.jsonl,standard-random-8x8,standard,random-start,8x8,tf:105,tf:106,false,p1,accepted,,830705,830707492120,5
tf_phase7_policy_standard_2026-08-20,standard_8x8_g106_vs_g105.jsonl,standard-random-8x8,standard,random-start,8x8,tf:106,tf:105,true,p1,accepted,,830705,830707492121,6
tf_phase7_policy_standard_2026-08-20,standard_8x8_g106_vs_g105.jsonl,standard-random-8x8,standard,random-start,8x8,tf:105,tf:106,false,p2,accepted,,830705,830707492122,7
tf_phase7_policy_standard_2026-08-20,standard_8x8_g106_vs_g105.jsonl,standard-random-8x8,standard,random-start,8x8,tf:106,tf:105,true,p2,accepted,,830705,830707492123,8
tf_phase7_policy_standard_2026-08-20,standard_8x8_g106_vs_g105.jsonl,standard-random-8x8,standard,random-start,8x8,tf:105,tf:106,false,p1,accepted,,830705,830707492124,9
tf_phase7_policy_standard_2026-08-20,standard_8x8_g106_vs_g105.jsonl,standard-random-8x8,standard,random-start,8x8,tf:106,tf:105,true,p2,accepted,,830705,830707492125,10
tf_phase7_policy_standard_2026-08-20,standard_8x8_g106_vs_g105.jsonl,standard-random-8x8,standard,random-start,8x8,tf:105,tf:106,false,p1,accepted,,830705,830707492126,11
tf_phase7_policy_standard_2026-08-20,standard_8x8_g106_vs_g105.jsonl,standard-random-8x8,standard,random-start,8x8,tf:106,tf:105,true,p2,accepted,,830705,830707492127,12
tf_phase7_policy_standard_2026-08-20,standard_8x8_g106_vs_g105.jsonl,standard-random-8x8,standard,random-start,8x8,tf:105,tf:106,false,p2,accepted,,830705,830707492128,13
tf_phase7_policy_standard_2026-08-20,standard_8x8_g106_vs_g105.jsonl,standard-random-8x8,standard,random-start,8x8,tf:106,tf:105,true,p2,accepted,,830705,830707492129,14
tf_phase7_policy_standard_2026-08-20,standard_8x8_g106_vs_g105.jsonl,standard-random-8x8,standard,random-start,8x8,tf:105,tf:106,false,p1,accepted,,830705,830707492130,15
tf_phase7_policy_standard_2026-08-20,standard_8x8_g106_vs_g105.jsonl,standard-random-8x8,standard,random-start,8x8,tf:106,tf:105,true,p1,accepted,,830705,830707492131,16
tf_phase7_policy_standard_2026-08-20,standard_8x8_g106_vs_g105.jsonl,standard-random-8x8,standard,random-start,8x8,tf:105,tf:106,false,p1,accepted,,830705,830707492132,17
tf_phase7_policy_standard_2026-08-20,standard_8x8_g106_vs_g105.jsonl,standard-random-8x8,standard,random-start,8x8,tf:106,tf:105,true,p1,accepted,,830705,830707492133,18
tf_phase7_policy_standard_2026-08-20,standard_8x8_g106_vs_g105.jsonl,standard-random-8x8,standard,random-start,8x8,tf:105,tf:106,false,p2,accepted,,830705,830707492134,19
tf_phase7_policy_standard_2026-08-20,standard_8x8_g106_vs_g105.jsonl,standard-random-8x8,standard,random-start,8x8,tf:106,tf:105,true,p2,accepted,,830705,830707492135,20
tf_phase7_policy_standard_2026-08-20,standard_8x8_g106_vs_g105.jsonl,standard-random-8x8,standard,random-start,8x8,tf:105,tf:106,false,p1,accepted,,830705,830707492136,21
tf_phase7_policy_standard_2026-08-20,standard_8x8_g106_vs_g105.jsonl,standard-random-8x8,standard,random-start,8x8,tf:106,tf:105,true,p1,accepted,,830705,830707492137,22
tf_phase7_policy_standard_2026-08-20,standard_8x8_g106_vs_g105.jsonl,standard-random-8x8,standard,random-start,8x8,tf:105,tf:106,false,p1,accepted,,830705,830707492138,23
tf_phase7_policy_standard_2026-08-20,standard_8x8_g106_vs_g105.jsonl,standard-random-8x8,standard,random-start,8x8,tf:106,tf:105,true,p1,accepted,,830705,830707492139,24
tf_phase7_policy_standard_2026-08-20,standard_8x8_g106_vs_g105.jsonl,standard-random-8x8,standard,random-start,8x8,tf:105,tf:106,false,draw,accepted,,830705,830707492140,25
tf_phase7_policy_standard_2026-08-20,standard_8x8_g106_vs_g105.jsonl,standard-random-8x8,standard,random-start,8x8,tf:106,tf:105,true,draw,accepted,,830705,830707492141,26
tf_phase7_policy_standard_2026-08-20,standard_8x8_g106_vs_g105.jsonl,standard-random-8x8,standard,random-start,8x8,tf:105,tf:106,false,p2,accepted,,830705,830707492142,27
tf_phase7_policy_standard_2026-08-20,standard_8x8_g106_vs_g105.jsonl,standard-random-8x8,standard,random-start,8x8,tf:106,tf:105,true,p1,accepted,,830705,830707492143,28
tf_phase7_policy_standard_2026-08-20,standard_8x8_g106_vs_g105.jsonl,standard-random-8x8,standard,random-start,8x8,tf:105,tf:106,false,p2,accepted,,830705,830707492144,29
tf_phase7_policy_standard_2026-08-20,standard_8x8_g106_vs_g105.jsonl,standard-random-8x8,standard,random-start,8x8,tf:106,tf:105,true,p1,accepted,,830705,830707492145,30
tf_phase7_policy_standard_2026-08-20,standard_8x8_g106_vs_g105.jsonl,standard-random-8x8,standard,random-start,8x8,tf:105,tf:106,false,p2,accepted,,830705,830707492146,31
tf_phase7_policy_standard_2026-08-20,standard_8x8_g106_vs_g105.jsonl,standard-random-8x8,standard,random-start,8x8,tf:106,tf:105,true,p1,accepted,,830705,830707492147,32
tf_phase7_policy_standard_2026-08-20,standard_8x8_g106_vs_g105.jsonl,standard-random-8x8,standard,random-start,8x8,tf:105,tf:106,false,p1,accepted,,830705,830707492148,33
tf_phase7_policy_standard_2026-08-20,standard_8x8_g106_vs_g105.jsonl,standard-random-8x8,standard,random-start,8x8,tf:106,tf:105,true,p2,accepted,,830705,830707492149,34
tf_phase7_policy_standard_2026-08-20,standard_8x8_g106_vs_g105.jsonl,standard-random-8x8,standard,random-start,8x8,tf:105,tf:106,false,p1,accepted,,830705,830707492150,35
tf_phase7_policy_standard_2026-08-20,standard_8x8_g106_vs_g105.jsonl,standard-random-8x8,standard,random-start,8x8,tf:106,tf:105,true,p1,accepted,,830705,830707492151,36
tf_phase7_policy_standard_2026-08-20,standard_8x8_g106_vs_g105.jsonl,standard-random-8x8,standard,random-start,8x8,tf:105,tf:106,false,p1,accepted,,830705,830707492152,37
tf_phase7_policy_standard_2026-08-20,standard_8x8_g106_vs_g105.jsonl,standard-random-8x8,standard,random-start,8x8,tf:106,tf:105,true,p1,accepted,,830705,830707492153,38
tf_phase7_policy_standard_2026-08-20,standard_8x8_g106_vs_g105.jsonl,standard-random-8x8,standard,random-start,8x8,tf:105,tf:106,false,p2,accepted,,830705,830707492154,39
tf_phase7_policy_standard_2026-08-20,standard_8x8_g107_vs_g101.jsonl,standard-random-8x8,standard,random-start,8x8,tf:107,tf:101,true,draw,accepted,,830801,830803492403,0
tf_phase7_policy_standard_2026-08-20,standard_8x8_g107_vs_g101.jsonl,standard-random-8x8,standard,random-start,8x8,tf:101,tf:107,false,p1,accepted,,830801,830803492404,1
tf_phase7_policy_standard_2026-08-20,standard_8x8_g107_vs_g101.jsonl,standard-random-8x8,standard,random-start,8x8,tf:107,tf:101,true,draw,accepted,,830801,830803492405,2
tf_phase7_policy_standard_2026-08-20,standard_8x8_g107_vs_g101.jsonl,standard-random-8x8,standard,random-start,8x8,tf:101,tf:107,false,draw,accepted,,830801,830803492406,3
tf_phase7_policy_standard_2026-08-20,standard_8x8_g107_vs_g101.jsonl,standard-random-8x8,standard,random-start,8x8,tf:107,tf:101,true,draw,accepted,,830801,830803492407,4
tf_phase7_policy_standard_2026-08-20,standard_8x8_g107_vs_g101.jsonl,standard-random-8x8,standard,random-start,8x8,tf:101,tf:107,false,p2,accepted,,830801,830803492408,5
tf_phase7_policy_standard_2026-08-20,standard_8x8_g107_vs_g101.jsonl,standard-random-8x8,standard,random-start,8x8,tf:107,tf:101,true,p1,accepted,,830801,830803492409,6
tf_phase7_policy_standard_2026-08-20,standard_8x8_g107_vs_g101.jsonl,standard-random-8x8,standard,random-start,8x8,tf:101,tf:107,false,p1,accepted,,830801,830803492410,7
tf_phase7_policy_standard_2026-08-20,standard_8x8_g107_vs_g101.jsonl,standard-random-8x8,standard,random-start,8x8,tf:107,tf:101,true,p1,accepted,,830801,830803492411,8
tf_phase7_policy_standard_2026-08-20,standard_8x8_g107_vs_g101.jsonl,standard-random-8x8,standard,random-start,8x8,tf:101,tf:107,false,p1,accepted,,830801,830803492412,9
tf_phase7_policy_standard_2026-08-20,standard_8x8_g107_vs_g101.jsonl,standard-random-8x8,standard,random-start,8x8,tf:107,tf:101,true,p1,accepted,,830801,830803492413,10
tf_phase7_policy_standard_2026-08-20,standard_8x8_g107_vs_g101.jsonl,standard-random-8x8,standard,random-start,8x8,tf:101,tf:107,false,p2,accepted,,830801,830803492414,11
tf_phase7_policy_standard_2026-08-20,standard_8x8_g107_vs_g101.jsonl,standard-random-8x8,standard,random-start,8x8,tf:107,tf:101,true,draw,accepted,,830801,830803492415,12
tf_phase7_policy_standard_2026-08-20,standard_8x8_g107_vs_g101.jsonl,standard-random-8x8,standard,random-start,8x8,tf:101,tf:107,false,p1,accepted,,830801,830803492416,13
tf_phase7_policy_standard_2026-08-20,standard_8x8_g107_vs_g101.jsonl,standard-random-8x8,standard,random-start,8x8,tf:107,tf:101,true,p1,accepted,,830801,830803492417,14
tf_phase7_policy_standard_2026-08-20,standard_8x8_g107_vs_g101.jsonl,standard-random-8x8,standard,random-start,8x8,tf:101,tf:107,false,p1,accepted,,830801,830803492418,15
tf_phase7_policy_standard_2026-08-20,standard_8x8_g107_vs_g101.jsonl,standard-random-8x8,standard,random-start,8x8,tf:107,tf:101,true,p1,accepted,,830801,830803492419,16
tf_phase7_policy_standard_2026-08-20,standard_8x8_g107_vs_g101.jsonl,standard-random-8x8,standard,random-start,8x8,tf:101,tf:107,false,p1,accepted,,830801,830803492420,17
tf_phase7_policy_standard_2026-08-20,standard_8x8_g107_vs_g101.jsonl,standard-random-8x8,standard,random-start,8x8,tf:107,tf:101,true,draw,accepted,,830801,830803492421,18
tf_phase7_policy_standard_2026-08-20,standard_8x8_g107_vs_g101.jsonl,standard-random-8x8,standard,random-start,8x8,tf:101,tf:107,false,p2,accepted,,830801,830803492422,19
tf_phase7_policy_standard_2026-08-20,standard_8x8_g107_vs_g101.jsonl,standard-random-8x8,standard,random-start,8x8,tf:107,tf:101,true,p1,accepted,,830801,830803492423,20
tf_phase7_policy_standard_2026-08-20,standard_8x8_g107_vs_g101.jsonl,standard-random-8x8,standard,random-start,8x8,tf:101,tf:107,false,p1,accepted,,830801,830803492424,21
tf_phase7_policy_standard_2026-08-20,standard_8x8_g107_vs_g101.jsonl,standard-random-8x8,standard,random-start,8x8,tf:107,tf:101,true,p2,accepted,,830801,830803492425,22
tf_phase7_policy_standard_2026-08-20,standard_8x8_g107_vs_g101.jsonl,standard-random-8x8,standard,random-start,8x8,tf:101,tf:107,false,p1,accepted,,830801,830803492426,23
tf_phase7_policy_standard_2026-08-20,standard_8x8_g107_vs_g101.jsonl,standard-random-8x8,standard,random-start,8x8,tf:107,tf:101,true,p2,accepted,,830801,830803492427,24
tf_phase7_policy_standard_2026-08-20,standard_8x8_g107_vs_g101.jsonl,standard-random-8x8,standard,random-start,8x8,tf:101,tf:107,false,p2,accepted,,830801,830803492428,25
tf_phase7_policy_standard_2026-08-20,standard_8x8_g107_vs_g101.jsonl,standard-random-8x8,standard,random-start,8x8,tf:107,tf:101,true,p2,accepted,,830801,830803492429,26
tf_phase7_policy_standard_2026-08-20,standard_8x8_g107_vs_g101.jsonl,standard-random-8x8,standard,random-start,8x8,tf:101,tf:107,false,draw,accepted,,830801,830803492430,27
tf_phase7_policy_standard_2026-08-20,standard_8x8_g107_vs_g101.jsonl,standard-random-8x8,standard,random-start,8x8,tf:107,tf:101,true,draw,accepted,,830801,830803492431,28
tf_phase7_policy_standard_2026-08-20,standard_8x8_g107_vs_g101.jsonl,standard-random-8x8,standard,random-start,8x8,tf:101,tf:107,false,p1,accepted,,830801,830803492432,29
tf_phase7_policy_standard_2026-08-20,standard_8x8_g107_vs_g101.jsonl,standard-random-8x8,standard,random-start,8x8,tf:107,tf:101,true,p2,accepted,,830801,830803492433,30
tf_phase7_policy_standard_2026-08-20,standard_8x8_g107_vs_g101.jsonl,standard-random-8x8,standard,random-start,8x8,tf:101,tf:107,false,draw,accepted,,830801,830803492434,31
tf_phase7_policy_standard_2026-08-20,standard_8x8_g107_vs_g101.jsonl,standard-random-8x8,standard,random-start,8x8,tf:107,tf:101,true,p1,accepted,,830801,830803492435,32
tf_phase7_policy_standard_2026-08-20,standard_8x8_g107_vs_g101.jsonl,standard-random-8x8,standard,random-start,8x8,tf:101,tf:107,false,p2,accepted,,830801,830803492436,33
tf_phase7_policy_standard_2026-08-20,standard_8x8_g107_vs_g101.jsonl,standard-random-8x8,standard,random-start,8x8,tf:107,tf:101,true,p1,accepted,,830801,830803492437,34
tf_phase7_policy_standard_2026-08-20,standard_8x8_g107_vs_g101.jsonl,standard-random-8x8,standard,random-start,8x8,tf:101,tf:107,false,p1,accepted,,830801,830803492438,35
tf_phase7_policy_standard_2026-08-20,standard_8x8_g107_vs_g101.jsonl,standard-random-8x8,standard,random-start,8x8,tf:107,tf:101,true,p1,accepted,,830801,830803492439,36
tf_phase7_policy_standard_2026-08-20,standard_8x8_g107_vs_g101.jsonl,standard-random-8x8,standard,random-start,8x8,tf:101,tf:107,false,p1,accepted,,830801,830803492440,37
tf_phase7_policy_standard_2026-08-20,standard_8x8_g107_vs_g101.jsonl,standard-random-8x8,standard,random-start,8x8,tf:107,tf:101,true,p2,accepted,,830801,830803492441,38
tf_phase7_policy_standard_2026-08-20,standard_8x8_g107_vs_g101.jsonl,standard-random-8x8,standard,random-start,8x8,tf:101,tf:107,false,draw,accepted,,830801,830803492442,39
tf_phase7_policy_standard_2026-08-20,standard_8x8_g107_vs_g104.jsonl,standard-random-8x8,standard,random-start,8x8,tf:107,tf:104,true,p1,accepted,,830804,830806492412,0
tf_phase7_policy_standard_2026-08-20,standard_8x8_g107_vs_g104.jsonl,standard-random-8x8,standard,random-start,8x8,tf:104,tf:107,false,p2,accepted,,830804,830806492413,1
tf_phase7_policy_standard_2026-08-20,standard_8x8_g107_vs_g104.jsonl,standard-random-8x8,standard,random-start,8x8,tf:107,tf:104,true,p2,accepted,,830804,830806492414,2
tf_phase7_policy_standard_2026-08-20,standard_8x8_g107_vs_g104.jsonl,standard-random-8x8,standard,random-start,8x8,tf:104,tf:107,false,p1,accepted,,830804,830806492415,3
tf_phase7_policy_standard_2026-08-20,standard_8x8_g107_vs_g104.jsonl,standard-random-8x8,standard,random-start,8x8,tf:107,tf:104,true,draw,accepted,,830804,830806492416,4
tf_phase7_policy_standard_2026-08-20,standard_8x8_g107_vs_g104.jsonl,standard-random-8x8,standard,random-start,8x8,tf:104,tf:107,false,p1,accepted,,830804,830806492417,5
tf_phase7_policy_standard_2026-08-20,standard_8x8_g107_vs_g104.jsonl,standard-random-8x8,standard,random-start,8x8,tf:107,tf:104,true,p1,accepted,,830804,830806492418,6
tf_phase7_policy_standard_2026-08-20,standard_8x8_g107_vs_g104.jsonl,standard-random-8x8,standard,random-start,8x8,tf:104,tf:107,false,p2,accepted,,830804,830806492419,7
tf_phase7_policy_standard_2026-08-20,standard_8x8_g107_vs_g104.jsonl,standard-random-8x8,standard,random-start,8x8,tf:107,tf:104,true,p1,accepted,,830804,830806492420,8
tf_phase7_policy_standard_2026-08-20,standard_8x8_g107_vs_g104.jsonl,standard-random-8x8,standard,random-start,8x8,tf:104,tf:107,false,draw,accepted,,830804,830806492421,9
tf_phase7_policy_standard_2026-08-20,standard_8x8_g107_vs_g104.jsonl,standard-random-8x8,standard,random-start,8x8,tf:107,tf:104,true,p1,accepted,,830804,830806492422,10
tf_phase7_policy_standard_2026-08-20,standard_8x8_g107_vs_g104.jsonl,standard-random-8x8,standard,random-start,8x8,tf:104,tf:107,false,p1,accepted,,830804,830806492423,11
tf_phase7_policy_standard_2026-08-20,standard_8x8_g107_vs_g104.jsonl,standard-random-8x8,standard,random-start,8x8,tf:107,tf:104,true,draw,accepted,,830804,830806492424,12
tf_phase7_policy_standard_2026-08-20,standard_8x8_g107_vs_g104.jsonl,standard-random-8x8,standard,random-start,8x8,tf:104,tf:107,false,p2,accepted,,830804,830806492425,13
tf_phase7_policy_standard_2026-08-20,standard_8x8_g107_vs_g104.jsonl,standard-random-8x8,standard,random-start,8x8,tf:107,tf:104,true,draw,accepted,,830804,830806492426,14
tf_phase7_policy_standard_2026-08-20,standard_8x8_g107_vs_g104.jsonl,standard-random-8x8,standard,random-start,8x8,tf:104,tf:107,false,p1,accepted,,830804,830806492427,15
tf_phase7_policy_standard_2026-08-20,standard_8x8_g107_vs_g104.jsonl,standard-random-8x8,standard,random-start,8x8,tf:107,tf:104,true,draw,accepted,,830804,830806492428,16
tf_phase7_policy_standard_2026-08-20,standard_8x8_g107_vs_g104.jsonl,standard-random-8x8,standard,random-start,8x8,tf:104,tf:107,false,p1,accepted,,830804,830806492429,17
tf_phase7_policy_standard_2026-08-20,standard_8x8_g107_vs_g104.jsonl,standard-random-8x8,standard,random-start,8x8,tf:107,tf:104,true,draw,accepted,,830804,830806492430,18
tf_phase7_policy_standard_2026-08-20,standard_8x8_g107_vs_g104.jsonl,standard-random-8x8,standard,random-start,8x8,tf:104,tf:107,false,p1,accepted,,830804,830806492431,19
tf_phase7_policy_standard_2026-08-20,standard_8x8_g107_vs_g104.jsonl,standard-random-8x8,standard,random-start,8x8,tf:107,tf:104,true,draw,accepted,,830804,830806492432,20
tf_phase7_policy_standard_2026-08-20,standard_8x8_g107_vs_g104.jsonl,standard-random-8x8,standard,random-start,8x8,tf:104,tf:107,false,p2,accepted,,830804,830806492433,21
tf_phase7_policy_standard_2026-08-20,standard_8x8_g107_vs_g104.jsonl,standard-random-8x8,standard,random-start,8x8,tf:107,tf:104,true,p1,accepted,,830804,830806492434,22
tf_phase7_policy_standard_2026-08-20,standard_8x8_g107_vs_g104.jsonl,standard-random-8x8,standard,random-start,8x8,tf:104,tf:107,false,p2,accepted,,830804,830806492435,23
tf_phase7_policy_standard_2026-08-20,standard_8x8_g107_vs_g104.jsonl,standard-random-8x8,standard,random-start,8x8,tf:107,tf:104,true,p1,accepted,,830804,830806492436,24
tf_phase7_policy_standard_2026-08-20,standard_8x8_g107_vs_g104.jsonl,standard-random-8x8,standard,random-start,8x8,tf:104,tf:107,false,draw,accepted,,830804,830806492437,25
tf_phase7_policy_standard_2026-08-20,standard_8x8_g107_vs_g104.jsonl,standard-random-8x8,standard,random-start,8x8,tf:107,tf:104,true,p2,accepted,,830804,830806492438,26
tf_phase7_policy_standard_2026-08-20,standard_8x8_g107_vs_g104.jsonl,standard-random-8x8,standard,random-start,8x8,tf:104,tf:107,false,p2,accepted,,830804,830806492439,27
tf_phase7_policy_standard_2026-08-20,standard_8x8_g107_vs_g104.jsonl,standard-random-8x8,standard,random-start,8x8,tf:107,tf:104,true,p2,accepted,,830804,830806492440,28
tf_phase7_policy_standard_2026-08-20,standard_8x8_g107_vs_g104.jsonl,standard-random-8x8,standard,random-start,8x8,tf:104,tf:107,false,p2,accepted,,830804,830806492441,29
tf_phase7_policy_standard_2026-08-20,standard_8x8_g107_vs_g104.jsonl,standard-random-8x8,standard,random-start,8x8,tf:107,tf:104,true,p2,accepted,,830804,830806492442,30
tf_phase7_policy_standard_2026-08-20,standard_8x8_g107_vs_g104.jsonl,standard-random-8x8,standard,random-start,8x8,tf:104,tf:107,false,draw,accepted,,830804,830806492443,31
tf_phase7_policy_standard_2026-08-20,standard_8x8_g107_vs_g104.jsonl,standard-random-8x8,standard,random-start,8x8,tf:107,tf:104,true,draw,accepted,,830804,830806492444,32
tf_phase7_policy_standard_2026-08-20,standard_8x8_g107_vs_g104.jsonl,standard-random-8x8,standard,random-start,8x8,tf:104,tf:107,false,draw,accepted,,830804,830806492445,33
tf_phase7_policy_standard_2026-08-20,standard_8x8_g107_vs_g104.jsonl,standard-random-8x8,standard,random-start,8x8,tf:107,tf:104,true,p1,accepted,,830804,830806492446,34
tf_phase7_policy_standard_2026-08-20,standard_8x8_g107_vs_g104.jsonl,standard-random-8x8,standard,random-start,8x8,tf:104,tf:107,false,draw,accepted,,830804,830806492447,35
tf_phase7_policy_standard_2026-08-20,standard_8x8_g107_vs_g104.jsonl,standard-random-8x8,standard,random-start,8x8,tf:107,tf:104,true,p1,accepted,,830804,830806492448,36
tf_phase7_policy_standard_2026-08-20,standard_8x8_g107_vs_g104.jsonl,standard-random-8x8,standard,random-start,8x8,tf:104,tf:107,false,p1,accepted,,830804,830806492449,37
tf_phase7_policy_standard_2026-08-20,standard_8x8_g107_vs_g104.jsonl,standard-random-8x8,standard,random-start,8x8,tf:107,tf:104,true,p2,accepted,,830804,830806492450,38
tf_phase7_policy_standard_2026-08-20,standard_8x8_g107_vs_g104.jsonl,standard-random-8x8,standard,random-start,8x8,tf:104,tf:107,false,p1,accepted,,830804,830806492451,39
tf_phase7_policy_standard_2026-08-20,standard_8x8_g107_vs_g106.jsonl,standard-random-8x8,standard,random-start,8x8,tf:107,tf:106,true,p1,accepted,,830806,830808492418,0
tf_phase7_policy_standard_2026-08-20,standard_8x8_g107_vs_g106.jsonl,standard-random-8x8,standard,random-start,8x8,tf:106,tf:107,false,p1,accepted,,830806,830808492419,1
tf_phase7_policy_standard_2026-08-20,standard_8x8_g107_vs_g106.jsonl,standard-random-8x8,standard,random-start,8x8,tf:107,tf:106,true,p1,accepted,,830806,830808492420,2
tf_phase7_policy_standard_2026-08-20,standard_8x8_g107_vs_g106.jsonl,standard-random-8x8,standard,random-start,8x8,tf:106,tf:107,false,p1,accepted,,830806,830808492421,3
tf_phase7_policy_standard_2026-08-20,standard_8x8_g107_vs_g106.jsonl,standard-random-8x8,standard,random-start,8x8,tf:107,tf:106,true,p1,accepted,,830806,830808492422,4
tf_phase7_policy_standard_2026-08-20,standard_8x8_g107_vs_g106.jsonl,standard-random-8x8,standard,random-start,8x8,tf:106,tf:107,false,p2,accepted,,830806,830808492423,5
tf_phase7_policy_standard_2026-08-20,standard_8x8_g107_vs_g106.jsonl,standard-random-8x8,standard,random-start,8x8,tf:107,tf:106,true,p2,accepted,,830806,830808492424,6
tf_phase7_policy_standard_2026-08-20,standard_8x8_g107_vs_g106.jsonl,standard-random-8x8,standard,random-start,8x8,tf:106,tf:107,false,p1,accepted,,830806,830808492425,7
tf_phase7_policy_standard_2026-08-20,standard_8x8_g107_vs_g106.jsonl,standard-random-8x8,standard,random-start,8x8,tf:107,tf:106,true,p2,accepted,,830806,830808492426,8
tf_phase7_policy_standard_2026-08-20,standard_8x8_g107_vs_g106.jsonl,standard-random-8x8,standard,random-start,8x8,tf:106,tf:107,false,p2,accepted,,830806,830808492427,9
tf_phase7_policy_standard_2026-08-20,standard_8x8_g107_vs_g106.jsonl,standard-random-8x8,standard,random-start,8x8,tf:107,tf:106,true,draw,accepted,,830806,830808492428,10
tf_phase7_policy_standard_2026-08-20,standard_8x8_g107_vs_g106.jsonl,standard-random-8x8,standard,random-start,8x8,tf:106,tf:107,false,draw,accepted,,830806,830808492429,11
tf_phase7_policy_standard_2026-08-20,standard_8x8_g107_vs_g106.jsonl,standard-random-8x8,standard,random-start,8x8,tf:107,tf:106,true,p1,accepted,,830806,830808492430,12
tf_phase7_policy_standard_2026-08-20,standard_8x8_g107_vs_g106.jsonl,standard-random-8x8,standard,random-start,8x8,tf:106,tf:107,false,draw,accepted,,830806,830808492431,13
tf_phase7_policy_standard_2026-08-20,standard_8x8_g107_vs_g106.jsonl,standard-random-8x8,standard,random-start,8x8,tf:107,tf:106,true,p1,accepted,,830806,830808492432,14
tf_phase7_policy_standard_2026-08-20,standard_8x8_g107_vs_g106.jsonl,standard-random-8x8,standard,random-start,8x8,tf:106,tf:107,false,p1,accepted,,830806,830808492433,15
tf_phase7_policy_standard_2026-08-20,standard_8x8_g107_vs_g106.jsonl,standard-random-8x8,standard,random-start,8x8,tf:107,tf:106,true,p2,accepted,,830806,830808492434,16
tf_phase7_policy_standard_2026-08-20,standard_8x8_g107_vs_g106.jsonl,standard-random-8x8,standard,random-start,8x8,tf:106,tf:107,false,p1,accepted,,830806,830808492435,17
tf_phase7_policy_standard_2026-08-20,standard_8x8_g107_vs_g106.jsonl,standard-random-8x8,standard,random-start,8x8,tf:107,tf:106,true,draw,accepted,,830806,830808492436,18
tf_phase7_policy_standard_2026-08-20,standard_8x8_g107_vs_g106.jsonl,standard-random-8x8,standard,random-start,8x8,tf:106,tf:107,false,p1,accepted,,830806,830808492437,19
tf_phase7_policy_standard_2026-08-20,standard_8x8_g107_vs_g106.jsonl,standard-random-8x8,standard,random-start,8x8,tf:107,tf:106,true,p2,accepted,,830806,830808492438,20
tf_phase7_policy_standard_2026-08-20,standard_8x8_g107_vs_g106.jsonl,standard-random-8x8,standard,random-start,8x8,tf:106,tf:107,false,p2,accepted,,830806,830808492439,21
tf_phase7_policy_standard_2026-08-20,standard_8x8_g107_vs_g106.jsonl,standard-random-8x8,standard,random-start,8x8,tf:107,tf:106,true,p1,accepted,,830806,830808492440,22
tf_phase7_policy_standard_2026-08-20,standard_8x8_g107_vs_g106.jsonl,standard-random-8x8,standard,random-start,8x8,tf:106,tf:107,false,p2,accepted,,830806,830808492441,23
tf_phase7_policy_standard_2026-08-20,standard_8x8_g107_vs_g106.jsonl,standard-random-8x8,standard,random-start,8x8,tf:107,tf:106,true,p1,accepted,,830806,830808492442,24
tf_phase7_policy_standard_2026-08-20,standard_8x8_g107_vs_g106.jsonl,standard-random-8x8,standard,random-start,8x8,tf:106,tf:107,false,p2,accepted,,830806,830808492443,25
tf_phase7_policy_standard_2026-08-20,standard_8x8_g107_vs_g106.jsonl,standard-random-8x8,standard,random-start,8x8,tf:107,tf:106,true,draw,accepted,,830806,830808492444,26
tf_phase7_policy_standard_2026-08-20,standard_8x8_g107_vs_g106.jsonl,standard-random-8x8,standard,random-start,8x8,tf:106,tf:107,false,p2,accepted,,830806,830808492445,27
tf_phase7_policy_standard_2026-08-20,standard_8x8_g107_vs_g106.jsonl,standard-random-8x8,standard,random-start,8x8,tf:107,tf:106,true,p2,accepted,,830806,830808492446,28
tf_phase7_policy_standard_2026-08-20,standard_8x8_g107_vs_g106.jsonl,standard-random-8x8,standard,random-start,8x8,tf:106,tf:107,false,draw,accepted,,830806,830808492447,29
tf_phase7_policy_standard_2026-08-20,standard_8x8_g107_vs_g106.jsonl,standard-random-8x8,standard,random-start,8x8,tf:107,tf:106,true,draw,accepted,,830806,830808492448,30
tf_phase7_policy_standard_2026-08-20,standard_8x8_g107_vs_g106.jsonl,standard-random-8x8,standard,random-start,8x8,tf:106,tf:107,false,p2,accepted,,830806,830808492449,31
tf_phase7_policy_standard_2026-08-20,standard_8x8_g107_vs_g106.jsonl,standard-random-8x8,standard,random-start,8x8,tf:107,tf:106,true,p1,accepted,,830806,830808492450,32
tf_phase7_policy_standard_2026-08-20,standard_8x8_g107_vs_g106.jsonl,standard-random-8x8,standard,random-start,8x8,tf:106,tf:107,false,p2,accepted,,830806,830808492451,33
tf_phase7_policy_standard_2026-08-20,standard_8x8_g107_vs_g106.jsonl,standard-random-8x8,standard,random-start,8x8,tf:107,tf:106,true,p1,accepted,,830806,830808492452,34
tf_phase7_policy_standard_2026-08-20,standard_8x8_g107_vs_g106.jsonl,standard-random-8x8,standard,random-start,8x8,tf:106,tf:107,false,p1,accepted,,830806,830808492453,35
tf_phase7_policy_standard_2026-08-20,standard_8x8_g107_vs_g106.jsonl,standard-random-8x8,standard,random-start,8x8,tf:107,tf:106,true,p1,accepted,,830806,830808492454,36
tf_phase7_policy_standard_2026-08-20,standard_8x8_g107_vs_g106.jsonl,standard-random-8x8,standard,random-start,8x8,tf:106,tf:107,false,p2,accepted,,830806,830808492455,37
tf_phase7_policy_standard_2026-08-20,standard_8x8_g107_vs_g106.jsonl,standard-random-8x8,standard,random-start,8x8,tf:107,tf:106,true,draw,accepted,,830806,830808492456,38
tf_phase7_policy_standard_2026-08-20,standard_8x8_g107_vs_g106.jsonl,standard-random-8x8,standard,random-start,8x8,tf:106,tf:107,false,p2,accepted,,830806,830808492457,39
tf_phase7_policy_standard_2026-08-20,standard_8x8_g108_vs_g102.jsonl,standard-random-8x8,standard,random-start,8x8,tf:108,tf:102,true,draw,accepted,,830902,830904492706,0
tf_phase7_policy_standard_2026-08-20,standard_8x8_g108_vs_g102.jsonl,standard-random-8x8,standard,random-start,8x8,tf:102,tf:108,false,p2,accepted,,830902,830904492707,1
tf_phase7_policy_standard_2026-08-20,standard_8x8_g108_vs_g102.jsonl,standard-random-8x8,standard,random-start,8x8,tf:108,tf:102,true,p1,accepted,,830902,830904492708,2
tf_phase7_policy_standard_2026-08-20,standard_8x8_g108_vs_g102.jsonl,standard-random-8x8,standard,random-start,8x8,tf:102,tf:108,false,p1,accepted,,830902,830904492709,3
tf_phase7_policy_standard_2026-08-20,standard_8x8_g108_vs_g102.jsonl,standard-random-8x8,standard,random-start,8x8,tf:108,tf:102,true,draw,accepted,,830902,830904492710,4
tf_phase7_policy_standard_2026-08-20,standard_8x8_g108_vs_g102.jsonl,standard-random-8x8,standard,random-start,8x8,tf:102,tf:108,false,p2,accepted,,830902,830904492711,5
tf_phase7_policy_standard_2026-08-20,standard_8x8_g108_vs_g102.jsonl,standard-random-8x8,standard,random-start,8x8,tf:108,tf:102,true,p1,accepted,,830902,830904492712,6
tf_phase7_policy_standard_2026-08-20,standard_8x8_g108_vs_g102.jsonl,standard-random-8x8,standard,random-start,8x8,tf:102,tf:108,false,p1,accepted,,830902,830904492713,7
tf_phase7_policy_standard_2026-08-20,standard_8x8_g108_vs_g102.jsonl,standard-random-8x8,standard,random-start,8x8,tf:108,tf:102,true,p2,accepted,,830902,830904492714,8
tf_phase7_policy_standard_2026-08-20,standard_8x8_g108_vs_g102.jsonl,standard-random-8x8,standard,random-start,8x8,tf:102,tf:108,false,p2,accepted,,830902,830904492715,9
tf_phase7_policy_standard_2026-08-20,standard_8x8_g108_vs_g102.jsonl,standard-random-8x8,standard,random-start,8x8,tf:108,tf:102,true,p1,accepted,,830902,830904492716,10
tf_phase7_policy_standard_2026-08-20,standard_8x8_g108_vs_g102.jsonl,standard-random-8x8,standard,random-start,8x8,tf:102,tf:108,false,p1,accepted,,830902,830904492717,11
tf_phase7_policy_standard_2026-08-20,standard_8x8_g108_vs_g102.jsonl,standard-random-8x8,standard,random-start,8x8,tf:108,tf:102,true,p2,accepted,,830902,830904492718,12
tf_phase7_policy_standard_2026-08-20,standard_8x8_g108_vs_g102.jsonl,standard-random-8x8,standard,random-start,8x8,tf:102,tf:108,false,draw,accepted,,830902,830904492719,13
tf_phase7_policy_standard_2026-08-20,standard_8x8_g108_vs_g102.jsonl,standard-random-8x8,standard,random-start,8x8,tf:108,tf:102,true,p1,accepted,,830902,830904492720,14
tf_phase7_policy_standard_2026-08-20,standard_8x8_g108_vs_g102.jsonl,standard-random-8x8,standard,random-start,8x8,tf:102,tf:108,false,p1,accepted,,830902,830904492721,15
tf_phase7_policy_standard_2026-08-20,standard_8x8_g108_vs_g102.jsonl,standard-random-8x8,standard,random-start,8x8,tf:108,tf:102,true,p2,accepted,,830902,830904492722,16
tf_phase7_policy_standard_2026-08-20,standard_8x8_g108_vs_g102.jsonl,standard-random-8x8,standard,random-start,8x8,tf:102,tf:108,false,p1,accepted,,830902,830904492723,17
tf_phase7_policy_standard_2026-08-20,standard_8x8_g108_vs_g102.jsonl,standard-random-8x8,standard,random-start,8x8,tf:108,tf:102,true,draw,accepted,,830902,830904492724,18
tf_phase7_policy_standard_2026-08-20,standard_8x8_g108_vs_g102.jsonl,standard-random-8x8,standard,random-start,8x8,tf:102,tf:108,false,p1,accepted,,830902,830904492725,19
tf_phase7_policy_standard_2026-08-20,standard_8x8_g108_vs_g102.jsonl,standard-random-8x8,standard,random-start,8x8,tf:108,tf:102,true,draw,accepted,,830902,830904492726,20
tf_phase7_policy_standard_2026-08-20,standard_8x8_g108_vs_g102.jsonl,standard-random-8x8,standard,random-start,8x8,tf:102,tf:108,false,p2,accepted,,830902,830904492727,21
tf_phase7_policy_standard_2026-08-20,standard_8x8_g108_vs_g102.jsonl,standard-random-8x8,standard,random-start,8x8,tf:108,tf:102,true,draw,accepted,,830902,830904492728,22
tf_phase7_policy_standard_2026-08-20,standard_8x8_g108_vs_g102.jsonl,standard-random-8x8,standard,random-start,8x8,tf:102,tf:108,false,p1,accepted,,830902,830904492729,23
tf_phase7_policy_standard_2026-08-20,standard_8x8_g108_vs_g102.jsonl,standard-random-8x8,standard,random-start,8x8,tf:108,tf:102,true,p1,accepted,,830902,830904492730,24
tf_phase7_policy_standard_2026-08-20,standard_8x8_g108_vs_g102.jsonl,standard-random-8x8,standard,random-start,8x8,tf:102,tf:108,false,p1,accepted,,830902,830904492731,25
tf_phase7_policy_standard_2026-08-20,standard_8x8_g108_vs_g102.jsonl,standard-random-8x8,standard,random-start,8x8,tf:108,tf:102,true,p2,accepted,,830902,830904492732,26
tf_phase7_policy_standard_2026-08-20,standard_8x8_g108_vs_g102.jsonl,standard-random-8x8,standard,random-start,8x8,tf:102,tf:108,false,p1,accepted,,830902,830904492733,27
tf_phase7_policy_standard_2026-08-20,standard_8x8_g108_vs_g102.jsonl,standard-random-8x8,standard,random-start,8x8,tf:108,tf:102,true,p2,accepted,,830902,830904492734,28
tf_phase7_policy_standard_2026-08-20,standard_8x8_g108_vs_g102.jsonl,standard-random-8x8,standard,random-start,8x8,tf:102,tf:108,false,p1,accepted,,830902,830904492735,29
tf_phase7_policy_standard_2026-08-20,standard_8x8_g108_vs_g102.jsonl,standard-random-8x8,standard,random-start,8x8,tf:108,tf:102,true,p1,accepted,,830902,830904492736,30
tf_phase7_policy_standard_2026-08-20,standard_8x8_g108_vs_g102.jsonl,standard-random-8x8,standard,random-start,8x8,tf:102,tf:108,false,p1,accepted,,830902,830904492737,31
tf_phase7_policy_standard_2026-08-20,standard_8x8_g108_vs_g102.jsonl,standard-random-8x8,standard,random-start,8x8,tf:108,tf:102,true,draw,accepted,,830902,830904492738,32
tf_phase7_policy_standard_2026-08-20,standard_8x8_g108_vs_g102.jsonl,standard-random-8x8,standard,random-start,8x8,tf:102,tf:108,false,p1,accepted,,830902,830904492739,33
tf_phase7_policy_standard_2026-08-20,standard_8x8_g108_vs_g102.jsonl,standard-random-8x8,standard,random-start,8x8,tf:108,tf:102,true,draw,accepted,,830902,830904492740,34
tf_phase7_policy_standard_2026-08-20,standard_8x8_g108_vs_g102.jsonl,standard-random-8x8,standard,random-start,8x8,tf:102,tf:108,false,draw,accepted,,830902,830904492741,35
tf_phase7_policy_standard_2026-08-20,standard_8x8_g108_vs_g102.jsonl,standard-random-8x8,standard,random-start,8x8,tf:108,tf:102,true,p2,accepted,,830902,830904492742,36
tf_phase7_policy_standard_2026-08-20,standard_8x8_g108_vs_g102.jsonl,standard-random-8x8,standard,random-start,8x8,tf:102,tf:108,false,p1,accepted,,830902,830904492743,37
tf_phase7_policy_standard_2026-08-20,standard_8x8_g108_vs_g102.jsonl,standard-random-8x8,standard,random-start,8x8,tf:108,tf:102,true,draw,accepted,,830902,830904492744,38
tf_phase7_policy_standard_2026-08-20,standard_8x8_g108_vs_g102.jsonl,standard-random-8x8,standard,random-start,8x8,tf:102,tf:108,false,p1,accepted,,830902,830904492745,39
tf_phase7_policy_standard_2026-08-20,standard_8x8_g108_vs_g105.jsonl,standard-random-8x8,standard,random-start,8x8,tf:108,tf:105,true,p2,accepted,,830905,830907492715,0
tf_phase7_policy_standard_2026-08-20,standard_8x8_g108_vs_g105.jsonl,standard-random-8x8,standard,random-start,8x8,tf:105,tf:108,false,p1,accepted,,830905,830907492716,1
tf_phase7_policy_standard_2026-08-20,standard_8x8_g108_vs_g105.jsonl,standard-random-8x8,standard,random-start,8x8,tf:108,tf:105,true,draw,accepted,,830905,830907492717,2
tf_phase7_policy_standard_2026-08-20,standard_8x8_g108_vs_g105.jsonl,standard-random-8x8,standard,random-start,8x8,tf:105,tf:108,false,p2,accepted,,830905,830907492718,3
tf_phase7_policy_standard_2026-08-20,standard_8x8_g108_vs_g105.jsonl,standard-random-8x8,standard,random-start,8x8,tf:108,tf:105,true,p2,accepted,,830905,830907492719,4
tf_phase7_policy_standard_2026-08-20,standard_8x8_g108_vs_g105.jsonl,standard-random-8x8,standard,random-start,8x8,tf:105,tf:108,false,draw,accepted,,830905,830907492720,5
tf_phase7_policy_standard_2026-08-20,standard_8x8_g108_vs_g105.jsonl,standard-random-8x8,standard,random-start,8x8,tf:108,tf:105,true,p2,accepted,,830905,830907492721,6
tf_phase7_policy_standard_2026-08-20,standard_8x8_g108_vs_g105.jsonl,standard-random-8x8,standard,random-start,8x8,tf:105,tf:108,false,p1,accepted,,830905,830907492722,7
tf_phase7_policy_standard_2026-08-20,standard_8x8_g108_vs_g105.jsonl,standard-random-8x8,standard,random-start,8x8,tf:108,tf:105,true,draw,accepted,,830905,830907492723,8
tf_phase7_policy_standard_2026-08-20,standard_8x8_g108_vs_g105.jsonl,standard-random-8x8,standard,random-start,8x8,tf:105,tf:108,false,p2,accepted,,830905,830907492724,9
tf_phase7_policy_standard_2026-08-20,standard_8x8_g108_vs_g105.jsonl,standard-random-8x8,standard,random-start,8x8,tf:108,tf:105,true,p1,accepted,,830905,830907492725,10
tf_phase7_policy_standard_2026-08-20,standard_8x8_g108_vs_g105.jsonl,standard-random-8x8,standard,random-start,8x8,tf:105,tf:108,false,p1,accepted,,830905,830907492726,11
tf_phase7_policy_standard_2026-08-20,standard_8x8_g108_vs_g105.jsonl,standard-random-8x8,standard,random-start,8x8,tf:108,tf:105,true,p1,accepted,,830905,830907492727,12
tf_phase7_policy_standard_2026-08-20,standard_8x8_g108_vs_g105.jsonl,standard-random-8x8,standard,random-start,8x8,tf:105,tf:108,false,p2,accepted,,830905,830907492728,13
tf_phase7_policy_standard_2026-08-20,standard_8x8_g108_vs_g105.jsonl,standard-random-8x8,standard,random-start,8x8,tf:108,tf:105,true,p2,accepted,,830905,830907492729,14
tf_phase7_policy_standard_2026-08-20,standard_8x8_g108_vs_g105.jsonl,standard-random-8x8,standard,random-start,8x8,tf:105,tf:108,false,draw,accepted,,830905,830907492730,15
tf_phase7_policy_standard_2026-08-20,standard_8x8_g108_vs_g105.jsonl,standard-random-8x8,standard,random-start,8x8,tf:108,tf:105,true,p2,accepted,,830905,830907492731,16
tf_phase7_policy_standard_2026-08-20,standard_8x8_g108_vs_g105.jsonl,standard-random-8x8,standard,random-start,8x8,tf:105,tf:108,false,p1,accepted,,830905,830907492732,17
tf_phase7_policy_standard_2026-08-20,standard_8x8_g108_vs_g105.jsonl,standard-random-8x8,standard,random-start,8x8,tf:108,tf:105,true,p2,accepted,,830905,830907492733,18
tf_phase7_policy_standard_2026-08-20,standard_8x8_g108_vs_g105.jsonl,standard-random-8x8,standard,random-start,8x8,tf:105,tf:108,false,draw,accepted,,830905,830907492734,19
tf_phase7_policy_standard_2026-08-20,standard_8x8_g108_vs_g105.jsonl,standard-random-8x8,standard,random-start,8x8,tf:108,tf:105,true,p2,accepted,,830905,830907492735,20
tf_phase7_policy_standard_2026-08-20,standard_8x8_g108_vs_g105.jsonl,standard-random-8x8,standard,random-start,8x8,tf:105,tf:108,false,p2,accepted,,830905,830907492736,21
tf_phase7_policy_standard_2026-08-20,standard_8x8_g108_vs_g105.jsonl,standard-random-8x8,standard,random-start,8x8,tf:108,tf:105,true,p1,accepted,,830905,830907492737,22
tf_phase7_policy_standard_2026-08-20,standard_8x8_g108_vs_g105.jsonl,standard-random-8x8,standard,random-start,8x8,tf:105,tf:108,false,p1,accepted,,830905,830907492738,23
tf_phase7_policy_standard_2026-08-20,standard_8x8_g108_vs_g105.jsonl,standard-random-8x8,standard,random-start,8x8,tf:108,tf:105,true,p1,accepted,,830905,830907492739,24
tf_phase7_policy_standard_2026-08-20,standard_8x8_g108_vs_g105.jsonl,standard-random-8x8,standard,random-start,8x8,tf:105,tf:108,false,p1,accepted,,830905,830907492740,25
tf_phase7_policy_standard_2026-08-20,standard_8x8_g108_vs_g105.jsonl,standard-random-8x8,standard,random-start,8x8,tf:108,tf:105,true,draw,accepted,,830905,830907492741,26
tf_phase7_policy_standard_2026-08-20,standard_8x8_g108_vs_g105.jsonl,standard-random-8x8,standard,random-start,8x8,tf:105,tf:108,false,p1,accepted,,830905,830907492742,27
tf_phase7_policy_standard_2026-08-20,standard_8x8_g108_vs_g105.jsonl,standard-random-8x8,standard,random-start,8x8,tf:108,tf:105,true,p1,accepted,,830905,830907492743,28
tf_phase7_policy_standard_2026-08-20,standard_8x8_g108_vs_g105.jsonl,standard-random-8x8,standard,random-start,8x8,tf:105,tf:108,false,p1,accepted,,830905,830907492744,29
tf_phase7_policy_standard_2026-08-20,standard_8x8_g108_vs_g105.jsonl,standard-random-8x8,standard,random-start,8x8,tf:108,tf:105,true,p2,accepted,,830905,830907492745,30
tf_phase7_policy_standard_2026-08-20,standard_8x8_g108_vs_g105.jsonl,standard-random-8x8,standard,random-start,8x8,tf:105,tf:108,false,draw,accepted,,830905,830907492746,31
tf_phase7_policy_standard_2026-08-20,standard_8x8_g108_vs_g105.jsonl,standard-random-8x8,standard,random-start,8x8,tf:108,tf:105,true,p1,accepted,,830905,830907492747,32
tf_phase7_policy_standard_2026-08-20,standard_8x8_g108_vs_g105.jsonl,standard-random-8x8,standard,random-start,8x8,tf:105,tf:108,false,p2,accepted,,830905,830907492748,33
tf_phase7_policy_standard_2026-08-20,standard_8x8_g108_vs_g105.jsonl,standard-random-8x8,standard,random-start,8x8,tf:108,tf:105,true,p2,accepted,,830905,830907492749,34
tf_phase7_policy_standard_2026-08-20,standard_8x8_g108_vs_g105.jsonl,standard-random-8x8,standard,random-start,8x8,tf:105,tf:108,false,draw,accepted,,830905,830907492750,35
tf_phase7_policy_standard_2026-08-20,standard_8x8_g108_vs_g105.jsonl,standard-random-8x8,standard,random-start,8x8,tf:108,tf:105,true,p2,accepted,,830905,830907492751,36
tf_phase7_policy_standard_2026-08-20,standard_8x8_g108_vs_g105.jsonl,standard-random-8x8,standard,random-start,8x8,tf:105,tf:108,false,p1,accepted,,830905,830907492752,37
tf_phase7_policy_standard_2026-08-20,standard_8x8_g108_vs_g105.jsonl,standard-random-8x8,standard,random-start,8x8,tf:108,tf:105,true,p1,accepted,,830905,830907492753,38
tf_phase7_policy_standard_2026-08-20,standard_8x8_g108_vs_g105.jsonl,standard-random-8x8,standard,random-start,8x8,tf:105,tf:108,false,p2,accepted,,830905,830907492754,39
tf_phase7_policy_standard_2026-08-20,standard_8x8_g108_vs_g107.jsonl,standard-random-8x8,standard,random-start,8x8,tf:108,tf:107,true,p2,accepted,,830907,830909492721,0
tf_phase7_policy_standard_2026-08-20,standard_8x8_g108_vs_g107.jsonl,standard-random-8x8,standard,random-start,8x8,tf:107,tf:108,false,p2,accepted,,830907,830909492722,1
tf_phase7_policy_standard_2026-08-20,standard_8x8_g108_vs_g107.jsonl,standard-random-8x8,standard,random-start,8x8,tf:108,tf:107,true,p2,accepted,,830907,830909492723,2
tf_phase7_policy_standard_2026-08-20,standard_8x8_g108_vs_g107.jsonl,standard-random-8x8,standard,random-start,8x8,tf:107,tf:108,false,p2,accepted,,830907,830909492724,3
tf_phase7_policy_standard_2026-08-20,standard_8x8_g108_vs_g107.jsonl,standard-random-8x8,standard,random-start,8x8,tf:108,tf:107,true,p1,accepted,,830907,830909492725,4
tf_phase7_policy_standard_2026-08-20,standard_8x8_g108_vs_g107.jsonl,standard-random-8x8,standard,random-start,8x8,tf:107,tf:108,false,p1,accepted,,830907,830909492726,5
tf_phase7_policy_standard_2026-08-20,standard_8x8_g108_vs_g107.jsonl,standard-random-8x8,standard,random-start,8x8,tf:108,tf:107,true,p2,accepted,,830907,830909492727,6
tf_phase7_policy_standard_2026-08-20,standard_8x8_g108_vs_g107.jsonl,standard-random-8x8,standard,random-start,8x8,tf:107,tf:108,false,p1,accepted,,830907,830909492728,7
tf_phase7_policy_standard_2026-08-20,standard_8x8_g108_vs_g107.jsonl,standard-random-8x8,standard,random-start,8x8,tf:108,tf:107,true,p1,accepted,,830907,830909492729,8
tf_phase7_policy_standard_2026-08-20,standard_8x8_g108_vs_g107.jsonl,standard-random-8x8,standard,random-start,8x8,tf:107,tf:108,false,p2,accepted,,830907,830909492730,9
tf_phase7_policy_standard_2026-08-20,standard_8x8_g108_vs_g107.jsonl,standard-random-8x8,standard,random-start,8x8,tf:108,tf:107,true,draw,accepted,,830907,830909492731,10
tf_phase7_policy_standard_2026-08-20,standard_8x8_g108_vs_g107.jsonl,standard-random-8x8,standard,random-start,8x8,tf:107,tf:108,false,draw,accepted,,830907,830909492732,11
tf_phase7_policy_standard_2026-08-20,standard_8x8_g108_vs_g107.jsonl,standard-random-8x8,standard,random-start,8x8,tf:108,tf:107,true,p2,accepted,,830907,830909492733,12
tf_phase7_policy_standard_2026-08-20,standard_8x8_g108_vs_g107.jsonl,standard-random-8x8,standard,random-start,8x8,tf:107,tf:108,false,p2,accepted,,830907,830909492734,13
tf_phase7_policy_standard_2026-08-20,standard_8x8_g108_vs_g107.jsonl,standard-random-8x8,standard,random-start,8x8,tf:108,tf:107,true,p2,accepted,,830907,830909492735,14
tf_phase7_policy_standard_2026-08-20,standard_8x8_g108_vs_g107.jsonl,standard-random-8x8,standard,random-start,8x8,tf:107,tf:108,false,p2,accepted,,830907,830909492736,15
tf_phase7_policy_standard_2026-08-20,standard_8x8_g108_vs_g107.jsonl,standard-random-8x8,standard,random-start,8x8,tf:108,tf:107,true,p1,accepted,,830907,830909492737,16
tf_phase7_policy_standard_2026-08-20,standard_8x8_g108_vs_g107.jsonl,standard-random-8x8,standard,random-start,8x8,tf:107,tf:108,false,p2,accepted,,830907,830909492738,17
tf_phase7_policy_standard_2026-08-20,standard_8x8_g108_vs_g107.jsonl,standard-random-8x8,standard,random-start,8x8,tf:108,tf:107,true,p1,accepted,,830907,830909492739,18
tf_phase7_policy_standard_2026-08-20,standard_8x8_g108_vs_g107.jsonl,standard-random-8x8,standard,random-start,8x8,tf:107,tf:108,false,p2,accepted,,830907,830909492740,19
tf_phase7_policy_standard_2026-08-20,standard_8x8_g108_vs_g107.jsonl,standard-random-8x8,standard,random-start,8x8,tf:108,tf:107,true,p1,accepted,,830907,830909492741,20
tf_phase7_policy_standard_2026-08-20,standard_8x8_g108_vs_g107.jsonl,standard-random-8x8,standard,random-start,8x8,tf:107,tf:108,false,p2,accepted,,830907,830909492742,21
tf_phase7_policy_standard_2026-08-20,standard_8x8_g108_vs_g107.jsonl,standard-random-8x8,standard,random-start,8x8,tf:108,tf:107,true,p1,accepted,,830907,830909492743,22
tf_phase7_policy_standard_2026-08-20,standard_8x8_g108_vs_g107.jsonl,standard-random-8x8,standard,random-start,8x8,tf:107,tf:108,false,draw,accepted,,830907,830909492744,23
tf_phase7_policy_standard_2026-08-20,standard_8x8_g108_vs_g107.jsonl,standard-random-8x8,standard,random-start,8x8,tf:108,tf:107,true,p2,accepted,,830907,830909492745,24
tf_phase7_policy_standard_2026-08-20,standard_8x8_g108_vs_g107.jsonl,standard-random-8x8,standard,random-start,8x8,tf:107,tf:108,false,p2,accepted,,830907,830909492746,25
tf_phase7_policy_standard_2026-08-20,standard_8x8_g108_vs_g107.jsonl,standard-random-8x8,standard,random-start,8x8,tf:108,tf:107,true,p1,accepted,,830907,830909492747,26
tf_phase7_policy_standard_2026-08-20,standard_8x8_g108_vs_g107.jsonl,standard-random-8x8,standard,random-start,8x8,tf:107,tf:108,false,draw,accepted,,830907,830909492748,27
tf_phase7_policy_standard_2026-08-20,standard_8x8_g108_vs_g107.jsonl,standard-random-8x8,standard,random-start,8x8,tf:108,tf:107,true,p1,accepted,,830907,830909492749,28
tf_phase7_policy_standard_2026-08-20,standard_8x8_g108_vs_g107.jsonl,standard-random-8x8,standard,random-start,8x8,tf:107,tf:108,false,draw,accepted,,830907,830909492750,29
tf_phase7_policy_standard_2026-08-20,standard_8x8_g108_vs_g107.jsonl,standard-random-8x8,standard,random-start,8x8,tf:108,tf:107,true,p2,accepted,,830907,830909492751,30
tf_phase7_policy_standard_2026-08-20,standard_8x8_g108_vs_g107.jsonl,standard-random-8x8,standard,random-start,8x8,tf:107,tf:108,false,p2,accepted,,830907,830909492752,31
tf_phase7_policy_standard_2026-08-20,standard_8x8_g108_vs_g107.jsonl,standard-random-8x8,standard,random-start,8x8,tf:108,tf:107,true,p2,accepted,,830907,830909492753,32
tf_phase7_policy_standard_2026-08-20,standard_8x8_g108_vs_g107.jsonl,standard-random-8x8,standard,random-start,8x8,tf:107,tf:108,false,p1,accepted,,830907,830909492754,33
tf_phase7_policy_standard_2026-08-20,standard_8x8_g108_vs_g107.jsonl,standard-random-8x8,standard,random-start,8x8,tf:108,tf:107,true,p2,accepted,,830907,830909492755,34
tf_phase7_policy_standard_2026-08-20,standard_8x8_g108_vs_g107.jsonl,standard-random-8x8,standard,random-start,8x8,tf:107,tf:108,false,p2,accepted,,830907,830909492756,35
tf_phase7_policy_standard_2026-08-20,standard_8x8_g108_vs_g107.jsonl,standard-random-8x8,standard,random-start,8x8,tf:108,tf:107,true,p1,accepted,,830907,830909492757,36
tf_phase7_policy_standard_2026-08-20,standard_8x8_g108_vs_g107.jsonl,standard-random-8x8,standard,random-start,8x8,tf:107,tf:108,false,p1,accepted,,830907,830909492758,37
tf_phase7_policy_standard_2026-08-20,standard_8x8_g108_vs_g107.jsonl,standard-random-8x8,standard,random-start,8x8,tf:108,tf:107,true,draw,accepted,,830907,830909492759,38
tf_phase7_policy_standard_2026-08-20,standard_8x8_g108_vs_g107.jsonl,standard-random-8x8,standard,random-start,8x8,tf:107,tf:108,false,p1,accepted,,830907,830909492760,39
tf_phase7_policy_standard_2026-08-20,standard_8x8_g109_vs_g103.jsonl,standard-random-8x8,standard,random-start,8x8,tf:109,tf:103,true,p2,accepted,,831003,831005493009,0
tf_phase7_policy_standard_2026-08-20,standard_8x8_g109_vs_g103.jsonl,standard-random-8x8,standard,random-start,8x8,tf:103,tf:109,false,p1,accepted,,831003,831005493010,1
tf_phase7_policy_standard_2026-08-20,standard_8x8_g109_vs_g103.jsonl,standard-random-8x8,standard,random-start,8x8,tf:109,tf:103,true,draw,accepted,,831003,831005493011,2
tf_phase7_policy_standard_2026-08-20,standard_8x8_g109_vs_g103.jsonl,standard-random-8x8,standard,random-start,8x8,tf:103,tf:109,false,p1,accepted,,831003,831005493012,3
tf_phase7_policy_standard_2026-08-20,standard_8x8_g109_vs_g103.jsonl,standard-random-8x8,standard,random-start,8x8,tf:109,tf:103,true,draw,accepted,,831003,831005493013,4
tf_phase7_policy_standard_2026-08-20,standard_8x8_g109_vs_g103.jsonl,standard-random-8x8,standard,random-start,8x8,tf:103,tf:109,false,p2,accepted,,831003,831005493014,5
tf_phase7_policy_standard_2026-08-20,standard_8x8_g109_vs_g103.jsonl,standard-random-8x8,standard,random-start,8x8,tf:109,tf:103,true,p1,accepted,,831003,831005493015,6
tf_phase7_policy_standard_2026-08-20,standard_8x8_g109_vs_g103.jsonl,standard-random-8x8,standard,random-start,8x8,tf:103,tf:109,false,p2,accepted,,831003,831005493016,7
tf_phase7_policy_standard_2026-08-20,standard_8x8_g109_vs_g103.jsonl,standard-random-8x8,standard,random-start,8x8,tf:109,tf:103,true,draw,accepted,,831003,831005493017,8
tf_phase7_policy_standard_2026-08-20,standard_8x8_g109_vs_g103.jsonl,standard-random-8x8,standard,random-start,8x8,tf:103,tf:109,false,p1,accepted,,831003,831005493018,9
tf_phase7_policy_standard_2026-08-20,standard_8x8_g109_vs_g103.jsonl,standard-random-8x8,standard,random-start,8x8,tf:109,tf:103,true,p1,accepted,,831003,831005493019,10
tf_phase7_policy_standard_2026-08-20,standard_8x8_g109_vs_g103.jsonl,standard-random-8x8,standard,random-start,8x8,tf:103,tf:109,false,draw,accepted,,831003,831005493020,11
tf_phase7_policy_standard_2026-08-20,standard_8x8_g109_vs_g103.jsonl,standard-random-8x8,standard,random-start,8x8,tf:109,tf:103,true,p1,accepted,,831003,831005493021,12
tf_phase7_policy_standard_2026-08-20,standard_8x8_g109_vs_g103.jsonl,standard-random-8x8,standard,random-start,8x8,tf:103,tf:109,false,p1,accepted,,831003,831005493022,13
tf_phase7_policy_standard_2026-08-20,standard_8x8_g109_vs_g103.jsonl,standard-random-8x8,standard,random-start,8x8,tf:109,tf:103,true,draw,accepted,,831003,831005493023,14
tf_phase7_policy_standard_2026-08-20,standard_8x8_g109_vs_g103.jsonl,standard-random-8x8,standard,random-start,8x8,tf:103,tf:109,false,draw,accepted,,831003,831005493024,15
tf_phase7_policy_standard_2026-08-20,standard_8x8_g109_vs_g103.jsonl,standard-random-8x8,standard,random-start,8x8,tf:109,tf:103,true,p2,accepted,,831003,831005493025,16
tf_phase7_policy_standard_2026-08-20,standard_8x8_g109_vs_g103.jsonl,standard-random-8x8,standard,random-start,8x8,tf:103,tf:109,false,p2,accepted,,831003,831005493026,17
tf_phase7_policy_standard_2026-08-20,standard_8x8_g109_vs_g103.jsonl,standard-random-8x8,standard,random-start,8x8,tf:109,tf:103,true,p2,accepted,,831003,831005493027,18
tf_phase7_policy_standard_2026-08-20,standard_8x8_g109_vs_g103.jsonl,standard-random-8x8,standard,random-start,8x8,tf:103,tf:109,false,p2,accepted,,831003,831005493028,19
tf_phase7_policy_standard_2026-08-20,standard_8x8_g109_vs_g103.jsonl,standard-random-8x8,standard,random-start,8x8,tf:109,tf:103,true,draw,accepted,,831003,831005493029,20
tf_phase7_policy_standard_2026-08-20,standard_8x8_g109_vs_g103.jsonl,standard-random-8x8,standard,random-start,8x8,tf:103,tf:109,false,p1,accepted,,831003,831005493030,21
tf_phase7_policy_standard_2026-08-20,standard_8x8_g109_vs_g103.jsonl,standard-random-8x8,standard,random-start,8x8,tf:109,tf:103,true,p1,accepted,,831003,831005493031,22
tf_phase7_policy_standard_2026-08-20,standard_8x8_g109_vs_g103.jsonl,standard-random-8x8,standard,random-start,8x8,tf:103,tf:109,false,draw,accepted,,831003,831005493032,23
tf_phase7_policy_standard_2026-08-20,standard_8x8_g109_vs_g103.jsonl,standard-random-8x8,standard,random-start,8x8,tf:109,tf:103,true,p1,accepted,,831003,831005493033,24
tf_phase7_policy_standard_2026-08-20,standard_8x8_g109_vs_g103.jsonl,standard-random-8x8,standard,random-start,8x8,tf:103,tf:109,false,p2,accepted,,831003,831005493034,25
tf_phase7_policy_standard_2026-08-20,standard_8x8_g109_vs_g103.jsonl,standard-random-8x8,standard,random-start,8x8,tf:109,tf:103,true,p2,accepted,,831003,831005493035,26
tf_phase7_policy_standard_2026-08-20,standard_8x8_g109_vs_g103.jsonl,standard-random-8x8,standard,random-start,8x8,tf:103,tf:109,false,p1,accepted,,831003,831005493036,27
tf_phase7_policy_standard_2026-08-20,standard_8x8_g109_vs_g103.jsonl,standard-random-8x8,standard,random-start,8x8,tf:109,tf:103,true,p1,accepted,,831003,831005493037,28
tf_phase7_policy_standard_2026-08-20,standard_8x8_g109_vs_g103.jsonl,standard-random-8x8,standard,random-start,8x8,tf:103,tf:109,false,draw,accepted,,831003,831005493038,29
tf_phase7_policy_standard_2026-08-20,standard_8x8_g109_vs_g103.jsonl,standard-random-8x8,standard,random-start,8x8,tf:109,tf:103,true,p2,accepted,,831003,831005493039,30
tf_phase7_policy_standard_2026-08-20,standard_8x8_g109_vs_g103.jsonl,standard-random-8x8,standard,random-start,8x8,tf:103,tf:109,false,p1,accepted,,831003,831005493040,31
tf_phase7_policy_standard_2026-08-20,standard_8x8_g109_vs_g103.jsonl,standard-random-8x8,standard,random-start,8x8,tf:109,tf:103,true,p1,accepted,,831003,831005493041,32
tf_phase7_policy_standard_2026-08-20,standard_8x8_g109_vs_g103.jsonl,standard-random-8x8,standard,random-start,8x8,tf:103,tf:109,false,p2,accepted,,831003,831005493042,33
tf_phase7_policy_standard_2026-08-20,standard_8x8_g109_vs_g103.jsonl,standard-random-8x8,standard,random-start,8x8,tf:109,tf:103,true,p2,accepted,,831003,831005493043,34
tf_phase7_policy_standard_2026-08-20,standard_8x8_g109_vs_g103.jsonl,standard-random-8x8,standard,random-start,8x8,tf:103,tf:109,false,p1,accepted,,831003,831005493044,35
tf_phase7_policy_standard_2026-08-20,standard_8x8_g109_vs_g103.jsonl,standard-random-8x8,standard,random-start,8x8,tf:109,tf:103,true,p1,accepted,,831003,831005493045,36
tf_phase7_policy_standard_2026-08-20,standard_8x8_g109_vs_g103.jsonl,standard-random-8x8,standard,random-start,8x8,tf:103,tf:109,false,p1,accepted,,831003,831005493046,37
tf_phase7_policy_standard_2026-08-20,standard_8x8_g109_vs_g103.jsonl,standard-random-8x8,standard,random-start,8x8,tf:109,tf:103,true,p2,accepted,,831003,831005493047,38
tf_phase7_policy_standard_2026-08-20,standard_8x8_g109_vs_g103.jsonl,standard-random-8x8,standard,random-start,8x8,tf:103,tf:109,false,p1,accepted,,831003,831005493048,39
tf_phase7_policy_standard_2026-08-20,standard_8x8_g109_vs_g106.jsonl,standard-random-8x8,standard,random-start,8x8,tf:109,tf:106,true,p1,accepted,,831006,831008493018,0
tf_phase7_policy_standard_2026-08-20,standard_8x8_g109_vs_g106.jsonl,standard-random-8x8,standard,random-start,8x8,tf:106,tf:109,false,p2,accepted,,831006,831008493019,1
tf_phase7_policy_standard_2026-08-20,standard_8x8_g109_vs_g106.jsonl,standard-random-8x8,standard,random-start,8x8,tf:109,tf:106,true,draw,accepted,,831006,831008493020,2
tf_phase7_policy_standard_2026-08-20,standard_8x8_g109_vs_g106.jsonl,standard-random-8x8,standard,random-start,8x8,tf:106,tf:109,false,p2,accepted,,831006,831008493021,3
tf_phase7_policy_standard_2026-08-20,standard_8x8_g109_vs_g106.jsonl,standard-random-8x8,standard,random-start,8x8,tf:109,tf:106,true,p1,accepted,,831006,831008493022,4
tf_phase7_policy_standard_2026-08-20,standard_8x8_g109_vs_g106.jsonl,standard-random-8x8,standard,random-start,8x8,tf:106,tf:109,false,p2,accepted,,831006,831008493023,5
tf_phase7_policy_standard_2026-08-20,standard_8x8_g109_vs_g106.jsonl,standard-random-8x8,standard,random-start,8x8,tf:109,tf:106,true,p2,accepted,,831006,831008493024,6
tf_phase7_policy_standard_2026-08-20,standard_8x8_g109_vs_g106.jsonl,standard-random-8x8,standard,random-start,8x8,tf:106,tf:109,false,p1,accepted,,831006,831008493025,7
tf_phase7_policy_standard_2026-08-20,standard_8x8_g109_vs_g106.jsonl,standard-random-8x8,standard,random-start,8x8,tf:109,tf:106,true,p1,accepted,,831006,831008493026,8
tf_phase7_policy_standard_2026-08-20,standard_8x8_g109_vs_g106.jsonl,standard-random-8x8,standard,random-start,8x8,tf:106,tf:109,false,draw,accepted,,831006,831008493027,9
tf_phase7_policy_standard_2026-08-20,standard_8x8_g109_vs_g106.jsonl,standard-random-8x8,standard,random-start,8x8,tf:109,tf:106,true,p1,accepted,,831006,831008493028,10
tf_phase7_policy_standard_2026-08-20,standard_8x8_g109_vs_g106.jsonl,standard-random-8x8,standard,random-start,8x8,tf:106,tf:109,false,p2,accepted,,831006,831008493029,11
tf_phase7_policy_standard_2026-08-20,standard_8x8_g109_vs_g106.jsonl,standard-random-8x8,standard,random-start,8x8,tf:109,tf:106,true,p2,accepted,,831006,831008493030,12
tf_phase7_policy_standard_2026-08-20,standard_8x8_g109_vs_g106.jsonl,standard-random-8x8,standard,random-start,8x8,tf:106,tf:109,false,p1,accepted,,831006,831008493031,13
tf_phase7_policy_standard_2026-08-20,standard_8x8_g109_vs_g106.jsonl,standard-random-8x8,standard,random-start,8x8,tf:109,tf:106,true,p1,accepted,,831006,831008493032,14
tf_phase7_policy_standard_2026-08-20,standard_8x8_g109_vs_g106.jsonl,standard-random-8x8,standard,random-start,8x8,tf:106,tf:109,false,draw,accepted,,831006,831008493033,15
tf_phase7_policy_standard_2026-08-20,standard_8x8_g109_vs_g106.jsonl,standard-random-8x8,standard,random-start,8x8,tf:109,tf:106,true,p1,accepted,,831006,831008493034,16
tf_phase7_policy_standard_2026-08-20,standard_8x8_g109_vs_g106.jsonl,standard-random-8x8,standard,random-start,8x8,tf:106,tf:109,false,p2,accepted,,831006,831008493035,17
tf_phase7_policy_standard_2026-08-20,standard_8x8_g109_vs_g106.jsonl,standard-random-8x8,standard,random-start,8x8,tf:109,tf:106,true,draw,accepted,,831006,831008493036,18
tf_phase7_policy_standard_2026-08-20,standard_8x8_g109_vs_g106.jsonl,standard-random-8x8,standard,random-start,8x8,tf:106,tf:109,false,p2,accepted,,831006,831008493037,19
tf_phase7_policy_standard_2026-08-20,standard_8x8_g109_vs_g106.jsonl,standard-random-8x8,standard,random-start,8x8,tf:109,tf:106,true,p1,accepted,,831006,831008493038,20
tf_phase7_policy_standard_2026-08-20,standard_8x8_g109_vs_g106.jsonl,standard-random-8x8,standard,random-start,8x8,tf:106,tf:109,false,p2,accepted,,831006,831008493039,21
tf_phase7_policy_standard_2026-08-20,standard_8x8_g109_vs_g106.jsonl,standard-random-8x8,standard,random-start,8x8,tf:109,tf:106,true,p1,accepted,,831006,831008493040,22
tf_phase7_policy_standard_2026-08-20,standard_8x8_g109_vs_g106.jsonl,standard-random-8x8,standard,random-start,8x8,tf:106,tf:109,false,draw,accepted,,831006,831008493041,23
tf_phase7_policy_standard_2026-08-20,standard_8x8_g109_vs_g106.jsonl,standard-random-8x8,standard,random-start,8x8,tf:109,tf:106,true,p2,accepted,,831006,831008493042,24
tf_phase7_policy_standard_2026-08-20,standard_8x8_g109_vs_g106.jsonl,standard-random-8x8,standard,random-start,8x8,tf:106,tf:109,false,p2,accepted,,831006,831008493043,25
tf_phase7_policy_standard_2026-08-20,standard_8x8_g109_vs_g106.jsonl,standard-random-8x8,standard,random-start,8x8,tf:109,tf:106,true,p2,accepted,,831006,831008493044,26
tf_phase7_policy_standard_2026-08-20,standard_8x8_g109_vs_g106.jsonl,standard-random-8x8,standard,random-start,8x8,tf:106,tf:109,false,p1,accepted,,831006,831008493045,27
tf_phase7_policy_standard_2026-08-20,standard_8x8_g109_vs_g106.jsonl,standard-random-8x8,standard,random-start,8x8,tf:109,tf:106,true,p2,accepted,,831006,831008493046,28
tf_phase7_policy_standard_2026-08-20,standard_8x8_g109_vs_g106.jsonl,standard-random-8x8,standard,random-start,8x8,tf:106,tf:109,false,p2,accepted,,831006,831008493047,29
tf_phase7_policy_standard_2026-08-20,standard_8x8_g109_vs_g106.jsonl,standard-random-8x8,standard,random-start,8x8,tf:109,tf:106,true,draw,accepted,,831006,831008493048,30
tf_phase7_policy_standard_2026-08-20,standard_8x8_g109_vs_g106.jsonl,standard-random-8x8,standard,random-start,8x8,tf:106,tf:109,false,p2,accepted,,831006,831008493049,31
tf_phase7_policy_standard_2026-08-20,standard_8x8_g109_vs_g106.jsonl,standard-random-8x8,standard,random-start,8x8,tf:109,tf:106,true,p1,accepted,,831006,831008493050,32
tf_phase7_policy_standard_2026-08-20,standard_8x8_g109_vs_g106.jsonl,standard-random-8x8,standard,random-start,8x8,tf:106,tf:109,false,draw,accepted,,831006,831008493051,33
tf_phase7_policy_standard_2026-08-20,standard_8x8_g109_vs_g106.jsonl,standard-random-8x8,standard,random-start,8x8,tf:109,tf:106,true,p1,accepted,,831006,831008493052,34
tf_phase7_policy_standard_2026-08-20,standard_8x8_g109_vs_g106.jsonl,standard-random-8x8,standard,random-start,8x8,tf:106,tf:109,false,p2,accepted,,831006,831008493053,35
tf_phase7_policy_standard_2026-08-20,standard_8x8_g109_vs_g106.jsonl,standard-random-8x8,standard,random-start,8x8,tf:109,tf:106,true,p1,accepted,,831006,831008493054,36
tf_phase7_policy_standard_2026-08-20,standard_8x8_g109_vs_g106.jsonl,standard-random-8x8,standard,random-start,8x8,tf:106,tf:109,false,p1,accepted,,831006,831008493055,37
tf_phase7_policy_standard_2026-08-20,standard_8x8_g109_vs_g106.jsonl,standard-random-8x8,standard,random-start,8x8,tf:109,tf:106,true,p2,accepted,,831006,831008493056,38
tf_phase7_policy_standard_2026-08-20,standard_8x8_g109_vs_g106.jsonl,standard-random-8x8,standard,random-start,8x8,tf:106,tf:109,false,draw,accepted,,831006,831008493057,39
tf_phase7_policy_standard_2026-08-20,standard_8x8_g109_vs_g108.jsonl,standard-random-8x8,standard,random-start,8x8,tf:109,tf:108,true,p2,accepted,,831008,831010493024,0
tf_phase7_policy_standard_2026-08-20,standard_8x8_g109_vs_g108.jsonl,standard-random-8x8,standard,random-start,8x8,tf:108,tf:109,false,draw,accepted,,831008,831010493025,1
tf_phase7_policy_standard_2026-08-20,standard_8x8_g109_vs_g108.jsonl,standard-random-8x8,standard,random-start,8x8,tf:109,tf:108,true,p2,accepted,,831008,831010493026,2
tf_phase7_policy_standard_2026-08-20,standard_8x8_g109_vs_g108.jsonl,standard-random-8x8,standard,random-start,8x8,tf:108,tf:109,false,p2,accepted,,831008,831010493027,3
tf_phase7_policy_standard_2026-08-20,standard_8x8_g109_vs_g108.jsonl,standard-random-8x8,standard,random-start,8x8,tf:109,tf:108,true,p2,accepted,,831008,831010493028,4
tf_phase7_policy_standard_2026-08-20,standard_8x8_g109_vs_g108.jsonl,standard-random-8x8,standard,random-start,8x8,tf:108,tf:109,false,p1,accepted,,831008,831010493029,5
tf_phase7_policy_standard_2026-08-20,standard_8x8_g109_vs_g108.jsonl,standard-random-8x8,standard,random-start,8x8,tf:109,tf:108,true,p2,accepted,,831008,831010493030,6
tf_phase7_policy_standard_2026-08-20,standard_8x8_g109_vs_g108.jsonl,standard-random-8x8,standard,random-start,8x8,tf:108,tf:109,false,p1,accepted,,831008,831010493031,7
tf_phase7_policy_standard_2026-08-20,standard_8x8_g109_vs_g108.jsonl,standard-random-8x8,standard,random-start,8x8,tf:109,tf:108,true,draw,accepted,,831008,831010493032,8
tf_phase7_policy_standard_2026-08-20,standard_8x8_g109_vs_g108.jsonl,standard-random-8x8,standard,random-start,8x8,tf:108,tf:109,false,p2,accepted,,831008,831010493033,9
tf_phase7_policy_standard_2026-08-20,standard_8x8_g109_vs_g108.jsonl,standard-random-8x8,standard,random-start,8x8,tf:109,tf:108,true,draw,accepted,,831008,831010493034,10
tf_phase7_policy_standard_2026-08-20,standard_8x8_g109_vs_g108.jsonl,standard-random-8x8,standard,random-start,8x8,tf:108,tf:109,false,p1,accepted,,831008,831010493035,11
tf_phase7_policy_standard_2026-08-20,standard_8x8_g109_vs_g108.jsonl,standard-random-8x8,standard,random-start,8x8,tf:109,tf:108,true,p2,accepted,,831008,831010493036,12
tf_phase7_policy_standard_2026-08-20,standard_8x8_g109_vs_g108.jsonl,standard-random-8x8,standard,random-start,8x8,tf:108,tf:109,false,draw,accepted,,831008,831010493037,13
tf_phase7_policy_standard_2026-08-20,standard_8x8_g109_vs_g108.jsonl,standard-random-8x8,standard,random-start,8x8,tf:109,tf:108,true,p1,accepted,,831008,831010493038,14
tf_phase7_policy_standard_2026-08-20,standard_8x8_g109_vs_g108.jsonl,standard-random-8x8,standard,random-start,8x8,tf:108,tf:109,false,p1,accepted,,831008,831010493039,15
tf_phase7_policy_standard_2026-08-20,standard_8x8_g109_vs_g108.jsonl,standard-random-8x8,standard,random-start,8x8,tf:109,tf:108,true,p2,accepted,,831008,831010493040,16
tf_phase7_policy_standard_2026-08-20,standard_8x8_g109_vs_g108.jsonl,standard-random-8x8,standard,random-start,8x8,tf:108,tf:109,false,draw,accepted,,831008,831010493041,17
tf_phase7_policy_standard_2026-08-20,standard_8x8_g109_vs_g108.jsonl,standard-random-8x8,standard,random-start,8x8,tf:109,tf:108,true,draw,accepted,,831008,831010493042,18
tf_phase7_policy_standard_2026-08-20,standard_8x8_g109_vs_g108.jsonl,standard-random-8x8,standard,random-start,8x8,tf:108,tf:109,false,p2,accepted,,831008,831010493043,19
tf_phase7_policy_standard_2026-08-20,standard_8x8_g109_vs_g108.jsonl,standard-random-8x8,standard,random-start,8x8,tf:109,tf:108,true,p2,accepted,,831008,831010493044,20
tf_phase7_policy_standard_2026-08-20,standard_8x8_g109_vs_g108.jsonl,standard-random-8x8,standard,random-start,8x8,tf:108,tf:109,false,p1,accepted,,831008,831010493045,21
tf_phase7_policy_standard_2026-08-20,standard_8x8_g109_vs_g108.jsonl,standard-random-8x8,standard,random-start,8x8,tf:109,tf:108,true,p1,accepted,,831008,831010493046,22
tf_phase7_policy_standard_2026-08-20,standard_8x8_g109_vs_g108.jsonl,standard-random-8x8,standard,random-start,8x8,tf:108,tf:109,false,p1,accepted,,831008,831010493047,23
tf_phase7_policy_standard_2026-08-20,standard_8x8_g109_vs_g108.jsonl,standard-random-8x8,standard,random-start,8x8,tf:109,tf:108,true,p2,accepted,,831008,831010493048,24
tf_phase7_policy_standard_2026-08-20,standard_8x8_g109_vs_g108.jsonl,standard-random-8x8,standard,random-start,8x8,tf:108,tf:109,false,p2,accepted,,831008,831010493049,25
tf_phase7_policy_standard_2026-08-20,standard_8x8_g109_vs_g108.jsonl,standard-random-8x8,standard,random-start,8x8,tf:109,tf:108,true,draw,accepted,,831008,831010493050,26
tf_phase7_policy_standard_2026-08-20,standard_8x8_g109_vs_g108.jsonl,standard-random-8x8,standard,random-start,8x8,tf:108,tf:109,false,p1,accepted,,831008,831010493051,27
tf_phase7_policy_standard_2026-08-20,standard_8x8_g109_vs_g108.jsonl,standard-random-8x8,standard,random-start,8x8,tf:109,tf:108,true,p2,accepted,,831008,831010493052,28
tf_phase7_policy_standard_2026-08-20,standard_8x8_g109_vs_g108.jsonl,standard-random-8x8,standard,random-start,8x8,tf:108,tf:109,false,draw,accepted,,831008,831010493053,29
tf_phase7_policy_standard_2026-08-20,standard_8x8_g109_vs_g108.jsonl,standard-random-8x8,standard,random-start,8x8,tf:109,tf:108,true,p1,accepted,,831008,831010493054,30
tf_phase7_policy_standard_2026-08-20,standard_8x8_g109_vs_g108.jsonl,standard-random-8x8,standard,random-start,8x8,tf:108,tf:109,false,p1,accepted,,831008,831010493055,31
tf_phase7_policy_standard_2026-08-20,standard_8x8_g109_vs_g108.jsonl,standard-random-8x8,standard,random-start,8x8,tf:109,tf:108,true,p2,accepted,,831008,831010493056,32
tf_phase7_policy_standard_2026-08-20,standard_8x8_g109_vs_g108.jsonl,standard-random-8x8,standard,random-start,8x8,tf:108,tf:109,false,draw,accepted,,831008,831010493057,33
tf_phase7_policy_standard_2026-08-20,standard_8x8_g109_vs_g108.jsonl,standard-random-8x8,standard,random-start,8x8,tf:109,tf:108,true,p2,accepted,,831008,831010493058,34
tf_phase7_policy_standard_2026-08-20,standard_8x8_g109_vs_g108.jsonl,standard-random-8x8,standard,random-start,8x8,tf:108,tf:109,false,p2,accepted,,831008,831010493059,35
tf_phase7_policy_standard_2026-08-20,standard_8x8_g109_vs_g108.jsonl,standard-random-8x8,standard,random-start,8x8,tf:109,tf:108,true,draw,accepted,,831008,831010493060,36
tf_phase7_policy_standard_2026-08-20,standard_8x8_g109_vs_g108.jsonl,standard-random-8x8,standard,random-start,8x8,tf:108,tf:109,false,draw,accepted,,831008,831010493061,37
tf_phase7_policy_standard_2026-08-20,standard_8x8_g109_vs_g108.jsonl,standard-random-8x8,standard,random-start,8x8,tf:109,tf:108,true,p2,accepted,,831008,831010493062,38
tf_phase7_policy_standard_2026-08-20,standard_8x8_g109_vs_g108.jsonl,standard-random-8x8,standard,random-start,8x8,tf:108,tf:109,false,p2,accepted,,831008,831010493063,39
tf_phase7_policy_standard_2026-08-20,standard_8x8_g110_vs_g104.jsonl,standard-random-8x8,standard,random-start,8x8,tf:110,tf:104,true,draw,accepted,,831104,831106493312,0
tf_phase7_policy_standard_2026-08-20,standard_8x8_g110_vs_g104.jsonl,standard-random-8x8,standard,random-start,8x8,tf:104,tf:110,false,p2,accepted,,831104,831106493313,1
tf_phase7_policy_standard_2026-08-20,standard_8x8_g110_vs_g104.jsonl,standard-random-8x8,standard,random-start,8x8,tf:110,tf:104,true,draw,accepted,,831104,831106493314,2
tf_phase7_policy_standard_2026-08-20,standard_8x8_g110_vs_g104.jsonl,standard-random-8x8,standard,random-start,8x8,tf:104,tf:110,false,draw,accepted,,831104,831106493315,3
tf_phase7_policy_standard_2026-08-20,standard_8x8_g110_vs_g104.jsonl,standard-random-8x8,standard,random-start,8x8,tf:110,tf:104,true,draw,accepted,,831104,831106493316,4
tf_phase7_policy_standard_2026-08-20,standard_8x8_g110_vs_g104.jsonl,standard-random-8x8,standard,random-start,8x8,tf:104,tf:110,false,p2,accepted,,831104,831106493317,5
tf_phase7_policy_standard_2026-08-20,standard_8x8_g110_vs_g104.jsonl,standard-random-8x8,standard,random-start,8x8,tf:110,tf:104,true,p1,accepted,,831104,831106493318,6
tf_phase7_policy_standard_2026-08-20,standard_8x8_g110_vs_g104.jsonl,standard-random-8x8,standard,random-start,8x8,tf:104,tf:110,false,p1,accepted,,831104,831106493319,7
tf_phase7_policy_standard_2026-08-20,standard_8x8_g110_vs_g104.jsonl,standard-random-8x8,standard,random-start,8x8,tf:110,tf:104,true,p2,accepted,,831104,831106493320,8
tf_phase7_policy_standard_2026-08-20,standard_8x8_g110_vs_g104.jsonl,standard-random-8x8,standard,random-start,8x8,tf:104,tf:110,false,p1,accepted,,831104,831106493321,9
tf_phase7_policy_standard_2026-08-20,standard_8x8_g110_vs_g104.jsonl,standard-random-8x8,standard,random-start,8x8,tf:110,tf:104,true,p1,accepted,,831104,831106493322,10
tf_phase7_policy_standard_2026-08-20,standard_8x8_g110_vs_g104.jsonl,standard-random-8x8,standard,random-start,8x8,tf:104,tf:110,false,draw,accepted,,831104,831106493323,11
tf_phase7_policy_standard_2026-08-20,standard_8x8_g110_vs_g104.jsonl,standard-random-8x8,standard,random-start,8x8,tf:110,tf:104,true,p1,accepted,,831104,831106493324,12
tf_phase7_policy_standard_2026-08-20,standard_8x8_g110_vs_g104.jsonl,standard-random-8x8,standard,random-start,8x8,tf:104,tf:110,false,p2,accepted,,831104,831106493325,13
tf_phase7_policy_standard_2026-08-20,standard_8x8_g110_vs_g104.jsonl,standard-random-8x8,standard,random-start,8x8,tf:110,tf:104,true,p2,accepted,,831104,831106493326,14
tf_phase7_policy_standard_2026-08-20,standard_8x8_g110_vs_g104.jsonl,standard-random-8x8,standard,random-start,8x8,tf:104,tf:110,false,p1,accepted,,831104,831106493327,15
tf_phase7_policy_standard_2026-08-20,standard_8x8_g110_vs_g104.jsonl,standard-random-8x8,standard,random-start,8x8,tf:110,tf:104,true,p2,accepted,,831104,831106493328,16
tf_phase7_policy_standard_2026-08-20,standard_8x8_g110_vs_g104.jsonl,standard-random-8x8,standard,random-start,8x8,tf:104,tf:110,false,p1,accepted,,831104,831106493329,17
tf_phase7_policy_standard_2026-08-20,standard_8x8_g110_vs_g104.jsonl,standard-random-8x8,standard,random-start,8x8,tf:110,tf:104,true,p2,accepted,,831104,831106493330,18
tf_phase7_policy_standard_2026-08-20,standard_8x8_g110_vs_g104.jsonl,standard-random-8x8,standard,random-start,8x8,tf:104,tf:110,false,p1,accepted,,831104,831106493331,19
tf_phase7_policy_standard_2026-08-20,standard_8x8_g110_vs_g104.jsonl,standard-random-8x8,standard,random-start,8x8,tf:110,tf:104,true,p2,accepted,,831104,831106493332,20
tf_phase7_policy_standard_2026-08-20,standard_8x8_g110_vs_g104.jsonl,standard-random-8x8,standard,random-start,8x8,tf:104,tf:110,false,p1,accepted,,831104,831106493333,21
tf_phase7_policy_standard_2026-08-20,standard_8x8_g110_vs_g104.jsonl,standard-random-8x8,standard,random-start,8x8,tf:110,tf:104,true,p1,accepted,,831104,831106493334,22
tf_phase7_policy_standard_2026-08-20,standard_8x8_g110_vs_g104.jsonl,standard-random-8x8,standard,random-start,8x8,tf:104,tf:110,false,draw,accepted,,831104,831106493335,23
tf_phase7_policy_standard_2026-08-20,standard_8x8_g110_vs_g104.jsonl,standard-random-8x8,standard,random-start,8x8,tf:110,tf:104,true,draw,accepted,,831104,831106493336,24
tf_phase7_policy_standard_2026-08-20,standard_8x8_g110_vs_g104.jsonl,standard-random-8x8,standard,random-start,8x8,tf:104,tf:110,false,p2,accepted,,831104,831106493337,25
tf_phase7_policy_standard_2026-08-20,standard_8x8_g110_vs_g104.jsonl,standard-random-8x8,standard,random-start,8x8,tf:110,tf:104,true,p2,accepted,,831104,831106493338,26
tf_phase7_policy_standard_2026-08-20,standard_8x8_g110_vs_g104.jsonl,standard-random-8x8,standard,random-start,8x8,tf:104,tf:110,false,p1,accepted,,831104,831106493339,27
tf_phase7_policy_standard_2026-08-20,standard_8x8_g110_vs_g104.jsonl,standard-random-8x8,standard,random-start,8x8,tf:110,tf:104,true,p2,accepted,,831104,831106493340,28
tf_phase7_policy_standard_2026-08-20,standard_8x8_g110_vs_g104.jsonl,standard-random-8x8,standard,random-start,8x8,tf:104,tf:110,false,draw,accepted,,831104,831106493341,29
tf_phase7_policy_standard_2026-08-20,standard_8x8_g110_vs_g104.jsonl,standard-random-8x8,standard,random-start,8x8,tf:110,tf:104,true,p1,accepted,,831104,831106493342,30
tf_phase7_policy_standard_2026-08-20,standard_8x8_g110_vs_g104.jsonl,standard-random-8x8,standard,random-start,8x8,tf:104,tf:110,false,p1,accepted,,831104,831106493343,31
tf_phase7_policy_standard_2026-08-20,standard_8x8_g110_vs_g104.jsonl,standard-random-8x8,standard,random-start,8x8,tf:110,tf:104,true,p1,accepted,,831104,831106493344,32
tf_phase7_policy_standard_2026-08-20,standard_8x8_g110_vs_g104.jsonl,standard-random-8x8,standard,random-start,8x8,tf:104,tf:110,false,p2,accepted,,831104,831106493345,33
tf_phase7_policy_standard_2026-08-20,standard_8x8_g110_vs_g104.jsonl,standard-random-8x8,standard,random-start,8x8,tf:110,tf:104,true,p1,accepted,,831104,831106493346,34
tf_phase7_policy_standard_2026-08-20,standard_8x8_g110_vs_g104.jsonl,standard-random-8x8,standard,random-start,8x8,tf:104,tf:110,false,p1,accepted,,831104,831106493347,35
tf_phase7_policy_standard_2026-08-20,standard_8x8_g110_vs_g104.jsonl,standard-random-8x8,standard,random-start,8x8,tf:110,tf:104,true,p2,accepted,,831104,831106493348,36
tf_phase7_policy_standard_2026-08-20,standard_8x8_g110_vs_g104.jsonl,standard-random-8x8,standard,random-start,8x8,tf:104,tf:110,false,draw,accepted,,831104,831106493349,37
tf_phase7_policy_standard_2026-08-20,standard_8x8_g110_vs_g104.jsonl,standard-random-8x8,standard,random-start,8x8,tf:110,tf:104,true,p1,accepted,,831104,831106493350,38
tf_phase7_policy_standard_2026-08-20,standard_8x8_g110_vs_g104.jsonl,standard-random-8x8,standard,random-start,8x8,tf:104,tf:110,false,p1,accepted,,831104,831106493351,39
tf_phase7_policy_standard_2026-08-20,standard_8x8_g110_vs_g107.jsonl,standard-random-8x8,standard,random-start,8x8,tf:110,tf:107,true,p2,accepted,,831107,831109493321,0
tf_phase7_policy_standard_2026-08-20,standard_8x8_g110_vs_g107.jsonl,standard-random-8x8,standard,random-start,8x8,tf:107,tf:110,false,p2,accepted,,831107,831109493322,1
tf_phase7_policy_standard_2026-08-20,standard_8x8_g110_vs_g107.jsonl,standard-random-8x8,standard,random-start,8x8,tf:110,tf:107,true,p1,accepted,,831107,831109493323,2
tf_phase7_policy_standard_2026-08-20,standard_8x8_g110_vs_g107.jsonl,standard-random-8x8,standard,random-start,8x8,tf:107,tf:110,false,p2,accepted,,831107,831109493324,3
tf_phase7_policy_standard_2026-08-20,standard_8x8_g110_vs_g107.jsonl,standard-random-8x8,standard,random-start,8x8,tf:110,tf:107,true,draw,accepted,,831107,831109493325,4
tf_phase7_policy_standard_2026-08-20,standard_8x8_g110_vs_g107.jsonl,standard-random-8x8,standard,random-start,8x8,tf:107,tf:110,false,,excluded,no-legal-move,831107,831109493326,5
tf_phase7_policy_standard_2026-08-20,standard_8x8_g110_vs_g107.jsonl,standard-random-8x8,standard,random-start,8x8,tf:110,tf:107,true,draw,accepted,,831107,831109493327,6
tf_phase7_policy_standard_2026-08-20,standard_8x8_g110_vs_g107.jsonl,standard-random-8x8,standard,random-start,8x8,tf:107,tf:110,false,p2,accepted,,831107,831109493328,7
tf_phase7_policy_standard_2026-08-20,standard_8x8_g110_vs_g107.jsonl,standard-random-8x8,standard,random-start,8x8,tf:110,tf:107,true,p1,accepted,,831107,831109493329,8
tf_phase7_policy_standard_2026-08-20,standard_8x8_g110_vs_g107.jsonl,standard-random-8x8,standard,random-start,8x8,tf:107,tf:110,false,p1,accepted,,831107,831109493330,9
tf_phase7_policy_standard_2026-08-20,standard_8x8_g110_vs_g107.jsonl,standard-random-8x8,standard,random-start,8x8,tf:110,tf:107,true,p2,accepted,,831107,831109493331,10
tf_phase7_policy_standard_2026-08-20,standard_8x8_g110_vs_g107.jsonl,standard-random-8x8,standard,random-start,8x8,tf:107,tf:110,false,p2,accepted,,831107,831109493332,11
tf_phase7_policy_standard_2026-08-20,standard_8x8_g110_vs_g107.jsonl,standard-random-8x8,standard,random-start,8x8,tf:110,tf:107,true,p2,accepted,,831107,831109493333,12
tf_phase7_policy_standard_2026-08-20,standard_8x8_g110_vs_g107.jsonl,standard-random-8x8,standard,random-start,8x8,tf:107,tf:110,false,p2,accepted,,831107,831109493334,13
tf_phase7_policy_standard_2026-08-20,standard_8x8_g110_vs_g107.jsonl,standard-random-8x8,standard,random-start,8x8,tf:110,tf:107,true,p2,accepted,,831107,831109493335,14
tf_phase7_policy_standard_2026-08-20,standard_8x8_g110_vs_g107.jsonl,standard-random-8x8,standard,random-start,8x8,tf:107,tf:110,false,p2,accepted,,831107,831109493336,15
tf_phase7_policy_standard_2026-08-20,standard_8x8_g110_vs_g107.jsonl,standard-random-8x8,standard,random-start,8x8,tf:110,tf:107,true,p1,accepted,,831107,831109493337,16
tf_phase7_policy_standard_2026-08-20,standard_8x8_g110_vs_g107.jsonl,standard-random-8x8,standard,random-start,8x8,tf:107,tf:110,false,p1,accepted,,831107,831109493338,17
tf_phase7_policy_standard_2026-08-20,standard_8x8_g110_vs_g107.jsonl,standard-random-8x8,standard,random-start,8x8,tf:110,tf:107,true,p1,accepted,,831107,831109493339,18
tf_phase7_policy_standard_2026-08-20,standard_8x8_g110_vs_g107.jsonl,standard-random-8x8,standard,random-start,8x8,tf:107,tf:110,false,p2,accepted,,831107,831109493340,19
tf_phase7_policy_standard_2026-08-20,standard_8x8_g110_vs_g107.jsonl,standard-random-8x8,standard,random-start,8x8,tf:110,tf:107,true,p2,accepted,,831107,831109493341,20
tf_phase7_policy_standard_2026-08-20,standard_8x8_g110_vs_g107.jsonl,standard-random-8x8,standard,random-start,8x8,tf:107,tf:110,false,p2,accepted,,831107,831109493342,21
tf_phase7_policy_standard_2026-08-20,standard_8x8_g110_vs_g107.jsonl,standard-random-8x8,standard,random-start,8x8,tf:110,tf:107,true,p2,accepted,,831107,831109493343,22
tf_phase7_policy_standard_2026-08-20,standard_8x8_g110_vs_g107.jsonl,standard-random-8x8,standard,random-start,8x8,tf:107,tf:110,false,p1,accepted,,831107,831109493344,23
tf_phase7_policy_standard_2026-08-20,standard_8x8_g110_vs_g107.jsonl,standard-random-8x8,standard,random-start,8x8,tf:110,tf:107,true,p1,accepted,,831107,831109493345,24
tf_phase7_policy_standard_2026-08-20,standard_8x8_g110_vs_g107.jsonl,standard-random-8x8,standard,random-start,8x8,tf:107,tf:110,false,p1,accepted,,831107,831109493346,25
tf_phase7_policy_standard_2026-08-20,standard_8x8_g110_vs_g107.jsonl,standard-random-8x8,standard,random-start,8x8,tf:110,tf:107,true,draw,accepted,,831107,831109493347,26
tf_phase7_policy_standard_2026-08-20,standard_8x8_g110_vs_g107.jsonl,standard-random-8x8,standard,random-start,8x8,tf:107,tf:110,false,draw,accepted,,831107,831109493348,27
tf_phase7_policy_standard_2026-08-20,standard_8x8_g110_vs_g107.jsonl,standard-random-8x8,standard,random-start,8x8,tf:110,tf:107,true,p2,accepted,,831107,831109493349,28
tf_phase7_policy_standard_2026-08-20,standard_8x8_g110_vs_g107.jsonl,standard-random-8x8,standard,random-start,8x8,tf:107,tf:110,false,draw,accepted,,831107,831109493350,29
tf_phase7_policy_standard_2026-08-20,standard_8x8_g110_vs_g107.jsonl,standard-random-8x8,standard,random-start,8x8,tf:110,tf:107,true,p1,accepted,,831107,831109493351,30
tf_phase7_policy_standard_2026-08-20,standard_8x8_g110_vs_g107.jsonl,standard-random-8x8,standard,random-start,8x8,tf:107,tf:110,false,draw,accepted,,831107,831109493352,31
tf_phase7_policy_standard_2026-08-20,standard_8x8_g110_vs_g107.jsonl,standard-random-8x8,standard,random-start,8x8,tf:110,tf:107,true,p1,accepted,,831107,831109493353,32
tf_phase7_policy_standard_2026-08-20,standard_8x8_g110_vs_g107.jsonl,standard-random-8x8,standard,random-start,8x8,tf:107,tf:110,false,p1,accepted,,831107,831109493354,33
tf_phase7_policy_standard_2026-08-20,standard_8x8_g110_vs_g107.jsonl,standard-random-8x8,standard,random-start,8x8,tf:110,tf:107,true,p1,accepted,,831107,831109493355,34
tf_phase7_policy_standard_2026-08-20,standard_8x8_g110_vs_g107.jsonl,standard-random-8x8,standard,random-start,8x8,tf:107,tf:110,false,p1,accepted,,831107,831109493356,35
tf_phase7_policy_standard_2026-08-20,standard_8x8_g110_vs_g107.jsonl,standard-random-8x8,standard,random-start,8x8,tf:110,tf:107,true,p2,accepted,,831107,831109493357,36
tf_phase7_policy_standard_2026-08-20,standard_8x8_g110_vs_g107.jsonl,standard-random-8x8,standard,random-start,8x8,tf:107,tf:110,false,p1,accepted,,831107,831109493358,37
tf_phase7_policy_standard_2026-08-20,standard_8x8_g110_vs_g107.jsonl,standard-random-8x8,standard,random-start,8x8,tf:110,tf:107,true,p1,accepted,,831107,831109493359,38
tf_phase7_policy_standard_2026-08-20,standard_8x8_g110_vs_g107.jsonl,standard-random-8x8,standard,random-start,8x8,tf:107,tf:110,false,p1,accepted,,831107,831109493360,39
tf_phase7_policy_standard_2026-08-20,standard_8x8_g110_vs_g109.jsonl,standard-random-8x8,standard,random-start,8x8,tf:110,tf:109,true,p2,accepted,,831109,831111493327,0
tf_phase7_policy_standard_2026-08-20,standard_8x8_g110_vs_g109.jsonl,standard-random-8x8,standard,random-start,8x8,tf:109,tf:110,false,p2,accepted,,831109,831111493328,1
tf_phase7_policy_standard_2026-08-20,standard_8x8_g110_vs_g109.jsonl,standard-random-8x8,standard,random-start,8x8,tf:110,tf:109,true,draw,accepted,,831109,831111493329,2
tf_phase7_policy_standard_2026-08-20,standard_8x8_g110_vs_g109.jsonl,standard-random-8x8,standard,random-start,8x8,tf:109,tf:110,false,draw,accepted,,831109,831111493330,3
tf_phase7_policy_standard_2026-08-20,standard_8x8_g110_vs_g109.jsonl,standard-random-8x8,standard,random-start,8x8,tf:110,tf:109,true,p1,accepted,,831109,831111493331,4
tf_phase7_policy_standard_2026-08-20,standard_8x8_g110_vs_g109.jsonl,standard-random-8x8,standard,random-start,8x8,tf:109,tf:110,false,draw,accepted,,831109,831111493332,5
tf_phase7_policy_standard_2026-08-20,standard_8x8_g110_vs_g109.jsonl,standard-random-8x8,standard,random-start,8x8,tf:110,tf:109,true,p1,accepted,,831109,831111493333,6
tf_phase7_policy_standard_2026-08-20,standard_8x8_g110_vs_g109.jsonl,standard-random-8x8,standard,random-start,8x8,tf:109,tf:110,false,p1,accepted,,831109,831111493334,7
tf_phase7_policy_standard_2026-08-20,standard_8x8_g110_vs_g109.jsonl,standard-random-8x8,standard,random-start,8x8,tf:110,tf:109,true,draw,accepted,,831109,831111493335,8
tf_phase7_policy_standard_2026-08-20,standard_8x8_g110_vs_g109.jsonl,standard-random-8x8,standard,random-start,8x8,tf:109,tf:110,false,p1,accepted,,831109,831111493336,9
tf_phase7_policy_standard_2026-08-20,standard_8x8_g110_vs_g109.jsonl,standard-random-8x8,standard,random-start,8x8,tf:110,tf:109,true,p2,accepted,,831109,831111493337,10
tf_phase7_policy_standard_2026-08-20,standard_8x8_g110_vs_g109.jsonl,standard-random-8x8,standard,random-start,8x8,tf:109,tf:110,false,p2,accepted,,831109,831111493338,11
tf_phase7_policy_standard_2026-08-20,standard_8x8_g110_vs_g109.jsonl,standard-random-8x8,standard,random-start,8x8,tf:110,tf:109,true,p1,accepted,,831109,831111493339,12
tf_phase7_policy_standard_2026-08-20,standard_8x8_g110_vs_g109.jsonl,standard-random-8x8,standard,random-start,8x8,tf:109,tf:110,false,draw,accepted,,831109,831111493340,13
tf_phase7_policy_standard_2026-08-20,standard_8x8_g110_vs_g109.jsonl,standard-random-8x8,standard,random-start,8x8,tf:110,tf:109,true,p1,accepted,,831109,831111493341,14
tf_phase7_policy_standard_2026-08-20,standard_8x8_g110_vs_g109.jsonl,standard-random-8x8,standard,random-start,8x8,tf:109,tf:110,false,draw,accepted,,831109,831111493342,15
tf_phase7_policy_standard_2026-08-20,standard_8x8_g110_vs_g109.jsonl,standard-random-8x8,standard,random-start,8x8,tf:110,tf:109,true,p1,accepted,,831109,831111493343,16
tf_phase7_policy_standard_2026-08-20,standard_8x8_g110_vs_g109.jsonl,standard-random-8x8,standard,random-start,8x8,tf:109,tf:110,false,p1,accepted,,831109,831111493344,17
tf_phase7_policy_standard_2026-08-20,standard_8x8_g110_vs_g109.jsonl,standard-random-8x8,standard,random-start,8x8,tf:110,tf:109,true,p2,accepted,,831109,831111493345,18
tf_phase7_policy_standard_2026-08-20,standard_8x8_g110_vs_g109.jsonl,standard-random-8x8,standard,random-start,8x8,tf:109,tf:110,false,p1,accepted,,831109,831111493346,19
tf_phase7_policy_standard_2026-08-20,standard_8x8_g110_vs_g109.jsonl,standard-random-8x8,standard,random-start,8x8,tf:110,tf:109,true,p2,accepted,,831109,831111493347,20
tf_phase7_policy_standard_2026-08-20,standard_8x8_g110_vs_g109.jsonl,standard-random-8x8,standard,random-start,8x8,tf:109,tf:110,false,p2,accepted,,831109,831111493348,21
tf_phase7_policy_standard_2026-08-20,standard_8x8_g110_vs_g109.jsonl,standard-random-8x8,standard,random-start,8x8,tf:110,tf:109,true,p2,accepted,,831109,831111493349,22
tf_phase7_policy_standard_2026-08-20,standard_8x8_g110_vs_g109.jsonl,standard-random-8x8,standard,random-start,8x8,tf:109,tf:110,false,p2,accepted,,831109,831111493350,23
tf_phase7_policy_standard_2026-08-20,standard_8x8_g110_vs_g109.jsonl,standard-random-8x8,standard,random-start,8x8,tf:110,tf:109,true,p2,accepted,,831109,831111493351,24
tf_phase7_policy_standard_2026-08-20,standard_8x8_g110_vs_g109.jsonl,standard-random-8x8,standard,random-start,8x8,tf:109,tf:110,false,draw,accepted,,831109,831111493352,25
tf_phase7_policy_standard_2026-08-20,standard_8x8_g110_vs_g109.jsonl,standard-random-8x8,standard,random-start,8x8,tf:110,tf:109,true,p1,accepted,,831109,831111493353,26
tf_phase7_policy_standard_2026-08-20,standard_8x8_g110_vs_g109.jsonl,standard-random-8x8,standard,random-start,8x8,tf:109,tf:110,false,p1,accepted,,831109,831111493354,27
tf_phase7_policy_standard_2026-08-20,standard_8x8_g110_vs_g109.jsonl,standard-random-8x8,standard,random-start,8x8,tf:110,tf:109,true,p2,accepted,,831109,831111493355,28
tf_phase7_policy_standard_2026-08-20,standard_8x8_g110_vs_g109.jsonl,standard-random-8x8,standard,random-start,8x8,tf:109,tf:110,false,p1,accepted,,831109,831111493356,29
tf_phase7_policy_standard_2026-08-20,standard_8x8_g110_vs_g109.jsonl,standard-random-8x8,standard,random-start,8x8,tf:110,tf:109,true,p2,accepted,,831109,831111493357,30
tf_phase7_policy_standard_2026-08-20,standard_8x8_g110_vs_g109.jsonl,standard-random-8x8,standard,random-start,8x8,tf:109,tf:110,false,p1,accepted,,831109,831111493358,31
tf_phase7_policy_standard_2026-08-20,standard_8x8_g110_vs_g109.jsonl,standard-random-8x8,standard,random-start,8x8,tf:110,tf:109,true,p2,accepted,,831109,831111493359,32
tf_phase7_policy_standard_2026-08-20,standard_8x8_g110_vs_g109.jsonl,standard-random-8x8,standard,random-start,8x8,tf:109,tf:110,false,p1,accepted,,831109,831111493360,33
tf_phase7_policy_standard_2026-08-20,standard_8x8_g110_vs_g109.jsonl,standard-random-8x8,standard,random-start,8x8,tf:110,tf:109,true,p1,accepted,,831109,831111493361,34
tf_phase7_policy_standard_2026-08-20,standard_8x8_g110_vs_g109.jsonl,standard-random-8x8,standard,random-start,8x8,tf:109,tf:110,false,draw,accepted,,831109,831111493362,35
tf_phase7_policy_standard_2026-08-20,standard_8x8_g110_vs_g109.jsonl,standard-random-8x8,standard,random-start,8x8,tf:110,tf:109,true,p1,accepted,,831109,831111493363,36
tf_phase7_policy_standard_2026-08-20,standard_8x8_g110_vs_g109.jsonl,standard-random-8x8,standard,random-start,8x8,tf:109,tf:110,false,p2,accepted,,831109,831111493364,37
tf_phase7_policy_standard_2026-08-20,standard_8x8_g110_vs_g109.jsonl,standard-random-8x8,standard,random-start,8x8,tf:110,tf:109,true,p2,accepted,,831109,831111493365,38
tf_phase7_policy_standard_2026-08-20,standard_8x8_g110_vs_g109.jsonl,standard-random-8x8,standard,random-start,8x8,tf:109,tf:110,false,p2,accepted,,831109,831111493366,39
tf_phase7_policy_standard_2026-08-20,standard_8x8_g111_vs_g105.jsonl,standard-random-8x8,standard,random-start,8x8,tf:111,tf:105,true,p2,accepted,,831205,831207493615,0
tf_phase7_policy_standard_2026-08-20,standard_8x8_g111_vs_g105.jsonl,standard-random-8x8,standard,random-start,8x8,tf:105,tf:111,false,draw,accepted,,831205,831207493616,1
tf_phase7_policy_standard_2026-08-20,standard_8x8_g111_vs_g105.jsonl,standard-random-8x8,standard,random-start,8x8,tf:111,tf:105,true,p2,accepted,,831205,831207493617,2
tf_phase7_policy_standard_2026-08-20,standard_8x8_g111_vs_g105.jsonl,standard-random-8x8,standard,random-start,8x8,tf:105,tf:111,false,p1,accepted,,831205,831207493618,3
tf_phase7_policy_standard_2026-08-20,standard_8x8_g111_vs_g105.jsonl,standard-random-8x8,standard,random-start,8x8,tf:111,tf:105,true,p2,accepted,,831205,831207493619,4
tf_phase7_policy_standard_2026-08-20,standard_8x8_g111_vs_g105.jsonl,standard-random-8x8,standard,random-start,8x8,tf:105,tf:111,false,p1,accepted,,831205,831207493620,5
tf_phase7_policy_standard_2026-08-20,standard_8x8_g111_vs_g105.jsonl,standard-random-8x8,standard,random-start,8x8,tf:111,tf:105,true,p1,accepted,,831205,831207493621,6
tf_phase7_policy_standard_2026-08-20,standard_8x8_g111_vs_g105.jsonl,standard-random-8x8,standard,random-start,8x8,tf:105,tf:111,false,p2,accepted,,831205,831207493622,7
tf_phase7_policy_standard_2026-08-20,standard_8x8_g111_vs_g105.jsonl,standard-random-8x8,standard,random-start,8x8,tf:111,tf:105,true,draw,accepted,,831205,831207493623,8
tf_phase7_policy_standard_2026-08-20,standard_8x8_g111_vs_g105.jsonl,standard-random-8x8,standard,random-start,8x8,tf:105,tf:111,false,draw,accepted,,831205,831207493624,9
tf_phase7_policy_standard_2026-08-20,standard_8x8_g111_vs_g105.jsonl,standard-random-8x8,standard,random-start,8x8,tf:111,tf:105,true,p1,accepted,,831205,831207493625,10
tf_phase7_policy_standard_2026-08-20,standard_8x8_g111_vs_g105.jsonl,standard-random-8x8,standard,random-start,8x8,tf:105,tf:111,false,draw,accepted,,831205,831207493626,11
tf_phase7_policy_standard_2026-08-20,standard_8x8_g111_vs_g105.jsonl,standard-random-8x8,standard,random-start,8x8,tf:111,tf:105,true,p2,accepted,,831205,831207493627,12
tf_phase7_policy_standard_2026-08-20,standard_8x8_g111_vs_g105.jsonl,standard-random-8x8,standard,random-start,8x8,tf:105,tf:111,false,p2,accepted,,831205,831207493628,13
tf_phase7_policy_standard_2026-08-20,standard_8x8_g111_vs_g105.jsonl,standard-random-8x8,standard,random-start,8x8,tf:111,tf:105,true,p1,accepted,,831205,831207493629,14
tf_phase7_policy_standard_2026-08-20,standard_8x8_g111_vs_g105.jsonl,standard-random-8x8,standard,random-start,8x8,tf:105,tf:111,false,p2,accepted,,831205,831207493630,15
tf_phase7_policy_standard_2026-08-20,standard_8x8_g111_vs_g105.jsonl,standard-random-8x8,standard,random-start,8x8,tf:111,tf:105,true,p1,accepted,,831205,831207493631,16
tf_phase7_policy_standard_2026-08-20,standard_8x8_g111_vs_g105.jsonl,standard-random-8x8,standard,random-start,8x8,tf:105,tf:111,false,p1,accepted,,831205,831207493632,17
tf_phase7_policy_standard_2026-08-20,standard_8x8_g111_vs_g105.jsonl,standard-random-8x8,standard,random-start,8x8,tf:111,tf:105,true,p1,accepted,,831205,831207493633,18
tf_phase7_policy_standard_2026-08-20,standard_8x8_g111_vs_g105.jsonl,standard-random-8x8,standard,random-start,8x8,tf:105,tf:111,false,p1,accepted,,831205,831207493634,19
tf_phase7_policy_standard_2026-08-20,standard_8x8_g111_vs_g105.jsonl,standard-random-8x8,standard,random-start,8x8,tf:111,tf:105,true,p1,accepted,,831205,831207493635,20
tf_phase7_policy_standard_2026-08-20,standard_8x8_g111_vs_g105.jsonl,standard-random-8x8,standard,random-start,8x8,tf:105,tf:111,false,p1,accepted,,831205,831207493636,21
tf_phase7_policy_standard_2026-08-20,standard_8x8_g111_vs_g105.jsonl,standard-random-8x8,standard,random-start,8x8,tf:111,tf:105,true,p2,accepted,,831205,831207493637,22
tf_phase7_policy_standard_2026-08-20,standard_8x8_g111_vs_g105.jsonl,standard-random-8x8,standard,random-start,8x8,tf:105,tf:111,false,p1,accepted,,831205,831207493638,23
tf_phase7_policy_standard_2026-08-20,standard_8x8_g111_vs_g105.jsonl,standard-random-8x8,standard,random-start,8x8,tf:111,tf:105,true,p1,accepted,,831205,831207493639,24
tf_phase7_policy_standard_2026-08-20,standard_8x8_g111_vs_g105.jsonl,standard-random-8x8,standard,random-start,8x8,tf:105,tf:111,false,p1,accepted,,831205,831207493640,25
tf_phase7_policy_standard_2026-08-20,standard_8x8_g111_vs_g105.jsonl,standard-random-8x8,standard,random-start,8x8,tf:111,tf:105,true,p1,accepted,,831205,831207493641,26
tf_phase7_policy_standard_2026-08-20,standard_8x8_g111_vs_g105.jsonl,standard-random-8x8,standard,random-start,8x8,tf:105,tf:111,false,draw,accepted,,831205,831207493642,27
tf_phase7_policy_standard_2026-08-20,standard_8x8_g111_vs_g105.jsonl,standard-random-8x8,standard,random-start,8x8,tf:111,tf:105,true,p2,accepted,,831205,831207493643,28
tf_phase7_policy_standard_2026-08-20,standard_8x8_g111_vs_g105.jsonl,standard-random-8x8,standard,random-start,8x8,tf:105,tf:111,false,p2,accepted,,831205,831207493644,29
tf_phase7_policy_standard_2026-08-20,standard_8x8_g111_vs_g105.jsonl,standard-random-8x8,standard,random-start,8x8,tf:111,tf:105,true,p1,accepted,,831205,831207493645,30
tf_phase7_policy_standard_2026-08-20,standard_8x8_g111_vs_g105.jsonl,standard-random-8x8,standard,random-start,8x8,tf:105,tf:111,false,p1,accepted,,831205,831207493646,31
tf_phase7_policy_standard_2026-08-20,standard_8x8_g111_vs_g105.jsonl,standard-random-8x8,standard,random-start,8x8,tf:111,tf:105,true,p1,accepted,,831205,831207493647,32
tf_phase7_policy_standard_2026-08-20,standard_8x8_g111_vs_g105.jsonl,standard-random-8x8,standard,random-start,8x8,tf:105,tf:111,false,p2,accepted,,831205,831207493648,33
tf_phase7_policy_standard_2026-08-20,standard_8x8_g111_vs_g105.jsonl,standard-random-8x8,standard,random-start,8x8,tf:111,tf:105,true,draw,accepted,,831205,831207493649,34
tf_phase7_policy_standard_2026-08-20,standard_8x8_g111_vs_g105.jsonl,standard-random-8x8,standard,random-start,8x8,tf:105,tf:111,false,draw,accepted,,831205,831207493650,35
tf_phase7_policy_standard_2026-08-20,standard_8x8_g111_vs_g105.jsonl,standard-random-8x8,standard,random-start,8x8,tf:111,tf:105,true,p1,accepted,,831205,831207493651,36
tf_phase7_policy_standard_2026-08-20,standard_8x8_g111_vs_g105.jsonl,standard-random-8x8,standard,random-start,8x8,tf:105,tf:111,false,p1,accepted,,831205,831207493652,37
tf_phase7_policy_standard_2026-08-20,standard_8x8_g111_vs_g105.jsonl,standard-random-8x8,standard,random-start,8x8,tf:111,tf:105,true,p1,accepted,,831205,831207493653,38
tf_phase7_policy_standard_2026-08-20,standard_8x8_g111_vs_g105.jsonl,standard-random-8x8,standard,random-start,8x8,tf:105,tf:111,false,p2,accepted,,831205,831207493654,39
tf_phase7_policy_standard_2026-08-20,standard_8x8_g111_vs_g108.jsonl,standard-random-8x8,standard,random-start,8x8,tf:111,tf:108,true,draw,accepted,,831208,831210493624,0
tf_phase7_policy_standard_2026-08-20,standard_8x8_g111_vs_g108.jsonl,standard-random-8x8,standard,random-start,8x8,tf:108,tf:111,false,draw,accepted,,831208,831210493625,1
tf_phase7_policy_standard_2026-08-20,standard_8x8_g111_vs_g108.jsonl,standard-random-8x8,standard,random-start,8x8,tf:111,tf:108,true,p1,accepted,,831208,831210493626,2
tf_phase7_policy_standard_2026-08-20,standard_8x8_g111_vs_g108.jsonl,standard-random-8x8,standard,random-start,8x8,tf:108,tf:111,false,p1,accepted,,831208,831210493627,3
tf_phase7_policy_standard_2026-08-20,standard_8x8_g111_vs_g108.jsonl,standard-random-8x8,standard,random-start,8x8,tf:111,tf:108,true,p1,accepted,,831208,831210493628,4
tf_phase7_policy_standard_2026-08-20,standard_8x8_g111_vs_g108.jsonl,standard-random-8x8,standard,random-start,8x8,tf:108,tf:111,false,p1,accepted,,831208,831210493629,5
tf_phase7_policy_standard_2026-08-20,standard_8x8_g111_vs_g108.jsonl,standard-random-8x8,standard,random-start,8x8,tf:111,tf:108,true,draw,accepted,,831208,831210493630,6
tf_phase7_policy_standard_2026-08-20,standard_8x8_g111_vs_g108.jsonl,standard-random-8x8,standard,random-start,8x8,tf:108,tf:111,false,draw,accepted,,831208,831210493631,7
tf_phase7_policy_standard_2026-08-20,standard_8x8_g111_vs_g108.jsonl,standard-random-8x8,standard,random-start,8x8,tf:111,tf:108,true,p2,accepted,,831208,831210493632,8
tf_phase7_policy_standard_2026-08-20,standard_8x8_g111_vs_g108.jsonl,standard-random-8x8,standard,random-start,8x8,tf:108,tf:111,false,draw,accepted,,831208,831210493633,9
tf_phase7_policy_standard_2026-08-20,standard_8x8_g111_vs_g108.jsonl,standard-random-8x8,standard,random-start,8x8,tf:111,tf:108,true,p2,accepted,,831208,831210493634,10
tf_phase7_policy_standard_2026-08-20,standard_8x8_g111_vs_g108.jsonl,standard-random-8x8,standard,random-start,8x8,tf:108,tf:111,false,p2,accepted,,831208,831210493635,11
tf_phase7_policy_standard_2026-08-20,standard_8x8_g111_vs_g108.jsonl,standard-random-8x8,standard,random-start,8x8,tf:111,tf:108,true,p2,accepted,,831208,831210493636,12
tf_phase7_policy_standard_2026-08-20,standard_8x8_g111_vs_g108.jsonl,standard-random-8x8,standard,random-start,8x8,tf:108,tf:111,false,p2,accepted,,831208,831210493637,13
tf_phase7_policy_standard_2026-08-20,standard_8x8_g111_vs_g108.jsonl,standard-random-8x8,standard,random-start,8x8,tf:111,tf:108,true,p2,accepted,,831208,831210493638,14
tf_phase7_policy_standard_2026-08-20,standard_8x8_g111_vs_g108.jsonl,standard-random-8x8,standard,random-start,8x8,tf:108,tf:111,false,p1,accepted,,831208,831210493639,15
tf_phase7_policy_standard_2026-08-20,standard_8x8_g111_vs_g108.jsonl,standard-random-8x8,standard,random-start,8x8,tf:111,tf:108,true,p1,accepted,,831208,831210493640,16
tf_phase7_policy_standard_2026-08-20,standard_8x8_g111_vs_g108.jsonl,standard-random-8x8,standard,random-start,8x8,tf:108,tf:111,false,draw,accepted,,831208,831210493641,17
tf_phase7_policy_standard_2026-08-20,standard_8x8_g111_vs_g108.jsonl,standard-random-8x8,standard,random-start,8x8,tf:111,tf:108,true,p2,accepted,,831208,831210493642,18
tf_phase7_policy_standard_2026-08-20,standard_8x8_g111_vs_g108.jsonl,standard-random-8x8,standard,random-start,8x8,tf:108,tf:111,false,p1,accepted,,831208,831210493643,19
tf_phase7_policy_standard_2026-08-20,standard_8x8_g111_vs_g108.jsonl,standard-random-8x8,standard,random-start,8x8,tf:111,tf:108,true,p1,accepted,,831208,831210493644,20
tf_phase7_policy_standard_2026-08-20,standard_8x8_g111_vs_g108.jsonl,standard-random-8x8,standard,random-start,8x8,tf:108,tf:111,false,p1,accepted,,831208,831210493645,21
tf_phase7_policy_standard_2026-08-20,standard_8x8_g111_vs_g108.jsonl,standard-random-8x8,standard,random-start,8x8,tf:111,tf:108,true,p2,accepted,,831208,831210493646,22
tf_phase7_policy_standard_2026-08-20,standard_8x8_g111_vs_g108.jsonl,standard-random-8x8,standard,random-start,8x8,tf:108,tf:111,false,p2,accepted,,831208,831210493647,23
tf_phase7_policy_standard_2026-08-20,standard_8x8_g111_vs_g108.jsonl,standard-random-8x8,standard,random-start,8x8,tf:111,tf:108,true,p1,accepted,,831208,831210493648,24
tf_phase7_policy_standard_2026-08-20,standard_8x8_g111_vs_g108.jsonl,standard-random-8x8,standard,random-start,8x8,tf:108,tf:111,false,p1,accepted,,831208,831210493649,25
tf_phase7_policy_standard_2026-08-20,standard_8x8_g111_vs_g108.jsonl,standard-random-8x8,standard,random-start,8x8,tf:111,tf:108,true,draw,accepted,,831208,831210493650,26
tf_phase7_policy_standard_2026-08-20,standard_8x8_g111_vs_g108.jsonl,standard-random-8x8,standard,random-start,8x8,tf:108,tf:111,false,draw,accepted,,831208,831210493651,27
tf_phase7_policy_standard_2026-08-20,standard_8x8_g111_vs_g108.jsonl,standard-random-8x8,standard,random-start,8x8,tf:111,tf:108,true,p1,accepted,,831208,831210493652,28
tf_phase7_policy_standard_2026-08-20,standard_8x8_g111_vs_g108.jsonl,standard-random-8x8,standard,random-start,8x8,tf:108,tf:111,false,p2,accepted,,831208,831210493653,29
tf_phase7_policy_standard_2026-08-20,standard_8x8_g111_vs_g108.jsonl,standard-random-8x8,standard,random-start,8x8,tf:111,tf:108,true,p2,accepted,,831208,831210493654,30
tf_phase7_policy_standard_2026-08-20,standard_8x8_g111_vs_g108.jsonl,standard-random-8x8,standard,random-start,8x8,tf:108,tf:111,false,p2,accepted,,831208,831210493655,31
tf_phase7_policy_standard_2026-08-20,standard_8x8_g111_vs_g108.jsonl,standard-random-8x8,standard,random-start,8x8,tf:111,tf:108,true,p2,accepted,,831208,831210493656,32
tf_phase7_policy_standard_2026-08-20,standard_8x8_g111_vs_g108.jsonl,standard-random-8x8,standard,random-start,8x8,tf:108,tf:111,false,draw,accepted,,831208,831210493657,33
tf_phase7_policy_standard_2026-08-20,standard_8x8_g111_vs_g108.jsonl,standard-random-8x8,standard,random-start,8x8,tf:111,tf:108,true,p2,accepted,,831208,831210493658,34
tf_phase7_policy_standard_2026-08-20,standard_8x8_g111_vs_g108.jsonl,standard-random-8x8,standard,random-start,8x8,tf:108,tf:111,false,p1,accepted,,831208,831210493659,35
tf_phase7_policy_standard_2026-08-20,standard_8x8_g111_vs_g108.jsonl,standard-random-8x8,standard,random-start,8x8,tf:111,tf:108,true,p2,accepted,,831208,831210493660,36
tf_phase7_policy_standard_2026-08-20,standard_8x8_g111_vs_g108.jsonl,standard-random-8x8,standard,random-start,8x8,tf:108,tf:111,false,p1,accepted,,831208,831210493661,37
tf_phase7_policy_standard_2026-08-20,standard_8x8_g111_vs_g108.jsonl,standard-random-8x8,standard,random-start,8x8,tf:111,tf:108,true,p1,accepted,,831208,831210493662,38
tf_phase7_policy_standard_2026-08-20,standard_8x8_g111_vs_g108.jsonl,standard-random-8x8,standard,random-start,8x8,tf:108,tf:111,false,p1,accepted,,831208,831210493663,39
tf_phase7_policy_standard_2026-08-20,standard_8x8_g111_vs_g110.jsonl,standard-random-8x8,standard,random-start,8x8,tf:111,tf:110,true,p2,accepted,,831210,831212493630,0
tf_phase7_policy_standard_2026-08-20,standard_8x8_g111_vs_g110.jsonl,standard-random-8x8,standard,random-start,8x8,tf:110,tf:111,false,p2,accepted,,831210,831212493631,1
tf_phase7_policy_standard_2026-08-20,standard_8x8_g111_vs_g110.jsonl,standard-random-8x8,standard,random-start,8x8,tf:111,tf:110,true,p2,accepted,,831210,831212493632,2
tf_phase7_policy_standard_2026-08-20,standard_8x8_g111_vs_g110.jsonl,standard-random-8x8,standard,random-start,8x8,tf:110,tf:111,false,p1,accepted,,831210,831212493633,3
tf_phase7_policy_standard_2026-08-20,standard_8x8_g111_vs_g110.jsonl,standard-random-8x8,standard,random-start,8x8,tf:111,tf:110,true,p2,accepted,,831210,831212493634,4
tf_phase7_policy_standard_2026-08-20,standard_8x8_g111_vs_g110.jsonl,standard-random-8x8,standard,random-start,8x8,tf:110,tf:111,false,p2,accepted,,831210,831212493635,5
tf_phase7_policy_standard_2026-08-20,standard_8x8_g111_vs_g110.jsonl,standard-random-8x8,standard,random-start,8x8,tf:111,tf:110,true,p1,accepted,,831210,831212493636,6
tf_phase7_policy_standard_2026-08-20,standard_8x8_g111_vs_g110.jsonl,standard-random-8x8,standard,random-start,8x8,tf:110,tf:111,false,p2,accepted,,831210,831212493637,7
tf_phase7_policy_standard_2026-08-20,standard_8x8_g111_vs_g110.jsonl,standard-random-8x8,standard,random-start,8x8,tf:111,tf:110,true,p2,accepted,,831210,831212493638,8
tf_phase7_policy_standard_2026-08-20,standard_8x8_g111_vs_g110.jsonl,standard-random-8x8,standard,random-start,8x8,tf:110,tf:111,false,p2,accepted,,831210,831212493639,9
tf_phase7_policy_standard_2026-08-20,standard_8x8_g111_vs_g110.jsonl,standard-random-8x8,standard,random-start,8x8,tf:111,tf:110,true,p2,accepted,,831210,831212493640,10
tf_phase7_policy_standard_2026-08-20,standard_8x8_g111_vs_g110.jsonl,standard-random-8x8,standard,random-start,8x8,tf:110,tf:111,false,p1,accepted,,831210,831212493641,11
tf_phase7_policy_standard_2026-08-20,standard_8x8_g111_vs_g110.jsonl,standard-random-8x8,standard,random-start,8x8,tf:111,tf:110,true,draw,accepted,,831210,831212493642,12
tf_phase7_policy_standard_2026-08-20,standard_8x8_g111_vs_g110.jsonl,standard-random-8x8,standard,random-start,8x8,tf:110,tf:111,false,p2,accepted,,831210,831212493643,13
tf_phase7_policy_standard_2026-08-20,standard_8x8_g111_vs_g110.jsonl,standard-random-8x8,standard,random-start,8x8,tf:111,tf:110,true,p1,accepted,,831210,831212493644,14
tf_phase7_policy_standard_2026-08-20,standard_8x8_g111_vs_g110.jsonl,standard-random-8x8,standard,random-start,8x8,tf:110,tf:111,false,p1,accepted,,831210,831212493645,15
tf_phase7_policy_standard_2026-08-20,standard_8x8_g111_vs_g110.jsonl,standard-random-8x8,standard,random-start,8x8,tf:111,tf:110,true,p1,accepted,,831210,831212493646,16
tf_phase7_policy_standard_2026-08-20,standard_8x8_g111_vs_g110.jsonl,standard-random-8x8,standard,random-start,8x8,tf:110,tf:111,false,p1,accepted,,831210,831212493647,17
tf_phase7_policy_standard_2026-08-20,standard_8x8_g111_vs_g110.jsonl,standard-random-8x8,standard,random-start,8x8,tf:111,tf:110,true,p1,accepted,,831210,831212493648,18
tf_phase7_policy_standard_2026-08-20,standard_8x8_g111_vs_g110.jsonl,standard-random-8x8,standard,random-start,8x8,tf:110,tf:111,false,p2,accepted,,831210,831212493649,19
tf_phase7_policy_standard_2026-08-20,standard_8x8_g111_vs_g110.jsonl,standard-random-8x8,standard,random-start,8x8,tf:111,tf:110,true,p2,accepted,,831210,831212493650,20
tf_phase7_policy_standard_2026-08-20,standard_8x8_g111_vs_g110.jsonl,standard-random-8x8,standard,random-start,8x8,tf:110,tf:111,false,p2,accepted,,831210,831212493651,21
tf_phase7_policy_standard_2026-08-20,standard_8x8_g111_vs_g110.jsonl,standard-random-8x8,standard,random-start,8x8,tf:111,tf:110,true,p2,accepted,,831210,831212493652,22
tf_phase7_policy_standard_2026-08-20,standard_8x8_g111_vs_g110.jsonl,standard-random-8x8,standard,random-start,8x8,tf:110,tf:111,false,p1,accepted,,831210,831212493653,23
tf_phase7_policy_standard_2026-08-20,standard_8x8_g111_vs_g110.jsonl,standard-random-8x8,standard,random-start,8x8,tf:111,tf:110,true,p1,accepted,,831210,831212493654,24
tf_phase7_policy_standard_2026-08-20,standard_8x8_g111_vs_g110.jsonl,standard-random-8x8,standard,random-start,8x8,tf:110,tf:111,false,draw,accepted,,831210,831212493655,25
tf_phase7_policy_standard_2026-08-20,standard_8x8_g111_vs_g110.jsonl,standard-random-8x8,standard,random-start,8x8,tf:111,tf:110,true,p2,accepted,,831210,831212493656,26
tf_phase7_policy_standard_2026-08-20,standard_8x8_g111_vs_g110.jsonl,standard-random-8x8,standard,random-start,8x8,tf:110,tf:111,false,p2,accepted,,831210,831212493657,27
tf_phase7_policy_standard_2026-08-20,standard_8x8_g111_vs_g110.jsonl,standard-random-8x8,standard,random-start,8x8,tf:111,tf:110,true,p2,accepted,,831210,831212493658,28
tf_phase7_policy_standard_2026-08-20,standard_8x8_g111_vs_g110.jsonl,standard-random-8x8,standard,random-start,8x8,tf:110,tf:111,false,p2,accepted,,831210,831212493659,29
tf_phase7_policy_standard_2026-08-20,standard_8x8_g111_vs_g110.jsonl,standard-random-8x8,standard,random-start,8x8,tf:111,tf:110,true,p1,accepted,,831210,831212493660,30
tf_phase7_policy_standard_2026-08-20,standard_8x8_g111_vs_g110.jsonl,standard-random-8x8,standard,random-start,8x8,tf:110,tf:111,false,p2,accepted,,831210,831212493661,31
tf_phase7_policy_standard_2026-08-20,standard_8x8_g111_vs_g110.jsonl,standard-random-8x8,standard,random-start,8x8,tf:111,tf:110,true,p1,accepted,,831210,831212493662,32
tf_phase7_policy_standard_2026-08-20,standard_8x8_g111_vs_g110.jsonl,standard-random-8x8,standard,random-start,8x8,tf:110,tf:111,false,p1,accepted,,831210,831212493663,33
tf_phase7_policy_standard_2026-08-20,standard_8x8_g111_vs_g110.jsonl,standard-random-8x8,standard,random-start,8x8,tf:111,tf:110,true,p2,accepted,,831210,831212493664,34
tf_phase7_policy_standard_2026-08-20,standard_8x8_g111_vs_g110.jsonl,standard-random-8x8,standard,random-start,8x8,tf:110,tf:111,false,p1,accepted,,831210,831212493665,35
tf_phase7_policy_standard_2026-08-20,standard_8x8_g111_vs_g110.jsonl,standard-random-8x8,standard,random-start,8x8,tf:111,tf:110,true,draw,accepted,,831210,831212493666,36
tf_phase7_policy_standard_2026-08-20,standard_8x8_g111_vs_g110.jsonl,standard-random-8x8,standard,random-start,8x8,tf:110,tf:111,false,p1,accepted,,831210,831212493667,37
tf_phase7_policy_standard_2026-08-20,standard_8x8_g111_vs_g110.jsonl,standard-random-8x8,standard,random-start,8x8,tf:111,tf:110,true,p1,accepted,,831210,831212493668,38
tf_phase7_policy_standard_2026-08-20,standard_8x8_g111_vs_g110.jsonl,standard-random-8x8,standard,random-start,8x8,tf:110,tf:111,false,p2,accepted,,831210,831212493669,39
tf_phase7_policy_standard_2026-08-20,standard_8x8_g112_vs_g106.jsonl,standard-random-8x8,standard,random-start,8x8,tf:112,tf:106,true,p2,accepted,,831306,831308493918,0
tf_phase7_policy_standard_2026-08-20,standard_8x8_g112_vs_g106.jsonl,standard-random-8x8,standard,random-start,8x8,tf:106,tf:112,false,p1,accepted,,831306,831308493919,1
tf_phase7_policy_standard_2026-08-20,standard_8x8_g112_vs_g106.jsonl,standard-random-8x8,standard,random-start,8x8,tf:112,tf:106,true,p1,accepted,,831306,831308493920,2
tf_phase7_policy_standard_2026-08-20,standard_8x8_g112_vs_g106.jsonl,standard-random-8x8,standard,random-start,8x8,tf:106,tf:112,false,draw,accepted,,831306,831308493921,3
tf_phase7_policy_standard_2026-08-20,standard_8x8_g112_vs_g106.jsonl,standard-random-8x8,standard,random-start,8x8,tf:112,tf:106,true,p2,accepted,,831306,831308493922,4
tf_phase7_policy_standard_2026-08-20,standard_8x8_g112_vs_g106.jsonl,standard-random-8x8,standard,random-start,8x8,tf:106,tf:112,false,p2,accepted,,831306,831308493923,5
tf_phase7_policy_standard_2026-08-20,standard_8x8_g112_vs_g106.jsonl,standard-random-8x8,standard,random-start,8x8,tf:112,tf:106,true,p1,accepted,,831306,831308493924,6
tf_phase7_policy_standard_2026-08-20,standard_8x8_g112_vs_g106.jsonl,standard-random-8x8,standard,random-start,8x8,tf:106,tf:112,false,p2,accepted,,831306,831308493925,7
tf_phase7_policy_standard_2026-08-20,standard_8x8_g112_vs_g106.jsonl,standard-random-8x8,standard,random-start,8x8,tf:112,tf:106,true,p1,accepted,,831306,831308493926,8
tf_phase7_policy_standard_2026-08-20,standard_8x8_g112_vs_g106.jsonl,standard-random-8x8,standard,random-start,8x8,tf:106,tf:112,false,draw,accepted,,831306,831308493927,9
tf_phase7_policy_standard_2026-08-20,standard_8x8_g112_vs_g106.jsonl,standard-random-8x8,standard,random-start,8x8,tf:112,tf:106,true,draw,accepted,,831306,831308493928,10
tf_phase7_policy_standard_2026-08-20,standard_8x8_g112_vs_g106.jsonl,standard-random-8x8,standard,random-start,8x8,tf:106,tf:112,false,p1,accepted,,831306,831308493929,11
tf_phase7_policy_standard_2026-08-20,standard_8x8_g112_vs_g106.jsonl,standard-random-8x8,standard,random-start,8x8,tf:112,tf:106,true,p2,accepted,,831306,831308493930,12
tf_phase7_policy_standard_2026-08-20,standard_8x8_g112_vs_g106.jsonl,standard-random-8x8,standard,random-start,8x8,tf:106,tf:112,false,p2,accepted,,831306,831308493931,13
tf_phase7_policy_standard_2026-08-20,standard_8x8_g112_vs_g106.jsonl,standard-random-8x8,standard,random-start,8x8,tf:112,tf:106,true,p1,accepted,,831306,831308493932,14
tf_phase7_policy_standard_2026-08-20,standard_8x8_g112_vs_g106.jsonl,standard-random-8x8,standard,random-start,8x8,tf:106,tf:112,false,draw,accepted,,831306,831308493933,15
tf_phase7_policy_standard_2026-08-20,standard_8x8_g112_vs_g106.jsonl,standard-random-8x8,standard,random-start,8x8,tf:112,tf:106,true,draw,accepted,,831306,831308493934,16
tf_phase7_policy_standard_2026-08-20,standard_8x8_g112_vs_g106.jsonl,standard-random-8x8,standard,random-start,8x8,tf:106,tf:112,false,p2,accepted,,831306,831308493935,17
tf_phase7_policy_standard_2026-08-20,standard_8x8_g112_vs_g106.jsonl,standard-random-8x8,standard,random-start,8x8,tf:112,tf:106,true,draw,accepted,,831306,831308493936,18
tf_phase7_policy_standard_2026-08-20,standard_8x8_g112_vs_g106.jsonl,standard-random-8x8,standard,random-start,8x8,tf:106,tf:112,false,p2,accepted,,831306,831308493937,19
tf_phase7_policy_standard_2026-08-20,standard_8x8_g112_vs_g106.jsonl,standard-random-8x8,standard,random-start,8x8,tf:112,tf:106,true,p2,accepted,,831306,831308493938,20
tf_phase7_policy_standard_2026-08-20,standard_8x8_g112_vs_g106.jsonl,standard-random-8x8,standard,random-start,8x8,tf:106,tf:112,false,draw,accepted,,831306,831308493939,21
tf_phase7_policy_standard_2026-08-20,standard_8x8_g112_vs_g106.jsonl,standard-random-8x8,standard,random-start,8x8,tf:112,tf:106,true,p2,accepted,,831306,831308493940,22
tf_phase7_policy_standard_2026-08-20,standard_8x8_g112_vs_g106.jsonl,standard-random-8x8,standard,random-start,8x8,tf:106,tf:112,false,p2,accepted,,831306,831308493941,23
tf_phase7_policy_standard_2026-08-20,standard_8x8_g112_vs_g106.jsonl,standard-random-8x8,standard,random-start,8x8,tf:112,tf:106,true,p2,accepted,,831306,831308493942,24
tf_phase7_policy_standard_2026-08-20,standard_8x8_g112_vs_g106.jsonl,standard-random-8x8,standard,random-start,8x8,tf:106,tf:112,false,p2,accepted,,831306,831308493943,25
tf_phase7_policy_standard_2026-08-20,standard_8x8_g112_vs_g106.jsonl,standard-random-8x8,standard,random-start,8x8,tf:112,tf:106,true,p1,accepted,,831306,831308493944,26
tf_phase7_policy_standard_2026-08-20,standard_8x8_g112_vs_g106.jsonl,standard-random-8x8,standard,random-start,8x8,tf:106,tf:112,false,p1,accepted,,831306,831308493945,27
tf_phase7_policy_standard_2026-08-20,standard_8x8_g112_vs_g106.jsonl,standard-random-8x8,standard,random-start,8x8,tf:112,tf:106,true,p1,accepted,,831306,831308493946,28
tf_phase7_policy_standard_2026-08-20,standard_8x8_g112_vs_g106.jsonl,standard-random-8x8,standard,random-start,8x8,tf:106,tf:112,false,p1,accepted,,831306,831308493947,29
tf_phase7_policy_standard_2026-08-20,standard_8x8_g112_vs_g106.jsonl,standard-random-8x8,standard,random-start,8x8,tf:112,tf:106,true,p2,accepted,,831306,831308493948,30
tf_phase7_policy_standard_2026-08-20,standard_8x8_g112_vs_g106.jsonl,standard-random-8x8,standard,random-start,8x8,tf:106,tf:112,false,draw,accepted,,831306,831308493949,31
tf_phase7_policy_standard_2026-08-20,standard_8x8_g112_vs_g106.jsonl,standard-random-8x8,standard,random-start,8x8,tf:112,tf:106,true,p2,accepted,,831306,831308493950,32
tf_phase7_policy_standard_2026-08-20,standard_8x8_g112_vs_g106.jsonl,standard-random-8x8,standard,random-start,8x8,tf:106,tf:112,false,draw,accepted,,831306,831308493951,33
tf_phase7_policy_standard_2026-08-20,standard_8x8_g112_vs_g106.jsonl,standard-random-8x8,standard,random-start,8x8,tf:112,tf:106,true,draw,accepted,,831306,831308493952,34
tf_phase7_policy_standard_2026-08-20,standard_8x8_g112_vs_g106.jsonl,standard-random-8x8,standard,random-start,8x8,tf:106,tf:112,false,p1,accepted,,831306,831308493953,35
tf_phase7_policy_standard_2026-08-20,standard_8x8_g112_vs_g106.jsonl,standard-random-8x8,standard,random-start,8x8,tf:112,tf:106,true,draw,accepted,,831306,831308493954,36
tf_phase7_policy_standard_2026-08-20,standard_8x8_g112_vs_g106.jsonl,standard-random-8x8,standard,random-start,8x8,tf:106,tf:112,false,p2,accepted,,831306,831308493955,37
tf_phase7_policy_standard_2026-08-20,standard_8x8_g112_vs_g106.jsonl,standard-random-8x8,standard,random-start,8x8,tf:112,tf:106,true,draw,accepted,,831306,831308493956,38
tf_phase7_policy_standard_2026-08-20,standard_8x8_g112_vs_g106.jsonl,standard-random-8x8,standard,random-start,8x8,tf:106,tf:112,false,p2,accepted,,831306,831308493957,39
tf_phase7_policy_standard_2026-08-20,standard_8x8_g112_vs_g109.jsonl,standard-random-8x8,standard,random-start,8x8,tf:112,tf:109,true,p2,accepted,,831309,831311493927,0
tf_phase7_policy_standard_2026-08-20,standard_8x8_g112_vs_g109.jsonl,standard-random-8x8,standard,random-start,8x8,tf:109,tf:112,false,p2,accepted,,831309,831311493928,1
tf_phase7_policy_standard_2026-08-20,standard_8x8_g112_vs_g109.jsonl,standard-random-8x8,standard,random-start,8x8,tf:112,tf:109,true,p2,accepted,,831309,831311493929,2
tf_phase7_policy_standard_2026-08-20,standard_8x8_g112_vs_g109.jsonl,standard-random-8x8,standard,random-start,8x8,tf:109,tf:112,false,p1,accepted,,831309,831311493930,3
tf_phase7_policy_standard_2026-08-20,standard_8x8_g112_vs_g109.jsonl,standard-random-8x8,standard,random-start,8x8,tf:112,tf:109,true,draw,accepted,,831309,831311493931,4
tf_phase7_policy_standard_2026-08-20,standard_8x8_g112_vs_g109.jsonl,standard-random-8x8,standard,random-start,8x8,tf:109,tf:112,false,p1,accepted,,831309,831311493932,5
tf_phase7_policy_standard_2026-08-20,standard_8x8_g112_vs_g109.jsonl,standard-random-8x8,standard,random-start,8x8,tf:112,tf:109,true,p1,accepted,,831309,831311493933,6
tf_phase7_policy_standard_2026-08-20,standard_8x8_g112_vs_g109.jsonl,standard-random-8x8,standard,random-start,8x8,tf:109,tf:112,false,p1,accepted,,831309,831311493934,7
tf_phase7_policy_standard_2026-08-20,standard_8x8_g112_vs_g109.jsonl,standard-random-8x8,standard,random-start,8x8,tf:112,tf:109,true,p2,accepted,,831309,831311493935,8
tf_phase7_policy_standard_2026-08-20,standard_8x8_g112_vs_g109.jsonl,standard-random-8x8,standard,random-start,8x8,tf:109,tf:112,false,p1,accepted,,831309,831311493936,9
tf_phase7_policy_standard_2026-08-20,standard_8x8_g112_vs_g109.jsonl,standard-random-8x8,standard,random-start,8x8,tf:112,tf:109,true,p1,accepted,,831309,831311493937,10
tf_phase7_policy_standard_2026-08-20,standard_8x8_g112_vs_g109.jsonl,standard-random-8x8,standard,random-start,8x8,tf:109,tf:112,false,p2,accepted,,831309,831311493938,11
tf_phase7_policy_standard_2026-08-20,standard_8x8_g112_vs_g109.jsonl,standard-random-8x8,standard,random-start,8x8,tf:112,tf:109,true,p2,accepted,,831309,831311493939,12
tf_phase7_policy_standard_2026-08-20,standard_8x8_g112_vs_g109.jsonl,standard-random-8x8,standard,random-start,8x8,tf:109,tf:112,false,draw,accepted,,831309,831311493940,13
tf_phase7_policy_standard_2026-08-20,standard_8x8_g112_vs_g109.jsonl,standard-random-8x8,standard,random-start,8x8,tf:112,tf:109,true,p1,accepted,,831309,831311493941,14
tf_phase7_policy_standard_2026-08-20,standard_8x8_g112_vs_g109.jsonl,standard-random-8x8,standard,random-start,8x8,tf:109,tf:112,false,p2,accepted,,831309,831311493942,15
tf_phase7_policy_standard_2026-08-20,standard_8x8_g112_vs_g109.jsonl,standard-random-8x8,standard,random-start,8x8,tf:112,tf:109,true,p2,accepted,,831309,831311493943,16
tf_phase7_policy_standard_2026-08-20,standard_8x8_g112_vs_g109.jsonl,standard-random-8x8,standard,random-start,8x8,tf:109,tf:112,false,p2,accepted,,831309,831311493944,17
tf_phase7_policy_standard_2026-08-20,standard_8x8_g112_vs_g109.jsonl,standard-random-8x8,standard,random-start,8x8,tf:112,tf:109,true,p1,accepted,,831309,831311493945,18
tf_phase7_policy_standard_2026-08-20,standard_8x8_g112_vs_g109.jsonl,standard-random-8x8,standard,random-start,8x8,tf:109,tf:112,false,p2,accepted,,831309,831311493946,19
tf_phase7_policy_standard_2026-08-20,standard_8x8_g112_vs_g109.jsonl,standard-random-8x8,standard,random-start,8x8,tf:112,tf:109,true,p1,accepted,,831309,831311493947,20
tf_phase7_policy_standard_2026-08-20,standard_8x8_g112_vs_g109.jsonl,standard-random-8x8,standard,random-start,8x8,tf:109,tf:112,false,p2,accepted,,831309,831311493948,21
tf_phase7_policy_standard_2026-08-20,standard_8x8_g112_vs_g109.jsonl,standard-random-8x8,standard,random-start,8x8,tf:112,tf:109,true,p2,accepted,,831309,831311493949,22
tf_phase7_policy_standard_2026-08-20,standard_8x8_g112_vs_g109.jsonl,standard-random-8x8,standard,random-start,8x8,tf:109,tf:112,false,p1,accepted,,831309,831311493950,23
tf_phase7_policy_standard_2026-08-20,standard_8x8_g112_vs_g109.jsonl,standard-random-8x8,standard,random-start,8x8,tf:112,tf:109,true,draw,accepted,,831309,831311493951,24
tf_phase7_policy_standard_2026-08-20,standard_8x8_g112_vs_g109.jsonl,standard-random-8x8,standard,random-start,8x8,tf:109,tf:112,false,p2,accepted,,831309,831311493952,25
tf_phase7_policy_standard_2026-08-20,standard_8x8_g112_vs_g109.jsonl,standard-random-8x8,standard,random-start,8x8,tf:112,tf:109,true,p1,accepted,,831309,831311493953,26
tf_phase7_policy_standard_2026-08-20,standard_8x8_g112_vs_g109.jsonl,standard-random-8x8,standard,random-start,8x8,tf:109,tf:112,false,p2,accepted,,831309,831311493954,27
tf_phase7_policy_standard_2026-08-20,standard_8x8_g112_vs_g109.jsonl,standard-random-8x8,standard,random-start,8x8,tf:112,tf:109,true,p1,accepted,,831309,831311493955,28
tf_phase7_policy_standard_2026-08-20,standard_8x8_g112_vs_g109.jsonl,standard-random-8x8,standard,random-start,8x8,tf:109,tf:112,false,p2,accepted,,831309,831311493956,29
tf_phase7_policy_standard_2026-08-20,standard_8x8_g112_vs_g109.jsonl,standard-random-8x8,standard,random-start,8x8,tf:112,tf:109,true,p1,accepted,,831309,831311493957,30
tf_phase7_policy_standard_2026-08-20,standard_8x8_g112_vs_g109.jsonl,standard-random-8x8,standard,random-start,8x8,tf:109,tf:112,false,draw,accepted,,831309,831311493958,31
tf_phase7_policy_standard_2026-08-20,standard_8x8_g112_vs_g109.jsonl,standard-random-8x8,standard,random-start,8x8,tf:112,tf:109,true,draw,accepted,,831309,831311493959,32
tf_phase7_policy_standard_2026-08-20,standard_8x8_g112_vs_g109.jsonl,standard-random-8x8,standard,random-start,8x8,tf:109,tf:112,false,p1,accepted,,831309,831311493960,33
tf_phase7_policy_standard_2026-08-20,standard_8x8_g112_vs_g109.jsonl,standard-random-8x8,standard,random-start,8x8,tf:112,tf:109,true,p2,accepted,,831309,831311493961,34
tf_phase7_policy_standard_2026-08-20,standard_8x8_g112_vs_g109.jsonl,standard-random-8x8,standard,random-start,8x8,tf:109,tf:112,false,p2,accepted,,831309,831311493962,35
tf_phase7_policy_standard_2026-08-20,standard_8x8_g112_vs_g109.jsonl,standard-random-8x8,standard,random-start,8x8,tf:112,tf:109,true,p2,accepted,,831309,831311493963,36
tf_phase7_policy_standard_2026-08-20,standard_8x8_g112_vs_g109.jsonl,standard-random-8x8,standard,random-start,8x8,tf:109,tf:112,false,draw,accepted,,831309,831311493964,37
tf_phase7_policy_standard_2026-08-20,standard_8x8_g112_vs_g109.jsonl,standard-random-8x8,standard,random-start,8x8,tf:112,tf:109,true,p2,accepted,,831309,831311493965,38
tf_phase7_policy_standard_2026-08-20,standard_8x8_g112_vs_g109.jsonl,standard-random-8x8,standard,random-start,8x8,tf:109,tf:112,false,p2,accepted,,831309,831311493966,39
tf_phase7_policy_standard_2026-08-20,standard_8x8_g112_vs_g111.jsonl,standard-random-8x8,standard,random-start,8x8,tf:112,tf:111,true,p1,accepted,,831311,831313493933,0
tf_phase7_policy_standard_2026-08-20,standard_8x8_g112_vs_g111.jsonl,standard-random-8x8,standard,random-start,8x8,tf:111,tf:112,false,p1,accepted,,831311,831313493934,1
tf_phase7_policy_standard_2026-08-20,standard_8x8_g112_vs_g111.jsonl,standard-random-8x8,standard,random-start,8x8,tf:112,tf:111,true,p1,accepted,,831311,831313493935,2
tf_phase7_policy_standard_2026-08-20,standard_8x8_g112_vs_g111.jsonl,standard-random-8x8,standard,random-start,8x8,tf:111,tf:112,false,p2,accepted,,831311,831313493936,3
tf_phase7_policy_standard_2026-08-20,standard_8x8_g112_vs_g111.jsonl,standard-random-8x8,standard,random-start,8x8,tf:112,tf:111,true,p1,accepted,,831311,831313493937,4
tf_phase7_policy_standard_2026-08-20,standard_8x8_g112_vs_g111.jsonl,standard-random-8x8,standard,random-start,8x8,tf:111,tf:112,false,p1,accepted,,831311,831313493938,5
tf_phase7_policy_standard_2026-08-20,standard_8x8_g112_vs_g111.jsonl,standard-random-8x8,standard,random-start,8x8,tf:112,tf:111,true,p1,accepted,,831311,831313493939,6
tf_phase7_policy_standard_2026-08-20,standard_8x8_g112_vs_g111.jsonl,standard-random-8x8,standard,random-start,8x8,tf:111,tf:112,false,draw,accepted,,831311,831313493940,7
tf_phase7_policy_standard_2026-08-20,standard_8x8_g112_vs_g111.jsonl,standard-random-8x8,standard,random-start,8x8,tf:112,tf:111,true,p1,accepted,,831311,831313493941,8
tf_phase7_policy_standard_2026-08-20,standard_8x8_g112_vs_g111.jsonl,standard-random-8x8,standard,random-start,8x8,tf:111,tf:112,false,p1,accepted,,831311,831313493942,9
tf_phase7_policy_standard_2026-08-20,standard_8x8_g112_vs_g111.jsonl,standard-random-8x8,standard,random-start,8x8,tf:112,tf:111,true,p1,accepted,,831311,831313493943,10
tf_phase7_policy_standard_2026-08-20,standard_8x8_g112_vs_g111.jsonl,standard-random-8x8,standard,random-start,8x8,tf:111,tf:112,false,p1,accepted,,831311,831313493944,11
tf_phase7_policy_standard_2026-08-20,standard_8x8_g112_vs_g111.jsonl,standard-random-8x8,standard,random-start,8x8,tf:112,tf:111,true,p2,accepted,,831311,831313493945,12
tf_phase7_policy_standard_2026-08-20,standard_8x8_g112_vs_g111.jsonl,standard-random-8x8,standard,random-start,8x8,tf:111,tf:112,false,draw,accepted,,831311,831313493946,13
tf_phase7_policy_standard_2026-08-20,standard_8x8_g112_vs_g111.jsonl,standard-random-8x8,standard,random-start,8x8,tf:112,tf:111,true,p1,accepted,,831311,831313493947,14
tf_phase7_policy_standard_2026-08-20,standard_8x8_g112_vs_g111.jsonl,standard-random-8x8,standard,random-start,8x8,tf:111,tf:112,false,p2,accepted,,831311,831313493948,15
tf_phase7_policy_standard_2026-08-20,standard_8x8_g112_vs_g111.jsonl,standard-random-8x8,standard,random-start,8x8,tf:112,tf:111,true,draw,accepted,,831311,831313493949,16
tf_phase7_policy_standard_2026-08-20,standard_8x8_g112_vs_g111.jsonl,standard-random-8x8,standard,random-start,8x8,tf:111,tf:112,false,draw,accepted,,831311,831313493950,17
tf_phase7_policy_standard_2026-08-20,standard_8x8_g112_vs_g111.jsonl,standard-random-8x8,standard,random-start,8x8,tf:112,tf:111,true,p2,accepted,,831311,831313493951,18
tf_phase7_policy_standard_2026-08-20,standard_8x8_g112_vs_g111.jsonl,standard-random-8x8,standard,random-start,8x8,tf:111,tf:112,false,p1,accepted,,831311,831313493952,19
tf_phase7_policy_standard_2026-08-20,standard_8x8_g112_vs_g111.jsonl,standard-random-8x8,standard,random-start,8x8,tf:112,tf:111,true,p1,accepted,,831311,831313493953,20
tf_phase7_policy_standard_2026-08-20,standard_8x8_g112_vs_g111.jsonl,standard-random-8x8,standard,random-start,8x8,tf:111,tf:112,false,p1,accepted,,831311,831313493954,21
tf_phase7_policy_standard_2026-08-20,standard_8x8_g112_vs_g111.jsonl,standard-random-8x8,standard,random-start,8x8,tf:112,tf:111,true,p2,accepted,,831311,831313493955,22
tf_phase7_policy_standard_2026-08-20,standard_8x8_g112_vs_g111.jsonl,standard-random-8x8,standard,random-start,8x8,tf:111,tf:112,false,p1,accepted,,831311,831313493956,23
tf_phase7_policy_standard_2026-08-20,standard_8x8_g112_vs_g111.jsonl,standard-random-8x8,standard,random-start,8x8,tf:112,tf:111,true,draw,accepted,,831311,831313493957,24
tf_phase7_policy_standard_2026-08-20,standard_8x8_g112_vs_g111.jsonl,standard-random-8x8,standard,random-start,8x8,tf:111,tf:112,false,p1,accepted,,831311,831313493958,25
tf_phase7_policy_standard_2026-08-20,standard_8x8_g112_vs_g111.jsonl,standard-random-8x8,standard,random-start,8x8,tf:112,tf:111,true,p2,accepted,,831311,831313493959,26
tf_phase7_policy_standard_2026-08-20,standard_8x8_g112_vs_g111.jsonl,standard-random-8x8,standard,random-start,8x8,tf:111,tf:112,false,p1,accepted,,831311,831313493960,27
tf_phase7_policy_standard_2026-08-20,standard_8x8_g112_vs_g111.jsonl,standard-random-8x8,standard,random-start,8x8,tf:112,tf:111,true,p2,accepted,,831311,831313493961,28
tf_phase7_policy_standard_2026-08-20,standard_8x8_g112_vs_g111.jsonl,standard-random-8x8,standard,random-start,8x8,tf:111,tf:112,false,p1,accepted,,831311,831313493962,29
tf_phase7_policy_standard_2026-08-20,standard_8x8_g112_vs_g111.jsonl,standard-random-8x8,standard,random-start,8x8,tf:112,tf:111,true,p2,accepted,,831311,831313493963,30
tf_phase7_policy_standard_2026-08-20,standard_8x8_g112_vs_g111.jsonl,standard-random-8x8,standard,random-start,8x8,tf:111,tf:112,false,draw,accepted,,831311,831313493964,31
tf_phase7_policy_standard_2026-08-20,standard_8x8_g112_vs_g111.jsonl,standard-random-8x8,standard,random-start,8x8,tf:112,tf:111,true,p2,accepted,,831311,831313493965,32
tf_phase7_policy_standard_2026-08-20,standard_8x8_g112_vs_g111.jsonl,standard-random-8x8,standard,random-start,8x8,tf:111,tf:112,false,p1,accepted,,831311,831313493966,33
tf_phase7_policy_standard_2026-08-20,standard_8x8_g112_vs_g111.jsonl,standard-random-8x8,standard,random-start,8x8,tf:112,tf:111,true,p1,accepted,,831311,831313493967,34
tf_phase7_policy_standard_2026-08-20,standard_8x8_g112_vs_g111.jsonl,standard-random-8x8,standard,random-start,8x8,tf:111,tf:112,false,p1,accepted,,831311,831313493968,35
tf_phase7_policy_standard_2026-08-20,standard_8x8_g112_vs_g111.jsonl,standard-random-8x8,standard,random-start,8x8,tf:112,tf:111,true,p1,accepted,,831311,831313493969,36
tf_phase7_policy_standard_2026-08-20,standard_8x8_g112_vs_g111.jsonl,standard-random-8x8,standard,random-start,8x8,tf:111,tf:112,false,draw,accepted,,831311,831313493970,37
tf_phase7_policy_standard_2026-08-20,standard_8x8_g112_vs_g111.jsonl,standard-random-8x8,standard,random-start,8x8,tf:112,tf:111,true,p1,accepted,,831311,831313493971,38
tf_phase7_policy_standard_2026-08-20,standard_8x8_g112_vs_g111.jsonl,standard-random-8x8,standard,random-start,8x8,tf:111,tf:112,false,p1,accepted,,831311,831313493972,39
tf_phase7_policy_standard_2026-08-20,standard_8x8_g113_vs_g107.jsonl,standard-random-8x8,standard,random-start,8x8,tf:113,tf:107,true,p2,accepted,,831407,831409494221,0
tf_phase7_policy_standard_2026-08-20,standard_8x8_g113_vs_g107.jsonl,standard-random-8x8,standard,random-start,8x8,tf:107,tf:113,false,draw,accepted,,831407,831409494222,1
tf_phase7_policy_standard_2026-08-20,standard_8x8_g113_vs_g107.jsonl,standard-random-8x8,standard,random-start,8x8,tf:113,tf:107,true,p2,accepted,,831407,831409494223,2
tf_phase7_policy_standard_2026-08-20,standard_8x8_g113_vs_g107.jsonl,standard-random-8x8,standard,random-start,8x8,tf:107,tf:113,false,p2,accepted,,831407,831409494224,3
tf_phase7_policy_standard_2026-08-20,standard_8x8_g113_vs_g107.jsonl,standard-random-8x8,standard,random-start,8x8,tf:113,tf:107,true,p2,accepted,,831407,831409494225,4
tf_phase7_policy_standard_2026-08-20,standard_8x8_g113_vs_g107.jsonl,standard-random-8x8,standard,random-start,8x8,tf:107,tf:113,false,p1,accepted,,831407,831409494226,5
tf_phase7_policy_standard_2026-08-20,standard_8x8_g113_vs_g107.jsonl,standard-random-8x8,standard,random-start,8x8,tf:113,tf:107,true,draw,accepted,,831407,831409494227,6
tf_phase7_policy_standard_2026-08-20,standard_8x8_g113_vs_g107.jsonl,standard-random-8x8,standard,random-start,8x8,tf:107,tf:113,false,draw,accepted,,831407,831409494228,7
tf_phase7_policy_standard_2026-08-20,standard_8x8_g113_vs_g107.jsonl,standard-random-8x8,standard,random-start,8x8,tf:113,tf:107,true,p2,accepted,,831407,831409494229,8
tf_phase7_policy_standard_2026-08-20,standard_8x8_g113_vs_g107.jsonl,standard-random-8x8,standard,random-start,8x8,tf:107,tf:113,false,p2,accepted,,831407,831409494230,9
tf_phase7_policy_standard_2026-08-20,standard_8x8_g113_vs_g107.jsonl,standard-random-8x8,standard,random-start,8x8,tf:113,tf:107,true,p2,accepted,,831407,831409494231,10
tf_phase7_policy_standard_2026-08-20,standard_8x8_g113_vs_g107.jsonl,standard-random-8x8,standard,random-start,8x8,tf:107,tf:113,false,p2,accepted,,831407,831409494232,11
tf_phase7_policy_standard_2026-08-20,standard_8x8_g113_vs_g107.jsonl,standard-random-8x8,standard,random-start,8x8,tf:113,tf:107,true,p1,accepted,,831407,831409494233,12
tf_phase7_policy_standard_2026-08-20,standard_8x8_g113_vs_g107.jsonl,standard-random-8x8,standard,random-start,8x8,tf:107,tf:113,false,p1,accepted,,831407,831409494234,13
tf_phase7_policy_standard_2026-08-20,standard_8x8_g113_vs_g107.jsonl,standard-random-8x8,standard,random-start,8x8,tf:113,tf:107,true,p1,accepted,,831407,831409494235,14
tf_phase7_policy_standard_2026-08-20,standard_8x8_g113_vs_g107.jsonl,standard-random-8x8,standard,random-start,8x8,tf:107,tf:113,false,p2,accepted,,831407,831409494236,15
tf_phase7_policy_standard_2026-08-20,standard_8x8_g113_vs_g107.jsonl,standard-random-8x8,standard,random-start,8x8,tf:113,tf:107,true,draw,accepted,,831407,831409494237,16
tf_phase7_policy_standard_2026-08-20,standard_8x8_g113_vs_g107.jsonl,standard-random-8x8,standard,random-start,8x8,tf:107,tf:113,false,draw,accepted,,831407,831409494238,17
tf_phase7_policy_standard_2026-08-20,standard_8x8_g113_vs_g107.jsonl,standard-random-8x8,standard,random-start,8x8,tf:113,tf:107,true,p2,accepted,,831407,831409494239,18
tf_phase7_policy_standard_2026-08-20,standard_8x8_g113_vs_g107.jsonl,standard-random-8x8,standard,random-start,8x8,tf:107,tf:113,false,p1,accepted,,831407,831409494240,19
tf_phase7_policy_standard_2026-08-20,standard_8x8_g113_vs_g107.jsonl,standard-random-8x8,standard,random-start,8x8,tf:113,tf:107,true,p1,accepted,,831407,831409494241,20
tf_phase7_policy_standard_2026-08-20,standard_8x8_g113_vs_g107.jsonl,standard-random-8x8,standard,random-start,8x8,tf:107,tf:113,false,p2,accepted,,831407,831409494242,21
tf_phase7_policy_standard_2026-08-20,standard_8x8_g113_vs_g107.jsonl,standard-random-8x8,standard,random-start,8x8,tf:113,tf:107,true,p1,accepted,,831407,831409494243,22
tf_phase7_policy_standard_2026-08-20,standard_8x8_g113_vs_g107.jsonl,standard-random-8x8,standard,random-start,8x8,tf:107,tf:113,false,p1,accepted,,831407,831409494244,23
tf_phase7_policy_standard_2026-08-20,standard_8x8_g113_vs_g107.jsonl,standard-random-8x8,standard,random-start,8x8,tf:113,tf:107,true,p1,accepted,,831407,831409494245,24
tf_phase7_policy_standard_2026-08-20,standard_8x8_g113_vs_g107.jsonl,standard-random-8x8,standard,random-start,8x8,tf:107,tf:113,false,p1,accepted,,831407,831409494246,25
tf_phase7_policy_standard_2026-08-20,standard_8x8_g113_vs_g107.jsonl,standard-random-8x8,standard,random-start,8x8,tf:113,tf:107,true,p1,accepted,,831407,831409494247,26
tf_phase7_policy_standard_2026-08-20,standard_8x8_g113_vs_g107.jsonl,standard-random-8x8,standard,random-start,8x8,tf:107,tf:113,false,p1,accepted,,831407,831409494248,27
tf_phase7_policy_standard_2026-08-20,standard_8x8_g113_vs_g107.jsonl,standard-random-8x8,standard,random-start,8x8,tf:113,tf:107,true,p1,accepted,,831407,831409494249,28
tf_phase7_policy_standard_2026-08-20,standard_8x8_g113_vs_g107.jsonl,standard-random-8x8,standard,random-start,8x8,tf:107,tf:113,false,p1,accepted,,831407,831409494250,29
tf_phase7_policy_standard_2026-08-20,standard_8x8_g113_vs_g107.jsonl,standard-random-8x8,standard,random-start,8x8,tf:113,tf:107,true,p1,accepted,,831407,831409494251,30
tf_phase7_policy_standard_2026-08-20,standard_8x8_g113_vs_g107.jsonl,standard-random-8x8,standard,random-start,8x8,tf:107,tf:113,false,draw,accepted,,831407,831409494252,31
tf_phase7_policy_standard_2026-08-20,standard_8x8_g113_vs_g107.jsonl,standard-random-8x8,standard,random-start,8x8,tf:113,tf:107,true,p1,accepted,,831407,831409494253,32
tf_phase7_policy_standard_2026-08-20,standard_8x8_g113_vs_g107.jsonl,standard-random-8x8,standard,random-start,8x8,tf:107,tf:113,false,draw,accepted,,831407,831409494254,33
tf_phase7_policy_standard_2026-08-20,standard_8x8_g113_vs_g107.jsonl,standard-random-8x8,standard,random-start,8x8,tf:113,tf:107,true,draw,accepted,,831407,831409494255,34
tf_phase7_policy_standard_2026-08-20,standard_8x8_g113_vs_g107.jsonl,standard-random-8x8,standard,random-start,8x8,tf:107,tf:113,false,draw,accepted,,831407,831409494256,35
tf_phase7_policy_standard_2026-08-20,standard_8x8_g113_vs_g107.jsonl,standard-random-8x8,standard,random-start,8x8,tf:113,tf:107,true,p1,accepted,,831407,831409494257,36
tf_phase7_policy_standard_2026-08-20,standard_8x8_g113_vs_g107.jsonl,standard-random-8x8,standard,random-start,8x8,tf:107,tf:113,false,draw,accepted,,831407,831409494258,37
tf_phase7_policy_standard_2026-08-20,standard_8x8_g113_vs_g107.jsonl,standard-random-8x8,standard,random-start,8x8,tf:113,tf:107,true,p1,accepted,,831407,831409494259,38
tf_phase7_policy_standard_2026-08-20,standard_8x8_g113_vs_g107.jsonl,standard-random-8x8,standard,random-start,8x8,tf:107,tf:113,false,p2,accepted,,831407,831409494260,39
tf_phase7_policy_standard_2026-08-20,standard_8x8_g113_vs_g110.jsonl,standard-random-8x8,standard,random-start,8x8,tf:113,tf:110,true,draw,accepted,,831410,831412494230,0
tf_phase7_policy_standard_2026-08-20,standard_8x8_g113_vs_g110.jsonl,standard-random-8x8,standard,random-start,8x8,tf:110,tf:113,false,p1,accepted,,831410,831412494231,1
tf_phase7_policy_standard_2026-08-20,standard_8x8_g113_vs_g110.jsonl,standard-random-8x8,standard,random-start,8x8,tf:113,tf:110,true,p1,accepted,,831410,831412494232,2
tf_phase7_policy_standard_2026-08-20,standard_8x8_g113_vs_g110.jsonl,standard-random-8x8,standard,random-start,8x8,tf:110,tf:113,false,p2,accepted,,831410,831412494233,3
tf_phase7_policy_standard_2026-08-20,standard_8x8_g113_vs_g110.jsonl,standard-random-8x8,standard,random-start,8x8,tf:113,tf:110,true,p1,accepted,,831410,831412494234,4
tf_phase7_policy_standard_2026-08-20,standard_8x8_g113_vs_g110.jsonl,standard-random-8x8,standard,random-start,8x8,tf:110,tf:113,false,p1,accepted,,831410,831412494235,5
tf_phase7_policy_standard_2026-08-20,standard_8x8_g113_vs_g110.jsonl,standard-random-8x8,standard,random-start,8x8,tf:113,tf:110,true,p2,accepted,,831410,831412494236,6
tf_phase7_policy_standard_2026-08-20,standard_8x8_g113_vs_g110.jsonl,standard-random-8x8,standard,random-start,8x8,tf:110,tf:113,false,p2,accepted,,831410,831412494237,7
tf_phase7_policy_standard_2026-08-20,standard_8x8_g113_vs_g110.jsonl,standard-random-8x8,standard,random-start,8x8,tf:113,tf:110,true,p1,accepted,,831410,831412494238,8
tf_phase7_policy_standard_2026-08-20,standard_8x8_g113_vs_g110.jsonl,standard-random-8x8,standard,random-start,8x8,tf:110,tf:113,false,p1,accepted,,831410,831412494239,9
tf_phase7_policy_standard_2026-08-20,standard_8x8_g113_vs_g110.jsonl,standard-random-8x8,standard,random-start,8x8,tf:113,tf:110,true,p1,accepted,,831410,831412494240,10
tf_phase7_policy_standard_2026-08-20,standard_8x8_g113_vs_g110.jsonl,standard-random-8x8,standard,random-start,8x8,tf:110,tf:113,false,p1,accepted,,831410,831412494241,11
tf_phase7_policy_standard_2026-08-20,standard_8x8_g113_vs_g110.jsonl,standard-random-8x8,standard,random-start,8x8,tf:113,tf:110,true,p2,accepted,,831410,831412494242,12
tf_phase7_policy_standard_2026-08-20,standard_8x8_g113_vs_g110.jsonl,standard-random-8x8,standard,random-start,8x8,tf:110,tf:113,false,p2,accepted,,831410,831412494243,13
tf_phase7_policy_standard_2026-08-20,standard_8x8_g113_vs_g110.jsonl,standard-random-8x8,standard,random-start,8x8,tf:113,tf:110,true,p2,accepted,,831410,831412494244,14
tf_phase7_policy_standard_2026-08-20,standard_8x8_g113_vs_g110.jsonl,standard-random-8x8,standard,random-start,8x8,tf:110,tf:113,false,draw,accepted,,831410,831412494245,15
tf_phase7_policy_standard_2026-08-20,standard_8x8_g113_vs_g110.jsonl,standard-random-8x8,standard,random-start,8x8,tf:113,tf:110,true,p1,accepted,,831410,831412494246,16
tf_phase7_policy_standard_2026-08-20,standard_8x8_g113_vs_g110.jsonl,standard-random-8x8,standard,random-start,8x8,tf:110,tf:113,false,p2,accepted,,831410,831412494247,17
tf_phase7_policy_standard_2026-08-20,standard_8x8_g113_vs_g110.jsonl,standard-random-8x8,standard,random-start,8x8,tf:113,tf:110,true,p1,accepted,,831410,831412494248,18
tf_phase7_policy_standard_2026-08-20,standard_8x8_g113_vs_g110.jsonl,standard-random-8x8,standard,random-start,8x8,tf:110,tf:113,false,p1,accepted,,831410,831412494249,19
tf_phase7_policy_standard_2026-08-20,standard_8x8_g113_vs_g110.jsonl,standard-random-8x8,standard,random-start,8x8,tf:113,tf:110,true,draw,accepted,,831410,831412494250,20
tf_phase7_policy_standard_2026-08-20,standard_8x8_g113_vs_g110.jsonl,standard-random-8x8,standard,random-start,8x8,tf:110,tf:113,false,p1,accepted,,831410,831412494251,21
tf_phase7_policy_standard_2026-08-20,standard_8x8_g113_vs_g110.jsonl,standard-random-8x8,standard,random-start,8x8,tf:113,tf:110,true,p2,accepted,,831410,831412494252,22
tf_phase7_policy_standard_2026-08-20,standard_8x8_g113_vs_g110.jsonl,standard-random-8x8,standard,random-start,8x8,tf:110,tf:113,false,p1,accepted,,831410,831412494253,23
tf_phase7_policy_standard_2026-08-20,standard_8x8_g113_vs_g110.jsonl,standard-random-8x8,standard,random-start,8x8,tf:113,tf:110,true,draw,accepted,,831410,831412494254,24
tf_phase7_policy_standard_2026-08-20,standard_8x8_g113_vs_g110.jsonl,standard-random-8x8,standard,random-start,8x8,tf:110,tf:113,false,p2,accepted,,831410,831412494255,25
tf_phase7_policy_standard_2026-08-20,standard_8x8_g113_vs_g110.jsonl,standard-random-8x8,standard,random-start,8x8,tf:113,tf:110,true,draw,accepted,,831410,831412494256,26
tf_phase7_policy_standard_2026-08-20,standard_8x8_g113_vs_g110.jsonl,standard-random-8x8,standard,random-start,8x8,tf:110,tf:113,false,p1,accepted,,831410,831412494257,27
tf_phase7_policy_standard_2026-08-20,standard_8x8_g113_vs_g110.jsonl,standard-random-8x8,standard,random-start,8x8,tf:113,tf:110,true,p1,accepted,,831410,831412494258,28
tf_phase7_policy_standard_2026-08-20,standard_8x8_g113_vs_g110.jsonl,standard-random-8x8,standard,random-start,8x8,tf:110,tf:113,false,draw,accepted,,831410,831412494259,29
tf_phase7_policy_standard_2026-08-20,standard_8x8_g113_vs_g110.jsonl,standard-random-8x8,standard,random-start,8x8,tf:113,tf:110,true,draw,accepted,,831410,831412494260,30
tf_phase7_policy_standard_2026-08-20,standard_8x8_g113_vs_g110.jsonl,standard-random-8x8,standard,random-start,8x8,tf:110,tf:113,false,p1,accepted,,831410,831412494261,31
tf_phase7_policy_standard_2026-08-20,standard_8x8_g113_vs_g110.jsonl,standard-random-8x8,standard,random-start,8x8,tf:113,tf:110,true,p2,accepted,,831410,831412494262,32
tf_phase7_policy_standard_2026-08-20,standard_8x8_g113_vs_g110.jsonl,standard-random-8x8,standard,random-start,8x8,tf:110,tf:113,false,p1,accepted,,831410,831412494263,33
tf_phase7_policy_standard_2026-08-20,standard_8x8_g113_vs_g110.jsonl,standard-random-8x8,standard,random-start,8x8,tf:113,tf:110,true,p1,accepted,,831410,831412494264,34
tf_phase7_policy_standard_2026-08-20,standard_8x8_g113_vs_g110.jsonl,standard-random-8x8,standard,random-start,8x8,tf:110,tf:113,false,p1,accepted,,831410,831412494265,35
tf_phase7_policy_standard_2026-08-20,standard_8x8_g113_vs_g110.jsonl,standard-random-8x8,standard,random-start,8x8,tf:113,tf:110,true,draw,accepted,,831410,831412494266,36
tf_phase7_policy_standard_2026-08-20,standard_8x8_g113_vs_g110.jsonl,standard-random-8x8,standard,random-start,8x8,tf:110,tf:113,false,p2,accepted,,831410,831412494267,37
tf_phase7_policy_standard_2026-08-20,standard_8x8_g113_vs_g110.jsonl,standard-random-8x8,standard,random-start,8x8,tf:113,tf:110,true,draw,accepted,,831410,831412494268,38
tf_phase7_policy_standard_2026-08-20,standard_8x8_g113_vs_g110.jsonl,standard-random-8x8,standard,random-start,8x8,tf:110,tf:113,false,p2,accepted,,831410,831412494269,39
tf_phase7_policy_standard_2026-08-20,standard_8x8_g113_vs_g112.jsonl,standard-random-8x8,standard,random-start,8x8,tf:113,tf:112,true,p2,accepted,,831412,831414494236,0
tf_phase7_policy_standard_2026-08-20,standard_8x8_g113_vs_g112.jsonl,standard-random-8x8,standard,random-start,8x8,tf:112,tf:113,false,p1,accepted,,831412,831414494237,1
tf_phase7_policy_standard_2026-08-20,standard_8x8_g113_vs_g112.jsonl,standard-random-8x8,standard,random-start,8x8,tf:113,tf:112,true,p1,accepted,,831412,831414494238,2
tf_phase7_policy_standard_2026-08-20,standard_8x8_g113_vs_g112.jsonl,standard-random-8x8,standard,random-start,8x8,tf:112,tf:113,false,draw,accepted,,831412,831414494239,3
tf_phase7_policy_standard_2026-08-20,standard_8x8_g113_vs_g112.jsonl,standard-random-8x8,standard,random-start,8x8,tf:113,tf:112,true,p2,accepted,,831412,831414494240,4
tf_phase7_policy_standard_2026-08-20,standard_8x8_g113_vs_g112.jsonl,standard-random-8x8,standard,random-start,8x8,tf:112,tf:113,false,p1,accepted,,831412,831414494241,5
tf_phase7_policy_standard_2026-08-20,standard_8x8_g113_vs_g112.jsonl,standard-random-8x8,standard,random-start,8x8,tf:113,tf:112,true,p1,accepted,,831412,831414494242,6
tf_phase7_policy_standard_2026-08-20,standard_8x8_g113_vs_g112.jsonl,standard-random-8x8,standard,random-start,8x8,tf:112,tf:113,false,p2,accepted,,831412,831414494243,7
tf_phase7_policy_standard_2026-08-20,standard_8x8_g113_vs_g112.jsonl,standard-random-8x8,standard,random-start,8x8,tf:113,tf:112,true,draw,accepted,,831412,831414494244,8
tf_phase7_policy_standard_2026-08-20,standard_8x8_g113_vs_g112.jsonl,standard-random-8x8,standard,random-start,8x8,tf:112,tf:113,false,p2,accepted,,831412,831414494245,9
tf_phase7_policy_standard_2026-08-20,standard_8x8_g113_vs_g112.jsonl,standard-random-8x8,standard,random-start,8x8,tf:113,tf:112,true,p2,accepted,,831412,831414494246,10
tf_phase7_policy_standard_2026-08-20,standard_8x8_g113_vs_g112.jsonl,standard-random-8x8,standard,random-start,8x8,tf:112,tf:113,false,p1,accepted,,831412,831414494247,11
tf_phase7_policy_standard_2026-08-20,standard_8x8_g113_vs_g112.jsonl,standard-random-8x8,standard,random-start,8x8,tf:113,tf:112,true,p2,accepted,,831412,831414494248,12
tf_phase7_policy_standard_2026-08-20,standard_8x8_g113_vs_g112.jsonl,standard-random-8x8,standard,random-start,8x8,tf:112,tf:113,false,p2,accepted,,831412,831414494249,13
tf_phase7_policy_standard_2026-08-20,standard_8x8_g113_vs_g112.jsonl,standard-random-8x8,standard,random-start,8x8,tf:113,tf:112,true,draw,accepted,,831412,831414494250,14
tf_phase7_policy_standard_2026-08-20,standard_8x8_g113_vs_g112.jsonl,standard-random-8x8,standard,random-start,8x8,tf:112,tf:113,false,p1,accepted,,831412,831414494251,15
tf_phase7_policy_standard_2026-08-20,standard_8x8_g113_vs_g112.jsonl,standard-random-8x8,standard,random-start,8x8,tf:113,tf:112,true,p2,accepted,,831412,831414494252,16
tf_phase7_policy_standard_2026-08-20,standard_8x8_g113_vs_g112.jsonl,standard-random-8x8,standard,random-start,8x8,tf:112,tf:113,false,p1,accepted,,831412,831414494253,17
tf_phase7_policy_standard_2026-08-20,standard_8x8_g113_vs_g112.jsonl,standard-random-8x8,standard,random-start,8x8,tf:113,tf:112,true,draw,accepted,,831412,831414494254,18
tf_phase7_policy_standard_2026-08-20,standard_8x8_g113_vs_g112.jsonl,standard-random-8x8,standard,random-start,8x8,tf:112,tf:113,false,p2,accepted,,831412,831414494255,19
tf_phase7_policy_standard_2026-08-20,standard_8x8_g113_vs_g112.jsonl,standard-random-8x8,standard,random-start,8x8,tf:113,tf:112,true,p1,accepted,,831412,831414494256,20
tf_phase7_policy_standard_2026-08-20,standard_8x8_g113_vs_g112.jsonl,standard-random-8x8,standard,random-start,8x8,tf:112,tf:113,false,p1,accepted,,831412,831414494257,21
tf_phase7_policy_standard_2026-08-20,standard_8x8_g113_vs_g112.jsonl,standard-random-8x8,standard,random-start,8x8,tf:113,tf:112,true,p2,accepted,,831412,831414494258,22
tf_phase7_policy_standard_2026-08-20,standard_8x8_g113_vs_g112.jsonl,standard-random-8x8,standard,random-start,8x8,tf:112,tf:113,false,p1,accepted,,831412,831414494259,23
tf_phase7_policy_standard_2026-08-20,standard_8x8_g113_vs_g112.jsonl,standard-random-8x8,standard,random-start,8x8,tf:113,tf:112,true,p2,accepted,,831412,831414494260,24
tf_phase7_policy_standard_2026-08-20,standard_8x8_g113_vs_g112.jsonl,standard-random-8x8,standard,random-start,8x8,tf:112,tf:113,false,p1,accepted,,831412,831414494261,25
tf_phase7_policy_standard_2026-08-20,standard_8x8_g113_vs_g112.jsonl,standard-random-8x8,standard,random-start,8x8,tf:113,tf:112,true,p1,accepted,,831412,831414494262,26
tf_phase7_policy_standard_2026-08-20,standard_8x8_g113_vs_g112.jsonl,standard-random-8x8,standard,random-start,8x8,tf:112,tf:113,false,p1,accepted,,831412,831414494263,27
tf_phase7_policy_standard_2026-08-20,standard_8x8_g113_vs_g112.jsonl,standard-random-8x8,standard,random-start,8x8,tf:113,tf:112,true,p2,accepted,,831412,831414494264,28
tf_phase7_policy_standard_2026-08-20,standard_8x8_g113_vs_g112.jsonl,standard-random-8x8,standard,random-start,8x8,tf:112,tf:113,false,p2,accepted,,831412,831414494265,29
tf_phase7_policy_standard_2026-08-20,standard_8x8_g113_vs_g112.jsonl,standard-random-8x8,standard,random-start,8x8,tf:113,tf:112,true,p2,accepted,,831412,831414494266,30
tf_phase7_policy_standard_2026-08-20,standard_8x8_g113_vs_g112.jsonl,standard-random-8x8,standard,random-start,8x8,tf:112,tf:113,false,p2,accepted,,831412,831414494267,31
tf_phase7_policy_standard_2026-08-20,standard_8x8_g113_vs_g112.jsonl,standard-random-8x8,standard,random-start,8x8,tf:113,tf:112,true,p2,accepted,,831412,831414494268,32
tf_phase7_policy_standard_2026-08-20,standard_8x8_g113_vs_g112.jsonl,standard-random-8x8,standard,random-start,8x8,tf:112,tf:113,false,draw,accepted,,831412,831414494269,33
tf_phase7_policy_standard_2026-08-20,standard_8x8_g113_vs_g112.jsonl,standard-random-8x8,standard,random-start,8x8,tf:113,tf:112,true,p1,accepted,,831412,831414494270,34
tf_phase7_policy_standard_2026-08-20,standard_8x8_g113_vs_g112.jsonl,standard-random-8x8,standard,random-start,8x8,tf:112,tf:113,false,p2,accepted,,831412,831414494271,35
tf_phase7_policy_standard_2026-08-20,standard_8x8_g113_vs_g112.jsonl,standard-random-8x8,standard,random-start,8x8,tf:113,tf:112,true,draw,accepted,,831412,831414494272,36
tf_phase7_policy_standard_2026-08-20,standard_8x8_g113_vs_g112.jsonl,standard-random-8x8,standard,random-start,8x8,tf:112,tf:113,false,p1,accepted,,831412,831414494273,37
tf_phase7_policy_standard_2026-08-20,standard_8x8_g113_vs_g112.jsonl,standard-random-8x8,standard,random-start,8x8,tf:113,tf:112,true,p1,accepted,,831412,831414494274,38
tf_phase7_policy_standard_2026-08-20,standard_8x8_g113_vs_g112.jsonl,standard-random-8x8,standard,random-start,8x8,tf:112,tf:113,false,p1,accepted,,831412,831414494275,39
tf_phase7_policy_standard_2026-08-20,standard_8x8_g114_vs_g108.jsonl,standard-random-8x8,standard,random-start,8x8,tf:114,tf:108,true,p1,accepted,,831508,831510494524,0
tf_phase7_policy_standard_2026-08-20,standard_8x8_g114_vs_g108.jsonl,standard-random-8x8,standard,random-start,8x8,tf:108,tf:114,false,p2,accepted,,831508,831510494525,1
tf_phase7_policy_standard_2026-08-20,standard_8x8_g114_vs_g108.jsonl,standard-random-8x8,standard,random-start,8x8,tf:114,tf:108,true,p2,accepted,,831508,831510494526,2
tf_phase7_policy_standard_2026-08-20,standard_8x8_g114_vs_g108.jsonl,standard-random-8x8,standard,random-start,8x8,tf:108,tf:114,false,draw,accepted,,831508,831510494527,3
tf_phase7_policy_standard_2026-08-20,standard_8x8_g114_vs_g108.jsonl,standard-random-8x8,standard,random-start,8x8,tf:114,tf:108,true,p1,accepted,,831508,831510494528,4
tf_phase7_policy_standard_2026-08-20,standard_8x8_g114_vs_g108.jsonl,standard-random-8x8,standard,random-start,8x8,tf:108,tf:114,false,p2,accepted,,831508,831510494529,5
tf_phase7_policy_standard_2026-08-20,standard_8x8_g114_vs_g108.jsonl,standard-random-8x8,standard,random-start,8x8,tf:114,tf:108,true,p1,accepted,,831508,831510494530,6
tf_phase7_policy_standard_2026-08-20,standard_8x8_g114_vs_g108.jsonl,standard-random-8x8,standard,random-start,8x8,tf:108,tf:114,false,p2,accepted,,831508,831510494531,7
tf_phase7_policy_standard_2026-08-20,standard_8x8_g114_vs_g108.jsonl,standard-random-8x8,standard,random-start,8x8,tf:114,tf:108,true,draw,accepted,,831508,831510494532,8
tf_phase7_policy_standard_2026-08-20,standard_8x8_g114_vs_g108.jsonl,standard-random-8x8,standard,random-start,8x8,tf:108,tf:114,false,p1,accepted,,831508,831510494533,9
tf_phase7_policy_standard_2026-08-20,standard_8x8_g114_vs_g108.jsonl,standard-random-8x8,standard,random-start,8x8,tf:114,tf:108,true,p1,accepted,,831508,831510494534,10
tf_phase7_policy_standard_2026-08-20,standard_8x8_g114_vs_g108.jsonl,standard-random-8x8,standard,random-start,8x8,tf:108,tf:114,false,draw,accepted,,831508,831510494535,11
tf_phase7_policy_standard_2026-08-20,standard_8x8_g114_vs_g108.jsonl,standard-random-8x8,standard,random-start,8x8,tf:114,tf:108,true,draw,accepted,,831508,831510494536,12
tf_phase7_policy_standard_2026-08-20,standard_8x8_g114_vs_g108.jsonl,standard-random-8x8,standard,random-start,8x8,tf:108,tf:114,false,p2,accepted,,831508,831510494537,13
tf_phase7_policy_standard_2026-08-20,standard_8x8_g114_vs_g108.jsonl,standard-random-8x8,standard,random-start,8x8,tf:114,tf:108,true,draw,accepted,,831508,831510494538,14
tf_phase7_policy_standard_2026-08-20,standard_8x8_g114_vs_g108.jsonl,standard-random-8x8,standard,random-start,8x8,tf:108,tf:114,false,p1,accepted,,831508,831510494539,15
tf_phase7_policy_standard_2026-08-20,standard_8x8_g114_vs_g108.jsonl,standard-random-8x8,standard,random-start,8x8,tf:114,tf:108,true,p2,accepted,,831508,831510494540,16
tf_phase7_policy_standard_2026-08-20,standard_8x8_g114_vs_g108.jsonl,standard-random-8x8,standard,random-start,8x8,tf:108,tf:114,false,p2,accepted,,831508,831510494541,17
tf_phase7_policy_standard_2026-08-20,standard_8x8_g114_vs_g108.jsonl,standard-random-8x8,standard,random-start,8x8,tf:114,tf:108,true,p1,accepted,,831508,831510494542,18
tf_phase7_policy_standard_2026-08-20,standard_8x8_g114_vs_g108.jsonl,standard-random-8x8,standard,random-start,8x8,tf:108,tf:114,false,p2,accepted,,831508,831510494543,19
tf_phase7_policy_standard_2026-08-20,standard_8x8_g114_vs_g108.jsonl,standard-random-8x8,standard,random-start,8x8,tf:114,tf:108,true,draw,accepted,,831508,831510494544,20
tf_phase7_policy_standard_2026-08-20,standard_8x8_g114_vs_g108.jsonl,standard-random-8x8,standard,random-start,8x8,tf:108,tf:114,false,p1,accepted,,831508,831510494545,21
tf_phase7_policy_standard_2026-08-20,standard_8x8_g114_vs_g108.jsonl,standard-random-8x8,standard,random-start,8x8,tf:114,tf:108,true,p2,accepted,,831508,831510494546,22
tf_phase7_policy_standard_2026-08-20,standard_8x8_g114_vs_g108.jsonl,standard-random-8x8,standard,random-start,8x8,tf:108,tf:114,false,p1,accepted,,831508,831510494547,23
tf_phase7_policy_standard_2026-08-20,standard_8x8_g114_vs_g108.jsonl,standard-random-8x8,standard,random-start,8x8,tf:114,tf:108,true,p1,accepted,,831508,831510494548,24
tf_phase7_policy_standard_2026-08-20,standard_8x8_g114_vs_g108.jsonl,standard-random-8x8,standard,random-start,8x8,tf:108,tf:114,false,p2,accepted,,831508,831510494549,25
tf_phase7_policy_standard_2026-08-20,standard_8x8_g114_vs_g108.jsonl,standard-random-8x8,standard,random-start,8x8,tf:114,tf:108,true,p2,accepted,,831508,831510494550,26
tf_phase7_policy_standard_2026-08-20,standard_8x8_g114_vs_g108.jsonl,standard-random-8x8,standard,random-start,8x8,tf:108,tf:114,false,p2,accepted,,831508,831510494551,27
tf_phase7_policy_standard_2026-08-20,standard_8x8_g114_vs_g108.jsonl,standard-random-8x8,standard,random-start,8x8,tf:114,tf:108,true,draw,accepted,,831508,831510494552,28
tf_phase7_policy_standard_2026-08-20,standard_8x8_g114_vs_g108.jsonl,standard-random-8x8,standard,random-start,8x8,tf:108,tf:114,false,p1,accepted,,831508,831510494553,29
tf_phase7_policy_standard_2026-08-20,standard_8x8_g114_vs_g108.jsonl,standard-random-8x8,standard,random-start,8x8,tf:114,tf:108,true,p1,accepted,,831508,831510494554,30
tf_phase7_policy_standard_2026-08-20,standard_8x8_g114_vs_g108.jsonl,standard-random-8x8,standard,random-start,8x8,tf:108,tf:114,false,p2,accepted,,831508,831510494555,31
tf_phase7_policy_standard_2026-08-20,standard_8x8_g114_vs_g108.jsonl,standard-random-8x8,standard,random-start,8x8,tf:114,tf:108,true,p2,accepted,,831508,831510494556,32
tf_phase7_policy_standard_2026-08-20,standard_8x8_g114_vs_g108.jsonl,standard-random-8x8,standard,random-start,8x8,tf:108,tf:114,false,p2,accepted,,831508,831510494557,33
tf_phase7_policy_standard_2026-08-20,standard_8x8_g114_vs_g108.jsonl,standard-random-8x8,standard,random-start,8x8,tf:114,tf:108,true,p1,accepted,,831508,831510494558,34
tf_phase7_policy_standard_2026-08-20,standard_8x8_g114_vs_g108.jsonl,standard-random-8x8,standard,random-start,8x8,tf:108,tf:114,false,p1,accepted,,831508,831510494559,35
tf_phase7_policy_standard_2026-08-20,standard_8x8_g114_vs_g108.jsonl,standard-random-8x8,standard,random-start,8x8,tf:114,tf:108,true,p1,accepted,,831508,831510494560,36
tf_phase7_policy_standard_2026-08-20,standard_8x8_g114_vs_g108.jsonl,standard-random-8x8,standard,random-start,8x8,tf:108,tf:114,false,p1,accepted,,831508,831510494561,37
tf_phase7_policy_standard_2026-08-20,standard_8x8_g114_vs_g108.jsonl,standard-random-8x8,standard,random-start,8x8,tf:114,tf:108,true,p1,accepted,,831508,831510494562,38
tf_phase7_policy_standard_2026-08-20,standard_8x8_g114_vs_g108.jsonl,standard-random-8x8,standard,random-start,8x8,tf:108,tf:114,false,p2,accepted,,831508,831510494563,39
tf_phase7_policy_standard_2026-08-20,standard_8x8_g114_vs_g111.jsonl,standard-random-8x8,standard,random-start,8x8,tf:114,tf:111,true,p1,accepted,,831511,831513494533,0
tf_phase7_policy_standard_2026-08-20,standard_8x8_g114_vs_g111.jsonl,standard-random-8x8,standard,random-start,8x8,tf:111,tf:114,false,draw,accepted,,831511,831513494534,1
tf_phase7_policy_standard_2026-08-20,standard_8x8_g114_vs_g111.jsonl,standard-random-8x8,standard,random-start,8x8,tf:114,tf:111,true,p2,accepted,,831511,831513494535,2
tf_phase7_policy_standard_2026-08-20,standard_8x8_g114_vs_g111.jsonl,standard-random-8x8,standard,random-start,8x8,tf:111,tf:114,false,p2,accepted,,831511,831513494536,3
tf_phase7_policy_standard_2026-08-20,standard_8x8_g114_vs_g111.jsonl,standard-random-8x8,standard,random-start,8x8,tf:114,tf:111,true,p1,accepted,,831511,831513494537,4
tf_phase7_policy_standard_2026-08-20,standard_8x8_g114_vs_g111.jsonl,standard-random-8x8,standard,random-start,8x8,tf:111,tf:114,false,p1,accepted,,831511,831513494538,5
tf_phase7_policy_standard_2026-08-20,standard_8x8_g114_vs_g111.jsonl,standard-random-8x8,standard,random-start,8x8,tf:114,tf:111,true,p1,accepted,,831511,831513494539,6
tf_phase7_policy_standard_2026-08-20,standard_8x8_g114_vs_g111.jsonl,standard-random-8x8,standard,random-start,8x8,tf:111,tf:114,false,p1,accepted,,831511,831513494540,7
tf_phase7_policy_standard_2026-08-20,standard_8x8_g114_vs_g111.jsonl,standard-random-8x8,standard,random-start,8x8,tf:114,tf:111,true,p2,accepted,,831511,831513494541,8
tf_phase7_policy_standard_2026-08-20,standard_8x8_g114_vs_g111.jsonl,standard-random-8x8,standard,random-start,8x8,tf:111,tf:114,false,draw,accepted,,831511,831513494542,9
tf_phase7_policy_standard_2026-08-20,standard_8x8_g114_vs_g111.jsonl,standard-random-8x8,standard,random-start,8x8,tf:114,tf:111,true,p2,accepted,,831511,831513494543,10
tf_phase7_policy_standard_2026-08-20,standard_8x8_g114_vs_g111.jsonl,standard-random-8x8,standard,random-start,8x8,tf:111,tf:114,false,p1,accepted,,831511,831513494544,11
tf_phase7_policy_standard_2026-08-20,standard_8x8_g114_vs_g111.jsonl,standard-random-8x8,standard,random-start,8x8,tf:114,tf:111,true,p2,accepted,,831511,831513494545,12
tf_phase7_policy_standard_2026-08-20,standard_8x8_g114_vs_g111.jsonl,standard-random-8x8,standard,random-start,8x8,tf:111,tf:114,false,p2,accepted,,831511,831513494546,13
tf_phase7_policy_standard_2026-08-20,standard_8x8_g114_vs_g111.jsonl,standard-random-8x8,standard,random-start,8x8,tf:114,tf:111,true,draw,accepted,,831511,831513494547,14
tf_phase7_policy_standard_2026-08-20,standard_8x8_g114_vs_g111.jsonl,standard-random-8x8,standard,random-start,8x8,tf:111,tf:114,false,p1,accepted,,831511,831513494548,15
tf_phase7_policy_standard_2026-08-20,standard_8x8_g114_vs_g111.jsonl,standard-random-8x8,standard,random-start,8x8,tf:114,tf:111,true,p2,accepted,,831511,831513494549,16
tf_phase7_policy_standard_2026-08-20,standard_8x8_g114_vs_g111.jsonl,standard-random-8x8,standard,random-start,8x8,tf:111,tf:114,false,p2,accepted,,831511,831513494550,17
tf_phase7_policy_standard_2026-08-20,standard_8x8_g114_vs_g111.jsonl,standard-random-8x8,standard,random-start,8x8,tf:114,tf:111,true,p1,accepted,,831511,831513494551,18
tf_phase7_policy_standard_2026-08-20,standard_8x8_g114_vs_g111.jsonl,standard-random-8x8,standard,random-start,8x8,tf:111,tf:114,false,p2,accepted,,831511,831513494552,19
tf_phase7_policy_standard_2026-08-20,standard_8x8_g114_vs_g111.jsonl,standard-random-8x8,standard,random-start,8x8,tf:114,tf:111,true,p2,accepted,,831511,831513494553,20
tf_phase7_policy_standard_2026-08-20,standard_8x8_g114_vs_g111.jsonl,standard-random-8x8,standard,random-start,8x8,tf:111,tf:114,false,p2,accepted,,831511,831513494554,21
tf_phase7_policy_standard_2026-08-20,standard_8x8_g114_vs_g111.jsonl,standard-random-8x8,standard,random-start,8x8,tf:114,tf:111,true,draw,accepted,,831511,831513494555,22
tf_phase7_policy_standard_2026-08-20,standard_8x8_g114_vs_g111.jsonl,standard-random-8x8,standard,random-start,8x8,tf:111,tf:114,false,p2,accepted,,831511,831513494556,23
tf_phase7_policy_standard_2026-08-20,standard_8x8_g114_vs_g111.jsonl,standard-random-8x8,standard,random-start,8x8,tf:114,tf:111,true,p1,accepted,,831511,831513494557,24
tf_phase7_policy_standard_2026-08-20,standard_8x8_g114_vs_g111.jsonl,standard-random-8x8,standard,random-start,8x8,tf:111,tf:114,false,p1,accepted,,831511,831513494558,25
tf_phase7_policy_standard_2026-08-20,standard_8x8_g114_vs_g111.jsonl,standard-random-8x8,standard,random-start,8x8,tf:114,tf:111,true,p1,accepted,,831511,831513494559,26
tf_phase7_policy_standard_2026-08-20,standard_8x8_g114_vs_g111.jsonl,standard-random-8x8,standard,random-start,8x8,tf:111,tf:114,false,draw,accepted,,831511,831513494560,27
tf_phase7_policy_standard_2026-08-20,standard_8x8_g114_vs_g111.jsonl,standard-random-8x8,standard,random-start,8x8,tf:114,tf:111,true,draw,accepted,,831511,831513494561,28
tf_phase7_policy_standard_2026-08-20,standard_8x8_g114_vs_g111.jsonl,standard-random-8x8,standard,random-start,8x8,tf:111,tf:114,false,p2,accepted,,831511,831513494562,29
tf_phase7_policy_standard_2026-08-20,standard_8x8_g114_vs_g111.jsonl,standard-random-8x8,standard,random-start,8x8,tf:114,tf:111,true,draw,accepted,,831511,831513494563,30
tf_phase7_policy_standard_2026-08-20,standard_8x8_g114_vs_g111.jsonl,standard-random-8x8,standard,random-start,8x8,tf:111,tf:114,false,draw,accepted,,831511,831513494564,31
tf_phase7_policy_standard_2026-08-20,standard_8x8_g114_vs_g111.jsonl,standard-random-8x8,standard,random-start,8x8,tf:114,tf:111,true,p1,accepted,,831511,831513494565,32
tf_phase7_policy_standard_2026-08-20,standard_8x8_g114_vs_g111.jsonl,standard-random-8x8,standard,random-start,8x8,tf:111,tf:114,false,p2,accepted,,831511,831513494566,33
tf_phase7_policy_standard_2026-08-20,standard_8x8_g114_vs_g111.jsonl,standard-random-8x8,standard,random-start,8x8,tf:114,tf:111,true,p1,accepted,,831511,831513494567,34
tf_phase7_policy_standard_2026-08-20,standard_8x8_g114_vs_g111.jsonl,standard-random-8x8,standard,random-start,8x8,tf:111,tf:114,false,p1,accepted,,831511,831513494568,35
tf_phase7_policy_standard_2026-08-20,standard_8x8_g114_vs_g111.jsonl,standard-random-8x8,standard,random-start,8x8,tf:114,tf:111,true,p2,accepted,,831511,831513494569,36
tf_phase7_policy_standard_2026-08-20,standard_8x8_g114_vs_g111.jsonl,standard-random-8x8,standard,random-start,8x8,tf:111,tf:114,false,p1,accepted,,831511,831513494570,37
tf_phase7_policy_standard_2026-08-20,standard_8x8_g114_vs_g111.jsonl,standard-random-8x8,standard,random-start,8x8,tf:114,tf:111,true,p2,accepted,,831511,831513494571,38
tf_phase7_policy_standard_2026-08-20,standard_8x8_g114_vs_g111.jsonl,standard-random-8x8,standard,random-start,8x8,tf:111,tf:114,false,draw,accepted,,831511,831513494572,39
tf_phase7_policy_standard_2026-08-20,standard_8x8_g114_vs_g113.jsonl,standard-random-8x8,standard,random-start,8x8,tf:114,tf:113,true,draw,accepted,,831513,831515494539,0
tf_phase7_policy_standard_2026-08-20,standard_8x8_g114_vs_g113.jsonl,standard-random-8x8,standard,random-start,8x8,tf:113,tf:114,false,p1,accepted,,831513,831515494540,1
tf_phase7_policy_standard_2026-08-20,standard_8x8_g114_vs_g113.jsonl,standard-random-8x8,standard,random-start,8x8,tf:114,tf:113,true,p1,accepted,,831513,831515494541,2
tf_phase7_policy_standard_2026-08-20,standard_8x8_g114_vs_g113.jsonl,standard-random-8x8,standard,random-start,8x8,tf:113,tf:114,false,p1,accepted,,831513,831515494542,3
tf_phase7_policy_standard_2026-08-20,standard_8x8_g114_vs_g113.jsonl,standard-random-8x8,standard,random-start,8x8,tf:114,tf:113,true,p1,accepted,,831513,831515494543,4
tf_phase7_policy_standard_2026-08-20,standard_8x8_g114_vs_g113.jsonl,standard-random-8x8,standard,random-start,8x8,tf:113,tf:114,false,draw,accepted,,831513,831515494544,5
tf_phase7_policy_standard_2026-08-20,standard_8x8_g114_vs_g113.jsonl,standard-random-8x8,standard,random-start,8x8,tf:114,tf:113,true,draw,accepted,,831513,831515494545,6
tf_phase7_policy_standard_2026-08-20,standard_8x8_g114_vs_g113.jsonl,standard-random-8x8,standard,random-start,8x8,tf:113,tf:114,false,p2,accepted,,831513,831515494546,7
tf_phase7_policy_standard_2026-08-20,standard_8x8_g114_vs_g113.jsonl,standard-random-8x8,standard,random-start,8x8,tf:114,tf:113,true,p2,accepted,,831513,831515494547,8
tf_phase7_policy_standard_2026-08-20,standard_8x8_g114_vs_g113.jsonl,standard-random-8x8,standard,random-start,8x8,tf:113,tf:114,false,p1,accepted,,831513,831515494548,9
tf_phase7_policy_standard_2026-08-20,standard_8x8_g114_vs_g113.jsonl,standard-random-8x8,standard,random-start,8x8,tf:114,tf:113,true,p1,accepted,,831513,831515494549,10
tf_phase7_policy_standard_2026-08-20,standard_8x8_g114_vs_g113.jsonl,standard-random-8x8,standard,random-start,8x8,tf:113,tf:114,false,p2,accepted,,831513,831515494550,11
tf_phase7_policy_standard_2026-08-20,standard_8x8_g114_vs_g113.jsonl,standard-random-8x8,standard,random-start,8x8,tf:114,tf:113,true,p2,accepted,,831513,831515494551,12
tf_phase7_policy_standard_2026-08-20,standard_8x8_g114_vs_g113.jsonl,standard-random-8x8,standard,random-start,8x8,tf:113,tf:114,false,p1,accepted,,831513,831515494552,13
tf_phase7_policy_standard_2026-08-20,standard_8x8_g114_vs_g113.jsonl,standard-random-8x8,standard,random-start,8x8,tf:114,tf:113,true,p2,accepted,,831513,831515494553,14
tf_phase7_policy_standard_2026-08-20,standard_8x8_g114_vs_g113.jsonl,standard-random-8x8,standard,random-start,8x8,tf:113,tf:114,false,draw,accepted,,831513,831515494554,15
tf_phase7_policy_standard_2026-08-20,standard_8x8_g114_vs_g113.jsonl,standard-random-8x8,standard,random-start,8x8,tf:114,tf:113,true,draw,accepted,,831513,831515494555,16
tf_phase7_policy_standard_2026-08-20,standard_8x8_g114_vs_g113.jsonl,standard-random-8x8,standard,random-start,8x8,tf:113,tf:114,false,p1,accepted,,831513,831515494556,17
tf_phase7_policy_standard_2026-08-20,standard_8x8_g114_vs_g113.jsonl,standard-random-8x8,standard,random-start,8x8,tf:114,tf:113,true,p1,accepted,,831513,831515494557,18
tf_phase7_policy_standard_2026-08-20,standard_8x8_g114_vs_g113.jsonl,standard-random-8x8,standard,random-start,8x8,tf:113,tf:114,false,p2,accepted,,831513,831515494558,19
tf_phase7_policy_standard_2026-08-20,standard_8x8_g114_vs_g113.jsonl,standard-random-8x8,standard,random-start,8x8,tf:114,tf:113,true,p2,accepted,,831513,831515494559,20
tf_phase7_policy_standard_2026-08-20,standard_8x8_g114_vs_g113.jsonl,standard-random-8x8,standard,random-start,8x8,tf:113,tf:114,false,p1,accepted,,831513,831515494560,21
tf_phase7_policy_standard_2026-08-20,standard_8x8_g114_vs_g113.jsonl,standard-random-8x8,standard,random-start,8x8,tf:114,tf:113,true,p1,accepted,,831513,831515494561,22
tf_phase7_policy_standard_2026-08-20,standard_8x8_g114_vs_g113.jsonl,standard-random-8x8,standard,random-start,8x8,tf:113,tf:114,false,p1,accepted,,831513,831515494562,23
tf_phase7_policy_standard_2026-08-20,standard_8x8_g114_vs_g113.jsonl,standard-random-8x8,standard,random-start,8x8,tf:114,tf:113,true,p2,accepted,,831513,831515494563,24
tf_phase7_policy_standard_2026-08-20,standard_8x8_g114_vs_g113.jsonl,standard-random-8x8,standard,random-start,8x8,tf:113,tf:114,false,p2,accepted,,831513,831515494564,25
tf_phase7_policy_standard_2026-08-20,standard_8x8_g114_vs_g113.jsonl,standard-random-8x8,standard,random-start,8x8,tf:114,tf:113,true,p2,accepted,,831513,831515494565,26
tf_phase7_policy_standard_2026-08-20,standard_8x8_g114_vs_g113.jsonl,standard-random-8x8,standard,random-start,8x8,tf:113,tf:114,false,p1,accepted,,831513,831515494566,27
tf_phase7_policy_standard_2026-08-20,standard_8x8_g114_vs_g113.jsonl,standard-random-8x8,standard,random-start,8x8,tf:114,tf:113,true,p1,accepted,,831513,831515494567,28
tf_phase7_policy_standard_2026-08-20,standard_8x8_g114_vs_g113.jsonl,standard-random-8x8,standard,random-start,8x8,tf:113,tf:114,false,p2,accepted,,831513,831515494568,29
tf_phase7_policy_standard_2026-08-20,standard_8x8_g114_vs_g113.jsonl,standard-random-8x8,standard,random-start,8x8,tf:114,tf:113,true,draw,accepted,,831513,831515494569,30
tf_phase7_policy_standard_2026-08-20,standard_8x8_g114_vs_g113.jsonl,standard-random-8x8,standard,random-start,8x8,tf:113,tf:114,false,draw,accepted,,831513,831515494570,31
tf_phase7_policy_standard_2026-08-20,standard_8x8_g114_vs_g113.jsonl,standard-random-8x8,standard,random-start,8x8,tf:114,tf:113,true,p1,accepted,,831513,831515494571,32
tf_phase7_policy_standard_2026-08-20,standard_8x8_g114_vs_g113.jsonl,standard-random-8x8,standard,random-start,8x8,tf:113,tf:114,false,p1,accepted,,831513,831515494572,33
tf_phase7_policy_standard_2026-08-20,standard_8x8_g114_vs_g113.jsonl,standard-random-8x8,standard,random-start,8x8,tf:114,tf:113,true,p2,accepted,,831513,831515494573,34
tf_phase7_policy_standard_2026-08-20,standard_8x8_g114_vs_g113.jsonl,standard-random-8x8,standard,random-start,8x8,tf:113,tf:114,false,draw,accepted,,831513,831515494574,35
tf_phase7_policy_standard_2026-08-20,standard_8x8_g114_vs_g113.jsonl,standard-random-8x8,standard,random-start,8x8,tf:114,tf:113,true,p1,accepted,,831513,831515494575,36
tf_phase7_policy_standard_2026-08-20,standard_8x8_g114_vs_g113.jsonl,standard-random-8x8,standard,random-start,8x8,tf:113,tf:114,false,p1,accepted,,831513,831515494576,37
tf_phase7_policy_standard_2026-08-20,standard_8x8_g114_vs_g113.jsonl,standard-random-8x8,standard,random-start,8x8,tf:114,tf:113,true,p2,accepted,,831513,831515494577,38
tf_phase7_policy_standard_2026-08-20,standard_8x8_g114_vs_g113.jsonl,standard-random-8x8,standard,random-start,8x8,tf:113,tf:114,false,draw,accepted,,831513,831515494578,39
tf_phase7_policy_standard_2026-08-20,standard_8x8_g115_vs_g109.jsonl,standard-random-8x8,standard,random-start,8x8,tf:115,tf:109,true,p1,accepted,,831609,831611494827,0
tf_phase7_policy_standard_2026-08-20,standard_8x8_g115_vs_g109.jsonl,standard-random-8x8,standard,random-start,8x8,tf:109,tf:115,false,p2,accepted,,831609,831611494828,1
tf_phase7_policy_standard_2026-08-20,standard_8x8_g115_vs_g109.jsonl,standard-random-8x8,standard,random-start,8x8,tf:115,tf:109,true,p1,accepted,,831609,831611494829,2
tf_phase7_policy_standard_2026-08-20,standard_8x8_g115_vs_g109.jsonl,standard-random-8x8,standard,random-start,8x8,tf:109,tf:115,false,p2,accepted,,831609,831611494830,3
tf_phase7_policy_standard_2026-08-20,standard_8x8_g115_vs_g109.jsonl,standard-random-8x8,standard,random-start,8x8,tf:115,tf:109,true,p2,accepted,,831609,831611494831,4
tf_phase7_policy_standard_2026-08-20,standard_8x8_g115_vs_g109.jsonl,standard-random-8x8,standard,random-start,8x8,tf:109,tf:115,false,p2,accepted,,831609,831611494832,5
tf_phase7_policy_standard_2026-08-20,standard_8x8_g115_vs_g109.jsonl,standard-random-8x8,standard,random-start,8x8,tf:115,tf:109,true,draw,accepted,,831609,831611494833,6
tf_phase7_policy_standard_2026-08-20,standard_8x8_g115_vs_g109.jsonl,standard-random-8x8,standard,random-start,8x8,tf:109,tf:115,false,draw,accepted,,831609,831611494834,7
tf_phase7_policy_standard_2026-08-20,standard_8x8_g115_vs_g109.jsonl,standard-random-8x8,standard,random-start,8x8,tf:115,tf:109,true,p1,accepted,,831609,831611494835,8
tf_phase7_policy_standard_2026-08-20,standard_8x8_g115_vs_g109.jsonl,standard-random-8x8,standard,random-start,8x8,tf:109,tf:115,false,draw,accepted,,831609,831611494836,9
tf_phase7_policy_standard_2026-08-20,standard_8x8_g115_vs_g109.jsonl,standard-random-8x8,standard,random-start,8x8,tf:115,tf:109,true,p2,accepted,,831609,831611494837,10
tf_phase7_policy_standard_2026-08-20,standard_8x8_g115_vs_g109.jsonl,standard-random-8x8,standard,random-start,8x8,tf:109,tf:115,false,draw,accepted,,831609,831611494838,11
tf_phase7_policy_standard_2026-08-20,standard_8x8_g115_vs_g109.jsonl,standard-random-8x8,standard,random-start,8x8,tf:115,tf:109,true,p2,accepted,,831609,831611494839,12
tf_phase7_policy_standard_2026-08-20,standard_8x8_g115_vs_g109.jsonl,standard-random-8x8,standard,random-start,8x8,tf:109,tf:115,false,p2,accepted,,831609,831611494840,13
tf_phase7_policy_standard_2026-08-20,standard_8x8_g115_vs_g109.jsonl,standard-random-8x8,standard,random-start,8x8,tf:115,tf:109,true,p1,accepted,,831609,831611494841,14
tf_phase7_policy_standard_2026-08-20,standard_8x8_g115_vs_g109.jsonl,standard-random-8x8,standard,random-start,8x8,tf:109,tf:115,false,p1,accepted,,831609,831611494842,15
tf_phase7_policy_standard_2026-08-20,standard_8x8_g115_vs_g109.jsonl,standard-random-8x8,standard,random-start,8x8,tf:115,tf:109,true,draw,accepted,,831609,831611494843,16
tf_phase7_policy_standard_2026-08-20,standard_8x8_g115_vs_g109.jsonl,standard-random-8x8,standard,random-start,8x8,tf:109,tf:115,false,p1,accepted,,831609,831611494844,17
tf_phase7_policy_standard_2026-08-20,standard_8x8_g115_vs_g109.jsonl,standard-random-8x8,standard,random-start,8x8,tf:115,tf:109,true,p1,accepted,,831609,831611494845,18
tf_phase7_policy_standard_2026-08-20,standard_8x8_g115_vs_g109.jsonl,standard-random-8x8,standard,random-start,8x8,tf:109,tf:115,false,p2,accepted,,831609,831611494846,19
tf_phase7_policy_standard_2026-08-20,standard_8x8_g115_vs_g109.jsonl,standard-random-8x8,standard,random-start,8x8,tf:115,tf:109,true,p1,accepted,,831609,831611494847,20
tf_phase7_policy_standard_2026-08-20,standard_8x8_g115_vs_g109.jsonl,standard-random-8x8,standard,random-start,8x8,tf:109,tf:115,false,p2,accepted,,831609,831611494848,21
tf_phase7_policy_standard_2026-08-20,standard_8x8_g115_vs_g109.jsonl,standard-random-8x8,standard,random-start,8x8,tf:115,tf:109,true,p1,accepted,,831609,831611494849,22
tf_phase7_policy_standard_2026-08-20,standard_8x8_g115_vs_g109.jsonl,standard-random-8x8,standard,random-start,8x8,tf:109,tf:115,false,p2,accepted,,831609,831611494850,23
tf_phase7_policy_standard_2026-08-20,standard_8x8_g115_vs_g109.jsonl,standard-random-8x8,standard,random-start,8x8,tf:115,tf:109,true,draw,accepted,,831609,831611494851,24
tf_phase7_policy_standard_2026-08-20,standard_8x8_g115_vs_g109.jsonl,standard-random-8x8,standard,random-start,8x8,tf:109,tf:115,false,draw,accepted,,831609,831611494852,25
tf_phase7_policy_standard_2026-08-20,standard_8x8_g115_vs_g109.jsonl,standard-random-8x8,standard,random-start,8x8,tf:115,tf:109,true,p2,accepted,,831609,831611494853,26
tf_phase7_policy_standard_2026-08-20,standard_8x8_g115_vs_g109.jsonl,standard-random-8x8,standard,random-start,8x8,tf:109,tf:115,false,draw,accepted,,831609,831611494854,27
tf_phase7_policy_standard_2026-08-20,standard_8x8_g115_vs_g109.jsonl,standard-random-8x8,standard,random-start,8x8,tf:115,tf:109,true,p1,accepted,,831609,831611494855,28
tf_phase7_policy_standard_2026-08-20,standard_8x8_g115_vs_g109.jsonl,standard-random-8x8,standard,random-start,8x8,tf:109,tf:115,false,p2,accepted,,831609,831611494856,29
tf_phase7_policy_standard_2026-08-20,standard_8x8_g115_vs_g109.jsonl,standard-random-8x8,standard,random-start,8x8,tf:115,tf:109,true,p1,accepted,,831609,831611494857,30
tf_phase7_policy_standard_2026-08-20,standard_8x8_g115_vs_g109.jsonl,standard-random-8x8,standard,random-start,8x8,tf:109,tf:115,false,p1,accepted,,831609,831611494858,31
tf_phase7_policy_standard_2026-08-20,standard_8x8_g115_vs_g109.jsonl,standard-random-8x8,standard,random-start,8x8,tf:115,tf:109,true,p1,accepted,,831609,831611494859,32
tf_phase7_policy_standard_2026-08-20,standard_8x8_g115_vs_g109.jsonl,standard-random-8x8,standard,random-start,8x8,tf:109,tf:115,false,p2,accepted,,831609,831611494860,33
tf_phase7_policy_standard_2026-08-20,standard_8x8_g115_vs_g109.jsonl,standard-random-8x8,standard,random-start,8x8,tf:115,tf:109,true,p2,accepted,,831609,831611494861,34
tf_phase7_policy_standard_2026-08-20,standard_8x8_g115_vs_g109.jsonl,standard-random-8x8,standard,random-start,8x8,tf:109,tf:115,false,p1,accepted,,831609,831611494862,35
tf_phase7_policy_standard_2026-08-20,standard_8x8_g115_vs_g109.jsonl,standard-random-8x8,standard,random-start,8x8,tf:115,tf:109,true,p1,accepted,,831609,831611494863,36
tf_phase7_policy_standard_2026-08-20,standard_8x8_g115_vs_g109.jsonl,standard-random-8x8,standard,random-start,8x8,tf:109,tf:115,false,draw,accepted,,831609,831611494864,37
tf_phase7_policy_standard_2026-08-20,standard_8x8_g115_vs_g109.jsonl,standard-random-8x8,standard,random-start,8x8,tf:115,tf:109,true,p2,accepted,,831609,831611494865,38
tf_phase7_policy_standard_2026-08-20,standard_8x8_g115_vs_g109.jsonl,standard-random-8x8,standard,random-start,8x8,tf:109,tf:115,false,p1,accepted,,831609,831611494866,39
tf_phase7_policy_standard_2026-08-20,standard_8x8_g115_vs_g112.jsonl,standard-random-8x8,standard,random-start,8x8,tf:115,tf:112,true,p2,accepted,,831612,831614494836,0
tf_phase7_policy_standard_2026-08-20,standard_8x8_g115_vs_g112.jsonl,standard-random-8x8,standard,random-start,8x8,tf:112,tf:115,false,p1,accepted,,831612,831614494837,1
tf_phase7_policy_standard_2026-08-20,standard_8x8_g115_vs_g112.jsonl,standard-random-8x8,standard,random-start,8x8,tf:115,tf:112,true,p2,accepted,,831612,831614494838,2
tf_phase7_policy_standard_2026-08-20,standard_8x8_g115_vs_g112.jsonl,standard-random-8x8,standard,random-start,8x8,tf:112,tf:115,false,p1,accepted,,831612,831614494839,3
tf_phase7_policy_standard_2026-08-20,standard_8x8_g115_vs_g112.jsonl,standard-random-8x8,standard,random-start,8x8,tf:115,tf:112,true,draw,accepted,,831612,831614494840,4
tf_phase7_policy_standard_2026-08-20,standard_8x8_g115_vs_g112.jsonl,standard-random-8x8,standard,random-start,8x8,tf:112,tf:115,false,p1,accepted,,831612,831614494841,5
tf_phase7_policy_standard_2026-08-20,standard_8x8_g115_vs_g112.jsonl,standard-random-8x8,standard,random-start,8x8,tf:115,tf:112,true,p2,accepted,,831612,831614494842,6
tf_phase7_policy_standard_2026-08-20,standard_8x8_g115_vs_g112.jsonl,standard-random-8x8,standard,random-start,8x8,tf:112,tf:115,false,p2,accepted,,831612,831614494843,7
tf_phase7_policy_standard_2026-08-20,standard_8x8_g115_vs_g112.jsonl,standard-random-8x8,standard,random-start,8x8,tf:115,tf:112,true,draw,accepted,,831612,831614494844,8
tf_phase7_policy_standard_2026-08-20,standard_8x8_g115_vs_g112.jsonl,standard-random-8x8,standard,random-start,8x8,tf:112,tf:115,false,draw,accepted,,831612,831614494845,9
tf_phase7_policy_standard_2026-08-20,standard_8x8_g115_vs_g112.jsonl,standard-random-8x8,standard,random-start,8x8,tf:115,tf:112,true,p1,accepted,,831612,831614494846,10
tf_phase7_policy_standard_2026-08-20,standard_8x8_g115_vs_g112.jsonl,standard-random-8x8,standard,random-start,8x8,tf:112,tf:115,false,p1,accepted,,831612,831614494847,11
tf_phase7_policy_standard_2026-08-20,standard_8x8_g115_vs_g112.jsonl,standard-random-8x8,standard,random-start,8x8,tf:115,tf:112,true,p1,accepted,,831612,831614494848,12
tf_phase7_policy_standard_2026-08-20,standard_8x8_g115_vs_g112.jsonl,standard-random-8x8,standard,random-start,8x8,tf:112,tf:115,false,p1,accepted,,831612,831614494849,13
tf_phase7_policy_standard_2026-08-20,standard_8x8_g115_vs_g112.jsonl,standard-random-8x8,standard,random-start,8x8,tf:115,tf:112,true,draw,accepted,,831612,831614494850,14
tf_phase7_policy_standard_2026-08-20,standard_8x8_g115_vs_g112.jsonl,standard-random-8x8,standard,random-start,8x8,tf:112,tf:115,false,p1,accepted,,831612,831614494851,15
tf_phase7_policy_standard_2026-08-20,standard_8x8_g115_vs_g112.jsonl,standard-random-8x8,standard,random-start,8x8,tf:115,tf:112,true,p1,accepted,,831612,831614494852,16
tf_phase7_policy_standard_2026-08-20,standard_8x8_g115_vs_g112.jsonl,standard-random-8x8,standard,random-start,8x8,tf:112,tf:115,false,draw,accepted,,831612,831614494853,17
tf_phase7_policy_standard_2026-08-20,standard_8x8_g115_vs_g112.jsonl,standard-random-8x8,standard,random-start,8x8,tf:115,tf:112,true,p2,accepted,,831612,831614494854,18
tf_phase7_policy_standard_2026-08-20,standard_8x8_g115_vs_g112.jsonl,standard-random-8x8,standard,random-start,8x8,tf:112,tf:115,false,draw,accepted,,831612,831614494855,19
tf_phase7_policy_standard_2026-08-20,standard_8x8_g115_vs_g112.jsonl,standard-random-8x8,standard,random-start,8x8,tf:115,tf:112,true,p1,accepted,,831612,831614494856,20
tf_phase7_policy_standard_2026-08-20,standard_8x8_g115_vs_g112.jsonl,standard-random-8x8,standard,random-start,8x8,tf:112,tf:115,false,p2,accepted,,831612,831614494857,21
tf_phase7_policy_standard_2026-08-20,standard_8x8_g115_vs_g112.jsonl,standard-random-8x8,standard,random-start,8x8,tf:115,tf:112,true,p1,accepted,,831612,831614494858,22
tf_phase7_policy_standard_2026-08-20,standard_8x8_g115_vs_g112.jsonl,standard-random-8x8,standard,random-start,8x8,tf:112,tf:115,false,p2,accepted,,831612,831614494859,23
tf_phase7_policy_standard_2026-08-20,standard_8x8_g115_vs_g112.jsonl,standard-random-8x8,standard,random-start,8x8,tf:115,tf:112,true,draw,accepted,,831612,831614494860,24
tf_phase7_policy_standard_2026-08-20,standard_8x8_g115_vs_g112.jsonl,standard-random-8x8,standard,random-start,8x8,tf:112,tf:115,false,p2,accepted,,831612,831614494861,25
tf_phase7_policy_standard_2026-08-20,standard_8x8_g115_vs_g112.jsonl,standard-random-8x8,standard,random-start,8x8,tf:115,tf:112,true,p1,accepted,,831612,831614494862,26
tf_phase7_policy_standard_2026-08-20,standard_8x8_g115_vs_g112.jsonl,standard-random-8x8,standard,random-start,8x8,tf:112,tf:115,false,p1,accepted,,831612,831614494863,27
tf_phase7_policy_standard_2026-08-20,standard_8x8_g115_vs_g112.jsonl,standard-random-8x8,standard,random-start,8x8,tf:115,tf:112,true,draw,accepted,,831612,831614494864,28
tf_phase7_policy_standard_2026-08-20,standard_8x8_g115_vs_g112.jsonl,standard-random-8x8,standard,random-start,8x8,tf:112,tf:115,false,p1,accepted,,831612,831614494865,29
tf_phase7_policy_standard_2026-08-20,standard_8x8_g115_vs_g112.jsonl,standard-random-8x8,standard,random-start,8x8,tf:115,tf:112,true,p2,accepted,,831612,831614494866,30
tf_phase7_policy_standard_2026-08-20,standard_8x8_g115_vs_g112.jsonl,standard-random-8x8,standard,random-start,8x8,tf:112,tf:115,false,p2,accepted,,831612,831614494867,31
tf_phase7_policy_standard_2026-08-20,standard_8x8_g115_vs_g112.jsonl,standard-random-8x8,standard,random-start,8x8,tf:115,tf:112,true,p2,accepted,,831612,831614494868,32
tf_phase7_policy_standard_2026-08-20,standard_8x8_g115_vs_g112.jsonl,standard-random-8x8,standard,random-start,8x8,tf:112,tf:115,false,p1,accepted,,831612,831614494869,33
tf_phase7_policy_standard_2026-08-20,standard_8x8_g115_vs_g112.jsonl,standard-random-8x8,standard,random-start,8x8,tf:115,tf:112,true,p1,accepted,,831612,831614494870,34
tf_phase7_policy_standard_2026-08-20,standard_8x8_g115_vs_g112.jsonl,standard-random-8x8,standard,random-start,8x8,tf:112,tf:115,false,p1,accepted,,831612,831614494871,35
tf_phase7_policy_standard_2026-08-20,standard_8x8_g115_vs_g112.jsonl,standard-random-8x8,standard,random-start,8x8,tf:115,tf:112,true,p1,accepted,,831612,831614494872,36
tf_phase7_policy_standard_2026-08-20,standard_8x8_g115_vs_g112.jsonl,standard-random-8x8,standard,random-start,8x8,tf:112,tf:115,false,p1,accepted,,831612,831614494873,37
tf_phase7_policy_standard_2026-08-20,standard_8x8_g115_vs_g112.jsonl,standard-random-8x8,standard,random-start,8x8,tf:115,tf:112,true,p2,accepted,,831612,831614494874,38
tf_phase7_policy_standard_2026-08-20,standard_8x8_g115_vs_g112.jsonl,standard-random-8x8,standard,random-start,8x8,tf:112,tf:115,false,p1,accepted,,831612,831614494875,39
tf_phase7_policy_standard_2026-08-20,standard_8x8_g115_vs_g114.jsonl,standard-random-8x8,standard,random-start,8x8,tf:115,tf:114,true,p2,accepted,,831614,831616494842,0
tf_phase7_policy_standard_2026-08-20,standard_8x8_g115_vs_g114.jsonl,standard-random-8x8,standard,random-start,8x8,tf:114,tf:115,false,p1,accepted,,831614,831616494843,1
tf_phase7_policy_standard_2026-08-20,standard_8x8_g115_vs_g114.jsonl,standard-random-8x8,standard,random-start,8x8,tf:115,tf:114,true,draw,accepted,,831614,831616494844,2
tf_phase7_policy_standard_2026-08-20,standard_8x8_g115_vs_g114.jsonl,standard-random-8x8,standard,random-start,8x8,tf:114,tf:115,false,p2,accepted,,831614,831616494845,3
tf_phase7_policy_standard_2026-08-20,standard_8x8_g115_vs_g114.jsonl,standard-random-8x8,standard,random-start,8x8,tf:115,tf:114,true,draw,accepted,,831614,831616494846,4
tf_phase7_policy_standard_2026-08-20,standard_8x8_g115_vs_g114.jsonl,standard-random-8x8,standard,random-start,8x8,tf:114,tf:115,false,p1,accepted,,831614,831616494847,5
tf_phase7_policy_standard_2026-08-20,standard_8x8_g115_vs_g114.jsonl,standard-random-8x8,standard,random-start,8x8,tf:115,tf:114,true,p1,accepted,,831614,831616494848,6
tf_phase7_policy_standard_2026-08-20,standard_8x8_g115_vs_g114.jsonl,standard-random-8x8,standard,random-start,8x8,tf:114,tf:115,false,draw,accepted,,831614,831616494849,7
tf_phase7_policy_standard_2026-08-20,standard_8x8_g115_vs_g114.jsonl,standard-random-8x8,standard,random-start,8x8,tf:115,tf:114,true,p2,accepted,,831614,831616494850,8
tf_phase7_policy_standard_2026-08-20,standard_8x8_g115_vs_g114.jsonl,standard-random-8x8,standard,random-start,8x8,tf:114,tf:115,false,p2,accepted,,831614,831616494851,9
tf_phase7_policy_standard_2026-08-20,standard_8x8_g115_vs_g114.jsonl,standard-random-8x8,standard,random-start,8x8,tf:115,tf:114,true,p1,accepted,,831614,831616494852,10
tf_phase7_policy_standard_2026-08-20,standard_8x8_g115_vs_g114.jsonl,standard-random-8x8,standard,random-start,8x8,tf:114,tf:115,false,p2,accepted,,831614,831616494853,11
tf_phase7_policy_standard_2026-08-20,standard_8x8_g115_vs_g114.jsonl,standard-random-8x8,standard,random-start,8x8,tf:115,tf:114,true,p2,accepted,,831614,831616494854,12
tf_phase7_policy_standard_2026-08-20,standard_8x8_g115_vs_g114.jsonl,standard-random-8x8,standard,random-start,8x8,tf:114,tf:115,false,p1,accepted,,831614,831616494855,13
tf_phase7_policy_standard_2026-08-20,standard_8x8_g115_vs_g114.jsonl,standard-random-8x8,standard,random-start,8x8,tf:115,tf:114,true,p1,accepted,,831614,831616494856,14
tf_phase7_policy_standard_2026-08-20,standard_8x8_g115_vs_g114.jsonl,standard-random-8x8,standard,random-start,8x8,tf:114,tf:115,false,draw,accepted,,831614,831616494857,15
tf_phase7_policy_standard_2026-08-20,standard_8x8_g115_vs_g114.jsonl,standard-random-8x8,standard,random-start,8x8,tf:115,tf:114,true,p1,accepted,,831614,831616494858,16
tf_phase7_policy_standard_2026-08-20,standard_8x8_g115_vs_g114.jsonl,standard-random-8x8,standard,random-start,8x8,tf:114,tf:115,false,p1,accepted,,831614,831616494859,17
tf_phase7_policy_standard_2026-08-20,standard_8x8_g115_vs_g114.jsonl,standard-random-8x8,standard,random-start,8x8,tf:115,tf:114,true,p2,accepted,,831614,831616494860,18
tf_phase7_policy_standard_2026-08-20,standard_8x8_g115_vs_g114.jsonl,standard-random-8x8,standard,random-start,8x8,tf:114,tf:115,false,p2,accepted,,831614,831616494861,19
tf_phase7_policy_standard_2026-08-20,standard_8x8_g115_vs_g114.jsonl,standard-random-8x8,standard,random-start,8x8,tf:115,tf:114,true,p2,accepted,,831614,831616494862,20
tf_phase7_policy_standard_2026-08-20,standard_8x8_g115_vs_g114.jsonl,standard-random-8x8,standard,random-start,8x8,tf:114,tf:115,false,p1,accepted,,831614,831616494863,21
tf_phase7_policy_standard_2026-08-20,standard_8x8_g115_vs_g114.jsonl,standard-random-8x8,standard,random-start,8x8,tf:115,tf:114,true,p1,accepted,,831614,831616494864,22
tf_phase7_policy_standard_2026-08-20,standard_8x8_g115_vs_g114.jsonl,standard-random-8x8,standard,random-start,8x8,tf:114,tf:115,false,p1,accepted,,831614,831616494865,23
tf_phase7_policy_standard_2026-08-20,standard_8x8_g115_vs_g114.jsonl,standard-random-8x8,standard,random-start,8x8,tf:115,tf:114,true,draw,accepted,,831614,831616494866,24
tf_phase7_policy_standard_2026-08-20,standard_8x8_g115_vs_g114.jsonl,standard-random-8x8,standard,random-start,8x8,tf:114,tf:115,false,draw,accepted,,831614,831616494867,25
tf_phase7_policy_standard_2026-08-20,standard_8x8_g115_vs_g114.jsonl,standard-random-8x8,standard,random-start,8x8,tf:115,tf:114,true,p1,accepted,,831614,831616494868,26
tf_phase7_policy_standard_2026-08-20,standard_8x8_g115_vs_g114.jsonl,standard-random-8x8,standard,random-start,8x8,tf:114,tf:115,false,draw,accepted,,831614,831616494869,27
tf_phase7_policy_standard_2026-08-20,standard_8x8_g115_vs_g114.jsonl,standard-random-8x8,standard,random-start,8x8,tf:115,tf:114,true,p1,accepted,,831614,831616494870,28
tf_phase7_policy_standard_2026-08-20,standard_8x8_g115_vs_g114.jsonl,standard-random-8x8,standard,random-start,8x8,tf:114,tf:115,false,draw,accepted,,831614,831616494871,29
tf_phase7_policy_standard_2026-08-20,standard_8x8_g115_vs_g114.jsonl,standard-random-8x8,standard,random-start,8x8,tf:115,tf:114,true,p2,accepted,,831614,831616494872,30
tf_phase7_policy_standard_2026-08-20,standard_8x8_g115_vs_g114.jsonl,standard-random-8x8,standard,random-start,8x8,tf:114,tf:115,false,p1,accepted,,831614,831616494873,31
tf_phase7_policy_standard_2026-08-20,standard_8x8_g115_vs_g114.jsonl,standard-random-8x8,standard,random-start,8x8,tf:115,tf:114,true,p1,accepted,,831614,831616494874,32
tf_phase7_policy_standard_2026-08-20,standard_8x8_g115_vs_g114.jsonl,standard-random-8x8,standard,random-start,8x8,tf:114,tf:115,false,p2,accepted,,831614,831616494875,33
tf_phase7_policy_standard_2026-08-20,standard_8x8_g115_vs_g114.jsonl,standard-random-8x8,standard,random-start,8x8,tf:115,tf:114,true,draw,accepted,,831614,831616494876,34
tf_phase7_policy_standard_2026-08-20,standard_8x8_g115_vs_g114.jsonl,standard-random-8x8,standard,random-start,8x8,tf:114,tf:115,false,draw,accepted,,831614,831616494877,35
tf_phase7_policy_standard_2026-08-20,standard_8x8_g115_vs_g114.jsonl,standard-random-8x8,standard,random-start,8x8,tf:115,tf:114,true,p2,accepted,,831614,831616494878,36
tf_phase7_policy_standard_2026-08-20,standard_8x8_g115_vs_g114.jsonl,standard-random-8x8,standard,random-start,8x8,tf:114,tf:115,false,draw,accepted,,831614,831616494879,37
tf_phase7_policy_standard_2026-08-20,standard_8x8_g115_vs_g114.jsonl,standard-random-8x8,standard,random-start,8x8,tf:115,tf:114,true,draw,accepted,,831614,831616494880,38
tf_phase7_policy_standard_2026-08-20,standard_8x8_g115_vs_g114.jsonl,standard-random-8x8,standard,random-start,8x8,tf:114,tf:115,false,draw,accepted,,831614,831616494881,39
tf_phase7_policy_standard_2026-08-20,standard_8x8_g116_vs_g110.jsonl,standard-random-8x8,standard,random-start,8x8,tf:116,tf:110,true,p2,accepted,,831710,831712495130,0
tf_phase7_policy_standard_2026-08-20,standard_8x8_g116_vs_g110.jsonl,standard-random-8x8,standard,random-start,8x8,tf:110,tf:116,false,p2,accepted,,831710,831712495131,1
tf_phase7_policy_standard_2026-08-20,standard_8x8_g116_vs_g110.jsonl,standard-random-8x8,standard,random-start,8x8,tf:116,tf:110,true,draw,accepted,,831710,831712495132,2
tf_phase7_policy_standard_2026-08-20,standard_8x8_g116_vs_g110.jsonl,standard-random-8x8,standard,random-start,8x8,tf:110,tf:116,false,p1,accepted,,831710,831712495133,3
tf_phase7_policy_standard_2026-08-20,standard_8x8_g116_vs_g110.jsonl,standard-random-8x8,standard,random-start,8x8,tf:116,tf:110,true,p2,accepted,,831710,831712495134,4
tf_phase7_policy_standard_2026-08-20,standard_8x8_g116_vs_g110.jsonl,standard-random-8x8,standard,random-start,8x8,tf:110,tf:116,false,p1,accepted,,831710,831712495135,5
tf_phase7_policy_standard_2026-08-20,standard_8x8_g116_vs_g110.jsonl,standard-random-8x8,standard,random-start,8x8,tf:116,tf:110,true,p2,accepted,,831710,831712495136,6
tf_phase7_policy_standard_2026-08-20,standard_8x8_g116_vs_g110.jsonl,standard-random-8x8,standard,random-start,8x8,tf:110,tf:116,false,p2,accepted,,831710,831712495137,7
tf_phase7_policy_standard_2026-08-20,standard_8x8_g116_vs_g110.jsonl,standard-random-8x8,standard,random-start,8x8,tf:116,tf:110,true,p2,accepted,,831710,831712495138,8
tf_phase7_policy_standard_2026-08-20,standard_8x8_g116_vs_g110.jsonl,standard-random-8x8,standard,random-start,8x8,tf:110,tf:116,false,p2,accepted,,831710,831712495139,9
tf_phase7_policy_standard_2026-08-20,standard_8x8_g116_vs_g110.jsonl,standard-random-8x8,standard,random-start,8x8,tf:116,tf:110,true,p1,accepted,,831710,831712495140,10
tf_phase7_policy_standard_2026-08-20,standard_8x8_g116_vs_g110.jsonl,standard-random-8x8,standard,random-start,8x8,tf:110,tf:116,false,p1,accepted,,831710,831712495141,11
tf_phase7_policy_standard_2026-08-20,standard_8x8_g116_vs_g110.jsonl,standard-random-8x8,standard,random-start,8x8,tf:116,tf:110,true,p1,accepted,,831710,831712495142,12
tf_phase7_policy_standard_2026-08-20,standard_8x8_g116_vs_g110.jsonl,standard-random-8x8,standard,random-start,8x8,tf:110,tf:116,false,p2,accepted,,831710,831712495143,13
tf_phase7_policy_standard_2026-08-20,standard_8x8_g116_vs_g110.jsonl,standard-random-8x8,standard,random-start,8x8,tf:116,tf:110,true,p1,accepted,,831710,831712495144,14
tf_phase7_policy_standard_2026-08-20,standard_8x8_g116_vs_g110.jsonl,standard-random-8x8,standard,random-start,8x8,tf:110,tf:116,false,p1,accepted,,831710,831712495145,15
tf_phase7_policy_standard_2026-08-20,standard_8x8_g116_vs_g110.jsonl,standard-random-8x8,standard,random-start,8x8,tf:116,tf:110,true,p1,accepted,,831710,831712495146,16
tf_phase7_policy_standard_2026-08-20,standard_8x8_g116_vs_g110.jsonl,standard-random-8x8,standard,random-start,8x8,tf:110,tf:116,false,p2,accepted,,831710,831712495147,17
tf_phase7_policy_standard_2026-08-20,standard_8x8_g116_vs_g110.jsonl,standard-random-8x8,standard,random-start,8x8,tf:116,tf:110,true,p2,accepted,,831710,831712495148,18
tf_phase7_policy_standard_2026-08-20,standard_8x8_g116_vs_g110.jsonl,standard-random-8x8,standard,random-start,8x8,tf:110,tf:116,false,p2,accepted,,831710,831712495149,19
tf_phase7_policy_standard_2026-08-20,standard_8x8_g116_vs_g110.jsonl,standard-random-8x8,standard,random-start,8x8,tf:116,tf:110,true,draw,accepted,,831710,831712495150,20
tf_phase7_policy_standard_2026-08-20,standard_8x8_g116_vs_g110.jsonl,standard-random-8x8,standard,random-start,8x8,tf:110,tf:116,false,draw,accepted,,831710,831712495151,21
tf_phase7_policy_standard_2026-08-20,standard_8x8_g116_vs_g110.jsonl,standard-random-8x8,standard,random-start,8x8,tf:116,tf:110,true,p1,accepted,,831710,831712495152,22
tf_phase7_policy_standard_2026-08-20,standard_8x8_g116_vs_g110.jsonl,standard-random-8x8,standard,random-start,8x8,tf:110,tf:116,false,draw,accepted,,831710,831712495153,23
tf_phase7_policy_standard_2026-08-20,standard_8x8_g116_vs_g110.jsonl,standard-random-8x8,standard,random-start,8x8,tf:116,tf:110,true,p2,accepted,,831710,831712495154,24
tf_phase7_policy_standard_2026-08-20,standard_8x8_g116_vs_g110.jsonl,standard-random-8x8,standard,random-start,8x8,tf:110,tf:116,false,p1,accepted,,831710,831712495155,25
tf_phase7_policy_standard_2026-08-20,standard_8x8_g116_vs_g110.jsonl,standard-random-8x8,standard,random-start,8x8,tf:116,tf:110,true,p1,accepted,,831710,831712495156,26
tf_phase7_policy_standard_2026-08-20,standard_8x8_g116_vs_g110.jsonl,standard-random-8x8,standard,random-start,8x8,tf:110,tf:116,false,p1,accepted,,831710,831712495157,27
tf_phase7_policy_standard_2026-08-20,standard_8x8_g116_vs_g110.jsonl,standard-random-8x8,standard,random-start,8x8,tf:116,tf:110,true,draw,accepted,,831710,831712495158,28
tf_phase7_policy_standard_2026-08-20,standard_8x8_g116_vs_g110.jsonl,standard-random-8x8,standard,random-start,8x8,tf:110,tf:116,false,p1,accepted,,831710,831712495159,29
tf_phase7_policy_standard_2026-08-20,standard_8x8_g116_vs_g110.jsonl,standard-random-8x8,standard,random-start,8x8,tf:116,tf:110,true,p1,accepted,,831710,831712495160,30
tf_phase7_policy_standard_2026-08-20,standard_8x8_g116_vs_g110.jsonl,standard-random-8x8,standard,random-start,8x8,tf:110,tf:116,false,draw,accepted,,831710,831712495161,31
tf_phase7_policy_standard_2026-08-20,standard_8x8_g116_vs_g110.jsonl,standard-random-8x8,standard,random-start,8x8,tf:116,tf:110,true,p1,accepted,,831710,831712495162,32
tf_phase7_policy_standard_2026-08-20,standard_8x8_g116_vs_g110.jsonl,standard-random-8x8,standard,random-start,8x8,tf:110,tf:116,false,p1,accepted,,831710,831712495163,33
tf_phase7_policy_standard_2026-08-20,standard_8x8_g116_vs_g110.jsonl,standard-random-8x8,standard,random-start,8x8,tf:116,tf:110,true,p2,accepted,,831710,831712495164,34
tf_phase7_policy_standard_2026-08-20,standard_8x8_g116_vs_g110.jsonl,standard-random-8x8,standard,random-start,8x8,tf:110,tf:116,false,draw,accepted,,831710,831712495165,35
tf_phase7_policy_standard_2026-08-20,standard_8x8_g116_vs_g110.jsonl,standard-random-8x8,standard,random-start,8x8,tf:116,tf:110,true,p1,accepted,,831710,831712495166,36
tf_phase7_policy_standard_2026-08-20,standard_8x8_g116_vs_g110.jsonl,standard-random-8x8,standard,random-start,8x8,tf:110,tf:116,false,p2,accepted,,831710,831712495167,37
tf_phase7_policy_standard_2026-08-20,standard_8x8_g116_vs_g110.jsonl,standard-random-8x8,standard,random-start,8x8,tf:116,tf:110,true,p2,accepted,,831710,831712495168,38
tf_phase7_policy_standard_2026-08-20,standard_8x8_g116_vs_g110.jsonl,standard-random-8x8,standard,random-start,8x8,tf:110,tf:116,false,p1,accepted,,831710,831712495169,39
tf_phase7_policy_standard_2026-08-20,standard_8x8_g116_vs_g113.jsonl,standard-random-8x8,standard,random-start,8x8,tf:116,tf:113,true,p1,accepted,,831713,831715495139,0
tf_phase7_policy_standard_2026-08-20,standard_8x8_g116_vs_g113.jsonl,standard-random-8x8,standard,random-start,8x8,tf:113,tf:116,false,p1,accepted,,831713,831715495140,1
tf_phase7_policy_standard_2026-08-20,standard_8x8_g116_vs_g113.jsonl,standard-random-8x8,standard,random-start,8x8,tf:116,tf:113,true,p2,accepted,,831713,831715495141,2
tf_phase7_policy_standard_2026-08-20,standard_8x8_g116_vs_g113.jsonl,standard-random-8x8,standard,random-start,8x8,tf:113,tf:116,false,p1,accepted,,831713,831715495142,3
tf_phase7_policy_standard_2026-08-20,standard_8x8_g116_vs_g113.jsonl,standard-random-8x8,standard,random-start,8x8,tf:116,tf:113,true,p2,accepted,,831713,831715495143,4
tf_phase7_policy_standard_2026-08-20,standard_8x8_g116_vs_g113.jsonl,standard-random-8x8,standard,random-start,8x8,tf:113,tf:116,false,p1,accepted,,831713,831715495144,5
tf_phase7_policy_standard_2026-08-20,standard_8x8_g116_vs_g113.jsonl,standard-random-8x8,standard,random-start,8x8,tf:116,tf:113,true,p1,accepted,,831713,831715495145,6
tf_phase7_policy_standard_2026-08-20,standard_8x8_g116_vs_g113.jsonl,standard-random-8x8,standard,random-start,8x8,tf:113,tf:116,false,p2,accepted,,831713,831715495146,7
tf_phase7_policy_standard_2026-08-20,standard_8x8_g116_vs_g113.jsonl,standard-random-8x8,standard,random-start,8x8,tf:116,tf:113,true,draw,accepted,,831713,831715495147,8
tf_phase7_policy_standard_2026-08-20,standard_8x8_g116_vs_g113.jsonl,standard-random-8x8,standard,random-start,8x8,tf:113,tf:116,false,p1,accepted,,831713,831715495148,9
tf_phase7_policy_standard_2026-08-20,standard_8x8_g116_vs_g113.jsonl,standard-random-8x8,standard,random-start,8x8,tf:116,tf:113,true,p1,accepted,,831713,831715495149,10
tf_phase7_policy_standard_2026-08-20,standard_8x8_g116_vs_g113.jsonl,standard-random-8x8,standard,random-start,8x8,tf:113,tf:116,false,p2,accepted,,831713,831715495150,11
tf_phase7_policy_standard_2026-08-20,standard_8x8_g116_vs_g113.jsonl,standard-random-8x8,standard,random-start,8x8,tf:116,tf:113,true,p1,accepted,,831713,831715495151,12
tf_phase7_policy_standard_2026-08-20,standard_8x8_g116_vs_g113.jsonl,standard-random-8x8,standard,random-start,8x8,tf:113,tf:116,false,p1,accepted,,831713,831715495152,13
tf_phase7_policy_standard_2026-08-20,standard_8x8_g116_vs_g113.jsonl,standard-random-8x8,standard,random-start,8x8,tf:116,tf:113,true,p1,accepted,,831713,831715495153,14
tf_phase7_policy_standard_2026-08-20,standard_8x8_g116_vs_g113.jsonl,standard-random-8x8,standard,random-start,8x8,tf:113,tf:116,false,p1,accepted,,831713,831715495154,15
tf_phase7_policy_standard_2026-08-20,standard_8x8_g116_vs_g113.jsonl,standard-random-8x8,standard,random-start,8x8,tf:116,tf:113,true,p1,accepted,,831713,831715495155,16
tf_phase7_policy_standard_2026-08-20,standard_8x8_g116_vs_g113.jsonl,standard-random-8x8,standard,random-start,8x8,tf:113,tf:116,false,p2,accepted,,831713,831715495156,17
tf_phase7_policy_standard_2026-08-20,standard_8x8_g116_vs_g113.jsonl,standard-random-8x8,standard,random-start,8x8,tf:116,tf:113,true,p2,accepted,,831713,831715495157,18
tf_phase7_policy_standard_2026-08-20,standard_8x8_g116_vs_g113.jsonl,standard-random-8x8,standard,random-start,8x8,tf:113,tf:116,false,p1,accepted,,831713,831715495158,19
tf_phase7_policy_standard_2026-08-20,standard_8x8_g116_vs_g113.jsonl,standard-random-8x8,standard,random-start,8x8,tf:116,tf:113,true,p1,accepted,,831713,831715495159,20
tf_phase7_policy_standard_2026-08-20,standard_8x8_g116_vs_g113.jsonl,standard-random-8x8,standard,random-start,8x8,tf:113,tf:116,false,p1,accepted,,831713,831715495160,21
tf_phase7_policy_standard_2026-08-20,standard_8x8_g116_vs_g113.jsonl,standard-random-8x8,standard,random-start,8x8,tf:116,tf:113,true,p1,accepted,,831713,831715495161,22
tf_phase7_policy_standard_2026-08-20,standard_8x8_g116_vs_g113.jsonl,standard-random-8x8,standard,random-start,8x8,tf:113,tf:116,false,p2,accepted,,831713,831715495162,23
tf_phase7_policy_standard_2026-08-20,standard_8x8_g116_vs_g113.jsonl,standard-random-8x8,standard,random-start,8x8,tf:116,tf:113,true,p2,accepted,,831713,831715495163,24
tf_phase7_policy_standard_2026-08-20,standard_8x8_g116_vs_g113.jsonl,standard-random-8x8,standard,random-start,8x8,tf:113,tf:116,false,p2,accepted,,831713,831715495164,25
tf_phase7_policy_standard_2026-08-20,standard_8x8_g116_vs_g113.jsonl,standard-random-8x8,standard,random-start,8x8,tf:116,tf:113,true,p1,accepted,,831713,831715495165,26
tf_phase7_policy_standard_2026-08-20,standard_8x8_g116_vs_g113.jsonl,standard-random-8x8,standard,random-start,8x8,tf:113,tf:116,false,p1,accepted,,831713,831715495166,27
tf_phase7_policy_standard_2026-08-20,standard_8x8_g116_vs_g113.jsonl,standard-random-8x8,standard,random-start,8x8,tf:116,tf:113,true,p1,accepted,,831713,831715495167,28
tf_phase7_policy_standard_2026-08-20,standard_8x8_g116_vs_g113.jsonl,standard-random-8x8,standard,random-start,8x8,tf:113,tf:116,false,p1,accepted,,831713,831715495168,29
tf_phase7_policy_standard_2026-08-20,standard_8x8_g116_vs_g113.jsonl,standard-random-8x8,standard,random-start,8x8,tf:116,tf:113,true,p2,accepted,,831713,831715495169,30
tf_phase7_policy_standard_2026-08-20,standard_8x8_g116_vs_g113.jsonl,standard-random-8x8,standard,random-start,8x8,tf:113,tf:116,false,p2,accepted,,831713,831715495170,31
tf_phase7_policy_standard_2026-08-20,standard_8x8_g116_vs_g113.jsonl,standard-random-8x8,standard,random-start,8x8,tf:116,tf:113,true,p1,accepted,,831713,831715495171,32
tf_phase7_policy_standard_2026-08-20,standard_8x8_g116_vs_g113.jsonl,standard-random-8x8,standard,random-start,8x8,tf:113,tf:116,false,p2,accepted,,831713,831715495172,33
tf_phase7_policy_standard_2026-08-20,standard_8x8_g116_vs_g113.jsonl,standard-random-8x8,standard,random-start,8x8,tf:116,tf:113,true,p1,accepted,,831713,831715495173,34
tf_phase7_policy_standard_2026-08-20,standard_8x8_g116_vs_g113.jsonl,standard-random-8x8,standard,random-start,8x8,tf:113,tf:116,false,p1,accepted,,831713,831715495174,35
tf_phase7_policy_standard_2026-08-20,standard_8x8_g116_vs_g113.jsonl,standard-random-8x8,standard,random-start,8x8,tf:116,tf:113,true,p2,accepted,,831713,831715495175,36
tf_phase7_policy_standard_2026-08-20,standard_8x8_g116_vs_g113.jsonl,standard-random-8x8,standard,random-start,8x8,tf:113,tf:116,false,p2,accepted,,831713,831715495176,37
tf_phase7_policy_standard_2026-08-20,standard_8x8_g116_vs_g113.jsonl,standard-random-8x8,standard,random-start,8x8,tf:116,tf:113,true,draw,accepted,,831713,831715495177,38
tf_phase7_policy_standard_2026-08-20,standard_8x8_g116_vs_g113.jsonl,standard-random-8x8,standard,random-start,8x8,tf:113,tf:116,false,p2,accepted,,831713,831715495178,39
tf_phase7_policy_standard_2026-08-20,standard_8x8_g116_vs_g115.jsonl,standard-random-8x8,standard,random-start,8x8,tf:116,tf:115,true,p1,accepted,,831715,831717495145,0
tf_phase7_policy_standard_2026-08-20,standard_8x8_g116_vs_g115.jsonl,standard-random-8x8,standard,random-start,8x8,tf:115,tf:116,false,p2,accepted,,831715,831717495146,1
tf_phase7_policy_standard_2026-08-20,standard_8x8_g116_vs_g115.jsonl,standard-random-8x8,standard,random-start,8x8,tf:116,tf:115,true,p1,accepted,,831715,831717495147,2
tf_phase7_policy_standard_2026-08-20,standard_8x8_g116_vs_g115.jsonl,standard-random-8x8,standard,random-start,8x8,tf:115,tf:116,false,draw,accepted,,831715,831717495148,3
tf_phase7_policy_standard_2026-08-20,standard_8x8_g116_vs_g115.jsonl,standard-random-8x8,standard,random-start,8x8,tf:116,tf:115,true,p1,accepted,,831715,831717495149,4
tf_phase7_policy_standard_2026-08-20,standard_8x8_g116_vs_g115.jsonl,standard-random-8x8,standard,random-start,8x8,tf:115,tf:116,false,p1,accepted,,831715,831717495150,5
tf_phase7_policy_standard_2026-08-20,standard_8x8_g116_vs_g115.jsonl,standard-random-8x8,standard,random-start,8x8,tf:116,tf:115,true,draw,accepted,,831715,831717495151,6
tf_phase7_policy_standard_2026-08-20,standard_8x8_g116_vs_g115.jsonl,standard-random-8x8,standard,random-start,8x8,tf:115,tf:116,false,p1,accepted,,831715,831717495152,7
tf_phase7_policy_standard_2026-08-20,standard_8x8_g116_vs_g115.jsonl,standard-random-8x8,standard,random-start,8x8,tf:116,tf:115,true,p1,accepted,,831715,831717495153,8
tf_phase7_policy_standard_2026-08-20,standard_8x8_g116_vs_g115.jsonl,standard-random-8x8,standard,random-start,8x8,tf:115,tf:116,false,p2,accepted,,831715,831717495154,9
tf_phase7_policy_standard_2026-08-20,standard_8x8_g116_vs_g115.jsonl,standard-random-8x8,standard,random-start,8x8,tf:116,tf:115,true,draw,accepted,,831715,831717495155,10
tf_phase7_policy_standard_2026-08-20,standard_8x8_g116_vs_g115.jsonl,standard-random-8x8,standard,random-start,8x8,tf:115,tf:116,false,p2,accepted,,831715,831717495156,11
tf_phase7_policy_standard_2026-08-20,standard_8x8_g116_vs_g115.jsonl,standard-random-8x8,standard,random-start,8x8,tf:116,tf:115,true,p2,accepted,,831715,831717495157,12
tf_phase7_policy_standard_2026-08-20,standard_8x8_g116_vs_g115.jsonl,standard-random-8x8,standard,random-start,8x8,tf:115,tf:116,false,p1,accepted,,831715,831717495158,13
tf_phase7_policy_standard_2026-08-20,standard_8x8_g116_vs_g115.jsonl,standard-random-8x8,standard,random-start,8x8,tf:116,tf:115,true,p1,accepted,,831715,831717495159,14
tf_phase7_policy_standard_2026-08-20,standard_8x8_g116_vs_g115.jsonl,standard-random-8x8,standard,random-start,8x8,tf:115,tf:116,false,p2,accepted,,831715,831717495160,15
tf_phase7_policy_standard_2026-08-20,standard_8x8_g116_vs_g115.jsonl,standard-random-8x8,standard,random-start,8x8,tf:116,tf:115,true,p2,accepted,,831715,831717495161,16
tf_phase7_policy_standard_2026-08-20,standard_8x8_g116_vs_g115.jsonl,standard-random-8x8,standard,random-start,8x8,tf:115,tf:116,false,draw,accepted,,831715,831717495162,17
tf_phase7_policy_standard_2026-08-20,standard_8x8_g116_vs_g115.jsonl,standard-random-8x8,standard,random-start,8x8,tf:116,tf:115,true,p1,accepted,,831715,831717495163,18
tf_phase7_policy_standard_2026-08-20,standard_8x8_g116_vs_g115.jsonl,standard-random-8x8,standard,random-start,8x8,tf:115,tf:116,false,p1,accepted,,831715,831717495164,19
tf_phase7_policy_standard_2026-08-20,standard_8x8_g116_vs_g115.jsonl,standard-random-8x8,standard,random-start,8x8,tf:116,tf:115,true,p1,accepted,,831715,831717495165,20
tf_phase7_policy_standard_2026-08-20,standard_8x8_g116_vs_g115.jsonl,standard-random-8x8,standard,random-start,8x8,tf:115,tf:116,false,p2,accepted,,831715,831717495166,21
tf_phase7_policy_standard_2026-08-20,standard_8x8_g116_vs_g115.jsonl,standard-random-8x8,standard,random-start,8x8,tf:116,tf:115,true,p2,accepted,,831715,831717495167,22
tf_phase7_policy_standard_2026-08-20,standard_8x8_g116_vs_g115.jsonl,standard-random-8x8,standard,random-start,8x8,tf:115,tf:116,false,p2,accepted,,831715,831717495168,23
tf_phase7_policy_standard_2026-08-20,standard_8x8_g116_vs_g115.jsonl,standard-random-8x8,standard,random-start,8x8,tf:116,tf:115,true,p1,accepted,,831715,831717495169,24
tf_phase7_policy_standard_2026-08-20,standard_8x8_g116_vs_g115.jsonl,standard-random-8x8,standard,random-start,8x8,tf:115,tf:116,false,p2,accepted,,831715,831717495170,25
tf_phase7_policy_standard_2026-08-20,standard_8x8_g116_vs_g115.jsonl,standard-random-8x8,standard,random-start,8x8,tf:116,tf:115,true,draw,accepted,,831715,831717495171,26
tf_phase7_policy_standard_2026-08-20,standard_8x8_g116_vs_g115.jsonl,standard-random-8x8,standard,random-start,8x8,tf:115,tf:116,false,p1,accepted,,831715,831717495172,27
tf_phase7_policy_standard_2026-08-20,standard_8x8_g116_vs_g115.jsonl,standard-random-8x8,standard,random-start,8x8,tf:116,tf:115,true,p2,accepted,,831715,831717495173,28
tf_phase7_policy_standard_2026-08-20,standard_8x8_g116_vs_g115.jsonl,standard-random-8x8,standard,random-start,8x8,tf:115,tf:116,false,p1,accepted,,831715,831717495174,29
tf_phase7_policy_standard_2026-08-20,standard_8x8_g116_vs_g115.jsonl,standard-random-8x8,standard,random-start,8x8,tf:116,tf:115,true,p1,accepted,,831715,831717495175,30
tf_phase7_policy_standard_2026-08-20,standard_8x8_g116_vs_g115.jsonl,standard-random-8x8,standard,random-start,8x8,tf:115,tf:116,false,p1,accepted,,831715,831717495176,31
tf_phase7_policy_standard_2026-08-20,standard_8x8_g116_vs_g115.jsonl,standard-random-8x8,standard,random-start,8x8,tf:116,tf:115,true,p2,accepted,,831715,831717495177,32
tf_phase7_policy_standard_2026-08-20,standard_8x8_g116_vs_g115.jsonl,standard-random-8x8,standard,random-start,8x8,tf:115,tf:116,false,p2,accepted,,831715,831717495178,33
tf_phase7_policy_standard_2026-08-20,standard_8x8_g116_vs_g115.jsonl,standard-random-8x8,standard,random-start,8x8,tf:116,tf:115,true,draw,accepted,,831715,831717495179,34
tf_phase7_policy_standard_2026-08-20,standard_8x8_g116_vs_g115.jsonl,standard-random-8x8,standard,random-start,8x8,tf:115,tf:116,false,draw,accepted,,831715,831717495180,35
tf_phase7_policy_standard_2026-08-20,standard_8x8_g116_vs_g115.jsonl,standard-random-8x8,standard,random-start,8x8,tf:116,tf:115,true,p1,accepted,,831715,831717495181,36
tf_phase7_policy_standard_2026-08-20,standard_8x8_g116_vs_g115.jsonl,standard-random-8x8,standard,random-start,8x8,tf:115,tf:116,false,p1,accepted,,831715,831717495182,37
tf_phase7_policy_standard_2026-08-20,standard_8x8_g116_vs_g115.jsonl,standard-random-8x8,standard,random-start,8x8,tf:116,tf:115,true,p1,accepted,,831715,831717495183,38
tf_phase7_policy_standard_2026-08-20,standard_8x8_g116_vs_g115.jsonl,standard-random-8x8,standard,random-start,8x8,tf:115,tf:116,false,p1,accepted,,831715,831717495184,39
tf_phase7_policy_standard_2026-08-20,standard_8x8_g94_vs_g93.jsonl,standard-random-8x8,standard,random-start,8x8,tf:94,tf:93,true,p1,accepted,,829493,829495488479,0
tf_phase7_policy_standard_2026-08-20,standard_8x8_g94_vs_g93.jsonl,standard-random-8x8,standard,random-start,8x8,tf:93,tf:94,false,p2,accepted,,829493,829495488480,1
tf_phase7_policy_standard_2026-08-20,standard_8x8_g94_vs_g93.jsonl,standard-random-8x8,standard,random-start,8x8,tf:94,tf:93,true,draw,accepted,,829493,829495488481,2
tf_phase7_policy_standard_2026-08-20,standard_8x8_g94_vs_g93.jsonl,standard-random-8x8,standard,random-start,8x8,tf:93,tf:94,false,draw,accepted,,829493,829495488482,3
tf_phase7_policy_standard_2026-08-20,standard_8x8_g94_vs_g93.jsonl,standard-random-8x8,standard,random-start,8x8,tf:94,tf:93,true,p2,accepted,,829493,829495488483,4
tf_phase7_policy_standard_2026-08-20,standard_8x8_g94_vs_g93.jsonl,standard-random-8x8,standard,random-start,8x8,tf:93,tf:94,false,p2,accepted,,829493,829495488484,5
tf_phase7_policy_standard_2026-08-20,standard_8x8_g94_vs_g93.jsonl,standard-random-8x8,standard,random-start,8x8,tf:94,tf:93,true,draw,accepted,,829493,829495488485,6
tf_phase7_policy_standard_2026-08-20,standard_8x8_g94_vs_g93.jsonl,standard-random-8x8,standard,random-start,8x8,tf:93,tf:94,false,p1,accepted,,829493,829495488486,7
tf_phase7_policy_standard_2026-08-20,standard_8x8_g94_vs_g93.jsonl,standard-random-8x8,standard,random-start,8x8,tf:94,tf:93,true,draw,accepted,,829493,829495488487,8
tf_phase7_policy_standard_2026-08-20,standard_8x8_g94_vs_g93.jsonl,standard-random-8x8,standard,random-start,8x8,tf:93,tf:94,false,p1,accepted,,829493,829495488488,9
tf_phase7_policy_standard_2026-08-20,standard_8x8_g94_vs_g93.jsonl,standard-random-8x8,standard,random-start,8x8,tf:94,tf:93,true,p2,accepted,,829493,829495488489,10
tf_phase7_policy_standard_2026-08-20,standard_8x8_g94_vs_g93.jsonl,standard-random-8x8,standard,random-start,8x8,tf:93,tf:94,false,p2,accepted,,829493,829495488490,11
tf_phase7_policy_standard_2026-08-20,standard_8x8_g94_vs_g93.jsonl,standard-random-8x8,standard,random-start,8x8,tf:94,tf:93,true,p1,accepted,,829493,829495488491,12
tf_phase7_policy_standard_2026-08-20,standard_8x8_g94_vs_g93.jsonl,standard-random-8x8,standard,random-start,8x8,tf:93,tf:94,false,p1,accepted,,829493,829495488492,13
tf_phase7_policy_standard_2026-08-20,standard_8x8_g94_vs_g93.jsonl,standard-random-8x8,standard,random-start,8x8,tf:94,tf:93,true,p2,accepted,,829493,829495488493,14
tf_phase7_policy_standard_2026-08-20,standard_8x8_g94_vs_g93.jsonl,standard-random-8x8,standard,random-start,8x8,tf:93,tf:94,false,p2,accepted,,829493,829495488494,15
tf_phase7_policy_standard_2026-08-20,standard_8x8_g94_vs_g93.jsonl,standard-random-8x8,standard,random-start,8x8,tf:94,tf:93,true,p2,accepted,,829493,829495488495,16
tf_phase7_policy_standard_2026-08-20,standard_8x8_g94_vs_g93.jsonl,standard-random-8x8,standard,random-start,8x8,tf:93,tf:94,false,p1,accepted,,829493,829495488496,17
tf_phase7_policy_standard_2026-08-20,standard_8x8_g94_vs_g93.jsonl,standard-random-8x8,standard,random-start,8x8,tf:94,tf:93,true,p2,accepted,,829493,829495488497,18
tf_phase7_policy_standard_2026-08-20,standard_8x8_g94_vs_g93.jsonl,standard-random-8x8,standard,random-start,8x8,tf:93,tf:94,false,draw,accepted,,829493,829495488498,19
tf_phase7_policy_standard_2026-08-20,standard_8x8_g94_vs_g93.jsonl,standard-random-8x8,standard,random-start,8x8,tf:94,tf:93,true,draw,accepted,,829493,829495488499,20
tf_phase7_policy_standard_2026-08-20,standard_8x8_g94_vs_g93.jsonl,standard-random-8x8,standard,random-start,8x8,tf:93,tf:94,false,p1,accepted,,829493,829495488500,21
tf_phase7_policy_standard_2026-08-20,standard_8x8_g94_vs_g93.jsonl,standard-random-8x8,standard,random-start,8x8,tf:94,tf:93,true,p1,accepted,,829493,829495488501,22
tf_phase7_policy_standard_2026-08-20,standard_8x8_g94_vs_g93.jsonl,standard-random-8x8,standard,random-start,8x8,tf:93,tf:94,false,p2,accepted,,829493,829495488502,23
tf_phase7_policy_standard_2026-08-20,standard_8x8_g94_vs_g93.jsonl,standard-random-8x8,standard,random-start,8x8,tf:94,tf:93,true,p2,accepted,,829493,829495488503,24
tf_phase7_policy_standard_2026-08-20,standard_8x8_g94_vs_g93.jsonl,standard-random-8x8,standard,random-start,8x8,tf:93,tf:94,false,p1,accepted,,829493,829495488504,25
tf_phase7_policy_standard_2026-08-20,standard_8x8_g94_vs_g93.jsonl,standard-random-8x8,standard,random-start,8x8,tf:94,tf:93,true,draw,accepted,,829493,829495488505,26
tf_phase7_policy_standard_2026-08-20,standard_8x8_g94_vs_g93.jsonl,standard-random-8x8,standard,random-start,8x8,tf:93,tf:94,false,p2,accepted,,829493,829495488506,27
tf_phase7_policy_standard_2026-08-20,standard_8x8_g94_vs_g93.jsonl,standard-random-8x8,standard,random-start,8x8,tf:94,tf:93,true,p2,accepted,,829493,829495488507,28
tf_phase7_policy_standard_2026-08-20,standard_8x8_g94_vs_g93.jsonl,standard-random-8x8,standard,random-start,8x8,tf:93,tf:94,false,p1,accepted,,829493,829495488508,29
tf_phase7_policy_standard_2026-08-20,standard_8x8_g94_vs_g93.jsonl,standard-random-8x8,standard,random-start,8x8,tf:94,tf:93,true,p2,accepted,,829493,829495488509,30
tf_phase7_policy_standard_2026-08-20,standard_8x8_g94_vs_g93.jsonl,standard-random-8x8,standard,random-start,8x8,tf:93,tf:94,false,draw,accepted,,829493,829495488510,31
tf_phase7_policy_standard_2026-08-20,standard_8x8_g94_vs_g93.jsonl,standard-random-8x8,standard,random-start,8x8,tf:94,tf:93,true,p1,accepted,,829493,829495488511,32
tf_phase7_policy_standard_2026-08-20,standard_8x8_g94_vs_g93.jsonl,standard-random-8x8,standard,random-start,8x8,tf:93,tf:94,false,p2,accepted,,829493,829495488512,33
tf_phase7_policy_standard_2026-08-20,standard_8x8_g94_vs_g93.jsonl,standard-random-8x8,standard,random-start,8x8,tf:94,tf:93,true,draw,accepted,,829493,829495488513,34
tf_phase7_policy_standard_2026-08-20,standard_8x8_g94_vs_g93.jsonl,standard-random-8x8,standard,random-start,8x8,tf:93,tf:94,false,p2,accepted,,829493,829495488514,35
tf_phase7_policy_standard_2026-08-20,standard_8x8_g94_vs_g93.jsonl,standard-random-8x8,standard,random-start,8x8,tf:94,tf:93,true,p2,accepted,,829493,829495488515,36
tf_phase7_policy_standard_2026-08-20,standard_8x8_g94_vs_g93.jsonl,standard-random-8x8,standard,random-start,8x8,tf:93,tf:94,false,p2,accepted,,829493,829495488516,37
tf_phase7_policy_standard_2026-08-20,standard_8x8_g94_vs_g93.jsonl,standard-random-8x8,standard,random-start,8x8,tf:94,tf:93,true,p2,accepted,,829493,829495488517,38
tf_phase7_policy_standard_2026-08-20,standard_8x8_g94_vs_g93.jsonl,standard-random-8x8,standard,random-start,8x8,tf:93,tf:94,false,draw,accepted,,829493,829495488518,39
tf_phase7_policy_standard_2026-08-20,standard_8x8_g95_vs_g93.jsonl,standard-random-8x8,standard,random-start,8x8,tf:95,tf:93,true,p1,accepted,,829593,829595488779,0
tf_phase7_policy_standard_2026-08-20,standard_8x8_g95_vs_g93.jsonl,standard-random-8x8,standard,random-start,8x8,tf:93,tf:95,false,p2,accepted,,829593,829595488780,1
tf_phase7_policy_standard_2026-08-20,standard_8x8_g95_vs_g93.jsonl,standard-random-8x8,standard,random-start,8x8,tf:95,tf:93,true,p2,accepted,,829593,829595488781,2
tf_phase7_policy_standard_2026-08-20,standard_8x8_g95_vs_g93.jsonl,standard-random-8x8,standard,random-start,8x8,tf:93,tf:95,false,p1,accepted,,829593,829595488782,3
tf_phase7_policy_standard_2026-08-20,standard_8x8_g95_vs_g93.jsonl,standard-random-8x8,standard,random-start,8x8,tf:95,tf:93,true,p2,accepted,,829593,829595488783,4
tf_phase7_policy_standard_2026-08-20,standard_8x8_g95_vs_g93.jsonl,standard-random-8x8,standard,random-start,8x8,tf:93,tf:95,false,draw,accepted,,829593,829595488784,5
tf_phase7_policy_standard_2026-08-20,standard_8x8_g95_vs_g93.jsonl,standard-random-8x8,standard,random-start,8x8,tf:95,tf:93,true,p2,accepted,,829593,829595488785,6
tf_phase7_policy_standard_2026-08-20,standard_8x8_g95_vs_g93.jsonl,standard-random-8x8,standard,random-start,8x8,tf:93,tf:95,false,p2,accepted,,829593,829595488786,7
tf_phase7_policy_standard_2026-08-20,standard_8x8_g95_vs_g93.jsonl,standard-random-8x8,standard,random-start,8x8,tf:95,tf:93,true,p1,accepted,,829593,829595488787,8
tf_phase7_policy_standard_2026-08-20,standard_8x8_g95_vs_g93.jsonl,standard-random-8x8,standard,random-start,8x8,tf:93,tf:95,false,p2,accepted,,829593,829595488788,9
tf_phase7_policy_standard_2026-08-20,standard_8x8_g95_vs_g93.jsonl,standard-random-8x8,standard,random-start,8x8,tf:95,tf:93,true,p1,accepted,,829593,829595488789,10
tf_phase7_policy_standard_2026-08-20,standard_8x8_g95_vs_g93.jsonl,standard-random-8x8,standard,random-start,8x8,tf:93,tf:95,false,p1,accepted,,829593,829595488790,11
tf_phase7_policy_standard_2026-08-20,standard_8x8_g95_vs_g93.jsonl,standard-random-8x8,standard,random-start,8x8,tf:95,tf:93,true,p1,accepted,,829593,829595488791,12
tf_phase7_policy_standard_2026-08-20,standard_8x8_g95_vs_g93.jsonl,standard-random-8x8,standard,random-start,8x8,tf:93,tf:95,false,p2,accepted,,829593,829595488792,13
tf_phase7_policy_standard_2026-08-20,standard_8x8_g95_vs_g93.jsonl,standard-random-8x8,standard,random-start,8x8,tf:95,tf:93,true,p2,accepted,,829593,829595488793,14
tf_phase7_policy_standard_2026-08-20,standard_8x8_g95_vs_g93.jsonl,standard-random-8x8,standard,random-start,8x8,tf:93,tf:95,false,p1,accepted,,829593,829595488794,15
tf_phase7_policy_standard_2026-08-20,standard_8x8_g95_vs_g93.jsonl,standard-random-8x8,standard,random-start,8x8,tf:95,tf:93,true,p1,accepted,,829593,829595488795,16
tf_phase7_policy_standard_2026-08-20,standard_8x8_g95_vs_g93.jsonl,standard-random-8x8,standard,random-start,8x8,tf:93,tf:95,false,p2,accepted,,829593,829595488796,17
tf_phase7_policy_standard_2026-08-20,standard_8x8_g95_vs_g93.jsonl,standard-random-8x8,standard,random-start,8x8,tf:95,tf:93,true,p1,accepted,,829593,829595488797,18
tf_phase7_policy_standard_2026-08-20,standard_8x8_g95_vs_g93.jsonl,standard-random-8x8,standard,random-start,8x8,tf:93,tf:95,false,p1,accepted,,829593,829595488798,19
tf_phase7_policy_standard_2026-08-20,standard_8x8_g95_vs_g93.jsonl,standard-random-8x8,standard,random-start,8x8,tf:95,tf:93,true,p1,accepted,,829593,829595488799,20
tf_phase7_policy_standard_2026-08-20,standard_8x8_g95_vs_g93.jsonl,standard-random-8x8,standard,random-start,8x8,tf:93,tf:95,false,p1,accepted,,829593,829595488800,21
tf_phase7_policy_standard_2026-08-20,standard_8x8_g95_vs_g93.jsonl,standard-random-8x8,standard,random-start,8x8,tf:95,tf:93,true,p2,accepted,,829593,829595488801,22
tf_phase7_policy_standard_2026-08-20,standard_8x8_g95_vs_g93.jsonl,standard-random-8x8,standard,random-start,8x8,tf:93,tf:95,false,p2,accepted,,829593,829595488802,23
tf_phase7_policy_standard_2026-08-20,standard_8x8_g95_vs_g93.jsonl,standard-random-8x8,standard,random-start,8x8,tf:95,tf:93,true,p1,accepted,,829593,829595488803,24
tf_phase7_policy_standard_2026-08-20,standard_8x8_g95_vs_g93.jsonl,standard-random-8x8,standard,random-start,8x8,tf:93,tf:95,false,p1,accepted,,829593,829595488804,25
tf_phase7_policy_standard_2026-08-20,standard_8x8_g95_vs_g93.jsonl,standard-random-8x8,standard,random-start,8x8,tf:95,tf:93,true,p1,accepted,,829593,829595488805,26
tf_phase7_policy_standard_2026-08-20,standard_8x8_g95_vs_g93.jsonl,standard-random-8x8,standard,random-start,8x8,tf:93,tf:95,false,draw,accepted,,829593,829595488806,27
tf_phase7_policy_standard_2026-08-20,standard_8x8_g95_vs_g93.jsonl,standard-random-8x8,standard,random-start,8x8,tf:95,tf:93,true,p1,accepted,,829593,829595488807,28
tf_phase7_policy_standard_2026-08-20,standard_8x8_g95_vs_g93.jsonl,standard-random-8x8,standard,random-start,8x8,tf:93,tf:95,false,p1,accepted,,829593,829595488808,29
tf_phase7_policy_standard_2026-08-20,standard_8x8_g95_vs_g93.jsonl,standard-random-8x8,standard,random-start,8x8,tf:95,tf:93,true,p1,accepted,,829593,829595488809,30
tf_phase7_policy_standard_2026-08-20,standard_8x8_g95_vs_g93.jsonl,standard-random-8x8,standard,random-start,8x8,tf:93,tf:95,false,draw,accepted,,829593,829595488810,31
tf_phase7_policy_standard_2026-08-20,standard_8x8_g95_vs_g93.jsonl,standard-random-8x8,standard,random-start,8x8,tf:95,tf:93,true,draw,accepted,,829593,829595488811,32
tf_phase7_policy_standard_2026-08-20,standard_8x8_g95_vs_g93.jsonl,standard-random-8x8,standard,random-start,8x8,tf:93,tf:95,false,p1,accepted,,829593,829595488812,33
tf_phase7_policy_standard_2026-08-20,standard_8x8_g95_vs_g93.jsonl,standard-random-8x8,standard,random-start,8x8,tf:95,tf:93,true,p2,accepted,,829593,829595488813,34
tf_phase7_policy_standard_2026-08-20,standard_8x8_g95_vs_g93.jsonl,standard-random-8x8,standard,random-start,8x8,tf:93,tf:95,false,draw,accepted,,829593,829595488814,35
tf_phase7_policy_standard_2026-08-20,standard_8x8_g95_vs_g93.jsonl,standard-random-8x8,standard,random-start,8x8,tf:95,tf:93,true,p2,accepted,,829593,829595488815,36
tf_phase7_policy_standard_2026-08-20,standard_8x8_g95_vs_g93.jsonl,standard-random-8x8,standard,random-start,8x8,tf:93,tf:95,false,p2,accepted,,829593,829595488816,37
tf_phase7_policy_standard_2026-08-20,standard_8x8_g95_vs_g93.jsonl,standard-random-8x8,standard,random-start,8x8,tf:95,tf:93,true,draw,accepted,,829593,829595488817,38
tf_phase7_policy_standard_2026-08-20,standard_8x8_g95_vs_g93.jsonl,standard-random-8x8,standard,random-start,8x8,tf:93,tf:95,false,p1,accepted,,829593,829595488818,39
tf_phase7_policy_standard_2026-08-20,standard_8x8_g95_vs_g94.jsonl,standard-random-8x8,standard,random-start,8x8,tf:95,tf:94,true,p2,accepted,,829594,829596488782,0
tf_phase7_policy_standard_2026-08-20,standard_8x8_g95_vs_g94.jsonl,standard-random-8x8,standard,random-start,8x8,tf:94,tf:95,false,p2,accepted,,829594,829596488783,1
tf_phase7_policy_standard_2026-08-20,standard_8x8_g95_vs_g94.jsonl,standard-random-8x8,standard,random-start,8x8,tf:95,tf:94,true,p2,accepted,,829594,829596488784,2
tf_phase7_policy_standard_2026-08-20,standard_8x8_g95_vs_g94.jsonl,standard-random-8x8,standard,random-start,8x8,tf:94,tf:95,false,p2,accepted,,829594,829596488785,3
tf_phase7_policy_standard_2026-08-20,standard_8x8_g95_vs_g94.jsonl,standard-random-8x8,standard,random-start,8x8,tf:95,tf:94,true,p1,accepted,,829594,829596488786,4
tf_phase7_policy_standard_2026-08-20,standard_8x8_g95_vs_g94.jsonl,standard-random-8x8,standard,random-start,8x8,tf:94,tf:95,false,p1,accepted,,829594,829596488787,5
tf_phase7_policy_standard_2026-08-20,standard_8x8_g95_vs_g94.jsonl,standard-random-8x8,standard,random-start,8x8,tf:95,tf:94,true,draw,accepted,,829594,829596488788,6
tf_phase7_policy_standard_2026-08-20,standard_8x8_g95_vs_g94.jsonl,standard-random-8x8,standard,random-start,8x8,tf:94,tf:95,false,draw,accepted,,829594,829596488789,7
tf_phase7_policy_standard_2026-08-20,standard_8x8_g95_vs_g94.jsonl,standard-random-8x8,standard,random-start,8x8,tf:95,tf:94,true,p1,accepted,,829594,829596488790,8
tf_phase7_policy_standard_2026-08-20,standard_8x8_g95_vs_g94.jsonl,standard-random-8x8,standard,random-start,8x8,tf:94,tf:95,false,p1,accepted,,829594,829596488791,9
tf_phase7_policy_standard_2026-08-20,standard_8x8_g95_vs_g94.jsonl,standard-random-8x8,standard,random-start,8x8,tf:95,tf:94,true,p2,accepted,,829594,829596488792,10
tf_phase7_policy_standard_2026-08-20,standard_8x8_g95_vs_g94.jsonl,standard-random-8x8,standard,random-start,8x8,tf:94,tf:95,false,p1,accepted,,829594,829596488793,11
tf_phase7_policy_standard_2026-08-20,standard_8x8_g95_vs_g94.jsonl,standard-random-8x8,standard,random-start,8x8,tf:95,tf:94,true,draw,accepted,,829594,829596488794,12
tf_phase7_policy_standard_2026-08-20,standard_8x8_g95_vs_g94.jsonl,standard-random-8x8,standard,random-start,8x8,tf:94,tf:95,false,p1,accepted,,829594,829596488795,13
tf_phase7_policy_standard_2026-08-20,standard_8x8_g95_vs_g94.jsonl,standard-random-8x8,standard,random-start,8x8,tf:95,tf:94,true,p1,accepted,,829594,829596488796,14
tf_phase7_policy_standard_2026-08-20,standard_8x8_g95_vs_g94.jsonl,standard-random-8x8,standard,random-start,8x8,tf:94,tf:95,false,p2,accepted,,829594,829596488797,15
tf_phase7_policy_standard_2026-08-20,standard_8x8_g95_vs_g94.jsonl,standard-random-8x8,standard,random-start,8x8,tf:95,tf:94,true,draw,accepted,,829594,829596488798,16
tf_phase7_policy_standard_2026-08-20,standard_8x8_g95_vs_g94.jsonl,standard-random-8x8,standard,random-start,8x8,tf:94,tf:95,false,p2,accepted,,829594,829596488799,17
tf_phase7_policy_standard_2026-08-20,standard_8x8_g95_vs_g94.jsonl,standard-random-8x8,standard,random-start,8x8,tf:95,tf:94,true,p2,accepted,,829594,829596488800,18
tf_phase7_policy_standard_2026-08-20,standard_8x8_g95_vs_g94.jsonl,standard-random-8x8,standard,random-start,8x8,tf:94,tf:95,false,draw,accepted,,829594,829596488801,19
tf_phase7_policy_standard_2026-08-20,standard_8x8_g95_vs_g94.jsonl,standard-random-8x8,standard,random-start,8x8,tf:95,tf:94,true,p1,accepted,,829594,829596488802,20
tf_phase7_policy_standard_2026-08-20,standard_8x8_g95_vs_g94.jsonl,standard-random-8x8,standard,random-start,8x8,tf:94,tf:95,false,p1,accepted,,829594,829596488803,21
tf_phase7_policy_standard_2026-08-20,standard_8x8_g95_vs_g94.jsonl,standard-random-8x8,standard,random-start,8x8,tf:95,tf:94,true,p2,accepted,,829594,829596488804,22
tf_phase7_policy_standard_2026-08-20,standard_8x8_g95_vs_g94.jsonl,standard-random-8x8,standard,random-start,8x8,tf:94,tf:95,false,p2,accepted,,829594,829596488805,23
tf_phase7_policy_standard_2026-08-20,standard_8x8_g95_vs_g94.jsonl,standard-random-8x8,standard,random-start,8x8,tf:95,tf:94,true,p2,accepted,,829594,829596488806,24
tf_phase7_policy_standard_2026-08-20,standard_8x8_g95_vs_g94.jsonl,standard-random-8x8,standard,random-start,8x8,tf:94,tf:95,false,p1,accepted,,829594,829596488807,25
tf_phase7_policy_standard_2026-08-20,standard_8x8_g95_vs_g94.jsonl,standard-random-8x8,standard,random-start,8x8,tf:95,tf:94,true,draw,accepted,,829594,829596488808,26
tf_phase7_policy_standard_2026-08-20,standard_8x8_g95_vs_g94.jsonl,standard-random-8x8,standard,random-start,8x8,tf:94,tf:95,false,p1,accepted,,829594,829596488809,27
tf_phase7_policy_standard_2026-08-20,standard_8x8_g95_vs_g94.jsonl,standard-random-8x8,standard,random-start,8x8,tf:95,tf:94,true,p1,accepted,,829594,829596488810,28
tf_phase7_policy_standard_2026-08-20,standard_8x8_g95_vs_g94.jsonl,standard-random-8x8,standard,random-start,8x8,tf:94,tf:95,false,p1,accepted,,829594,829596488811,29
tf_phase7_policy_standard_2026-08-20,standard_8x8_g95_vs_g94.jsonl,standard-random-8x8,standard,random-start,8x8,tf:95,tf:94,true,p1,accepted,,829594,829596488812,30
tf_phase7_policy_standard_2026-08-20,standard_8x8_g95_vs_g94.jsonl,standard-random-8x8,standard,random-start,8x8,tf:94,tf:95,false,p2,accepted,,829594,829596488813,31
tf_phase7_policy_standard_2026-08-20,standard_8x8_g95_vs_g94.jsonl,standard-random-8x8,standard,random-start,8x8,tf:95,tf:94,true,p2,accepted,,829594,829596488814,32
tf_phase7_policy_standard_2026-08-20,standard_8x8_g95_vs_g94.jsonl,standard-random-8x8,standard,random-start,8x8,tf:94,tf:95,false,draw,accepted,,829594,829596488815,33
tf_phase7_policy_standard_2026-08-20,standard_8x8_g95_vs_g94.jsonl,standard-random-8x8,standard,random-start,8x8,tf:95,tf:94,true,draw,accepted,,829594,829596488816,34
tf_phase7_policy_standard_2026-08-20,standard_8x8_g95_vs_g94.jsonl,standard-random-8x8,standard,random-start,8x8,tf:94,tf:95,false,p1,accepted,,829594,829596488817,35
tf_phase7_policy_standard_2026-08-20,standard_8x8_g95_vs_g94.jsonl,standard-random-8x8,standard,random-start,8x8,tf:95,tf:94,true,p2,accepted,,829594,829596488818,36
tf_phase7_policy_standard_2026-08-20,standard_8x8_g95_vs_g94.jsonl,standard-random-8x8,standard,random-start,8x8,tf:94,tf:95,false,p2,accepted,,829594,829596488819,37
tf_phase7_policy_standard_2026-08-20,standard_8x8_g95_vs_g94.jsonl,standard-random-8x8,standard,random-start,8x8,tf:95,tf:94,true,p1,accepted,,829594,829596488820,38
tf_phase7_policy_standard_2026-08-20,standard_8x8_g95_vs_g94.jsonl,standard-random-8x8,standard,random-start,8x8,tf:94,tf:95,false,draw,accepted,,829594,829596488821,39
tf_phase7_policy_standard_2026-08-20,standard_8x8_g96_vs_g93.jsonl,standard-random-8x8,standard,random-start,8x8,tf:96,tf:93,true,draw,accepted,,829693,829695489079,0
tf_phase7_policy_standard_2026-08-20,standard_8x8_g96_vs_g93.jsonl,standard-random-8x8,standard,random-start,8x8,tf:93,tf:96,false,draw,accepted,,829693,829695489080,1
tf_phase7_policy_standard_2026-08-20,standard_8x8_g96_vs_g93.jsonl,standard-random-8x8,standard,random-start,8x8,tf:96,tf:93,true,p1,accepted,,829693,829695489081,2
tf_phase7_policy_standard_2026-08-20,standard_8x8_g96_vs_g93.jsonl,standard-random-8x8,standard,random-start,8x8,tf:93,tf:96,false,p2,accepted,,829693,829695489082,3
tf_phase7_policy_standard_2026-08-20,standard_8x8_g96_vs_g93.jsonl,standard-random-8x8,standard,random-start,8x8,tf:96,tf:93,true,p2,accepted,,829693,829695489083,4
tf_phase7_policy_standard_2026-08-20,standard_8x8_g96_vs_g93.jsonl,standard-random-8x8,standard,random-start,8x8,tf:93,tf:96,false,p1,accepted,,829693,829695489084,5
tf_phase7_policy_standard_2026-08-20,standard_8x8_g96_vs_g93.jsonl,standard-random-8x8,standard,random-start,8x8,tf:96,tf:93,true,p1,accepted,,829693,829695489085,6
tf_phase7_policy_standard_2026-08-20,standard_8x8_g96_vs_g93.jsonl,standard-random-8x8,standard,random-start,8x8,tf:93,tf:96,false,p1,accepted,,829693,829695489086,7
tf_phase7_policy_standard_2026-08-20,standard_8x8_g96_vs_g93.jsonl,standard-random-8x8,standard,random-start,8x8,tf:96,tf:93,true,p1,accepted,,829693,829695489087,8
tf_phase7_policy_standard_2026-08-20,standard_8x8_g96_vs_g93.jsonl,standard-random-8x8,standard,random-start,8x8,tf:93,tf:96,false,p1,accepted,,829693,829695489088,9
tf_phase7_policy_standard_2026-08-20,standard_8x8_g96_vs_g93.jsonl,standard-random-8x8,standard,random-start,8x8,tf:96,tf:93,true,p2,accepted,,829693,829695489089,10
tf_phase7_policy_standard_2026-08-20,standard_8x8_g96_vs_g93.jsonl,standard-random-8x8,standard,random-start,8x8,tf:93,tf:96,false,p2,accepted,,829693,829695489090,11
tf_phase7_policy_standard_2026-08-20,standard_8x8_g96_vs_g93.jsonl,standard-random-8x8,standard,random-start,8x8,tf:96,tf:93,true,draw,accepted,,829693,829695489091,12
tf_phase7_policy_standard_2026-08-20,standard_8x8_g96_vs_g93.jsonl,standard-random-8x8,standard,random-start,8x8,tf:93,tf:96,false,p2,accepted,,829693,829695489092,13
tf_phase7_policy_standard_2026-08-20,standard_8x8_g96_vs_g93.jsonl,standard-random-8x8,standard,random-start,8x8,tf:96,tf:93,true,draw,accepted,,829693,829695489093,14
tf_phase7_policy_standard_2026-08-20,standard_8x8_g96_vs_g93.jsonl,standard-random-8x8,standard,random-start,8x8,tf:93,tf:96,false,p1,accepted,,829693,829695489094,15
tf_phase7_policy_standard_2026-08-20,standard_8x8_g96_vs_g93.jsonl,standard-random-8x8,standard,random-start,8x8,tf:96,tf:93,true,p2,accepted,,829693,829695489095,16
tf_phase7_policy_standard_2026-08-20,standard_8x8_g96_vs_g93.jsonl,standard-random-8x8,standard,random-start,8x8,tf:93,tf:96,false,p1,accepted,,829693,829695489096,17
tf_phase7_policy_standard_2026-08-20,standard_8x8_g96_vs_g93.jsonl,standard-random-8x8,standard,random-start,8x8,tf:96,tf:93,true,p1,accepted,,829693,829695489097,18
tf_phase7_policy_standard_2026-08-20,standard_8x8_g96_vs_g93.jsonl,standard-random-8x8,standard,random-start,8x8,tf:93,tf:96,false,draw,accepted,,829693,829695489098,19
tf_phase7_policy_standard_2026-08-20,standard_8x8_g96_vs_g93.jsonl,standard-random-8x8,standard,random-start,8x8,tf:96,tf:93,true,p1,accepted,,829693,829695489099,20
tf_phase7_policy_standard_2026-08-20,standard_8x8_g96_vs_g93.jsonl,standard-random-8x8,standard,random-start,8x8,tf:93,tf:96,false,p1,accepted,,829693,829695489100,21
tf_phase7_policy_standard_2026-08-20,standard_8x8_g96_vs_g93.jsonl,standard-random-8x8,standard,random-start,8x8,tf:96,tf:93,true,draw,accepted,,829693,829695489101,22
tf_phase7_policy_standard_2026-08-20,standard_8x8_g96_vs_g93.jsonl,standard-random-8x8,standard,random-start,8x8,tf:93,tf:96,false,p1,accepted,,829693,829695489102,23
tf_phase7_policy_standard_2026-08-20,standard_8x8_g96_vs_g93.jsonl,standard-random-8x8,standard,random-start,8x8,tf:96,tf:93,true,p1,accepted,,829693,829695489103,24
tf_phase7_policy_standard_2026-08-20,standard_8x8_g96_vs_g93.jsonl,standard-random-8x8,standard,random-start,8x8,tf:93,tf:96,false,p2,accepted,,829693,829695489104,25
tf_phase7_policy_standard_2026-08-20,standard_8x8_g96_vs_g93.jsonl,standard-random-8x8,standard,random-start,8x8,tf:96,tf:93,true,p1,accepted,,829693,829695489105,26
tf_phase7_policy_standard_2026-08-20,standard_8x8_g96_vs_g93.jsonl,standard-random-8x8,standard,random-start,8x8,tf:93,tf:96,false,p2,accepted,,829693,829695489106,27
tf_phase7_policy_standard_2026-08-20,standard_8x8_g96_vs_g93.jsonl,standard-random-8x8,standard,random-start,8x8,tf:96,tf:93,true,p2,accepted,,829693,829695489107,28
tf_phase7_policy_standard_2026-08-20,standard_8x8_g96_vs_g93.jsonl,standard-random-8x8,standard,random-start,8x8,tf:93,tf:96,false,p1,accepted,,829693,829695489108,29
tf_phase7_policy_standard_2026-08-20,standard_8x8_g96_vs_g93.jsonl,standard-random-8x8,standard,random-start,8x8,tf:96,tf:93,true,p1,accepted,,829693,829695489109,30
tf_phase7_policy_standard_2026-08-20,standard_8x8_g96_vs_g93.jsonl,standard-random-8x8,standard,random-start,8x8,tf:93,tf:96,false,p1,accepted,,829693,829695489110,31
tf_phase7_policy_standard_2026-08-20,standard_8x8_g96_vs_g93.jsonl,standard-random-8x8,standard,random-start,8x8,tf:96,tf:93,true,p2,accepted,,829693,829695489111,32
tf_phase7_policy_standard_2026-08-20,standard_8x8_g96_vs_g93.jsonl,standard-random-8x8,standard,random-start,8x8,tf:93,tf:96,false,draw,accepted,,829693,829695489112,33
tf_phase7_policy_standard_2026-08-20,standard_8x8_g96_vs_g93.jsonl,standard-random-8x8,standard,random-start,8x8,tf:96,tf:93,true,p1,accepted,,829693,829695489113,34
tf_phase7_policy_standard_2026-08-20,standard_8x8_g96_vs_g93.jsonl,standard-random-8x8,standard,random-start,8x8,tf:93,tf:96,false,p1,accepted,,829693,829695489114,35
tf_phase7_policy_standard_2026-08-20,standard_8x8_g96_vs_g93.jsonl,standard-random-8x8,standard,random-start,8x8,tf:96,tf:93,true,p1,accepted,,829693,829695489115,36
tf_phase7_policy_standard_2026-08-20,standard_8x8_g96_vs_g93.jsonl,standard-random-8x8,standard,random-start,8x8,tf:93,tf:96,false,p1,accepted,,829693,829695489116,37
tf_phase7_policy_standard_2026-08-20,standard_8x8_g96_vs_g93.jsonl,standard-random-8x8,standard,random-start,8x8,tf:96,tf:93,true,p1,accepted,,829693,829695489117,38
tf_phase7_policy_standard_2026-08-20,standard_8x8_g96_vs_g93.jsonl,standard-random-8x8,standard,random-start,8x8,tf:93,tf:96,false,p1,accepted,,829693,829695489118,39
tf_phase7_policy_standard_2026-08-20,standard_8x8_g96_vs_g95.jsonl,standard-random-8x8,standard,random-start,8x8,tf:96,tf:95,true,draw,accepted,,829695,829697489085,0
tf_phase7_policy_standard_2026-08-20,standard_8x8_g96_vs_g95.jsonl,standard-random-8x8,standard,random-start,8x8,tf:95,tf:96,false,p1,accepted,,829695,829697489086,1
tf_phase7_policy_standard_2026-08-20,standard_8x8_g96_vs_g95.jsonl,standard-random-8x8,standard,random-start,8x8,tf:96,tf:95,true,p1,accepted,,829695,829697489087,2
tf_phase7_policy_standard_2026-08-20,standard_8x8_g96_vs_g95.jsonl,standard-random-8x8,standard,random-start,8x8,tf:95,tf:96,false,p1,accepted,,829695,829697489088,3
tf_phase7_policy_standard_2026-08-20,standard_8x8_g96_vs_g95.jsonl,standard-random-8x8,standard,random-start,8x8,tf:96,tf:95,true,p2,accepted,,829695,829697489089,4
tf_phase7_policy_standard_2026-08-20,standard_8x8_g96_vs_g95.jsonl,standard-random-8x8,standard,random-start,8x8,tf:95,tf:96,false,p2,accepted,,829695,829697489090,5
tf_phase7_policy_standard_2026-08-20,standard_8x8_g96_vs_g95.jsonl,standard-random-8x8,standard,random-start,8x8,tf:96,tf:95,true,p1,accepted,,829695,829697489091,6
tf_phase7_policy_standard_2026-08-20,standard_8x8_g96_vs_g95.jsonl,standard-random-8x8,standard,random-start,8x8,tf:95,tf:96,false,p2,accepted,,829695,829697489092,7
tf_phase7_policy_standard_2026-08-20,standard_8x8_g96_vs_g95.jsonl,standard-random-8x8,standard,random-start,8x8,tf:96,tf:95,true,p1,accepted,,829695,829697489093,8
tf_phase7_policy_standard_2026-08-20,standard_8x8_g96_vs_g95.jsonl,standard-random-8x8,standard,random-start,8x8,tf:95,tf:96,false,p1,accepted,,829695,829697489094,9
tf_phase7_policy_standard_2026-08-20,standard_8x8_g96_vs_g95.jsonl,standard-random-8x8,standard,random-start,8x8,tf:96,tf:95,true,draw,accepted,,829695,829697489095,10
tf_phase7_policy_standard_2026-08-20,standard_8x8_g96_vs_g95.jsonl,standard-random-8x8,standard,random-start,8x8,tf:95,tf:96,false,draw,accepted,,829695,829697489096,11
tf_phase7_policy_standard_2026-08-20,standard_8x8_g96_vs_g95.jsonl,standard-random-8x8,standard,random-start,8x8,tf:96,tf:95,true,p2,accepted,,829695,829697489097,12
tf_phase7_policy_standard_2026-08-20,standard_8x8_g96_vs_g95.jsonl,standard-random-8x8,standard,random-start,8x8,tf:95,tf:96,false,draw,accepted,,829695,829697489098,13
tf_phase7_policy_standard_2026-08-20,standard_8x8_g96_vs_g95.jsonl,standard-random-8x8,standard,random-start,8x8,tf:96,tf:95,true,p2,accepted,,829695,829697489099,14
tf_phase7_policy_standard_2026-08-20,standard_8x8_g96_vs_g95.jsonl,standard-random-8x8,standard,random-start,8x8,tf:95,tf:96,false,p1,accepted,,829695,829697489100,15
tf_phase7_policy_standard_2026-08-20,standard_8x8_g96_vs_g95.jsonl,standard-random-8x8,standard,random-start,8x8,tf:96,tf:95,true,p2,accepted,,829695,829697489101,16
tf_phase7_policy_standard_2026-08-20,standard_8x8_g96_vs_g95.jsonl,standard-random-8x8,standard,random-start,8x8,tf:95,tf:96,false,p1,accepted,,829695,829697489102,17
tf_phase7_policy_standard_2026-08-20,standard_8x8_g96_vs_g95.jsonl,standard-random-8x8,standard,random-start,8x8,tf:96,tf:95,true,p1,accepted,,829695,829697489103,18
tf_phase7_policy_standard_2026-08-20,standard_8x8_g96_vs_g95.jsonl,standard-random-8x8,standard,random-start,8x8,tf:95,tf:96,false,p1,accepted,,829695,829697489104,19
tf_phase7_policy_standard_2026-08-20,standard_8x8_g96_vs_g95.jsonl,standard-random-8x8,standard,random-start,8x8,tf:96,tf:95,true,p2,accepted,,829695,829697489105,20
tf_phase7_policy_standard_2026-08-20,standard_8x8_g96_vs_g95.jsonl,standard-random-8x8,standard,random-start,8x8,tf:95,tf:96,false,p2,accepted,,829695,829697489106,21
tf_phase7_policy_standard_2026-08-20,standard_8x8_g96_vs_g95.jsonl,standard-random-8x8,standard,random-start,8x8,tf:96,tf:95,true,p2,accepted,,829695,829697489107,22
tf_phase7_policy_standard_2026-08-20,standard_8x8_g96_vs_g95.jsonl,standard-random-8x8,standard,random-start,8x8,tf:95,tf:96,false,p1,accepted,,829695,829697489108,23
tf_phase7_policy_standard_2026-08-20,standard_8x8_g96_vs_g95.jsonl,standard-random-8x8,standard,random-start,8x8,tf:96,tf:95,true,p1,accepted,,829695,829697489109,24
tf_phase7_policy_standard_2026-08-20,standard_8x8_g96_vs_g95.jsonl,standard-random-8x8,standard,random-start,8x8,tf:95,tf:96,false,p2,accepted,,829695,829697489110,25
tf_phase7_policy_standard_2026-08-20,standard_8x8_g96_vs_g95.jsonl,standard-random-8x8,standard,random-start,8x8,tf:96,tf:95,true,p2,accepted,,829695,829697489111,26
tf_phase7_policy_standard_2026-08-20,standard_8x8_g96_vs_g95.jsonl,standard-random-8x8,standard,random-start,8x8,tf:95,tf:96,false,p2,accepted,,829695,829697489112,27
tf_phase7_policy_standard_2026-08-20,standard_8x8_g96_vs_g95.jsonl,standard-random-8x8,standard,random-start,8x8,tf:96,tf:95,true,p2,accepted,,829695,829697489113,28
tf_phase7_policy_standard_2026-08-20,standard_8x8_g96_vs_g95.jsonl,standard-random-8x8,standard,random-start,8x8,tf:95,tf:96,false,draw,accepted,,829695,829697489114,29
tf_phase7_policy_standard_2026-08-20,standard_8x8_g96_vs_g95.jsonl,standard-random-8x8,standard,random-start,8x8,tf:96,tf:95,true,draw,accepted,,829695,829697489115,30
tf_phase7_policy_standard_2026-08-20,standard_8x8_g96_vs_g95.jsonl,standard-random-8x8,standard,random-start,8x8,tf:95,tf:96,false,draw,accepted,,829695,829697489116,31
tf_phase7_policy_standard_2026-08-20,standard_8x8_g96_vs_g95.jsonl,standard-random-8x8,standard,random-start,8x8,tf:96,tf:95,true,draw,accepted,,829695,829697489117,32
tf_phase7_policy_standard_2026-08-20,standard_8x8_g96_vs_g95.jsonl,standard-random-8x8,standard,random-start,8x8,tf:95,tf:96,false,p1,accepted,,829695,829697489118,33
tf_phase7_policy_standard_2026-08-20,standard_8x8_g96_vs_g95.jsonl,standard-random-8x8,standard,random-start,8x8,tf:96,tf:95,true,p1,accepted,,829695,829697489119,34
tf_phase7_policy_standard_2026-08-20,standard_8x8_g96_vs_g95.jsonl,standard-random-8x8,standard,random-start,8x8,tf:95,tf:96,false,p1,accepted,,829695,829697489120,35
tf_phase7_policy_standard_2026-08-20,standard_8x8_g96_vs_g95.jsonl,standard-random-8x8,standard,random-start,8x8,tf:96,tf:95,true,p1,accepted,,829695,829697489121,36
tf_phase7_policy_standard_2026-08-20,standard_8x8_g96_vs_g95.jsonl,standard-random-8x8,standard,random-start,8x8,tf:95,tf:96,false,p1,accepted,,829695,829697489122,37
tf_phase7_policy_standard_2026-08-20,standard_8x8_g96_vs_g95.jsonl,standard-random-8x8,standard,random-start,8x8,tf:96,tf:95,true,p1,accepted,,829695,829697489123,38
tf_phase7_policy_standard_2026-08-20,standard_8x8_g96_vs_g95.jsonl,standard-random-8x8,standard,random-start,8x8,tf:95,tf:96,false,p1,accepted,,829695,829697489124,39
tf_phase7_policy_standard_2026-08-20,standard_8x8_g97_vs_g93.jsonl,standard-random-8x8,standard,random-start,8x8,tf:97,tf:93,true,draw,accepted,,829793,829795489379,0
tf_phase7_policy_standard_2026-08-20,standard_8x8_g97_vs_g93.jsonl,standard-random-8x8,standard,random-start,8x8,tf:93,tf:97,false,p2,accepted,,829793,829795489380,1
tf_phase7_policy_standard_2026-08-20,standard_8x8_g97_vs_g93.jsonl,standard-random-8x8,standard,random-start,8x8,tf:97,tf:93,true,p2,accepted,,829793,829795489381,2
tf_phase7_policy_standard_2026-08-20,standard_8x8_g97_vs_g93.jsonl,standard-random-8x8,standard,random-start,8x8,tf:93,tf:97,false,p2,accepted,,829793,829795489382,3
tf_phase7_policy_standard_2026-08-20,standard_8x8_g97_vs_g93.jsonl,standard-random-8x8,standard,random-start,8x8,tf:97,tf:93,true,draw,accepted,,829793,829795489383,4
tf_phase7_policy_standard_2026-08-20,standard_8x8_g97_vs_g93.jsonl,standard-random-8x8,standard,random-start,8x8,tf:93,tf:97,false,p1,accepted,,829793,829795489384,5
tf_phase7_policy_standard_2026-08-20,standard_8x8_g97_vs_g93.jsonl,standard-random-8x8,standard,random-start,8x8,tf:97,tf:93,true,draw,accepted,,829793,829795489385,6
tf_phase7_policy_standard_2026-08-20,standard_8x8_g97_vs_g93.jsonl,standard-random-8x8,standard,random-start,8x8,tf:93,tf:97,false,p1,accepted,,829793,829795489386,7
tf_phase7_policy_standard_2026-08-20,standard_8x8_g97_vs_g93.jsonl,standard-random-8x8,standard,random-start,8x8,tf:97,tf:93,true,p1,accepted,,829793,829795489387,8
tf_phase7_policy_standard_2026-08-20,standard_8x8_g97_vs_g93.jsonl,standard-random-8x8,standard,random-start,8x8,tf:93,tf:97,false,p1,accepted,,829793,829795489388,9
tf_phase7_policy_standard_2026-08-20,standard_8x8_g97_vs_g93.jsonl,standard-random-8x8,standard,random-start,8x8,tf:97,tf:93,true,p1,accepted,,829793,829795489389,10
tf_phase7_policy_standard_2026-08-20,standard_8x8_g97_vs_g93.jsonl,standard-random-8x8,standard,random-start,8x8,tf:93,tf:97,false,draw,accepted,,829793,829795489390,11
tf_phase7_policy_standard_2026-08-20,standard_8x8_g97_vs_g93.jsonl,standard-random-8x8,standard,random-start,8x8,tf:97,tf:93,true,p1,accepted,,829793,829795489391,12
tf_phase7_policy_standard_2026-08-20,standard_8x8_g97_vs_g93.jsonl,standard-random-8x8,standard,random-start,8x8,tf:93,tf:97,false,draw,accepted,,829793,829795489392,13
tf_phase7_policy_standard_2026-08-20,standard_8x8_g97_vs_g93.jsonl,standard-random-8x8,standard,random-start,8x8,tf:97,tf:93,true,draw,accepted,,829793,829795489393,14
tf_phase7_policy_standard_2026-08-20,standard_8x8_g97_vs_g93.jsonl,standard-random-8x8,standard,random-start,8x8,tf:93,tf:97,false,p2,accepted,,829793,829795489394,15
tf_phase7_policy_standard_2026-08-20,standard_8x8_g97_vs_g93.jsonl,standard-random-8x8,standard,random-start,8x8,tf:97,tf:93,true,p1,accepted,,829793,829795489395,16
tf_phase7_policy_standard_2026-08-20,standard_8x8_g97_vs_g93.jsonl,standard-random-8x8,standard,random-start,8x8,tf:93,tf:97,false,p1,accepted,,829793,829795489396,17
tf_phase7_policy_standard_2026-08-20,standard_8x8_g97_vs_g93.jsonl,standard-random-8x8,standard,random-start,8x8,tf:97,tf:93,true,p2,accepted,,829793,829795489397,18
tf_phase7_policy_standard_2026-08-20,standard_8x8_g97_vs_g93.jsonl,standard-random-8x8,standard,random-start,8x8,tf:93,tf:97,false,p1,accepted,,829793,829795489398,19
tf_phase7_policy_standard_2026-08-20,standard_8x8_g97_vs_g93.jsonl,standard-random-8x8,standard,random-start,8x8,tf:97,tf:93,true,p1,accepted,,829793,829795489399,20
tf_phase7_policy_standard_2026-08-20,standard_8x8_g97_vs_g93.jsonl,standard-random-8x8,standard,random-start,8x8,tf:93,tf:97,false,draw,accepted,,829793,829795489400,21
tf_phase7_policy_standard_2026-08-20,standard_8x8_g97_vs_g93.jsonl,standard-random-8x8,standard,random-start,8x8,tf:97,tf:93,true,p2,accepted,,829793,829795489401,22
tf_phase7_policy_standard_2026-08-20,standard_8x8_g97_vs_g93.jsonl,standard-random-8x8,standard,random-start,8x8,tf:93,tf:97,false,p2,accepted,,829793,829795489402,23
tf_phase7_policy_standard_2026-08-20,standard_8x8_g97_vs_g93.jsonl,standard-random-8x8,standard,random-start,8x8,tf:97,tf:93,true,draw,accepted,,829793,829795489403,24
tf_phase7_policy_standard_2026-08-20,standard_8x8_g97_vs_g93.jsonl,standard-random-8x8,standard,random-start,8x8,tf:93,tf:97,false,p1,accepted,,829793,829795489404,25
tf_phase7_policy_standard_2026-08-20,standard_8x8_g97_vs_g93.jsonl,standard-random-8x8,standard,random-start,8x8,tf:97,tf:93,true,p1,accepted,,829793,829795489405,26
tf_phase7_policy_standard_2026-08-20,standard_8x8_g97_vs_g93.jsonl,standard-random-8x8,standard,random-start,8x8,tf:93,tf:97,false,draw,accepted,,829793,829795489406,27
tf_phase7_policy_standard_2026-08-20,standard_8x8_g97_vs_g93.jsonl,standard-random-8x8,standard,random-start,8x8,tf:97,tf:93,true,p1,accepted,,829793,829795489407,28
tf_phase7_policy_standard_2026-08-20,standard_8x8_g97_vs_g93.jsonl,standard-random-8x8,standard,random-start,8x8,tf:93,tf:97,false,p1,accepted,,829793,829795489408,29
tf_phase7_policy_standard_2026-08-20,standard_8x8_g97_vs_g93.jsonl,standard-random-8x8,standard,random-start,8x8,tf:97,tf:93,true,draw,accepted,,829793,829795489409,30
tf_phase7_policy_standard_2026-08-20,standard_8x8_g97_vs_g93.jsonl,standard-random-8x8,standard,random-start,8x8,tf:93,tf:97,false,draw,accepted,,829793,829795489410,31
tf_phase7_policy_standard_2026-08-20,standard_8x8_g97_vs_g93.jsonl,standard-random-8x8,standard,random-start,8x8,tf:97,tf:93,true,p1,accepted,,829793,829795489411,32
tf_phase7_policy_standard_2026-08-20,standard_8x8_g97_vs_g93.jsonl,standard-random-8x8,standard,random-start,8x8,tf:93,tf:97,false,p1,accepted,,829793,829795489412,33
tf_phase7_policy_standard_2026-08-20,standard_8x8_g97_vs_g93.jsonl,standard-random-8x8,standard,random-start,8x8,tf:97,tf:93,true,p1,accepted,,829793,829795489413,34
tf_phase7_policy_standard_2026-08-20,standard_8x8_g97_vs_g93.jsonl,standard-random-8x8,standard,random-start,8x8,tf:93,tf:97,false,p1,accepted,,829793,829795489414,35
tf_phase7_policy_standard_2026-08-20,standard_8x8_g97_vs_g93.jsonl,standard-random-8x8,standard,random-start,8x8,tf:97,tf:93,true,p2,accepted,,829793,829795489415,36
tf_phase7_policy_standard_2026-08-20,standard_8x8_g97_vs_g93.jsonl,standard-random-8x8,standard,random-start,8x8,tf:93,tf:97,false,p2,accepted,,829793,829795489416,37
tf_phase7_policy_standard_2026-08-20,standard_8x8_g97_vs_g93.jsonl,standard-random-8x8,standard,random-start,8x8,tf:97,tf:93,true,p1,accepted,,829793,829795489417,38
tf_phase7_policy_standard_2026-08-20,standard_8x8_g97_vs_g93.jsonl,standard-random-8x8,standard,random-start,8x8,tf:93,tf:97,false,draw,accepted,,829793,829795489418,39
tf_phase7_policy_standard_2026-08-20,standard_8x8_g97_vs_g94.jsonl,standard-random-8x8,standard,random-start,8x8,tf:97,tf:94,true,p1,accepted,,829794,829796489382,0
tf_phase7_policy_standard_2026-08-20,standard_8x8_g97_vs_g94.jsonl,standard-random-8x8,standard,random-start,8x8,tf:94,tf:97,false,p2,accepted,,829794,829796489383,1
tf_phase7_policy_standard_2026-08-20,standard_8x8_g97_vs_g94.jsonl,standard-random-8x8,standard,random-start,8x8,tf:97,tf:94,true,draw,accepted,,829794,829796489384,2
tf_phase7_policy_standard_2026-08-20,standard_8x8_g97_vs_g94.jsonl,standard-random-8x8,standard,random-start,8x8,tf:94,tf:97,false,p1,accepted,,829794,829796489385,3
tf_phase7_policy_standard_2026-08-20,standard_8x8_g97_vs_g94.jsonl,standard-random-8x8,standard,random-start,8x8,tf:97,tf:94,true,p2,accepted,,829794,829796489386,4
tf_phase7_policy_standard_2026-08-20,standard_8x8_g97_vs_g94.jsonl,standard-random-8x8,standard,random-start,8x8,tf:94,tf:97,false,p1,accepted,,829794,829796489387,5
tf_phase7_policy_standard_2026-08-20,standard_8x8_g97_vs_g94.jsonl,standard-random-8x8,standard,random-start,8x8,tf:97,tf:94,true,draw,accepted,,829794,829796489388,6
tf_phase7_policy_standard_2026-08-20,standard_8x8_g97_vs_g94.jsonl,standard-random-8x8,standard,random-start,8x8,tf:94,tf:97,false,draw,accepted,,829794,829796489389,7
tf_phase7_policy_standard_2026-08-20,standard_8x8_g97_vs_g94.jsonl,standard-random-8x8,standard,random-start,8x8,tf:97,tf:94,true,p2,accepted,,829794,829796489390,8
tf_phase7_policy_standard_2026-08-20,standard_8x8_g97_vs_g94.jsonl,standard-random-8x8,standard,random-start,8x8,tf:94,tf:97,false,p2,accepted,,829794,829796489391,9
tf_phase7_policy_standard_2026-08-20,standard_8x8_g97_vs_g94.jsonl,standard-random-8x8,standard,random-start,8x8,tf:97,tf:94,true,p2,accepted,,829794,829796489392,10
tf_phase7_policy_standard_2026-08-20,standard_8x8_g97_vs_g94.jsonl,standard-random-8x8,standard,random-start,8x8,tf:94,tf:97,false,p1,accepted,,829794,829796489393,11
tf_phase7_policy_standard_2026-08-20,standard_8x8_g97_vs_g94.jsonl,standard-random-8x8,standard,random-start,8x8,tf:97,tf:94,true,p1,accepted,,829794,829796489394,12
tf_phase7_policy_standard_2026-08-20,standard_8x8_g97_vs_g94.jsonl,standard-random-8x8,standard,random-start,8x8,tf:94,tf:97,false,p1,accepted,,829794,829796489395,13
tf_phase7_policy_standard_2026-08-20,standard_8x8_g97_vs_g94.jsonl,standard-random-8x8,standard,random-start,8x8,tf:97,tf:94,true,p1,accepted,,829794,829796489396,14
tf_phase7_policy_standard_2026-08-20,standard_8x8_g97_vs_g94.jsonl,standard-random-8x8,standard,random-start,8x8,tf:94,tf:97,false,p2,accepted,,829794,829796489397,15
tf_phase7_policy_standard_2026-08-20,standard_8x8_g97_vs_g94.jsonl,standard-random-8x8,standard,random-start,8x8,tf:97,tf:94,true,p2,accepted,,829794,829796489398,16
tf_phase7_policy_standard_2026-08-20,standard_8x8_g97_vs_g94.jsonl,standard-random-8x8,standard,random-start,8x8,tf:94,tf:97,false,p2,accepted,,829794,829796489399,17
tf_phase7_policy_standard_2026-08-20,standard_8x8_g97_vs_g94.jsonl,standard-random-8x8,standard,random-start,8x8,tf:97,tf:94,true,p2,accepted,,829794,829796489400,18
tf_phase7_policy_standard_2026-08-20,standard_8x8_g97_vs_g94.jsonl,standard-random-8x8,standard,random-start,8x8,tf:94,tf:97,false,p2,accepted,,829794,829796489401,19
tf_phase7_policy_standard_2026-08-20,standard_8x8_g97_vs_g94.jsonl,standard-random-8x8,standard,random-start,8x8,tf:97,tf:94,true,p1,accepted,,829794,829796489402,20
tf_phase7_policy_standard_2026-08-20,standard_8x8_g97_vs_g94.jsonl,standard-random-8x8,standard,random-start,8x8,tf:94,tf:97,false,p1,accepted,,829794,829796489403,21
tf_phase7_policy_standard_2026-08-20,standard_8x8_g97_vs_g94.jsonl,standard-random-8x8,standard,random-start,8x8,tf:97,tf:94,true,draw,accepted,,829794,829796489404,22
tf_phase7_policy_standard_2026-08-20,standard_8x8_g97_vs_g94.jsonl,standard-random-8x8,standard,random-start,8x8,tf:94,tf:97,false,p1,accepted,,829794,829796489405,23
tf_phase7_policy_standard_2026-08-20,standard_8x8_g97_vs_g94.jsonl,standard-random-8x8,standard,random-start,8x8,tf:97,tf:94,true,p1,accepted,,829794,829796489406,24
tf_phase7_policy_standard_2026-08-20,standard_8x8_g97_vs_g94.jsonl,standard-random-8x8,standard,random-start,8x8,tf:94,tf:97,false,p1,accepted,,829794,829796489407,25
tf_phase7_policy_standard_2026-08-20,standard_8x8_g97_vs_g94.jsonl,standard-random-8x8,standard,random-start,8x8,tf:97,tf:94,true,draw,accepted,,829794,829796489408,26
tf_phase7_policy_standard_2026-08-20,standard_8x8_g97_vs_g94.jsonl,standard-random-8x8,standard,random-start,8x8,tf:94,tf:97,false,p1,accepted,,829794,829796489409,27
tf_phase7_policy_standard_2026-08-20,standard_8x8_g97_vs_g94.jsonl,standard-random-8x8,standard,random-start,8x8,tf:97,tf:94,true,p2,accepted,,829794,829796489410,28
tf_phase7_policy_standard_2026-08-20,standard_8x8_g97_vs_g94.jsonl,standard-random-8x8,standard,random-start,8x8,tf:94,tf:97,false,p1,accepted,,829794,829796489411,29
tf_phase7_policy_standard_2026-08-20,standard_8x8_g97_vs_g94.jsonl,standard-random-8x8,standard,random-start,8x8,tf:97,tf:94,true,p1,accepted,,829794,829796489412,30
tf_phase7_policy_standard_2026-08-20,standard_8x8_g97_vs_g94.jsonl,standard-random-8x8,standard,random-start,8x8,tf:94,tf:97,false,p1,accepted,,829794,829796489413,31
tf_phase7_policy_standard_2026-08-20,standard_8x8_g97_vs_g94.jsonl,standard-random-8x8,standard,random-start,8x8,tf:97,tf:94,true,p1,accepted,,829794,829796489414,32
tf_phase7_policy_standard_2026-08-20,standard_8x8_g97_vs_g94.jsonl,standard-random-8x8,standard,random-start,8x8,tf:94,tf:97,false,p1,accepted,,829794,829796489415,33
tf_phase7_policy_standard_2026-08-20,standard_8x8_g97_vs_g94.jsonl,standard-random-8x8,standard,random-start,8x8,tf:97,tf:94,true,draw,accepted,,829794,829796489416,34
tf_phase7_policy_standard_2026-08-20,standard_8x8_g97_vs_g94.jsonl,standard-random-8x8,standard,random-start,8x8,tf:94,tf:97,false,p1,accepted,,829794,829796489417,35
tf_phase7_policy_standard_2026-08-20,standard_8x8_g97_vs_g94.jsonl,standard-random-8x8,standard,random-start,8x8,tf:97,tf:94,true,p1,accepted,,829794,829796489418,36
tf_phase7_policy_standard_2026-08-20,standard_8x8_g97_vs_g94.jsonl,standard-random-8x8,standard,random-start,8x8,tf:94,tf:97,false,p1,accepted,,829794,829796489419,37
tf_phase7_policy_standard_2026-08-20,standard_8x8_g97_vs_g94.jsonl,standard-random-8x8,standard,random-start,8x8,tf:97,tf:94,true,p2,accepted,,829794,829796489420,38
tf_phase7_policy_standard_2026-08-20,standard_8x8_g97_vs_g94.jsonl,standard-random-8x8,standard,random-start,8x8,tf:94,tf:97,false,draw,accepted,,829794,829796489421,39
tf_phase7_policy_standard_2026-08-20,standard_8x8_g97_vs_g96.jsonl,standard-random-8x8,standard,random-start,8x8,tf:97,tf:96,true,p2,accepted,,829796,829798489388,0
tf_phase7_policy_standard_2026-08-20,standard_8x8_g97_vs_g96.jsonl,standard-random-8x8,standard,random-start,8x8,tf:96,tf:97,false,p1,accepted,,829796,829798489389,1
tf_phase7_policy_standard_2026-08-20,standard_8x8_g97_vs_g96.jsonl,standard-random-8x8,standard,random-start,8x8,tf:97,tf:96,true,p1,accepted,,829796,829798489390,2
tf_phase7_policy_standard_2026-08-20,standard_8x8_g97_vs_g96.jsonl,standard-random-8x8,standard,random-start,8x8,tf:96,tf:97,false,p1,accepted,,829796,829798489391,3
tf_phase7_policy_standard_2026-08-20,standard_8x8_g97_vs_g96.jsonl,standard-random-8x8,standard,random-start,8x8,tf:97,tf:96,true,draw,accepted,,829796,829798489392,4
tf_phase7_policy_standard_2026-08-20,standard_8x8_g97_vs_g96.jsonl,standard-random-8x8,standard,random-start,8x8,tf:96,tf:97,false,p1,accepted,,829796,829798489393,5
tf_phase7_policy_standard_2026-08-20,standard_8x8_g97_vs_g96.jsonl,standard-random-8x8,standard,random-start,8x8,tf:97,tf:96,true,p2,accepted,,829796,829798489394,6
tf_phase7_policy_standard_2026-08-20,standard_8x8_g97_vs_g96.jsonl,standard-random-8x8,standard,random-start,8x8,tf:96,tf:97,false,p1,accepted,,829796,829798489395,7
tf_phase7_policy_standard_2026-08-20,standard_8x8_g97_vs_g96.jsonl,standard-random-8x8,standard,random-start,8x8,tf:97,tf:96,true,draw,accepted,,829796,829798489396,8
tf_phase7_policy_standard_2026-08-20,standard_8x8_g97_vs_g96.jsonl,standard-random-8x8,standard,random-start,8x8,tf:96,tf:97,false,draw,accepted,,829796,829798489397,9
tf_phase7_policy_standard_2026-08-20,standard_8x8_g97_vs_g96.jsonl,standard-random-8x8,standard,random-start,8x8,tf:97,tf:96,true,p1,accepted,,829796,829798489398,10
tf_phase7_policy_standard_2026-08-20,standard_8x8_g97_vs_g96.jsonl,standard-random-8x8,standard,random-start,8x8,tf:96,tf:97,false,p2,accepted,,829796,829798489399,11
tf_phase7_policy_standard_2026-08-20,standard_8x8_g97_vs_g96.jsonl,standard-random-8x8,standard,random-start,8x8,tf:97,tf:96,true,p2,accepted,,829796,829798489400,12
tf_phase7_policy_standard_2026-08-20,standard_8x8_g97_vs_g96.jsonl,standard-random-8x8,standard,random-start,8x8,tf:96,tf:97,false,p1,accepted,,829796,829798489401,13
tf_phase7_policy_standard_2026-08-20,standard_8x8_g97_vs_g96.jsonl,standard-random-8x8,standard,random-start,8x8,tf:97,tf:96,true,draw,accepted,,829796,829798489402,14
tf_phase7_policy_standard_2026-08-20,standard_8x8_g97_vs_g96.jsonl,standard-random-8x8,standard,random-start,8x8,tf:96,tf:97,false,p2,accepted,,829796,829798489403,15
tf_phase7_policy_standard_2026-08-20,standard_8x8_g97_vs_g96.jsonl,standard-random-8x8,standard,random-start,8x8,tf:97,tf:96,true,p2,accepted,,829796,829798489404,16
tf_phase7_policy_standard_2026-08-20,standard_8x8_g97_vs_g96.jsonl,standard-random-8x8,standard,random-start,8x8,tf:96,tf:97,false,p1,accepted,,829796,829798489405,17
tf_phase7_policy_standard_2026-08-20,standard_8x8_g97_vs_g96.jsonl,standard-random-8x8,standard,random-start,8x8,tf:97,tf:96,true,draw,accepted,,829796,829798489406,18
tf_phase7_policy_standard_2026-08-20,standard_8x8_g97_vs_g96.jsonl,standard-random-8x8,standard,random-start,8x8,tf:96,tf:97,false,p2,accepted,,829796,829798489407,19
tf_phase7_policy_standard_2026-08-20,standard_8x8_g97_vs_g96.jsonl,standard-random-8x8,standard,random-start,8x8,tf:97,tf:96,true,p2,accepted,,829796,829798489408,20
tf_phase7_policy_standard_2026-08-20,standard_8x8_g97_vs_g96.jsonl,standard-random-8x8,standard,random-start,8x8,tf:96,tf:97,false,p1,accepted,,829796,829798489409,21
tf_phase7_policy_standard_2026-08-20,standard_8x8_g97_vs_g96.jsonl,standard-random-8x8,standard,random-start,8x8,tf:97,tf:96,true,draw,accepted,,829796,829798489410,22
tf_phase7_policy_standard_2026-08-20,standard_8x8_g97_vs_g96.jsonl,standard-random-8x8,standard,random-start,8x8,tf:96,tf:97,false,p2,accepted,,829796,829798489411,23
tf_phase7_policy_standard_2026-08-20,standard_8x8_g97_vs_g96.jsonl,standard-random-8x8,standard,random-start,8x8,tf:97,tf:96,true,p1,accepted,,829796,829798489412,24
tf_phase7_policy_standard_2026-08-20,standard_8x8_g97_vs_g96.jsonl,standard-random-8x8,standard,random-start,8x8,tf:96,tf:97,false,p2,accepted,,829796,829798489413,25
tf_phase7_policy_standard_2026-08-20,standard_8x8_g97_vs_g96.jsonl,standard-random-8x8,standard,random-start,8x8,tf:97,tf:96,true,p1,accepted,,829796,829798489414,26
tf_phase7_policy_standard_2026-08-20,standard_8x8_g97_vs_g96.jsonl,standard-random-8x8,standard,random-start,8x8,tf:96,tf:97,false,p2,accepted,,829796,829798489415,27
tf_phase7_policy_standard_2026-08-20,standard_8x8_g97_vs_g96.jsonl,standard-random-8x8,standard,random-start,8x8,tf:97,tf:96,true,p1,accepted,,829796,829798489416,28
tf_phase7_policy_standard_2026-08-20,standard_8x8_g97_vs_g96.jsonl,standard-random-8x8,standard,random-start,8x8,tf:96,tf:97,false,draw,accepted,,829796,829798489417,29
tf_phase7_policy_standard_2026-08-20,standard_8x8_g97_vs_g96.jsonl,standard-random-8x8,standard,random-start,8x8,tf:97,tf:96,true,draw,accepted,,829796,829798489418,30
tf_phase7_policy_standard_2026-08-20,standard_8x8_g97_vs_g96.jsonl,standard-random-8x8,standard,random-start,8x8,tf:96,tf:97,false,p1,accepted,,829796,829798489419,31
tf_phase7_policy_standard_2026-08-20,standard_8x8_g97_vs_g96.jsonl,standard-random-8x8,standard,random-start,8x8,tf:97,tf:96,true,draw,accepted,,829796,829798489420,32
tf_phase7_policy_standard_2026-08-20,standard_8x8_g97_vs_g96.jsonl,standard-random-8x8,standard,random-start,8x8,tf:96,tf:97,false,draw,accepted,,829796,829798489421,33
tf_phase7_policy_standard_2026-08-20,standard_8x8_g97_vs_g96.jsonl,standard-random-8x8,standard,random-start,8x8,tf:97,tf:96,true,p1,accepted,,829796,829798489422,34
tf_phase7_policy_standard_2026-08-20,standard_8x8_g97_vs_g96.jsonl,standard-random-8x8,standard,random-start,8x8,tf:96,tf:97,false,draw,accepted,,829796,829798489423,35
tf_phase7_policy_standard_2026-08-20,standard_8x8_g97_vs_g96.jsonl,standard-random-8x8,standard,random-start,8x8,tf:97,tf:96,true,p1,accepted,,829796,829798489424,36
tf_phase7_policy_standard_2026-08-20,standard_8x8_g97_vs_g96.jsonl,standard-random-8x8,standard,random-start,8x8,tf:96,tf:97,false,p1,accepted,,829796,829798489425,37
tf_phase7_policy_standard_2026-08-20,standard_8x8_g97_vs_g96.jsonl,standard-random-8x8,standard,random-start,8x8,tf:97,tf:96,true,p2,accepted,,829796,829798489426,38
tf_phase7_policy_standard_2026-08-20,standard_8x8_g97_vs_g96.jsonl,standard-random-8x8,standard,random-start,8x8,tf:96,tf:97,false,p2,accepted,,829796,829798489427,39
tf_phase7_policy_standard_2026-08-20,standard_8x8_g98_vs_g93.jsonl,standard-random-8x8,standard,random-start,8x8,tf:98,tf:93,true,draw,accepted,,829893,829895489679,0
tf_phase7_policy_standard_2026-08-20,standard_8x8_g98_vs_g93.jsonl,standard-random-8x8,standard,random-start,8x8,tf:93,tf:98,false,p1,accepted,,829893,829895489680,1
tf_phase7_policy_standard_2026-08-20,standard_8x8_g98_vs_g93.jsonl,standard-random-8x8,standard,random-start,8x8,tf:98,tf:93,true,p2,accepted,,829893,829895489681,2
tf_phase7_policy_standard_2026-08-20,standard_8x8_g98_vs_g93.jsonl,standard-random-8x8,standard,random-start,8x8,tf:93,tf:98,false,draw,accepted,,829893,829895489682,3
tf_phase7_policy_standard_2026-08-20,standard_8x8_g98_vs_g93.jsonl,standard-random-8x8,standard,random-start,8x8,tf:98,tf:93,true,draw,accepted,,829893,829895489683,4
tf_phase7_policy_standard_2026-08-20,standard_8x8_g98_vs_g93.jsonl,standard-random-8x8,standard,random-start,8x8,tf:93,tf:98,false,p1,accepted,,829893,829895489684,5
tf_phase7_policy_standard_2026-08-20,standard_8x8_g98_vs_g93.jsonl,standard-random-8x8,standard,random-start,8x8,tf:98,tf:93,true,p2,accepted,,829893,829895489685,6
tf_phase7_policy_standard_2026-08-20,standard_8x8_g98_vs_g93.jsonl,standard-random-8x8,standard,random-start,8x8,tf:93,tf:98,false,p1,accepted,,829893,829895489686,7
tf_phase7_policy_standard_2026-08-20,standard_8x8_g98_vs_g93.jsonl,standard-random-8x8,standard,random-start,8x8,tf:98,tf:93,true,draw,accepted,,829893,829895489687,8
tf_phase7_policy_standard_2026-08-20,standard_8x8_g98_vs_g93.jsonl,standard-random-8x8,standard,random-start,8x8,tf:93,tf:98,false,p2,accepted,,829893,829895489688,9
tf_phase7_policy_standard_2026-08-20,standard_8x8_g98_vs_g93.jsonl,standard-random-8x8,standard,random-start,8x8,tf:98,tf:93,true,p1,accepted,,829893,829895489689,10
tf_phase7_policy_standard_2026-08-20,standard_8x8_g98_vs_g93.jsonl,standard-random-8x8,standard,random-start,8x8,tf:93,tf:98,false,p1,accepted,,829893,829895489690,11
tf_phase7_policy_standard_2026-08-20,standard_8x8_g98_vs_g93.jsonl,standard-random-8x8,standard,random-start,8x8,tf:98,tf:93,true,p1,accepted,,829893,829895489691,12
tf_phase7_policy_standard_2026-08-20,standard_8x8_g98_vs_g93.jsonl,standard-random-8x8,standard,random-start,8x8,tf:93,tf:98,false,p2,accepted,,829893,829895489692,13
tf_phase7_policy_standard_2026-08-20,standard_8x8_g98_vs_g93.jsonl,standard-random-8x8,standard,random-start,8x8,tf:98,tf:93,true,draw,accepted,,829893,829895489693,14
tf_phase7_policy_standard_2026-08-20,standard_8x8_g98_vs_g93.jsonl,standard-random-8x8,standard,random-start,8x8,tf:93,tf:98,false,draw,accepted,,829893,829895489694,15
tf_phase7_policy_standard_2026-08-20,standard_8x8_g98_vs_g93.jsonl,standard-random-8x8,standard,random-start,8x8,tf:98,tf:93,true,p2,accepted,,829893,829895489695,16
tf_phase7_policy_standard_2026-08-20,standard_8x8_g98_vs_g93.jsonl,standard-random-8x8,standard,random-start,8x8,tf:93,tf:98,false,draw,accepted,,829893,829895489696,17
tf_phase7_policy_standard_2026-08-20,standard_8x8_g98_vs_g93.jsonl,standard-random-8x8,standard,random-start,8x8,tf:98,tf:93,true,p1,accepted,,829893,829895489697,18
tf_phase7_policy_standard_2026-08-20,standard_8x8_g98_vs_g93.jsonl,standard-random-8x8,standard,random-start,8x8,tf:93,tf:98,false,p1,accepted,,829893,829895489698,19
tf_phase7_policy_standard_2026-08-20,standard_8x8_g98_vs_g93.jsonl,standard-random-8x8,standard,random-start,8x8,tf:98,tf:93,true,draw,accepted,,829893,829895489699,20
tf_phase7_policy_standard_2026-08-20,standard_8x8_g98_vs_g93.jsonl,standard-random-8x8,standard,random-start,8x8,tf:93,tf:98,false,p1,accepted,,829893,829895489700,21
tf_phase7_policy_standard_2026-08-20,standard_8x8_g98_vs_g93.jsonl,standard-random-8x8,standard,random-start,8x8,tf:98,tf:93,true,draw,accepted,,829893,829895489701,22
tf_phase7_policy_standard_2026-08-20,standard_8x8_g98_vs_g93.jsonl,standard-random-8x8,standard,random-start,8x8,tf:93,tf:98,false,p1,accepted,,829893,829895489702,23
tf_phase7_policy_standard_2026-08-20,standard_8x8_g98_vs_g93.jsonl,standard-random-8x8,standard,random-start,8x8,tf:98,tf:93,true,p1,accepted,,829893,829895489703,24
tf_phase7_policy_standard_2026-08-20,standard_8x8_g98_vs_g93.jsonl,standard-random-8x8,standard,random-start,8x8,tf:93,tf:98,false,p2,accepted,,829893,829895489704,25
tf_phase7_policy_standard_2026-08-20,standard_8x8_g98_vs_g93.jsonl,standard-random-8x8,standard,random-start,8x8,tf:98,tf:93,true,p1,accepted,,829893,829895489705,26
tf_phase7_policy_standard_2026-08-20,standard_8x8_g98_vs_g93.jsonl,standard-random-8x8,standard,random-start,8x8,tf:93,tf:98,false,draw,accepted,,829893,829895489706,27
tf_phase7_policy_standard_2026-08-20,standard_8x8_g98_vs_g93.jsonl,standard-random-8x8,standard,random-start,8x8,tf:98,tf:93,true,p1,accepted,,829893,829895489707,28
tf_phase7_policy_standard_2026-08-20,standard_8x8_g98_vs_g93.jsonl,standard-random-8x8,standard,random-start,8x8,tf:93,tf:98,false,p2,accepted,,829893,829895489708,29
tf_phase7_policy_standard_2026-08-20,standard_8x8_g98_vs_g93.jsonl,standard-random-8x8,standard,random-start,8x8,tf:98,tf:93,true,p1,accepted,,829893,829895489709,30
tf_phase7_policy_standard_2026-08-20,standard_8x8_g98_vs_g93.jsonl,standard-random-8x8,standard,random-start,8x8,tf:93,tf:98,false,p2,accepted,,829893,829895489710,31
tf_phase7_policy_standard_2026-08-20,standard_8x8_g98_vs_g93.jsonl,standard-random-8x8,standard,random-start,8x8,tf:98,tf:93,true,draw,accepted,,829893,829895489711,32
tf_phase7_policy_standard_2026-08-20,standard_8x8_g98_vs_g93.jsonl,standard-random-8x8,standard,random-start,8x8,tf:93,tf:98,false,p1,accepted,,829893,829895489712,33
tf_phase7_policy_standard_2026-08-20,standard_8x8_g98_vs_g93.jsonl,standard-random-8x8,standard,random-start,8x8,tf:98,tf:93,true,p2,accepted,,829893,829895489713,34
tf_phase7_policy_standard_2026-08-20,standard_8x8_g98_vs_g93.jsonl,standard-random-8x8,standard,random-start,8x8,tf:93,tf:98,false,p2,accepted,,829893,829895489714,35
tf_phase7_policy_standard_2026-08-20,standard_8x8_g98_vs_g93.jsonl,standard-random-8x8,standard,random-start,8x8,tf:98,tf:93,true,p1,accepted,,829893,829895489715,36
tf_phase7_policy_standard_2026-08-20,standard_8x8_g98_vs_g93.jsonl,standard-random-8x8,standard,random-start,8x8,tf:93,tf:98,false,p1,accepted,,829893,829895489716,37
tf_phase7_policy_standard_2026-08-20,standard_8x8_g98_vs_g93.jsonl,standard-random-8x8,standard,random-start,8x8,tf:98,tf:93,true,p1,accepted,,829893,829895489717,38
tf_phase7_policy_standard_2026-08-20,standard_8x8_g98_vs_g93.jsonl,standard-random-8x8,standard,random-start,8x8,tf:93,tf:98,false,p1,accepted,,829893,829895489718,39
tf_phase7_policy_standard_2026-08-20,standard_8x8_g98_vs_g95.jsonl,standard-random-8x8,standard,random-start,8x8,tf:98,tf:95,true,p2,accepted,,829895,829897489685,0
tf_phase7_policy_standard_2026-08-20,standard_8x8_g98_vs_g95.jsonl,standard-random-8x8,standard,random-start,8x8,tf:95,tf:98,false,p1,accepted,,829895,829897489686,1
tf_phase7_policy_standard_2026-08-20,standard_8x8_g98_vs_g95.jsonl,standard-random-8x8,standard,random-start,8x8,tf:98,tf:95,true,draw,accepted,,829895,829897489687,2
tf_phase7_policy_standard_2026-08-20,standard_8x8_g98_vs_g95.jsonl,standard-random-8x8,standard,random-start,8x8,tf:95,tf:98,false,p2,accepted,,829895,829897489688,3
tf_phase7_policy_standard_2026-08-20,standard_8x8_g98_vs_g95.jsonl,standard-random-8x8,standard,random-start,8x8,tf:98,tf:95,true,p2,accepted,,829895,829897489689,4
tf_phase7_policy_standard_2026-08-20,standard_8x8_g98_vs_g95.jsonl,standard-random-8x8,standard,random-start,8x8,tf:95,tf:98,false,p2,accepted,,829895,829897489690,5
tf_phase7_policy_standard_2026-08-20,standard_8x8_g98_vs_g95.jsonl,standard-random-8x8,standard,random-start,8x8,tf:98,tf:95,true,draw,accepted,,829895,829897489691,6
tf_phase7_policy_standard_2026-08-20,standard_8x8_g98_vs_g95.jsonl,standard-random-8x8,standard,random-start,8x8,tf:95,tf:98,false,p2,accepted,,829895,829897489692,7
tf_phase7_policy_standard_2026-08-20,standard_8x8_g98_vs_g95.jsonl,standard-random-8x8,standard,random-start,8x8,tf:98,tf:95,true,p2,accepted,,829895,829897489693,8
tf_phase7_policy_standard_2026-08-20,standard_8x8_g98_vs_g95.jsonl,standard-random-8x8,standard,random-start,8x8,tf:95,tf:98,false,p1,accepted,,829895,829897489694,9
tf_phase7_policy_standard_2026-08-20,standard_8x8_g98_vs_g95.jsonl,standard-random-8x8,standard,random-start,8x8,tf:98,tf:95,true,p2,accepted,,829895,829897489695,10
tf_phase7_policy_standard_2026-08-20,standard_8x8_g98_vs_g95.jsonl,standard-random-8x8,standard,random-start,8x8,tf:95,tf:98,false,p2,accepted,,829895,829897489696,11
tf_phase7_policy_standard_2026-08-20,standard_8x8_g98_vs_g95.jsonl,standard-random-8x8,standard,random-start,8x8,tf:98,tf:95,true,p1,accepted,,829895,829897489697,12
tf_phase7_policy_standard_2026-08-20,standard_8x8_g98_vs_g95.jsonl,standard-random-8x8,standard,random-start,8x8,tf:95,tf:98,false,draw,accepted,,829895,829897489698,13
tf_phase7_policy_standard_2026-08-20,standard_8x8_g98_vs_g95.jsonl,standard-random-8x8,standard,random-start,8x8,tf:98,tf:95,true,p2,accepted,,829895,829897489699,14
tf_phase7_policy_standard_2026-08-20,standard_8x8_g98_vs_g95.jsonl,standard-random-8x8,standard,random-start,8x8,tf:95,tf:98,false,p1,accepted,,829895,829897489700,15
tf_phase7_policy_standard_2026-08-20,standard_8x8_g98_vs_g95.jsonl,standard-random-8x8,standard,random-start,8x8,tf:98,tf:95,true,draw,accepted,,829895,829897489701,16
tf_phase7_policy_standard_2026-08-20,standard_8x8_g98_vs_g95.jsonl,standard-random-8x8,standard,random-start,8x8,tf:95,tf:98,false,p1,accepted,,829895,829897489702,17
tf_phase7_policy_standard_2026-08-20,standard_8x8_g98_vs_g95.jsonl,standard-random-8x8,standard,random-start,8x8,tf:98,tf:95,true,p1,accepted,,829895,829897489703,18
tf_phase7_policy_standard_2026-08-20,standard_8x8_g98_vs_g95.jsonl,standard-random-8x8,standard,random-start,8x8,tf:95,tf:98,false,p1,accepted,,829895,829897489704,19
tf_phase7_policy_standard_2026-08-20,standard_8x8_g98_vs_g95.jsonl,standard-random-8x8,standard,random-start,8x8,tf:98,tf:95,true,p2,accepted,,829895,829897489705,20
tf_phase7_policy_standard_2026-08-20,standard_8x8_g98_vs_g95.jsonl,standard-random-8x8,standard,random-start,8x8,tf:95,tf:98,false,p2,accepted,,829895,829897489706,21
tf_phase7_policy_standard_2026-08-20,standard_8x8_g98_vs_g95.jsonl,standard-random-8x8,standard,random-start,8x8,tf:98,tf:95,true,p1,accepted,,829895,829897489707,22
tf_phase7_policy_standard_2026-08-20,standard_8x8_g98_vs_g95.jsonl,standard-random-8x8,standard,random-start,8x8,tf:95,tf:98,false,p2,accepted,,829895,829897489708,23
tf_phase7_policy_standard_2026-08-20,standard_8x8_g98_vs_g95.jsonl,standard-random-8x8,standard,random-start,8x8,tf:98,tf:95,true,p1,accepted,,829895,829897489709,24
tf_phase7_policy_standard_2026-08-20,standard_8x8_g98_vs_g95.jsonl,standard-random-8x8,standard,random-start,8x8,tf:95,tf:98,false,p1,accepted,,829895,829897489710,25
tf_phase7_policy_standard_2026-08-20,standard_8x8_g98_vs_g95.jsonl,standard-random-8x8,standard,random-start,8x8,tf:98,tf:95,true,p2,accepted,,829895,829897489711,26
tf_phase7_policy_standard_2026-08-20,standard_8x8_g98_vs_g95.jsonl,standard-random-8x8,standard,random-start,8x8,tf:95,tf:98,false,p1,accepted,,829895,829897489712,27
tf_phase7_policy_standard_2026-08-20,standard_8x8_g98_vs_g95.jsonl,standard-random-8x8,standard,random-start,8x8,tf:98,tf:95,true,p1,accepted,,829895,829897489713,28
tf_phase7_policy_standard_2026-08-20,standard_8x8_g98_vs_g95.jsonl,standard-random-8x8,standard,random-start,8x8,tf:95,tf:98,false,p2,accepted,,829895,829897489714,29
tf_phase7_policy_standard_2026-08-20,standard_8x8_g98_vs_g95.jsonl,standard-random-8x8,standard,random-start,8x8,tf:98,tf:95,true,p2,accepted,,829895,829897489715,30
tf_phase7_policy_standard_2026-08-20,standard_8x8_g98_vs_g95.jsonl,standard-random-8x8,standard,random-start,8x8,tf:95,tf:98,false,p2,accepted,,829895,829897489716,31
tf_phase7_policy_standard_2026-08-20,standard_8x8_g98_vs_g95.jsonl,standard-random-8x8,standard,random-start,8x8,tf:98,tf:95,true,p1,accepted,,829895,829897489717,32
tf_phase7_policy_standard_2026-08-20,standard_8x8_g98_vs_g95.jsonl,standard-random-8x8,standard,random-start,8x8,tf:95,tf:98,false,draw,accepted,,829895,829897489718,33
tf_phase7_policy_standard_2026-08-20,standard_8x8_g98_vs_g95.jsonl,standard-random-8x8,standard,random-start,8x8,tf:98,tf:95,true,p1,accepted,,829895,829897489719,34
tf_phase7_policy_standard_2026-08-20,standard_8x8_g98_vs_g95.jsonl,standard-random-8x8,standard,random-start,8x8,tf:95,tf:98,false,p2,accepted,,829895,829897489720,35
tf_phase7_policy_standard_2026-08-20,standard_8x8_g98_vs_g95.jsonl,standard-random-8x8,standard,random-start,8x8,tf:98,tf:95,true,p1,accepted,,829895,829897489721,36
tf_phase7_policy_standard_2026-08-20,standard_8x8_g98_vs_g95.jsonl,standard-random-8x8,standard,random-start,8x8,tf:95,tf:98,false,p1,accepted,,829895,829897489722,37
tf_phase7_policy_standard_2026-08-20,standard_8x8_g98_vs_g95.jsonl,standard-random-8x8,standard,random-start,8x8,tf:98,tf:95,true,draw,accepted,,829895,829897489723,38
tf_phase7_policy_standard_2026-08-20,standard_8x8_g98_vs_g95.jsonl,standard-random-8x8,standard,random-start,8x8,tf:95,tf:98,false,draw,accepted,,829895,829897489724,39
tf_phase7_policy_standard_2026-08-20,standard_8x8_g98_vs_g97.jsonl,standard-random-8x8,standard,random-start,8x8,tf:98,tf:97,true,p2,accepted,,829897,829899489691,0
tf_phase7_policy_standard_2026-08-20,standard_8x8_g98_vs_g97.jsonl,standard-random-8x8,standard,random-start,8x8,tf:97,tf:98,false,draw,accepted,,829897,829899489692,1
tf_phase7_policy_standard_2026-08-20,standard_8x8_g98_vs_g97.jsonl,standard-random-8x8,standard,random-start,8x8,tf:98,tf:97,true,draw,accepted,,829897,829899489693,2
tf_phase7_policy_standard_2026-08-20,standard_8x8_g98_vs_g97.jsonl,standard-random-8x8,standard,random-start,8x8,tf:97,tf:98,false,draw,accepted,,829897,829899489694,3
tf_phase7_policy_standard_2026-08-20,standard_8x8_g98_vs_g97.jsonl,standard-random-8x8,standard,random-start,8x8,tf:98,tf:97,true,p2,accepted,,829897,829899489695,4
tf_phase7_policy_standard_2026-08-20,standard_8x8_g98_vs_g97.jsonl,standard-random-8x8,standard,random-start,8x8,tf:97,tf:98,false,p1,accepted,,829897,829899489696,5
tf_phase7_policy_standard_2026-08-20,standard_8x8_g98_vs_g97.jsonl,standard-random-8x8,standard,random-start,8x8,tf:98,tf:97,true,p1,accepted,,829897,829899489697,6
tf_phase7_policy_standard_2026-08-20,standard_8x8_g98_vs_g97.jsonl,standard-random-8x8,standard,random-start,8x8,tf:97,tf:98,false,draw,accepted,,829897,829899489698,7
tf_phase7_policy_standard_2026-08-20,standard_8x8_g98_vs_g97.jsonl,standard-random-8x8,standard,random-start,8x8,tf:98,tf:97,true,p2,accepted,,829897,829899489699,8
tf_phase7_policy_standard_2026-08-20,standard_8x8_g98_vs_g97.jsonl,standard-random-8x8,standard,random-start,8x8,tf:97,tf:98,false,draw,accepted,,829897,829899489700,9
tf_phase7_policy_standard_2026-08-20,standard_8x8_g98_vs_g97.jsonl,standard-random-8x8,standard,random-start,8x8,tf:98,tf:97,true,p1,accepted,,829897,829899489701,10
tf_phase7_policy_standard_2026-08-20,standard_8x8_g98_vs_g97.jsonl,standard-random-8x8,standard,random-start,8x8,tf:97,tf:98,false,p2,accepted,,829897,829899489702,11
tf_phase7_policy_standard_2026-08-20,standard_8x8_g98_vs_g97.jsonl,standard-random-8x8,standard,random-start,8x8,tf:98,tf:97,true,p2,accepted,,829897,829899489703,12
tf_phase7_policy_standard_2026-08-20,standard_8x8_g98_vs_g97.jsonl,standard-random-8x8,standard,random-start,8x8,tf:97,tf:98,false,p2,accepted,,829897,829899489704,13
tf_phase7_policy_standard_2026-08-20,standard_8x8_g98_vs_g97.jsonl,standard-random-8x8,standard,random-start,8x8,tf:98,tf:97,true,draw,accepted,,829897,829899489705,14
tf_phase7_policy_standard_2026-08-20,standard_8x8_g98_vs_g97.jsonl,standard-random-8x8,standard,random-start,8x8,tf:97,tf:98,false,p1,accepted,,829897,829899489706,15
tf_phase7_policy_standard_2026-08-20,standard_8x8_g98_vs_g97.jsonl,standard-random-8x8,standard,random-start,8x8,tf:98,tf:97,true,p2,accepted,,829897,829899489707,16
tf_phase7_policy_standard_2026-08-20,standard_8x8_g98_vs_g97.jsonl,standard-random-8x8,standard,random-start,8x8,tf:97,tf:98,false,p2,accepted,,829897,829899489708,17
tf_phase7_policy_standard_2026-08-20,standard_8x8_g98_vs_g97.jsonl,standard-random-8x8,standard,random-start,8x8,tf:98,tf:97,true,p2,accepted,,829897,829899489709,18
tf_phase7_policy_standard_2026-08-20,standard_8x8_g98_vs_g97.jsonl,standard-random-8x8,standard,random-start,8x8,tf:97,tf:98,false,p2,accepted,,829897,829899489710,19
tf_phase7_policy_standard_2026-08-20,standard_8x8_g98_vs_g97.jsonl,standard-random-8x8,standard,random-start,8x8,tf:98,tf:97,true,p1,accepted,,829897,829899489711,20
tf_phase7_policy_standard_2026-08-20,standard_8x8_g98_vs_g97.jsonl,standard-random-8x8,standard,random-start,8x8,tf:97,tf:98,false,p1,accepted,,829897,829899489712,21
tf_phase7_policy_standard_2026-08-20,standard_8x8_g98_vs_g97.jsonl,standard-random-8x8,standard,random-start,8x8,tf:98,tf:97,true,draw,accepted,,829897,829899489713,22
tf_phase7_policy_standard_2026-08-20,standard_8x8_g98_vs_g97.jsonl,standard-random-8x8,standard,random-start,8x8,tf:97,tf:98,false,p1,accepted,,829897,829899489714,23
tf_phase7_policy_standard_2026-08-20,standard_8x8_g98_vs_g97.jsonl,standard-random-8x8,standard,random-start,8x8,tf:98,tf:97,true,p1,accepted,,829897,829899489715,24
tf_phase7_policy_standard_2026-08-20,standard_8x8_g98_vs_g97.jsonl,standard-random-8x8,standard,random-start,8x8,tf:97,tf:98,false,p1,accepted,,829897,829899489716,25
tf_phase7_policy_standard_2026-08-20,standard_8x8_g98_vs_g97.jsonl,standard-random-8x8,standard,random-start,8x8,tf:98,tf:97,true,p2,accepted,,829897,829899489717,26
tf_phase7_policy_standard_2026-08-20,standard_8x8_g98_vs_g97.jsonl,standard-random-8x8,standard,random-start,8x8,tf:97,tf:98,false,p1,accepted,,829897,829899489718,27
tf_phase7_policy_standard_2026-08-20,standard_8x8_g98_vs_g97.jsonl,standard-random-8x8,standard,random-start,8x8,tf:98,tf:97,true,p2,accepted,,829897,829899489719,28
tf_phase7_policy_standard_2026-08-20,standard_8x8_g98_vs_g97.jsonl,standard-random-8x8,standard,random-start,8x8,tf:97,tf:98,false,draw,accepted,,829897,829899489720,29
tf_phase7_policy_standard_2026-08-20,standard_8x8_g98_vs_g97.jsonl,standard-random-8x8,standard,random-start,8x8,tf:98,tf:97,true,draw,accepted,,829897,829899489721,30
tf_phase7_policy_standard_2026-08-20,standard_8x8_g98_vs_g97.jsonl,standard-random-8x8,standard,random-start,8x8,tf:97,tf:98,false,p2,accepted,,829897,829899489722,31
tf_phase7_policy_standard_2026-08-20,standard_8x8_g98_vs_g97.jsonl,standard-random-8x8,standard,random-start,8x8,tf:98,tf:97,true,draw,accepted,,829897,829899489723,32
tf_phase7_policy_standard_2026-08-20,standard_8x8_g98_vs_g97.jsonl,standard-random-8x8,standard,random-start,8x8,tf:97,tf:98,false,p1,accepted,,829897,829899489724,33
tf_phase7_policy_standard_2026-08-20,standard_8x8_g98_vs_g97.jsonl,standard-random-8x8,standard,random-start,8x8,tf:98,tf:97,true,p2,accepted,,829897,829899489725,34
tf_phase7_policy_standard_2026-08-20,standard_8x8_g98_vs_g97.jsonl,standard-random-8x8,standard,random-start,8x8,tf:97,tf:98,false,p2,accepted,,829897,829899489726,35
tf_phase7_policy_standard_2026-08-20,standard_8x8_g98_vs_g97.jsonl,standard-random-8x8,standard,random-start,8x8,tf:98,tf:97,true,p2,accepted,,829897,829899489727,36
tf_phase7_policy_standard_2026-08-20,standard_8x8_g98_vs_g97.jsonl,standard-random-8x8,standard,random-start,8x8,tf:97,tf:98,false,p1,accepted,,829897,829899489728,37
tf_phase7_policy_standard_2026-08-20,standard_8x8_g98_vs_g97.jsonl,standard-random-8x8,standard,random-start,8x8,tf:98,tf:97,true,p1,accepted,,829897,829899489729,38
tf_phase7_policy_standard_2026-08-20,standard_8x8_g98_vs_g97.jsonl,standard-random-8x8,standard,random-start,8x8,tf:97,tf:98,false,p2,accepted,,829897,829899489730,39
tf_phase7_policy_standard_2026-08-20,standard_8x8_g99_vs_g93.jsonl,standard-random-8x8,standard,random-start,8x8,tf:99,tf:93,true,p2,accepted,,829993,829995489979,0
tf_phase7_policy_standard_2026-08-20,standard_8x8_g99_vs_g93.jsonl,standard-random-8x8,standard,random-start,8x8,tf:93,tf:99,false,p1,accepted,,829993,829995489980,1
tf_phase7_policy_standard_2026-08-20,standard_8x8_g99_vs_g93.jsonl,standard-random-8x8,standard,random-start,8x8,tf:99,tf:93,true,p2,accepted,,829993,829995489981,2
tf_phase7_policy_standard_2026-08-20,standard_8x8_g99_vs_g93.jsonl,standard-random-8x8,standard,random-start,8x8,tf:93,tf:99,false,p1,accepted,,829993,829995489982,3
tf_phase7_policy_standard_2026-08-20,standard_8x8_g99_vs_g93.jsonl,standard-random-8x8,standard,random-start,8x8,tf:99,tf:93,true,draw,accepted,,829993,829995489983,4
tf_phase7_policy_standard_2026-08-20,standard_8x8_g99_vs_g93.jsonl,standard-random-8x8,standard,random-start,8x8,tf:93,tf:99,false,p2,accepted,,829993,829995489984,5
tf_phase7_policy_standard_2026-08-20,standard_8x8_g99_vs_g93.jsonl,standard-random-8x8,standard,random-start,8x8,tf:99,tf:93,true,p1,accepted,,829993,829995489985,6
tf_phase7_policy_standard_2026-08-20,standard_8x8_g99_vs_g93.jsonl,standard-random-8x8,standard,random-start,8x8,tf:93,tf:99,false,draw,accepted,,829993,829995489986,7
tf_phase7_policy_standard_2026-08-20,standard_8x8_g99_vs_g93.jsonl,standard-random-8x8,standard,random-start,8x8,tf:99,tf:93,true,p2,accepted,,829993,829995489987,8
tf_phase7_policy_standard_2026-08-20,standard_8x8_g99_vs_g93.jsonl,standard-random-8x8,standard,random-start,8x8,tf:93,tf:99,false,p1,accepted,,829993,829995489988,9
tf_phase7_policy_standard_2026-08-20,standard_8x8_g99_vs_g93.jsonl,standard-random-8x8,standard,random-start,8x8,tf:99,tf:93,true,draw,accepted,,829993,829995489989,10
tf_phase7_policy_standard_2026-08-20,standard_8x8_g99_vs_g93.jsonl,standard-random-8x8,standard,random-start,8x8,tf:93,tf:99,false,p1,accepted,,829993,829995489990,11
tf_phase7_policy_standard_2026-08-20,standard_8x8_g99_vs_g93.jsonl,standard-random-8x8,standard,random-start,8x8,tf:99,tf:93,true,p1,accepted,,829993,829995489991,12
tf_phase7_policy_standard_2026-08-20,standard_8x8_g99_vs_g93.jsonl,standard-random-8x8,standard,random-start,8x8,tf:93,tf:99,false,p2,accepted,,829993,829995489992,13
tf_phase7_policy_standard_2026-08-20,standard_8x8_g99_vs_g93.jsonl,standard-random-8x8,standard,random-start,8x8,tf:99,tf:93,true,p1,accepted,,829993,829995489993,14
tf_phase7_policy_standard_2026-08-20,standard_8x8_g99_vs_g93.jsonl,standard-random-8x8,standard,random-start,8x8,tf:93,tf:99,false,draw,accepted,,829993,829995489994,15
tf_phase7_policy_standard_2026-08-20,standard_8x8_g99_vs_g93.jsonl,standard-random-8x8,standard,random-start,8x8,tf:99,tf:93,true,p2,accepted,,829993,829995489995,16
tf_phase7_policy_standard_2026-08-20,standard_8x8_g99_vs_g93.jsonl,standard-random-8x8,standard,random-start,8x8,tf:93,tf:99,false,p1,accepted,,829993,829995489996,17
tf_phase7_policy_standard_2026-08-20,standard_8x8_g99_vs_g93.jsonl,standard-random-8x8,standard,random-start,8x8,tf:99,tf:93,true,p2,accepted,,829993,829995489997,18
tf_phase7_policy_standard_2026-08-20,standard_8x8_g99_vs_g93.jsonl,standard-random-8x8,standard,random-start,8x8,tf:93,tf:99,false,p1,accepted,,829993,829995489998,19
tf_phase7_policy_standard_2026-08-20,standard_8x8_g99_vs_g93.jsonl,standard-random-8x8,standard,random-start,8x8,tf:99,tf:93,true,p2,accepted,,829993,829995489999,20
tf_phase7_policy_standard_2026-08-20,standard_8x8_g99_vs_g93.jsonl,standard-random-8x8,standard,random-start,8x8,tf:93,tf:99,false,p2,accepted,,829993,829995490000,21
tf_phase7_policy_standard_2026-08-20,standard_8x8_g99_vs_g93.jsonl,standard-random-8x8,standard,random-start,8x8,tf:99,tf:93,true,p1,accepted,,829993,829995490001,22
tf_phase7_policy_standard_2026-08-20,standard_8x8_g99_vs_g93.jsonl,standard-random-8x8,standard,random-start,8x8,tf:93,tf:99,false,p2,accepted,,829993,829995490002,23
tf_phase7_policy_standard_2026-08-20,standard_8x8_g99_vs_g93.jsonl,standard-random-8x8,standard,random-start,8x8,tf:99,tf:93,true,p1,accepted,,829993,829995490003,24
tf_phase7_policy_standard_2026-08-20,standard_8x8_g99_vs_g93.jsonl,standard-random-8x8,standard,random-start,8x8,tf:93,tf:99,false,draw,accepted,,829993,829995490004,25
tf_phase7_policy_standard_2026-08-20,standard_8x8_g99_vs_g93.jsonl,standard-random-8x8,standard,random-start,8x8,tf:99,tf:93,true,p1,accepted,,829993,829995490005,26
tf_phase7_policy_standard_2026-08-20,standard_8x8_g99_vs_g93.jsonl,standard-random-8x8,standard,random-start,8x8,tf:93,tf:99,false,p1,accepted,,829993,829995490006,27
tf_phase7_policy_standard_2026-08-20,standard_8x8_g99_vs_g93.jsonl,standard-random-8x8,standard,random-start,8x8,tf:99,tf:93,true,draw,accepted,,829993,829995490007,28
tf_phase7_policy_standard_2026-08-20,standard_8x8_g99_vs_g93.jsonl,standard-random-8x8,standard,random-start,8x8,tf:93,tf:99,false,p2,accepted,,829993,829995490008,29
tf_phase7_policy_standard_2026-08-20,standard_8x8_g99_vs_g93.jsonl,standard-random-8x8,standard,random-start,8x8,tf:99,tf:93,true,p1,accepted,,829993,829995490009,30
tf_phase7_policy_standard_2026-08-20,standard_8x8_g99_vs_g93.jsonl,standard-random-8x8,standard,random-start,8x8,tf:93,tf:99,false,p2,accepted,,829993,829995490010,31
tf_phase7_policy_standard_2026-08-20,standard_8x8_g99_vs_g93.jsonl,standard-random-8x8,standard,random-start,8x8,tf:99,tf:93,true,p1,accepted,,829993,829995490011,32
tf_phase7_policy_standard_2026-08-20,standard_8x8_g99_vs_g93.jsonl,standard-random-8x8,standard,random-start,8x8,tf:93,tf:99,false,p2,accepted,,829993,829995490012,33
tf_phase7_policy_standard_2026-08-20,standard_8x8_g99_vs_g93.jsonl,standard-random-8x8,standard,random-start,8x8,tf:99,tf:93,true,draw,accepted,,829993,829995490013,34
tf_phase7_policy_standard_2026-08-20,standard_8x8_g99_vs_g93.jsonl,standard-random-8x8,standard,random-start,8x8,tf:93,tf:99,false,p1,accepted,,829993,829995490014,35
tf_phase7_policy_standard_2026-08-20,standard_8x8_g99_vs_g93.jsonl,standard-random-8x8,standard,random-start,8x8,tf:99,tf:93,true,p1,accepted,,829993,829995490015,36
tf_phase7_policy_standard_2026-08-20,standard_8x8_g99_vs_g93.jsonl,standard-random-8x8,standard,random-start,8x8,tf:93,tf:99,false,p1,accepted,,829993,829995490016,37
tf_phase7_policy_standard_2026-08-20,standard_8x8_g99_vs_g93.jsonl,standard-random-8x8,standard,random-start,8x8,tf:99,tf:93,true,p1,accepted,,829993,829995490017,38
tf_phase7_policy_standard_2026-08-20,standard_8x8_g99_vs_g93.jsonl,standard-random-8x8,standard,random-start,8x8,tf:93,tf:99,false,p2,accepted,,829993,829995490018,39
tf_phase7_policy_standard_2026-08-20,standard_8x8_g99_vs_g96.jsonl,standard-random-8x8,standard,random-start,8x8,tf:99,tf:96,true,draw,accepted,,829996,829998489988,0
tf_phase7_policy_standard_2026-08-20,standard_8x8_g99_vs_g96.jsonl,standard-random-8x8,standard,random-start,8x8,tf:96,tf:99,false,draw,accepted,,829996,829998489989,1
tf_phase7_policy_standard_2026-08-20,standard_8x8_g99_vs_g96.jsonl,standard-random-8x8,standard,random-start,8x8,tf:99,tf:96,true,p2,accepted,,829996,829998489990,2
tf_phase7_policy_standard_2026-08-20,standard_8x8_g99_vs_g96.jsonl,standard-random-8x8,standard,random-start,8x8,tf:96,tf:99,false,p1,accepted,,829996,829998489991,3
tf_phase7_policy_standard_2026-08-20,standard_8x8_g99_vs_g96.jsonl,standard-random-8x8,standard,random-start,8x8,tf:99,tf:96,true,p2,accepted,,829996,829998489992,4
tf_phase7_policy_standard_2026-08-20,standard_8x8_g99_vs_g96.jsonl,standard-random-8x8,standard,random-start,8x8,tf:96,tf:99,false,draw,accepted,,829996,829998489993,5
tf_phase7_policy_standard_2026-08-20,standard_8x8_g99_vs_g96.jsonl,standard-random-8x8,standard,random-start,8x8,tf:99,tf:96,true,p1,accepted,,829996,829998489994,6
tf_phase7_policy_standard_2026-08-20,standard_8x8_g99_vs_g96.jsonl,standard-random-8x8,standard,random-start,8x8,tf:96,tf:99,false,p1,accepted,,829996,829998489995,7
tf_phase7_policy_standard_2026-08-20,standard_8x8_g99_vs_g96.jsonl,standard-random-8x8,standard,random-start,8x8,tf:99,tf:96,true,p2,accepted,,829996,829998489996,8
tf_phase7_policy_standard_2026-08-20,standard_8x8_g99_vs_g96.jsonl,standard-random-8x8,standard,random-start,8x8,tf:96,tf:99,false,draw,accepted,,829996,829998489997,9
tf_phase7_policy_standard_2026-08-20,standard_8x8_g99_vs_g96.jsonl,standard-random-8x8,standard,random-start,8x8,tf:99,tf:96,true,p1,accepted,,829996,829998489998,10
tf_phase7_policy_standard_2026-08-20,standard_8x8_g99_vs_g96.jsonl,standard-random-8x8,standard,random-start,8x8,tf:96,tf:99,false,p2,accepted,,829996,829998489999,11
tf_phase7_policy_standard_2026-08-20,standard_8x8_g99_vs_g96.jsonl,standard-random-8x8,standard,random-start,8x8,tf:99,tf:96,true,p1,accepted,,829996,829998490000,12
tf_phase7_policy_standard_2026-08-20,standard_8x8_g99_vs_g96.jsonl,standard-random-8x8,standard,random-start,8x8,tf:96,tf:99,false,draw,accepted,,829996,829998490001,13
tf_phase7_policy_standard_2026-08-20,standard_8x8_g99_vs_g96.jsonl,standard-random-8x8,standard,random-start,8x8,tf:99,tf:96,true,p2,accepted,,829996,829998490002,14
tf_phase7_policy_standard_2026-08-20,standard_8x8_g99_vs_g96.jsonl,standard-random-8x8,standard,random-start,8x8,tf:96,tf:99,false,p1,accepted,,829996,829998490003,15
tf_phase7_policy_standard_2026-08-20,standard_8x8_g99_vs_g96.jsonl,standard-random-8x8,standard,random-start,8x8,tf:99,tf:96,true,p1,accepted,,829996,829998490004,16
tf_phase7_policy_standard_2026-08-20,standard_8x8_g99_vs_g96.jsonl,standard-random-8x8,standard,random-start,8x8,tf:96,tf:99,false,p1,accepted,,829996,829998490005,17
tf_phase7_policy_standard_2026-08-20,standard_8x8_g99_vs_g96.jsonl,standard-random-8x8,standard,random-start,8x8,tf:99,tf:96,true,draw,accepted,,829996,829998490006,18
tf_phase7_policy_standard_2026-08-20,standard_8x8_g99_vs_g96.jsonl,standard-random-8x8,standard,random-start,8x8,tf:96,tf:99,false,p2,accepted,,829996,829998490007,19
tf_phase7_policy_standard_2026-08-20,standard_8x8_g99_vs_g96.jsonl,standard-random-8x8,standard,random-start,8x8,tf:99,tf:96,true,p2,accepted,,829996,829998490008,20
tf_phase7_policy_standard_2026-08-20,standard_8x8_g99_vs_g96.jsonl,standard-random-8x8,standard,random-start,8x8,tf:96,tf:99,false,p1,accepted,,829996,829998490009,21
tf_phase7_policy_standard_2026-08-20,standard_8x8_g99_vs_g96.jsonl,standard-random-8x8,standard,random-start,8x8,tf:99,tf:96,true,p1,accepted,,829996,829998490010,22
tf_phase7_policy_standard_2026-08-20,standard_8x8_g99_vs_g96.jsonl,standard-random-8x8,standard,random-start,8x8,tf:96,tf:99,false,p2,accepted,,829996,829998490011,23
tf_phase7_policy_standard_2026-08-20,standard_8x8_g99_vs_g96.jsonl,standard-random-8x8,standard,random-start,8x8,tf:99,tf:96,true,p2,accepted,,829996,829998490012,24
tf_phase7_policy_standard_2026-08-20,standard_8x8_g99_vs_g96.jsonl,standard-random-8x8,standard,random-start,8x8,tf:96,tf:99,false,draw,accepted,,829996,829998490013,25
tf_phase7_policy_standard_2026-08-20,standard_8x8_g99_vs_g96.jsonl,standard-random-8x8,standard,random-start,8x8,tf:99,tf:96,true,p2,accepted,,829996,829998490014,26
tf_phase7_policy_standard_2026-08-20,standard_8x8_g99_vs_g96.jsonl,standard-random-8x8,standard,random-start,8x8,tf:96,tf:99,false,p1,accepted,,829996,829998490015,27
tf_phase7_policy_standard_2026-08-20,standard_8x8_g99_vs_g96.jsonl,standard-random-8x8,standard,random-start,8x8,tf:99,tf:96,true,p1,accepted,,829996,829998490016,28
tf_phase7_policy_standard_2026-08-20,standard_8x8_g99_vs_g96.jsonl,standard-random-8x8,standard,random-start,8x8,tf:96,tf:99,false,p2,accepted,,829996,829998490017,29
tf_phase7_policy_standard_2026-08-20,standard_8x8_g99_vs_g96.jsonl,standard-random-8x8,standard,random-start,8x8,tf:99,tf:96,true,draw,accepted,,829996,829998490018,30
tf_phase7_policy_standard_2026-08-20,standard_8x8_g99_vs_g96.jsonl,standard-random-8x8,standard,random-start,8x8,tf:96,tf:99,false,p1,accepted,,829996,829998490019,31
tf_phase7_policy_standard_2026-08-20,standard_8x8_g99_vs_g96.jsonl,standard-random-8x8,standard,random-start,8x8,tf:99,tf:96,true,p2,accepted,,829996,829998490020,32
tf_phase7_policy_standard_2026-08-20,standard_8x8_g99_vs_g96.jsonl,standard-random-8x8,standard,random-start,8x8,tf:96,tf:99,false,p1,accepted,,829996,829998490021,33
tf_phase7_policy_standard_2026-08-20,standard_8x8_g99_vs_g96.jsonl,standard-random-8x8,standard,random-start,8x8,tf:99,tf:96,true,p2,accepted,,829996,829998490022,34
tf_phase7_policy_standard_2026-08-20,standard_8x8_g99_vs_g96.jsonl,standard-random-8x8,standard,random-start,8x8,tf:96,tf:99,false,p2,accepted,,829996,829998490023,35
tf_phase7_policy_standard_2026-08-20,standard_8x8_g99_vs_g96.jsonl,standard-random-8x8,standard,random-start,8x8,tf:99,tf:96,true,p1,accepted,,829996,829998490024,36
tf_phase7_policy_standard_2026-08-20,standard_8x8_g99_vs_g96.jsonl,standard-random-8x8,standard,random-start,8x8,tf:96,tf:99,false,p1,accepted,,829996,829998490025,37
tf_phase7_policy_standard_2026-08-20,standard_8x8_g99_vs_g96.jsonl,standard-random-8x8,standard,random-start,8x8,tf:99,tf:96,true,p2,accepted,,829996,829998490026,38
tf_phase7_policy_standard_2026-08-20,standard_8x8_g99_vs_g96.jsonl,standard-random-8x8,standard,random-start,8x8,tf:96,tf:99,false,draw,accepted,,829996,829998490027,39
tf_phase7_policy_standard_2026-08-20,standard_8x8_g99_vs_g98.jsonl,standard-random-8x8,standard,random-start,8x8,tf:99,tf:98,true,p2,accepted,,829998,830000489994,0
tf_phase7_policy_standard_2026-08-20,standard_8x8_g99_vs_g98.jsonl,standard-random-8x8,standard,random-start,8x8,tf:98,tf:99,false,p2,accepted,,829998,830000489995,1
tf_phase7_policy_standard_2026-08-20,standard_8x8_g99_vs_g98.jsonl,standard-random-8x8,standard,random-start,8x8,tf:99,tf:98,true,p1,accepted,,829998,830000489996,2
tf_phase7_policy_standard_2026-08-20,standard_8x8_g99_vs_g98.jsonl,standard-random-8x8,standard,random-start,8x8,tf:98,tf:99,false,draw,accepted,,829998,830000489997,3
tf_phase7_policy_standard_2026-08-20,standard_8x8_g99_vs_g98.jsonl,standard-random-8x8,standard,random-start,8x8,tf:99,tf:98,true,draw,accepted,,829998,830000489998,4
tf_phase7_policy_standard_2026-08-20,standard_8x8_g99_vs_g98.jsonl,standard-random-8x8,standard,random-start,8x8,tf:98,tf:99,false,p2,accepted,,829998,830000489999,5
tf_phase7_policy_standard_2026-08-20,standard_8x8_g99_vs_g98.jsonl,standard-random-8x8,standard,random-start,8x8,tf:99,tf:98,true,draw,accepted,,829998,830000490000,6
tf_phase7_policy_standard_2026-08-20,standard_8x8_g99_vs_g98.jsonl,standard-random-8x8,standard,random-start,8x8,tf:98,tf:99,false,p2,accepted,,829998,830000490001,7
tf_phase7_policy_standard_2026-08-20,standard_8x8_g99_vs_g98.jsonl,standard-random-8x8,standard,random-start,8x8,tf:99,tf:98,true,p1,accepted,,829998,830000490002,8
tf_phase7_policy_standard_2026-08-20,standard_8x8_g99_vs_g98.jsonl,standard-random-8x8,standard,random-start,8x8,tf:98,tf:99,false,p1,accepted,,829998,830000490003,9
tf_phase7_policy_standard_2026-08-20,standard_8x8_g99_vs_g98.jsonl,standard-random-8x8,standard,random-start,8x8,tf:99,tf:98,true,p1,accepted,,829998,830000490004,10
tf_phase7_policy_standard_2026-08-20,standard_8x8_g99_vs_g98.jsonl,standard-random-8x8,standard,random-start,8x8,tf:98,tf:99,false,p1,accepted,,829998,830000490005,11
tf_phase7_policy_standard_2026-08-20,standard_8x8_g99_vs_g98.jsonl,standard-random-8x8,standard,random-start,8x8,tf:99,tf:98,true,p2,accepted,,829998,830000490006,12
tf_phase7_policy_standard_2026-08-20,standard_8x8_g99_vs_g98.jsonl,standard-random-8x8,standard,random-start,8x8,tf:98,tf:99,false,draw,accepted,,829998,830000490007,13
tf_phase7_policy_standard_2026-08-20,standard_8x8_g99_vs_g98.jsonl,standard-random-8x8,standard,random-start,8x8,tf:99,tf:98,true,p1,accepted,,829998,830000490008,14
tf_phase7_policy_standard_2026-08-20,standard_8x8_g99_vs_g98.jsonl,standard-random-8x8,standard,random-start,8x8,tf:98,tf:99,false,draw,accepted,,829998,830000490009,15
tf_phase7_policy_standard_2026-08-20,standard_8x8_g99_vs_g98.jsonl,standard-random-8x8,standard,random-start,8x8,tf:99,tf:98,true,p2,accepted,,829998,830000490010,16
tf_phase7_policy_standard_2026-08-20,standard_8x8_g99_vs_g98.jsonl,standard-random-8x8,standard,random-start,8x8,tf:98,tf:99,false,p2,accepted,,829998,830000490011,17
tf_phase7_policy_standard_2026-08-20,standard_8x8_g99_vs_g98.jsonl,standard-random-8x8,standard,random-start,8x8,tf:99,tf:98,true,p2,accepted,,829998,830000490012,18
tf_phase7_policy_standard_2026-08-20,standard_8x8_g99_vs_g98.jsonl,standard-random-8x8,standard,random-start,8x8,tf:98,tf:99,false,p2,accepted,,829998,830000490013,19
tf_phase7_policy_standard_2026-08-20,standard_8x8_g99_vs_g98.jsonl,standard-random-8x8,standard,random-start,8x8,tf:99,tf:98,true,p1,accepted,,829998,830000490014,20
tf_phase7_policy_standard_2026-08-20,standard_8x8_g99_vs_g98.jsonl,standard-random-8x8,standard,random-start,8x8,tf:98,tf:99,false,p1,accepted,,829998,830000490015,21
tf_phase7_policy_standard_2026-08-20,standard_8x8_g99_vs_g98.jsonl,standard-random-8x8,standard,random-start,8x8,tf:99,tf:98,true,p2,accepted,,829998,830000490016,22
tf_phase7_policy_standard_2026-08-20,standard_8x8_g99_vs_g98.jsonl,standard-random-8x8,standard,random-start,8x8,tf:98,tf:99,false,p2,accepted,,829998,830000490017,23
tf_phase7_policy_standard_2026-08-20,standard_8x8_g99_vs_g98.jsonl,standard-random-8x8,standard,random-start,8x8,tf:99,tf:98,true,draw,accepted,,829998,830000490018,24
tf_phase7_policy_standard_2026-08-20,standard_8x8_g99_vs_g98.jsonl,standard-random-8x8,standard,random-start,8x8,tf:98,tf:99,false,p2,accepted,,829998,830000490019,25
tf_phase7_policy_standard_2026-08-20,standard_8x8_g99_vs_g98.jsonl,standard-random-8x8,standard,random-start,8x8,tf:99,tf:98,true,draw,accepted,,829998,830000490020,26
tf_phase7_policy_standard_2026-08-20,standard_8x8_g99_vs_g98.jsonl,standard-random-8x8,standard,random-start,8x8,tf:98,tf:99,false,p1,accepted,,829998,830000490021,27
tf_phase7_policy_standard_2026-08-20,standard_8x8_g99_vs_g98.jsonl,standard-random-8x8,standard,random-start,8x8,tf:99,tf:98,true,p2,accepted,,829998,830000490022,28
tf_phase7_policy_standard_2026-08-20,standard_8x8_g99_vs_g98.jsonl,standard-random-8x8,standard,random-start,8x8,tf:98,tf:99,false,p1,accepted,,829998,830000490023,29
tf_phase7_policy_standard_2026-08-20,standard_8x8_g99_vs_g98.jsonl,standard-random-8x8,standard,random-start,8x8,tf:99,tf:98,true,draw,accepted,,829998,830000490024,30
tf_phase7_policy_standard_2026-08-20,standard_8x8_g99_vs_g98.jsonl,standard-random-8x8,standard,random-start,8x8,tf:98,tf:99,false,p2,accepted,,829998,830000490025,31
tf_phase7_policy_standard_2026-08-20,standard_8x8_g99_vs_g98.jsonl,standard-random-8x8,standard,random-start,8x8,tf:99,tf:98,true,draw,accepted,,829998,830000490026,32
tf_phase7_policy_standard_2026-08-20,standard_8x8_g99_vs_g98.jsonl,standard-random-8x8,standard,random-start,8x8,tf:98,tf:99,false,p1,accepted,,829998,830000490027,33
tf_phase7_policy_standard_2026-08-20,standard_8x8_g99_vs_g98.jsonl,standard-random-8x8,standard,random-start,8x8,tf:99,tf:98,true,p2,accepted,,829998,830000490028,34
tf_phase7_policy_standard_2026-08-20,standard_8x8_g99_vs_g98.jsonl,standard-random-8x8,standard,random-start,8x8,tf:98,tf:99,false,p1,accepted,,829998,830000490029,35
tf_phase7_policy_standard_2026-08-20,standard_8x8_g99_vs_g98.jsonl,standard-random-8x8,standard,random-start,8x8,tf:99,tf:98,true,p1,accepted,,829998,830000490030,36
tf_phase7_policy_standard_2026-08-20,standard_8x8_g99_vs_g98.jsonl,standard-random-8x8,standard,random-start,8x8,tf:98,tf:99,false,p1,accepted,,829998,830000490031,37
tf_phase7_policy_standard_2026-08-20,standard_8x8_g99_vs_g98.jsonl,standard-random-8x8,standard,random-start,8x8,tf:99,tf:98,true,p2,accepted,,829998,830000490032,38
tf_phase7_policy_standard_2026-08-20,standard_8x8_g99_vs_g98.jsonl,standard-random-8x8,standard,random-start,8x8,tf:98,tf:99,false,p1,accepted,,829998,830000490033,39
