exp,sourceFile,conditionId,variant,setup,board,p1,p2,candidateIsP1,winner,evidenceStatus,exclusionReason,engineSeed,randomStartSeed,game
tf_policy_elo_current_rule_continuation_g141_g150_2026-09-02,accepted/animal-cycle-fixed-7x7.jsonl#7b902a8fd71f1e8815f2ec2b,animal-cycle-fixed-7x7,animal-cycle,fixed,7x7,tf:135,tf:141,true,p2,accepted,,1384600868,1384605021802604,0
tf_policy_elo_current_rule_continuation_g141_g150_2026-09-02,accepted/animal-cycle-fixed-7x7.jsonl#ff9d91dc4f292c87032fabba,animal-cycle-fixed-7x7,animal-cycle,fixed,7x7,tf:136,tf:142,true,p2,accepted,,1612578676,1612583513736028,0
tf_policy_elo_current_rule_continuation_g141_g150_2026-09-02,accepted/animal-cycle-fixed-7x7.jsonl#c3fc3328b20d92826fd3f661,animal-cycle-fixed-7x7,animal-cycle,fixed,7x7,tf:137,tf:143,true,p2,accepted,,362677169,362678257031507,0
tf_policy_elo_current_rule_continuation_g141_g150_2026-09-02,accepted/animal-cycle-fixed-7x7.jsonl#f263d315ed10fb923f33e164,animal-cycle-fixed-7x7,animal-cycle,fixed,7x7,tf:138,tf:141,true,p2,accepted,,164734504,164734998203512,0
tf_policy_elo_current_rule_continuation_g141_g150_2026-09-02,accepted/animal-cycle-fixed-7x7.jsonl#7b73d46bbbc5b2633dfeb510,animal-cycle-fixed-7x7,animal-cycle,fixed,7x7,tf:138,tf:144,true,p2,accepted,,728338482,728340667015446,0
tf_policy_elo_current_rule_continuation_g141_g150_2026-09-02,accepted/animal-cycle-fixed-7x7.jsonl#2ec7f2b6d46c812343973e28,animal-cycle-fixed-7x7,animal-cycle,fixed,7x7,tf:139,tf:142,true,p2,accepted,,1806929518,1806934938788554,0
tf_policy_elo_current_rule_continuation_g141_g150_2026-09-02,accepted/animal-cycle-fixed-7x7.jsonl#09cdcc6bafe7684cec3c4993,animal-cycle-fixed-7x7,animal-cycle,fixed,7x7,tf:139,tf:145,true,p2,accepted,,2087284383,2087290644853149,0
tf_policy_elo_current_rule_continuation_g141_g150_2026-09-02,accepted/animal-cycle-fixed-7x7.jsonl#96451752c2980eef3ad71f31,animal-cycle-fixed-7x7,animal-cycle,fixed,7x7,tf:140,tf:141,true,p2,accepted,,771536139,771538453608417,0
tf_policy_elo_current_rule_continuation_g141_g150_2026-09-02,accepted/animal-cycle-fixed-7x7.jsonl#8b49b7d5a654293f46f65430,animal-cycle-fixed-7x7,animal-cycle,fixed,7x7,tf:140,tf:143,true,p2,accepted,,660403864,660405845211592,0
tf_policy_elo_current_rule_continuation_g141_g150_2026-09-02,accepted/animal-cycle-fixed-7x7.jsonl#f4dbafd93a9cad4f695e80f3,animal-cycle-fixed-7x7,animal-cycle,fixed,7x7,tf:140,tf:146,true,p2,accepted,,2023213532,2023219601640596,0
tf_policy_elo_current_rule_continuation_g141_g150_2026-09-02,accepted/animal-cycle-fixed-7x7.jsonl#495a8fab0109f4a5ebc65219,animal-cycle-fixed-7x7,animal-cycle,fixed,7x7,tf:141,tf:135,false,p1,accepted,,1384600868,1384605021802605,1
tf_policy_elo_current_rule_continuation_g141_g150_2026-09-02,accepted/animal-cycle-fixed-7x7.jsonl#41852739d22c405fb0bb4e0a,animal-cycle-fixed-7x7,animal-cycle,fixed,7x7,tf:141,tf:138,false,p1,accepted,,164734504,164734998203513,1
tf_policy_elo_current_rule_continuation_g141_g150_2026-09-02,accepted/animal-cycle-fixed-7x7.jsonl#6409e4f986b634d01abaed44,animal-cycle-fixed-7x7,animal-cycle,fixed,7x7,tf:141,tf:140,false,p2,accepted,,771536139,771538453608418,1
tf_policy_elo_current_rule_continuation_g141_g150_2026-09-02,accepted/animal-cycle-fixed-7x7.jsonl#10fc45ccdb5efdc4a830b6a7,animal-cycle-fixed-7x7,animal-cycle,fixed,7x7,tf:141,tf:142,true,p1,accepted,,1404793970,1404798184381910,0
tf_policy_elo_current_rule_continuation_g141_g150_2026-09-02,accepted/animal-cycle-fixed-7x7.jsonl#9f6134fc456a9d0c754b40ac,animal-cycle-fixed-7x7,animal-cycle,fixed,7x7,tf:141,tf:144,true,p1,accepted,,1587604539,1587609301813617,0
tf_policy_elo_current_rule_continuation_g141_g150_2026-09-02,accepted/animal-cycle-fixed-7x7.jsonl#9e4b7e24008d3dae20f0180d,animal-cycle-fixed-7x7,animal-cycle,fixed,7x7,tf:141,tf:147,true,p1,accepted,,523932803,523934374798409,0
tf_policy_elo_current_rule_continuation_g141_g150_2026-09-02,accepted/animal-cycle-fixed-7x7.jsonl#58af0143b4cb8bf3dacff006,animal-cycle-fixed-7x7,animal-cycle,fixed,7x7,tf:142,tf:136,false,p1,accepted,,1612578676,1612583513736029,1
tf_policy_elo_current_rule_continuation_g141_g150_2026-09-02,accepted/animal-cycle-fixed-7x7.jsonl#c1725cf306331797cda7c07e,animal-cycle-fixed-7x7,animal-cycle,fixed,7x7,tf:142,tf:139,false,p1,accepted,,1806929518,1806934938788555,1
tf_policy_elo_current_rule_continuation_g141_g150_2026-09-02,accepted/animal-cycle-fixed-7x7.jsonl#eba0c0eabd9f0db79e772818,animal-cycle-fixed-7x7,animal-cycle,fixed,7x7,tf:142,tf:141,false,p1,accepted,,1404793970,1404798184381911,1
tf_policy_elo_current_rule_continuation_g141_g150_2026-09-02,accepted/animal-cycle-fixed-7x7.jsonl#5518944978a3ce28e9206552,animal-cycle-fixed-7x7,animal-cycle,fixed,7x7,tf:142,tf:143,true,p1,accepted,,1588635895,1588640660907685,0
tf_policy_elo_current_rule_continuation_g141_g150_2026-09-02,accepted/animal-cycle-fixed-7x7.jsonl#884de30f15f7149a6e5f46db,animal-cycle-fixed-7x7,animal-cycle,fixed,7x7,tf:142,tf:145,true,p1,accepted,,1157865188,1157868661595564,0
tf_policy_elo_current_rule_continuation_g141_g150_2026-09-02,accepted/animal-cycle-fixed-7x7.jsonl#08e19418d67126e2e22f85f5,animal-cycle-fixed-7x7,animal-cycle,fixed,7x7,tf:142,tf:148,true,p1,accepted,,1863452427,1863458017357281,0
tf_policy_elo_current_rule_continuation_g141_g150_2026-09-02,accepted/animal-cycle-fixed-7x7.jsonl#4fbb74168daa728330bc0b7f,animal-cycle-fixed-7x7,animal-cycle,fixed,7x7,tf:143,tf:137,false,p1,accepted,,362677169,362678257031508,1
tf_policy_elo_current_rule_continuation_g141_g150_2026-09-02,accepted/animal-cycle-fixed-7x7.jsonl#b3b2af8247dab7bb0ca268a5,animal-cycle-fixed-7x7,animal-cycle,fixed,7x7,tf:143,tf:140,false,p1,accepted,,660403864,660405845211593,1
tf_policy_elo_current_rule_continuation_g141_g150_2026-09-02,accepted/animal-cycle-fixed-7x7.jsonl#de2a20f866f67554c747e9cd,animal-cycle-fixed-7x7,animal-cycle,fixed,7x7,tf:143,tf:142,false,p1,accepted,,1588635895,1588640660907686,1
tf_policy_elo_current_rule_continuation_g141_g150_2026-09-02,accepted/animal-cycle-fixed-7x7.jsonl#7fe7d423f87643e6417de529,animal-cycle-fixed-7x7,animal-cycle,fixed,7x7,tf:143,tf:144,true,p1,accepted,,188281664,188282228844992,0
tf_policy_elo_current_rule_continuation_g141_g150_2026-09-02,accepted/animal-cycle-fixed-7x7.jsonl#8431808ee7ce92f8a032db09,animal-cycle-fixed-7x7,animal-cycle,fixed,7x7,tf:143,tf:146,true,p1,accepted,,786675128,786677488025384,0
tf_policy_elo_current_rule_continuation_g141_g150_2026-09-02,accepted/animal-cycle-fixed-7x7.jsonl#a3c0d1e5b536765db5040cf8,animal-cycle-fixed-7x7,animal-cycle,fixed,7x7,tf:143,tf:149,true,p1,accepted,,1324151504,1324155476454512,0
tf_policy_elo_current_rule_continuation_g141_g150_2026-09-02,accepted/animal-cycle-fixed-7x7.jsonl#db46b193b93f4368af3157a3,animal-cycle-fixed-7x7,animal-cycle,fixed,7x7,tf:144,tf:138,false,p1,accepted,,728338482,728340667015447,1
tf_policy_elo_current_rule_continuation_g141_g150_2026-09-02,accepted/animal-cycle-fixed-7x7.jsonl#524fed4dabbc0f1aa7d3e162,animal-cycle-fixed-7x7,animal-cycle,fixed,7x7,tf:144,tf:141,false,p1,accepted,,1587604539,1587609301813618,1
tf_policy_elo_current_rule_continuation_g141_g150_2026-09-02,accepted/animal-cycle-fixed-7x7.jsonl#6d8094a66d57904da8a19156,animal-cycle-fixed-7x7,animal-cycle,fixed,7x7,tf:144,tf:143,false,p1,accepted,,188281664,188282228844993,1
tf_policy_elo_current_rule_continuation_g141_g150_2026-09-02,accepted/animal-cycle-fixed-7x7.jsonl#d10587d99a05e0fe85dafee8,animal-cycle-fixed-7x7,animal-cycle,fixed,7x7,tf:144,tf:145,true,p1,accepted,,796007557,796009945022671,0
tf_policy_elo_current_rule_continuation_g141_g150_2026-09-02,accepted/animal-cycle-fixed-7x7.jsonl#6df80f2524c9b32078680fc9,animal-cycle-fixed-7x7,animal-cycle,fixed,7x7,tf:144,tf:147,true,p1,accepted,,1701628998,1701634102886994,0
tf_policy_elo_current_rule_continuation_g141_g150_2026-09-02,accepted/animal-cycle-fixed-7x7.jsonl#3d9b03dd26b6a7a321559d2b,animal-cycle-fixed-7x7,animal-cycle,fixed,7x7,tf:144,tf:150,true,p1,accepted,,386140990,386142148422970,0
tf_policy_elo_current_rule_continuation_g141_g150_2026-09-02,accepted/animal-cycle-fixed-7x7.jsonl#d29f504bf5ec940db1b25baa,animal-cycle-fixed-7x7,animal-cycle,fixed,7x7,tf:145,tf:139,false,p1,accepted,,2087284383,2087290644853150,1
tf_policy_elo_current_rule_continuation_g141_g150_2026-09-02,accepted/animal-cycle-fixed-7x7.jsonl#d189b1fe9020cc691a187b39,animal-cycle-fixed-7x7,animal-cycle,fixed,7x7,tf:145,tf:142,false,p1,accepted,,1157865188,1157868661595565,1
tf_policy_elo_current_rule_continuation_g141_g150_2026-09-02,accepted/animal-cycle-fixed-7x7.jsonl#12764f8be8e057e28ab70589,animal-cycle-fixed-7x7,animal-cycle,fixed,7x7,tf:145,tf:144,false,p1,accepted,,796007557,796009945022672,1
tf_policy_elo_current_rule_continuation_g141_g150_2026-09-02,accepted/animal-cycle-fixed-7x7.jsonl#fd9ba410fd57c99294a66f59,animal-cycle-fixed-7x7,animal-cycle,fixed,7x7,tf:145,tf:146,true,p1,accepted,,395314661,395315846943983,0
tf_policy_elo_current_rule_continuation_g141_g150_2026-09-02,accepted/animal-cycle-fixed-7x7.jsonl#924d2efc2619cc3b903bc078,animal-cycle-fixed-7x7,animal-cycle,fixed,7x7,tf:145,tf:148,true,p1,accepted,,1320614552,1320618513843656,0
tf_policy_elo_current_rule_continuation_g141_g150_2026-09-02,accepted/animal-cycle-fixed-7x7.jsonl#6c28865ce1c8c31c636b2f80,animal-cycle-fixed-7x7,animal-cycle,fixed,7x7,tf:146,tf:140,false,p2,accepted,,2023213532,2023219601640597,1
tf_policy_elo_current_rule_continuation_g141_g150_2026-09-02,accepted/animal-cycle-fixed-7x7.jsonl#f0cdb84ca7b5a47d1a315330,animal-cycle-fixed-7x7,animal-cycle,fixed,7x7,tf:146,tf:143,false,p1,accepted,,786675128,786677488025385,1
tf_policy_elo_current_rule_continuation_g141_g150_2026-09-02,accepted/animal-cycle-fixed-7x7.jsonl#5c7f1930cfd85a779a3784e2,animal-cycle-fixed-7x7,animal-cycle,fixed,7x7,tf:146,tf:145,false,p1,accepted,,395314661,395315846943984,1
tf_policy_elo_current_rule_continuation_g141_g150_2026-09-02,accepted/animal-cycle-fixed-7x7.jsonl#c09ec09510faabef090e655b,animal-cycle-fixed-7x7,animal-cycle,fixed,7x7,tf:146,tf:147,true,p1,accepted,,390358187,390359358074561,0
tf_policy_elo_current_rule_continuation_g141_g150_2026-09-02,accepted/animal-cycle-fixed-7x7.jsonl#04c615729c0be4acd01382d4,animal-cycle-fixed-7x7,animal-cycle,fixed,7x7,tf:146,tf:149,true,p1,accepted,,1116524937,1116528286574811,0
tf_policy_elo_current_rule_continuation_g141_g150_2026-09-02,accepted/animal-cycle-fixed-7x7.jsonl#65b0a676255b4f056c8141fa,animal-cycle-fixed-7x7,animal-cycle,fixed,7x7,tf:147,tf:141,false,p1,accepted,,523932803,523934374798410,1
tf_policy_elo_current_rule_continuation_g141_g150_2026-09-02,accepted/animal-cycle-fixed-7x7.jsonl#47b44f05edeef26d9a73b27e,animal-cycle-fixed-7x7,animal-cycle,fixed,7x7,tf:147,tf:144,false,p1,accepted,,1701628998,1701634102886995,1
tf_policy_elo_current_rule_continuation_g141_g150_2026-09-02,accepted/animal-cycle-fixed-7x7.jsonl#8636a3d3d699745cf2d44d9e,animal-cycle-fixed-7x7,animal-cycle,fixed,7x7,tf:147,tf:146,false,p1,accepted,,390358187,390359358074562,1
tf_policy_elo_current_rule_continuation_g141_g150_2026-09-02,accepted/animal-cycle-fixed-7x7.jsonl#99a26e785632f18d16cf4298,animal-cycle-fixed-7x7,animal-cycle,fixed,7x7,tf:147,tf:148,true,p1,accepted,,571554712,571556426664136,0
tf_policy_elo_current_rule_continuation_g141_g150_2026-09-02,accepted/animal-cycle-fixed-7x7.jsonl#ba9a7e30a3b4259532c57ddd,animal-cycle-fixed-7x7,animal-cycle,fixed,7x7,tf:147,tf:150,true,p1,accepted,,1201664842,1201668446994526,0
tf_policy_elo_current_rule_continuation_g141_g150_2026-09-02,accepted/animal-cycle-fixed-7x7.jsonl#5c7f2061bb7b9395a6f27dc4,animal-cycle-fixed-7x7,animal-cycle,fixed,7x7,tf:148,tf:142,false,p1,accepted,,1863452427,1863458017357282,1
tf_policy_elo_current_rule_continuation_g141_g150_2026-09-02,accepted/animal-cycle-fixed-7x7.jsonl#b4de587ef9822f5f16783d66,animal-cycle-fixed-7x7,animal-cycle,fixed,7x7,tf:148,tf:145,false,p1,accepted,,1320614552,1320618513843657,1
tf_policy_elo_current_rule_continuation_g141_g150_2026-09-02,accepted/animal-cycle-fixed-7x7.jsonl#a904797ec3c72b6f017e5887,animal-cycle-fixed-7x7,animal-cycle,fixed,7x7,tf:148,tf:147,false,p1,accepted,,571554712,571556426664137,1
tf_policy_elo_current_rule_continuation_g141_g150_2026-09-02,accepted/animal-cycle-fixed-7x7.jsonl#58174ad1b49778218b73a740,animal-cycle-fixed-7x7,animal-cycle,fixed,7x7,tf:148,tf:149,true,p1,accepted,,1994972715,1994978699918145,0
tf_policy_elo_current_rule_continuation_g141_g150_2026-09-02,accepted/animal-cycle-fixed-7x7.jsonl#b0eb91b02a862591408f10c9,animal-cycle-fixed-7x7,animal-cycle,fixed,7x7,tf:149,tf:143,false,p1,accepted,,1324151504,1324155476454513,1
tf_policy_elo_current_rule_continuation_g141_g150_2026-09-02,accepted/animal-cycle-fixed-7x7.jsonl#028ee1efb378239f1652aad3,animal-cycle-fixed-7x7,animal-cycle,fixed,7x7,tf:149,tf:146,false,p1,accepted,,1116524937,1116528286574812,1
tf_policy_elo_current_rule_continuation_g141_g150_2026-09-02,accepted/animal-cycle-fixed-7x7.jsonl#0040b2155d3ed97cbb4281f4,animal-cycle-fixed-7x7,animal-cycle,fixed,7x7,tf:149,tf:148,false,p1,accepted,,1994972715,1994978699918146,1
tf_policy_elo_current_rule_continuation_g141_g150_2026-09-02,accepted/animal-cycle-fixed-7x7.jsonl#27dd0a3d929c1875fc761cb6,animal-cycle-fixed-7x7,animal-cycle,fixed,7x7,tf:149,tf:150,true,p1,accepted,,1901021085,1901026788063255,0
tf_policy_elo_current_rule_continuation_g141_g150_2026-09-02,accepted/animal-cycle-fixed-7x7.jsonl#5c8e1e5f329f9d01e671a3e6,animal-cycle-fixed-7x7,animal-cycle,fixed,7x7,tf:150,tf:144,false,p1,accepted,,386140990,386142148422971,1
tf_policy_elo_current_rule_continuation_g141_g150_2026-09-02,accepted/animal-cycle-fixed-7x7.jsonl#e30557f70e63a81bb835f327,animal-cycle-fixed-7x7,animal-cycle,fixed,7x7,tf:150,tf:147,false,p1,accepted,,1201664842,1201668446994527,1
tf_policy_elo_current_rule_continuation_g141_g150_2026-09-02,accepted/animal-cycle-fixed-7x7.jsonl#4d48189be1275a1d41654f86,animal-cycle-fixed-7x7,animal-cycle,fixed,7x7,tf:150,tf:149,false,p1,accepted,,1901021085,1901026788063256,1
tf_policy_elo_current_rule_continuation_g141_g150_2026-09-02,accepted/animal-cycle-random-7x7.jsonl#3a35f8de7f7b20467c52f188,animal-cycle-random-7x7,animal-cycle,random-start,7x7,tf:135,tf:141,true,p1,accepted,,1728639267,1728644452917801,0
tf_policy_elo_current_rule_continuation_g141_g150_2026-09-02,accepted/animal-cycle-random-7x7.jsonl#77204468586d2db7996b92a0,animal-cycle-random-7x7,animal-cycle,random-start,7x7,tf:135,tf:141,true,p1,accepted,,1728639267,1728644452917803,2
tf_policy_elo_current_rule_continuation_g141_g150_2026-09-02,accepted/animal-cycle-random-7x7.jsonl#30885aa857ec16e517221c22,animal-cycle-random-7x7,animal-cycle,random-start,7x7,tf:135,tf:141,true,p2,accepted,,1728639267,1728644452917805,4
tf_policy_elo_current_rule_continuation_g141_g150_2026-09-02,accepted/animal-cycle-random-7x7.jsonl#5b53ce42d7cbb9cd417068a6,animal-cycle-random-7x7,animal-cycle,random-start,7x7,tf:135,tf:141,true,p2,accepted,,1728639267,1728644452917807,6
tf_policy_elo_current_rule_continuation_g141_g150_2026-09-02,accepted/animal-cycle-random-7x7.jsonl#7e5e4d9c66af28c994c83d04,animal-cycle-random-7x7,animal-cycle,random-start,7x7,tf:135,tf:141,true,p1,accepted,,1728639267,1728644452917809,8
tf_policy_elo_current_rule_continuation_g141_g150_2026-09-02,accepted/animal-cycle-random-7x7.jsonl#4c99f9bf573f2c42a0fe3d86,animal-cycle-random-7x7,animal-cycle,random-start,7x7,tf:135,tf:141,true,p2,accepted,,1728639267,1728644452917811,10
tf_policy_elo_current_rule_continuation_g141_g150_2026-09-02,accepted/animal-cycle-random-7x7.jsonl#d97366f06f9dfdf95f403f2a,animal-cycle-random-7x7,animal-cycle,random-start,7x7,tf:136,tf:142,true,p1,accepted,,1687253113,1687258174759339,0
tf_policy_elo_current_rule_continuation_g141_g150_2026-09-02,accepted/animal-cycle-random-7x7.jsonl#cdcb5e2fa37475479dde8cf1,animal-cycle-random-7x7,animal-cycle,random-start,7x7,tf:136,tf:142,true,p2,accepted,,1687253113,1687258174759341,2
tf_policy_elo_current_rule_continuation_g141_g150_2026-09-02,accepted/animal-cycle-random-7x7.jsonl#38786bcbe1aa2de7c300cbe7,animal-cycle-random-7x7,animal-cycle,random-start,7x7,tf:136,tf:142,true,p2,accepted,,1687253113,1687258174759343,4
tf_policy_elo_current_rule_continuation_g141_g150_2026-09-02,accepted/animal-cycle-random-7x7.jsonl#95b509bac8fc900be32f0127,animal-cycle-random-7x7,animal-cycle,random-start,7x7,tf:136,tf:142,true,p1,accepted,,1687253113,1687258174759345,6
tf_policy_elo_current_rule_continuation_g141_g150_2026-09-02,accepted/animal-cycle-random-7x7.jsonl#894dda0ca85763e56d0635f3,animal-cycle-random-7x7,animal-cycle,random-start,7x7,tf:136,tf:142,true,p1,accepted,,1687253113,1687258174759347,8
tf_policy_elo_current_rule_continuation_g141_g150_2026-09-02,accepted/animal-cycle-random-7x7.jsonl#064ecd6a5f21eac461d90604,animal-cycle-random-7x7,animal-cycle,random-start,7x7,tf:136,tf:142,true,p1,accepted,,1687253113,1687258174759349,10
tf_policy_elo_current_rule_continuation_g141_g150_2026-09-02,accepted/animal-cycle-random-7x7.jsonl#e2968bd0067e021a4410d373,animal-cycle-random-7x7,animal-cycle,random-start,7x7,tf:137,tf:143,true,p1,accepted,,1702392196,1702397303176588,0
tf_policy_elo_current_rule_continuation_g141_g150_2026-09-02,accepted/animal-cycle-random-7x7.jsonl#3a004f22971ffa25a6c1edae,animal-cycle-random-7x7,animal-cycle,random-start,7x7,tf:137,tf:143,true,p1,accepted,,1702392196,1702397303176590,2
tf_policy_elo_current_rule_continuation_g141_g150_2026-09-02,accepted/animal-cycle-random-7x7.jsonl#026cd9f2cde89f29c1f94ddd,animal-cycle-random-7x7,animal-cycle,random-start,7x7,tf:137,tf:143,true,p1,accepted,,1702392196,1702397303176592,4
tf_policy_elo_current_rule_continuation_g141_g150_2026-09-02,accepted/animal-cycle-random-7x7.jsonl#b6ee5d01b00b1a6fe8baf94b,animal-cycle-random-7x7,animal-cycle,random-start,7x7,tf:137,tf:143,true,p1,accepted,,1702392196,1702397303176594,6
tf_policy_elo_current_rule_continuation_g141_g150_2026-09-02,accepted/animal-cycle-random-7x7.jsonl#57d47a66dd01677c9c81c04f,animal-cycle-random-7x7,animal-cycle,random-start,7x7,tf:137,tf:143,true,p1,accepted,,1702392196,1702397303176596,8
tf_policy_elo_current_rule_continuation_g141_g150_2026-09-02,accepted/animal-cycle-random-7x7.jsonl#7bb48b8b2cf7e25f3c2fede8,animal-cycle-random-7x7,animal-cycle,random-start,7x7,tf:137,tf:143,true,p1,accepted,,1702392196,1702397303176598,10
tf_policy_elo_current_rule_continuation_g141_g150_2026-09-02,accepted/animal-cycle-random-7x7.jsonl#301daf7742072cfee5291ee5,animal-cycle-random-7x7,animal-cycle,random-start,7x7,tf:138,tf:141,true,p1,accepted,,1912877587,1912883325632761,0
tf_policy_elo_current_rule_continuation_g141_g150_2026-09-02,accepted/animal-cycle-random-7x7.jsonl#f265526ab07a1591b7ec5a30,animal-cycle-random-7x7,animal-cycle,random-start,7x7,tf:138,tf:141,true,p1,accepted,,1912877587,1912883325632763,2
tf_policy_elo_current_rule_continuation_g141_g150_2026-09-02,accepted/animal-cycle-random-7x7.jsonl#c843057a8e424d20eeaced3a,animal-cycle-random-7x7,animal-cycle,random-start,7x7,tf:138,tf:141,true,p2,accepted,,1912877587,1912883325632765,4
tf_policy_elo_current_rule_continuation_g141_g150_2026-09-02,accepted/animal-cycle-random-7x7.jsonl#2463bdb062a12f0994cfeb43,animal-cycle-random-7x7,animal-cycle,random-start,7x7,tf:138,tf:141,true,p2,accepted,,1912877587,1912883325632767,6
tf_policy_elo_current_rule_continuation_g141_g150_2026-09-02,accepted/animal-cycle-random-7x7.jsonl#eec38db8f0f73fc71bf71663,animal-cycle-random-7x7,animal-cycle,random-start,7x7,tf:138,tf:141,true,p2,accepted,,1912877587,1912883325632769,8
tf_policy_elo_current_rule_continuation_g141_g150_2026-09-02,accepted/animal-cycle-random-7x7.jsonl#9272b0760877e6b4838727c8,animal-cycle-random-7x7,animal-cycle,random-start,7x7,tf:138,tf:141,true,p1,accepted,,1912877587,1912883325632771,10
tf_policy_elo_current_rule_continuation_g141_g150_2026-09-02,accepted/animal-cycle-random-7x7.jsonl#de05d1a1f80d9c98579420e1,animal-cycle-random-7x7,animal-cycle,random-start,7x7,tf:138,tf:144,true,p1,accepted,,404481155,404482368443465,0
tf_policy_elo_current_rule_continuation_g141_g150_2026-09-02,accepted/animal-cycle-random-7x7.jsonl#113f7096e6948077c65324b0,animal-cycle-random-7x7,animal-cycle,random-start,7x7,tf:138,tf:144,true,p1,accepted,,404481155,404482368443467,2
tf_policy_elo_current_rule_continuation_g141_g150_2026-09-02,accepted/animal-cycle-random-7x7.jsonl#13885ea340c6a290d2cf9516,animal-cycle-random-7x7,animal-cycle,random-start,7x7,tf:138,tf:144,true,p1,accepted,,404481155,404482368443469,4
tf_policy_elo_current_rule_continuation_g141_g150_2026-09-02,accepted/animal-cycle-random-7x7.jsonl#e1d4104be45503efda5e7087,animal-cycle-random-7x7,animal-cycle,random-start,7x7,tf:138,tf:144,true,p2,accepted,,404481155,404482368443471,6
tf_policy_elo_current_rule_continuation_g141_g150_2026-09-02,accepted/animal-cycle-random-7x7.jsonl#d8cec223ebc5405ddb460991,animal-cycle-random-7x7,animal-cycle,random-start,7x7,tf:138,tf:144,true,p1,accepted,,404481155,404482368443473,8
tf_policy_elo_current_rule_continuation_g141_g150_2026-09-02,accepted/animal-cycle-random-7x7.jsonl#e9af770db6ce1215237d69c2,animal-cycle-random-7x7,animal-cycle,random-start,7x7,tf:138,tf:144,true,p1,accepted,,404481155,404482368443475,10
tf_policy_elo_current_rule_continuation_g141_g150_2026-09-02,accepted/animal-cycle-random-7x7.jsonl#7fa3ab5de2ba8cd1bd5b7d54,animal-cycle-random-7x7,animal-cycle,random-start,7x7,tf:139,tf:142,true,p1,accepted,,1586698971,1586703731096913,0
tf_policy_elo_current_rule_continuation_g141_g150_2026-09-02,accepted/animal-cycle-random-7x7.jsonl#90050c554222701e45a73b3a,animal-cycle-random-7x7,animal-cycle,random-start,7x7,tf:139,tf:142,true,p1,accepted,,1586698971,1586703731096915,2
tf_policy_elo_current_rule_continuation_g141_g150_2026-09-02,accepted/animal-cycle-random-7x7.jsonl#9200120516f208de5dd3c103,animal-cycle-random-7x7,animal-cycle,random-start,7x7,tf:139,tf:142,true,p1,accepted,,1586698971,1586703731096917,4
tf_policy_elo_current_rule_continuation_g141_g150_2026-09-02,accepted/animal-cycle-random-7x7.jsonl#288565e3094cfd7ec6f24045,animal-cycle-random-7x7,animal-cycle,random-start,7x7,tf:139,tf:142,true,p1,accepted,,1586698971,1586703731096919,6
tf_policy_elo_current_rule_continuation_g141_g150_2026-09-02,accepted/animal-cycle-random-7x7.jsonl#6a7c8d1321352c3496ea1cbd,animal-cycle-random-7x7,animal-cycle,random-start,7x7,tf:139,tf:142,true,p1,accepted,,1586698971,1586703731096921,8
tf_policy_elo_current_rule_continuation_g141_g150_2026-09-02,accepted/animal-cycle-random-7x7.jsonl#6c7378443dd156f4436626b6,animal-cycle-random-7x7,animal-cycle,random-start,7x7,tf:139,tf:142,true,p1,accepted,,1586698971,1586703731096923,10
tf_policy_elo_current_rule_continuation_g141_g150_2026-09-02,accepted/animal-cycle-random-7x7.jsonl#aac699bbe060ed8ff5b6e41f,animal-cycle-random-7x7,animal-cycle,random-start,7x7,tf:139,tf:145,true,p2,accepted,,804973354,804975768920062,0
tf_policy_elo_current_rule_continuation_g141_g150_2026-09-02,accepted/animal-cycle-random-7x7.jsonl#1f690edad441422bcb06e16a,animal-cycle-random-7x7,animal-cycle,random-start,7x7,tf:139,tf:145,true,p2,accepted,,804973354,804975768920064,2
tf_policy_elo_current_rule_continuation_g141_g150_2026-09-02,accepted/animal-cycle-random-7x7.jsonl#88808ddee8888f0827436c2a,animal-cycle-random-7x7,animal-cycle,random-start,7x7,tf:139,tf:145,true,p2,accepted,,804973354,804975768920066,4
tf_policy_elo_current_rule_continuation_g141_g150_2026-09-02,accepted/animal-cycle-random-7x7.jsonl#731f0b90907feaa7ec87a921,animal-cycle-random-7x7,animal-cycle,random-start,7x7,tf:139,tf:145,true,p1,accepted,,804973354,804975768920068,6
tf_policy_elo_current_rule_continuation_g141_g150_2026-09-02,accepted/animal-cycle-random-7x7.jsonl#dcd42b568fd840c90db44b20,animal-cycle-random-7x7,animal-cycle,random-start,7x7,tf:139,tf:145,true,p2,accepted,,804973354,804975768920070,8
tf_policy_elo_current_rule_continuation_g141_g150_2026-09-02,accepted/animal-cycle-random-7x7.jsonl#17603bd7ff3f640c29417c59,animal-cycle-random-7x7,animal-cycle,random-start,7x7,tf:139,tf:145,true,p2,accepted,,804973354,804975768920072,10
tf_policy_elo_current_rule_continuation_g141_g150_2026-09-02,accepted/animal-cycle-random-7x7.jsonl#61920d104f02eeddf7c0459d,animal-cycle-random-7x7,animal-cycle,random-start,7x7,tf:140,tf:141,true,p1,accepted,,1865066418,1865072013199254,0
tf_policy_elo_current_rule_continuation_g141_g150_2026-09-02,accepted/animal-cycle-random-7x7.jsonl#407b8f9be72bf55524f539d9,animal-cycle-random-7x7,animal-cycle,random-start,7x7,tf:140,tf:141,true,p2,accepted,,1865066418,1865072013199256,2
tf_policy_elo_current_rule_continuation_g141_g150_2026-09-02,accepted/animal-cycle-random-7x7.jsonl#656bf0b8e8a6c7281b4fbf1a,animal-cycle-random-7x7,animal-cycle,random-start,7x7,tf:140,tf:141,true,p1,accepted,,1865066418,1865072013199258,4
tf_policy_elo_current_rule_continuation_g141_g150_2026-09-02,accepted/animal-cycle-random-7x7.jsonl#1b540ad0cb262ad1a8183c96,animal-cycle-random-7x7,animal-cycle,random-start,7x7,tf:140,tf:141,true,p1,accepted,,1865066418,1865072013199260,6
tf_policy_elo_current_rule_continuation_g141_g150_2026-09-02,accepted/animal-cycle-random-7x7.jsonl#a908b0ff10709f26687e1d22,animal-cycle-random-7x7,animal-cycle,random-start,7x7,tf:140,tf:141,true,p1,accepted,,1865066418,1865072013199262,8
tf_policy_elo_current_rule_continuation_g141_g150_2026-09-02,accepted/animal-cycle-random-7x7.jsonl#0780acefc640f87f6e198f0c,animal-cycle-random-7x7,animal-cycle,random-start,7x7,tf:140,tf:141,true,p2,accepted,,1865066418,1865072013199264,10
tf_policy_elo_current_rule_continuation_g141_g150_2026-09-02,accepted/animal-cycle-random-7x7.jsonl#fdee374ac834c789753c5f31,animal-cycle-random-7x7,animal-cycle,random-start,7x7,tf:140,tf:143,true,p1,accepted,,781078997,781081340236991,0
tf_policy_elo_current_rule_continuation_g141_g150_2026-09-02,accepted/animal-cycle-random-7x7.jsonl#de85684ed69a20fc31fcf175,animal-cycle-random-7x7,animal-cycle,random-start,7x7,tf:140,tf:143,true,p1,accepted,,781078997,781081340236993,2
tf_policy_elo_current_rule_continuation_g141_g150_2026-09-02,accepted/animal-cycle-random-7x7.jsonl#9588a811e64f3a1ec1c7014a,animal-cycle-random-7x7,animal-cycle,random-start,7x7,tf:140,tf:143,true,p2,accepted,,781078997,781081340236995,4
tf_policy_elo_current_rule_continuation_g141_g150_2026-09-02,accepted/animal-cycle-random-7x7.jsonl#1ae86cd0a7256089ebe813d6,animal-cycle-random-7x7,animal-cycle,random-start,7x7,tf:140,tf:143,true,p1,accepted,,781078997,781081340236997,6
tf_policy_elo_current_rule_continuation_g141_g150_2026-09-02,accepted/animal-cycle-random-7x7.jsonl#c154200356eea4d373afd8b4,animal-cycle-random-7x7,animal-cycle,random-start,7x7,tf:140,tf:143,true,p2,accepted,,781078997,781081340236999,8
tf_policy_elo_current_rule_continuation_g141_g150_2026-09-02,accepted/animal-cycle-random-7x7.jsonl#e8eb4bcffc34760d2583b442,animal-cycle-random-7x7,animal-cycle,random-start,7x7,tf:140,tf:143,true,p1,accepted,,781078997,781081340237001,10
tf_policy_elo_current_rule_continuation_g141_g150_2026-09-02,accepted/animal-cycle-random-7x7.jsonl#6d976620825a0891b47d3fb7,animal-cycle-random-7x7,animal-cycle,random-start,7x7,tf:140,tf:146,true,p1,accepted,,712947727,712949865843181,0
tf_policy_elo_current_rule_continuation_g141_g150_2026-09-02,accepted/animal-cycle-random-7x7.jsonl#3324920c2cbf9854e8e643ef,animal-cycle-random-7x7,animal-cycle,random-start,7x7,tf:140,tf:146,true,p1,accepted,,478660361,478661796981083,0
tf_policy_elo_current_rule_continuation_g141_g150_2026-09-02,accepted/animal-cycle-random-7x7.jsonl#d0fd44ec06a682676fd55d9a,animal-cycle-random-7x7,animal-cycle,random-start,7x7,tf:140,tf:146,true,p2,accepted,,712947727,712949865843183,2
tf_policy_elo_current_rule_continuation_g141_g150_2026-09-02,accepted/animal-cycle-random-7x7.jsonl#7a18f9224422609c91fc0e11,animal-cycle-random-7x7,animal-cycle,random-start,7x7,tf:140,tf:146,true,p1,accepted,,712947727,712949865843187,6
tf_policy_elo_current_rule_continuation_g141_g150_2026-09-02,accepted/animal-cycle-random-7x7.jsonl#c565131c842c2050727811a8,animal-cycle-random-7x7,animal-cycle,random-start,7x7,tf:140,tf:146,true,p1,accepted,,712947727,712949865843189,8
tf_policy_elo_current_rule_continuation_g141_g150_2026-09-02,accepted/animal-cycle-random-7x7.jsonl#75e7733f02649a3e29103835,animal-cycle-random-7x7,animal-cycle,random-start,7x7,tf:140,tf:146,true,p1,accepted,,712947727,712949865843191,10
tf_policy_elo_current_rule_continuation_g141_g150_2026-09-02,accepted/animal-cycle-random-7x7.jsonl#b984441e781ce6c891025201,animal-cycle-random-7x7,animal-cycle,random-start,7x7,tf:141,tf:135,false,p1,accepted,,1728639267,1728644452917802,1
tf_policy_elo_current_rule_continuation_g141_g150_2026-09-02,accepted/animal-cycle-random-7x7.jsonl#c0b92ebaf8c0d5955487b356,animal-cycle-random-7x7,animal-cycle,random-start,7x7,tf:141,tf:135,false,p2,accepted,,1728639267,1728644452917804,3
tf_policy_elo_current_rule_continuation_g141_g150_2026-09-02,accepted/animal-cycle-random-7x7.jsonl#ad6529a5d20af7da5581b5dc,animal-cycle-random-7x7,animal-cycle,random-start,7x7,tf:141,tf:135,false,p1,accepted,,1728639267,1728644452917806,5
tf_policy_elo_current_rule_continuation_g141_g150_2026-09-02,accepted/animal-cycle-random-7x7.jsonl#5485acc95bf1a17f27400ba7,animal-cycle-random-7x7,animal-cycle,random-start,7x7,tf:141,tf:135,false,p1,accepted,,1728639267,1728644452917808,7
tf_policy_elo_current_rule_continuation_g141_g150_2026-09-02,accepted/animal-cycle-random-7x7.jsonl#c0fe1c48774a815ac14a0672,animal-cycle-random-7x7,animal-cycle,random-start,7x7,tf:141,tf:135,false,p1,accepted,,1728639267,1728644452917810,9
tf_policy_elo_current_rule_continuation_g141_g150_2026-09-02,accepted/animal-cycle-random-7x7.jsonl#e2b33a24b2b4e1ba4fa47699,animal-cycle-random-7x7,animal-cycle,random-start,7x7,tf:141,tf:135,false,p1,accepted,,1728639267,1728644452917812,11
tf_policy_elo_current_rule_continuation_g141_g150_2026-09-02,accepted/animal-cycle-random-7x7.jsonl#e3ffb7a53c938135d3c109e7,animal-cycle-random-7x7,animal-cycle,random-start,7x7,tf:141,tf:138,false,p1,accepted,,1912877587,1912883325632762,1
tf_policy_elo_current_rule_continuation_g141_g150_2026-09-02,accepted/animal-cycle-random-7x7.jsonl#661cf593fbdcf6e88afa223e,animal-cycle-random-7x7,animal-cycle,random-start,7x7,tf:141,tf:138,false,p1,accepted,,1912877587,1912883325632764,3
tf_policy_elo_current_rule_continuation_g141_g150_2026-09-02,accepted/animal-cycle-random-7x7.jsonl#d253b6d5800c54221402200e,animal-cycle-random-7x7,animal-cycle,random-start,7x7,tf:141,tf:138,false,p1,accepted,,1912877587,1912883325632766,5
tf_policy_elo_current_rule_continuation_g141_g150_2026-09-02,accepted/animal-cycle-random-7x7.jsonl#b1d692f5485a735ac2d6cb69,animal-cycle-random-7x7,animal-cycle,random-start,7x7,tf:141,tf:138,false,p1,accepted,,1912877587,1912883325632768,7
tf_policy_elo_current_rule_continuation_g141_g150_2026-09-02,accepted/animal-cycle-random-7x7.jsonl#afcb440d3a428bb9b49f008c,animal-cycle-random-7x7,animal-cycle,random-start,7x7,tf:141,tf:138,false,p1,accepted,,1912877587,1912883325632770,9
tf_policy_elo_current_rule_continuation_g141_g150_2026-09-02,accepted/animal-cycle-random-7x7.jsonl#9bc414e8f69d23cf87b0e822,animal-cycle-random-7x7,animal-cycle,random-start,7x7,tf:141,tf:138,false,p1,accepted,,1912877587,1912883325632772,11
tf_policy_elo_current_rule_continuation_g141_g150_2026-09-02,accepted/animal-cycle-random-7x7.jsonl#8544233e8de16390639e51a8,animal-cycle-random-7x7,animal-cycle,random-start,7x7,tf:141,tf:140,false,p2,accepted,,1865066418,1865072013199255,1
tf_policy_elo_current_rule_continuation_g141_g150_2026-09-02,accepted/animal-cycle-random-7x7.jsonl#7ed613ef8e7771600e46ce7f,animal-cycle-random-7x7,animal-cycle,random-start,7x7,tf:141,tf:140,false,p1,accepted,,1865066418,1865072013199257,3
tf_policy_elo_current_rule_continuation_g141_g150_2026-09-02,accepted/animal-cycle-random-7x7.jsonl#432218cd44a0cf93778fdedf,animal-cycle-random-7x7,animal-cycle,random-start,7x7,tf:141,tf:140,false,p1,accepted,,1865066418,1865072013199259,5
tf_policy_elo_current_rule_continuation_g141_g150_2026-09-02,accepted/animal-cycle-random-7x7.jsonl#a5e98010b32203e0c832011a,animal-cycle-random-7x7,animal-cycle,random-start,7x7,tf:141,tf:140,false,p1,accepted,,1865066418,1865072013199261,7
tf_policy_elo_current_rule_continuation_g141_g150_2026-09-02,accepted/animal-cycle-random-7x7.jsonl#085c1da71b32abefd672fe84,animal-cycle-random-7x7,animal-cycle,random-start,7x7,tf:141,tf:140,false,p2,accepted,,1865066418,1865072013199263,9
tf_policy_elo_current_rule_continuation_g141_g150_2026-09-02,accepted/animal-cycle-random-7x7.jsonl#b542655af39707dfbfb4667e,animal-cycle-random-7x7,animal-cycle,random-start,7x7,tf:141,tf:140,false,p1,accepted,,1865066418,1865072013199265,11
tf_policy_elo_current_rule_continuation_g141_g150_2026-09-02,accepted/animal-cycle-random-7x7.jsonl#cb73812692e48b5c609d399a,animal-cycle-random-7x7,animal-cycle,random-start,7x7,tf:141,tf:142,true,p1,accepted,,1567214137,1567218838642411,0
tf_policy_elo_current_rule_continuation_g141_g150_2026-09-02,accepted/animal-cycle-random-7x7.jsonl#364050c30e87f881d6e5f4d4,animal-cycle-random-7x7,animal-cycle,random-start,7x7,tf:141,tf:142,true,p1,accepted,,1567214137,1567218838642413,2
tf_policy_elo_current_rule_continuation_g141_g150_2026-09-02,accepted/animal-cycle-random-7x7.jsonl#ebb78366d1c67f04fd523845,animal-cycle-random-7x7,animal-cycle,random-start,7x7,tf:141,tf:142,true,p1,accepted,,1567214137,1567218838642415,4
tf_policy_elo_current_rule_continuation_g141_g150_2026-09-02,accepted/animal-cycle-random-7x7.jsonl#55cfc69d71dff8eed6105c88,animal-cycle-random-7x7,animal-cycle,random-start,7x7,tf:141,tf:142,true,p1,accepted,,1567214137,1567218838642417,6
tf_policy_elo_current_rule_continuation_g141_g150_2026-09-02,accepted/animal-cycle-random-7x7.jsonl#ba3145c0627f56e4df850a79,animal-cycle-random-7x7,animal-cycle,random-start,7x7,tf:141,tf:142,true,p1,accepted,,1567214137,1567218838642419,8
tf_policy_elo_current_rule_continuation_g141_g150_2026-09-02,accepted/animal-cycle-random-7x7.jsonl#a9e79ace08b9eee164f5b4ee,animal-cycle-random-7x7,animal-cycle,random-start,7x7,tf:141,tf:142,true,p1,accepted,,1567214137,1567218838642421,10
tf_policy_elo_current_rule_continuation_g141_g150_2026-09-02,accepted/animal-cycle-random-7x7.jsonl#0a878a9aef643c3891489781,animal-cycle-random-7x7,animal-cycle,random-start,7x7,tf:141,tf:144,true,p1,accepted,,1376915252,1376919382745756,0
tf_policy_elo_current_rule_continuation_g141_g150_2026-09-02,accepted/animal-cycle-random-7x7.jsonl#a89d3f96c4befa892b15f336,animal-cycle-random-7x7,animal-cycle,random-start,7x7,tf:141,tf:144,true,p1,accepted,,1376915252,1376919382745758,2
tf_policy_elo_current_rule_continuation_g141_g150_2026-09-02,accepted/animal-cycle-random-7x7.jsonl#dc3d0139f143d7b9fd6fed71,animal-cycle-random-7x7,animal-cycle,random-start,7x7,tf:141,tf:144,true,p1,accepted,,1376915252,1376919382745760,4
tf_policy_elo_current_rule_continuation_g141_g150_2026-09-02,accepted/animal-cycle-random-7x7.jsonl#c0500ce9c08afe7a0a5a20f5,animal-cycle-random-7x7,animal-cycle,random-start,7x7,tf:141,tf:144,true,p1,accepted,,1376915252,1376919382745762,6
tf_policy_elo_current_rule_continuation_g141_g150_2026-09-02,accepted/animal-cycle-random-7x7.jsonl#2466c5943993123151690045,animal-cycle-random-7x7,animal-cycle,random-start,7x7,tf:141,tf:144,true,p1,accepted,,1376915252,1376919382745764,8
tf_policy_elo_current_rule_continuation_g141_g150_2026-09-02,accepted/animal-cycle-random-7x7.jsonl#0279e4c3487d922470077466,animal-cycle-random-7x7,animal-cycle,random-start,7x7,tf:141,tf:144,true,p1,accepted,,1376915252,1376919382745766,10
tf_policy_elo_current_rule_continuation_g141_g150_2026-09-02,accepted/animal-cycle-random-7x7.jsonl#b17316224e8d6475dd4e9971,animal-cycle-random-7x7,animal-cycle,random-start,7x7,tf:141,tf:147,true,p1,accepted,,208882283,208882909646849,0
tf_policy_elo_current_rule_continuation_g141_g150_2026-09-02,accepted/animal-cycle-random-7x7.jsonl#7acbce122e89b7aefaa16c8e,animal-cycle-random-7x7,animal-cycle,random-start,7x7,tf:141,tf:147,true,p1,accepted,,522501207,522502774503621,0
tf_policy_elo_current_rule_continuation_g141_g150_2026-09-02,accepted/animal-cycle-random-7x7.jsonl#a63882c45c8b0390d666b4f9,animal-cycle-random-7x7,animal-cycle,random-start,7x7,tf:141,tf:147,true,p1,accepted,,208882283,208882909646851,2
tf_policy_elo_current_rule_continuation_g141_g150_2026-09-02,accepted/animal-cycle-random-7x7.jsonl#dbadc3f7b7d409005d3b89fb,animal-cycle-random-7x7,animal-cycle,random-start,7x7,tf:141,tf:147,true,p1,accepted,,208882283,208882909646853,4
tf_policy_elo_current_rule_continuation_g141_g150_2026-09-02,accepted/animal-cycle-random-7x7.jsonl#b9a54d3d90ad39e546a87701,animal-cycle-random-7x7,animal-cycle,random-start,7x7,tf:141,tf:147,true,p1,accepted,,208882283,208882909646855,6
tf_policy_elo_current_rule_continuation_g141_g150_2026-09-02,accepted/animal-cycle-random-7x7.jsonl#caa5334898941de6252c05f9,animal-cycle-random-7x7,animal-cycle,random-start,7x7,tf:141,tf:147,true,p1,accepted,,208882283,208882909646859,10
tf_policy_elo_current_rule_continuation_g141_g150_2026-09-02,accepted/animal-cycle-random-7x7.jsonl#077df6c89c9777558e25b00b,animal-cycle-random-7x7,animal-cycle,random-start,7x7,tf:142,tf:136,false,p1,accepted,,1687253113,1687258174759340,1
tf_policy_elo_current_rule_continuation_g141_g150_2026-09-02,accepted/animal-cycle-random-7x7.jsonl#8a3c3f19bec92616caf56d39,animal-cycle-random-7x7,animal-cycle,random-start,7x7,tf:142,tf:136,false,p2,accepted,,1687253113,1687258174759342,3
tf_policy_elo_current_rule_continuation_g141_g150_2026-09-02,accepted/animal-cycle-random-7x7.jsonl#cb8a051cf924184aea6d2e62,animal-cycle-random-7x7,animal-cycle,random-start,7x7,tf:142,tf:136,false,p1,accepted,,1687253113,1687258174759344,5
tf_policy_elo_current_rule_continuation_g141_g150_2026-09-02,accepted/animal-cycle-random-7x7.jsonl#1bc3a42722c346d9e1e6cf96,animal-cycle-random-7x7,animal-cycle,random-start,7x7,tf:142,tf:136,false,p1,accepted,,1687253113,1687258174759346,7
tf_policy_elo_current_rule_continuation_g141_g150_2026-09-02,accepted/animal-cycle-random-7x7.jsonl#f8ff28ae733fc96642a8a3af,animal-cycle-random-7x7,animal-cycle,random-start,7x7,tf:142,tf:136,false,p1,accepted,,1687253113,1687258174759348,9
tf_policy_elo_current_rule_continuation_g141_g150_2026-09-02,accepted/animal-cycle-random-7x7.jsonl#dfa52b16b4f782324944078e,animal-cycle-random-7x7,animal-cycle,random-start,7x7,tf:142,tf:136,false,p1,accepted,,1687253113,1687258174759350,11
tf_policy_elo_current_rule_continuation_g141_g150_2026-09-02,accepted/animal-cycle-random-7x7.jsonl#7b88ac82c9e8e36fd3f87da4,animal-cycle-random-7x7,animal-cycle,random-start,7x7,tf:142,tf:139,false,p2,accepted,,1586698971,1586703731096914,1
tf_policy_elo_current_rule_continuation_g141_g150_2026-09-02,accepted/animal-cycle-random-7x7.jsonl#42811b76e87e48b9af08a624,animal-cycle-random-7x7,animal-cycle,random-start,7x7,tf:142,tf:139,false,p1,accepted,,1586698971,1586703731096916,3
tf_policy_elo_current_rule_continuation_g141_g150_2026-09-02,accepted/animal-cycle-random-7x7.jsonl#41a4f17807f9dc15d32d1e3b,animal-cycle-random-7x7,animal-cycle,random-start,7x7,tf:142,tf:139,false,p1,accepted,,1586698971,1586703731096918,5
tf_policy_elo_current_rule_continuation_g141_g150_2026-09-02,accepted/animal-cycle-random-7x7.jsonl#30dfafe11a758b9e77411057,animal-cycle-random-7x7,animal-cycle,random-start,7x7,tf:142,tf:139,false,p1,accepted,,1586698971,1586703731096920,7
tf_policy_elo_current_rule_continuation_g141_g150_2026-09-02,accepted/animal-cycle-random-7x7.jsonl#9557927c3030b5c236245420,animal-cycle-random-7x7,animal-cycle,random-start,7x7,tf:142,tf:139,false,p1,accepted,,1586698971,1586703731096922,9
tf_policy_elo_current_rule_continuation_g141_g150_2026-09-02,accepted/animal-cycle-random-7x7.jsonl#6d6a16fee87adb02cca7cac4,animal-cycle-random-7x7,animal-cycle,random-start,7x7,tf:142,tf:139,false,p1,accepted,,1586698971,1586703731096924,11
tf_policy_elo_current_rule_continuation_g141_g150_2026-09-02,accepted/animal-cycle-random-7x7.jsonl#4f17a199c3b41149df165cef,animal-cycle-random-7x7,animal-cycle,random-start,7x7,tf:142,tf:141,false,p1,accepted,,1567214137,1567218838642412,1
tf_policy_elo_current_rule_continuation_g141_g150_2026-09-02,accepted/animal-cycle-random-7x7.jsonl#0a062f5aceadb2cdfe3d7264,animal-cycle-random-7x7,animal-cycle,random-start,7x7,tf:142,tf:141,false,p1,accepted,,1567214137,1567218838642414,3
tf_policy_elo_current_rule_continuation_g141_g150_2026-09-02,accepted/animal-cycle-random-7x7.jsonl#978f3d5870c9f8017fd5d7ec,animal-cycle-random-7x7,animal-cycle,random-start,7x7,tf:142,tf:141,false,p2,accepted,,1567214137,1567218838642416,5
tf_policy_elo_current_rule_continuation_g141_g150_2026-09-02,accepted/animal-cycle-random-7x7.jsonl#378186e5af22ca560451b2e5,animal-cycle-random-7x7,animal-cycle,random-start,7x7,tf:142,tf:141,false,p1,accepted,,1567214137,1567218838642418,7
tf_policy_elo_current_rule_continuation_g141_g150_2026-09-02,accepted/animal-cycle-random-7x7.jsonl#daa32c17cc0bc77140365bdc,animal-cycle-random-7x7,animal-cycle,random-start,7x7,tf:142,tf:141,false,p2,accepted,,1567214137,1567218838642420,9
tf_policy_elo_current_rule_continuation_g141_g150_2026-09-02,accepted/animal-cycle-random-7x7.jsonl#933f302f5d2702f0710538b4,animal-cycle-random-7x7,animal-cycle,random-start,7x7,tf:142,tf:141,false,p1,accepted,,1567214137,1567218838642422,11
tf_policy_elo_current_rule_continuation_g141_g150_2026-09-02,accepted/animal-cycle-random-7x7.jsonl#afe42c990c687f62dfad88be,animal-cycle-random-7x7,animal-cycle,random-start,7x7,tf:142,tf:143,true,p2,accepted,,1320418006,1320421967254018,0
tf_policy_elo_current_rule_continuation_g141_g150_2026-09-02,accepted/animal-cycle-random-7x7.jsonl#dca519b651e71b9bd9dd5b45,animal-cycle-random-7x7,animal-cycle,random-start,7x7,tf:142,tf:143,true,p1,accepted,,1320418006,1320421967254020,2
tf_policy_elo_current_rule_continuation_g141_g150_2026-09-02,accepted/animal-cycle-random-7x7.jsonl#bf106ef365b10e168ecaa60b,animal-cycle-random-7x7,animal-cycle,random-start,7x7,tf:142,tf:143,true,p1,accepted,,1320418006,1320421967254022,4
tf_policy_elo_current_rule_continuation_g141_g150_2026-09-02,accepted/animal-cycle-random-7x7.jsonl#e40a4c63efddd4fe28cf0aae,animal-cycle-random-7x7,animal-cycle,random-start,7x7,tf:142,tf:143,true,p1,accepted,,1320418006,1320421967254024,6
tf_policy_elo_current_rule_continuation_g141_g150_2026-09-02,accepted/animal-cycle-random-7x7.jsonl#c50df9703748af0b7c68062a,animal-cycle-random-7x7,animal-cycle,random-start,7x7,tf:142,tf:143,true,p2,accepted,,1320418006,1320421967254026,8
tf_policy_elo_current_rule_continuation_g141_g150_2026-09-02,accepted/animal-cycle-random-7x7.jsonl#ac72ea78b56c476f601cd26a,animal-cycle-random-7x7,animal-cycle,random-start,7x7,tf:142,tf:143,true,p1,accepted,,1320418006,1320421967254028,10
tf_policy_elo_current_rule_continuation_g141_g150_2026-09-02,accepted/animal-cycle-random-7x7.jsonl#edc61ef7a04ac50d01779740,animal-cycle-random-7x7,animal-cycle,random-start,7x7,tf:142,tf:145,true,p1,accepted,,1458993665,1458998041980995,0
tf_policy_elo_current_rule_continuation_g141_g150_2026-09-02,accepted/animal-cycle-random-7x7.jsonl#f4c441eeb33256add7efb45c,animal-cycle-random-7x7,animal-cycle,random-start,7x7,tf:142,tf:145,true,p1,accepted,,1458993665,1458998041980997,2
tf_policy_elo_current_rule_continuation_g141_g150_2026-09-02,accepted/animal-cycle-random-7x7.jsonl#54732edd1e5aefeca79a1877,animal-cycle-random-7x7,animal-cycle,random-start,7x7,tf:142,tf:145,true,p1,accepted,,1458993665,1458998041980999,4
tf_policy_elo_current_rule_continuation_g141_g150_2026-09-02,accepted/animal-cycle-random-7x7.jsonl#09c4b68fa50851075612054d,animal-cycle-random-7x7,animal-cycle,random-start,7x7,tf:142,tf:145,true,p2,accepted,,1458993665,1458998041981001,6
tf_policy_elo_current_rule_continuation_g141_g150_2026-09-02,accepted/animal-cycle-random-7x7.jsonl#21c96c6e3a8d74289a8ceed9,animal-cycle-random-7x7,animal-cycle,random-start,7x7,tf:142,tf:145,true,p2,accepted,,1458993665,1458998041981003,8
tf_policy_elo_current_rule_continuation_g141_g150_2026-09-02,accepted/animal-cycle-random-7x7.jsonl#561955807d7616b3d65ba937,animal-cycle-random-7x7,animal-cycle,random-start,7x7,tf:142,tf:145,true,p1,accepted,,1458993665,1458998041981005,10
tf_policy_elo_current_rule_continuation_g141_g150_2026-09-02,accepted/animal-cycle-random-7x7.jsonl#afe0b598e17cd4f95b31748a,animal-cycle-random-7x7,animal-cycle,random-start,7x7,tf:142,tf:148,true,p2,accepted,,1933918171,1933923972754513,0
tf_policy_elo_current_rule_continuation_g141_g150_2026-09-02,accepted/animal-cycle-random-7x7.jsonl#0b788a6cd14d890391801dfe,animal-cycle-random-7x7,animal-cycle,random-start,7x7,tf:142,tf:148,true,p1,accepted,,1933918171,1933923972754515,2
tf_policy_elo_current_rule_continuation_g141_g150_2026-09-02,accepted/animal-cycle-random-7x7.jsonl#14ab417ad81f4ace1e16b042,animal-cycle-random-7x7,animal-cycle,random-start,7x7,tf:142,tf:148,true,p1,accepted,,1933918171,1933923972754517,4
tf_policy_elo_current_rule_continuation_g141_g150_2026-09-02,accepted/animal-cycle-random-7x7.jsonl#7b88b859d1b25998d4ebc0b6,animal-cycle-random-7x7,animal-cycle,random-start,7x7,tf:142,tf:148,true,p1,accepted,,1933918171,1933923972754519,6
tf_policy_elo_current_rule_continuation_g141_g150_2026-09-02,accepted/animal-cycle-random-7x7.jsonl#420e9ad6d6aa35650021f78f,animal-cycle-random-7x7,animal-cycle,random-start,7x7,tf:142,tf:148,true,p2,accepted,,1933918171,1933923972754521,8
tf_policy_elo_current_rule_continuation_g141_g150_2026-09-02,accepted/animal-cycle-random-7x7.jsonl#96e02df2a860c9517ed9f897,animal-cycle-random-7x7,animal-cycle,random-start,7x7,tf:142,tf:148,true,p1,accepted,,1933918171,1933923972754523,10
tf_policy_elo_current_rule_continuation_g141_g150_2026-09-02,accepted/animal-cycle-random-7x7.jsonl#67acb18a8448f48c2c372f14,animal-cycle-random-7x7,animal-cycle,random-start,7x7,tf:143,tf:137,false,p1,accepted,,1702392196,1702397303176589,1
tf_policy_elo_current_rule_continuation_g141_g150_2026-09-02,accepted/animal-cycle-random-7x7.jsonl#0403987d70b147b24e9b8a6c,animal-cycle-random-7x7,animal-cycle,random-start,7x7,tf:143,tf:137,false,p1,accepted,,1702392196,1702397303176591,3
tf_policy_elo_current_rule_continuation_g141_g150_2026-09-02,accepted/animal-cycle-random-7x7.jsonl#8a8ed5e59ef1bb66b2a08447,animal-cycle-random-7x7,animal-cycle,random-start,7x7,tf:143,tf:137,false,p2,accepted,,1702392196,1702397303176593,5
tf_policy_elo_current_rule_continuation_g141_g150_2026-09-02,accepted/animal-cycle-random-7x7.jsonl#dd8e0d6c6a0f26a24bbaa71c,animal-cycle-random-7x7,animal-cycle,random-start,7x7,tf:143,tf:137,false,p1,accepted,,1702392196,1702397303176595,7
tf_policy_elo_current_rule_continuation_g141_g150_2026-09-02,accepted/animal-cycle-random-7x7.jsonl#58a6a5fbec0cd1209e8187ad,animal-cycle-random-7x7,animal-cycle,random-start,7x7,tf:143,tf:137,false,p1,accepted,,1702392196,1702397303176597,9
tf_policy_elo_current_rule_continuation_g141_g150_2026-09-02,accepted/animal-cycle-random-7x7.jsonl#ed3d32f7b6519797112038e9,animal-cycle-random-7x7,animal-cycle,random-start,7x7,tf:143,tf:137,false,p1,accepted,,1702392196,1702397303176599,11
tf_policy_elo_current_rule_continuation_g141_g150_2026-09-02,accepted/animal-cycle-random-7x7.jsonl#157653728835e0cf42dbace1,animal-cycle-random-7x7,animal-cycle,random-start,7x7,tf:143,tf:140,false,p1,accepted,,781078997,781081340236992,1
tf_policy_elo_current_rule_continuation_g141_g150_2026-09-02,accepted/animal-cycle-random-7x7.jsonl#7dab4ef95b618081b25ba8b4,animal-cycle-random-7x7,animal-cycle,random-start,7x7,tf:143,tf:140,false,p2,accepted,,781078997,781081340236994,3
tf_policy_elo_current_rule_continuation_g141_g150_2026-09-02,accepted/animal-cycle-random-7x7.jsonl#451fb7f51f22953601f2b0e9,animal-cycle-random-7x7,animal-cycle,random-start,7x7,tf:143,tf:140,false,p1,accepted,,781078997,781081340236996,5
tf_policy_elo_current_rule_continuation_g141_g150_2026-09-02,accepted/animal-cycle-random-7x7.jsonl#9a0581e668899157f502adb3,animal-cycle-random-7x7,animal-cycle,random-start,7x7,tf:143,tf:140,false,p1,accepted,,781078997,781081340236998,7
tf_policy_elo_current_rule_continuation_g141_g150_2026-09-02,accepted/animal-cycle-random-7x7.jsonl#cdf63d7b3ac09059957a1382,animal-cycle-random-7x7,animal-cycle,random-start,7x7,tf:143,tf:140,false,p1,accepted,,781078997,781081340237000,9
tf_policy_elo_current_rule_continuation_g141_g150_2026-09-02,accepted/animal-cycle-random-7x7.jsonl#e80d2ef9942082a7813095a6,animal-cycle-random-7x7,animal-cycle,random-start,7x7,tf:143,tf:140,false,p1,accepted,,781078997,781081340237002,11
tf_policy_elo_current_rule_continuation_g141_g150_2026-09-02,accepted/animal-cycle-random-7x7.jsonl#4d4b9ec945e2d730c6065d9d,animal-cycle-random-7x7,animal-cycle,random-start,7x7,tf:143,tf:142,false,p1,accepted,,1320418006,1320421967254019,1
tf_policy_elo_current_rule_continuation_g141_g150_2026-09-02,accepted/animal-cycle-random-7x7.jsonl#d2695e499d4cdabdcefd647c,animal-cycle-random-7x7,animal-cycle,random-start,7x7,tf:143,tf:142,false,p2,accepted,,1320418006,1320421967254021,3
tf_policy_elo_current_rule_continuation_g141_g150_2026-09-02,accepted/animal-cycle-random-7x7.jsonl#dcf6bb27cd4fd9e6fdda9055,animal-cycle-random-7x7,animal-cycle,random-start,7x7,tf:143,tf:142,false,p2,accepted,,1320418006,1320421967254023,5
tf_policy_elo_current_rule_continuation_g141_g150_2026-09-02,accepted/animal-cycle-random-7x7.jsonl#9ff159a7ce452ff001ddb91d,animal-cycle-random-7x7,animal-cycle,random-start,7x7,tf:143,tf:142,false,p1,accepted,,1320418006,1320421967254025,7
tf_policy_elo_current_rule_continuation_g141_g150_2026-09-02,accepted/animal-cycle-random-7x7.jsonl#397949c0b8cc9a2b148bebd2,animal-cycle-random-7x7,animal-cycle,random-start,7x7,tf:143,tf:142,false,p1,accepted,,1320418006,1320421967254027,9
tf_policy_elo_current_rule_continuation_g141_g150_2026-09-02,accepted/animal-cycle-random-7x7.jsonl#f3580673afccc5db6c17590d,animal-cycle-random-7x7,animal-cycle,random-start,7x7,tf:143,tf:142,false,p1,accepted,,1320418006,1320421967254029,11
tf_policy_elo_current_rule_continuation_g141_g150_2026-09-02,accepted/animal-cycle-random-7x7.jsonl#b5e4a05aa29460ec738bd047,animal-cycle-random-7x7,animal-cycle,random-start,7x7,tf:143,tf:144,true,p1,accepted,,900285790,900288490857370,0
tf_policy_elo_current_rule_continuation_g141_g150_2026-09-02,accepted/animal-cycle-random-7x7.jsonl#592f7201b886a711aff0c701,animal-cycle-random-7x7,animal-cycle,random-start,7x7,tf:143,tf:144,true,p1,accepted,,900285790,900288490857372,2
tf_policy_elo_current_rule_continuation_g141_g150_2026-09-02,accepted/animal-cycle-random-7x7.jsonl#e66f3a4e728ebd006b7454da,animal-cycle-random-7x7,animal-cycle,random-start,7x7,tf:143,tf:144,true,p1,accepted,,900285790,900288490857374,4
tf_policy_elo_current_rule_continuation_g141_g150_2026-09-02,accepted/animal-cycle-random-7x7.jsonl#9589e9293f3c42131f4a0567,animal-cycle-random-7x7,animal-cycle,random-start,7x7,tf:143,tf:144,true,p1,accepted,,900285790,900288490857376,6
tf_policy_elo_current_rule_continuation_g141_g150_2026-09-02,accepted/animal-cycle-random-7x7.jsonl#722b84923f33c95d46385359,animal-cycle-random-7x7,animal-cycle,random-start,7x7,tf:143,tf:144,true,p1,accepted,,900285790,900288490857378,8
tf_policy_elo_current_rule_continuation_g141_g150_2026-09-02,accepted/animal-cycle-random-7x7.jsonl#f5530f46bf673e3ace1e5a56,animal-cycle-random-7x7,animal-cycle,random-start,7x7,tf:143,tf:144,true,p1,accepted,,900285790,900288490857380,10
tf_policy_elo_current_rule_continuation_g141_g150_2026-09-02,accepted/animal-cycle-random-7x7.jsonl#c027692e50354f8ae33efa97,animal-cycle-random-7x7,animal-cycle,random-start,7x7,tf:143,tf:146,true,p1,accepted,,893160446,893163125481338,0
tf_policy_elo_current_rule_continuation_g141_g150_2026-09-02,accepted/animal-cycle-random-7x7.jsonl#c39094369fbcdaf052531b4e,animal-cycle-random-7x7,animal-cycle,random-start,7x7,tf:143,tf:146,true,p1,accepted,,893160446,893163125481340,2
tf_policy_elo_current_rule_continuation_g141_g150_2026-09-02,accepted/animal-cycle-random-7x7.jsonl#b55627c9948d32be9307c86e,animal-cycle-random-7x7,animal-cycle,random-start,7x7,tf:143,tf:146,true,p1,accepted,,893160446,893163125481342,4
tf_policy_elo_current_rule_continuation_g141_g150_2026-09-02,accepted/animal-cycle-random-7x7.jsonl#202c0b8144409160679e2f43,animal-cycle-random-7x7,animal-cycle,random-start,7x7,tf:143,tf:146,true,p1,accepted,,893160446,893163125481344,6
tf_policy_elo_current_rule_continuation_g141_g150_2026-09-02,accepted/animal-cycle-random-7x7.jsonl#e94dfa6be9dfbd97712d2926,animal-cycle-random-7x7,animal-cycle,random-start,7x7,tf:143,tf:146,true,p1,accepted,,893160446,893163125481346,8
tf_policy_elo_current_rule_continuation_g141_g150_2026-09-02,accepted/animal-cycle-random-7x7.jsonl#1c0783f6441cf5706258a3b8,animal-cycle-random-7x7,animal-cycle,random-start,7x7,tf:143,tf:146,true,p1,accepted,,893160446,893163125481348,10
tf_policy_elo_current_rule_continuation_g141_g150_2026-09-02,accepted/animal-cycle-random-7x7.jsonl#94ed2120e1dbb9c3be2f75fc,animal-cycle-random-7x7,animal-cycle,random-start,7x7,tf:143,tf:149,true,p1,accepted,,1456022499,1456026867067497,0
tf_policy_elo_current_rule_continuation_g141_g150_2026-09-02,accepted/animal-cycle-random-7x7.jsonl#49c43a44857fcaa9d526b511,animal-cycle-random-7x7,animal-cycle,random-start,7x7,tf:143,tf:149,true,p1,accepted,,1456022499,1456026867067499,2
tf_policy_elo_current_rule_continuation_g141_g150_2026-09-02,accepted/animal-cycle-random-7x7.jsonl#b36da61dbac7e4928aae56b3,animal-cycle-random-7x7,animal-cycle,random-start,7x7,tf:143,tf:149,true,p1,accepted,,1456022499,1456026867067501,4
tf_policy_elo_current_rule_continuation_g141_g150_2026-09-02,accepted/animal-cycle-random-7x7.jsonl#e9949997eb74e4a0326a7514,animal-cycle-random-7x7,animal-cycle,random-start,7x7,tf:143,tf:149,true,p1,accepted,,1456022499,1456026867067503,6
tf_policy_elo_current_rule_continuation_g141_g150_2026-09-02,accepted/animal-cycle-random-7x7.jsonl#250ef1ed2eae140ddb30529b,animal-cycle-random-7x7,animal-cycle,random-start,7x7,tf:143,tf:149,true,p1,accepted,,1456022499,1456026867067505,8
tf_policy_elo_current_rule_continuation_g141_g150_2026-09-02,accepted/animal-cycle-random-7x7.jsonl#acbfbc3a2e01a5957efb38ff,animal-cycle-random-7x7,animal-cycle,random-start,7x7,tf:143,tf:149,true,p2,accepted,,1456022499,1456026867067507,10
tf_policy_elo_current_rule_continuation_g141_g150_2026-09-02,accepted/animal-cycle-random-7x7.jsonl#e6af054dfe7059079856a66c,animal-cycle-random-7x7,animal-cycle,random-start,7x7,tf:144,tf:138,false,p1,accepted,,404481155,404482368443466,1
tf_policy_elo_current_rule_continuation_g141_g150_2026-09-02,accepted/animal-cycle-random-7x7.jsonl#648ef110c0b1191a01eda103,animal-cycle-random-7x7,animal-cycle,random-start,7x7,tf:144,tf:138,false,p2,accepted,,404481155,404482368443468,3
tf_policy_elo_current_rule_continuation_g141_g150_2026-09-02,accepted/animal-cycle-random-7x7.jsonl#7329478731654d552e786100,animal-cycle-random-7x7,animal-cycle,random-start,7x7,tf:144,tf:138,false,p1,accepted,,404481155,404482368443470,5
tf_policy_elo_current_rule_continuation_g141_g150_2026-09-02,accepted/animal-cycle-random-7x7.jsonl#4b86f01633a0c6d8e0373ad4,animal-cycle-random-7x7,animal-cycle,random-start,7x7,tf:144,tf:138,false,p1,accepted,,404481155,404482368443472,7
tf_policy_elo_current_rule_continuation_g141_g150_2026-09-02,accepted/animal-cycle-random-7x7.jsonl#d9b618a041062026b8a35f74,animal-cycle-random-7x7,animal-cycle,random-start,7x7,tf:144,tf:138,false,p1,accepted,,404481155,404482368443474,9
tf_policy_elo_current_rule_continuation_g141_g150_2026-09-02,accepted/animal-cycle-random-7x7.jsonl#e47b04125cacce38a1bbdccf,animal-cycle-random-7x7,animal-cycle,random-start,7x7,tf:144,tf:138,false,p1,accepted,,404481155,404482368443476,11
tf_policy_elo_current_rule_continuation_g141_g150_2026-09-02,accepted/animal-cycle-random-7x7.jsonl#0df5056d02a94f81f3b4f888,animal-cycle-random-7x7,animal-cycle,random-start,7x7,tf:144,tf:141,false,p1,accepted,,1376915252,1376919382745757,1
tf_policy_elo_current_rule_continuation_g141_g150_2026-09-02,accepted/animal-cycle-random-7x7.jsonl#c5d5165a2a6cedca6667080f,animal-cycle-random-7x7,animal-cycle,random-start,7x7,tf:144,tf:141,false,p1,accepted,,1376915252,1376919382745759,3
tf_policy_elo_current_rule_continuation_g141_g150_2026-09-02,accepted/animal-cycle-random-7x7.jsonl#3ddf3dc297d906ab8cbd872d,animal-cycle-random-7x7,animal-cycle,random-start,7x7,tf:144,tf:141,false,p1,accepted,,1376915252,1376919382745761,5
tf_policy_elo_current_rule_continuation_g141_g150_2026-09-02,accepted/animal-cycle-random-7x7.jsonl#3991721010baaa18d2ebc9d9,animal-cycle-random-7x7,animal-cycle,random-start,7x7,tf:144,tf:141,false,p1,accepted,,1376915252,1376919382745763,7
tf_policy_elo_current_rule_continuation_g141_g150_2026-09-02,accepted/animal-cycle-random-7x7.jsonl#60066104e3eb82b8d0c81ffc,animal-cycle-random-7x7,animal-cycle,random-start,7x7,tf:144,tf:141,false,p1,accepted,,1376915252,1376919382745765,9
tf_policy_elo_current_rule_continuation_g141_g150_2026-09-02,accepted/animal-cycle-random-7x7.jsonl#56796177d182720243158e06,animal-cycle-random-7x7,animal-cycle,random-start,7x7,tf:144,tf:141,false,p1,accepted,,1376915252,1376919382745767,11
tf_policy_elo_current_rule_continuation_g141_g150_2026-09-02,accepted/animal-cycle-random-7x7.jsonl#2625df04e3b1b8da44ceacec,animal-cycle-random-7x7,animal-cycle,random-start,7x7,tf:144,tf:143,false,p1,accepted,,900285790,900288490857371,1
tf_policy_elo_current_rule_continuation_g141_g150_2026-09-02,accepted/animal-cycle-random-7x7.jsonl#faf4d1e44eb7013794526903,animal-cycle-random-7x7,animal-cycle,random-start,7x7,tf:144,tf:143,false,p1,accepted,,900285790,900288490857373,3
tf_policy_elo_current_rule_continuation_g141_g150_2026-09-02,accepted/animal-cycle-random-7x7.jsonl#80f29adf7d0af73337c91435,animal-cycle-random-7x7,animal-cycle,random-start,7x7,tf:144,tf:143,false,p1,accepted,,900285790,900288490857375,5
tf_policy_elo_current_rule_continuation_g141_g150_2026-09-02,accepted/animal-cycle-random-7x7.jsonl#283e43450b84c1bd845d86cb,animal-cycle-random-7x7,animal-cycle,random-start,7x7,tf:144,tf:143,false,p1,accepted,,900285790,900288490857377,7
tf_policy_elo_current_rule_continuation_g141_g150_2026-09-02,accepted/animal-cycle-random-7x7.jsonl#2f4504c8ed99709466ad4f12,animal-cycle-random-7x7,animal-cycle,random-start,7x7,tf:144,tf:143,false,p1,accepted,,900285790,900288490857379,9
tf_policy_elo_current_rule_continuation_g141_g150_2026-09-02,accepted/animal-cycle-random-7x7.jsonl#35ab532d539261dde88d2ef5,animal-cycle-random-7x7,animal-cycle,random-start,7x7,tf:144,tf:143,false,p1,accepted,,900285790,900288490857381,11
tf_policy_elo_current_rule_continuation_g141_g150_2026-09-02,accepted/animal-cycle-random-7x7.jsonl#8aad1aa15ddeb3cc370fc63c,animal-cycle-random-7x7,animal-cycle,random-start,7x7,tf:144,tf:145,true,p1,accepted,,1434506870,1434511173520610,0
tf_policy_elo_current_rule_continuation_g141_g150_2026-09-02,accepted/animal-cycle-random-7x7.jsonl#cd4e54bf053550744ea30a1e,animal-cycle-random-7x7,animal-cycle,random-start,7x7,tf:144,tf:145,true,p1,accepted,,882998409,883001057995227,0
tf_policy_elo_current_rule_continuation_g141_g150_2026-09-02,accepted/animal-cycle-random-7x7.jsonl#e0f2c5a4c0fd6fed42c85fab,animal-cycle-random-7x7,animal-cycle,random-start,7x7,tf:144,tf:145,true,p1,accepted,,1434506870,1434511173520612,2
tf_policy_elo_current_rule_continuation_g141_g150_2026-09-02,accepted/animal-cycle-random-7x7.jsonl#ea0cfc4d4279c3ef24594a3e,animal-cycle-random-7x7,animal-cycle,random-start,7x7,tf:144,tf:145,true,p1,accepted,,1434506870,1434511173520614,4
tf_policy_elo_current_rule_continuation_g141_g150_2026-09-02,accepted/animal-cycle-random-7x7.jsonl#2d84d113645087d06512427f,animal-cycle-random-7x7,animal-cycle,random-start,7x7,tf:144,tf:145,true,p1,accepted,,1434506870,1434511173520618,8
tf_policy_elo_current_rule_continuation_g141_g150_2026-09-02,accepted/animal-cycle-random-7x7.jsonl#e75a6d87ca338227ab7e14f7,animal-cycle-random-7x7,animal-cycle,random-start,7x7,tf:144,tf:145,true,p1,accepted,,1434506870,1434511173520620,10
tf_policy_elo_current_rule_continuation_g141_g150_2026-09-02,accepted/animal-cycle-random-7x7.jsonl#bb5764abd81fecba857b26d0,animal-cycle-random-7x7,animal-cycle,random-start,7x7,tf:144,tf:147,true,p1,accepted,,461709224,461710609127672,0
tf_policy_elo_current_rule_continuation_g141_g150_2026-09-02,accepted/animal-cycle-random-7x7.jsonl#2256a7e78ee3a0102bed5834,animal-cycle-random-7x7,animal-cycle,random-start,7x7,tf:144,tf:147,true,p1,accepted,,461709224,461710609127674,2
tf_policy_elo_current_rule_continuation_g141_g150_2026-09-02,accepted/animal-cycle-random-7x7.jsonl#1bb19c8779b0f8edfe0996e9,animal-cycle-random-7x7,animal-cycle,random-start,7x7,tf:144,tf:147,true,p1,accepted,,461709224,461710609127676,4
tf_policy_elo_current_rule_continuation_g141_g150_2026-09-02,accepted/animal-cycle-random-7x7.jsonl#c09ed4cca1198138805a2dda,animal-cycle-random-7x7,animal-cycle,random-start,7x7,tf:144,tf:147,true,p1,accepted,,461709224,461710609127678,6
tf_policy_elo_current_rule_continuation_g141_g150_2026-09-02,accepted/animal-cycle-random-7x7.jsonl#be5a41540dd2baeb5f8145e8,animal-cycle-random-7x7,animal-cycle,random-start,7x7,tf:144,tf:147,true,p1,accepted,,461709224,461710609127680,8
tf_policy_elo_current_rule_continuation_g141_g150_2026-09-02,accepted/animal-cycle-random-7x7.jsonl#e141a7d2f57601899a016c2a,animal-cycle-random-7x7,animal-cycle,random-start,7x7,tf:144,tf:147,true,p2,accepted,,461709224,461710609127682,10
tf_policy_elo_current_rule_continuation_g141_g150_2026-09-02,accepted/animal-cycle-random-7x7.jsonl#4e7202dca116e988f7a1eafd,animal-cycle-random-7x7,animal-cycle,random-start,7x7,tf:144,tf:150,true,p1,accepted,,183337052,183337602011156,0
tf_policy_elo_current_rule_continuation_g141_g150_2026-09-02,accepted/animal-cycle-random-7x7.jsonl#23660f7442b103d6f4020eb8,animal-cycle-random-7x7,animal-cycle,random-start,7x7,tf:144,tf:150,true,p1,accepted,,183337052,183337602011158,2
tf_policy_elo_current_rule_continuation_g141_g150_2026-09-02,accepted/animal-cycle-random-7x7.jsonl#274b1f67f1adbab7d4634201,animal-cycle-random-7x7,animal-cycle,random-start,7x7,tf:144,tf:150,true,p2,accepted,,183337052,183337602011160,4
tf_policy_elo_current_rule_continuation_g141_g150_2026-09-02,accepted/animal-cycle-random-7x7.jsonl#124e278545187408735cf836,animal-cycle-random-7x7,animal-cycle,random-start,7x7,tf:144,tf:150,true,p1,accepted,,183337052,183337602011162,6
tf_policy_elo_current_rule_continuation_g141_g150_2026-09-02,accepted/animal-cycle-random-7x7.jsonl#f85cf24d810c76c11b217900,animal-cycle-random-7x7,animal-cycle,random-start,7x7,tf:144,tf:150,true,p1,accepted,,183337052,183337602011164,8
tf_policy_elo_current_rule_continuation_g141_g150_2026-09-02,accepted/animal-cycle-random-7x7.jsonl#12e6bcddb1d45f4a095c9159,animal-cycle-random-7x7,animal-cycle,random-start,7x7,tf:144,tf:150,true,p1,accepted,,183337052,183337602011166,10
tf_policy_elo_current_rule_continuation_g141_g150_2026-09-02,accepted/animal-cycle-random-7x7.jsonl#0800ad8750cb6f5b01b28d6f,animal-cycle-random-7x7,animal-cycle,random-start,7x7,tf:145,tf:139,false,p1,accepted,,804973354,804975768920063,1
tf_policy_elo_current_rule_continuation_g141_g150_2026-09-02,accepted/animal-cycle-random-7x7.jsonl#bbfcf4fc7c7400bc5a74c763,animal-cycle-random-7x7,animal-cycle,random-start,7x7,tf:145,tf:139,false,p2,accepted,,804973354,804975768920065,3
tf_policy_elo_current_rule_continuation_g141_g150_2026-09-02,accepted/animal-cycle-random-7x7.jsonl#f60e4f2e724da2cbc976c527,animal-cycle-random-7x7,animal-cycle,random-start,7x7,tf:145,tf:139,false,p1,accepted,,804973354,804975768920067,5
tf_policy_elo_current_rule_continuation_g141_g150_2026-09-02,accepted/animal-cycle-random-7x7.jsonl#df82214336295d6d46bd8067,animal-cycle-random-7x7,animal-cycle,random-start,7x7,tf:145,tf:139,false,p1,accepted,,804973354,804975768920069,7
tf_policy_elo_current_rule_continuation_g141_g150_2026-09-02,accepted/animal-cycle-random-7x7.jsonl#1cfcb8fcdf91cbe3f5ad3a8f,animal-cycle-random-7x7,animal-cycle,random-start,7x7,tf:145,tf:139,false,p2,accepted,,804973354,804975768920071,9
tf_policy_elo_current_rule_continuation_g141_g150_2026-09-02,accepted/animal-cycle-random-7x7.jsonl#66a9621782f762d2b7e084d6,animal-cycle-random-7x7,animal-cycle,random-start,7x7,tf:145,tf:139,false,p1,accepted,,804973354,804975768920073,11
tf_policy_elo_current_rule_continuation_g141_g150_2026-09-02,accepted/animal-cycle-random-7x7.jsonl#02b2fe78de61bf765951adcd,animal-cycle-random-7x7,animal-cycle,random-start,7x7,tf:145,tf:142,false,p2,accepted,,1458993665,1458998041980996,1
tf_policy_elo_current_rule_continuation_g141_g150_2026-09-02,accepted/animal-cycle-random-7x7.jsonl#72e7ceec0eace5520b700983,animal-cycle-random-7x7,animal-cycle,random-start,7x7,tf:145,tf:142,false,p2,accepted,,646877782,646879722633347,1
tf_policy_elo_current_rule_continuation_g141_g150_2026-09-02,accepted/animal-cycle-random-7x7.jsonl#3107aacd8638d6590d23061a,animal-cycle-random-7x7,animal-cycle,random-start,7x7,tf:145,tf:142,false,p1,accepted,,1458993665,1458998041980998,3
tf_policy_elo_current_rule_continuation_g141_g150_2026-09-02,accepted/animal-cycle-random-7x7.jsonl#d83000da834edaa18bb51471,animal-cycle-random-7x7,animal-cycle,random-start,7x7,tf:145,tf:142,false,p2,accepted,,1458993665,1458998041981000,5
tf_policy_elo_current_rule_continuation_g141_g150_2026-09-02,accepted/animal-cycle-random-7x7.jsonl#6313f51543da6c309becddbf,animal-cycle-random-7x7,animal-cycle,random-start,7x7,tf:145,tf:142,false,p1,accepted,,1458993665,1458998041981002,7
tf_policy_elo_current_rule_continuation_g141_g150_2026-09-02,accepted/animal-cycle-random-7x7.jsonl#8e1a3798ecfb9f5bba9db218,animal-cycle-random-7x7,animal-cycle,random-start,7x7,tf:145,tf:142,false,p1,accepted,,1458993665,1458998041981004,9
tf_policy_elo_current_rule_continuation_g141_g150_2026-09-02,accepted/animal-cycle-random-7x7.jsonl#8918cd2932dca37cd68995e2,animal-cycle-random-7x7,animal-cycle,random-start,7x7,tf:145,tf:144,false,p2,accepted,,1434506870,1434511173520611,1
tf_policy_elo_current_rule_continuation_g141_g150_2026-09-02,accepted/animal-cycle-random-7x7.jsonl#46e416a47409da4c81dae43b,animal-cycle-random-7x7,animal-cycle,random-start,7x7,tf:145,tf:144,false,p2,accepted,,1434506870,1434511173520613,3
tf_policy_elo_current_rule_continuation_g141_g150_2026-09-02,accepted/animal-cycle-random-7x7.jsonl#cf8c2b3efe909da7893a1a61,animal-cycle-random-7x7,animal-cycle,random-start,7x7,tf:145,tf:144,false,p1,accepted,,1434506870,1434511173520615,5
tf_policy_elo_current_rule_continuation_g141_g150_2026-09-02,accepted/animal-cycle-random-7x7.jsonl#ce028f676af9bcec482ecf09,animal-cycle-random-7x7,animal-cycle,random-start,7x7,tf:145,tf:144,false,p2,accepted,,1434506870,1434511173520617,7
tf_policy_elo_current_rule_continuation_g141_g150_2026-09-02,accepted/animal-cycle-random-7x7.jsonl#6734862134f57ad6e1d4857e,animal-cycle-random-7x7,animal-cycle,random-start,7x7,tf:145,tf:144,false,p1,accepted,,1434506870,1434511173520619,9
tf_policy_elo_current_rule_continuation_g141_g150_2026-09-02,accepted/animal-cycle-random-7x7.jsonl#0790cbe4cfca7895272ecc9a,animal-cycle-random-7x7,animal-cycle,random-start,7x7,tf:145,tf:144,false,p1,accepted,,1434506870,1434511173520621,11
tf_policy_elo_current_rule_continuation_g141_g150_2026-09-02,accepted/animal-cycle-random-7x7.jsonl#e19980414534e86b1e0349ec,animal-cycle-random-7x7,animal-cycle,random-start,7x7,tf:145,tf:146,true,p1,accepted,,399566898,399568096700694,0
tf_policy_elo_current_rule_continuation_g141_g150_2026-09-02,accepted/animal-cycle-random-7x7.jsonl#52e16d7914137e73af0c3c82,animal-cycle-random-7x7,animal-cycle,random-start,7x7,tf:145,tf:146,true,p1,accepted,,399566898,399568096700696,2
tf_policy_elo_current_rule_continuation_g141_g150_2026-09-02,accepted/animal-cycle-random-7x7.jsonl#756f8a9c2e128ddb0c253018,animal-cycle-random-7x7,animal-cycle,random-start,7x7,tf:145,tf:146,true,p1,accepted,,399566898,399568096700698,4
tf_policy_elo_current_rule_continuation_g141_g150_2026-09-02,accepted/animal-cycle-random-7x7.jsonl#5c0538de66b8c8da4804d062,animal-cycle-random-7x7,animal-cycle,random-start,7x7,tf:145,tf:146,true,p2,accepted,,399566898,399568096700700,6
tf_policy_elo_current_rule_continuation_g141_g150_2026-09-02,accepted/animal-cycle-random-7x7.jsonl#f28c02d103ea0c146fb0d69a,animal-cycle-random-7x7,animal-cycle,random-start,7x7,tf:145,tf:146,true,p2,accepted,,399566898,399568096700702,8
tf_policy_elo_current_rule_continuation_g141_g150_2026-09-02,accepted/animal-cycle-random-7x7.jsonl#b6132705289f0f73b1f2ec1b,animal-cycle-random-7x7,animal-cycle,random-start,7x7,tf:145,tf:146,true,p1,accepted,,399566898,399568096700704,10
tf_policy_elo_current_rule_continuation_g141_g150_2026-09-02,accepted/animal-cycle-random-7x7.jsonl#c1e1ed993992d15851d84d1d,animal-cycle-random-7x7,animal-cycle,random-start,7x7,tf:145,tf:148,true,p1,accepted,,2140603798,2140610219811394,0
tf_policy_elo_current_rule_continuation_g141_g150_2026-09-02,accepted/animal-cycle-random-7x7.jsonl#bf1f346dbd259b5b123c8bbd,animal-cycle-random-7x7,animal-cycle,random-start,7x7,tf:145,tf:148,true,p1,accepted,,2140603798,2140610219811396,2
tf_policy_elo_current_rule_continuation_g141_g150_2026-09-02,accepted/animal-cycle-random-7x7.jsonl#d0e73ce652ab66d9abd40f35,animal-cycle-random-7x7,animal-cycle,random-start,7x7,tf:145,tf:148,true,p2,accepted,,2140603798,2140610219811398,4
tf_policy_elo_current_rule_continuation_g141_g150_2026-09-02,accepted/animal-cycle-random-7x7.jsonl#746ccd04fb6746831013f010,animal-cycle-random-7x7,animal-cycle,random-start,7x7,tf:145,tf:148,true,p1,accepted,,2140603798,2140610219811400,6
tf_policy_elo_current_rule_continuation_g141_g150_2026-09-02,accepted/animal-cycle-random-7x7.jsonl#6dc794245197866eae7e01a3,animal-cycle-random-7x7,animal-cycle,random-start,7x7,tf:145,tf:148,true,p1,accepted,,2140603798,2140610219811402,8
tf_policy_elo_current_rule_continuation_g141_g150_2026-09-02,accepted/animal-cycle-random-7x7.jsonl#81c2f91380b5a77c0f06e3b5,animal-cycle-random-7x7,animal-cycle,random-start,7x7,tf:145,tf:148,true,p1,accepted,,2140603798,2140610219811404,10
tf_policy_elo_current_rule_continuation_g141_g150_2026-09-02,accepted/animal-cycle-random-7x7.jsonl#32187e8b97c8c0088f561b9c,animal-cycle-random-7x7,animal-cycle,random-start,7x7,tf:146,tf:140,false,p1,accepted,,712947727,712949865843182,1
tf_policy_elo_current_rule_continuation_g141_g150_2026-09-02,accepted/animal-cycle-random-7x7.jsonl#d70cc4b2114aa9315df59327,animal-cycle-random-7x7,animal-cycle,random-start,7x7,tf:146,tf:140,false,p1,accepted,,712947727,712949865843184,3
tf_policy_elo_current_rule_continuation_g141_g150_2026-09-02,accepted/animal-cycle-random-7x7.jsonl#553a8444a36fe2d70210e15d,animal-cycle-random-7x7,animal-cycle,random-start,7x7,tf:146,tf:140,false,p1,accepted,,712947727,712949865843186,5
tf_policy_elo_current_rule_continuation_g141_g150_2026-09-02,accepted/animal-cycle-random-7x7.jsonl#34103c9534d35c258748a5c8,animal-cycle-random-7x7,animal-cycle,random-start,7x7,tf:146,tf:140,false,p1,accepted,,712947727,712949865843188,7
tf_policy_elo_current_rule_continuation_g141_g150_2026-09-02,accepted/animal-cycle-random-7x7.jsonl#9aa04b83a2170264900d8d6a,animal-cycle-random-7x7,animal-cycle,random-start,7x7,tf:146,tf:140,false,p1,accepted,,712947727,712949865843190,9
tf_policy_elo_current_rule_continuation_g141_g150_2026-09-02,accepted/animal-cycle-random-7x7.jsonl#5c34378d6f1bc3870b9b59f5,animal-cycle-random-7x7,animal-cycle,random-start,7x7,tf:146,tf:140,false,p2,accepted,,712947727,712949865843192,11
tf_policy_elo_current_rule_continuation_g141_g150_2026-09-02,accepted/animal-cycle-random-7x7.jsonl#7e868f285298c6a39ba971d4,animal-cycle-random-7x7,animal-cycle,random-start,7x7,tf:146,tf:143,false,p1,accepted,,893160446,893163125481339,1
tf_policy_elo_current_rule_continuation_g141_g150_2026-09-02,accepted/animal-cycle-random-7x7.jsonl#64247410300aeb0cb143ed54,animal-cycle-random-7x7,animal-cycle,random-start,7x7,tf:146,tf:143,false,p1,accepted,,893160446,893163125481341,3
tf_policy_elo_current_rule_continuation_g141_g150_2026-09-02,accepted/animal-cycle-random-7x7.jsonl#7d8908629b45482ab851449c,animal-cycle-random-7x7,animal-cycle,random-start,7x7,tf:146,tf:143,false,p1,accepted,,893160446,893163125481343,5
tf_policy_elo_current_rule_continuation_g141_g150_2026-09-02,accepted/animal-cycle-random-7x7.jsonl#757002b6a1df7eeea05c19a4,animal-cycle-random-7x7,animal-cycle,random-start,7x7,tf:146,tf:143,false,p2,accepted,,893160446,893163125481345,7
tf_policy_elo_current_rule_continuation_g141_g150_2026-09-02,accepted/animal-cycle-random-7x7.jsonl#3fa9dbce8578636fc02fcb75,animal-cycle-random-7x7,animal-cycle,random-start,7x7,tf:146,tf:143,false,p2,accepted,,893160446,893163125481347,9
tf_policy_elo_current_rule_continuation_g141_g150_2026-09-02,accepted/animal-cycle-random-7x7.jsonl#38bb0ece948f0c0c159e81a2,animal-cycle-random-7x7,animal-cycle,random-start,7x7,tf:146,tf:143,false,p1,accepted,,893160446,893163125481349,11
tf_policy_elo_current_rule_continuation_g141_g150_2026-09-02,accepted/animal-cycle-random-7x7.jsonl#2f70145e922746206e289da1,animal-cycle-random-7x7,animal-cycle,random-start,7x7,tf:146,tf:145,false,p1,accepted,,399566898,399568096700695,1
tf_policy_elo_current_rule_continuation_g141_g150_2026-09-02,accepted/animal-cycle-random-7x7.jsonl#481a940d9e42fc7b17d68150,animal-cycle-random-7x7,animal-cycle,random-start,7x7,tf:146,tf:145,false,p1,accepted,,399566898,399568096700697,3
tf_policy_elo_current_rule_continuation_g141_g150_2026-09-02,accepted/animal-cycle-random-7x7.jsonl#2a3420ad2df0af1e21158aa0,animal-cycle-random-7x7,animal-cycle,random-start,7x7,tf:146,tf:145,false,p1,accepted,,399566898,399568096700699,5
tf_policy_elo_current_rule_continuation_g141_g150_2026-09-02,accepted/animal-cycle-random-7x7.jsonl#2c0e5729f8195e02eff4c536,animal-cycle-random-7x7,animal-cycle,random-start,7x7,tf:146,tf:145,false,p1,accepted,,399566898,399568096700701,7
tf_policy_elo_current_rule_continuation_g141_g150_2026-09-02,accepted/animal-cycle-random-7x7.jsonl#15e45a2838c39ae71cff9786,animal-cycle-random-7x7,animal-cycle,random-start,7x7,tf:146,tf:145,false,p1,accepted,,399566898,399568096700703,9
tf_policy_elo_current_rule_continuation_g141_g150_2026-09-02,accepted/animal-cycle-random-7x7.jsonl#73efe79df0f96eb678bc4fed,animal-cycle-random-7x7,animal-cycle,random-start,7x7,tf:146,tf:145,false,p1,accepted,,399566898,399568096700705,11
tf_policy_elo_current_rule_continuation_g141_g150_2026-09-02,accepted/animal-cycle-random-7x7.jsonl#385b26c6e38b52b61666dcbe,animal-cycle-random-7x7,animal-cycle,random-start,7x7,tf:146,tf:147,true,p1,accepted,,1238607266,1238610981821798,0
tf_policy_elo_current_rule_continuation_g141_g150_2026-09-02,accepted/animal-cycle-random-7x7.jsonl#7b0fb0a999ae8e2bf52df776,animal-cycle-random-7x7,animal-cycle,random-start,7x7,tf:146,tf:147,true,p1,accepted,,1238607266,1238610981821800,2
tf_policy_elo_current_rule_continuation_g141_g150_2026-09-02,accepted/animal-cycle-random-7x7.jsonl#f07486d4533b398d0ed31f7b,animal-cycle-random-7x7,animal-cycle,random-start,7x7,tf:146,tf:147,true,p1,accepted,,1238607266,1238610981821802,4
tf_policy_elo_current_rule_continuation_g141_g150_2026-09-02,accepted/animal-cycle-random-7x7.jsonl#33659cd0caaa6df2276db615,animal-cycle-random-7x7,animal-cycle,random-start,7x7,tf:146,tf:147,true,p1,accepted,,1238607266,1238610981821804,6
tf_policy_elo_current_rule_continuation_g141_g150_2026-09-02,accepted/animal-cycle-random-7x7.jsonl#c6b51e76dcae64f77434b470,animal-cycle-random-7x7,animal-cycle,random-start,7x7,tf:146,tf:147,true,p2,accepted,,1238607266,1238610981821806,8
tf_policy_elo_current_rule_continuation_g141_g150_2026-09-02,accepted/animal-cycle-random-7x7.jsonl#692830c789080afc4ccdbd0f,animal-cycle-random-7x7,animal-cycle,random-start,7x7,tf:146,tf:147,true,p1,accepted,,1238607266,1238610981821808,10
tf_policy_elo_current_rule_continuation_g141_g150_2026-09-02,accepted/animal-cycle-random-7x7.jsonl#c1f80d208ac29b96b763245e,animal-cycle-random-7x7,animal-cycle,random-start,7x7,tf:146,tf:149,true,p1,accepted,,1274178491,1274182313535473,0
tf_policy_elo_current_rule_continuation_g141_g150_2026-09-02,accepted/animal-cycle-random-7x7.jsonl#99fbe5ac4b3c709410ef890f,animal-cycle-random-7x7,animal-cycle,random-start,7x7,tf:146,tf:149,true,p1,accepted,,1274178491,1274182313535475,2
tf_policy_elo_current_rule_continuation_g141_g150_2026-09-02,accepted/animal-cycle-random-7x7.jsonl#725d110db42e8095c1f26418,animal-cycle-random-7x7,animal-cycle,random-start,7x7,tf:146,tf:149,true,p1,accepted,,1274178491,1274182313535477,4
tf_policy_elo_current_rule_continuation_g141_g150_2026-09-02,accepted/animal-cycle-random-7x7.jsonl#4acf55ab5286c687be0288bd,animal-cycle-random-7x7,animal-cycle,random-start,7x7,tf:146,tf:149,true,p1,accepted,,1274178491,1274182313535479,6
tf_policy_elo_current_rule_continuation_g141_g150_2026-09-02,accepted/animal-cycle-random-7x7.jsonl#1876d3a0c696f332a6023bf5,animal-cycle-random-7x7,animal-cycle,random-start,7x7,tf:146,tf:149,true,p1,accepted,,1274178491,1274182313535481,8
tf_policy_elo_current_rule_continuation_g141_g150_2026-09-02,accepted/animal-cycle-random-7x7.jsonl#635658c4eba9b9dadc0e07d9,animal-cycle-random-7x7,animal-cycle,random-start,7x7,tf:146,tf:149,true,p1,accepted,,1274178491,1274182313535483,10
tf_policy_elo_current_rule_continuation_g141_g150_2026-09-02,accepted/animal-cycle-random-7x7.jsonl#6064165fe0d6e80030ff9524,animal-cycle-random-7x7,animal-cycle,random-start,7x7,tf:147,tf:141,false,p1,accepted,,208882283,208882909646850,1
tf_policy_elo_current_rule_continuation_g141_g150_2026-09-02,accepted/animal-cycle-random-7x7.jsonl#28c1d6441ff5fd837454b12f,animal-cycle-random-7x7,animal-cycle,random-start,7x7,tf:147,tf:141,false,p2,accepted,,208882283,208882909646852,3
tf_policy_elo_current_rule_continuation_g141_g150_2026-09-02,accepted/animal-cycle-random-7x7.jsonl#6740bbe4ad4efeb7926752c8,animal-cycle-random-7x7,animal-cycle,random-start,7x7,tf:147,tf:141,false,p1,accepted,,208882283,208882909646854,5
tf_policy_elo_current_rule_continuation_g141_g150_2026-09-02,accepted/animal-cycle-random-7x7.jsonl#7ea8b7816a2c436477f0637e,animal-cycle-random-7x7,animal-cycle,random-start,7x7,tf:147,tf:141,false,p2,accepted,,208882283,208882909646856,7
tf_policy_elo_current_rule_continuation_g141_g150_2026-09-02,accepted/animal-cycle-random-7x7.jsonl#93731ea5d8a884e41828df91,animal-cycle-random-7x7,animal-cycle,random-start,7x7,tf:147,tf:141,false,p1,accepted,,208882283,208882909646858,9
tf_policy_elo_current_rule_continuation_g141_g150_2026-09-02,accepted/animal-cycle-random-7x7.jsonl#8289f25c175620b65d4ad7ac,animal-cycle-random-7x7,animal-cycle,random-start,7x7,tf:147,tf:141,false,p1,accepted,,208882283,208882909646860,11
tf_policy_elo_current_rule_continuation_g141_g150_2026-09-02,accepted/animal-cycle-random-7x7.jsonl#2dedfbd6f182e2a23962dfdb,animal-cycle-random-7x7,animal-cycle,random-start,7x7,tf:147,tf:144,false,p2,accepted,,461709224,461710609127673,1
tf_policy_elo_current_rule_continuation_g141_g150_2026-09-02,accepted/animal-cycle-random-7x7.jsonl#5174e2e8080c443c13bff51b,animal-cycle-random-7x7,animal-cycle,random-start,7x7,tf:147,tf:144,false,p1,accepted,,461709224,461710609127675,3
tf_policy_elo_current_rule_continuation_g141_g150_2026-09-02,accepted/animal-cycle-random-7x7.jsonl#7152028770b5f1c7178bec6f,animal-cycle-random-7x7,animal-cycle,random-start,7x7,tf:147,tf:144,false,p1,accepted,,461709224,461710609127677,5
tf_policy_elo_current_rule_continuation_g141_g150_2026-09-02,accepted/animal-cycle-random-7x7.jsonl#c977b00f96d135c7acb38a37,animal-cycle-random-7x7,animal-cycle,random-start,7x7,tf:147,tf:144,false,p1,accepted,,461709224,461710609127679,7
tf_policy_elo_current_rule_continuation_g141_g150_2026-09-02,accepted/animal-cycle-random-7x7.jsonl#b81be6ffbb9ce4879407370b,animal-cycle-random-7x7,animal-cycle,random-start,7x7,tf:147,tf:144,false,p2,accepted,,461709224,461710609127681,9
tf_policy_elo_current_rule_continuation_g141_g150_2026-09-02,accepted/animal-cycle-random-7x7.jsonl#8b6c16ee35b9a9b2b0d35a35,animal-cycle-random-7x7,animal-cycle,random-start,7x7,tf:147,tf:144,false,p1,accepted,,461709224,461710609127683,11
tf_policy_elo_current_rule_continuation_g141_g150_2026-09-02,accepted/animal-cycle-random-7x7.jsonl#eade8a763e6d8c1c2be85147,animal-cycle-random-7x7,animal-cycle,random-start,7x7,tf:147,tf:146,false,p1,accepted,,1238607266,1238610981821799,1
tf_policy_elo_current_rule_continuation_g141_g150_2026-09-02,accepted/animal-cycle-random-7x7.jsonl#436d4e01bbb22967c985975b,animal-cycle-random-7x7,animal-cycle,random-start,7x7,tf:147,tf:146,false,p1,accepted,,1238607266,1238610981821801,3
tf_policy_elo_current_rule_continuation_g141_g150_2026-09-02,accepted/animal-cycle-random-7x7.jsonl#43ca682acaa28807d756d692,animal-cycle-random-7x7,animal-cycle,random-start,7x7,tf:147,tf:146,false,p1,accepted,,1238607266,1238610981821803,5
tf_policy_elo_current_rule_continuation_g141_g150_2026-09-02,accepted/animal-cycle-random-7x7.jsonl#98fc4a2ac8a30a8cf9296424,animal-cycle-random-7x7,animal-cycle,random-start,7x7,tf:147,tf:146,false,p1,accepted,,1238607266,1238610981821805,7
tf_policy_elo_current_rule_continuation_g141_g150_2026-09-02,accepted/animal-cycle-random-7x7.jsonl#32249aeb6a93c994f50ff147,animal-cycle-random-7x7,animal-cycle,random-start,7x7,tf:147,tf:146,false,p1,accepted,,1238607266,1238610981821807,9
tf_policy_elo_current_rule_continuation_g141_g150_2026-09-02,accepted/animal-cycle-random-7x7.jsonl#be7884b4db238ec236eb5835,animal-cycle-random-7x7,animal-cycle,random-start,7x7,tf:147,tf:146,false,p1,accepted,,1238607266,1238610981821809,11
tf_policy_elo_current_rule_continuation_g141_g150_2026-09-02,accepted/animal-cycle-random-7x7.jsonl#eb2fa9d720d2ff3602aaaa5a,animal-cycle-random-7x7,animal-cycle,random-start,7x7,tf:147,tf:148,true,p1,accepted,,1000384096,1000387097152288,0
tf_policy_elo_current_rule_continuation_g141_g150_2026-09-02,accepted/animal-cycle-random-7x7.jsonl#bfe2e5310fa886af54929e63,animal-cycle-random-7x7,animal-cycle,random-start,7x7,tf:147,tf:148,true,p1,accepted,,1000384096,1000387097152290,2
tf_policy_elo_current_rule_continuation_g141_g150_2026-09-02,accepted/animal-cycle-random-7x7.jsonl#6785248762e566cbf447e56f,animal-cycle-random-7x7,animal-cycle,random-start,7x7,tf:147,tf:148,true,p1,accepted,,1000384096,1000387097152292,4
tf_policy_elo_current_rule_continuation_g141_g150_2026-09-02,accepted/animal-cycle-random-7x7.jsonl#412223e4db59bd16a708451e,animal-cycle-random-7x7,animal-cycle,random-start,7x7,tf:147,tf:148,true,p2,accepted,,1000384096,1000387097152294,6
tf_policy_elo_current_rule_continuation_g141_g150_2026-09-02,accepted/animal-cycle-random-7x7.jsonl#55e76d43d09729b1bb7e3808,animal-cycle-random-7x7,animal-cycle,random-start,7x7,tf:147,tf:148,true,p1,accepted,,1000384096,1000387097152296,8
tf_policy_elo_current_rule_continuation_g141_g150_2026-09-02,accepted/animal-cycle-random-7x7.jsonl#cadbb0f426ecbac2d1cff8ef,animal-cycle-random-7x7,animal-cycle,random-start,7x7,tf:147,tf:148,true,p1,accepted,,1000384096,1000387097152298,10
tf_policy_elo_current_rule_continuation_g141_g150_2026-09-02,accepted/animal-cycle-random-7x7.jsonl#123fb33520798abd37f1393f,animal-cycle-random-7x7,animal-cycle,random-start,7x7,tf:147,tf:150,true,p1,accepted,,1360078025,1360082105234075,0
tf_policy_elo_current_rule_continuation_g141_g150_2026-09-02,accepted/animal-cycle-random-7x7.jsonl#019418a53ca3398406c341a4,animal-cycle-random-7x7,animal-cycle,random-start,7x7,tf:147,tf:150,true,p1,accepted,,1360078025,1360082105234077,2
tf_policy_elo_current_rule_continuation_g141_g150_2026-09-02,accepted/animal-cycle-random-7x7.jsonl#c5509af3a27e1c1055e59fb1,animal-cycle-random-7x7,animal-cycle,random-start,7x7,tf:147,tf:150,true,p1,accepted,,1360078025,1360082105234079,4
tf_policy_elo_current_rule_continuation_g141_g150_2026-09-02,accepted/animal-cycle-random-7x7.jsonl#1a31370c181a7b7122d57e41,animal-cycle-random-7x7,animal-cycle,random-start,7x7,tf:147,tf:150,true,p2,accepted,,1360078025,1360082105234081,6
tf_policy_elo_current_rule_continuation_g141_g150_2026-09-02,accepted/animal-cycle-random-7x7.jsonl#077e935de5ac95fe62ed3bd0,animal-cycle-random-7x7,animal-cycle,random-start,7x7,tf:147,tf:150,true,p2,accepted,,1360078025,1360082105234083,8
tf_policy_elo_current_rule_continuation_g141_g150_2026-09-02,accepted/animal-cycle-random-7x7.jsonl#fac219df183dad79ab975027,animal-cycle-random-7x7,animal-cycle,random-start,7x7,tf:147,tf:150,true,p1,accepted,,1360078025,1360082105234085,10
tf_policy_elo_current_rule_continuation_g141_g150_2026-09-02,accepted/animal-cycle-random-7x7.jsonl#924f5758d60433b8431b1ed3,animal-cycle-random-7x7,animal-cycle,random-start,7x7,tf:148,tf:142,false,p1,accepted,,1933918171,1933923972754514,1
tf_policy_elo_current_rule_continuation_g141_g150_2026-09-02,accepted/animal-cycle-random-7x7.jsonl#c4ffe29217355e4919627d6a,animal-cycle-random-7x7,animal-cycle,random-start,7x7,tf:148,tf:142,false,p1,accepted,,1933918171,1933923972754516,3
tf_policy_elo_current_rule_continuation_g141_g150_2026-09-02,accepted/animal-cycle-random-7x7.jsonl#2c0067fbac8eb895b69d1aec,animal-cycle-random-7x7,animal-cycle,random-start,7x7,tf:148,tf:142,false,p2,accepted,,1933918171,1933923972754518,5
tf_policy_elo_current_rule_continuation_g141_g150_2026-09-02,accepted/animal-cycle-random-7x7.jsonl#50be835ed614454080008c19,animal-cycle-random-7x7,animal-cycle,random-start,7x7,tf:148,tf:142,false,p1,accepted,,1933918171,1933923972754520,7
tf_policy_elo_current_rule_continuation_g141_g150_2026-09-02,accepted/animal-cycle-random-7x7.jsonl#4274f2b38f18c5f2e824e649,animal-cycle-random-7x7,animal-cycle,random-start,7x7,tf:148,tf:142,false,p1,accepted,,1933918171,1933923972754522,9
tf_policy_elo_current_rule_continuation_g141_g150_2026-09-02,accepted/animal-cycle-random-7x7.jsonl#7cae42153abd9a5ccf65fa04,animal-cycle-random-7x7,animal-cycle,random-start,7x7,tf:148,tf:142,false,p1,accepted,,1933918171,1933923972754524,11
tf_policy_elo_current_rule_continuation_g141_g150_2026-09-02,accepted/animal-cycle-random-7x7.jsonl#67ea6a40caf57518197e9463,animal-cycle-random-7x7,animal-cycle,random-start,7x7,tf:148,tf:145,false,p1,accepted,,2140603798,2140610219811395,1
tf_policy_elo_current_rule_continuation_g141_g150_2026-09-02,accepted/animal-cycle-random-7x7.jsonl#57b6321b9043c46fd08f68dc,animal-cycle-random-7x7,animal-cycle,random-start,7x7,tf:148,tf:145,false,p2,accepted,,2140603798,2140610219811397,3
tf_policy_elo_current_rule_continuation_g141_g150_2026-09-02,accepted/animal-cycle-random-7x7.jsonl#b2d8888fc0bb01b1e1ea0d2e,animal-cycle-random-7x7,animal-cycle,random-start,7x7,tf:148,tf:145,false,p1,accepted,,2140603798,2140610219811399,5
tf_policy_elo_current_rule_continuation_g141_g150_2026-09-02,accepted/animal-cycle-random-7x7.jsonl#dcd845eeaa91606175521b82,animal-cycle-random-7x7,animal-cycle,random-start,7x7,tf:148,tf:145,false,p1,accepted,,2140603798,2140610219811401,7
tf_policy_elo_current_rule_continuation_g141_g150_2026-09-02,accepted/animal-cycle-random-7x7.jsonl#b026fe89cb6609b7e3a838f7,animal-cycle-random-7x7,animal-cycle,random-start,7x7,tf:148,tf:145,false,p1,accepted,,2140603798,2140610219811403,9
tf_policy_elo_current_rule_continuation_g141_g150_2026-09-02,accepted/animal-cycle-random-7x7.jsonl#116cd21222edbe82a0e13ab2,animal-cycle-random-7x7,animal-cycle,random-start,7x7,tf:148,tf:145,false,p1,accepted,,2140603798,2140610219811405,11
tf_policy_elo_current_rule_continuation_g141_g150_2026-09-02,accepted/animal-cycle-random-7x7.jsonl#3c8c0181f531f8dbd271fac9,animal-cycle-random-7x7,animal-cycle,random-start,7x7,tf:148,tf:147,false,p1,accepted,,1000384096,1000387097152289,1
tf_policy_elo_current_rule_continuation_g141_g150_2026-09-02,accepted/animal-cycle-random-7x7.jsonl#b6221f31effc69c6a6fdec6f,animal-cycle-random-7x7,animal-cycle,random-start,7x7,tf:148,tf:147,false,p1,accepted,,1000384096,1000387097152291,3
tf_policy_elo_current_rule_continuation_g141_g150_2026-09-02,accepted/animal-cycle-random-7x7.jsonl#5c3dfe77b7ba58f18c0f3f9c,animal-cycle-random-7x7,animal-cycle,random-start,7x7,tf:148,tf:147,false,p1,accepted,,1000384096,1000387097152293,5
tf_policy_elo_current_rule_continuation_g141_g150_2026-09-02,accepted/animal-cycle-random-7x7.jsonl#643516bc952e1a2e0e14f5f2,animal-cycle-random-7x7,animal-cycle,random-start,7x7,tf:148,tf:147,false,p1,accepted,,1000384096,1000387097152295,7
tf_policy_elo_current_rule_continuation_g141_g150_2026-09-02,accepted/animal-cycle-random-7x7.jsonl#d9dd1e6db47d110d506cbe47,animal-cycle-random-7x7,animal-cycle,random-start,7x7,tf:148,tf:147,false,p1,accepted,,1000384096,1000387097152297,9
tf_policy_elo_current_rule_continuation_g141_g150_2026-09-02,accepted/animal-cycle-random-7x7.jsonl#57b3a5a1b5d10bcd9d57a7fd,animal-cycle-random-7x7,animal-cycle,random-start,7x7,tf:148,tf:147,false,p1,accepted,,1000384096,1000387097152299,11
tf_policy_elo_current_rule_continuation_g141_g150_2026-09-02,accepted/animal-cycle-random-7x7.jsonl#d2dbc7cfa86ad0d9aa788b61,animal-cycle-random-7x7,animal-cycle,random-start,7x7,tf:148,tf:149,true,p1,accepted,,1632655997,1632660894967991,0
tf_policy_elo_current_rule_continuation_g141_g150_2026-09-02,accepted/animal-cycle-random-7x7.jsonl#1cadd3873c89472f48e43f2b,animal-cycle-random-7x7,animal-cycle,random-start,7x7,tf:148,tf:149,true,p2,accepted,,1632655997,1632660894967993,2
tf_policy_elo_current_rule_continuation_g141_g150_2026-09-02,accepted/animal-cycle-random-7x7.jsonl#6c808c0159f681e8db0222cf,animal-cycle-random-7x7,animal-cycle,random-start,7x7,tf:148,tf:149,true,p1,accepted,,1632655997,1632660894967995,4
tf_policy_elo_current_rule_continuation_g141_g150_2026-09-02,accepted/animal-cycle-random-7x7.jsonl#fd313b2405f2272e3ae78fe4,animal-cycle-random-7x7,animal-cycle,random-start,7x7,tf:148,tf:149,true,p1,accepted,,1632655997,1632660894967997,6
tf_policy_elo_current_rule_continuation_g141_g150_2026-09-02,accepted/animal-cycle-random-7x7.jsonl#93bb45763c04c870cd1ed5cf,animal-cycle-random-7x7,animal-cycle,random-start,7x7,tf:148,tf:149,true,p1,accepted,,1632655997,1632660894967999,8
tf_policy_elo_current_rule_continuation_g141_g150_2026-09-02,accepted/animal-cycle-random-7x7.jsonl#3b27be16eb706d3a0c6915cd,animal-cycle-random-7x7,animal-cycle,random-start,7x7,tf:148,tf:149,true,p1,accepted,,1632655997,1632660894968001,10
tf_policy_elo_current_rule_continuation_g141_g150_2026-09-02,accepted/animal-cycle-random-7x7.jsonl#a5fdc941566570eeed391910,animal-cycle-random-7x7,animal-cycle,random-start,7x7,tf:149,tf:143,false,p1,accepted,,1456022499,1456026867067498,1
tf_policy_elo_current_rule_continuation_g141_g150_2026-09-02,accepted/animal-cycle-random-7x7.jsonl#7623c83d1e2a5582405c6a23,animal-cycle-random-7x7,animal-cycle,random-start,7x7,tf:149,tf:143,false,p1,accepted,,1456022499,1456026867067500,3
tf_policy_elo_current_rule_continuation_g141_g150_2026-09-02,accepted/animal-cycle-random-7x7.jsonl#160734dfe498a826410f8dca,animal-cycle-random-7x7,animal-cycle,random-start,7x7,tf:149,tf:143,false,p1,accepted,,1456022499,1456026867067502,5
tf_policy_elo_current_rule_continuation_g141_g150_2026-09-02,accepted/animal-cycle-random-7x7.jsonl#794391b2f65659f2018d89a8,animal-cycle-random-7x7,animal-cycle,random-start,7x7,tf:149,tf:143,false,p2,accepted,,1456022499,1456026867067504,7
tf_policy_elo_current_rule_continuation_g141_g150_2026-09-02,accepted/animal-cycle-random-7x7.jsonl#5eb593f9f89ce2804e67af8e,animal-cycle-random-7x7,animal-cycle,random-start,7x7,tf:149,tf:143,false,p1,accepted,,1456022499,1456026867067506,9
tf_policy_elo_current_rule_continuation_g141_g150_2026-09-02,accepted/animal-cycle-random-7x7.jsonl#afda8233a2f44f1cc0fbf8bd,animal-cycle-random-7x7,animal-cycle,random-start,7x7,tf:149,tf:143,false,p1,accepted,,1456022499,1456026867067508,11
tf_policy_elo_current_rule_continuation_g141_g150_2026-09-02,accepted/animal-cycle-random-7x7.jsonl#c30f182a5ed2463a6a0615a2,animal-cycle-random-7x7,animal-cycle,random-start,7x7,tf:149,tf:146,false,p1,accepted,,1274178491,1274182313535474,1
tf_policy_elo_current_rule_continuation_g141_g150_2026-09-02,accepted/animal-cycle-random-7x7.jsonl#6b637cd5c9966a192b126ee8,animal-cycle-random-7x7,animal-cycle,random-start,7x7,tf:149,tf:146,false,p1,accepted,,1274178491,1274182313535476,3
tf_policy_elo_current_rule_continuation_g141_g150_2026-09-02,accepted/animal-cycle-random-7x7.jsonl#d78a2db0602aa81d6e745ae4,animal-cycle-random-7x7,animal-cycle,random-start,7x7,tf:149,tf:146,false,p1,accepted,,1274178491,1274182313535478,5
tf_policy_elo_current_rule_continuation_g141_g150_2026-09-02,accepted/animal-cycle-random-7x7.jsonl#5135d73715c8dbb7a9403a05,animal-cycle-random-7x7,animal-cycle,random-start,7x7,tf:149,tf:146,false,p2,accepted,,1274178491,1274182313535480,7
tf_policy_elo_current_rule_continuation_g141_g150_2026-09-02,accepted/animal-cycle-random-7x7.jsonl#122eaf79c5eddbb2fb1933fe,animal-cycle-random-7x7,animal-cycle,random-start,7x7,tf:149,tf:146,false,p1,accepted,,1274178491,1274182313535482,9
tf_policy_elo_current_rule_continuation_g141_g150_2026-09-02,accepted/animal-cycle-random-7x7.jsonl#e7019294adf952cc823965d3,animal-cycle-random-7x7,animal-cycle,random-start,7x7,tf:149,tf:146,false,p1,accepted,,1274178491,1274182313535484,11
tf_policy_elo_current_rule_continuation_g141_g150_2026-09-02,accepted/animal-cycle-random-7x7.jsonl#84fd5a384e875ae15e6232fc,animal-cycle-random-7x7,animal-cycle,random-start,7x7,tf:149,tf:148,false,p1,accepted,,1632655997,1632660894967992,1
tf_policy_elo_current_rule_continuation_g141_g150_2026-09-02,accepted/animal-cycle-random-7x7.jsonl#1e4d2f54dcc743dc62c6ead7,animal-cycle-random-7x7,animal-cycle,random-start,7x7,tf:149,tf:148,false,p1,accepted,,1632655997,1632660894967994,3
tf_policy_elo_current_rule_continuation_g141_g150_2026-09-02,accepted/animal-cycle-random-7x7.jsonl#3c0583f1aa8a64d5479c0e20,animal-cycle-random-7x7,animal-cycle,random-start,7x7,tf:149,tf:148,false,p1,accepted,,1632655997,1632660894967996,5
tf_policy_elo_current_rule_continuation_g141_g150_2026-09-02,accepted/animal-cycle-random-7x7.jsonl#4e31c61042384d3066b63186,animal-cycle-random-7x7,animal-cycle,random-start,7x7,tf:149,tf:148,false,p1,accepted,,1632655997,1632660894967998,7
tf_policy_elo_current_rule_continuation_g141_g150_2026-09-02,accepted/animal-cycle-random-7x7.jsonl#44e89177f9826e91ee92afe0,animal-cycle-random-7x7,animal-cycle,random-start,7x7,tf:149,tf:148,false,p1,accepted,,1632655997,1632660894968000,9
tf_policy_elo_current_rule_continuation_g141_g150_2026-09-02,accepted/animal-cycle-random-7x7.jsonl#7c457bee2c21ab21183a18eb,animal-cycle-random-7x7,animal-cycle,random-start,7x7,tf:149,tf:148,false,p1,accepted,,1632655997,1632660894968002,11
tf_policy_elo_current_rule_continuation_g141_g150_2026-09-02,accepted/animal-cycle-random-7x7.jsonl#d079172d1bfce893ae3e62e0,animal-cycle-random-7x7,animal-cycle,random-start,7x7,tf:149,tf:150,true,p1,accepted,,633573668,633575568721004,0
tf_policy_elo_current_rule_continuation_g141_g150_2026-09-02,accepted/animal-cycle-random-7x7.jsonl#8a6ade791f848da6b467b5bd,animal-cycle-random-7x7,animal-cycle,random-start,7x7,tf:149,tf:150,true,p2,accepted,,633573668,633575568721006,2
tf_policy_elo_current_rule_continuation_g141_g150_2026-09-02,accepted/animal-cycle-random-7x7.jsonl#37be65e6b8abbf55d1aaceae,animal-cycle-random-7x7,animal-cycle,random-start,7x7,tf:149,tf:150,true,p1,accepted,,633573668,633575568721008,4
tf_policy_elo_current_rule_continuation_g141_g150_2026-09-02,accepted/animal-cycle-random-7x7.jsonl#33ff2a279e7e5c899ffcdadf,animal-cycle-random-7x7,animal-cycle,random-start,7x7,tf:149,tf:150,true,p1,accepted,,633573668,633575568721010,6
tf_policy_elo_current_rule_continuation_g141_g150_2026-09-02,accepted/animal-cycle-random-7x7.jsonl#ff331ac15c2cb6f01d33c5de,animal-cycle-random-7x7,animal-cycle,random-start,7x7,tf:149,tf:150,true,p1,accepted,,633573668,633575568721012,8
tf_policy_elo_current_rule_continuation_g141_g150_2026-09-02,accepted/animal-cycle-random-7x7.jsonl#ef533f262097180afb45502d,animal-cycle-random-7x7,animal-cycle,random-start,7x7,tf:149,tf:150,true,p2,accepted,,633573668,633575568721014,10
tf_policy_elo_current_rule_continuation_g141_g150_2026-09-02,accepted/animal-cycle-random-7x7.jsonl#629ee54b8e333368eb1591d5,animal-cycle-random-7x7,animal-cycle,random-start,7x7,tf:150,tf:144,false,p2,accepted,,183337052,183337602011157,1
tf_policy_elo_current_rule_continuation_g141_g150_2026-09-02,accepted/animal-cycle-random-7x7.jsonl#868469af89af8afefc394c50,animal-cycle-random-7x7,animal-cycle,random-start,7x7,tf:150,tf:144,false,p2,accepted,,1093484586,1093487866453759,1
tf_policy_elo_current_rule_continuation_g141_g150_2026-09-02,accepted/animal-cycle-random-7x7.jsonl#8c3de12af914c3f711efb124,animal-cycle-random-7x7,animal-cycle,random-start,7x7,tf:150,tf:144,false,p2,accepted,,183337052,183337602011159,3
tf_policy_elo_current_rule_continuation_g141_g150_2026-09-02,accepted/animal-cycle-random-7x7.jsonl#36cebceceba74cf331f10604,animal-cycle-random-7x7,animal-cycle,random-start,7x7,tf:150,tf:144,false,p1,accepted,,183337052,183337602011161,5
tf_policy_elo_current_rule_continuation_g141_g150_2026-09-02,accepted/animal-cycle-random-7x7.jsonl#a90095e766ee9cdff7660650,animal-cycle-random-7x7,animal-cycle,random-start,7x7,tf:150,tf:144,false,p1,accepted,,183337052,183337602011163,7
tf_policy_elo_current_rule_continuation_g141_g150_2026-09-02,accepted/animal-cycle-random-7x7.jsonl#a4c6bf3af30917b27a16d275,animal-cycle-random-7x7,animal-cycle,random-start,7x7,tf:150,tf:144,false,p1,accepted,,183337052,183337602011167,11
tf_policy_elo_current_rule_continuation_g141_g150_2026-09-02,accepted/animal-cycle-random-7x7.jsonl#684c9f3a57dcdab151530e57,animal-cycle-random-7x7,animal-cycle,random-start,7x7,tf:150,tf:147,false,p1,accepted,,1360078025,1360082105234076,1
tf_policy_elo_current_rule_continuation_g141_g150_2026-09-02,accepted/animal-cycle-random-7x7.jsonl#34220a7219c0250708cdc00a,animal-cycle-random-7x7,animal-cycle,random-start,7x7,tf:150,tf:147,false,p1,accepted,,1360078025,1360082105234078,3
tf_policy_elo_current_rule_continuation_g141_g150_2026-09-02,accepted/animal-cycle-random-7x7.jsonl#d7ca5da44cbc60ce4db897b2,animal-cycle-random-7x7,animal-cycle,random-start,7x7,tf:150,tf:147,false,p1,accepted,,1360078025,1360082105234080,5
tf_policy_elo_current_rule_continuation_g141_g150_2026-09-02,accepted/animal-cycle-random-7x7.jsonl#7c4d81767a9287d3f76a6999,animal-cycle-random-7x7,animal-cycle,random-start,7x7,tf:150,tf:147,false,p1,accepted,,1360078025,1360082105234082,7
tf_policy_elo_current_rule_continuation_g141_g150_2026-09-02,accepted/animal-cycle-random-7x7.jsonl#bff9467e7781c67c4bf29c51,animal-cycle-random-7x7,animal-cycle,random-start,7x7,tf:150,tf:147,false,p2,accepted,,1360078025,1360082105234084,9
tf_policy_elo_current_rule_continuation_g141_g150_2026-09-02,accepted/animal-cycle-random-7x7.jsonl#c7c9a638c7f2306032810b97,animal-cycle-random-7x7,animal-cycle,random-start,7x7,tf:150,tf:147,false,p2,accepted,,1360078025,1360082105234086,11
tf_policy_elo_current_rule_continuation_g141_g150_2026-09-02,accepted/animal-cycle-random-7x7.jsonl#6cf907012dccb493ab922064,animal-cycle-random-7x7,animal-cycle,random-start,7x7,tf:150,tf:149,false,p1,accepted,,633573668,633575568721005,1
tf_policy_elo_current_rule_continuation_g141_g150_2026-09-02,accepted/animal-cycle-random-7x7.jsonl#321fea9865ca7e13fea677ed,animal-cycle-random-7x7,animal-cycle,random-start,7x7,tf:150,tf:149,false,p1,accepted,,633573668,633575568721007,3
tf_policy_elo_current_rule_continuation_g141_g150_2026-09-02,accepted/animal-cycle-random-7x7.jsonl#7b1c05c368e44fca97eb075f,animal-cycle-random-7x7,animal-cycle,random-start,7x7,tf:150,tf:149,false,p1,accepted,,633573668,633575568721009,5
tf_policy_elo_current_rule_continuation_g141_g150_2026-09-02,accepted/animal-cycle-random-7x7.jsonl#8456ca68d5a0440326cd09cf,animal-cycle-random-7x7,animal-cycle,random-start,7x7,tf:150,tf:149,false,p1,accepted,,633573668,633575568721011,7
tf_policy_elo_current_rule_continuation_g141_g150_2026-09-02,accepted/animal-cycle-random-7x7.jsonl#43e79e1a429b17961fad6128,animal-cycle-random-7x7,animal-cycle,random-start,7x7,tf:150,tf:149,false,p1,accepted,,633573668,633575568721013,9
tf_policy_elo_current_rule_continuation_g141_g150_2026-09-02,accepted/animal-cycle-random-7x7.jsonl#f740e7e720245a3375b77f98,animal-cycle-random-7x7,animal-cycle,random-start,7x7,tf:150,tf:149,false,p2,accepted,,633573668,633575568721015,11
tf_policy_elo_current_rule_continuation_g141_g150_2026-09-02,accepted/classic-fixed-12x10.jsonl#dbb5b5d3f190ba5bef2b4171,classic-fixed-12x10,classic,fixed,12x10,tf:135,tf:141,true,p2,accepted,,1857580149,1857585721740447,0
tf_policy_elo_current_rule_continuation_g141_g150_2026-09-02,accepted/classic-fixed-12x10.jsonl#c10eb83d0d166167a7eb346d,classic-fixed-12x10,classic,fixed,12x10,tf:136,tf:142,true,p1,accepted,,1472170955,1472175371512865,0
tf_policy_elo_current_rule_continuation_g141_g150_2026-09-02,accepted/classic-fixed-12x10.jsonl#0ce565a26421acbd01768f45,classic-fixed-12x10,classic,fixed,12x10,tf:137,tf:143,true,p1,accepted,,952208893,952211749626679,0
tf_policy_elo_current_rule_continuation_g141_g150_2026-09-02,accepted/classic-fixed-12x10.jsonl#3441f104b923736edbc0ad16,classic-fixed-12x10,classic,fixed,12x10,tf:138,tf:141,true,p1,accepted,,1715434317,1715439463302951,0
tf_policy_elo_current_rule_continuation_g141_g150_2026-09-02,accepted/classic-fixed-12x10.jsonl#91fa31cf898a393c5b0fc775,classic-fixed-12x10,classic,fixed,12x10,tf:138,tf:144,true,p1,accepted,,1021860748,1021863813582244,0
tf_policy_elo_current_rule_continuation_g141_g150_2026-09-02,accepted/classic-fixed-12x10.jsonl#cd79f335f6b1e53946dddfc6,classic-fixed-12x10,classic,fixed,12x10,tf:139,tf:142,true,p2,accepted,,855014407,855016972043221,0
tf_policy_elo_current_rule_continuation_g141_g150_2026-09-02,accepted/classic-fixed-12x10.jsonl#2e50e490371c6459910cc472,classic-fixed-12x10,classic,fixed,12x10,tf:139,tf:145,true,p2,accepted,,1990168387,1990174357505161,0
tf_policy_elo_current_rule_continuation_g141_g150_2026-09-02,accepted/classic-fixed-12x10.jsonl#adfb3f57d141b30991e26c16,classic-fixed-12x10,classic,fixed,12x10,tf:140,tf:141,true,p1,accepted,,2085674851,2085681108024553,0
tf_policy_elo_current_rule_continuation_g141_g150_2026-09-02,accepted/classic-fixed-12x10.jsonl#09a417ea0afae9ab1a2ea3dc,classic-fixed-12x10,classic,fixed,12x10,tf:140,tf:143,true,p1,accepted,,295702534,295703421107602,0
tf_policy_elo_current_rule_continuation_g141_g150_2026-09-02,accepted/classic-fixed-12x10.jsonl#c13215af888af87144fb93c0,classic-fixed-12x10,classic,fixed,12x10,tf:140,tf:146,true,p1,accepted,,1096580783,1096584072742349,0
tf_policy_elo_current_rule_continuation_g141_g150_2026-09-02,accepted/classic-fixed-12x10.jsonl#cd3d2456eb09df9a6120f440,classic-fixed-12x10,classic,fixed,12x10,tf:141,tf:135,false,p1,accepted,,1857580149,1857585721740448,1
tf_policy_elo_current_rule_continuation_g141_g150_2026-09-02,accepted/classic-fixed-12x10.jsonl#6f7250e332b71109d84ec890,classic-fixed-12x10,classic,fixed,12x10,tf:141,tf:138,false,p1,accepted,,1715434317,1715439463302952,1
tf_policy_elo_current_rule_continuation_g141_g150_2026-09-02,accepted/classic-fixed-12x10.jsonl#57d3154f5f8f8129b8d40d1f,classic-fixed-12x10,classic,fixed,12x10,tf:141,tf:140,false,p1,accepted,,2085674851,2085681108024554,1
tf_policy_elo_current_rule_continuation_g141_g150_2026-09-02,accepted/classic-fixed-12x10.jsonl#b0b90f6f1c80b47145a0fe7e,classic-fixed-12x10,classic,fixed,12x10,tf:141,tf:142,true,p2,accepted,,301075790,301076693227370,0
tf_policy_elo_current_rule_continuation_g141_g150_2026-09-02,accepted/classic-fixed-12x10.jsonl#fa18b1d15bd4027ac97f43e8,classic-fixed-12x10,classic,fixed,12x10,tf:141,tf:144,true,p1,accepted,,850544018,850546569632054,0
tf_policy_elo_current_rule_continuation_g141_g150_2026-09-02,accepted/classic-fixed-12x10.jsonl#f27baa4f3e3ddc7b97f30882,classic-fixed-12x10,classic,fixed,12x10,tf:141,tf:147,true,p1,accepted,,1354332190,1354336252996570,0
tf_policy_elo_current_rule_continuation_g141_g150_2026-09-02,accepted/classic-fixed-12x10.jsonl#aae3a0c629996d04396d0cba,classic-fixed-12x10,classic,fixed,12x10,tf:142,tf:136,false,p1,accepted,,1472170955,1472175371512866,1
tf_policy_elo_current_rule_continuation_g141_g150_2026-09-02,accepted/classic-fixed-12x10.jsonl#7e1ea9797db5323a7c20d4f0,classic-fixed-12x10,classic,fixed,12x10,tf:142,tf:139,false,p1,accepted,,855014407,855016972043222,1
tf_policy_elo_current_rule_continuation_g141_g150_2026-09-02,accepted/classic-fixed-12x10.jsonl#5d27c2d7c8f2b5b0fa86e655,classic-fixed-12x10,classic,fixed,12x10,tf:142,tf:141,false,p1,accepted,,301075790,301076693227371,1
tf_policy_elo_current_rule_continuation_g141_g150_2026-09-02,accepted/classic-fixed-12x10.jsonl#cd49fb3f6ae4351cd6cf961e,classic-fixed-12x10,classic,fixed,12x10,tf:142,tf:143,true,p2,accepted,,570570437,570572148711311,0
tf_policy_elo_current_rule_continuation_g141_g150_2026-09-02,accepted/classic-fixed-12x10.jsonl#8ffa1003befb399f8c9ff17f,classic-fixed-12x10,classic,fixed,12x10,tf:142,tf:145,true,p2,accepted,,2046511435,2046517574534305,0
tf_policy_elo_current_rule_continuation_g141_g150_2026-09-02,accepted/classic-fixed-12x10.jsonl#ace05afb6046863d4c63c6bb,classic-fixed-12x10,classic,fixed,12x10,tf:142,tf:148,true,p1,accepted,,1454768751,1454773115306253,0
tf_policy_elo_current_rule_continuation_g141_g150_2026-09-02,accepted/classic-fixed-12x10.jsonl#e5b6eb7a1395429adae07b38,classic-fixed-12x10,classic,fixed,12x10,tf:143,tf:137,false,p1,accepted,,952208893,952211749626680,1
tf_policy_elo_current_rule_continuation_g141_g150_2026-09-02,accepted/classic-fixed-12x10.jsonl#59d805c0e56f5835ddb58538,classic-fixed-12x10,classic,fixed,12x10,tf:143,tf:140,false,p1,accepted,,295702534,295703421107603,1
tf_policy_elo_current_rule_continuation_g141_g150_2026-09-02,accepted/classic-fixed-12x10.jsonl#ede460ca3ecc6cd1e05b3643,classic-fixed-12x10,classic,fixed,12x10,tf:143,tf:142,false,p2,accepted,,570570437,570572148711312,1
tf_policy_elo_current_rule_continuation_g141_g150_2026-09-02,accepted/classic-fixed-12x10.jsonl#63148f276a6110913027f9f0,classic-fixed-12x10,classic,fixed,12x10,tf:143,tf:144,true,p1,accepted,,1652909587,1652914545728761,0
tf_policy_elo_current_rule_continuation_g141_g150_2026-09-02,accepted/classic-fixed-12x10.jsonl#2cd879ec9af077dc4d74fac9,classic-fixed-12x10,classic,fixed,12x10,tf:143,tf:146,true,p1,accepted,,38500800,38500915502400,0
tf_policy_elo_current_rule_continuation_g141_g150_2026-09-02,accepted/classic-fixed-12x10.jsonl#4cf7962bfa535edfad26c464,classic-fixed-12x10,classic,fixed,12x10,tf:143,tf:149,true,p1,accepted,,738010840,738013054032520,0
tf_policy_elo_current_rule_continuation_g141_g150_2026-09-02,accepted/classic-fixed-12x10.jsonl#f0ef1fca7f1cf36b27a66852,classic-fixed-12x10,classic,fixed,12x10,tf:144,tf:138,false,p1,accepted,,1021860748,1021863813582245,1
tf_policy_elo_current_rule_continuation_g141_g150_2026-09-02,accepted/classic-fixed-12x10.jsonl#4b9c13f9a1469125b2d454ab,classic-fixed-12x10,classic,fixed,12x10,tf:144,tf:141,false,p2,accepted,,850544018,850546569632055,1
tf_policy_elo_current_rule_continuation_g141_g150_2026-09-02,accepted/classic-fixed-12x10.jsonl#2cf50cd107ff6129765b8d4f,classic-fixed-12x10,classic,fixed,12x10,tf:144,tf:143,false,p1,accepted,,1652909587,1652914545728762,1
tf_policy_elo_current_rule_continuation_g141_g150_2026-09-02,accepted/classic-fixed-12x10.jsonl#b6e877bd9d464200fa65784c,classic-fixed-12x10,classic,fixed,12x10,tf:144,tf:145,true,p1,accepted,,1212249752,1212253388749256,0
tf_policy_elo_current_rule_continuation_g141_g150_2026-09-02,accepted/classic-fixed-12x10.jsonl#15a4032499b8a9863f930938,classic-fixed-12x10,classic,fixed,12x10,tf:144,tf:147,true,p1,accepted,,2000505701,2000511702517103,0
tf_policy_elo_current_rule_continuation_g141_g150_2026-09-02,accepted/classic-fixed-12x10.jsonl#a1cda1624e287c2812263096,classic-fixed-12x10,classic,fixed,12x10,tf:144,tf:150,true,p1,accepted,,1832633816,1832639313901448,0
tf_policy_elo_current_rule_continuation_g141_g150_2026-09-02,accepted/classic-fixed-12x10.jsonl#ce5fcb9fa15db5296108bc3c,classic-fixed-12x10,classic,fixed,12x10,tf:145,tf:139,false,p1,accepted,,1990168387,1990174357505162,1
tf_policy_elo_current_rule_continuation_g141_g150_2026-09-02,accepted/classic-fixed-12x10.jsonl#66c238fb4b3650a8e31c0004,classic-fixed-12x10,classic,fixed,12x10,tf:145,tf:142,false,p1,accepted,,2046511435,2046517574534306,1
tf_policy_elo_current_rule_continuation_g141_g150_2026-09-02,accepted/classic-fixed-12x10.jsonl#e1bee56202d2a149195a207b,classic-fixed-12x10,classic,fixed,12x10,tf:145,tf:144,false,p1,accepted,,1212249752,1212253388749257,1
tf_policy_elo_current_rule_continuation_g141_g150_2026-09-02,accepted/classic-fixed-12x10.jsonl#4df7f1c6f238607d037105ed,classic-fixed-12x10,classic,fixed,12x10,tf:145,tf:146,true,p1,accepted,,1492414944,1492419421244832,0
tf_policy_elo_current_rule_continuation_g141_g150_2026-09-02,accepted/classic-fixed-12x10.jsonl#376cde079677ebc47f4c87bf,classic-fixed-12x10,classic,fixed,12x10,tf:145,tf:148,true,p1,accepted,,1098184801,1098188095554403,0
tf_policy_elo_current_rule_continuation_g141_g150_2026-09-02,accepted/classic-fixed-12x10.jsonl#285cafe5b3d549d01f16884e,classic-fixed-12x10,classic,fixed,12x10,tf:146,tf:140,false,p2,accepted,,1096580783,1096584072742350,1
tf_policy_elo_current_rule_continuation_g141_g150_2026-09-02,accepted/classic-fixed-12x10.jsonl#4a8c8a1d6ca104c83e5b8b20,classic-fixed-12x10,classic,fixed,12x10,tf:146,tf:143,false,p1,accepted,,38500800,38500915502401,1
tf_policy_elo_current_rule_continuation_g141_g150_2026-09-02,accepted/classic-fixed-12x10.jsonl#729ff691c5f3f16dc212a328,classic-fixed-12x10,classic,fixed,12x10,tf:146,tf:145,false,p1,accepted,,1492414944,1492419421244833,1
tf_policy_elo_current_rule_continuation_g141_g150_2026-09-02,accepted/classic-fixed-12x10.jsonl#54b25ea8b85f0010f64c6b1b,classic-fixed-12x10,classic,fixed,12x10,tf:146,tf:147,true,p1,accepted,,619261863,619263720785589,0
tf_policy_elo_current_rule_continuation_g141_g150_2026-09-02,accepted/classic-fixed-12x10.jsonl#241c4c066c1988af595e89e5,classic-fixed-12x10,classic,fixed,12x10,tf:146,tf:149,true,p1,accepted,,910766395,910769127299185,0
tf_policy_elo_current_rule_continuation_g141_g150_2026-09-02,accepted/classic-fixed-12x10.jsonl#5d68d3e4f4a84ada38dad974,classic-fixed-12x10,classic,fixed,12x10,tf:147,tf:141,false,p1,accepted,,1354332190,1354336252996571,1
tf_policy_elo_current_rule_continuation_g141_g150_2026-09-02,accepted/classic-fixed-12x10.jsonl#a96adbd9598bfba885f41aca,classic-fixed-12x10,classic,fixed,12x10,tf:147,tf:144,false,p1,accepted,,2000505701,2000511702517104,1
tf_policy_elo_current_rule_continuation_g141_g150_2026-09-02,accepted/classic-fixed-12x10.jsonl#267958d581e251494ab95cc9,classic-fixed-12x10,classic,fixed,12x10,tf:147,tf:146,false,p1,accepted,,619261863,619263720785590,1
tf_policy_elo_current_rule_continuation_g141_g150_2026-09-02,accepted/classic-fixed-12x10.jsonl#5d360a150ab46afe1c1e6139,classic-fixed-12x10,classic,fixed,12x10,tf:147,tf:148,true,p1,accepted,,1365497547,1365501643492641,0
tf_policy_elo_current_rule_continuation_g141_g150_2026-09-02,accepted/classic-fixed-12x10.jsonl#372dece9e88b32f49b248a83,classic-fixed-12x10,classic,fixed,12x10,tf:147,tf:150,true,p1,accepted,,751666727,751668982000181,0
tf_policy_elo_current_rule_continuation_g141_g150_2026-09-02,accepted/classic-fixed-12x10.jsonl#f1c8bf29ec70339d822323f4,classic-fixed-12x10,classic,fixed,12x10,tf:148,tf:142,false,p1,accepted,,1454768751,1454773115306254,1
tf_policy_elo_current_rule_continuation_g141_g150_2026-09-02,accepted/classic-fixed-12x10.jsonl#2dc7ec0aa6040da0b52be883,classic-fixed-12x10,classic,fixed,12x10,tf:148,tf:145,false,p1,accepted,,1098184801,1098188095554404,1
tf_policy_elo_current_rule_continuation_g141_g150_2026-09-02,accepted/classic-fixed-12x10.jsonl#a64b6c9ffbee969f4e525816,classic-fixed-12x10,classic,fixed,12x10,tf:148,tf:147,false,p1,accepted,,1365497547,1365501643492642,1
tf_policy_elo_current_rule_continuation_g141_g150_2026-09-02,accepted/classic-fixed-12x10.jsonl#b556a479fc5bfa6ca50b48f1,classic-fixed-12x10,classic,fixed,12x10,tf:148,tf:149,true,p1,accepted,,1465790643,1465795040371929,0
tf_policy_elo_current_rule_continuation_g141_g150_2026-09-02,accepted/classic-fixed-12x10.jsonl#067785f0c600f4d26fd98649,classic-fixed-12x10,classic,fixed,12x10,tf:149,tf:143,false,p1,accepted,,738010840,738013054032521,1
tf_policy_elo_current_rule_continuation_g141_g150_2026-09-02,accepted/classic-fixed-12x10.jsonl#bd52a3df2f3202e2b15e41ee,classic-fixed-12x10,classic,fixed,12x10,tf:149,tf:146,false,p1,accepted,,910766395,910769127299186,1
tf_policy_elo_current_rule_continuation_g141_g150_2026-09-02,accepted/classic-fixed-12x10.jsonl#3202e494c76774f0f2d835d4,classic-fixed-12x10,classic,fixed,12x10,tf:149,tf:148,false,p1,accepted,,1465790643,1465795040371930,1
tf_policy_elo_current_rule_continuation_g141_g150_2026-09-02,accepted/classic-fixed-12x10.jsonl#f650b398ffe88783e7c7cdfb,classic-fixed-12x10,classic,fixed,12x10,tf:149,tf:150,true,p1,accepted,,529169712,529171299509136,0
tf_policy_elo_current_rule_continuation_g141_g150_2026-09-02,accepted/classic-fixed-12x10.jsonl#b56d46e6cc8e197f6ad536c2,classic-fixed-12x10,classic,fixed,12x10,tf:150,tf:144,false,p1,accepted,,1832633816,1832639313901449,1
tf_policy_elo_current_rule_continuation_g141_g150_2026-09-02,accepted/classic-fixed-12x10.jsonl#8417003065f6a0193c1bf3c5,classic-fixed-12x10,classic,fixed,12x10,tf:150,tf:147,false,p2,accepted,,751666727,751668982000182,1
tf_policy_elo_current_rule_continuation_g141_g150_2026-09-02,accepted/classic-fixed-12x10.jsonl#148b1edd5d5491ce470bac06,classic-fixed-12x10,classic,fixed,12x10,tf:150,tf:149,false,p1,accepted,,529169712,529171299509137,1
tf_policy_elo_current_rule_continuation_g141_g150_2026-09-02,accepted/classic-fixed-8x8.jsonl#bf77240ec5103ec66c16ebc7,classic-fixed-8x8,classic,fixed,8x8,tf:135,tf:141,true,p2,accepted,,802400166,802402573200498,0
tf_policy_elo_current_rule_continuation_g141_g150_2026-09-02,accepted/classic-fixed-8x8.jsonl#5aad8a9a24b17b522eeac2fe,classic-fixed-8x8,classic,fixed,8x8,tf:136,tf:142,true,p1,accepted,,236470235,236470944410705,0
tf_policy_elo_current_rule_continuation_g141_g150_2026-09-02,accepted/classic-fixed-8x8.jsonl#1e6d3309ad30723c1cd57271,classic-fixed-8x8,classic,fixed,8x8,tf:137,tf:143,true,p2,accepted,,14997211,14997255991633,0
tf_policy_elo_current_rule_continuation_g141_g150_2026-09-02,accepted/classic-fixed-8x8.jsonl#5aa3f254196b7c8648bd7e1d,classic-fixed-8x8,classic,fixed,8x8,tf:138,tf:141,true,p2,accepted,,1117593243,1117596595779729,0
tf_policy_elo_current_rule_continuation_g141_g150_2026-09-02,accepted/classic-fixed-8x8.jsonl#30efba1b1c8180c298c7feb4,classic-fixed-8x8,classic,fixed,8x8,tf:138,tf:144,true,p2,accepted,,519745627,519747186236881,0
tf_policy_elo_current_rule_continuation_g141_g150_2026-09-02,accepted/classic-fixed-8x8.jsonl#5a27679a61df89f3846c87bc,classic-fixed-8x8,classic,fixed,8x8,tf:139,tf:142,true,p1,accepted,,1845155404,1845160939466212,0
tf_policy_elo_current_rule_continuation_g141_g150_2026-09-02,accepted/classic-fixed-8x8.jsonl#c2f320aa344ab9158a839740,classic-fixed-8x8,classic,fixed,8x8,tf:139,tf:145,true,p1,accepted,,644495956,644497889487868,0
tf_policy_elo_current_rule_continuation_g141_g150_2026-09-02,accepted/classic-fixed-8x8.jsonl#422ed1c38c1c4366856841ca,classic-fixed-8x8,classic,fixed,8x8,tf:140,tf:141,true,p1,accepted,,171619036,171619550857108,0
tf_policy_elo_current_rule_continuation_g141_g150_2026-09-02,accepted/classic-fixed-8x8.jsonl#e2b11543b29745e28f53c83e,classic-fixed-8x8,classic,fixed,8x8,tf:140,tf:143,true,p1,accepted,,1191822291,1191825866466873,0
tf_policy_elo_current_rule_continuation_g141_g150_2026-09-02,accepted/classic-fixed-8x8.jsonl#c67c9c065038d82d6729abd9,classic-fixed-8x8,classic,fixed,8x8,tf:140,tf:146,true,p1,accepted,,446046868,446048206140604,0
tf_policy_elo_current_rule_continuation_g141_g150_2026-09-02,accepted/classic-fixed-8x8.jsonl#02771e28051a259ad060053b,classic-fixed-8x8,classic,fixed,8x8,tf:141,tf:135,false,p1,accepted,,802400166,802402573200499,1
tf_policy_elo_current_rule_continuation_g141_g150_2026-09-02,accepted/classic-fixed-8x8.jsonl#00737ce733782227b258c346,classic-fixed-8x8,classic,fixed,8x8,tf:141,tf:138,false,p1,accepted,,1117593243,1117596595779730,1
tf_policy_elo_current_rule_continuation_g141_g150_2026-09-02,accepted/classic-fixed-8x8.jsonl#3edf67575ac22e3a45c86d3d,classic-fixed-8x8,classic,fixed,8x8,tf:141,tf:140,false,p1,accepted,,171619036,171619550857109,1
tf_policy_elo_current_rule_continuation_g141_g150_2026-09-02,accepted/classic-fixed-8x8.jsonl#d3a2e26e9659e65582220d3a,classic-fixed-8x8,classic,fixed,8x8,tf:141,tf:142,true,p1,accepted,,248720968,248721714162904,0
tf_policy_elo_current_rule_continuation_g141_g150_2026-09-02,accepted/classic-fixed-8x8.jsonl#11f961215840807456a3f635,classic-fixed-8x8,classic,fixed,8x8,tf:141,tf:144,true,p2,accepted,,1755525496,1755530762576488,0
tf_policy_elo_current_rule_continuation_g141_g150_2026-09-02,accepted/classic-fixed-8x8.jsonl#2e407f56a5796576d15cb311,classic-fixed-8x8,classic,fixed,8x8,tf:141,tf:147,true,p2,accepted,,849029046,849031593087138,0
tf_policy_elo_current_rule_continuation_g141_g150_2026-09-02,accepted/classic-fixed-8x8.jsonl#de833b15f41a760e4210130f,classic-fixed-8x8,classic,fixed,8x8,tf:142,tf:136,false,p1,accepted,,236470235,236470944410706,1
tf_policy_elo_current_rule_continuation_g141_g150_2026-09-02,accepted/classic-fixed-8x8.jsonl#01c49c9f45198e6d33c831cf,classic-fixed-8x8,classic,fixed,8x8,tf:142,tf:139,false,p1,accepted,,1845155404,1845160939466213,1
tf_policy_elo_current_rule_continuation_g141_g150_2026-09-02,accepted/classic-fixed-8x8.jsonl#17cc8b69142ce6e4f58e1aac,classic-fixed-8x8,classic,fixed,8x8,tf:142,tf:141,false,p1,accepted,,248720968,248721714162905,1
tf_policy_elo_current_rule_continuation_g141_g150_2026-09-02,accepted/classic-fixed-8x8.jsonl#5e5ed1aed67a48ef75d48091,classic-fixed-8x8,classic,fixed,8x8,tf:142,tf:143,true,p1,accepted,,1284717067,1284720921151201,0
tf_policy_elo_current_rule_continuation_g141_g150_2026-09-02,accepted/classic-fixed-8x8.jsonl#be585eedf7ecf107672d6d5b,classic-fixed-8x8,classic,fixed,8x8,tf:142,tf:145,true,p2,accepted,,1592239822,1592244598719466,0
tf_policy_elo_current_rule_continuation_g141_g150_2026-09-02,accepted/classic-fixed-8x8.jsonl#6c39fd4acac0c59d60447675,classic-fixed-8x8,classic,fixed,8x8,tf:142,tf:148,true,p1,accepted,,614588755,614590598766265,0
tf_policy_elo_current_rule_continuation_g141_g150_2026-09-02,accepted/classic-fixed-8x8.jsonl#1b458dc807e74223f4a160ed,classic-fixed-8x8,classic,fixed,8x8,tf:143,tf:137,false,p1,accepted,,14997211,14997255991634,1
tf_policy_elo_current_rule_continuation_g141_g150_2026-09-02,accepted/classic-fixed-8x8.jsonl#0deaa7167f440808cb228063,classic-fixed-8x8,classic,fixed,8x8,tf:143,tf:140,false,p1,accepted,,1191822291,1191825866466874,1
tf_policy_elo_current_rule_continuation_g141_g150_2026-09-02,accepted/classic-fixed-8x8.jsonl#5f118f993eb6e74d15fac184,classic-fixed-8x8,classic,fixed,8x8,tf:143,tf:142,false,p2,accepted,,1284717067,1284720921151202,1
tf_policy_elo_current_rule_continuation_g141_g150_2026-09-02,accepted/classic-fixed-8x8.jsonl#1321b8421968d88b504bb865,classic-fixed-8x8,classic,fixed,8x8,tf:143,tf:144,true,p1,accepted,,245241082,245241817723246,0
tf_policy_elo_current_rule_continuation_g141_g150_2026-09-02,accepted/classic-fixed-8x8.jsonl#4cc6e4c623c11158eab28ea2,classic-fixed-8x8,classic,fixed,8x8,tf:143,tf:146,true,p2,accepted,,1181888331,1181891876664993,0
tf_policy_elo_current_rule_continuation_g141_g150_2026-09-02,accepted/classic-fixed-8x8.jsonl#31f4ab8ea3623762e0f8b071,classic-fixed-8x8,classic,fixed,8x8,tf:143,tf:149,true,p2,accepted,,1059527969,1059531147583907,0
tf_policy_elo_current_rule_continuation_g141_g150_2026-09-02,accepted/classic-fixed-8x8.jsonl#9612bf3488a4eb954912cea2,classic-fixed-8x8,classic,fixed,8x8,tf:144,tf:138,false,p1,accepted,,519745627,519747186236882,1
tf_policy_elo_current_rule_continuation_g141_g150_2026-09-02,accepted/classic-fixed-8x8.jsonl#1855ff4277a9ae7b28db698a,classic-fixed-8x8,classic,fixed,8x8,tf:144,tf:141,false,p1,accepted,,1755525496,1755530762576489,1
tf_policy_elo_current_rule_continuation_g141_g150_2026-09-02,accepted/classic-fixed-8x8.jsonl#905bdab00856485861a94cc2,classic-fixed-8x8,classic,fixed,8x8,tf:144,tf:143,false,p1,accepted,,245241082,245241817723247,1
tf_policy_elo_current_rule_continuation_g141_g150_2026-09-02,accepted/classic-fixed-8x8.jsonl#d2a6074e4f45e25060574a59,classic-fixed-8x8,classic,fixed,8x8,tf:144,tf:145,true,p1,accepted,,1647255034,1647259975765102,0
tf_policy_elo_current_rule_continuation_g141_g150_2026-09-02,accepted/classic-fixed-8x8.jsonl#55553ab41159cff69a5658fe,classic-fixed-8x8,classic,fixed,8x8,tf:144,tf:147,true,p2,accepted,,1195487931,1195491517463793,0
tf_policy_elo_current_rule_continuation_g141_g150_2026-09-02,accepted/classic-fixed-8x8.jsonl#d94ca94da98bb8e9b51f1dd2,classic-fixed-8x8,classic,fixed,8x8,tf:144,tf:150,true,p1,accepted,,1983260798,1983266747782394,0
tf_policy_elo_current_rule_continuation_g141_g150_2026-09-02,accepted/classic-fixed-8x8.jsonl#b02097b390567eac82d464fb,classic-fixed-8x8,classic,fixed,8x8,tf:145,tf:139,false,p1,accepted,,644495956,644497889487869,1
tf_policy_elo_current_rule_continuation_g141_g150_2026-09-02,accepted/classic-fixed-8x8.jsonl#81755ad67910b1a46ff98e01,classic-fixed-8x8,classic,fixed,8x8,tf:145,tf:142,false,p1,accepted,,1592239822,1592244598719467,1
tf_policy_elo_current_rule_continuation_g141_g150_2026-09-02,accepted/classic-fixed-8x8.jsonl#56954c6f41c46839c8b64492,classic-fixed-8x8,classic,fixed,8x8,tf:145,tf:144,false,p1,accepted,,1647255034,1647259975765103,1
tf_policy_elo_current_rule_continuation_g141_g150_2026-09-02,accepted/classic-fixed-8x8.jsonl#809cf17112a77c8bd1057828,classic-fixed-8x8,classic,fixed,8x8,tf:145,tf:146,true,p1,accepted,,677737526,677739559212578,0
tf_policy_elo_current_rule_continuation_g141_g150_2026-09-02,accepted/classic-fixed-8x8.jsonl#7c2b7eb06e370b946273833a,classic-fixed-8x8,classic,fixed,8x8,tf:145,tf:148,true,p1,accepted,,2038805945,2038812061417835,0
tf_policy_elo_current_rule_continuation_g141_g150_2026-09-02,accepted/classic-fixed-8x8.jsonl#645e703104c769687ec21ca5,classic-fixed-8x8,classic,fixed,8x8,tf:146,tf:140,false,p1,accepted,,446046868,446048206140605,1
tf_policy_elo_current_rule_continuation_g141_g150_2026-09-02,accepted/classic-fixed-8x8.jsonl#24d4debff374423e3a95750d,classic-fixed-8x8,classic,fixed,8x8,tf:146,tf:143,false,p1,accepted,,1181888331,1181891876664994,1
tf_policy_elo_current_rule_continuation_g141_g150_2026-09-02,accepted/classic-fixed-8x8.jsonl#53490c3790bdd82d96fda9ba,classic-fixed-8x8,classic,fixed,8x8,tf:146,tf:145,false,p2,accepted,,677737526,677739559212579,1
tf_policy_elo_current_rule_continuation_g141_g150_2026-09-02,accepted/classic-fixed-8x8.jsonl#95ba23fed78d5c4b4db4a531,classic-fixed-8x8,classic,fixed,8x8,tf:146,tf:147,true,p2,accepted,,1110699949,1110703281099847,0
tf_policy_elo_current_rule_continuation_g141_g150_2026-09-02,accepted/classic-fixed-8x8.jsonl#bae47c55cfd1205d9254fcd9,classic-fixed-8x8,classic,fixed,8x8,tf:146,tf:149,true,p1,accepted,,1064370417,1064373610111251,0
tf_policy_elo_current_rule_continuation_g141_g150_2026-09-02,accepted/classic-fixed-8x8.jsonl#950059217897da6fa6e996a8,classic-fixed-8x8,classic,fixed,8x8,tf:147,tf:141,false,p1,accepted,,849029046,849031593087139,1
tf_policy_elo_current_rule_continuation_g141_g150_2026-09-02,accepted/classic-fixed-8x8.jsonl#104eb302188a0a418fc1396f,classic-fixed-8x8,classic,fixed,8x8,tf:147,tf:144,false,p1,accepted,,1195487931,1195491517463794,1
tf_policy_elo_current_rule_continuation_g141_g150_2026-09-02,accepted/classic-fixed-8x8.jsonl#170c9f6c6f8ac42a463e12b7,classic-fixed-8x8,classic,fixed,8x8,tf:147,tf:146,false,p1,accepted,,1110699949,1110703281099848,1
tf_policy_elo_current_rule_continuation_g141_g150_2026-09-02,accepted/classic-fixed-8x8.jsonl#b501f997c660adf117a4004a,classic-fixed-8x8,classic,fixed,8x8,tf:147,tf:148,true,p2,accepted,,2049499646,2049505794498938,0
tf_policy_elo_current_rule_continuation_g141_g150_2026-09-02,accepted/classic-fixed-8x8.jsonl#ee56ad078159b257633e54b6,classic-fixed-8x8,classic,fixed,8x8,tf:147,tf:150,true,p1,accepted,,1071511379,1071514593534137,0
tf_policy_elo_current_rule_continuation_g141_g150_2026-09-02,accepted/classic-fixed-8x8.jsonl#b15ddfb3de0d61f85b869d36,classic-fixed-8x8,classic,fixed,8x8,tf:148,tf:142,false,p1,accepted,,614588755,614590598766266,1
tf_policy_elo_current_rule_continuation_g141_g150_2026-09-02,accepted/classic-fixed-8x8.jsonl#ce37bef0665dd22da378c9ff,classic-fixed-8x8,classic,fixed,8x8,tf:148,tf:145,false,p1,accepted,,2038805945,2038812061417836,1
tf_policy_elo_current_rule_continuation_g141_g150_2026-09-02,accepted/classic-fixed-8x8.jsonl#19f7e0680f2c9fb87f0de18b,classic-fixed-8x8,classic,fixed,8x8,tf:148,tf:147,false,p1,accepted,,2049499646,2049505794498939,1
tf_policy_elo_current_rule_continuation_g141_g150_2026-09-02,accepted/classic-fixed-8x8.jsonl#6594bf10d33229804c183e87,classic-fixed-8x8,classic,fixed,8x8,tf:148,tf:149,true,p1,accepted,,1991457598,1991463572372794,0
tf_policy_elo_current_rule_continuation_g141_g150_2026-09-02,accepted/classic-fixed-8x8.jsonl#923388925ea967ff765de760,classic-fixed-8x8,classic,fixed,8x8,tf:149,tf:143,false,p1,accepted,,1059527969,1059531147583908,1
tf_policy_elo_current_rule_continuation_g141_g150_2026-09-02,accepted/classic-fixed-8x8.jsonl#f72c064dd9a19d8d4f08fde8,classic-fixed-8x8,classic,fixed,8x8,tf:149,tf:146,false,p2,accepted,,1064370417,1064373610111252,1
tf_policy_elo_current_rule_continuation_g141_g150_2026-09-02,accepted/classic-fixed-8x8.jsonl#dfccefce75cc0e13c0fd8d0e,classic-fixed-8x8,classic,fixed,8x8,tf:149,tf:148,false,p1,accepted,,1991457598,1991463572372795,1
tf_policy_elo_current_rule_continuation_g141_g150_2026-09-02,accepted/classic-fixed-8x8.jsonl#0a07801afec310c7084523be,classic-fixed-8x8,classic,fixed,8x8,tf:149,tf:150,true,p1,accepted,,1599774128,1599778927322384,0
tf_policy_elo_current_rule_continuation_g141_g150_2026-09-02,accepted/classic-fixed-8x8.jsonl#37acb722d8c0ba306ec40b65,classic-fixed-8x8,classic,fixed,8x8,tf:150,tf:144,false,p2,accepted,,1983260798,1983266747782395,1
tf_policy_elo_current_rule_continuation_g141_g150_2026-09-02,accepted/classic-fixed-8x8.jsonl#c3d97f62cb812f31bd0df565,classic-fixed-8x8,classic,fixed,8x8,tf:150,tf:147,false,p2,accepted,,1071511379,1071514593534138,1
tf_policy_elo_current_rule_continuation_g141_g150_2026-09-02,accepted/classic-fixed-8x8.jsonl#fb853e332d58683455a94aba,classic-fixed-8x8,classic,fixed,8x8,tf:150,tf:149,false,p1,accepted,,1599774128,1599778927322385,1
tf_policy_elo_current_rule_continuation_g141_g150_2026-09-02,accepted/classic-random-12x10.jsonl#a78d52867fbf9642a980565b,classic-random-12x10,classic,random-start,12x10,tf:135,tf:141,true,p1,accepted,,161294890,161295373884670,0
tf_policy_elo_current_rule_continuation_g141_g150_2026-09-02,accepted/classic-random-12x10.jsonl#c81eeeca8e527d24e054d377,classic-random-12x10,classic,random-start,12x10,tf:135,tf:141,true,p1,accepted,,161294890,161295373884672,2
tf_policy_elo_current_rule_continuation_g141_g150_2026-09-02,accepted/classic-random-12x10.jsonl#0c57e52d7b9674dd31c1558b,classic-random-12x10,classic,random-start,12x10,tf:135,tf:141,true,p2,accepted,,161294890,161295373884674,4
tf_policy_elo_current_rule_continuation_g141_g150_2026-09-02,accepted/classic-random-12x10.jsonl#5320753f2eafbf03667c96b8,classic-random-12x10,classic,random-start,12x10,tf:135,tf:141,true,p1,accepted,,161294890,161295373884676,6
tf_policy_elo_current_rule_continuation_g141_g150_2026-09-02,accepted/classic-random-12x10.jsonl#407cf356773be7afb120a58b,classic-random-12x10,classic,random-start,12x10,tf:135,tf:141,true,p2,accepted,,161294890,161295373884678,8
tf_policy_elo_current_rule_continuation_g141_g150_2026-09-02,accepted/classic-random-12x10.jsonl#09688276eb2d4c4d0ccefef4,classic-random-12x10,classic,random-start,12x10,tf:135,tf:141,true,p1,accepted,,161294890,161295373884680,10
tf_policy_elo_current_rule_continuation_g141_g150_2026-09-02,accepted/classic-random-12x10.jsonl#b23cd2c150400e2faa5a4126,classic-random-12x10,classic,random-start,12x10,tf:136,tf:142,true,p1,accepted,,1493169791,1493174270509373,0
tf_policy_elo_current_rule_continuation_g141_g150_2026-09-02,accepted/classic-random-12x10.jsonl#08cebbbac0f4818ead2480a9,classic-random-12x10,classic,random-start,12x10,tf:136,tf:142,true,p2,accepted,,1493169791,1493174270509375,2
tf_policy_elo_current_rule_continuation_g141_g150_2026-09-02,accepted/classic-random-12x10.jsonl#96817aba786f3c34b015c9e7,classic-random-12x10,classic,random-start,12x10,tf:136,tf:142,true,p2,accepted,,1493169791,1493174270509377,4
tf_policy_elo_current_rule_continuation_g141_g150_2026-09-02,accepted/classic-random-12x10.jsonl#bb24431604b60f385e1ef4cf,classic-random-12x10,classic,random-start,12x10,tf:136,tf:142,true,p2,accepted,,1493169791,1493174270509379,6
tf_policy_elo_current_rule_continuation_g141_g150_2026-09-02,accepted/classic-random-12x10.jsonl#a09103f08f373bea97955e72,classic-random-12x10,classic,random-start,12x10,tf:136,tf:142,true,p1,accepted,,1493169791,1493174270509381,8
tf_policy_elo_current_rule_continuation_g141_g150_2026-09-02,accepted/classic-random-12x10.jsonl#ed6ff078db12f2004afd2092,classic-random-12x10,classic,random-start,12x10,tf:136,tf:142,true,p1,accepted,,1493169791,1493174270509383,10
tf_policy_elo_current_rule_continuation_g141_g150_2026-09-02,accepted/classic-random-12x10.jsonl#b325606ea8c8afffefdc544d,classic-random-12x10,classic,random-start,12x10,tf:137,tf:143,true,p1,accepted,,1842484836,1842490363454508,0
tf_policy_elo_current_rule_continuation_g141_g150_2026-09-02,accepted/classic-random-12x10.jsonl#e5df7aec295435ec98343eb7,classic-random-12x10,classic,random-start,12x10,tf:137,tf:143,true,p1,accepted,,1842484836,1842490363454510,2
tf_policy_elo_current_rule_continuation_g141_g150_2026-09-02,accepted/classic-random-12x10.jsonl#49005df07762b832bcb30bb7,classic-random-12x10,classic,random-start,12x10,tf:137,tf:143,true,p1,accepted,,1842484836,1842490363454512,4
tf_policy_elo_current_rule_continuation_g141_g150_2026-09-02,accepted/classic-random-12x10.jsonl#fdc4c342152da797aa0196ac,classic-random-12x10,classic,random-start,12x10,tf:137,tf:143,true,p1,accepted,,1842484836,1842490363454514,6
tf_policy_elo_current_rule_continuation_g141_g150_2026-09-02,accepted/classic-random-12x10.jsonl#125dd68746602200de47528b,classic-random-12x10,classic,random-start,12x10,tf:137,tf:143,true,p1,accepted,,1842484836,1842490363454516,8
tf_policy_elo_current_rule_continuation_g141_g150_2026-09-02,accepted/classic-random-12x10.jsonl#008058d57e19e50c76e41089,classic-random-12x10,classic,random-start,12x10,tf:137,tf:143,true,p1,accepted,,1842484836,1842490363454518,10
tf_policy_elo_current_rule_continuation_g141_g150_2026-09-02,accepted/classic-random-12x10.jsonl#c45d8d416e269d5df4541f4a,classic-random-12x10,classic,random-start,12x10,tf:138,tf:141,true,p1,accepted,,159394797,159395275184391,0
tf_policy_elo_current_rule_continuation_g141_g150_2026-09-02,accepted/classic-random-12x10.jsonl#aac02d69fc35becb0cfa0ba6,classic-random-12x10,classic,random-start,12x10,tf:138,tf:141,true,p2,accepted,,159394797,159395275184393,2
tf_policy_elo_current_rule_continuation_g141_g150_2026-09-02,accepted/classic-random-12x10.jsonl#056011c7b34096a480d6d6be,classic-random-12x10,classic,random-start,12x10,tf:138,tf:141,true,p2,accepted,,159394797,159395275184395,4
tf_policy_elo_current_rule_continuation_g141_g150_2026-09-02,accepted/classic-random-12x10.jsonl#09115f8bbfe1a95a000e3a26,classic-random-12x10,classic,random-start,12x10,tf:138,tf:141,true,p1,accepted,,159394797,159395275184397,6
tf_policy_elo_current_rule_continuation_g141_g150_2026-09-02,accepted/classic-random-12x10.jsonl#43357aaaee367ddd310e9f5c,classic-random-12x10,classic,random-start,12x10,tf:138,tf:141,true,p1,accepted,,159394797,159395275184399,8
tf_policy_elo_current_rule_continuation_g141_g150_2026-09-02,accepted/classic-random-12x10.jsonl#4968f49fef48927ee8a06152,classic-random-12x10,classic,random-start,12x10,tf:138,tf:141,true,p1,accepted,,159394797,159395275184401,10
tf_policy_elo_current_rule_continuation_g141_g150_2026-09-02,accepted/classic-random-12x10.jsonl#6bf173e80c227b89d4d34761,classic-random-12x10,classic,random-start,12x10,tf:138,tf:144,true,p1,accepted,,1394385273,1394389456155819,0
tf_policy_elo_current_rule_continuation_g141_g150_2026-09-02,accepted/classic-random-12x10.jsonl#8ee33f7e200f0891d8dff3f8,classic-random-12x10,classic,random-start,12x10,tf:138,tf:144,true,p2,accepted,,1394385273,1394389456155821,2
tf_policy_elo_current_rule_continuation_g141_g150_2026-09-02,accepted/classic-random-12x10.jsonl#0a4f7dfd7fe6d919b731644e,classic-random-12x10,classic,random-start,12x10,tf:138,tf:144,true,p1,accepted,,1394385273,1394389456155823,4
tf_policy_elo_current_rule_continuation_g141_g150_2026-09-02,accepted/classic-random-12x10.jsonl#5a60384767679c5ca67eb363,classic-random-12x10,classic,random-start,12x10,tf:138,tf:144,true,p1,accepted,,1394385273,1394389456155825,6
tf_policy_elo_current_rule_continuation_g141_g150_2026-09-02,accepted/classic-random-12x10.jsonl#91b8a5b0839673e62c96f818,classic-random-12x10,classic,random-start,12x10,tf:138,tf:144,true,p1,accepted,,1394385273,1394389456155827,8
tf_policy_elo_current_rule_continuation_g141_g150_2026-09-02,accepted/classic-random-12x10.jsonl#4076e5fa29c3e5ce270663c6,classic-random-12x10,classic,random-start,12x10,tf:138,tf:144,true,p2,accepted,,1394385273,1394389456155829,10
tf_policy_elo_current_rule_continuation_g141_g150_2026-09-02,accepted/classic-random-12x10.jsonl#ad1172d038e9d6000ffe3189,classic-random-12x10,classic,random-start,12x10,tf:139,tf:142,true,p2,accepted,,1229124338,1229128025373014,0
tf_policy_elo_current_rule_continuation_g141_g150_2026-09-02,accepted/classic-random-12x10.jsonl#d62b625a810f2462ec3868fb,classic-random-12x10,classic,random-start,12x10,tf:139,tf:142,true,p1,accepted,,1229124338,1229128025373016,2
tf_policy_elo_current_rule_continuation_g141_g150_2026-09-02,accepted/classic-random-12x10.jsonl#4cd362b5c85955a6bd948b9d,classic-random-12x10,classic,random-start,12x10,tf:139,tf:142,true,p2,accepted,,1229124338,1229128025373018,4
tf_policy_elo_current_rule_continuation_g141_g150_2026-09-02,accepted/classic-random-12x10.jsonl#0aaa347ec9abad0f206d3ca4,classic-random-12x10,classic,random-start,12x10,tf:139,tf:142,true,p1,accepted,,1229124338,1229128025373020,6
tf_policy_elo_current_rule_continuation_g141_g150_2026-09-02,accepted/classic-random-12x10.jsonl#a921d447eee88dfb04d72ce8,classic-random-12x10,classic,random-start,12x10,tf:139,tf:142,true,p1,accepted,,1229124338,1229128025373022,8
tf_policy_elo_current_rule_continuation_g141_g150_2026-09-02,accepted/classic-random-12x10.jsonl#e12ec70d5371c08fb913d618,classic-random-12x10,classic,random-start,12x10,tf:139,tf:142,true,p1,accepted,,1229124338,1229128025373024,10
tf_policy_elo_current_rule_continuation_g141_g150_2026-09-02,accepted/classic-random-12x10.jsonl#112203b10006b0719b6a4d82,classic-random-12x10,classic,random-start,12x10,tf:139,tf:145,true,p1,accepted,,1359897154,1359901233691462,0
tf_policy_elo_current_rule_continuation_g141_g150_2026-09-02,accepted/classic-random-12x10.jsonl#dd7feaa2e5421cc28769f3f2,classic-random-12x10,classic,random-start,12x10,tf:139,tf:145,true,p2,accepted,,1359897154,1359901233691464,2
tf_policy_elo_current_rule_continuation_g141_g150_2026-09-02,accepted/classic-random-12x10.jsonl#1933ea9619951f780ec78065,classic-random-12x10,classic,random-start,12x10,tf:139,tf:145,true,p1,accepted,,1359897154,1359901233691466,4
tf_policy_elo_current_rule_continuation_g141_g150_2026-09-02,accepted/classic-random-12x10.jsonl#73f944ee168195809108a986,classic-random-12x10,classic,random-start,12x10,tf:139,tf:145,true,p1,accepted,,1359897154,1359901233691468,6
tf_policy_elo_current_rule_continuation_g141_g150_2026-09-02,accepted/classic-random-12x10.jsonl#3dcbfeb3a07ac2018fe0d5c2,classic-random-12x10,classic,random-start,12x10,tf:139,tf:145,true,p1,accepted,,1359897154,1359901233691470,8
tf_policy_elo_current_rule_continuation_g141_g150_2026-09-02,accepted/classic-random-12x10.jsonl#aa9569176580fcd33bd2dccb,classic-random-12x10,classic,random-start,12x10,tf:139,tf:145,true,p1,accepted,,1359897154,1359901233691472,10
tf_policy_elo_current_rule_continuation_g141_g150_2026-09-02,accepted/classic-random-12x10.jsonl#68649109eb2da78e3ca40319,classic-random-12x10,classic,random-start,12x10,tf:140,tf:141,true,p1,accepted,,2003477298,2003483308431894,0
tf_policy_elo_current_rule_continuation_g141_g150_2026-09-02,accepted/classic-random-12x10.jsonl#5901aa975f0558520f55a8b1,classic-random-12x10,classic,random-start,12x10,tf:140,tf:141,true,p1,accepted,,2003477298,2003483308431896,2
tf_policy_elo_current_rule_continuation_g141_g150_2026-09-02,accepted/classic-random-12x10.jsonl#5ca8b8d8f073329b4625c762,classic-random-12x10,classic,random-start,12x10,tf:140,tf:141,true,p1,accepted,,2003477298,2003483308431898,4
tf_policy_elo_current_rule_continuation_g141_g150_2026-09-02,accepted/classic-random-12x10.jsonl#fe7b7e93455c7bcd062b5bcd,classic-random-12x10,classic,random-start,12x10,tf:140,tf:141,true,p1,accepted,,2003477298,2003483308431900,6
tf_policy_elo_current_rule_continuation_g141_g150_2026-09-02,accepted/classic-random-12x10.jsonl#525f7588b970611a0c8e95de,classic-random-12x10,classic,random-start,12x10,tf:140,tf:141,true,p2,accepted,,2003477298,2003483308431902,8
tf_policy_elo_current_rule_continuation_g141_g150_2026-09-02,accepted/classic-random-12x10.jsonl#84a397482c6b2ea88f324080,classic-random-12x10,classic,random-start,12x10,tf:140,tf:141,true,p1,accepted,,2003477298,2003483308431904,10
tf_policy_elo_current_rule_continuation_g141_g150_2026-09-02,accepted/classic-random-12x10.jsonl#02ec3c555d94e4a27b21da55,classic-random-12x10,classic,random-start,12x10,tf:140,tf:143,true,p2,accepted,,78146006,78146240438018,0
tf_policy_elo_current_rule_continuation_g141_g150_2026-09-02,accepted/classic-random-12x10.jsonl#d9dccd1c9d93592bee797157,classic-random-12x10,classic,random-start,12x10,tf:140,tf:143,true,p2,accepted,,78146006,78146240438020,2
tf_policy_elo_current_rule_continuation_g141_g150_2026-09-02,accepted/classic-random-12x10.jsonl#ce53bee3fca339fc5fca3c9d,classic-random-12x10,classic,random-start,12x10,tf:140,tf:143,true,p1,accepted,,78146006,78146240438022,4
tf_policy_elo_current_rule_continuation_g141_g150_2026-09-02,accepted/classic-random-12x10.jsonl#2a07bacd7df854225ae625b5,classic-random-12x10,classic,random-start,12x10,tf:140,tf:143,true,p1,accepted,,78146006,78146240438024,6
tf_policy_elo_current_rule_continuation_g141_g150_2026-09-02,accepted/classic-random-12x10.jsonl#ccbba97bbd19342b343f0f44,classic-random-12x10,classic,random-start,12x10,tf:140,tf:143,true,p2,accepted,,78146006,78146240438026,8
tf_policy_elo_current_rule_continuation_g141_g150_2026-09-02,accepted/classic-random-12x10.jsonl#d5e8e7e1d8cabbdd9e259688,classic-random-12x10,classic,random-start,12x10,tf:140,tf:143,true,p1,accepted,,78146006,78146240438028,10
tf_policy_elo_current_rule_continuation_g141_g150_2026-09-02,accepted/classic-random-12x10.jsonl#8b9f61f33ac52e05fda16231,classic-random-12x10,classic,random-start,12x10,tf:140,tf:146,true,p1,accepted,,1095490626,1095493912471878,0
tf_policy_elo_current_rule_continuation_g141_g150_2026-09-02,accepted/classic-random-12x10.jsonl#3815df1b374b33e10e9ca9f1,classic-random-12x10,classic,random-start,12x10,tf:140,tf:146,true,p1,accepted,,1095490626,1095493912471880,2
tf_policy_elo_current_rule_continuation_g141_g150_2026-09-02,accepted/classic-random-12x10.jsonl#8c415bc064438415cf7d1f47,classic-random-12x10,classic,random-start,12x10,tf:140,tf:146,true,p1,accepted,,1095490626,1095493912471882,4
tf_policy_elo_current_rule_continuation_g141_g150_2026-09-02,accepted/classic-random-12x10.jsonl#c1539b83a14c89c0ba4fed6d,classic-random-12x10,classic,random-start,12x10,tf:140,tf:146,true,p2,accepted,,1095490626,1095493912471884,6
tf_policy_elo_current_rule_continuation_g141_g150_2026-09-02,accepted/classic-random-12x10.jsonl#d2002f1548e6f18da32c81c9,classic-random-12x10,classic,random-start,12x10,tf:140,tf:146,true,p1,accepted,,1095490626,1095493912471886,8
tf_policy_elo_current_rule_continuation_g141_g150_2026-09-02,accepted/classic-random-12x10.jsonl#6070d76373d5684bf03bc814,classic-random-12x10,classic,random-start,12x10,tf:140,tf:146,true,p2,accepted,,1095490626,1095493912471888,10
tf_policy_elo_current_rule_continuation_g141_g150_2026-09-02,accepted/classic-random-12x10.jsonl#2589fb89b8e6e85b97b783d4,classic-random-12x10,classic,random-start,12x10,tf:141,tf:135,false,p2,accepted,,161294890,161295373884671,1
tf_policy_elo_current_rule_continuation_g141_g150_2026-09-02,accepted/classic-random-12x10.jsonl#35a600174d16e3501a2b720d,classic-random-12x10,classic,random-start,12x10,tf:141,tf:135,false,p1,accepted,,161294890,161295373884673,3
tf_policy_elo_current_rule_continuation_g141_g150_2026-09-02,accepted/classic-random-12x10.jsonl#729a56cdf2b55f76d7301599,classic-random-12x10,classic,random-start,12x10,tf:141,tf:135,false,p2,accepted,,161294890,161295373884675,5
tf_policy_elo_current_rule_continuation_g141_g150_2026-09-02,accepted/classic-random-12x10.jsonl#32f19ae59401d153e0a0e2da,classic-random-12x10,classic,random-start,12x10,tf:141,tf:135,false,p1,accepted,,161294890,161295373884677,7
tf_policy_elo_current_rule_continuation_g141_g150_2026-09-02,accepted/classic-random-12x10.jsonl#98870e7e507f10982f9c01d2,classic-random-12x10,classic,random-start,12x10,tf:141,tf:135,false,p2,accepted,,161294890,161295373884679,9
tf_policy_elo_current_rule_continuation_g141_g150_2026-09-02,accepted/classic-random-12x10.jsonl#37b1c536d94a1a8871f01e78,classic-random-12x10,classic,random-start,12x10,tf:141,tf:135,false,p2,accepted,,161294890,161295373884681,11
tf_policy_elo_current_rule_continuation_g141_g150_2026-09-02,accepted/classic-random-12x10.jsonl#f8640c9d7693b0046800ef82,classic-random-12x10,classic,random-start,12x10,tf:141,tf:138,false,p1,accepted,,159394797,159395275184392,1
tf_policy_elo_current_rule_continuation_g141_g150_2026-09-02,accepted/classic-random-12x10.jsonl#fac33376dd06e661ae3acbcc,classic-random-12x10,classic,random-start,12x10,tf:141,tf:138,false,p1,accepted,,159394797,159395275184394,3
tf_policy_elo_current_rule_continuation_g141_g150_2026-09-02,accepted/classic-random-12x10.jsonl#507ad31bda2e143915ad9968,classic-random-12x10,classic,random-start,12x10,tf:141,tf:138,false,p1,accepted,,159394797,159395275184396,5
tf_policy_elo_current_rule_continuation_g141_g150_2026-09-02,accepted/classic-random-12x10.jsonl#59f2143f972513b5bbe52cb4,classic-random-12x10,classic,random-start,12x10,tf:141,tf:138,false,p1,accepted,,159394797,159395275184398,7
tf_policy_elo_current_rule_continuation_g141_g150_2026-09-02,accepted/classic-random-12x10.jsonl#3b1befc67a1b3378da39d3af,classic-random-12x10,classic,random-start,12x10,tf:141,tf:138,false,p1,accepted,,159394797,159395275184400,9
tf_policy_elo_current_rule_continuation_g141_g150_2026-09-02,accepted/classic-random-12x10.jsonl#1aa6db2001c46a1dbb4a93e7,classic-random-12x10,classic,random-start,12x10,tf:141,tf:138,false,p1,accepted,,159394797,159395275184402,11
tf_policy_elo_current_rule_continuation_g141_g150_2026-09-02,accepted/classic-random-12x10.jsonl#753ed3122719fc82f487194b,classic-random-12x10,classic,random-start,12x10,tf:141,tf:140,false,p1,accepted,,2003477298,2003483308431895,1
tf_policy_elo_current_rule_continuation_g141_g150_2026-09-02,accepted/classic-random-12x10.jsonl#f8b4063ef40fc171c119679d,classic-random-12x10,classic,random-start,12x10,tf:141,tf:140,false,p2,accepted,,2003477298,2003483308431897,3
tf_policy_elo_current_rule_continuation_g141_g150_2026-09-02,accepted/classic-random-12x10.jsonl#474cfe73f15b3903f5eada46,classic-random-12x10,classic,random-start,12x10,tf:141,tf:140,false,p2,accepted,,2003477298,2003483308431899,5
tf_policy_elo_current_rule_continuation_g141_g150_2026-09-02,accepted/classic-random-12x10.jsonl#9d5354755d3535fe95e76792,classic-random-12x10,classic,random-start,12x10,tf:141,tf:140,false,p1,accepted,,2003477298,2003483308431901,7
tf_policy_elo_current_rule_continuation_g141_g150_2026-09-02,accepted/classic-random-12x10.jsonl#ce037f3458dc5011e7e6484d,classic-random-12x10,classic,random-start,12x10,tf:141,tf:140,false,p2,accepted,,2003477298,2003483308431903,9
tf_policy_elo_current_rule_continuation_g141_g150_2026-09-02,accepted/classic-random-12x10.jsonl#4fa91f233760d342320d0bc8,classic-random-12x10,classic,random-start,12x10,tf:141,tf:140,false,p1,accepted,,2003477298,2003483308431905,11
tf_policy_elo_current_rule_continuation_g141_g150_2026-09-02,accepted/classic-random-12x10.jsonl#d33c25f824b04254b74310cc,classic-random-12x10,classic,random-start,12x10,tf:141,tf:142,true,p1,accepted,,1828779029,1828784515337087,0
tf_policy_elo_current_rule_continuation_g141_g150_2026-09-02,accepted/classic-random-12x10.jsonl#0cc02fb4187a5920caebbd15,classic-random-12x10,classic,random-start,12x10,tf:141,tf:142,true,p1,accepted,,1828779029,1828784515337089,2
tf_policy_elo_current_rule_continuation_g141_g150_2026-09-02,accepted/classic-random-12x10.jsonl#d06c004d8981f372a9966de0,classic-random-12x10,classic,random-start,12x10,tf:141,tf:142,true,p1,accepted,,1828779029,1828784515337091,4
tf_policy_elo_current_rule_continuation_g141_g150_2026-09-02,accepted/classic-random-12x10.jsonl#a0f31850cc9493ab1b666586,classic-random-12x10,classic,random-start,12x10,tf:141,tf:142,true,p2,accepted,,1828779029,1828784515337093,6
tf_policy_elo_current_rule_continuation_g141_g150_2026-09-02,accepted/classic-random-12x10.jsonl#6ddd64b989908ccc194e349f,classic-random-12x10,classic,random-start,12x10,tf:141,tf:142,true,p2,accepted,,1828779029,1828784515337095,8
tf_policy_elo_current_rule_continuation_g141_g150_2026-09-02,accepted/classic-random-12x10.jsonl#5eaf86749befe5788a67db85,classic-random-12x10,classic,random-start,12x10,tf:141,tf:142,true,p1,accepted,,1828779029,1828784515337097,10
tf_policy_elo_current_rule_continuation_g141_g150_2026-09-02,accepted/classic-random-12x10.jsonl#84d96263eca4d8d148690e46,classic-random-12x10,classic,random-start,12x10,tf:141,tf:144,true,p1,accepted,,563849684,563851375549052,0
tf_policy_elo_current_rule_continuation_g141_g150_2026-09-02,accepted/classic-random-12x10.jsonl#dcb4f7b335bf386d1763adb9,classic-random-12x10,classic,random-start,12x10,tf:141,tf:144,true,p1,accepted,,563849684,563851375549054,2
tf_policy_elo_current_rule_continuation_g141_g150_2026-09-02,accepted/classic-random-12x10.jsonl#c79fca3c646652d2de6ca4c3,classic-random-12x10,classic,random-start,12x10,tf:141,tf:144,true,p1,accepted,,563849684,563851375549056,4
tf_policy_elo_current_rule_continuation_g141_g150_2026-09-02,accepted/classic-random-12x10.jsonl#27d5ef88e305fe84a75897e9,classic-random-12x10,classic,random-start,12x10,tf:141,tf:144,true,p1,accepted,,563849684,563851375549058,6
tf_policy_elo_current_rule_continuation_g141_g150_2026-09-02,accepted/classic-random-12x10.jsonl#05e723d964ceb17e6cacd986,classic-random-12x10,classic,random-start,12x10,tf:141,tf:144,true,p1,accepted,,563849684,563851375549060,8
tf_policy_elo_current_rule_continuation_g141_g150_2026-09-02,accepted/classic-random-12x10.jsonl#eb88536347a5af9c251e3978,classic-random-12x10,classic,random-start,12x10,tf:141,tf:144,true,p2,accepted,,563849684,563851375549062,10
tf_policy_elo_current_rule_continuation_g141_g150_2026-09-02,accepted/classic-random-12x10.jsonl#1907b62d73bcdedee4b363ee,classic-random-12x10,classic,random-start,12x10,tf:141,tf:147,true,p1,accepted,,792651891,792654268955673,0
tf_policy_elo_current_rule_continuation_g141_g150_2026-09-02,accepted/classic-random-12x10.jsonl#b2f69458bc3575e4e5d88e55,classic-random-12x10,classic,random-start,12x10,tf:141,tf:147,true,p1,accepted,,792651891,792654268955675,2
tf_policy_elo_current_rule_continuation_g141_g150_2026-09-02,accepted/classic-random-12x10.jsonl#b7d76827ebea90a96639289c,classic-random-12x10,classic,random-start,12x10,tf:141,tf:147,true,p1,accepted,,792651891,792654268955677,4
tf_policy_elo_current_rule_continuation_g141_g150_2026-09-02,accepted/classic-random-12x10.jsonl#e19878bc1af2b8d19cb0df49,classic-random-12x10,classic,random-start,12x10,tf:141,tf:147,true,p1,accepted,,792651891,792654268955679,6
tf_policy_elo_current_rule_continuation_g141_g150_2026-09-02,accepted/classic-random-12x10.jsonl#c49352d4da3c4d9882aac485,classic-random-12x10,classic,random-start,12x10,tf:141,tf:147,true,p2,accepted,,792651891,792654268955681,8
tf_policy_elo_current_rule_continuation_g141_g150_2026-09-02,accepted/classic-random-12x10.jsonl#28d312645d1486ecbddfef58,classic-random-12x10,classic,random-start,12x10,tf:141,tf:147,true,p2,accepted,,792651891,792654268955683,10
tf_policy_elo_current_rule_continuation_g141_g150_2026-09-02,accepted/classic-random-12x10.jsonl#e0945ef490c98a812d9b7988,classic-random-12x10,classic,random-start,12x10,tf:142,tf:136,false,p1,accepted,,1493169791,1493174270509374,1
tf_policy_elo_current_rule_continuation_g141_g150_2026-09-02,accepted/classic-random-12x10.jsonl#a79b39a0bcaa30bddcdffcbb,classic-random-12x10,classic,random-start,12x10,tf:142,tf:136,false,p2,accepted,,1493169791,1493174270509376,3
tf_policy_elo_current_rule_continuation_g141_g150_2026-09-02,accepted/classic-random-12x10.jsonl#d67403b9255e8ed311228356,classic-random-12x10,classic,random-start,12x10,tf:142,tf:136,false,p1,accepted,,1493169791,1493174270509378,5
tf_policy_elo_current_rule_continuation_g141_g150_2026-09-02,accepted/classic-random-12x10.jsonl#3b1aa5fee25e1c4207e3f183,classic-random-12x10,classic,random-start,12x10,tf:142,tf:136,false,p2,accepted,,1493169791,1493174270509380,7
tf_policy_elo_current_rule_continuation_g141_g150_2026-09-02,accepted/classic-random-12x10.jsonl#cf59680568920fc8e0a14603,classic-random-12x10,classic,random-start,12x10,tf:142,tf:136,false,p1,accepted,,1493169791,1493174270509382,9
tf_policy_elo_current_rule_continuation_g141_g150_2026-09-02,accepted/classic-random-12x10.jsonl#35637f77d92c720949d314e3,classic-random-12x10,classic,random-start,12x10,tf:142,tf:136,false,p1,accepted,,1493169791,1493174270509384,11
tf_policy_elo_current_rule_continuation_g141_g150_2026-09-02,accepted/classic-random-12x10.jsonl#aea041eeba5dffc301c528eb,classic-random-12x10,classic,random-start,12x10,tf:142,tf:139,false,p1,accepted,,1229124338,1229128025373015,1
tf_policy_elo_current_rule_continuation_g141_g150_2026-09-02,accepted/classic-random-12x10.jsonl#ab8f75e4851fea205bcab5c0,classic-random-12x10,classic,random-start,12x10,tf:142,tf:139,false,p1,accepted,,1229124338,1229128025373017,3
tf_policy_elo_current_rule_continuation_g141_g150_2026-09-02,accepted/classic-random-12x10.jsonl#ece74e2dd1769c29b7b7c550,classic-random-12x10,classic,random-start,12x10,tf:142,tf:139,false,p1,accepted,,1229124338,1229128025373019,5
tf_policy_elo_current_rule_continuation_g141_g150_2026-09-02,accepted/classic-random-12x10.jsonl#b45e4abc514a8859c6f919e4,classic-random-12x10,classic,random-start,12x10,tf:142,tf:139,false,p1,accepted,,1229124338,1229128025373021,7
tf_policy_elo_current_rule_continuation_g141_g150_2026-09-02,accepted/classic-random-12x10.jsonl#28af9ed8bc5d6aa13e771f1a,classic-random-12x10,classic,random-start,12x10,tf:142,tf:139,false,p1,accepted,,1229124338,1229128025373023,9
tf_policy_elo_current_rule_continuation_g141_g150_2026-09-02,accepted/classic-random-12x10.jsonl#c6c4eece9641d14b72af894b,classic-random-12x10,classic,random-start,12x10,tf:142,tf:139,false,p1,accepted,,1229124338,1229128025373025,11
tf_policy_elo_current_rule_continuation_g141_g150_2026-09-02,accepted/classic-random-12x10.jsonl#4426be7e4d2356ca8ff0265b,classic-random-12x10,classic,random-start,12x10,tf:142,tf:141,false,p2,accepted,,1828779029,1828784515337088,1
tf_policy_elo_current_rule_continuation_g141_g150_2026-09-02,accepted/classic-random-12x10.jsonl#055ce6f6620f5a207d0fdab7,classic-random-12x10,classic,random-start,12x10,tf:142,tf:141,false,p1,accepted,,1828779029,1828784515337090,3
tf_policy_elo_current_rule_continuation_g141_g150_2026-09-02,accepted/classic-random-12x10.jsonl#a74e351de0b26eef83fbd50a,classic-random-12x10,classic,random-start,12x10,tf:142,tf:141,false,p1,accepted,,1828779029,1828784515337092,5
tf_policy_elo_current_rule_continuation_g141_g150_2026-09-02,accepted/classic-random-12x10.jsonl#31b2c3894149d5f4e04d7f5b,classic-random-12x10,classic,random-start,12x10,tf:142,tf:141,false,p1,accepted,,1828779029,1828784515337094,7
tf_policy_elo_current_rule_continuation_g141_g150_2026-09-02,accepted/classic-random-12x10.jsonl#8238c49e6629f5ef3d8d3e25,classic-random-12x10,classic,random-start,12x10,tf:142,tf:141,false,p1,accepted,,1828779029,1828784515337096,9
tf_policy_elo_current_rule_continuation_g141_g150_2026-09-02,accepted/classic-random-12x10.jsonl#049bdf7a8d743d0d0fcce2d9,classic-random-12x10,classic,random-start,12x10,tf:142,tf:141,false,p1,accepted,,1828779029,1828784515337098,11
tf_policy_elo_current_rule_continuation_g141_g150_2026-09-02,accepted/classic-random-12x10.jsonl#e9e8e9513d364e1e966474a5,classic-random-12x10,classic,random-start,12x10,tf:142,tf:143,true,p2,accepted,,1209790096,1209793725370288,0
tf_policy_elo_current_rule_continuation_g141_g150_2026-09-02,accepted/classic-random-12x10.jsonl#629c9390336cf584c53a8d08,classic-random-12x10,classic,random-start,12x10,tf:142,tf:143,true,p1,accepted,,1209790096,1209793725370290,2
tf_policy_elo_current_rule_continuation_g141_g150_2026-09-02,accepted/classic-random-12x10.jsonl#a24075c476d0cc6277c58687,classic-random-12x10,classic,random-start,12x10,tf:142,tf:143,true,p1,accepted,,1209790096,1209793725370292,4
tf_policy_elo_current_rule_continuation_g141_g150_2026-09-02,accepted/classic-random-12x10.jsonl#e761e56d08736874958a6383,classic-random-12x10,classic,random-start,12x10,tf:142,tf:143,true,p1,accepted,,1209790096,1209793725370294,6
tf_policy_elo_current_rule_continuation_g141_g150_2026-09-02,accepted/classic-random-12x10.jsonl#c1760f53e2680f9c4605a341,classic-random-12x10,classic,random-start,12x10,tf:142,tf:143,true,p1,accepted,,1209790096,1209793725370296,8
tf_policy_elo_current_rule_continuation_g141_g150_2026-09-02,accepted/classic-random-12x10.jsonl#6f9920b733a9ea59c224abbf,classic-random-12x10,classic,random-start,12x10,tf:142,tf:143,true,p1,accepted,,1209790096,1209793725370298,10
tf_policy_elo_current_rule_continuation_g141_g150_2026-09-02,accepted/classic-random-12x10.jsonl#a97ea5a11bc74e2721b5e042,classic-random-12x10,classic,random-start,12x10,tf:142,tf:145,true,p2,accepted,,2089578262,2089584530734786,0
tf_policy_elo_current_rule_continuation_g141_g150_2026-09-02,accepted/classic-random-12x10.jsonl#5e4eae5ecbc1d31404a4789d,classic-random-12x10,classic,random-start,12x10,tf:142,tf:145,true,p2,accepted,,2089578262,2089584530734788,2
tf_policy_elo_current_rule_continuation_g141_g150_2026-09-02,accepted/classic-random-12x10.jsonl#94ca6192258f08cf08bf0761,classic-random-12x10,classic,random-start,12x10,tf:142,tf:145,true,p1,accepted,,2089578262,2089584530734790,4
tf_policy_elo_current_rule_continuation_g141_g150_2026-09-02,accepted/classic-random-12x10.jsonl#7bcae457085c02dcecb70839,classic-random-12x10,classic,random-start,12x10,tf:142,tf:145,true,p2,accepted,,2089578262,2089584530734792,6
tf_policy_elo_current_rule_continuation_g141_g150_2026-09-02,accepted/classic-random-12x10.jsonl#1cff6755cf8ea1ceb3295cbf,classic-random-12x10,classic,random-start,12x10,tf:142,tf:145,true,p2,accepted,,2089578262,2089584530734794,8
tf_policy_elo_current_rule_continuation_g141_g150_2026-09-02,accepted/classic-random-12x10.jsonl#dc3ddcec65dbf3dedb338151,classic-random-12x10,classic,random-start,12x10,tf:142,tf:145,true,p1,accepted,,2089578262,2089584530734796,10
tf_policy_elo_current_rule_continuation_g141_g150_2026-09-02,accepted/classic-random-12x10.jsonl#f2f6db5737f9fa8d66906146,classic-random-12x10,classic,random-start,12x10,tf:142,tf:148,true,p1,accepted,,183077118,183077667231354,0
tf_policy_elo_current_rule_continuation_g141_g150_2026-09-02,accepted/classic-random-12x10.jsonl#162c25c353af9f31f7e23bb5,classic-random-12x10,classic,random-start,12x10,tf:142,tf:148,true,p1,accepted,,183077118,183077667231356,2
tf_policy_elo_current_rule_continuation_g141_g150_2026-09-02,accepted/classic-random-12x10.jsonl#60e52f300364f3e3a93f7725,classic-random-12x10,classic,random-start,12x10,tf:142,tf:148,true,p2,accepted,,183077118,183077667231358,4
tf_policy_elo_current_rule_continuation_g141_g150_2026-09-02,accepted/classic-random-12x10.jsonl#076960ddd0b58db4402940d1,classic-random-12x10,classic,random-start,12x10,tf:142,tf:148,true,p1,accepted,,183077118,183077667231360,6
tf_policy_elo_current_rule_continuation_g141_g150_2026-09-02,accepted/classic-random-12x10.jsonl#bfcae33de67ac819271f6c79,classic-random-12x10,classic,random-start,12x10,tf:142,tf:148,true,p2,accepted,,183077118,183077667231362,8
tf_policy_elo_current_rule_continuation_g141_g150_2026-09-02,accepted/classic-random-12x10.jsonl#ac2b1dd8ad4edcf570c833e6,classic-random-12x10,classic,random-start,12x10,tf:142,tf:148,true,p1,accepted,,183077118,183077667231364,10
tf_policy_elo_current_rule_continuation_g141_g150_2026-09-02,accepted/classic-random-12x10.jsonl#375cf71926f2dd72f44443e8,classic-random-12x10,classic,random-start,12x10,tf:143,tf:137,false,p1,accepted,,1842484836,1842490363454509,1
tf_policy_elo_current_rule_continuation_g141_g150_2026-09-02,accepted/classic-random-12x10.jsonl#5edd0dd34fbeb67b02aaa2d9,classic-random-12x10,classic,random-start,12x10,tf:143,tf:137,false,p2,accepted,,1842484836,1842490363454511,3
tf_policy_elo_current_rule_continuation_g141_g150_2026-09-02,accepted/classic-random-12x10.jsonl#939fd871adecc2f5e7710853,classic-random-12x10,classic,random-start,12x10,tf:143,tf:137,false,p1,accepted,,1842484836,1842490363454513,5
tf_policy_elo_current_rule_continuation_g141_g150_2026-09-02,accepted/classic-random-12x10.jsonl#eb330b3a0913ab64e21e4a91,classic-random-12x10,classic,random-start,12x10,tf:143,tf:137,false,p1,accepted,,1842484836,1842490363454515,7
tf_policy_elo_current_rule_continuation_g141_g150_2026-09-02,accepted/classic-random-12x10.jsonl#20f366cad717f6539933fe86,classic-random-12x10,classic,random-start,12x10,tf:143,tf:137,false,p2,accepted,,1842484836,1842490363454517,9
tf_policy_elo_current_rule_continuation_g141_g150_2026-09-02,accepted/classic-random-12x10.jsonl#8d71459819cfb51c6fab8f6b,classic-random-12x10,classic,random-start,12x10,tf:143,tf:137,false,p2,accepted,,1842484836,1842490363454519,11
tf_policy_elo_current_rule_continuation_g141_g150_2026-09-02,accepted/classic-random-12x10.jsonl#44c23a112a8e261c812a60a9,classic-random-12x10,classic,random-start,12x10,tf:143,tf:140,false,p2,accepted,,78146006,78146240438019,1
tf_policy_elo_current_rule_continuation_g141_g150_2026-09-02,accepted/classic-random-12x10.jsonl#fab664c2b960839af10bf080,classic-random-12x10,classic,random-start,12x10,tf:143,tf:140,false,p2,accepted,,78146006,78146240438021,3
tf_policy_elo_current_rule_continuation_g141_g150_2026-09-02,accepted/classic-random-12x10.jsonl#03d17d7558c00c0d50815475,classic-random-12x10,classic,random-start,12x10,tf:143,tf:140,false,p1,accepted,,78146006,78146240438023,5
tf_policy_elo_current_rule_continuation_g141_g150_2026-09-02,accepted/classic-random-12x10.jsonl#85dc9b6c3c39c487ca83e0cd,classic-random-12x10,classic,random-start,12x10,tf:143,tf:140,false,p1,accepted,,78146006,78146240438025,7
tf_policy_elo_current_rule_continuation_g141_g150_2026-09-02,accepted/classic-random-12x10.jsonl#4c264d0281363929f9b7b6b9,classic-random-12x10,classic,random-start,12x10,tf:143,tf:140,false,p2,accepted,,78146006,78146240438027,9
tf_policy_elo_current_rule_continuation_g141_g150_2026-09-02,accepted/classic-random-12x10.jsonl#3081975d6a6fcdeeecff2dd3,classic-random-12x10,classic,random-start,12x10,tf:143,tf:140,false,p1,accepted,,78146006,78146240438029,11
tf_policy_elo_current_rule_continuation_g141_g150_2026-09-02,accepted/classic-random-12x10.jsonl#88bad4012262ad743cf02a85,classic-random-12x10,classic,random-start,12x10,tf:143,tf:142,false,p1,accepted,,1209790096,1209793725370289,1
tf_policy_elo_current_rule_continuation_g141_g150_2026-09-02,accepted/classic-random-12x10.jsonl#8c7db16f533ed260b9a932d4,classic-random-12x10,classic,random-start,12x10,tf:143,tf:142,false,p2,accepted,,1209790096,1209793725370291,3
tf_policy_elo_current_rule_continuation_g141_g150_2026-09-02,accepted/classic-random-12x10.jsonl#ee54f5b739d1d7a7ade6684c,classic-random-12x10,classic,random-start,12x10,tf:143,tf:142,false,p2,accepted,,1209790096,1209793725370293,5
tf_policy_elo_current_rule_continuation_g141_g150_2026-09-02,accepted/classic-random-12x10.jsonl#fcbf7234ad2f6724978e149f,classic-random-12x10,classic,random-start,12x10,tf:143,tf:142,false,p1,accepted,,1209790096,1209793725370295,7
tf_policy_elo_current_rule_continuation_g141_g150_2026-09-02,accepted/classic-random-12x10.jsonl#bdae20139a17233bb78ee693,classic-random-12x10,classic,random-start,12x10,tf:143,tf:142,false,p1,accepted,,1209790096,1209793725370297,9
tf_policy_elo_current_rule_continuation_g141_g150_2026-09-02,accepted/classic-random-12x10.jsonl#bee6e84d5adc7e7e32a83f05,classic-random-12x10,classic,random-start,12x10,tf:143,tf:142,false,p1,accepted,,1209790096,1209793725370299,11
tf_policy_elo_current_rule_continuation_g141_g150_2026-09-02,accepted/classic-random-12x10.jsonl#490417b41512beac9ad21015,classic-random-12x10,classic,random-start,12x10,tf:143,tf:144,true,p1,accepted,,1269291257,1269295064873771,0
tf_policy_elo_current_rule_continuation_g141_g150_2026-09-02,accepted/classic-random-12x10.jsonl#36940d38cb19a079c94ab9d5,classic-random-12x10,classic,random-start,12x10,tf:143,tf:144,true,p1,accepted,,1269291257,1269295064873773,2
tf_policy_elo_current_rule_continuation_g141_g150_2026-09-02,accepted/classic-random-12x10.jsonl#12986713038be89a5d94e03b,classic-random-12x10,classic,random-start,12x10,tf:143,tf:144,true,p1,accepted,,1269291257,1269295064873775,4
tf_policy_elo_current_rule_continuation_g141_g150_2026-09-02,accepted/classic-random-12x10.jsonl#d325fab2ea660a0f0b1d17f0,classic-random-12x10,classic,random-start,12x10,tf:143,tf:144,true,p2,accepted,,1269291257,1269295064873777,6
tf_policy_elo_current_rule_continuation_g141_g150_2026-09-02,accepted/classic-random-12x10.jsonl#022977e5498ec5d42bf99cff,classic-random-12x10,classic,random-start,12x10,tf:143,tf:144,true,p1,accepted,,1269291257,1269295064873779,8
tf_policy_elo_current_rule_continuation_g141_g150_2026-09-02,accepted/classic-random-12x10.jsonl#fb1c2030c288392951990105,classic-random-12x10,classic,random-start,12x10,tf:143,tf:144,true,p2,accepted,,1269291257,1269295064873781,10
tf_policy_elo_current_rule_continuation_g141_g150_2026-09-02,accepted/classic-random-12x10.jsonl#845731195fa8319baf49974e,classic-random-12x10,classic,random-start,12x10,tf:143,tf:146,true,p2,accepted,,738802323,738804539406969,0
tf_policy_elo_current_rule_continuation_g141_g150_2026-09-02,accepted/classic-random-12x10.jsonl#c18e327597f77fe613ebbad9,classic-random-12x10,classic,random-start,12x10,tf:143,tf:146,true,p1,accepted,,738802323,738804539406971,2
tf_policy_elo_current_rule_continuation_g141_g150_2026-09-02,accepted/classic-random-12x10.jsonl#108dfe213c945e504dc5d3dc,classic-random-12x10,classic,random-start,12x10,tf:143,tf:146,true,p1,accepted,,738802323,738804539406973,4
tf_policy_elo_current_rule_continuation_g141_g150_2026-09-02,accepted/classic-random-12x10.jsonl#7d6bd3453c90416bedc44a0c,classic-random-12x10,classic,random-start,12x10,tf:143,tf:146,true,p1,accepted,,738802323,738804539406975,6
tf_policy_elo_current_rule_continuation_g141_g150_2026-09-02,accepted/classic-random-12x10.jsonl#1f5068e855b5bcedf9290f6d,classic-random-12x10,classic,random-start,12x10,tf:143,tf:146,true,p2,accepted,,738802323,738804539406977,8
tf_policy_elo_current_rule_continuation_g141_g150_2026-09-02,accepted/classic-random-12x10.jsonl#bccf811717b1e1ccbd6d4fba,classic-random-12x10,classic,random-start,12x10,tf:143,tf:146,true,p2,accepted,,738802323,738804539406979,10
tf_policy_elo_current_rule_continuation_g141_g150_2026-09-02,accepted/classic-random-12x10.jsonl#306c29cfb7d605f622cf1a93,classic-random-12x10,classic,random-start,12x10,tf:143,tf:149,true,p1,accepted,,1429475590,1429479878426770,0
tf_policy_elo_current_rule_continuation_g141_g150_2026-09-02,accepted/classic-random-12x10.jsonl#321c0f0212cbeb68a90ecdfd,classic-random-12x10,classic,random-start,12x10,tf:143,tf:149,true,p2,accepted,,1429475590,1429479878426772,2
tf_policy_elo_current_rule_continuation_g141_g150_2026-09-02,accepted/classic-random-12x10.jsonl#ace07082ffd451a2217a7da1,classic-random-12x10,classic,random-start,12x10,tf:143,tf:149,true,p1,accepted,,1429475590,1429479878426774,4
tf_policy_elo_current_rule_continuation_g141_g150_2026-09-02,accepted/classic-random-12x10.jsonl#b4b564a1ae20c7fa2e50316d,classic-random-12x10,classic,random-start,12x10,tf:143,tf:149,true,p1,accepted,,1429475590,1429479878426776,6
tf_policy_elo_current_rule_continuation_g141_g150_2026-09-02,accepted/classic-random-12x10.jsonl#6d1a933bff7142be9d077096,classic-random-12x10,classic,random-start,12x10,tf:143,tf:149,true,p2,accepted,,1429475590,1429479878426778,8
tf_policy_elo_current_rule_continuation_g141_g150_2026-09-02,accepted/classic-random-12x10.jsonl#0d8b1256d7c64713df2cb9d6,classic-random-12x10,classic,random-start,12x10,tf:143,tf:149,true,p1,accepted,,1429475590,1429479878426780,10
tf_policy_elo_current_rule_continuation_g141_g150_2026-09-02,accepted/classic-random-12x10.jsonl#de0fb437d724ffbe44ec23cd,classic-random-12x10,classic,random-start,12x10,tf:144,tf:138,false,p2,accepted,,1394385273,1394389456155820,1
tf_policy_elo_current_rule_continuation_g141_g150_2026-09-02,accepted/classic-random-12x10.jsonl#19a09aed518692163a98f5c0,classic-random-12x10,classic,random-start,12x10,tf:144,tf:138,false,p1,accepted,,1394385273,1394389456155822,3
tf_policy_elo_current_rule_continuation_g141_g150_2026-09-02,accepted/classic-random-12x10.jsonl#a6412e538cada7a7fa85a991,classic-random-12x10,classic,random-start,12x10,tf:144,tf:138,false,p1,accepted,,1394385273,1394389456155824,5
tf_policy_elo_current_rule_continuation_g141_g150_2026-09-02,accepted/classic-random-12x10.jsonl#61778514c06b4ac7a4fb6c52,classic-random-12x10,classic,random-start,12x10,tf:144,tf:138,false,p1,accepted,,1394385273,1394389456155826,7
tf_policy_elo_current_rule_continuation_g141_g150_2026-09-02,accepted/classic-random-12x10.jsonl#cfcefce232c4e3d270d76b89,classic-random-12x10,classic,random-start,12x10,tf:144,tf:138,false,p2,accepted,,1394385273,1394389456155828,9
tf_policy_elo_current_rule_continuation_g141_g150_2026-09-02,accepted/classic-random-12x10.jsonl#e89058d1f5394017fa34c511,classic-random-12x10,classic,random-start,12x10,tf:144,tf:138,false,p1,accepted,,1394385273,1394389456155830,11
tf_policy_elo_current_rule_continuation_g141_g150_2026-09-02,accepted/classic-random-12x10.jsonl#dd3b9cc6de615c71c969d576,classic-random-12x10,classic,random-start,12x10,tf:144,tf:141,false,p1,accepted,,563849684,563851375549053,1
tf_policy_elo_current_rule_continuation_g141_g150_2026-09-02,accepted/classic-random-12x10.jsonl#651ada8e76bf34fe91b9f9c2,classic-random-12x10,classic,random-start,12x10,tf:144,tf:141,false,p1,accepted,,563849684,563851375549055,3
tf_policy_elo_current_rule_continuation_g141_g150_2026-09-02,accepted/classic-random-12x10.jsonl#e4cf4ad78837c0298b53ef61,classic-random-12x10,classic,random-start,12x10,tf:144,tf:141,false,p1,accepted,,563849684,563851375549057,5
tf_policy_elo_current_rule_continuation_g141_g150_2026-09-02,accepted/classic-random-12x10.jsonl#cfdb0d10c61290f3bf0f0efe,classic-random-12x10,classic,random-start,12x10,tf:144,tf:141,false,p1,accepted,,563849684,563851375549059,7
tf_policy_elo_current_rule_continuation_g141_g150_2026-09-02,accepted/classic-random-12x10.jsonl#9158c5332bdd801871654b94,classic-random-12x10,classic,random-start,12x10,tf:144,tf:141,false,p1,accepted,,563849684,563851375549061,9
tf_policy_elo_current_rule_continuation_g141_g150_2026-09-02,accepted/classic-random-12x10.jsonl#d25129b81a1dd9e5d39bc22a,classic-random-12x10,classic,random-start,12x10,tf:144,tf:141,false,p1,accepted,,563849684,563851375549063,11
tf_policy_elo_current_rule_continuation_g141_g150_2026-09-02,accepted/classic-random-12x10.jsonl#8d96d355ea332a4e08ffc5a2,classic-random-12x10,classic,random-start,12x10,tf:144,tf:143,false,p2,accepted,,1269291257,1269295064873772,1
tf_policy_elo_current_rule_continuation_g141_g150_2026-09-02,accepted/classic-random-12x10.jsonl#21e03e14e7ca2613fa7ba8c0,classic-random-12x10,classic,random-start,12x10,tf:144,tf:143,false,p2,accepted,,1269291257,1269295064873774,3
tf_policy_elo_current_rule_continuation_g141_g150_2026-09-02,accepted/classic-random-12x10.jsonl#a4cea7857b972c80c3e30488,classic-random-12x10,classic,random-start,12x10,tf:144,tf:143,false,p1,accepted,,1269291257,1269295064873776,5
tf_policy_elo_current_rule_continuation_g141_g150_2026-09-02,accepted/classic-random-12x10.jsonl#4d121985365921a96086e7bf,classic-random-12x10,classic,random-start,12x10,tf:144,tf:143,false,p1,accepted,,1269291257,1269295064873778,7
tf_policy_elo_current_rule_continuation_g141_g150_2026-09-02,accepted/classic-random-12x10.jsonl#29e64a3db1b759aeab431b7e,classic-random-12x10,classic,random-start,12x10,tf:144,tf:143,false,p1,accepted,,1269291257,1269295064873780,9
tf_policy_elo_current_rule_continuation_g141_g150_2026-09-02,accepted/classic-random-12x10.jsonl#25ebac9b318c9b36f1b6b2a6,classic-random-12x10,classic,random-start,12x10,tf:144,tf:143,false,p1,accepted,,1269291257,1269295064873782,11
tf_policy_elo_current_rule_continuation_g141_g150_2026-09-02,accepted/classic-random-12x10.jsonl#ce803038c829927332f37d91,classic-random-12x10,classic,random-start,12x10,tf:144,tf:145,true,p1,accepted,,1547733181,1547737824199543,0
tf_policy_elo_current_rule_continuation_g141_g150_2026-09-02,accepted/classic-random-12x10.jsonl#638d2a72b9e8e109815a06f4,classic-random-12x10,classic,random-start,12x10,tf:144,tf:145,true,p1,accepted,,1547733181,1547737824199545,2
tf_policy_elo_current_rule_continuation_g141_g150_2026-09-02,accepted/classic-random-12x10.jsonl#5d208e922efb301771b5fb9e,classic-random-12x10,classic,random-start,12x10,tf:144,tf:145,true,p1,accepted,,1547733181,1547737824199547,4
tf_policy_elo_current_rule_continuation_g141_g150_2026-09-02,accepted/classic-random-12x10.jsonl#7193cc7714ab9d89151cc1a1,classic-random-12x10,classic,random-start,12x10,tf:144,tf:145,true,p1,accepted,,1547733181,1547737824199549,6
tf_policy_elo_current_rule_continuation_g141_g150_2026-09-02,accepted/classic-random-12x10.jsonl#73b670623e015eb87eedf5c7,classic-random-12x10,classic,random-start,12x10,tf:144,tf:145,true,p2,accepted,,1547733181,1547737824199551,8
tf_policy_elo_current_rule_continuation_g141_g150_2026-09-02,accepted/classic-random-12x10.jsonl#459dfd6d9e1f194a512c5a87,classic-random-12x10,classic,random-start,12x10,tf:144,tf:145,true,p2,accepted,,1547733181,1547737824199553,10
tf_policy_elo_current_rule_continuation_g141_g150_2026-09-02,accepted/classic-random-12x10.jsonl#63bc49cf65200cc2ec2b1a80,classic-random-12x10,classic,random-start,12x10,tf:144,tf:147,true,p1,accepted,,1670856517,1670861529569551,0
tf_policy_elo_current_rule_continuation_g141_g150_2026-09-02,accepted/classic-random-12x10.jsonl#da86b65d7c0e0a1fc91eb9d2,classic-random-12x10,classic,random-start,12x10,tf:144,tf:147,true,p2,accepted,,1670856517,1670861529569553,2
tf_policy_elo_current_rule_continuation_g141_g150_2026-09-02,accepted/classic-random-12x10.jsonl#73e6cb3ce40439282b0520e5,classic-random-12x10,classic,random-start,12x10,tf:144,tf:147,true,p2,accepted,,1670856517,1670861529569555,4
tf_policy_elo_current_rule_continuation_g141_g150_2026-09-02,accepted/classic-random-12x10.jsonl#8a006c6f6767bbfbdca8845d,classic-random-12x10,classic,random-start,12x10,tf:144,tf:147,true,p2,accepted,,1670856517,1670861529569557,6
tf_policy_elo_current_rule_continuation_g141_g150_2026-09-02,accepted/classic-random-12x10.jsonl#33b150e5fd1e66aca65ded05,classic-random-12x10,classic,random-start,12x10,tf:144,tf:147,true,p2,accepted,,1670856517,1670861529569559,8
tf_policy_elo_current_rule_continuation_g141_g150_2026-09-02,accepted/classic-random-12x10.jsonl#517c2e1a85629e138cadb0ba,classic-random-12x10,classic,random-start,12x10,tf:144,tf:147,true,p1,accepted,,1670856517,1670861529569561,10
tf_policy_elo_current_rule_continuation_g141_g150_2026-09-02,accepted/classic-random-12x10.jsonl#ed9b2dd5d5f6fa14d5167efe,classic-random-12x10,classic,random-start,12x10,tf:144,tf:150,true,p2,accepted,,726937693,726939873813079,0
tf_policy_elo_current_rule_continuation_g141_g150_2026-09-02,accepted/classic-random-12x10.jsonl#338ffcd25f4276c625ea499e,classic-random-12x10,classic,random-start,12x10,tf:144,tf:150,true,p1,accepted,,726937693,726939873813081,2
tf_policy_elo_current_rule_continuation_g141_g150_2026-09-02,accepted/classic-random-12x10.jsonl#d93e89510f0af1d411faeb67,classic-random-12x10,classic,random-start,12x10,tf:144,tf:150,true,p1,accepted,,726937693,726939873813083,4
tf_policy_elo_current_rule_continuation_g141_g150_2026-09-02,accepted/classic-random-12x10.jsonl#c44dd547a9368bec2f0ff4c2,classic-random-12x10,classic,random-start,12x10,tf:144,tf:150,true,p1,accepted,,726937693,726939873813085,6
tf_policy_elo_current_rule_continuation_g141_g150_2026-09-02,accepted/classic-random-12x10.jsonl#695c81b20802d0ecdbae1586,classic-random-12x10,classic,random-start,12x10,tf:144,tf:150,true,p2,accepted,,726937693,726939873813087,8
tf_policy_elo_current_rule_continuation_g141_g150_2026-09-02,accepted/classic-random-12x10.jsonl#b7a23c252df9e174db4a73ab,classic-random-12x10,classic,random-start,12x10,tf:144,tf:150,true,p1,accepted,,726937693,726939873813089,10
tf_policy_elo_current_rule_continuation_g141_g150_2026-09-02,accepted/classic-random-12x10.jsonl#ab51db4069ba0866b0856138,classic-random-12x10,classic,random-start,12x10,tf:145,tf:139,false,p1,accepted,,1359897154,1359901233691463,1
tf_policy_elo_current_rule_continuation_g141_g150_2026-09-02,accepted/classic-random-12x10.jsonl#b9c7b4651dd0a201fb9a0466,classic-random-12x10,classic,random-start,12x10,tf:145,tf:139,false,p1,accepted,,1359897154,1359901233691465,3
tf_policy_elo_current_rule_continuation_g141_g150_2026-09-02,accepted/classic-random-12x10.jsonl#c43895b7fac4184a8d58580c,classic-random-12x10,classic,random-start,12x10,tf:145,tf:139,false,p2,accepted,,1359897154,1359901233691467,5
tf_policy_elo_current_rule_continuation_g141_g150_2026-09-02,accepted/classic-random-12x10.jsonl#aa507f3ac917b9deb1099d5d,classic-random-12x10,classic,random-start,12x10,tf:145,tf:139,false,p1,accepted,,1359897154,1359901233691469,7
tf_policy_elo_current_rule_continuation_g141_g150_2026-09-02,accepted/classic-random-12x10.jsonl#471b6350c5543575b27fe47d,classic-random-12x10,classic,random-start,12x10,tf:145,tf:139,false,p1,accepted,,1359897154,1359901233691471,9
tf_policy_elo_current_rule_continuation_g141_g150_2026-09-02,accepted/classic-random-12x10.jsonl#4d198f35f1055def1ce9b26f,classic-random-12x10,classic,random-start,12x10,tf:145,tf:139,false,p1,accepted,,1359897154,1359901233691473,11
tf_policy_elo_current_rule_continuation_g141_g150_2026-09-02,accepted/classic-random-12x10.jsonl#2bc63d73b84e7b4346ce8176,classic-random-12x10,classic,random-start,12x10,tf:145,tf:142,false,p1,accepted,,2089578262,2089584530734787,1
tf_policy_elo_current_rule_continuation_g141_g150_2026-09-02,accepted/classic-random-12x10.jsonl#53578aac74b051f7d774a02c,classic-random-12x10,classic,random-start,12x10,tf:145,tf:142,false,p2,accepted,,2089578262,2089584530734789,3
tf_policy_elo_current_rule_continuation_g141_g150_2026-09-02,accepted/classic-random-12x10.jsonl#c647857f9a8c54f3d844b7b2,classic-random-12x10,classic,random-start,12x10,tf:145,tf:142,false,p2,accepted,,2089578262,2089584530734791,5
tf_policy_elo_current_rule_continuation_g141_g150_2026-09-02,accepted/classic-random-12x10.jsonl#6de48a491c9adc84cf35ed8a,classic-random-12x10,classic,random-start,12x10,tf:145,tf:142,false,p1,accepted,,2089578262,2089584530734793,7
tf_policy_elo_current_rule_continuation_g141_g150_2026-09-02,accepted/classic-random-12x10.jsonl#0ecde02f5c213b09fb2eed16,classic-random-12x10,classic,random-start,12x10,tf:145,tf:142,false,p2,accepted,,2089578262,2089584530734795,9
tf_policy_elo_current_rule_continuation_g141_g150_2026-09-02,accepted/classic-random-12x10.jsonl#505f3b350248d353d47bc692,classic-random-12x10,classic,random-start,12x10,tf:145,tf:142,false,p2,accepted,,2089578262,2089584530734797,11
tf_policy_elo_current_rule_continuation_g141_g150_2026-09-02,accepted/classic-random-12x10.jsonl#c18ea3b40647f9c2b56d7cb8,classic-random-12x10,classic,random-start,12x10,tf:145,tf:144,false,p1,accepted,,1547733181,1547737824199544,1
tf_policy_elo_current_rule_continuation_g141_g150_2026-09-02,accepted/classic-random-12x10.jsonl#45b5881043259cfecb58ac66,classic-random-12x10,classic,random-start,12x10,tf:145,tf:144,false,p2,accepted,,1547733181,1547737824199546,3
tf_policy_elo_current_rule_continuation_g141_g150_2026-09-02,accepted/classic-random-12x10.jsonl#851bdf526bf979d8d8285696,classic-random-12x10,classic,random-start,12x10,tf:145,tf:144,false,p1,accepted,,1547733181,1547737824199548,5
tf_policy_elo_current_rule_continuation_g141_g150_2026-09-02,accepted/classic-random-12x10.jsonl#10518f2c570f6ff3c9466ef3,classic-random-12x10,classic,random-start,12x10,tf:145,tf:144,false,p1,accepted,,1547733181,1547737824199550,7
tf_policy_elo_current_rule_continuation_g141_g150_2026-09-02,accepted/classic-random-12x10.jsonl#c719b7889252b73eaeb0194a,classic-random-12x10,classic,random-start,12x10,tf:145,tf:144,false,p1,accepted,,1547733181,1547737824199552,9
tf_policy_elo_current_rule_continuation_g141_g150_2026-09-02,accepted/classic-random-12x10.jsonl#3bd28b417841c5d371d4ded1,classic-random-12x10,classic,random-start,12x10,tf:145,tf:144,false,p1,accepted,,1547733181,1547737824199554,11
tf_policy_elo_current_rule_continuation_g141_g150_2026-09-02,accepted/classic-random-12x10.jsonl#3d68540ddb6db3d3c552670f,classic-random-12x10,classic,random-start,12x10,tf:145,tf:146,true,p1,accepted,,1260590075,1260593856770225,0
tf_policy_elo_current_rule_continuation_g141_g150_2026-09-02,accepted/classic-random-12x10.jsonl#3ab40fbfb4bde8622445fd84,classic-random-12x10,classic,random-start,12x10,tf:145,tf:146,true,p1,accepted,,1260590075,1260593856770227,2
tf_policy_elo_current_rule_continuation_g141_g150_2026-09-02,accepted/classic-random-12x10.jsonl#1001d21db170907754f7f2a0,classic-random-12x10,classic,random-start,12x10,tf:145,tf:146,true,p1,accepted,,1260590075,1260593856770229,4
tf_policy_elo_current_rule_continuation_g141_g150_2026-09-02,accepted/classic-random-12x10.jsonl#a1078302125615c996c4fefb,classic-random-12x10,classic,random-start,12x10,tf:145,tf:146,true,p1,accepted,,1260590075,1260593856770231,6
tf_policy_elo_current_rule_continuation_g141_g150_2026-09-02,accepted/classic-random-12x10.jsonl#5c32b8a0f4ecccbabf076ab5,classic-random-12x10,classic,random-start,12x10,tf:145,tf:146,true,p1,accepted,,1260590075,1260593856770233,8
tf_policy_elo_current_rule_continuation_g141_g150_2026-09-02,accepted/classic-random-12x10.jsonl#b307ae76d235a3dedf3b2835,classic-random-12x10,classic,random-start,12x10,tf:145,tf:146,true,p1,accepted,,1260590075,1260593856770235,10
tf_policy_elo_current_rule_continuation_g141_g150_2026-09-02,accepted/classic-random-12x10.jsonl#a3d0d6e83eb6e6518745ab39,classic-random-12x10,classic,random-start,12x10,tf:145,tf:148,true,p1,accepted,,1641873843,1641878768621529,0
tf_policy_elo_current_rule_continuation_g141_g150_2026-09-02,accepted/classic-random-12x10.jsonl#1e9b6013d86a65d13504cdf3,classic-random-12x10,classic,random-start,12x10,tf:145,tf:148,true,p1,accepted,,1641873843,1641878768621531,2
tf_policy_elo_current_rule_continuation_g141_g150_2026-09-02,accepted/classic-random-12x10.jsonl#3f8642a57481b9fc290aaf56,classic-random-12x10,classic,random-start,12x10,tf:145,tf:148,true,p1,accepted,,1641873843,1641878768621533,4
tf_policy_elo_current_rule_continuation_g141_g150_2026-09-02,accepted/classic-random-12x10.jsonl#7426096f07ce424613d7615d,classic-random-12x10,classic,random-start,12x10,tf:145,tf:148,true,p1,accepted,,1641873843,1641878768621535,6
tf_policy_elo_current_rule_continuation_g141_g150_2026-09-02,accepted/classic-random-12x10.jsonl#db0260043ed788a6fe526568,classic-random-12x10,classic,random-start,12x10,tf:145,tf:148,true,p1,accepted,,1641873843,1641878768621537,8
tf_policy_elo_current_rule_continuation_g141_g150_2026-09-02,accepted/classic-random-12x10.jsonl#c7d2550c2c600a06e10755ba,classic-random-12x10,classic,random-start,12x10,tf:145,tf:148,true,p2,accepted,,1641873843,1641878768621539,10
tf_policy_elo_current_rule_continuation_g141_g150_2026-09-02,accepted/classic-random-12x10.jsonl#8d2b708a2c783331033bd156,classic-random-12x10,classic,random-start,12x10,tf:146,tf:140,false,p1,accepted,,1095490626,1095493912471879,1
tf_policy_elo_current_rule_continuation_g141_g150_2026-09-02,accepted/classic-random-12x10.jsonl#7c7fbf00ba34b12918515a46,classic-random-12x10,classic,random-start,12x10,tf:146,tf:140,false,p1,accepted,,1095490626,1095493912471881,3
tf_policy_elo_current_rule_continuation_g141_g150_2026-09-02,accepted/classic-random-12x10.jsonl#bd4d1f8584d62627bafc71bf,classic-random-12x10,classic,random-start,12x10,tf:146,tf:140,false,p1,accepted,,1095490626,1095493912471883,5
tf_policy_elo_current_rule_continuation_g141_g150_2026-09-02,accepted/classic-random-12x10.jsonl#8a3c5ab6f666dfeeecac08fa,classic-random-12x10,classic,random-start,12x10,tf:146,tf:140,false,p2,accepted,,1095490626,1095493912471885,7
tf_policy_elo_current_rule_continuation_g141_g150_2026-09-02,accepted/classic-random-12x10.jsonl#9e988e7427eadec2c37f7f36,classic-random-12x10,classic,random-start,12x10,tf:146,tf:140,false,p2,accepted,,1095490626,1095493912471887,9
tf_policy_elo_current_rule_continuation_g141_g150_2026-09-02,accepted/classic-random-12x10.jsonl#c78ab9b5023104697996169c,classic-random-12x10,classic,random-start,12x10,tf:146,tf:140,false,p1,accepted,,1095490626,1095493912471889,11
tf_policy_elo_current_rule_continuation_g141_g150_2026-09-02,accepted/classic-random-12x10.jsonl#c32e1bfe45931a39ce40c97d,classic-random-12x10,classic,random-start,12x10,tf:146,tf:143,false,p1,accepted,,738802323,738804539406970,1
tf_policy_elo_current_rule_continuation_g141_g150_2026-09-02,accepted/classic-random-12x10.jsonl#ca47e5c6c04273c976ac4131,classic-random-12x10,classic,random-start,12x10,tf:146,tf:143,false,p1,accepted,,738802323,738804539406972,3
tf_policy_elo_current_rule_continuation_g141_g150_2026-09-02,accepted/classic-random-12x10.jsonl#e07dcab3f6cfc200840ce87a,classic-random-12x10,classic,random-start,12x10,tf:146,tf:143,false,p1,accepted,,738802323,738804539406974,5
tf_policy_elo_current_rule_continuation_g141_g150_2026-09-02,accepted/classic-random-12x10.jsonl#d04f2f689fd660c5667c2e0a,classic-random-12x10,classic,random-start,12x10,tf:146,tf:143,false,p1,accepted,,738802323,738804539406976,7
tf_policy_elo_current_rule_continuation_g141_g150_2026-09-02,accepted/classic-random-12x10.jsonl#0f12260e99444972504ea3e6,classic-random-12x10,classic,random-start,12x10,tf:146,tf:143,false,p1,accepted,,738802323,738804539406978,9
tf_policy_elo_current_rule_continuation_g141_g150_2026-09-02,accepted/classic-random-12x10.jsonl#b637b95b914747bfafebee75,classic-random-12x10,classic,random-start,12x10,tf:146,tf:143,false,p2,accepted,,738802323,738804539406980,11
tf_policy_elo_current_rule_continuation_g141_g150_2026-09-02,accepted/classic-random-12x10.jsonl#478f063e3fe3cf737b76362e,classic-random-12x10,classic,random-start,12x10,tf:146,tf:145,false,p1,accepted,,1260590075,1260593856770226,1
tf_policy_elo_current_rule_continuation_g141_g150_2026-09-02,accepted/classic-random-12x10.jsonl#98e469ff558886d1b1c5b363,classic-random-12x10,classic,random-start,12x10,tf:146,tf:145,false,p2,accepted,,1260590075,1260593856770228,3
tf_policy_elo_current_rule_continuation_g141_g150_2026-09-02,accepted/classic-random-12x10.jsonl#0a7870dd4e12094a3962a14d,classic-random-12x10,classic,random-start,12x10,tf:146,tf:145,false,p2,accepted,,1260590075,1260593856770230,5
tf_policy_elo_current_rule_continuation_g141_g150_2026-09-02,accepted/classic-random-12x10.jsonl#be60f79bddc9455da4e2dd9e,classic-random-12x10,classic,random-start,12x10,tf:146,tf:145,false,p1,accepted,,1260590075,1260593856770232,7
tf_policy_elo_current_rule_continuation_g141_g150_2026-09-02,accepted/classic-random-12x10.jsonl#65a3ba66aa0c8f2603852f84,classic-random-12x10,classic,random-start,12x10,tf:146,tf:145,false,p2,accepted,,1260590075,1260593856770234,9
tf_policy_elo_current_rule_continuation_g141_g150_2026-09-02,accepted/classic-random-12x10.jsonl#53eea0364723afbab34662b0,classic-random-12x10,classic,random-start,12x10,tf:146,tf:145,false,p2,accepted,,1260590075,1260593856770236,11
tf_policy_elo_current_rule_continuation_g141_g150_2026-09-02,accepted/classic-random-12x10.jsonl#a16912a0b947c5ec43713083,classic-random-12x10,classic,random-start,12x10,tf:146,tf:147,true,p1,accepted,,213965339,213965980896017,0
tf_policy_elo_current_rule_continuation_g141_g150_2026-09-02,accepted/classic-random-12x10.jsonl#e6b4df0a9d84153f19fe33c5,classic-random-12x10,classic,random-start,12x10,tf:146,tf:147,true,p2,accepted,,213965339,213965980896019,2
tf_policy_elo_current_rule_continuation_g141_g150_2026-09-02,accepted/classic-random-12x10.jsonl#5a73aef186a376d9a42db588,classic-random-12x10,classic,random-start,12x10,tf:146,tf:147,true,p1,accepted,,213965339,213965980896021,4
tf_policy_elo_current_rule_continuation_g141_g150_2026-09-02,accepted/classic-random-12x10.jsonl#a29b24841fb4112c8b2463b9,classic-random-12x10,classic,random-start,12x10,tf:146,tf:147,true,p1,accepted,,213965339,213965980896023,6
tf_policy_elo_current_rule_continuation_g141_g150_2026-09-02,accepted/classic-random-12x10.jsonl#445c4633123148731808dbe9,classic-random-12x10,classic,random-start,12x10,tf:146,tf:147,true,p2,accepted,,213965339,213965980896025,8
tf_policy_elo_current_rule_continuation_g141_g150_2026-09-02,accepted/classic-random-12x10.jsonl#2c391993c2222e16269e7784,classic-random-12x10,classic,random-start,12x10,tf:146,tf:147,true,p1,accepted,,213965339,213965980896027,10
tf_policy_elo_current_rule_continuation_g141_g150_2026-09-02,accepted/classic-random-12x10.jsonl#c92f8037c200d120babf788c,classic-random-12x10,classic,random-start,12x10,tf:146,tf:149,true,p2,accepted,,1389016217,1389020384048651,0
tf_policy_elo_current_rule_continuation_g141_g150_2026-09-02,accepted/classic-random-12x10.jsonl#c6638f5446dd27187676c2e1,classic-random-12x10,classic,random-start,12x10,tf:146,tf:149,true,p1,accepted,,1389016217,1389020384048653,2
tf_policy_elo_current_rule_continuation_g141_g150_2026-09-02,accepted/classic-random-12x10.jsonl#b66a26802fe04a4a4de2fcc0,classic-random-12x10,classic,random-start,12x10,tf:146,tf:149,true,p1,accepted,,1389016217,1389020384048655,4
tf_policy_elo_current_rule_continuation_g141_g150_2026-09-02,accepted/classic-random-12x10.jsonl#08f7a6b781da25f8bd3bbef8,classic-random-12x10,classic,random-start,12x10,tf:146,tf:149,true,p1,accepted,,1389016217,1389020384048657,6
tf_policy_elo_current_rule_continuation_g141_g150_2026-09-02,accepted/classic-random-12x10.jsonl#67e6db370f3e4e184737c557,classic-random-12x10,classic,random-start,12x10,tf:146,tf:149,true,p1,accepted,,1389016217,1389020384048659,8
tf_policy_elo_current_rule_continuation_g141_g150_2026-09-02,accepted/classic-random-12x10.jsonl#53b9235fd0b0875fdee6a492,classic-random-12x10,classic,random-start,12x10,tf:146,tf:149,true,p1,accepted,,1389016217,1389020384048661,10
tf_policy_elo_current_rule_continuation_g141_g150_2026-09-02,accepted/classic-random-12x10.jsonl#f13dee56281e1e82c969b92a,classic-random-12x10,classic,random-start,12x10,tf:147,tf:141,false,p1,accepted,,792651891,792654268955674,1
tf_policy_elo_current_rule_continuation_g141_g150_2026-09-02,accepted/classic-random-12x10.jsonl#845abac59bf7e67080cc08d1,classic-random-12x10,classic,random-start,12x10,tf:147,tf:141,false,p1,accepted,,792651891,792654268955676,3
tf_policy_elo_current_rule_continuation_g141_g150_2026-09-02,accepted/classic-random-12x10.jsonl#5a2d8e3936649e77346d55b2,classic-random-12x10,classic,random-start,12x10,tf:147,tf:141,false,p1,accepted,,792651891,792654268955678,5
tf_policy_elo_current_rule_continuation_g141_g150_2026-09-02,accepted/classic-random-12x10.jsonl#ea2e53efd038aff3661bb6be,classic-random-12x10,classic,random-start,12x10,tf:147,tf:141,false,p1,accepted,,792651891,792654268955680,7
tf_policy_elo_current_rule_continuation_g141_g150_2026-09-02,accepted/classic-random-12x10.jsonl#2ee994c0adff7298138e48a5,classic-random-12x10,classic,random-start,12x10,tf:147,tf:141,false,p1,accepted,,792651891,792654268955682,9
tf_policy_elo_current_rule_continuation_g141_g150_2026-09-02,accepted/classic-random-12x10.jsonl#1a753774ae87bfdafad1ddc3,classic-random-12x10,classic,random-start,12x10,tf:147,tf:141,false,p1,accepted,,792651891,792654268955684,11
tf_policy_elo_current_rule_continuation_g141_g150_2026-09-02,accepted/classic-random-12x10.jsonl#026bf68cd6c9e1c1fe37b8bf,classic-random-12x10,classic,random-start,12x10,tf:147,tf:144,false,p2,accepted,,1670856517,1670861529569552,1
tf_policy_elo_current_rule_continuation_g141_g150_2026-09-02,accepted/classic-random-12x10.jsonl#3d59131499ee0d0e8322a3f3,classic-random-12x10,classic,random-start,12x10,tf:147,tf:144,false,p2,accepted,,1670856517,1670861529569554,3
tf_policy_elo_current_rule_continuation_g141_g150_2026-09-02,accepted/classic-random-12x10.jsonl#0aafa9f356de3fcf2e5c80de,classic-random-12x10,classic,random-start,12x10,tf:147,tf:144,false,p1,accepted,,1670856517,1670861529569556,5
tf_policy_elo_current_rule_continuation_g141_g150_2026-09-02,accepted/classic-random-12x10.jsonl#c9c79f58c4faea56b9cf2a96,classic-random-12x10,classic,random-start,12x10,tf:147,tf:144,false,p1,accepted,,1670856517,1670861529569558,7
tf_policy_elo_current_rule_continuation_g141_g150_2026-09-02,accepted/classic-random-12x10.jsonl#1af73cfa98bde838a0e96a27,classic-random-12x10,classic,random-start,12x10,tf:147,tf:144,false,p1,accepted,,1670856517,1670861529569560,9
tf_policy_elo_current_rule_continuation_g141_g150_2026-09-02,accepted/classic-random-12x10.jsonl#66cd97cd40ece00788745cd9,classic-random-12x10,classic,random-start,12x10,tf:147,tf:144,false,p2,accepted,,1670856517,1670861529569562,11
tf_policy_elo_current_rule_continuation_g141_g150_2026-09-02,accepted/classic-random-12x10.jsonl#5db86f4df5a0fe27d7d1bcfb,classic-random-12x10,classic,random-start,12x10,tf:147,tf:146,false,p1,accepted,,213965339,213965980896018,1
tf_policy_elo_current_rule_continuation_g141_g150_2026-09-02,accepted/classic-random-12x10.jsonl#84ba7178dc2a26c63be87cf4,classic-random-12x10,classic,random-start,12x10,tf:147,tf:146,false,p2,accepted,,213965339,213965980896020,3
tf_policy_elo_current_rule_continuation_g141_g150_2026-09-02,accepted/classic-random-12x10.jsonl#2cb0f34882e4b4c0b216fd1f,classic-random-12x10,classic,random-start,12x10,tf:147,tf:146,false,p1,accepted,,213965339,213965980896022,5
tf_policy_elo_current_rule_continuation_g141_g150_2026-09-02,accepted/classic-random-12x10.jsonl#7083a1884d3bf8ef1c187b33,classic-random-12x10,classic,random-start,12x10,tf:147,tf:146,false,p1,accepted,,213965339,213965980896024,7
tf_policy_elo_current_rule_continuation_g141_g150_2026-09-02,accepted/classic-random-12x10.jsonl#356cc618acf9a05abadb6a3f,classic-random-12x10,classic,random-start,12x10,tf:147,tf:146,false,p1,accepted,,213965339,213965980896026,9
tf_policy_elo_current_rule_continuation_g141_g150_2026-09-02,accepted/classic-random-12x10.jsonl#bf96d282928d71da537e7ff6,classic-random-12x10,classic,random-start,12x10,tf:147,tf:146,false,p2,accepted,,213965339,213965980896028,11
tf_policy_elo_current_rule_continuation_g141_g150_2026-09-02,accepted/classic-random-12x10.jsonl#dd0c326555ccad3ab0d8b274,classic-random-12x10,classic,random-start,12x10,tf:147,tf:148,true,p2,accepted,,708686409,708688535059227,0
tf_policy_elo_current_rule_continuation_g141_g150_2026-09-02,accepted/classic-random-12x10.jsonl#6caa59b6c0f4080ab483463f,classic-random-12x10,classic,random-start,12x10,tf:147,tf:148,true,p2,accepted,,708686409,708688535059229,2
tf_policy_elo_current_rule_continuation_g141_g150_2026-09-02,accepted/classic-random-12x10.jsonl#48f6e607ab6263433a6ab971,classic-random-12x10,classic,random-start,12x10,tf:147,tf:148,true,p2,accepted,,708686409,708688535059231,4
tf_policy_elo_current_rule_continuation_g141_g150_2026-09-02,accepted/classic-random-12x10.jsonl#97494f0577f78370a0c0c582,classic-random-12x10,classic,random-start,12x10,tf:147,tf:148,true,p2,accepted,,708686409,708688535059233,6
tf_policy_elo_current_rule_continuation_g141_g150_2026-09-02,accepted/classic-random-12x10.jsonl#1cba1e9cebec5d5a4e11dae9,classic-random-12x10,classic,random-start,12x10,tf:147,tf:148,true,p1,accepted,,708686409,708688535059235,8
tf_policy_elo_current_rule_continuation_g141_g150_2026-09-02,accepted/classic-random-12x10.jsonl#8869a90fdcabf46de113090a,classic-random-12x10,classic,random-start,12x10,tf:147,tf:148,true,p1,accepted,,708686409,708688535059237,10
tf_policy_elo_current_rule_continuation_g141_g150_2026-09-02,accepted/classic-random-12x10.jsonl#f0e75f8f27d1e180db14ca80,classic-random-12x10,classic,random-start,12x10,tf:147,tf:150,true,p1,accepted,,1402949292,1402953500847876,0
tf_policy_elo_current_rule_continuation_g141_g150_2026-09-02,accepted/classic-random-12x10.jsonl#f99bc4574462b7686fac1397,classic-random-12x10,classic,random-start,12x10,tf:147,tf:150,true,p1,accepted,,1402949292,1402953500847878,2
tf_policy_elo_current_rule_continuation_g141_g150_2026-09-02,accepted/classic-random-12x10.jsonl#0bc173f357383459dd197e23,classic-random-12x10,classic,random-start,12x10,tf:147,tf:150,true,p2,accepted,,1402949292,1402953500847880,4
tf_policy_elo_current_rule_continuation_g141_g150_2026-09-02,accepted/classic-random-12x10.jsonl#10ba0089b43f6345e47f6255,classic-random-12x10,classic,random-start,12x10,tf:147,tf:150,true,p1,accepted,,1402949292,1402953500847882,6
tf_policy_elo_current_rule_continuation_g141_g150_2026-09-02,accepted/classic-random-12x10.jsonl#2def1c378edd827c477fb744,classic-random-12x10,classic,random-start,12x10,tf:147,tf:150,true,p1,accepted,,1402949292,1402953500847884,8
tf_policy_elo_current_rule_continuation_g141_g150_2026-09-02,accepted/classic-random-12x10.jsonl#505cce16f65a4ac7fdc71a90,classic-random-12x10,classic,random-start,12x10,tf:147,tf:150,true,p1,accepted,,1402949292,1402953500847886,10
tf_policy_elo_current_rule_continuation_g141_g150_2026-09-02,accepted/classic-random-12x10.jsonl#3af6f4b43981fac2f0a1629b,classic-random-12x10,classic,random-start,12x10,tf:148,tf:142,false,p1,accepted,,183077118,183077667231355,1
tf_policy_elo_current_rule_continuation_g141_g150_2026-09-02,accepted/classic-random-12x10.jsonl#d93b1208398b5213772d56ea,classic-random-12x10,classic,random-start,12x10,tf:148,tf:142,false,p1,accepted,,183077118,183077667231357,3
tf_policy_elo_current_rule_continuation_g141_g150_2026-09-02,accepted/classic-random-12x10.jsonl#18c477f3f4dada9224406b1f,classic-random-12x10,classic,random-start,12x10,tf:148,tf:142,false,p1,accepted,,183077118,183077667231359,5
tf_policy_elo_current_rule_continuation_g141_g150_2026-09-02,accepted/classic-random-12x10.jsonl#acd173371950269465693a46,classic-random-12x10,classic,random-start,12x10,tf:148,tf:142,false,p1,accepted,,183077118,183077667231361,7
tf_policy_elo_current_rule_continuation_g141_g150_2026-09-02,accepted/classic-random-12x10.jsonl#e564eb42815d3d14b4f5e041,classic-random-12x10,classic,random-start,12x10,tf:148,tf:142,false,p1,accepted,,183077118,183077667231363,9
tf_policy_elo_current_rule_continuation_g141_g150_2026-09-02,accepted/classic-random-12x10.jsonl#ddf0fe149d8ac8785edc8bad,classic-random-12x10,classic,random-start,12x10,tf:148,tf:142,false,p1,accepted,,183077118,183077667231365,11
tf_policy_elo_current_rule_continuation_g141_g150_2026-09-02,accepted/classic-random-12x10.jsonl#24a14c77a74505c669ae943e,classic-random-12x10,classic,random-start,12x10,tf:148,tf:145,false,p2,accepted,,1641873843,1641878768621530,1
tf_policy_elo_current_rule_continuation_g141_g150_2026-09-02,accepted/classic-random-12x10.jsonl#ddc4f0dee88752a0b334da51,classic-random-12x10,classic,random-start,12x10,tf:148,tf:145,false,p1,accepted,,1641873843,1641878768621532,3
tf_policy_elo_current_rule_continuation_g141_g150_2026-09-02,accepted/classic-random-12x10.jsonl#2513b9f6141db7d5ea3cb94d,classic-random-12x10,classic,random-start,12x10,tf:148,tf:145,false,p2,accepted,,1641873843,1641878768621534,5
tf_policy_elo_current_rule_continuation_g141_g150_2026-09-02,accepted/classic-random-12x10.jsonl#901fbe03690dcfb4e0fa5721,classic-random-12x10,classic,random-start,12x10,tf:148,tf:145,false,p1,accepted,,1641873843,1641878768621536,7
tf_policy_elo_current_rule_continuation_g141_g150_2026-09-02,accepted/classic-random-12x10.jsonl#4b95d9a58007956ab4e271df,classic-random-12x10,classic,random-start,12x10,tf:148,tf:145,false,p2,accepted,,1641873843,1641878768621538,9
tf_policy_elo_current_rule_continuation_g141_g150_2026-09-02,accepted/classic-random-12x10.jsonl#cd699239fcfd1a5305e84418,classic-random-12x10,classic,random-start,12x10,tf:148,tf:145,false,p1,accepted,,1641873843,1641878768621540,11
tf_policy_elo_current_rule_continuation_g141_g150_2026-09-02,accepted/classic-random-12x10.jsonl#5eedff03ff6b8659a22e6f89,classic-random-12x10,classic,random-start,12x10,tf:148,tf:147,false,p1,accepted,,708686409,708688535059228,1
tf_policy_elo_current_rule_continuation_g141_g150_2026-09-02,accepted/classic-random-12x10.jsonl#f45001ac41a4d4765bc1955a,classic-random-12x10,classic,random-start,12x10,tf:148,tf:147,false,p1,accepted,,708686409,708688535059230,3
tf_policy_elo_current_rule_continuation_g141_g150_2026-09-02,accepted/classic-random-12x10.jsonl#1cb6f0dcf05e0007540515ba,classic-random-12x10,classic,random-start,12x10,tf:148,tf:147,false,p1,accepted,,708686409,708688535059232,5
tf_policy_elo_current_rule_continuation_g141_g150_2026-09-02,accepted/classic-random-12x10.jsonl#86a4e1386fe55ad7e09a1312,classic-random-12x10,classic,random-start,12x10,tf:148,tf:147,false,p2,accepted,,708686409,708688535059234,7
tf_policy_elo_current_rule_continuation_g141_g150_2026-09-02,accepted/classic-random-12x10.jsonl#d608f6fbd2652f6ed81e1f0d,classic-random-12x10,classic,random-start,12x10,tf:148,tf:147,false,p1,accepted,,708686409,708688535059236,9
tf_policy_elo_current_rule_continuation_g141_g150_2026-09-02,accepted/classic-random-12x10.jsonl#558fa01ea06248d419d3d8ca,classic-random-12x10,classic,random-start,12x10,tf:148,tf:147,false,p1,accepted,,708686409,708688535059238,11
tf_policy_elo_current_rule_continuation_g141_g150_2026-09-02,accepted/classic-random-12x10.jsonl#7e58ef8989eadd16343ebb3c,classic-random-12x10,classic,random-start,12x10,tf:148,tf:149,true,p1,accepted,,1043536503,1043539633609509,0
tf_policy_elo_current_rule_continuation_g141_g150_2026-09-02,accepted/classic-random-12x10.jsonl#bab90278c95e1cfb230b11c0,classic-random-12x10,classic,random-start,12x10,tf:148,tf:149,true,p1,accepted,,1043536503,1043539633609511,2
tf_policy_elo_current_rule_continuation_g141_g150_2026-09-02,accepted/classic-random-12x10.jsonl#82603b1a9ecb5ae88d0a529a,classic-random-12x10,classic,random-start,12x10,tf:148,tf:149,true,p1,accepted,,1043536503,1043539633609513,4
tf_policy_elo_current_rule_continuation_g141_g150_2026-09-02,accepted/classic-random-12x10.jsonl#7a4bf6bc2441c114e570099a,classic-random-12x10,classic,random-start,12x10,tf:148,tf:149,true,p1,accepted,,1043536503,1043539633609515,6
tf_policy_elo_current_rule_continuation_g141_g150_2026-09-02,accepted/classic-random-12x10.jsonl#3406a7cdd10718b0a7dfa177,classic-random-12x10,classic,random-start,12x10,tf:148,tf:149,true,p1,accepted,,1043536503,1043539633609517,8
tf_policy_elo_current_rule_continuation_g141_g150_2026-09-02,accepted/classic-random-12x10.jsonl#0486aeca95113a2844c06bd0,classic-random-12x10,classic,random-start,12x10,tf:148,tf:149,true,p1,accepted,,1043536503,1043539633609519,10
tf_policy_elo_current_rule_continuation_g141_g150_2026-09-02,accepted/classic-random-12x10.jsonl#e973a170283f6a204da24aa8,classic-random-12x10,classic,random-start,12x10,tf:149,tf:143,false,p2,accepted,,1429475590,1429479878426771,1
tf_policy_elo_current_rule_continuation_g141_g150_2026-09-02,accepted/classic-random-12x10.jsonl#81d5ec88d56cd1bbe25d2071,classic-random-12x10,classic,random-start,12x10,tf:149,tf:143,false,p2,accepted,,1429475590,1429479878426773,3
tf_policy_elo_current_rule_continuation_g141_g150_2026-09-02,accepted/classic-random-12x10.jsonl#c1c37ddc3b63323bc6d71a41,classic-random-12x10,classic,random-start,12x10,tf:149,tf:143,false,p2,accepted,,1429475590,1429479878426775,5
tf_policy_elo_current_rule_continuation_g141_g150_2026-09-02,accepted/classic-random-12x10.jsonl#3e0ac8d5c023e7f227bc7f92,classic-random-12x10,classic,random-start,12x10,tf:149,tf:143,false,p2,accepted,,1429475590,1429479878426777,7
tf_policy_elo_current_rule_continuation_g141_g150_2026-09-02,accepted/classic-random-12x10.jsonl#6d702689b8d1ff4c067021c4,classic-random-12x10,classic,random-start,12x10,tf:149,tf:143,false,p1,accepted,,1429475590,1429479878426779,9
tf_policy_elo_current_rule_continuation_g141_g150_2026-09-02,accepted/classic-random-12x10.jsonl#697e0cee11ff4d690bbd8404,classic-random-12x10,classic,random-start,12x10,tf:149,tf:143,false,p1,accepted,,1429475590,1429479878426781,11
tf_policy_elo_current_rule_continuation_g141_g150_2026-09-02,accepted/classic-random-12x10.jsonl#94cce07fa54a2a5dac15b97e,classic-random-12x10,classic,random-start,12x10,tf:149,tf:146,false,p2,accepted,,1389016217,1389020384048652,1
tf_policy_elo_current_rule_continuation_g141_g150_2026-09-02,accepted/classic-random-12x10.jsonl#05679ccb93893751e869ce58,classic-random-12x10,classic,random-start,12x10,tf:149,tf:146,false,p2,accepted,,1389016217,1389020384048654,3
tf_policy_elo_current_rule_continuation_g141_g150_2026-09-02,accepted/classic-random-12x10.jsonl#99e160ff991daf6df634df4e,classic-random-12x10,classic,random-start,12x10,tf:149,tf:146,false,p1,accepted,,1389016217,1389020384048656,5
tf_policy_elo_current_rule_continuation_g141_g150_2026-09-02,accepted/classic-random-12x10.jsonl#cc34b074be9b80d2961d4524,classic-random-12x10,classic,random-start,12x10,tf:149,tf:146,false,p1,accepted,,1389016217,1389020384048658,7
tf_policy_elo_current_rule_continuation_g141_g150_2026-09-02,accepted/classic-random-12x10.jsonl#de2c9ee31ccc8d0d4234c0dd,classic-random-12x10,classic,random-start,12x10,tf:149,tf:146,false,p1,accepted,,1389016217,1389020384048660,9
tf_policy_elo_current_rule_continuation_g141_g150_2026-09-02,accepted/classic-random-12x10.jsonl#466a7de0c2992b03f00e852f,classic-random-12x10,classic,random-start,12x10,tf:149,tf:146,false,p1,accepted,,1389016217,1389020384048662,11
tf_policy_elo_current_rule_continuation_g141_g150_2026-09-02,accepted/classic-random-12x10.jsonl#0bac2a775c29fedbf7b77c2a,classic-random-12x10,classic,random-start,12x10,tf:149,tf:148,false,p1,accepted,,1043536503,1043539633609510,1
tf_policy_elo_current_rule_continuation_g141_g150_2026-09-02,accepted/classic-random-12x10.jsonl#b7134dcaf4a2f11f79c8c4c3,classic-random-12x10,classic,random-start,12x10,tf:149,tf:148,false,p1,accepted,,1043536503,1043539633609512,3
tf_policy_elo_current_rule_continuation_g141_g150_2026-09-02,accepted/classic-random-12x10.jsonl#b22a7db07587ef7f0e519d67,classic-random-12x10,classic,random-start,12x10,tf:149,tf:148,false,p2,accepted,,1043536503,1043539633609514,5
tf_policy_elo_current_rule_continuation_g141_g150_2026-09-02,accepted/classic-random-12x10.jsonl#31ae294274998858c3c85f70,classic-random-12x10,classic,random-start,12x10,tf:149,tf:148,false,p1,accepted,,1043536503,1043539633609516,7
tf_policy_elo_current_rule_continuation_g141_g150_2026-09-02,accepted/classic-random-12x10.jsonl#abd767681aca594e4123e903,classic-random-12x10,classic,random-start,12x10,tf:149,tf:148,false,p1,accepted,,1043536503,1043539633609518,9
tf_policy_elo_current_rule_continuation_g141_g150_2026-09-02,accepted/classic-random-12x10.jsonl#6fe06ffb9a0427ebf63317d1,classic-random-12x10,classic,random-start,12x10,tf:149,tf:148,false,p1,accepted,,1043536503,1043539633609520,11
tf_policy_elo_current_rule_continuation_g141_g150_2026-09-02,accepted/classic-random-12x10.jsonl#41b03f67b8a0fdc5873b82b7,classic-random-12x10,classic,random-start,12x10,tf:149,tf:150,true,p2,accepted,,1599032412,1599037209097236,0
tf_policy_elo_current_rule_continuation_g141_g150_2026-09-02,accepted/classic-random-12x10.jsonl#87d3bc3ac65fc09ddd3c2ed8,classic-random-12x10,classic,random-start,12x10,tf:149,tf:150,true,p2,accepted,,1599032412,1599037209097238,2
tf_policy_elo_current_rule_continuation_g141_g150_2026-09-02,accepted/classic-random-12x10.jsonl#2957a755b06750db0c9085a2,classic-random-12x10,classic,random-start,12x10,tf:149,tf:150,true,p2,accepted,,1599032412,1599037209097240,4
tf_policy_elo_current_rule_continuation_g141_g150_2026-09-02,accepted/classic-random-12x10.jsonl#cf6b8491abed46a35a05e8e4,classic-random-12x10,classic,random-start,12x10,tf:149,tf:150,true,p2,accepted,,1599032412,1599037209097242,6
tf_policy_elo_current_rule_continuation_g141_g150_2026-09-02,accepted/classic-random-12x10.jsonl#233d35488213438e62a40680,classic-random-12x10,classic,random-start,12x10,tf:149,tf:150,true,p2,accepted,,1599032412,1599037209097244,8
tf_policy_elo_current_rule_continuation_g141_g150_2026-09-02,accepted/classic-random-12x10.jsonl#8a0849a6e0a7e5321649f08a,classic-random-12x10,classic,random-start,12x10,tf:149,tf:150,true,p1,accepted,,1599032412,1599037209097246,10
tf_policy_elo_current_rule_continuation_g141_g150_2026-09-02,accepted/classic-random-12x10.jsonl#e3aa9d34278360145cc7d36a,classic-random-12x10,classic,random-start,12x10,tf:150,tf:144,false,p1,accepted,,726937693,726939873813080,1
tf_policy_elo_current_rule_continuation_g141_g150_2026-09-02,accepted/classic-random-12x10.jsonl#cf61db0ccbfd4b19dd25b242,classic-random-12x10,classic,random-start,12x10,tf:150,tf:144,false,p1,accepted,,726937693,726939873813082,3
tf_policy_elo_current_rule_continuation_g141_g150_2026-09-02,accepted/classic-random-12x10.jsonl#60682a0429fad343f1016f43,classic-random-12x10,classic,random-start,12x10,tf:150,tf:144,false,p1,accepted,,726937693,726939873813084,5
tf_policy_elo_current_rule_continuation_g141_g150_2026-09-02,accepted/classic-random-12x10.jsonl#40383b307c8fc4c7467c1a36,classic-random-12x10,classic,random-start,12x10,tf:150,tf:144,false,p1,accepted,,726937693,726939873813086,7
tf_policy_elo_current_rule_continuation_g141_g150_2026-09-02,accepted/classic-random-12x10.jsonl#96bb5bb0ba3ee81329b4d712,classic-random-12x10,classic,random-start,12x10,tf:150,tf:144,false,p1,accepted,,726937693,726939873813088,9
tf_policy_elo_current_rule_continuation_g141_g150_2026-09-02,accepted/classic-random-12x10.jsonl#683f4a1026b0114fc58be96c,classic-random-12x10,classic,random-start,12x10,tf:150,tf:144,false,p2,accepted,,726937693,726939873813090,11
tf_policy_elo_current_rule_continuation_g141_g150_2026-09-02,accepted/classic-random-12x10.jsonl#bdc335dfba66e5852d81c694,classic-random-12x10,classic,random-start,12x10,tf:150,tf:147,false,p1,accepted,,1402949292,1402953500847877,1
tf_policy_elo_current_rule_continuation_g141_g150_2026-09-02,accepted/classic-random-12x10.jsonl#894a5814bb16d8cddc498037,classic-random-12x10,classic,random-start,12x10,tf:150,tf:147,false,p1,accepted,,1402949292,1402953500847879,3
tf_policy_elo_current_rule_continuation_g141_g150_2026-09-02,accepted/classic-random-12x10.jsonl#8cd0809620205c7e81b88f67,classic-random-12x10,classic,random-start,12x10,tf:150,tf:147,false,p2,accepted,,1402949292,1402953500847881,5
tf_policy_elo_current_rule_continuation_g141_g150_2026-09-02,accepted/classic-random-12x10.jsonl#2d2edbd2b064011f98d6067a,classic-random-12x10,classic,random-start,12x10,tf:150,tf:147,false,p1,accepted,,1402949292,1402953500847883,7
tf_policy_elo_current_rule_continuation_g141_g150_2026-09-02,accepted/classic-random-12x10.jsonl#a329aadbffef67e3b112545b,classic-random-12x10,classic,random-start,12x10,tf:150,tf:147,false,p2,accepted,,1402949292,1402953500847885,9
tf_policy_elo_current_rule_continuation_g141_g150_2026-09-02,accepted/classic-random-12x10.jsonl#3b2a71b096b2e2c67a449f38,classic-random-12x10,classic,random-start,12x10,tf:150,tf:147,false,p1,accepted,,1402949292,1402953500847887,11
tf_policy_elo_current_rule_continuation_g141_g150_2026-09-02,accepted/classic-random-12x10.jsonl#936cc859478648e7bbe20373,classic-random-12x10,classic,random-start,12x10,tf:150,tf:149,false,p1,accepted,,1599032412,1599037209097237,1
tf_policy_elo_current_rule_continuation_g141_g150_2026-09-02,accepted/classic-random-12x10.jsonl#959d398e9ca405bf97ac58fc,classic-random-12x10,classic,random-start,12x10,tf:150,tf:149,false,p2,accepted,,1599032412,1599037209097239,3
tf_policy_elo_current_rule_continuation_g141_g150_2026-09-02,accepted/classic-random-12x10.jsonl#a9480992c8e212b65d3fdc9c,classic-random-12x10,classic,random-start,12x10,tf:150,tf:149,false,p2,accepted,,1599032412,1599037209097241,5
tf_policy_elo_current_rule_continuation_g141_g150_2026-09-02,accepted/classic-random-12x10.jsonl#5cb26961448a67bdf6ec2336,classic-random-12x10,classic,random-start,12x10,tf:150,tf:149,false,p2,accepted,,1599032412,1599037209097243,7
tf_policy_elo_current_rule_continuation_g141_g150_2026-09-02,accepted/classic-random-12x10.jsonl#571851d695395a615b36ca3d,classic-random-12x10,classic,random-start,12x10,tf:150,tf:149,false,p2,accepted,,1599032412,1599037209097245,9
tf_policy_elo_current_rule_continuation_g141_g150_2026-09-02,accepted/classic-random-12x10.jsonl#3532a3ea6ac968d742aaeff9,classic-random-12x10,classic,random-start,12x10,tf:150,tf:149,false,p1,accepted,,1599032412,1599037209097247,11
tf_policy_elo_current_rule_continuation_g141_g150_2026-09-02,accepted/classic-random-8x8.jsonl#0329f3bf9a0cd8e41bdd7d67,classic-random-8x8,classic,random-start,8x8,tf:135,tf:141,true,p1,accepted,,598829588,598831384488764,0
tf_policy_elo_current_rule_continuation_g141_g150_2026-09-02,accepted/classic-random-8x8.jsonl#051992bf9f4492ed294c7e43,classic-random-8x8,classic,random-start,8x8,tf:135,tf:141,true,p2,accepted,,598829588,598831384488766,2
tf_policy_elo_current_rule_continuation_g141_g150_2026-09-02,accepted/classic-random-8x8.jsonl#412028f16960b7a215d447da,classic-random-8x8,classic,random-start,8x8,tf:135,tf:141,true,p1,accepted,,598829588,598831384488768,4
tf_policy_elo_current_rule_continuation_g141_g150_2026-09-02,accepted/classic-random-8x8.jsonl#a61b0fcb6c512e31590c0c0b,classic-random-8x8,classic,random-start,8x8,tf:135,tf:141,true,p1,accepted,,598829588,598831384488770,6
tf_policy_elo_current_rule_continuation_g141_g150_2026-09-02,accepted/classic-random-8x8.jsonl#b84d28604258e0b2779d02ca,classic-random-8x8,classic,random-start,8x8,tf:135,tf:141,true,p1,accepted,,598829588,598831384488772,8
tf_policy_elo_current_rule_continuation_g141_g150_2026-09-02,accepted/classic-random-8x8.jsonl#c866d32276996dca780eebdf,classic-random-8x8,classic,random-start,8x8,tf:135,tf:141,true,p2,accepted,,598829588,598831384488774,10
tf_policy_elo_current_rule_continuation_g141_g150_2026-09-02,accepted/classic-random-8x8.jsonl#d4a18d162ae7fa9f9a72a0de,classic-random-8x8,classic,random-start,8x8,tf:136,tf:142,true,p1,accepted,,1735978872,1735984079936616,0
tf_policy_elo_current_rule_continuation_g141_g150_2026-09-02,accepted/classic-random-8x8.jsonl#3ca2bff979932c7ed9ac3d85,classic-random-8x8,classic,random-start,8x8,tf:136,tf:142,true,p1,accepted,,1735978872,1735984079936618,2
tf_policy_elo_current_rule_continuation_g141_g150_2026-09-02,accepted/classic-random-8x8.jsonl#6940aa16699a55dfb77997ab,classic-random-8x8,classic,random-start,8x8,tf:136,tf:142,true,p1,accepted,,1735978872,1735984079936620,4
tf_policy_elo_current_rule_continuation_g141_g150_2026-09-02,accepted/classic-random-8x8.jsonl#0b90e0e84ae029566706a23c,classic-random-8x8,classic,random-start,8x8,tf:136,tf:142,true,p1,accepted,,1735978872,1735984079936622,6
tf_policy_elo_current_rule_continuation_g141_g150_2026-09-02,accepted/classic-random-8x8.jsonl#3821c483cb2fc1e5df68e3a9,classic-random-8x8,classic,random-start,8x8,tf:136,tf:142,true,p2,accepted,,1735978872,1735984079936624,8
tf_policy_elo_current_rule_continuation_g141_g150_2026-09-02,accepted/classic-random-8x8.jsonl#143ce81ec0dcf11bd9854587,classic-random-8x8,classic,random-start,8x8,tf:136,tf:142,true,p1,accepted,,1735978872,1735984079936626,10
tf_policy_elo_current_rule_continuation_g141_g150_2026-09-02,accepted/classic-random-8x8.jsonl#251ab2aea67b6a80cdaf6c8e,classic-random-8x8,classic,random-start,8x8,tf:137,tf:143,true,p1,accepted,,2057213766,2057219937641298,0
tf_policy_elo_current_rule_continuation_g141_g150_2026-09-02,accepted/classic-random-8x8.jsonl#4425c350804a443dc4b9cb8e,classic-random-8x8,classic,random-start,8x8,tf:137,tf:143,true,p2,accepted,,2057213766,2057219937641300,2
tf_policy_elo_current_rule_continuation_g141_g150_2026-09-02,accepted/classic-random-8x8.jsonl#7fee38ec070ceb63cb462de7,classic-random-8x8,classic,random-start,8x8,tf:137,tf:143,true,p1,accepted,,2057213766,2057219937641302,4
tf_policy_elo_current_rule_continuation_g141_g150_2026-09-02,accepted/classic-random-8x8.jsonl#83015f1051f96dcfccd32c8b,classic-random-8x8,classic,random-start,8x8,tf:137,tf:143,true,p2,accepted,,2057213766,2057219937641304,6
tf_policy_elo_current_rule_continuation_g141_g150_2026-09-02,accepted/classic-random-8x8.jsonl#73cd03496de9343f0a61d647,classic-random-8x8,classic,random-start,8x8,tf:137,tf:143,true,p1,accepted,,2057213766,2057219937641306,8
tf_policy_elo_current_rule_continuation_g141_g150_2026-09-02,accepted/classic-random-8x8.jsonl#6e770021ab701e51239466bc,classic-random-8x8,classic,random-start,8x8,tf:137,tf:143,true,p2,accepted,,2057213766,2057219937641308,10
tf_policy_elo_current_rule_continuation_g141_g150_2026-09-02,accepted/classic-random-8x8.jsonl#35762c356ccacae7ddcad6fb,classic-random-8x8,classic,random-start,8x8,tf:138,tf:141,true,p1,accepted,,159228011,159228488684033,0
tf_policy_elo_current_rule_continuation_g141_g150_2026-09-02,accepted/classic-random-8x8.jsonl#6accf71a2e4d5da04b8b9793,classic-random-8x8,classic,random-start,8x8,tf:138,tf:141,true,p1,accepted,,159228011,159228488684035,2
tf_policy_elo_current_rule_continuation_g141_g150_2026-09-02,accepted/classic-random-8x8.jsonl#485ba9f78ed2e0525df24f50,classic-random-8x8,classic,random-start,8x8,tf:138,tf:141,true,p1,accepted,,159228011,159228488684037,4
tf_policy_elo_current_rule_continuation_g141_g150_2026-09-02,accepted/classic-random-8x8.jsonl#82ca5ea410fd1c954aa906e8,classic-random-8x8,classic,random-start,8x8,tf:138,tf:141,true,p2,accepted,,159228011,159228488684039,6
tf_policy_elo_current_rule_continuation_g141_g150_2026-09-02,accepted/classic-random-8x8.jsonl#9720226f8335a5d626842342,classic-random-8x8,classic,random-start,8x8,tf:138,tf:141,true,p2,accepted,,159228011,159228488684041,8
tf_policy_elo_current_rule_continuation_g141_g150_2026-09-02,accepted/classic-random-8x8.jsonl#f65633ea216b3855740c6157,classic-random-8x8,classic,random-start,8x8,tf:138,tf:141,true,p1,accepted,,159228011,159228488684043,10
tf_policy_elo_current_rule_continuation_g141_g150_2026-09-02,accepted/classic-random-8x8.jsonl#ef9c3eae52a9a90cb717f0b7,classic-random-8x8,classic,random-start,8x8,tf:138,tf:144,true,p2,accepted,,223141192,223141861423576,0
tf_policy_elo_current_rule_continuation_g141_g150_2026-09-02,accepted/classic-random-8x8.jsonl#37c3ead2a7962eeca6790d9d,classic-random-8x8,classic,random-start,8x8,tf:138,tf:144,true,p1,accepted,,223141192,223141861423578,2
tf_policy_elo_current_rule_continuation_g141_g150_2026-09-02,accepted/classic-random-8x8.jsonl#fec4105131aaca2b804d8dba,classic-random-8x8,classic,random-start,8x8,tf:138,tf:144,true,p2,accepted,,223141192,223141861423580,4
tf_policy_elo_current_rule_continuation_g141_g150_2026-09-02,accepted/classic-random-8x8.jsonl#ecc1316b46218678101a5154,classic-random-8x8,classic,random-start,8x8,tf:138,tf:144,true,p1,accepted,,223141192,223141861423582,6
tf_policy_elo_current_rule_continuation_g141_g150_2026-09-02,accepted/classic-random-8x8.jsonl#aa7c2728755e70f23653b6fa,classic-random-8x8,classic,random-start,8x8,tf:138,tf:144,true,p1,accepted,,223141192,223141861423584,8
tf_policy_elo_current_rule_continuation_g141_g150_2026-09-02,accepted/classic-random-8x8.jsonl#6ceb092c34f4b1fe9b6909d8,classic-random-8x8,classic,random-start,8x8,tf:138,tf:144,true,p1,accepted,,223141192,223141861423586,10
tf_policy_elo_current_rule_continuation_g141_g150_2026-09-02,accepted/classic-random-8x8.jsonl#ec9cdc6b60b397bd0f39659b,classic-random-8x8,classic,random-start,8x8,tf:139,tf:142,true,p2,accepted,,198604384,198604979813152,0
tf_policy_elo_current_rule_continuation_g141_g150_2026-09-02,accepted/classic-random-8x8.jsonl#57123ec954310aac3e280ffa,classic-random-8x8,classic,random-start,8x8,tf:139,tf:142,true,p1,accepted,,198604384,198604979813154,2
tf_policy_elo_current_rule_continuation_g141_g150_2026-09-02,accepted/classic-random-8x8.jsonl#49efcd4f5b0094530588d996,classic-random-8x8,classic,random-start,8x8,tf:139,tf:142,true,p2,accepted,,198604384,198604979813156,4
tf_policy_elo_current_rule_continuation_g141_g150_2026-09-02,accepted/classic-random-8x8.jsonl#2c29359f61f2b89b51e57eee,classic-random-8x8,classic,random-start,8x8,tf:139,tf:142,true,p1,accepted,,198604384,198604979813158,6
tf_policy_elo_current_rule_continuation_g141_g150_2026-09-02,accepted/classic-random-8x8.jsonl#75c8263ea9cccfd8bb37eb98,classic-random-8x8,classic,random-start,8x8,tf:139,tf:142,true,p1,accepted,,198604384,198604979813160,8
tf_policy_elo_current_rule_continuation_g141_g150_2026-09-02,accepted/classic-random-8x8.jsonl#e9a4f2c94d05aac49717a6f5,classic-random-8x8,classic,random-start,8x8,tf:139,tf:142,true,p1,accepted,,198604384,198604979813162,10
tf_policy_elo_current_rule_continuation_g141_g150_2026-09-02,accepted/classic-random-8x8.jsonl#0050c6ad8f06ea14ad7d6ff3,classic-random-8x8,classic,random-start,8x8,tf:139,tf:145,true,p1,accepted,,1039220028,1039223145660084,0
tf_policy_elo_current_rule_continuation_g141_g150_2026-09-02,accepted/classic-random-8x8.jsonl#b48e34b5c04a6e7331acc6ee,classic-random-8x8,classic,random-start,8x8,tf:139,tf:145,true,p1,accepted,,1039220028,1039223145660086,2
tf_policy_elo_current_rule_continuation_g141_g150_2026-09-02,accepted/classic-random-8x8.jsonl#c0b6d1866e8ce277f1b8dc4f,classic-random-8x8,classic,random-start,8x8,tf:139,tf:145,true,p2,accepted,,1039220028,1039223145660088,4
tf_policy_elo_current_rule_continuation_g141_g150_2026-09-02,accepted/classic-random-8x8.jsonl#6aa1857caacd5f40bc8aa1a4,classic-random-8x8,classic,random-start,8x8,tf:139,tf:145,true,p2,accepted,,1039220028,1039223145660090,6
tf_policy_elo_current_rule_continuation_g141_g150_2026-09-02,accepted/classic-random-8x8.jsonl#a4c9827f8b909110be05b683,classic-random-8x8,classic,random-start,8x8,tf:139,tf:145,true,p2,accepted,,1039220028,1039223145660092,8
tf_policy_elo_current_rule_continuation_g141_g150_2026-09-02,accepted/classic-random-8x8.jsonl#305b6dd3108078dd59a51800,classic-random-8x8,classic,random-start,8x8,tf:139,tf:145,true,p2,accepted,,1039220028,1039223145660094,10
tf_policy_elo_current_rule_continuation_g141_g150_2026-09-02,accepted/classic-random-8x8.jsonl#f86dc85fa451d1bef9872673,classic-random-8x8,classic,random-start,8x8,tf:140,tf:141,true,p1,accepted,,654208057,654210019624171,0
tf_policy_elo_current_rule_continuation_g141_g150_2026-09-02,accepted/classic-random-8x8.jsonl#9922accb47d2c33b40871137,classic-random-8x8,classic,random-start,8x8,tf:140,tf:141,true,p1,accepted,,654208057,654210019624173,2
tf_policy_elo_current_rule_continuation_g141_g150_2026-09-02,accepted/classic-random-8x8.jsonl#c685eb5a4889f7f410ad5dfa,classic-random-8x8,classic,random-start,8x8,tf:140,tf:141,true,p1,accepted,,654208057,654210019624175,4
tf_policy_elo_current_rule_continuation_g141_g150_2026-09-02,accepted/classic-random-8x8.jsonl#69ee530542186653eac9b499,classic-random-8x8,classic,random-start,8x8,tf:140,tf:141,true,p2,accepted,,654208057,654210019624177,6
tf_policy_elo_current_rule_continuation_g141_g150_2026-09-02,accepted/classic-random-8x8.jsonl#a5aa55ff8dd4f1a49583f5cf,classic-random-8x8,classic,random-start,8x8,tf:140,tf:141,true,p1,accepted,,654208057,654210019624179,8
tf_policy_elo_current_rule_continuation_g141_g150_2026-09-02,accepted/classic-random-8x8.jsonl#8a7c4d709cfe383c05ffb348,classic-random-8x8,classic,random-start,8x8,tf:140,tf:141,true,p2,accepted,,654208057,654210019624181,10
tf_policy_elo_current_rule_continuation_g141_g150_2026-09-02,accepted/classic-random-8x8.jsonl#7d987e359952f37cb931d21d,classic-random-8x8,classic,random-start,8x8,tf:140,tf:143,true,p1,accepted,,1300996955,1301000857990865,0
tf_policy_elo_current_rule_continuation_g141_g150_2026-09-02,accepted/classic-random-8x8.jsonl#27630e833c30ce7c63bcf6d9,classic-random-8x8,classic,random-start,8x8,tf:140,tf:143,true,p1,accepted,,1300996955,1301000857990867,2
tf_policy_elo_current_rule_continuation_g141_g150_2026-09-02,accepted/classic-random-8x8.jsonl#514cd0a2e4ec0b7f4a7758ed,classic-random-8x8,classic,random-start,8x8,tf:140,tf:143,true,p2,accepted,,1300996955,1301000857990869,4
tf_policy_elo_current_rule_continuation_g141_g150_2026-09-02,accepted/classic-random-8x8.jsonl#fb2529281c81eceafe596f93,classic-random-8x8,classic,random-start,8x8,tf:140,tf:143,true,p1,accepted,,1300996955,1301000857990871,6
tf_policy_elo_current_rule_continuation_g141_g150_2026-09-02,accepted/classic-random-8x8.jsonl#86e2f0a88feb75acad54d904,classic-random-8x8,classic,random-start,8x8,tf:140,tf:143,true,p1,accepted,,1300996955,1301000857990873,8
tf_policy_elo_current_rule_continuation_g141_g150_2026-09-02,accepted/classic-random-8x8.jsonl#de1b8e3458aa2558fc0aa208,classic-random-8x8,classic,random-start,8x8,tf:140,tf:143,true,p1,accepted,,1300996955,1301000857990875,10
tf_policy_elo_current_rule_continuation_g141_g150_2026-09-02,accepted/classic-random-8x8.jsonl#6b8de38afa58a0b35ca29e45,classic-random-8x8,classic,random-start,8x8,tf:140,tf:146,true,p1,accepted,,281261683,281262526785049,0
tf_policy_elo_current_rule_continuation_g141_g150_2026-09-02,accepted/classic-random-8x8.jsonl#c764d9ff556154375eeac42f,classic-random-8x8,classic,random-start,8x8,tf:140,tf:146,true,p1,accepted,,281261683,281262526785051,2
tf_policy_elo_current_rule_continuation_g141_g150_2026-09-02,accepted/classic-random-8x8.jsonl#c1b713c71e2c9db5da326964,classic-random-8x8,classic,random-start,8x8,tf:140,tf:146,true,p1,accepted,,281261683,281262526785053,4
tf_policy_elo_current_rule_continuation_g141_g150_2026-09-02,accepted/classic-random-8x8.jsonl#142fdaf2a1aa7ef0b75c73bd,classic-random-8x8,classic,random-start,8x8,tf:140,tf:146,true,p1,accepted,,281261683,281262526785055,6
tf_policy_elo_current_rule_continuation_g141_g150_2026-09-02,accepted/classic-random-8x8.jsonl#b9275f80fe563ec19c836039,classic-random-8x8,classic,random-start,8x8,tf:140,tf:146,true,p1,accepted,,281261683,281262526785057,8
tf_policy_elo_current_rule_continuation_g141_g150_2026-09-02,accepted/classic-random-8x8.jsonl#9d903c4574205be0d45667a6,classic-random-8x8,classic,random-start,8x8,tf:140,tf:146,true,p2,accepted,,281261683,281262526785059,10
tf_policy_elo_current_rule_continuation_g141_g150_2026-09-02,accepted/classic-random-8x8.jsonl#72cf2e4ecc882bea0342c4c6,classic-random-8x8,classic,random-start,8x8,tf:141,tf:135,false,p1,accepted,,598829588,598831384488765,1
tf_policy_elo_current_rule_continuation_g141_g150_2026-09-02,accepted/classic-random-8x8.jsonl#0e5dd706891f5acf7e86148a,classic-random-8x8,classic,random-start,8x8,tf:141,tf:135,false,p1,accepted,,598829588,598831384488767,3
tf_policy_elo_current_rule_continuation_g141_g150_2026-09-02,accepted/classic-random-8x8.jsonl#3467bab016af3ddad365798a,classic-random-8x8,classic,random-start,8x8,tf:141,tf:135,false,p2,accepted,,598829588,598831384488769,5
tf_policy_elo_current_rule_continuation_g141_g150_2026-09-02,accepted/classic-random-8x8.jsonl#e35355b0636e51331c7a957a,classic-random-8x8,classic,random-start,8x8,tf:141,tf:135,false,p1,accepted,,598829588,598831384488771,7
tf_policy_elo_current_rule_continuation_g141_g150_2026-09-02,accepted/classic-random-8x8.jsonl#5b07050dcfefe8dc57720859,classic-random-8x8,classic,random-start,8x8,tf:141,tf:135,false,p1,accepted,,598829588,598831384488773,9
tf_policy_elo_current_rule_continuation_g141_g150_2026-09-02,accepted/classic-random-8x8.jsonl#bc2f03ffe4fcee66b65ab5de,classic-random-8x8,classic,random-start,8x8,tf:141,tf:135,false,p1,accepted,,598829588,598831384488775,11
tf_policy_elo_current_rule_continuation_g141_g150_2026-09-02,accepted/classic-random-8x8.jsonl#cc0e7ca1952c459e18edcab3,classic-random-8x8,classic,random-start,8x8,tf:141,tf:138,false,p2,accepted,,159228011,159228488684034,1
tf_policy_elo_current_rule_continuation_g141_g150_2026-09-02,accepted/classic-random-8x8.jsonl#374f5d0c388abf2840336e4a,classic-random-8x8,classic,random-start,8x8,tf:141,tf:138,false,p1,accepted,,159228011,159228488684036,3
tf_policy_elo_current_rule_continuation_g141_g150_2026-09-02,accepted/classic-random-8x8.jsonl#eb13e1bf200c130a9908af6b,classic-random-8x8,classic,random-start,8x8,tf:141,tf:138,false,p1,accepted,,159228011,159228488684038,5
tf_policy_elo_current_rule_continuation_g141_g150_2026-09-02,accepted/classic-random-8x8.jsonl#66fc736337a8162bdcbc41dc,classic-random-8x8,classic,random-start,8x8,tf:141,tf:138,false,p2,accepted,,159228011,159228488684040,7
tf_policy_elo_current_rule_continuation_g141_g150_2026-09-02,accepted/classic-random-8x8.jsonl#482c5d39ea5c90d45543b20a,classic-random-8x8,classic,random-start,8x8,tf:141,tf:138,false,p1,accepted,,159228011,159228488684042,9
tf_policy_elo_current_rule_continuation_g141_g150_2026-09-02,accepted/classic-random-8x8.jsonl#0d6d78df7e948d16fdf8d073,classic-random-8x8,classic,random-start,8x8,tf:141,tf:138,false,p1,accepted,,159228011,159228488684044,11
tf_policy_elo_current_rule_continuation_g141_g150_2026-09-02,accepted/classic-random-8x8.jsonl#ca2d441a4c9b60f33c23bfdf,classic-random-8x8,classic,random-start,8x8,tf:141,tf:140,false,p2,accepted,,654208057,654210019624172,1
tf_policy_elo_current_rule_continuation_g141_g150_2026-09-02,accepted/classic-random-8x8.jsonl#e8f3d8f8c9d4734f34b1aeeb,classic-random-8x8,classic,random-start,8x8,tf:141,tf:140,false,p1,accepted,,654208057,654210019624174,3
tf_policy_elo_current_rule_continuation_g141_g150_2026-09-02,accepted/classic-random-8x8.jsonl#8bf788ce88313d3545a3d6de,classic-random-8x8,classic,random-start,8x8,tf:141,tf:140,false,p2,accepted,,654208057,654210019624176,5
tf_policy_elo_current_rule_continuation_g141_g150_2026-09-02,accepted/classic-random-8x8.jsonl#7ef6ecf8fdaf83fd508ea769,classic-random-8x8,classic,random-start,8x8,tf:141,tf:140,false,p1,accepted,,654208057,654210019624178,7
tf_policy_elo_current_rule_continuation_g141_g150_2026-09-02,accepted/classic-random-8x8.jsonl#f326bd38090465d986f4d7f9,classic-random-8x8,classic,random-start,8x8,tf:141,tf:140,false,p1,accepted,,654208057,654210019624180,9
tf_policy_elo_current_rule_continuation_g141_g150_2026-09-02,accepted/classic-random-8x8.jsonl#3ad4a60d4820c2d5720d8617,classic-random-8x8,classic,random-start,8x8,tf:141,tf:140,false,p1,accepted,,654208057,654210019624182,11
tf_policy_elo_current_rule_continuation_g141_g150_2026-09-02,accepted/classic-random-8x8.jsonl#031ee5691bbb7e512c6ff861,classic-random-8x8,classic,random-start,8x8,tf:141,tf:142,true,p1,accepted,,857908558,857911131725674,0
tf_policy_elo_current_rule_continuation_g141_g150_2026-09-02,accepted/classic-random-8x8.jsonl#b806fa3fff4c39f5f8a08a1f,classic-random-8x8,classic,random-start,8x8,tf:141,tf:142,true,p2,accepted,,857908558,857911131725676,2
tf_policy_elo_current_rule_continuation_g141_g150_2026-09-02,accepted/classic-random-8x8.jsonl#47ee5ce70203e9092cfd2c7a,classic-random-8x8,classic,random-start,8x8,tf:141,tf:142,true,p1,accepted,,857908558,857911131725678,4
tf_policy_elo_current_rule_continuation_g141_g150_2026-09-02,accepted/classic-random-8x8.jsonl#d2df3550952b6a5c4e7693b3,classic-random-8x8,classic,random-start,8x8,tf:141,tf:142,true,p1,accepted,,857908558,857911131725680,6
tf_policy_elo_current_rule_continuation_g141_g150_2026-09-02,accepted/classic-random-8x8.jsonl#f7f58f96a1f8d79a71be241a,classic-random-8x8,classic,random-start,8x8,tf:141,tf:142,true,p1,accepted,,857908558,857911131725682,8
tf_policy_elo_current_rule_continuation_g141_g150_2026-09-02,accepted/classic-random-8x8.jsonl#5789d35220c41452a33966ec,classic-random-8x8,classic,random-start,8x8,tf:141,tf:142,true,p1,accepted,,857908558,857911131725684,10
tf_policy_elo_current_rule_continuation_g141_g150_2026-09-02,accepted/classic-random-8x8.jsonl#177e74bf9f37e97c5ddc3224,classic-random-8x8,classic,random-start,8x8,tf:141,tf:144,true,p1,accepted,,1494365420,1494369903096260,0
tf_policy_elo_current_rule_continuation_g141_g150_2026-09-02,accepted/classic-random-8x8.jsonl#d579c7b2a0264b6611ff577d,classic-random-8x8,classic,random-start,8x8,tf:141,tf:144,true,p1,accepted,,1494365420,1494369903096262,2
tf_policy_elo_current_rule_continuation_g141_g150_2026-09-02,accepted/classic-random-8x8.jsonl#5b4d3ae4de1c85a6596a259d,classic-random-8x8,classic,random-start,8x8,tf:141,tf:144,true,p2,accepted,,1494365420,1494369903096264,4
tf_policy_elo_current_rule_continuation_g141_g150_2026-09-02,accepted/classic-random-8x8.jsonl#6ac00696a12753b79503fae2,classic-random-8x8,classic,random-start,8x8,tf:141,tf:144,true,p1,accepted,,1494365420,1494369903096266,6
tf_policy_elo_current_rule_continuation_g141_g150_2026-09-02,accepted/classic-random-8x8.jsonl#71b3f06c92b06d5ccfcf0e20,classic-random-8x8,classic,random-start,8x8,tf:141,tf:144,true,p2,accepted,,1494365420,1494369903096268,8
tf_policy_elo_current_rule_continuation_g141_g150_2026-09-02,accepted/classic-random-8x8.jsonl#d1ac1d7aa73e1cbf21112ad7,classic-random-8x8,classic,random-start,8x8,tf:141,tf:144,true,p1,accepted,,1494365420,1494369903096270,10
tf_policy_elo_current_rule_continuation_g141_g150_2026-09-02,accepted/classic-random-8x8.jsonl#0f7567fffa508ae3f2dacfce,classic-random-8x8,classic,random-start,8x8,tf:141,tf:147,true,p2,accepted,,795423270,795425656269810,0
tf_policy_elo_current_rule_continuation_g141_g150_2026-09-02,accepted/classic-random-8x8.jsonl#b0e82c2c0f5b66f4c51080dd,classic-random-8x8,classic,random-start,8x8,tf:141,tf:147,true,p1,accepted,,795423270,795425656269812,2
tf_policy_elo_current_rule_continuation_g141_g150_2026-09-02,accepted/classic-random-8x8.jsonl#6d3782d2f1a8e3ebef0c706a,classic-random-8x8,classic,random-start,8x8,tf:141,tf:147,true,p1,accepted,,795423270,795425656269814,4
tf_policy_elo_current_rule_continuation_g141_g150_2026-09-02,accepted/classic-random-8x8.jsonl#d44e7454ad51812c7b47e002,classic-random-8x8,classic,random-start,8x8,tf:141,tf:147,true,p1,accepted,,795423270,795425656269816,6
tf_policy_elo_current_rule_continuation_g141_g150_2026-09-02,accepted/classic-random-8x8.jsonl#c504ce9f4776730f7aed3339,classic-random-8x8,classic,random-start,8x8,tf:141,tf:147,true,p1,accepted,,795423270,795425656269818,8
tf_policy_elo_current_rule_continuation_g141_g150_2026-09-02,accepted/classic-random-8x8.jsonl#8751fbcb2f2cccd413fcf7b0,classic-random-8x8,classic,random-start,8x8,tf:141,tf:147,true,p2,accepted,,795423270,795425656269820,10
tf_policy_elo_current_rule_continuation_g141_g150_2026-09-02,accepted/classic-random-8x8.jsonl#1889cda27c7a3b236d313f0e,classic-random-8x8,classic,random-start,8x8,tf:142,tf:136,false,p2,accepted,,1735978872,1735984079936617,1
tf_policy_elo_current_rule_continuation_g141_g150_2026-09-02,accepted/classic-random-8x8.jsonl#387904508126c87fd438901d,classic-random-8x8,classic,random-start,8x8,tf:142,tf:136,false,p2,accepted,,1735978872,1735984079936619,3
tf_policy_elo_current_rule_continuation_g141_g150_2026-09-02,accepted/classic-random-8x8.jsonl#b6934219701d6c22e2d574ec,classic-random-8x8,classic,random-start,8x8,tf:142,tf:136,false,p1,accepted,,1735978872,1735984079936621,5
tf_policy_elo_current_rule_continuation_g141_g150_2026-09-02,accepted/classic-random-8x8.jsonl#d59f3598e9fc6ac235a846ab,classic-random-8x8,classic,random-start,8x8,tf:142,tf:136,false,p2,accepted,,1735978872,1735984079936623,7
tf_policy_elo_current_rule_continuation_g141_g150_2026-09-02,accepted/classic-random-8x8.jsonl#47830ae6c2ca43d1bb8ae531,classic-random-8x8,classic,random-start,8x8,tf:142,tf:136,false,p1,accepted,,1735978872,1735984079936625,9
tf_policy_elo_current_rule_continuation_g141_g150_2026-09-02,accepted/classic-random-8x8.jsonl#e916c6930ccf7766e3247833,classic-random-8x8,classic,random-start,8x8,tf:142,tf:136,false,p2,accepted,,1735978872,1735984079936627,11
tf_policy_elo_current_rule_continuation_g141_g150_2026-09-02,accepted/classic-random-8x8.jsonl#7e4ff23f3273cf1ef403848c,classic-random-8x8,classic,random-start,8x8,tf:142,tf:139,false,p1,accepted,,198604384,198604979813153,1
tf_policy_elo_current_rule_continuation_g141_g150_2026-09-02,accepted/classic-random-8x8.jsonl#1ef8cbaf2d2f8e03db8b3dbe,classic-random-8x8,classic,random-start,8x8,tf:142,tf:139,false,p1,accepted,,198604384,198604979813155,3
tf_policy_elo_current_rule_continuation_g141_g150_2026-09-02,accepted/classic-random-8x8.jsonl#d8a65d0015898e004b738dba,classic-random-8x8,classic,random-start,8x8,tf:142,tf:139,false,p1,accepted,,198604384,198604979813157,5
tf_policy_elo_current_rule_continuation_g141_g150_2026-09-02,accepted/classic-random-8x8.jsonl#d0c1da7284c4ed9310640448,classic-random-8x8,classic,random-start,8x8,tf:142,tf:139,false,p1,accepted,,198604384,198604979813159,7
tf_policy_elo_current_rule_continuation_g141_g150_2026-09-02,accepted/classic-random-8x8.jsonl#e548476cad31805cbe981d0c,classic-random-8x8,classic,random-start,8x8,tf:142,tf:139,false,p1,accepted,,198604384,198604979813161,9
tf_policy_elo_current_rule_continuation_g141_g150_2026-09-02,accepted/classic-random-8x8.jsonl#09858be5a5d3cdadb7976029,classic-random-8x8,classic,random-start,8x8,tf:142,tf:139,false,p1,accepted,,198604384,198604979813163,11
tf_policy_elo_current_rule_continuation_g141_g150_2026-09-02,accepted/classic-random-8x8.jsonl#f2d936faf5202510856d900a,classic-random-8x8,classic,random-start,8x8,tf:142,tf:141,false,p1,accepted,,857908558,857911131725675,1
tf_policy_elo_current_rule_continuation_g141_g150_2026-09-02,accepted/classic-random-8x8.jsonl#34c42115b23c015133765168,classic-random-8x8,classic,random-start,8x8,tf:142,tf:141,false,p1,accepted,,857908558,857911131725677,3
tf_policy_elo_current_rule_continuation_g141_g150_2026-09-02,accepted/classic-random-8x8.jsonl#a41bc677d5df506348960381,classic-random-8x8,classic,random-start,8x8,tf:142,tf:141,false,p1,accepted,,857908558,857911131725679,5
tf_policy_elo_current_rule_continuation_g141_g150_2026-09-02,accepted/classic-random-8x8.jsonl#b2a29f632738e02604013cf3,classic-random-8x8,classic,random-start,8x8,tf:142,tf:141,false,p1,accepted,,857908558,857911131725681,7
tf_policy_elo_current_rule_continuation_g141_g150_2026-09-02,accepted/classic-random-8x8.jsonl#34c60a684f740b5eea749101,classic-random-8x8,classic,random-start,8x8,tf:142,tf:141,false,p1,accepted,,857908558,857911131725683,9
tf_policy_elo_current_rule_continuation_g141_g150_2026-09-02,accepted/classic-random-8x8.jsonl#c20693bc4cf13be802126136,classic-random-8x8,classic,random-start,8x8,tf:142,tf:141,false,p1,accepted,,857908558,857911131725685,11
tf_policy_elo_current_rule_continuation_g141_g150_2026-09-02,accepted/classic-random-8x8.jsonl#530af8cd11db2130c5f29049,classic-random-8x8,classic,random-start,8x8,tf:142,tf:143,true,p1,accepted,,1107691544,1107694867074632,0
tf_policy_elo_current_rule_continuation_g141_g150_2026-09-02,accepted/classic-random-8x8.jsonl#aa7a4c62a9a129d85e085ea0,classic-random-8x8,classic,random-start,8x8,tf:142,tf:143,true,p1,accepted,,1107691544,1107694867074634,2
tf_policy_elo_current_rule_continuation_g141_g150_2026-09-02,accepted/classic-random-8x8.jsonl#ee1701180945e2c4028a846f,classic-random-8x8,classic,random-start,8x8,tf:142,tf:143,true,p1,accepted,,1107691544,1107694867074636,4
tf_policy_elo_current_rule_continuation_g141_g150_2026-09-02,accepted/classic-random-8x8.jsonl#28d97223e58b81e71c5c97db,classic-random-8x8,classic,random-start,8x8,tf:142,tf:143,true,p1,accepted,,1107691544,1107694867074638,6
tf_policy_elo_current_rule_continuation_g141_g150_2026-09-02,accepted/classic-random-8x8.jsonl#8913e325e73a2afe4d3c1258,classic-random-8x8,classic,random-start,8x8,tf:142,tf:143,true,p2,accepted,,1107691544,1107694867074640,8
tf_policy_elo_current_rule_continuation_g141_g150_2026-09-02,accepted/classic-random-8x8.jsonl#34285e5350a7d3cb1013be21,classic-random-8x8,classic,random-start,8x8,tf:142,tf:143,true,p1,accepted,,1107691544,1107694867074642,10
tf_policy_elo_current_rule_continuation_g141_g150_2026-09-02,accepted/classic-random-8x8.jsonl#9b4dc9d583c414ef0f986cd7,classic-random-8x8,classic,random-start,8x8,tf:142,tf:145,true,p2,accepted,,1231942438,1231946133827314,0
tf_policy_elo_current_rule_continuation_g141_g150_2026-09-02,accepted/classic-random-8x8.jsonl#effacdf695808b3b922edbd4,classic-random-8x8,classic,random-start,8x8,tf:142,tf:145,true,p2,accepted,,1231942438,1231946133827316,2
tf_policy_elo_current_rule_continuation_g141_g150_2026-09-02,accepted/classic-random-8x8.jsonl#5d25a5c0f690baca54741544,classic-random-8x8,classic,random-start,8x8,tf:142,tf:145,true,p1,accepted,,1231942438,1231946133827318,4
tf_policy_elo_current_rule_continuation_g141_g150_2026-09-02,accepted/classic-random-8x8.jsonl#2c2e0495256676d4852b90ba,classic-random-8x8,classic,random-start,8x8,tf:142,tf:145,true,p1,accepted,,1231942438,1231946133827320,6
tf_policy_elo_current_rule_continuation_g141_g150_2026-09-02,accepted/classic-random-8x8.jsonl#4d329e82c6fee0b10343efd9,classic-random-8x8,classic,random-start,8x8,tf:142,tf:145,true,p1,accepted,,1231942438,1231946133827322,8
tf_policy_elo_current_rule_continuation_g141_g150_2026-09-02,accepted/classic-random-8x8.jsonl#47595b711345481020035f38,classic-random-8x8,classic,random-start,8x8,tf:142,tf:145,true,p2,accepted,,1231942438,1231946133827324,10
tf_policy_elo_current_rule_continuation_g141_g150_2026-09-02,accepted/classic-random-8x8.jsonl#ea05b17eff8d5a3d0e1578a7,classic-random-8x8,classic,random-start,8x8,tf:142,tf:148,true,p1,accepted,,949401427,949404275204281,0
tf_policy_elo_current_rule_continuation_g141_g150_2026-09-02,accepted/classic-random-8x8.jsonl#947e76848b71c281abb41658,classic-random-8x8,classic,random-start,8x8,tf:142,tf:148,true,p1,accepted,,949401427,949404275204283,2
tf_policy_elo_current_rule_continuation_g141_g150_2026-09-02,accepted/classic-random-8x8.jsonl#a6031710964005dddb36dbcf,classic-random-8x8,classic,random-start,8x8,tf:142,tf:148,true,p1,accepted,,949401427,949404275204285,4
tf_policy_elo_current_rule_continuation_g141_g150_2026-09-02,accepted/classic-random-8x8.jsonl#a6ddd0151431f50e47fa7fb3,classic-random-8x8,classic,random-start,8x8,tf:142,tf:148,true,p2,accepted,,949401427,949404275204287,6
tf_policy_elo_current_rule_continuation_g141_g150_2026-09-02,accepted/classic-random-8x8.jsonl#eb4c5fe9f13e60bfe19e1abc,classic-random-8x8,classic,random-start,8x8,tf:142,tf:148,true,p2,accepted,,949401427,949404275204289,8
tf_policy_elo_current_rule_continuation_g141_g150_2026-09-02,accepted/classic-random-8x8.jsonl#dd52cd321ff8d1ac4417de88,classic-random-8x8,classic,random-start,8x8,tf:142,tf:148,true,p1,accepted,,949401427,949404275204291,10
tf_policy_elo_current_rule_continuation_g141_g150_2026-09-02,accepted/classic-random-8x8.jsonl#8c00a2884bcf545dc75a1f92,classic-random-8x8,classic,random-start,8x8,tf:143,tf:137,false,p2,accepted,,2057213766,2057219937641299,1
tf_policy_elo_current_rule_continuation_g141_g150_2026-09-02,accepted/classic-random-8x8.jsonl#a2b67ecf6e06c53ee06e0d8a,classic-random-8x8,classic,random-start,8x8,tf:143,tf:137,false,p1,accepted,,2057213766,2057219937641301,3
tf_policy_elo_current_rule_continuation_g141_g150_2026-09-02,accepted/classic-random-8x8.jsonl#f05b200c971c2f0e5a4cfb38,classic-random-8x8,classic,random-start,8x8,tf:143,tf:137,false,p1,accepted,,2057213766,2057219937641303,5
tf_policy_elo_current_rule_continuation_g141_g150_2026-09-02,accepted/classic-random-8x8.jsonl#3561dfe196d7a1b7cc482ecf,classic-random-8x8,classic,random-start,8x8,tf:143,tf:137,false,p2,accepted,,2057213766,2057219937641305,7
tf_policy_elo_current_rule_continuation_g141_g150_2026-09-02,accepted/classic-random-8x8.jsonl#b72cf61631d6459e31cfb9fe,classic-random-8x8,classic,random-start,8x8,tf:143,tf:137,false,p1,accepted,,2057213766,2057219937641307,9
tf_policy_elo_current_rule_continuation_g141_g150_2026-09-02,accepted/classic-random-8x8.jsonl#54a50dea4431263317f3cec0,classic-random-8x8,classic,random-start,8x8,tf:143,tf:137,false,p2,accepted,,2057213766,2057219937641309,11
tf_policy_elo_current_rule_continuation_g141_g150_2026-09-02,accepted/classic-random-8x8.jsonl#2b498934cf984057e4baaa9e,classic-random-8x8,classic,random-start,8x8,tf:143,tf:140,false,p2,accepted,,1300996955,1301000857990866,1
tf_policy_elo_current_rule_continuation_g141_g150_2026-09-02,accepted/classic-random-8x8.jsonl#91c5befb33cebed69c281228,classic-random-8x8,classic,random-start,8x8,tf:143,tf:140,false,p1,accepted,,1300996955,1301000857990868,3
tf_policy_elo_current_rule_continuation_g141_g150_2026-09-02,accepted/classic-random-8x8.jsonl#734be68685724086da55ec0e,classic-random-8x8,classic,random-start,8x8,tf:143,tf:140,false,p1,accepted,,1300996955,1301000857990870,5
tf_policy_elo_current_rule_continuation_g141_g150_2026-09-02,accepted/classic-random-8x8.jsonl#5e8d631c9944c3e5078dc253,classic-random-8x8,classic,random-start,8x8,tf:143,tf:140,false,p2,accepted,,1300996955,1301000857990872,7
tf_policy_elo_current_rule_continuation_g141_g150_2026-09-02,accepted/classic-random-8x8.jsonl#f22589d27fe8853adb4f8af9,classic-random-8x8,classic,random-start,8x8,tf:143,tf:140,false,p2,accepted,,1300996955,1301000857990874,9
tf_policy_elo_current_rule_continuation_g141_g150_2026-09-02,accepted/classic-random-8x8.jsonl#00d3b53abb5b0f83b4144212,classic-random-8x8,classic,random-start,8x8,tf:143,tf:140,false,p1,accepted,,1300996955,1301000857990876,11
tf_policy_elo_current_rule_continuation_g141_g150_2026-09-02,accepted/classic-random-8x8.jsonl#01041492b56f2b4375d92ac1,classic-random-8x8,classic,random-start,8x8,tf:143,tf:142,false,p1,accepted,,1107691544,1107694867074633,1
tf_policy_elo_current_rule_continuation_g141_g150_2026-09-02,accepted/classic-random-8x8.jsonl#7bb815736ba7d499f0b9db03,classic-random-8x8,classic,random-start,8x8,tf:143,tf:142,false,p2,accepted,,1107691544,1107694867074635,3
tf_policy_elo_current_rule_continuation_g141_g150_2026-09-02,accepted/classic-random-8x8.jsonl#c2d5ca44d405e8118f11419d,classic-random-8x8,classic,random-start,8x8,tf:143,tf:142,false,p1,accepted,,1107691544,1107694867074637,5
tf_policy_elo_current_rule_continuation_g141_g150_2026-09-02,accepted/classic-random-8x8.jsonl#f8662cd3a48405873c5a2177,classic-random-8x8,classic,random-start,8x8,tf:143,tf:142,false,p1,accepted,,1107691544,1107694867074639,7
tf_policy_elo_current_rule_continuation_g141_g150_2026-09-02,accepted/classic-random-8x8.jsonl#eff266b08d41f84d0439c26a,classic-random-8x8,classic,random-start,8x8,tf:143,tf:142,false,p1,accepted,,1107691544,1107694867074641,9
tf_policy_elo_current_rule_continuation_g141_g150_2026-09-02,accepted/classic-random-8x8.jsonl#5e946125b762e44e17a4043a,classic-random-8x8,classic,random-start,8x8,tf:143,tf:142,false,p1,accepted,,1107691544,1107694867074643,11
tf_policy_elo_current_rule_continuation_g141_g150_2026-09-02,accepted/classic-random-8x8.jsonl#eeb89e2e2645d00ffc5a1d31,classic-random-8x8,classic,random-start,8x8,tf:143,tf:144,true,p2,accepted,,1745416978,1745422214250934,0
tf_policy_elo_current_rule_continuation_g141_g150_2026-09-02,accepted/classic-random-8x8.jsonl#2cfd779360f1dabc4b3e4687,classic-random-8x8,classic,random-start,8x8,tf:143,tf:144,true,p2,accepted,,1745416978,1745422214250936,2
tf_policy_elo_current_rule_continuation_g141_g150_2026-09-02,accepted/classic-random-8x8.jsonl#6421a2e09395f5260bbf28b1,classic-random-8x8,classic,random-start,8x8,tf:143,tf:144,true,p2,accepted,,1745416978,1745422214250938,4
tf_policy_elo_current_rule_continuation_g141_g150_2026-09-02,accepted/classic-random-8x8.jsonl#b96445cd8dce8d38542cfc5b,classic-random-8x8,classic,random-start,8x8,tf:143,tf:144,true,p2,accepted,,1745416978,1745422214250940,6
tf_policy_elo_current_rule_continuation_g141_g150_2026-09-02,accepted/classic-random-8x8.jsonl#df1e9f54a1d7a422b771cbd6,classic-random-8x8,classic,random-start,8x8,tf:143,tf:144,true,p1,accepted,,1745416978,1745422214250942,8
tf_policy_elo_current_rule_continuation_g141_g150_2026-09-02,accepted/classic-random-8x8.jsonl#992d7ef6257e4affe911c781,classic-random-8x8,classic,random-start,8x8,tf:143,tf:144,true,p2,accepted,,1745416978,1745422214250944,10
tf_policy_elo_current_rule_continuation_g141_g150_2026-09-02,accepted/classic-random-8x8.jsonl#b0d70506818f3c96010d943e,classic-random-8x8,classic,random-start,8x8,tf:143,tf:146,true,p2,accepted,,1092319299,1092322575957897,0
tf_policy_elo_current_rule_continuation_g141_g150_2026-09-02,accepted/classic-random-8x8.jsonl#2c200242edc438ceea5b5074,classic-random-8x8,classic,random-start,8x8,tf:143,tf:146,true,p2,accepted,,1092319299,1092322575957899,2
tf_policy_elo_current_rule_continuation_g141_g150_2026-09-02,accepted/classic-random-8x8.jsonl#b885b82b583d28b3a1f5fabd,classic-random-8x8,classic,random-start,8x8,tf:143,tf:146,true,p1,accepted,,1092319299,1092322575957901,4
tf_policy_elo_current_rule_continuation_g141_g150_2026-09-02,accepted/classic-random-8x8.jsonl#f1c9191ba06c434b2735e69e,classic-random-8x8,classic,random-start,8x8,tf:143,tf:146,true,p2,accepted,,1092319299,1092322575957903,6
tf_policy_elo_current_rule_continuation_g141_g150_2026-09-02,accepted/classic-random-8x8.jsonl#b9cf4c9cebe79509abc8aa13,classic-random-8x8,classic,random-start,8x8,tf:143,tf:146,true,p2,accepted,,1092319299,1092322575957905,8
tf_policy_elo_current_rule_continuation_g141_g150_2026-09-02,accepted/classic-random-8x8.jsonl#5414ba709d92159cf402e4ab,classic-random-8x8,classic,random-start,8x8,tf:143,tf:146,true,p1,accepted,,1092319299,1092322575957907,10
tf_policy_elo_current_rule_continuation_g141_g150_2026-09-02,accepted/classic-random-8x8.jsonl#22fa0b94f218d1d8b6070532,classic-random-8x8,classic,random-start,8x8,tf:143,tf:149,true,p1,accepted,,207462313,207462935386939,0
tf_policy_elo_current_rule_continuation_g141_g150_2026-09-02,accepted/classic-random-8x8.jsonl#0b02da48d0ffa7cc5809ea8f,classic-random-8x8,classic,random-start,8x8,tf:143,tf:149,true,p2,accepted,,207462313,207462935386941,2
tf_policy_elo_current_rule_continuation_g141_g150_2026-09-02,accepted/classic-random-8x8.jsonl#9d7264016523e58fb48c4160,classic-random-8x8,classic,random-start,8x8,tf:143,tf:149,true,p1,accepted,,207462313,207462935386943,4
tf_policy_elo_current_rule_continuation_g141_g150_2026-09-02,accepted/classic-random-8x8.jsonl#df48818cacb8372578c1cbfb,classic-random-8x8,classic,random-start,8x8,tf:143,tf:149,true,p2,accepted,,207462313,207462935386945,6
tf_policy_elo_current_rule_continuation_g141_g150_2026-09-02,accepted/classic-random-8x8.jsonl#ac23b36aa4f7ac59ff28751f,classic-random-8x8,classic,random-start,8x8,tf:143,tf:149,true,p1,accepted,,207462313,207462935386947,8
tf_policy_elo_current_rule_continuation_g141_g150_2026-09-02,accepted/classic-random-8x8.jsonl#51782969484b110b73413dbf,classic-random-8x8,classic,random-start,8x8,tf:143,tf:149,true,p1,accepted,,207462313,207462935386949,10
tf_policy_elo_current_rule_continuation_g141_g150_2026-09-02,accepted/classic-random-8x8.jsonl#bb6dcdc1cface6eb2e3c74b0,classic-random-8x8,classic,random-start,8x8,tf:144,tf:138,false,p1,accepted,,223141192,223141861423577,1
tf_policy_elo_current_rule_continuation_g141_g150_2026-09-02,accepted/classic-random-8x8.jsonl#53a5b9293c7e68cccd376c42,classic-random-8x8,classic,random-start,8x8,tf:144,tf:138,false,p1,accepted,,223141192,223141861423579,3
tf_policy_elo_current_rule_continuation_g141_g150_2026-09-02,accepted/classic-random-8x8.jsonl#bf210f47ff5ce6a5690c91fc,classic-random-8x8,classic,random-start,8x8,tf:144,tf:138,false,p1,accepted,,223141192,223141861423581,5
tf_policy_elo_current_rule_continuation_g141_g150_2026-09-02,accepted/classic-random-8x8.jsonl#c43711e0f4261082d4499d76,classic-random-8x8,classic,random-start,8x8,tf:144,tf:138,false,p1,accepted,,223141192,223141861423583,7
tf_policy_elo_current_rule_continuation_g141_g150_2026-09-02,accepted/classic-random-8x8.jsonl#2bdc38bd555b5247724eee3d,classic-random-8x8,classic,random-start,8x8,tf:144,tf:138,false,p2,accepted,,223141192,223141861423585,9
tf_policy_elo_current_rule_continuation_g141_g150_2026-09-02,accepted/classic-random-8x8.jsonl#4965f9954aa969580826a08f,classic-random-8x8,classic,random-start,8x8,tf:144,tf:138,false,p1,accepted,,223141192,223141861423587,11
tf_policy_elo_current_rule_continuation_g141_g150_2026-09-02,accepted/classic-random-8x8.jsonl#6f0b599a62b01d3644dcfd01,classic-random-8x8,classic,random-start,8x8,tf:144,tf:141,false,p1,accepted,,1494365420,1494369903096261,1
tf_policy_elo_current_rule_continuation_g141_g150_2026-09-02,accepted/classic-random-8x8.jsonl#27596f72565624cf9b1eb304,classic-random-8x8,classic,random-start,8x8,tf:144,tf:141,false,p1,accepted,,1494365420,1494369903096263,3
tf_policy_elo_current_rule_continuation_g141_g150_2026-09-02,accepted/classic-random-8x8.jsonl#bdd501f10d2d201b9bc71d35,classic-random-8x8,classic,random-start,8x8,tf:144,tf:141,false,p1,accepted,,1494365420,1494369903096265,5
tf_policy_elo_current_rule_continuation_g141_g150_2026-09-02,accepted/classic-random-8x8.jsonl#cb0ef9f5f77016b122bf0ca5,classic-random-8x8,classic,random-start,8x8,tf:144,tf:141,false,p1,accepted,,1494365420,1494369903096267,7
tf_policy_elo_current_rule_continuation_g141_g150_2026-09-02,accepted/classic-random-8x8.jsonl#2617c8b6b48b96a8544d476f,classic-random-8x8,classic,random-start,8x8,tf:144,tf:141,false,p1,accepted,,1494365420,1494369903096269,9
tf_policy_elo_current_rule_continuation_g141_g150_2026-09-02,accepted/classic-random-8x8.jsonl#34778d1dee959397369c5947,classic-random-8x8,classic,random-start,8x8,tf:144,tf:141,false,p1,accepted,,1494365420,1494369903096271,11
tf_policy_elo_current_rule_continuation_g141_g150_2026-09-02,accepted/classic-random-8x8.jsonl#89660c0f43aee31550f25a1b,classic-random-8x8,classic,random-start,8x8,tf:144,tf:143,false,p1,accepted,,1745416978,1745422214250935,1
tf_policy_elo_current_rule_continuation_g141_g150_2026-09-02,accepted/classic-random-8x8.jsonl#8d69a71d578145ca8d3ee3ef,classic-random-8x8,classic,random-start,8x8,tf:144,tf:143,false,p1,accepted,,1745416978,1745422214250937,3
tf_policy_elo_current_rule_continuation_g141_g150_2026-09-02,accepted/classic-random-8x8.jsonl#b480f9b55ca36f077aac5a11,classic-random-8x8,classic,random-start,8x8,tf:144,tf:143,false,p1,accepted,,1745416978,1745422214250939,5
tf_policy_elo_current_rule_continuation_g141_g150_2026-09-02,accepted/classic-random-8x8.jsonl#d45bc8020bede0e43dcd232a,classic-random-8x8,classic,random-start,8x8,tf:144,tf:143,false,p1,accepted,,1745416978,1745422214250941,7
tf_policy_elo_current_rule_continuation_g141_g150_2026-09-02,accepted/classic-random-8x8.jsonl#c01f5c25a9dad3cac3d55a39,classic-random-8x8,classic,random-start,8x8,tf:144,tf:143,false,p2,accepted,,1745416978,1745422214250943,9
tf_policy_elo_current_rule_continuation_g141_g150_2026-09-02,accepted/classic-random-8x8.jsonl#f8bda22c6536ec83113fb991,classic-random-8x8,classic,random-start,8x8,tf:144,tf:143,false,p1,accepted,,1745416978,1745422214250945,11
tf_policy_elo_current_rule_continuation_g141_g150_2026-09-02,accepted/classic-random-8x8.jsonl#cf37eda8069b49e640f54aa2,classic-random-8x8,classic,random-start,8x8,tf:144,tf:145,true,p1,accepted,,1943610860,1943616690832580,0
tf_policy_elo_current_rule_continuation_g141_g150_2026-09-02,accepted/classic-random-8x8.jsonl#02983fd189b4b37f4a47647f,classic-random-8x8,classic,random-start,8x8,tf:144,tf:145,true,p1,accepted,,1943610860,1943616690832582,2
tf_policy_elo_current_rule_continuation_g141_g150_2026-09-02,accepted/classic-random-8x8.jsonl#7e1531b2b2ef90d95f5b8a35,classic-random-8x8,classic,random-start,8x8,tf:144,tf:145,true,p1,accepted,,1943610860,1943616690832584,4
tf_policy_elo_current_rule_continuation_g141_g150_2026-09-02,accepted/classic-random-8x8.jsonl#5bc331fbc0a4c528b2681b39,classic-random-8x8,classic,random-start,8x8,tf:144,tf:145,true,p1,accepted,,1943610860,1943616690832586,6
tf_policy_elo_current_rule_continuation_g141_g150_2026-09-02,accepted/classic-random-8x8.jsonl#b7208c5dcb927a5f67ce8aab,classic-random-8x8,classic,random-start,8x8,tf:144,tf:145,true,p1,accepted,,1943610860,1943616690832588,8
tf_policy_elo_current_rule_continuation_g141_g150_2026-09-02,accepted/classic-random-8x8.jsonl#dfc515b53e770b1a095872f9,classic-random-8x8,classic,random-start,8x8,tf:144,tf:145,true,p2,accepted,,1943610860,1943616690832590,10
tf_policy_elo_current_rule_continuation_g141_g150_2026-09-02,accepted/classic-random-8x8.jsonl#ecdde9ae7778845972651640,classic-random-8x8,classic,random-start,8x8,tf:144,tf:147,true,p1,accepted,,1286242632,1286246490727896,0
tf_policy_elo_current_rule_continuation_g141_g150_2026-09-02,accepted/classic-random-8x8.jsonl#d78b8945a1ceea6dd74cb6da,classic-random-8x8,classic,random-start,8x8,tf:144,tf:147,true,p1,accepted,,1286242632,1286246490727898,2
tf_policy_elo_current_rule_continuation_g141_g150_2026-09-02,accepted/classic-random-8x8.jsonl#c215ee5fb2a833945fffba49,classic-random-8x8,classic,random-start,8x8,tf:144,tf:147,true,p1,accepted,,1286242632,1286246490727900,4
tf_policy_elo_current_rule_continuation_g141_g150_2026-09-02,accepted/classic-random-8x8.jsonl#d44626adf41613331b9f84cb,classic-random-8x8,classic,random-start,8x8,tf:144,tf:147,true,p1,accepted,,1286242632,1286246490727902,6
tf_policy_elo_current_rule_continuation_g141_g150_2026-09-02,accepted/classic-random-8x8.jsonl#279cd2b653786bceac9eaeb2,classic-random-8x8,classic,random-start,8x8,tf:144,tf:147,true,p1,accepted,,1286242632,1286246490727904,8
tf_policy_elo_current_rule_continuation_g141_g150_2026-09-02,accepted/classic-random-8x8.jsonl#96a2b280aa24c969958f27b8,classic-random-8x8,classic,random-start,8x8,tf:144,tf:147,true,p1,accepted,,1286242632,1286246490727906,10
tf_policy_elo_current_rule_continuation_g141_g150_2026-09-02,accepted/classic-random-8x8.jsonl#9585a1b143066245ed153a08,classic-random-8x8,classic,random-start,8x8,tf:144,tf:150,true,p1,accepted,,2020879957,2020886019639871,0
tf_policy_elo_current_rule_continuation_g141_g150_2026-09-02,accepted/classic-random-8x8.jsonl#2b7eeb5693ea2349619b3a77,classic-random-8x8,classic,random-start,8x8,tf:144,tf:150,true,p1,accepted,,2020879957,2020886019639873,2
tf_policy_elo_current_rule_continuation_g141_g150_2026-09-02,accepted/classic-random-8x8.jsonl#42d14d0aeda4332a4bce0ab4,classic-random-8x8,classic,random-start,8x8,tf:144,tf:150,true,p1,accepted,,2020879957,2020886019639875,4
tf_policy_elo_current_rule_continuation_g141_g150_2026-09-02,accepted/classic-random-8x8.jsonl#668e85a087387ea5bb7d9cc7,classic-random-8x8,classic,random-start,8x8,tf:144,tf:150,true,p2,accepted,,2020879957,2020886019639877,6
tf_policy_elo_current_rule_continuation_g141_g150_2026-09-02,accepted/classic-random-8x8.jsonl#53094dd5bc81b880080ff1b4,classic-random-8x8,classic,random-start,8x8,tf:144,tf:150,true,p2,accepted,,2020879957,2020886019639879,8
tf_policy_elo_current_rule_continuation_g141_g150_2026-09-02,accepted/classic-random-8x8.jsonl#86c0a57c7f2918ba082caf3c,classic-random-8x8,classic,random-start,8x8,tf:144,tf:150,true,p1,accepted,,2020879957,2020886019639881,10
tf_policy_elo_current_rule_continuation_g141_g150_2026-09-02,accepted/classic-random-8x8.jsonl#98bf325e2631211c739b514e,classic-random-8x8,classic,random-start,8x8,tf:145,tf:139,false,p1,accepted,,1039220028,1039223145660085,1
tf_policy_elo_current_rule_continuation_g141_g150_2026-09-02,accepted/classic-random-8x8.jsonl#8878b3a2b6f76cd7bcc29eca,classic-random-8x8,classic,random-start,8x8,tf:145,tf:139,false,p2,accepted,,1039220028,1039223145660087,3
tf_policy_elo_current_rule_continuation_g141_g150_2026-09-02,accepted/classic-random-8x8.jsonl#986f01db4dedaa3864561be8,classic-random-8x8,classic,random-start,8x8,tf:145,tf:139,false,p2,accepted,,1039220028,1039223145660089,5
tf_policy_elo_current_rule_continuation_g141_g150_2026-09-02,accepted/classic-random-8x8.jsonl#ca8ee2082ab2de30f985b983,classic-random-8x8,classic,random-start,8x8,tf:145,tf:139,false,p1,accepted,,1039220028,1039223145660091,7
tf_policy_elo_current_rule_continuation_g141_g150_2026-09-02,accepted/classic-random-8x8.jsonl#5fc954687d9d21f2951ab98c,classic-random-8x8,classic,random-start,8x8,tf:145,tf:139,false,p1,accepted,,1039220028,1039223145660093,9
tf_policy_elo_current_rule_continuation_g141_g150_2026-09-02,accepted/classic-random-8x8.jsonl#5464c753ecc94a47b3e7b8af,classic-random-8x8,classic,random-start,8x8,tf:145,tf:139,false,p1,accepted,,1039220028,1039223145660095,11
tf_policy_elo_current_rule_continuation_g141_g150_2026-09-02,accepted/classic-random-8x8.jsonl#bc71ddb1c801aa1634d1cb82,classic-random-8x8,classic,random-start,8x8,tf:145,tf:142,false,p1,accepted,,1231942438,1231946133827315,1
tf_policy_elo_current_rule_continuation_g141_g150_2026-09-02,accepted/classic-random-8x8.jsonl#717f582f8c8c9b2c81905254,classic-random-8x8,classic,random-start,8x8,tf:145,tf:142,false,p1,accepted,,1231942438,1231946133827317,3
tf_policy_elo_current_rule_continuation_g141_g150_2026-09-02,accepted/classic-random-8x8.jsonl#b77f4cb741385725c3eef069,classic-random-8x8,classic,random-start,8x8,tf:145,tf:142,false,p2,accepted,,1231942438,1231946133827319,5
tf_policy_elo_current_rule_continuation_g141_g150_2026-09-02,accepted/classic-random-8x8.jsonl#b25d605064f9fa587f3733c8,classic-random-8x8,classic,random-start,8x8,tf:145,tf:142,false,p1,accepted,,1231942438,1231946133827321,7
tf_policy_elo_current_rule_continuation_g141_g150_2026-09-02,accepted/classic-random-8x8.jsonl#34ef65c3aa94ad3d2bc2946d,classic-random-8x8,classic,random-start,8x8,tf:145,tf:142,false,p1,accepted,,1231942438,1231946133827323,9
tf_policy_elo_current_rule_continuation_g141_g150_2026-09-02,accepted/classic-random-8x8.jsonl#0032f2022119311dd8202812,classic-random-8x8,classic,random-start,8x8,tf:145,tf:142,false,p2,accepted,,1231942438,1231946133827325,11
tf_policy_elo_current_rule_continuation_g141_g150_2026-09-02,accepted/classic-random-8x8.jsonl#3bcb6aa9c57e596d02bac7d0,classic-random-8x8,classic,random-start,8x8,tf:145,tf:144,false,p1,accepted,,1943610860,1943616690832581,1
tf_policy_elo_current_rule_continuation_g141_g150_2026-09-02,accepted/classic-random-8x8.jsonl#1df424190d7d64daa8b74325,classic-random-8x8,classic,random-start,8x8,tf:145,tf:144,false,p1,accepted,,1943610860,1943616690832583,3
tf_policy_elo_current_rule_continuation_g141_g150_2026-09-02,accepted/classic-random-8x8.jsonl#28a8b457f68c3bd38f127a05,classic-random-8x8,classic,random-start,8x8,tf:145,tf:144,false,p1,accepted,,1943610860,1943616690832585,5
tf_policy_elo_current_rule_continuation_g141_g150_2026-09-02,accepted/classic-random-8x8.jsonl#bb9e9a6fc36babb04343c067,classic-random-8x8,classic,random-start,8x8,tf:145,tf:144,false,p2,accepted,,1943610860,1943616690832587,7
tf_policy_elo_current_rule_continuation_g141_g150_2026-09-02,accepted/classic-random-8x8.jsonl#5bb76fbd1366c0ca3a45791b,classic-random-8x8,classic,random-start,8x8,tf:145,tf:144,false,p1,accepted,,1943610860,1943616690832589,9
tf_policy_elo_current_rule_continuation_g141_g150_2026-09-02,accepted/classic-random-8x8.jsonl#be5658e24250b61ff820c7b5,classic-random-8x8,classic,random-start,8x8,tf:145,tf:144,false,p1,accepted,,1943610860,1943616690832591,11
tf_policy_elo_current_rule_continuation_g141_g150_2026-09-02,accepted/classic-random-8x8.jsonl#d22e6e6ac0da6b00b6bdaf70,classic-random-8x8,classic,random-start,8x8,tf:145,tf:146,true,p2,accepted,,487351924,487353386055772,0
tf_policy_elo_current_rule_continuation_g141_g150_2026-09-02,accepted/classic-random-8x8.jsonl#e6f047a4eab0d862b7852a73,classic-random-8x8,classic,random-start,8x8,tf:145,tf:146,true,p1,accepted,,487351924,487353386055774,2
tf_policy_elo_current_rule_continuation_g141_g150_2026-09-02,accepted/classic-random-8x8.jsonl#ab5065b0227f777ee943cdd3,classic-random-8x8,classic,random-start,8x8,tf:145,tf:146,true,p1,accepted,,487351924,487353386055776,4
tf_policy_elo_current_rule_continuation_g141_g150_2026-09-02,accepted/classic-random-8x8.jsonl#150d3a308c40191216b27419,classic-random-8x8,classic,random-start,8x8,tf:145,tf:146,true,p1,accepted,,487351924,487353386055778,6
tf_policy_elo_current_rule_continuation_g141_g150_2026-09-02,accepted/classic-random-8x8.jsonl#6df401a67fc6b9e2ae70450f,classic-random-8x8,classic,random-start,8x8,tf:145,tf:146,true,p2,accepted,,487351924,487353386055780,8
tf_policy_elo_current_rule_continuation_g141_g150_2026-09-02,accepted/classic-random-8x8.jsonl#5e39a0f8fa085430cbe8f761,classic-random-8x8,classic,random-start,8x8,tf:145,tf:146,true,p1,accepted,,487351924,487353386055782,10
tf_policy_elo_current_rule_continuation_g141_g150_2026-09-02,accepted/classic-random-8x8.jsonl#cc8aed3ca6336905d9610509,classic-random-8x8,classic,random-start,8x8,tf:145,tf:148,true,p1,accepted,,2066930419,2066936619791257,0
tf_policy_elo_current_rule_continuation_g141_g150_2026-09-02,accepted/classic-random-8x8.jsonl#986c88aa37a9ce65d65d7c35,classic-random-8x8,classic,random-start,8x8,tf:145,tf:148,true,p1,accepted,,2066930419,2066936619791259,2
tf_policy_elo_current_rule_continuation_g141_g150_2026-09-02,accepted/classic-random-8x8.jsonl#5b939d6135b0edabd9c7a04f,classic-random-8x8,classic,random-start,8x8,tf:145,tf:148,true,p2,accepted,,2066930419,2066936619791261,4
tf_policy_elo_current_rule_continuation_g141_g150_2026-09-02,accepted/classic-random-8x8.jsonl#2695429917b2e1a5f2702c44,classic-random-8x8,classic,random-start,8x8,tf:145,tf:148,true,p1,accepted,,2066930419,2066936619791263,6
tf_policy_elo_current_rule_continuation_g141_g150_2026-09-02,accepted/classic-random-8x8.jsonl#46e57591ce888f686fb7d4e5,classic-random-8x8,classic,random-start,8x8,tf:145,tf:148,true,p1,accepted,,2066930419,2066936619791265,8
tf_policy_elo_current_rule_continuation_g141_g150_2026-09-02,accepted/classic-random-8x8.jsonl#2d41ceba7dca001ee420ad1f,classic-random-8x8,classic,random-start,8x8,tf:145,tf:148,true,p1,accepted,,2066930419,2066936619791267,10
tf_policy_elo_current_rule_continuation_g141_g150_2026-09-02,accepted/classic-random-8x8.jsonl#607d893adb0fc98585f0ee35,classic-random-8x8,classic,random-start,8x8,tf:146,tf:140,false,p1,accepted,,281261683,281262526785050,1
tf_policy_elo_current_rule_continuation_g141_g150_2026-09-02,accepted/classic-random-8x8.jsonl#bd1d6f347ed3b53999555545,classic-random-8x8,classic,random-start,8x8,tf:146,tf:140,false,p2,accepted,,281261683,281262526785052,3
tf_policy_elo_current_rule_continuation_g141_g150_2026-09-02,accepted/classic-random-8x8.jsonl#13f0ea941d80d28b20991fec,classic-random-8x8,classic,random-start,8x8,tf:146,tf:140,false,p2,accepted,,281261683,281262526785054,5
tf_policy_elo_current_rule_continuation_g141_g150_2026-09-02,accepted/classic-random-8x8.jsonl#929db110900676432aa6d5e6,classic-random-8x8,classic,random-start,8x8,tf:146,tf:140,false,p1,accepted,,281261683,281262526785056,7
tf_policy_elo_current_rule_continuation_g141_g150_2026-09-02,accepted/classic-random-8x8.jsonl#3312ec5dee07eb32b29a8c22,classic-random-8x8,classic,random-start,8x8,tf:146,tf:140,false,p1,accepted,,281261683,281262526785058,9
tf_policy_elo_current_rule_continuation_g141_g150_2026-09-02,accepted/classic-random-8x8.jsonl#8f22f6462ad3b5c3dc13a895,classic-random-8x8,classic,random-start,8x8,tf:146,tf:140,false,p1,accepted,,281261683,281262526785060,11
tf_policy_elo_current_rule_continuation_g141_g150_2026-09-02,accepted/classic-random-8x8.jsonl#43075e54ebbc05ee40268589,classic-random-8x8,classic,random-start,8x8,tf:146,tf:143,false,p1,accepted,,1092319299,1092322575957898,1
tf_policy_elo_current_rule_continuation_g141_g150_2026-09-02,accepted/classic-random-8x8.jsonl#e33ea177f4a4cbe068453356,classic-random-8x8,classic,random-start,8x8,tf:146,tf:143,false,p1,accepted,,1092319299,1092322575957900,3
tf_policy_elo_current_rule_continuation_g141_g150_2026-09-02,accepted/classic-random-8x8.jsonl#2011371f49cf7d84d5235361,classic-random-8x8,classic,random-start,8x8,tf:146,tf:143,false,p1,accepted,,1092319299,1092322575957902,5
tf_policy_elo_current_rule_continuation_g141_g150_2026-09-02,accepted/classic-random-8x8.jsonl#da15fece195c4a51cd3082ea,classic-random-8x8,classic,random-start,8x8,tf:146,tf:143,false,p1,accepted,,1092319299,1092322575957904,7
tf_policy_elo_current_rule_continuation_g141_g150_2026-09-02,accepted/classic-random-8x8.jsonl#b518f03fd64b69ff4dce45e6,classic-random-8x8,classic,random-start,8x8,tf:146,tf:143,false,p2,accepted,,1092319299,1092322575957906,9
tf_policy_elo_current_rule_continuation_g141_g150_2026-09-02,accepted/classic-random-8x8.jsonl#a5d2d5e219bb23e1957cad2b,classic-random-8x8,classic,random-start,8x8,tf:146,tf:143,false,p1,accepted,,1092319299,1092322575957908,11
tf_policy_elo_current_rule_continuation_g141_g150_2026-09-02,accepted/classic-random-8x8.jsonl#46256feae3670933cf0fb31a,classic-random-8x8,classic,random-start,8x8,tf:146,tf:145,false,p2,accepted,,487351924,487353386055773,1
tf_policy_elo_current_rule_continuation_g141_g150_2026-09-02,accepted/classic-random-8x8.jsonl#7a435279680ddfe6455a64b6,classic-random-8x8,classic,random-start,8x8,tf:146,tf:145,false,p2,accepted,,487351924,487353386055775,3
tf_policy_elo_current_rule_continuation_g141_g150_2026-09-02,accepted/classic-random-8x8.jsonl#dbfbd33578247bde1e548793,classic-random-8x8,classic,random-start,8x8,tf:146,tf:145,false,p1,accepted,,487351924,487353386055777,5
tf_policy_elo_current_rule_continuation_g141_g150_2026-09-02,accepted/classic-random-8x8.jsonl#6fc48b1997201c8af092c962,classic-random-8x8,classic,random-start,8x8,tf:146,tf:145,false,p1,accepted,,487351924,487353386055779,7
tf_policy_elo_current_rule_continuation_g141_g150_2026-09-02,accepted/classic-random-8x8.jsonl#eb37ebff04195e6d070707f7,classic-random-8x8,classic,random-start,8x8,tf:146,tf:145,false,p2,accepted,,487351924,487353386055781,9
tf_policy_elo_current_rule_continuation_g141_g150_2026-09-02,accepted/classic-random-8x8.jsonl#c2025dbf082f23dd2105e959,classic-random-8x8,classic,random-start,8x8,tf:146,tf:145,false,p1,accepted,,487351924,487353386055783,11
tf_policy_elo_current_rule_continuation_g141_g150_2026-09-02,accepted/classic-random-8x8.jsonl#5a085022a1378fe4482189b3,classic-random-8x8,classic,random-start,8x8,tf:146,tf:147,true,p2,accepted,,1219754489,1219758148263467,0
tf_policy_elo_current_rule_continuation_g141_g150_2026-09-02,accepted/classic-random-8x8.jsonl#1a46e0899db513c421a56d07,classic-random-8x8,classic,random-start,8x8,tf:146,tf:147,true,p1,accepted,,1219754489,1219758148263469,2
tf_policy_elo_current_rule_continuation_g141_g150_2026-09-02,accepted/classic-random-8x8.jsonl#14a5dcc27c9dda70e8267177,classic-random-8x8,classic,random-start,8x8,tf:146,tf:147,true,p1,accepted,,1219754489,1219758148263471,4
tf_policy_elo_current_rule_continuation_g141_g150_2026-09-02,accepted/classic-random-8x8.jsonl#f63fb679498ffd3f56bb45aa,classic-random-8x8,classic,random-start,8x8,tf:146,tf:147,true,p1,accepted,,1219754489,1219758148263473,6
tf_policy_elo_current_rule_continuation_g141_g150_2026-09-02,accepted/classic-random-8x8.jsonl#dffa560be2a3c9e3b1e98a0b,classic-random-8x8,classic,random-start,8x8,tf:146,tf:147,true,p1,accepted,,1219754489,1219758148263475,8
tf_policy_elo_current_rule_continuation_g141_g150_2026-09-02,accepted/classic-random-8x8.jsonl#95f2a316d749a013007c9255,classic-random-8x8,classic,random-start,8x8,tf:146,tf:147,true,p1,accepted,,1219754489,1219758148263477,10
tf_policy_elo_current_rule_continuation_g141_g150_2026-09-02,accepted/classic-random-8x8.jsonl#cf1ef4ec3057c704f9cecbf6,classic-random-8x8,classic,random-start,8x8,tf:146,tf:149,true,p1,accepted,,4096358,4096370289074,0
tf_policy_elo_current_rule_continuation_g141_g150_2026-09-02,accepted/classic-random-8x8.jsonl#3c8d4dff9081dc8af88a8255,classic-random-8x8,classic,random-start,8x8,tf:146,tf:149,true,p2,accepted,,4096358,4096370289076,2
tf_policy_elo_current_rule_continuation_g141_g150_2026-09-02,accepted/classic-random-8x8.jsonl#429b50924aef906af5ec1d1e,classic-random-8x8,classic,random-start,8x8,tf:146,tf:149,true,p2,accepted,,4096358,4096370289078,4
tf_policy_elo_current_rule_continuation_g141_g150_2026-09-02,accepted/classic-random-8x8.jsonl#9959244587bfb134f3cd9d8f,classic-random-8x8,classic,random-start,8x8,tf:146,tf:149,true,p1,accepted,,4096358,4096370289080,6
tf_policy_elo_current_rule_continuation_g141_g150_2026-09-02,accepted/classic-random-8x8.jsonl#a036a5f79f868c964009c619,classic-random-8x8,classic,random-start,8x8,tf:146,tf:149,true,p2,accepted,,4096358,4096370289082,8
tf_policy_elo_current_rule_continuation_g141_g150_2026-09-02,accepted/classic-random-8x8.jsonl#a2702d08abe8d14eaa15a782,classic-random-8x8,classic,random-start,8x8,tf:146,tf:149,true,p2,accepted,,4096358,4096370289084,10
tf_policy_elo_current_rule_continuation_g141_g150_2026-09-02,accepted/classic-random-8x8.jsonl#5f0728282ceb187fa44255e3,classic-random-8x8,classic,random-start,8x8,tf:147,tf:141,false,p1,accepted,,795423270,795425656269811,1
tf_policy_elo_current_rule_continuation_g141_g150_2026-09-02,accepted/classic-random-8x8.jsonl#50ba493360eef26a9bcfcb08,classic-random-8x8,classic,random-start,8x8,tf:147,tf:141,false,p1,accepted,,795423270,795425656269813,3
tf_policy_elo_current_rule_continuation_g141_g150_2026-09-02,accepted/classic-random-8x8.jsonl#efdd49b2c292389e6451f22a,classic-random-8x8,classic,random-start,8x8,tf:147,tf:141,false,p1,accepted,,795423270,795425656269815,5
tf_policy_elo_current_rule_continuation_g141_g150_2026-09-02,accepted/classic-random-8x8.jsonl#5c3a453ba5ad1fb1eeb25453,classic-random-8x8,classic,random-start,8x8,tf:147,tf:141,false,p2,accepted,,795423270,795425656269817,7
tf_policy_elo_current_rule_continuation_g141_g150_2026-09-02,accepted/classic-random-8x8.jsonl#d7f5467c160045eb50573385,classic-random-8x8,classic,random-start,8x8,tf:147,tf:141,false,p1,accepted,,795423270,795425656269819,9
tf_policy_elo_current_rule_continuation_g141_g150_2026-09-02,accepted/classic-random-8x8.jsonl#b36215bf1b5b31f7f9aeecd7,classic-random-8x8,classic,random-start,8x8,tf:147,tf:141,false,p1,accepted,,795423270,795425656269821,11
tf_policy_elo_current_rule_continuation_g141_g150_2026-09-02,accepted/classic-random-8x8.jsonl#ad0b149765d24b9726f4c211,classic-random-8x8,classic,random-start,8x8,tf:147,tf:144,false,p2,accepted,,1286242632,1286246490727897,1
tf_policy_elo_current_rule_continuation_g141_g150_2026-09-02,accepted/classic-random-8x8.jsonl#4ae926eea53041112e7e50aa,classic-random-8x8,classic,random-start,8x8,tf:147,tf:144,false,p2,accepted,,1286242632,1286246490727899,3
tf_policy_elo_current_rule_continuation_g141_g150_2026-09-02,accepted/classic-random-8x8.jsonl#d4e026a0a7002df9b5338d78,classic-random-8x8,classic,random-start,8x8,tf:147,tf:144,false,p2,accepted,,1286242632,1286246490727901,5
tf_policy_elo_current_rule_continuation_g141_g150_2026-09-02,accepted/classic-random-8x8.jsonl#9eaaa28bebf44ce33c186270,classic-random-8x8,classic,random-start,8x8,tf:147,tf:144,false,p1,accepted,,1286242632,1286246490727903,7
tf_policy_elo_current_rule_continuation_g141_g150_2026-09-02,accepted/classic-random-8x8.jsonl#15be714d13978706bdcf382c,classic-random-8x8,classic,random-start,8x8,tf:147,tf:144,false,p1,accepted,,1286242632,1286246490727905,9
tf_policy_elo_current_rule_continuation_g141_g150_2026-09-02,accepted/classic-random-8x8.jsonl#48d5b3c6da5137f60b6671e2,classic-random-8x8,classic,random-start,8x8,tf:147,tf:144,false,p1,accepted,,1286242632,1286246490727907,11
tf_policy_elo_current_rule_continuation_g141_g150_2026-09-02,accepted/classic-random-8x8.jsonl#b5f9ef20ca5b5fa922d58b0c,classic-random-8x8,classic,random-start,8x8,tf:147,tf:146,false,p1,accepted,,1219754489,1219758148263468,1
tf_policy_elo_current_rule_continuation_g141_g150_2026-09-02,accepted/classic-random-8x8.jsonl#9802aa4e6411f8878aa87f2e,classic-random-8x8,classic,random-start,8x8,tf:147,tf:146,false,p1,accepted,,1219754489,1219758148263470,3
tf_policy_elo_current_rule_continuation_g141_g150_2026-09-02,accepted/classic-random-8x8.jsonl#321edba1dfcb102963c91f69,classic-random-8x8,classic,random-start,8x8,tf:147,tf:146,false,p2,accepted,,1219754489,1219758148263472,5
tf_policy_elo_current_rule_continuation_g141_g150_2026-09-02,accepted/classic-random-8x8.jsonl#09be73170482022487398eaa,classic-random-8x8,classic,random-start,8x8,tf:147,tf:146,false,p1,accepted,,1219754489,1219758148263474,7
tf_policy_elo_current_rule_continuation_g141_g150_2026-09-02,accepted/classic-random-8x8.jsonl#c3d4d5ea32971dd47fd48511,classic-random-8x8,classic,random-start,8x8,tf:147,tf:146,false,p1,accepted,,1219754489,1219758148263476,9
tf_policy_elo_current_rule_continuation_g141_g150_2026-09-02,accepted/classic-random-8x8.jsonl#351bc21b341ab3f84ac18552,classic-random-8x8,classic,random-start,8x8,tf:147,tf:146,false,p2,accepted,,1219754489,1219758148263478,11
tf_policy_elo_current_rule_continuation_g141_g150_2026-09-02,accepted/classic-random-8x8.jsonl#7bad23c2f7c0333749439cac,classic-random-8x8,classic,random-start,8x8,tf:147,tf:148,true,p2,accepted,,1016084774,1016087822254322,0
tf_policy_elo_current_rule_continuation_g141_g150_2026-09-02,accepted/classic-random-8x8.jsonl#a68363efba86d3cce11e97f1,classic-random-8x8,classic,random-start,8x8,tf:147,tf:148,true,p2,accepted,,1016084774,1016087822254324,2
tf_policy_elo_current_rule_continuation_g141_g150_2026-09-02,accepted/classic-random-8x8.jsonl#ce452f14536295a182920366,classic-random-8x8,classic,random-start,8x8,tf:147,tf:148,true,p2,accepted,,1016084774,1016087822254326,4
tf_policy_elo_current_rule_continuation_g141_g150_2026-09-02,accepted/classic-random-8x8.jsonl#8bdec4a45df176cf8f457ba3,classic-random-8x8,classic,random-start,8x8,tf:147,tf:148,true,p2,accepted,,1016084774,1016087822254328,6
tf_policy_elo_current_rule_continuation_g141_g150_2026-09-02,accepted/classic-random-8x8.jsonl#62a4f89f3fd90b12532f69d6,classic-random-8x8,classic,random-start,8x8,tf:147,tf:148,true,p1,accepted,,1016084774,1016087822254330,8
tf_policy_elo_current_rule_continuation_g141_g150_2026-09-02,accepted/classic-random-8x8.jsonl#0e668dcfe7d8de95ae646016,classic-random-8x8,classic,random-start,8x8,tf:147,tf:148,true,p1,accepted,,1016084774,1016087822254332,10
tf_policy_elo_current_rule_continuation_g141_g150_2026-09-02,accepted/classic-random-8x8.jsonl#d5533e36fe535e43c77096ae,classic-random-8x8,classic,random-start,8x8,tf:147,tf:150,true,p1,accepted,,287210722,287211583632166,0
tf_policy_elo_current_rule_continuation_g141_g150_2026-09-02,accepted/classic-random-8x8.jsonl#508966d7602aa06cf90b3003,classic-random-8x8,classic,random-start,8x8,tf:147,tf:150,true,p1,accepted,,287210722,287211583632168,2
tf_policy_elo_current_rule_continuation_g141_g150_2026-09-02,accepted/classic-random-8x8.jsonl#68a15a1bac124bf5e03d2003,classic-random-8x8,classic,random-start,8x8,tf:147,tf:150,true,p2,accepted,,287210722,287211583632170,4
tf_policy_elo_current_rule_continuation_g141_g150_2026-09-02,accepted/classic-random-8x8.jsonl#de8432b9a4656454fdf3dbbc,classic-random-8x8,classic,random-start,8x8,tf:147,tf:150,true,p1,accepted,,287210722,287211583632172,6
tf_policy_elo_current_rule_continuation_g141_g150_2026-09-02,accepted/classic-random-8x8.jsonl#b94c8782a781105184d37b93,classic-random-8x8,classic,random-start,8x8,tf:147,tf:150,true,p2,accepted,,287210722,287211583632174,8
tf_policy_elo_current_rule_continuation_g141_g150_2026-09-02,accepted/classic-random-8x8.jsonl#4a57a15ea0368244c22c5df0,classic-random-8x8,classic,random-start,8x8,tf:147,tf:150,true,p1,accepted,,287210722,287211583632176,10
tf_policy_elo_current_rule_continuation_g141_g150_2026-09-02,accepted/classic-random-8x8.jsonl#1310a0b6f22748df33ee44e2,classic-random-8x8,classic,random-start,8x8,tf:148,tf:142,false,p1,accepted,,949401427,949404275204282,1
tf_policy_elo_current_rule_continuation_g141_g150_2026-09-02,accepted/classic-random-8x8.jsonl#d8a8c30c9a1e777d6170ad71,classic-random-8x8,classic,random-start,8x8,tf:148,tf:142,false,p1,accepted,,949401427,949404275204284,3
tf_policy_elo_current_rule_continuation_g141_g150_2026-09-02,accepted/classic-random-8x8.jsonl#742778598f79f3eaeb1d2adf,classic-random-8x8,classic,random-start,8x8,tf:148,tf:142,false,p1,accepted,,949401427,949404275204286,5
tf_policy_elo_current_rule_continuation_g141_g150_2026-09-02,accepted/classic-random-8x8.jsonl#ca338488af33a72e72a3dc85,classic-random-8x8,classic,random-start,8x8,tf:148,tf:142,false,p1,accepted,,949401427,949404275204288,7
tf_policy_elo_current_rule_continuation_g141_g150_2026-09-02,accepted/classic-random-8x8.jsonl#907ed3b036de8e121a090ade,classic-random-8x8,classic,random-start,8x8,tf:148,tf:142,false,p2,accepted,,949401427,949404275204290,9
tf_policy_elo_current_rule_continuation_g141_g150_2026-09-02,accepted/classic-random-8x8.jsonl#763c00eab7026592b2773ac5,classic-random-8x8,classic,random-start,8x8,tf:148,tf:142,false,p1,accepted,,949401427,949404275204292,11
tf_policy_elo_current_rule_continuation_g141_g150_2026-09-02,accepted/classic-random-8x8.jsonl#2809856586845afe8b2604a9,classic-random-8x8,classic,random-start,8x8,tf:148,tf:145,false,p1,accepted,,2066930419,2066936619791258,1
tf_policy_elo_current_rule_continuation_g141_g150_2026-09-02,accepted/classic-random-8x8.jsonl#6788e0440d693e91bc1148e5,classic-random-8x8,classic,random-start,8x8,tf:148,tf:145,false,p2,accepted,,2066930419,2066936619791260,3
tf_policy_elo_current_rule_continuation_g141_g150_2026-09-02,accepted/classic-random-8x8.jsonl#5cf8c65212ac5388aed6de43,classic-random-8x8,classic,random-start,8x8,tf:148,tf:145,false,p1,accepted,,2066930419,2066936619791262,5
tf_policy_elo_current_rule_continuation_g141_g150_2026-09-02,accepted/classic-random-8x8.jsonl#8c7ee3f5ead7d356b914e5c3,classic-random-8x8,classic,random-start,8x8,tf:148,tf:145,false,p1,accepted,,2066930419,2066936619791264,7
tf_policy_elo_current_rule_continuation_g141_g150_2026-09-02,accepted/classic-random-8x8.jsonl#fc265ff38bd265c740fabf49,classic-random-8x8,classic,random-start,8x8,tf:148,tf:145,false,p1,accepted,,2066930419,2066936619791266,9
tf_policy_elo_current_rule_continuation_g141_g150_2026-09-02,accepted/classic-random-8x8.jsonl#b42c9aec4599a4003d08830e,classic-random-8x8,classic,random-start,8x8,tf:148,tf:145,false,p1,accepted,,2066930419,2066936619791268,11
tf_policy_elo_current_rule_continuation_g141_g150_2026-09-02,accepted/classic-random-8x8.jsonl#c4bc1165c42c99b02bc47d8a,classic-random-8x8,classic,random-start,8x8,tf:148,tf:147,false,p2,accepted,,1016084774,1016087822254323,1
tf_policy_elo_current_rule_continuation_g141_g150_2026-09-02,accepted/classic-random-8x8.jsonl#6a6e88c64cb58fb92f248091,classic-random-8x8,classic,random-start,8x8,tf:148,tf:147,false,p2,accepted,,1016084774,1016087822254325,3
tf_policy_elo_current_rule_continuation_g141_g150_2026-09-02,accepted/classic-random-8x8.jsonl#f67cb14eb0fdffddd96e5567,classic-random-8x8,classic,random-start,8x8,tf:148,tf:147,false,p2,accepted,,1016084774,1016087822254327,5
tf_policy_elo_current_rule_continuation_g141_g150_2026-09-02,accepted/classic-random-8x8.jsonl#6e482a00b72ef4514321a140,classic-random-8x8,classic,random-start,8x8,tf:148,tf:147,false,p2,accepted,,1016084774,1016087822254329,7
tf_policy_elo_current_rule_continuation_g141_g150_2026-09-02,accepted/classic-random-8x8.jsonl#2cc0d19134aa6e7910628774,classic-random-8x8,classic,random-start,8x8,tf:148,tf:147,false,p2,accepted,,1016084774,1016087822254331,9
tf_policy_elo_current_rule_continuation_g141_g150_2026-09-02,accepted/classic-random-8x8.jsonl#8e54dedc947cc3f9d6d4a67a,classic-random-8x8,classic,random-start,8x8,tf:148,tf:147,false,p1,accepted,,1016084774,1016087822254333,11
tf_policy_elo_current_rule_continuation_g141_g150_2026-09-02,accepted/classic-random-8x8.jsonl#a9240c4e0ddbef26895f4de0,classic-random-8x8,classic,random-start,8x8,tf:148,tf:149,true,p1,accepted,,426180287,426181565540861,0
tf_policy_elo_current_rule_continuation_g141_g150_2026-09-02,accepted/classic-random-8x8.jsonl#07b2187c6b8759016fc98ca6,classic-random-8x8,classic,random-start,8x8,tf:148,tf:149,true,p2,accepted,,426180287,426181565540863,2
tf_policy_elo_current_rule_continuation_g141_g150_2026-09-02,accepted/classic-random-8x8.jsonl#469217b0cb3116278c78677c,classic-random-8x8,classic,random-start,8x8,tf:148,tf:149,true,p2,accepted,,426180287,426181565540865,4
tf_policy_elo_current_rule_continuation_g141_g150_2026-09-02,accepted/classic-random-8x8.jsonl#230e9b5f933b2606c585f032,classic-random-8x8,classic,random-start,8x8,tf:148,tf:149,true,p1,accepted,,426180287,426181565540867,6
tf_policy_elo_current_rule_continuation_g141_g150_2026-09-02,accepted/classic-random-8x8.jsonl#e65fc330dbdce7164a2f28bf,classic-random-8x8,classic,random-start,8x8,tf:148,tf:149,true,p1,accepted,,426180287,426181565540869,8
tf_policy_elo_current_rule_continuation_g141_g150_2026-09-02,accepted/classic-random-8x8.jsonl#aa9af928e15f750f4905cfcd,classic-random-8x8,classic,random-start,8x8,tf:148,tf:149,true,p2,accepted,,426180287,426181565540871,10
tf_policy_elo_current_rule_continuation_g141_g150_2026-09-02,accepted/classic-random-8x8.jsonl#09b0c52a11c92223c1d0ad34,classic-random-8x8,classic,random-start,8x8,tf:149,tf:143,false,p1,accepted,,207462313,207462935386940,1
tf_policy_elo_current_rule_continuation_g141_g150_2026-09-02,accepted/classic-random-8x8.jsonl#512b459b64acf5be53ce9c52,classic-random-8x8,classic,random-start,8x8,tf:149,tf:143,false,p2,accepted,,207462313,207462935386942,3
tf_policy_elo_current_rule_continuation_g141_g150_2026-09-02,accepted/classic-random-8x8.jsonl#d8c6e97e4d0ec6245b6b3007,classic-random-8x8,classic,random-start,8x8,tf:149,tf:143,false,p2,accepted,,207462313,207462935386944,5
tf_policy_elo_current_rule_continuation_g141_g150_2026-09-02,accepted/classic-random-8x8.jsonl#0819458425a17466c393cf2d,classic-random-8x8,classic,random-start,8x8,tf:149,tf:143,false,p1,accepted,,207462313,207462935386946,7
tf_policy_elo_current_rule_continuation_g141_g150_2026-09-02,accepted/classic-random-8x8.jsonl#f8a38cc63480050d7a73ff90,classic-random-8x8,classic,random-start,8x8,tf:149,tf:143,false,p1,accepted,,207462313,207462935386948,9
tf_policy_elo_current_rule_continuation_g141_g150_2026-09-02,accepted/classic-random-8x8.jsonl#a3328596bfec1cebfc4f4959,classic-random-8x8,classic,random-start,8x8,tf:149,tf:143,false,p2,accepted,,207462313,207462935386950,11
tf_policy_elo_current_rule_continuation_g141_g150_2026-09-02,accepted/classic-random-8x8.jsonl#4524e263701db23947eb2df7,classic-random-8x8,classic,random-start,8x8,tf:149,tf:146,false,p1,accepted,,4096358,4096370289075,1
tf_policy_elo_current_rule_continuation_g141_g150_2026-09-02,accepted/classic-random-8x8.jsonl#e0425bec693d7f72e9672629,classic-random-8x8,classic,random-start,8x8,tf:149,tf:146,false,p1,accepted,,4096358,4096370289077,3
tf_policy_elo_current_rule_continuation_g141_g150_2026-09-02,accepted/classic-random-8x8.jsonl#213289c9ff3b3ccbfbb4447e,classic-random-8x8,classic,random-start,8x8,tf:149,tf:146,false,p1,accepted,,4096358,4096370289079,5
tf_policy_elo_current_rule_continuation_g141_g150_2026-09-02,accepted/classic-random-8x8.jsonl#ffba831518aa06608ba5d4f1,classic-random-8x8,classic,random-start,8x8,tf:149,tf:146,false,p1,accepted,,4096358,4096370289081,7
tf_policy_elo_current_rule_continuation_g141_g150_2026-09-02,accepted/classic-random-8x8.jsonl#0c2eba0805f456cf81d43422,classic-random-8x8,classic,random-start,8x8,tf:149,tf:146,false,p1,accepted,,4096358,4096370289083,9
tf_policy_elo_current_rule_continuation_g141_g150_2026-09-02,accepted/classic-random-8x8.jsonl#bc5a8defa26191d149ad75f2,classic-random-8x8,classic,random-start,8x8,tf:149,tf:146,false,p1,accepted,,4096358,4096370289085,11
tf_policy_elo_current_rule_continuation_g141_g150_2026-09-02,accepted/classic-random-8x8.jsonl#bd0fc5af25e9115ec2649250,classic-random-8x8,classic,random-start,8x8,tf:149,tf:148,false,p2,accepted,,426180287,426181565540862,1
tf_policy_elo_current_rule_continuation_g141_g150_2026-09-02,accepted/classic-random-8x8.jsonl#89b665553e3bd013e8736eab,classic-random-8x8,classic,random-start,8x8,tf:149,tf:148,false,p1,accepted,,426180287,426181565540864,3
tf_policy_elo_current_rule_continuation_g141_g150_2026-09-02,accepted/classic-random-8x8.jsonl#12253f69b9dd3dd021847fe6,classic-random-8x8,classic,random-start,8x8,tf:149,tf:148,false,p1,accepted,,426180287,426181565540866,5
tf_policy_elo_current_rule_continuation_g141_g150_2026-09-02,accepted/classic-random-8x8.jsonl#8f6652830bb05b8f1725ab76,classic-random-8x8,classic,random-start,8x8,tf:149,tf:148,false,p1,accepted,,426180287,426181565540868,7
tf_policy_elo_current_rule_continuation_g141_g150_2026-09-02,accepted/classic-random-8x8.jsonl#2699aacc913d78ed31147800,classic-random-8x8,classic,random-start,8x8,tf:149,tf:148,false,p1,accepted,,426180287,426181565540870,9
tf_policy_elo_current_rule_continuation_g141_g150_2026-09-02,accepted/classic-random-8x8.jsonl#00c593dc9518d7dc6b14d46f,classic-random-8x8,classic,random-start,8x8,tf:149,tf:148,false,p1,accepted,,426180287,426181565540872,11
tf_policy_elo_current_rule_continuation_g141_g150_2026-09-02,accepted/classic-random-8x8.jsonl#8a5063b35a213506b4be0437,classic-random-8x8,classic,random-start,8x8,tf:149,tf:150,true,p1,accepted,,1394354519,1394358702063557,0
tf_policy_elo_current_rule_continuation_g141_g150_2026-09-02,accepted/classic-random-8x8.jsonl#00de1e9ffa7d68b030b5fd8d,classic-random-8x8,classic,random-start,8x8,tf:149,tf:150,true,p1,accepted,,1394354519,1394358702063559,2
tf_policy_elo_current_rule_continuation_g141_g150_2026-09-02,accepted/classic-random-8x8.jsonl#26ea57c8f0f605512aa1f488,classic-random-8x8,classic,random-start,8x8,tf:149,tf:150,true,p1,accepted,,1394354519,1394358702063561,4
tf_policy_elo_current_rule_continuation_g141_g150_2026-09-02,accepted/classic-random-8x8.jsonl#795abf74b16d1f548933dc7d,classic-random-8x8,classic,random-start,8x8,tf:149,tf:150,true,p1,accepted,,1394354519,1394358702063563,6
tf_policy_elo_current_rule_continuation_g141_g150_2026-09-02,accepted/classic-random-8x8.jsonl#491709ed534f6f934c53b70c,classic-random-8x8,classic,random-start,8x8,tf:149,tf:150,true,p1,accepted,,1394354519,1394358702063565,8
tf_policy_elo_current_rule_continuation_g141_g150_2026-09-02,accepted/classic-random-8x8.jsonl#7a78e19171966c52199baff5,classic-random-8x8,classic,random-start,8x8,tf:149,tf:150,true,p2,accepted,,1394354519,1394358702063567,10
tf_policy_elo_current_rule_continuation_g141_g150_2026-09-02,accepted/classic-random-8x8.jsonl#030a948c45f1a7d470a1e5a5,classic-random-8x8,classic,random-start,8x8,tf:150,tf:144,false,p1,accepted,,2020879957,2020886019639872,1
tf_policy_elo_current_rule_continuation_g141_g150_2026-09-02,accepted/classic-random-8x8.jsonl#c43392ca68140dfed9f4abf1,classic-random-8x8,classic,random-start,8x8,tf:150,tf:144,false,p1,accepted,,2020879957,2020886019639874,3
tf_policy_elo_current_rule_continuation_g141_g150_2026-09-02,accepted/classic-random-8x8.jsonl#2298e2df774b2865bb5cbddb,classic-random-8x8,classic,random-start,8x8,tf:150,tf:144,false,p1,accepted,,2020879957,2020886019639876,5
tf_policy_elo_current_rule_continuation_g141_g150_2026-09-02,accepted/classic-random-8x8.jsonl#cdd1792dc4aa61b522db151a,classic-random-8x8,classic,random-start,8x8,tf:150,tf:144,false,p1,accepted,,2020879957,2020886019639878,7
tf_policy_elo_current_rule_continuation_g141_g150_2026-09-02,accepted/classic-random-8x8.jsonl#0d3ae2420eacae2a684b7d01,classic-random-8x8,classic,random-start,8x8,tf:150,tf:144,false,p1,accepted,,2020879957,2020886019639880,9
tf_policy_elo_current_rule_continuation_g141_g150_2026-09-02,accepted/classic-random-8x8.jsonl#c5094ea00e9d18dbf5db72b6,classic-random-8x8,classic,random-start,8x8,tf:150,tf:144,false,p2,accepted,,2020879957,2020886019639882,11
tf_policy_elo_current_rule_continuation_g141_g150_2026-09-02,accepted/classic-random-8x8.jsonl#c40fd92412e448197000b34a,classic-random-8x8,classic,random-start,8x8,tf:150,tf:147,false,p1,accepted,,287210722,287211583632167,1
tf_policy_elo_current_rule_continuation_g141_g150_2026-09-02,accepted/classic-random-8x8.jsonl#85ad20bd9ecfe1480f2012b7,classic-random-8x8,classic,random-start,8x8,tf:150,tf:147,false,p1,accepted,,287210722,287211583632169,3
tf_policy_elo_current_rule_continuation_g141_g150_2026-09-02,accepted/classic-random-8x8.jsonl#a0965c9f34fc0a4998e91fd0,classic-random-8x8,classic,random-start,8x8,tf:150,tf:147,false,p1,accepted,,287210722,287211583632171,5
tf_policy_elo_current_rule_continuation_g141_g150_2026-09-02,accepted/classic-random-8x8.jsonl#61290abbbabd13ad93298328,classic-random-8x8,classic,random-start,8x8,tf:150,tf:147,false,p2,accepted,,287210722,287211583632173,7
tf_policy_elo_current_rule_continuation_g141_g150_2026-09-02,accepted/classic-random-8x8.jsonl#93fef4a53e59aaafffa6f8a6,classic-random-8x8,classic,random-start,8x8,tf:150,tf:147,false,p1,accepted,,287210722,287211583632175,9
tf_policy_elo_current_rule_continuation_g141_g150_2026-09-02,accepted/classic-random-8x8.jsonl#c407aeece3e715a587a9314d,classic-random-8x8,classic,random-start,8x8,tf:150,tf:147,false,p2,accepted,,287210722,287211583632177,11
tf_policy_elo_current_rule_continuation_g141_g150_2026-09-02,accepted/classic-random-8x8.jsonl#7385f6e78898c2ab147c8a1e,classic-random-8x8,classic,random-start,8x8,tf:150,tf:149,false,p2,accepted,,1394354519,1394358702063558,1
tf_policy_elo_current_rule_continuation_g141_g150_2026-09-02,accepted/classic-random-8x8.jsonl#c30ddbe042442070afdadb5b,classic-random-8x8,classic,random-start,8x8,tf:150,tf:149,false,p2,accepted,,1394354519,1394358702063560,3
tf_policy_elo_current_rule_continuation_g141_g150_2026-09-02,accepted/classic-random-8x8.jsonl#405ae58a6a39403760384b55,classic-random-8x8,classic,random-start,8x8,tf:150,tf:149,false,p2,accepted,,1394354519,1394358702063562,5
tf_policy_elo_current_rule_continuation_g141_g150_2026-09-02,accepted/classic-random-8x8.jsonl#d7ac6705269e86e2e752723c,classic-random-8x8,classic,random-start,8x8,tf:150,tf:149,false,p2,accepted,,1394354519,1394358702063564,7
tf_policy_elo_current_rule_continuation_g141_g150_2026-09-02,accepted/classic-random-8x8.jsonl#a5c43ae420a0d5a4c2ca4f73,classic-random-8x8,classic,random-start,8x8,tf:150,tf:149,false,p1,accepted,,1394354519,1394358702063566,9
tf_policy_elo_current_rule_continuation_g141_g150_2026-09-02,accepted/classic-random-8x8.jsonl#caad8e9d349efa28d4e62217,classic-random-8x8,classic,random-start,8x8,tf:150,tf:149,false,p1,accepted,,1394354519,1394358702063568,11
tf_policy_elo_current_rule_continuation_g141_g150_2026-09-02,accepted/standard-fixed-12x10.jsonl#1c16e0cf08b555c1bbd333cc,standard-fixed-12x10,standard,fixed,12x10,tf:135,tf:141,true,p1,accepted,,425596132,425597408788396,0
tf_policy_elo_current_rule_continuation_g141_g150_2026-09-02,accepted/standard-fixed-12x10.jsonl#dc3abe25d373e43a2efe5405,standard-fixed-12x10,standard,fixed,12x10,tf:136,tf:142,true,p1,accepted,,2034911282,2034917386733846,0
tf_policy_elo_current_rule_continuation_g141_g150_2026-09-02,accepted/standard-fixed-12x10.jsonl#3b55164b38f6df685328732e,standard-fixed-12x10,standard,fixed,12x10,tf:137,tf:143,true,p1,accepted,,874070314,874072936210942,0
tf_policy_elo_current_rule_continuation_g141_g150_2026-09-02,accepted/standard-fixed-12x10.jsonl#0c02012d0dbee7c73655a596,standard-fixed-12x10,standard,fixed,12x10,tf:138,tf:141,true,p1,accepted,,80002783,80003023008349,0
tf_policy_elo_current_rule_continuation_g141_g150_2026-09-02,accepted/standard-fixed-12x10.jsonl#331ce6a5d7f0236301efc5e6,standard-fixed-12x10,standard,fixed,12x10,tf:138,tf:144,true,p2,accepted,,1953501876,1953507736505628,0
tf_policy_elo_current_rule_continuation_g141_g150_2026-09-02,accepted/standard-fixed-12x10.jsonl#65c57fa6d70bf0b16ccbbf2b,standard-fixed-12x10,standard,fixed,12x10,tf:139,tf:142,true,p1,accepted,,460121672,460123052365016,0
tf_policy_elo_current_rule_continuation_g141_g150_2026-09-02,accepted/standard-fixed-12x10.jsonl#10fd3274e71fcb5f99ebe227,standard-fixed-12x10,standard,fixed,12x10,tf:139,tf:145,true,p1,accepted,,642045145,642047071135435,0
tf_policy_elo_current_rule_continuation_g141_g150_2026-09-02,accepted/standard-fixed-12x10.jsonl#5d9e4f5a4905f67d4d053fdd,standard-fixed-12x10,standard,fixed,12x10,tf:140,tf:141,true,p1,accepted,,1434614029,1434618332842087,0
tf_policy_elo_current_rule_continuation_g141_g150_2026-09-02,accepted/standard-fixed-12x10.jsonl#3d612a7bbd75bd3eb417af1f,standard-fixed-12x10,standard,fixed,12x10,tf:140,tf:143,true,p1,accepted,,1909606036,1909611764818108,0
tf_policy_elo_current_rule_continuation_g141_g150_2026-09-02,accepted/standard-fixed-12x10.jsonl#d4e2f96a606f8ecf634e277c,standard-fixed-12x10,standard,fixed,12x10,tf:140,tf:146,true,p2,accepted,,767687080,767689383061240,0
tf_policy_elo_current_rule_continuation_g141_g150_2026-09-02,accepted/standard-fixed-12x10.jsonl#9a0cee4fc345f5342ee659ee,standard-fixed-12x10,standard,fixed,12x10,tf:141,tf:135,false,p1,accepted,,425596132,425597408788397,1
tf_policy_elo_current_rule_continuation_g141_g150_2026-09-02,accepted/standard-fixed-12x10.jsonl#153cc587026af234d5390010,standard-fixed-12x10,standard,fixed,12x10,tf:141,tf:138,false,p1,accepted,,80002783,80003023008350,1
tf_policy_elo_current_rule_continuation_g141_g150_2026-09-02,accepted/standard-fixed-12x10.jsonl#638a4e325cae96a82eed7eaf,standard-fixed-12x10,standard,fixed,12x10,tf:141,tf:140,false,p2,accepted,,1434614029,1434618332842088,1
tf_policy_elo_current_rule_continuation_g141_g150_2026-09-02,accepted/standard-fixed-12x10.jsonl#9908da7e13c0dd2ee4cfb036,standard-fixed-12x10,standard,fixed,12x10,tf:141,tf:142,true,p1,accepted,,1658119130,1658124104357390,0
tf_policy_elo_current_rule_continuation_g141_g150_2026-09-02,accepted/standard-fixed-12x10.jsonl#db13a64e4b6e8c3045250266,standard-fixed-12x10,standard,fixed,12x10,tf:141,tf:144,true,p1,accepted,,527538673,527540255616019,0
tf_policy_elo_current_rule_continuation_g141_g150_2026-09-02,accepted/standard-fixed-12x10.jsonl#f6afb52a94ba50f408cd4629,standard-fixed-12x10,standard,fixed,12x10,tf:141,tf:147,true,p1,accepted,,735383689,735385895151067,0
tf_policy_elo_current_rule_continuation_g141_g150_2026-09-02,accepted/standard-fixed-12x10.jsonl#f3b724e92f8b3a847add91c4,standard-fixed-12x10,standard,fixed,12x10,tf:142,tf:136,false,p2,accepted,,2034911282,2034917386733847,1
tf_policy_elo_current_rule_continuation_g141_g150_2026-09-02,accepted/standard-fixed-12x10.jsonl#f252791a974c72f2a803cb1c,standard-fixed-12x10,standard,fixed,12x10,tf:142,tf:139,false,p1,accepted,,460121672,460123052365017,1
tf_policy_elo_current_rule_continuation_g141_g150_2026-09-02,accepted/standard-fixed-12x10.jsonl#ee075eab49ad69cf1cd40453,standard-fixed-12x10,standard,fixed,12x10,tf:142,tf:141,false,p1,accepted,,1658119130,1658124104357391,1
tf_policy_elo_current_rule_continuation_g141_g150_2026-09-02,accepted/standard-fixed-12x10.jsonl#7865dd3d20c2f1bdf824adaa,standard-fixed-12x10,standard,fixed,12x10,tf:142,tf:143,true,p1,accepted,,1875497134,1875502760491402,0
tf_policy_elo_current_rule_continuation_g141_g150_2026-09-02,accepted/standard-fixed-12x10.jsonl#ec093b0c841a1edaf4a28375,standard-fixed-12x10,standard,fixed,12x10,tf:142,tf:145,true,p1,accepted,,815697975,815700422093925,0
tf_policy_elo_current_rule_continuation_g141_g150_2026-09-02,accepted/standard-fixed-12x10.jsonl#03ab97ce47af8adc7b865908,standard-fixed-12x10,standard,fixed,12x10,tf:142,tf:148,true,p2,accepted,,849547477,849550025642431,0
tf_policy_elo_current_rule_continuation_g141_g150_2026-09-02,accepted/standard-fixed-12x10.jsonl#2071b7cb3a0c87a7c4693868,standard-fixed-12x10,standard,fixed,12x10,tf:143,tf:137,false,p2,accepted,,874070314,874072936210943,1
tf_policy_elo_current_rule_continuation_g141_g150_2026-09-02,accepted/standard-fixed-12x10.jsonl#69a6a38a5588404096ea0ecd,standard-fixed-12x10,standard,fixed,12x10,tf:143,tf:140,false,p1,accepted,,1909606036,1909611764818109,1
tf_policy_elo_current_rule_continuation_g141_g150_2026-09-02,accepted/standard-fixed-12x10.jsonl#2bbde218c9d430273e3c146e,standard-fixed-12x10,standard,fixed,12x10,tf:143,tf:142,false,p1,accepted,,1875497134,1875502760491403,1
tf_policy_elo_current_rule_continuation_g141_g150_2026-09-02,accepted/standard-fixed-12x10.jsonl#85b614aa8cf338931e8a6e6d,standard-fixed-12x10,standard,fixed,12x10,tf:143,tf:144,true,p1,accepted,,583617157,583618907851471,0
tf_policy_elo_current_rule_continuation_g141_g150_2026-09-02,accepted/standard-fixed-12x10.jsonl#2f566e747b34feab0fddd001,standard-fixed-12x10,standard,fixed,12x10,tf:143,tf:146,true,p1,accepted,,1565050194,1565054889150582,0
tf_policy_elo_current_rule_continuation_g141_g150_2026-09-02,accepted/standard-fixed-12x10.jsonl#83f6ab08399f80cbbebffa01,standard-fixed-12x10,standard,fixed,12x10,tf:143,tf:149,true,p1,accepted,,695427146,695429232281438,0
tf_policy_elo_current_rule_continuation_g141_g150_2026-09-02,accepted/standard-fixed-12x10.jsonl#62acf5f9e7dffa8802555482,standard-fixed-12x10,standard,fixed,12x10,tf:144,tf:138,false,p1,accepted,,1953501876,1953507736505629,1
tf_policy_elo_current_rule_continuation_g141_g150_2026-09-02,accepted/standard-fixed-12x10.jsonl#08f52a6076dcffbd93930319,standard-fixed-12x10,standard,fixed,12x10,tf:144,tf:141,false,p2,accepted,,527538673,527540255616020,1
tf_policy_elo_current_rule_continuation_g141_g150_2026-09-02,accepted/standard-fixed-12x10.jsonl#dc0374e003064236a69b9e96,standard-fixed-12x10,standard,fixed,12x10,tf:144,tf:143,false,p1,accepted,,583617157,583618907851472,1
tf_policy_elo_current_rule_continuation_g141_g150_2026-09-02,accepted/standard-fixed-12x10.jsonl#9ed27f9922070f83ce507809,standard-fixed-12x10,standard,fixed,12x10,tf:144,tf:145,true,p1,accepted,,50836138,50836290508414,0
tf_policy_elo_current_rule_continuation_g141_g150_2026-09-02,accepted/standard-fixed-12x10.jsonl#77efcac8aa4e07a10e88c9e2,standard-fixed-12x10,standard,fixed,12x10,tf:144,tf:147,true,p2,accepted,,536774788,536776398324364,0
tf_policy_elo_current_rule_continuation_g141_g150_2026-09-02,accepted/standard-fixed-12x10.jsonl#50931a239fd692c92bdcd543,standard-fixed-12x10,standard,fixed,12x10,tf:144,tf:150,true,p2,accepted,,1528331047,1528335631993141,0
tf_policy_elo_current_rule_continuation_g141_g150_2026-09-02,accepted/standard-fixed-12x10.jsonl#0bbb2498866852b06611120a,standard-fixed-12x10,standard,fixed,12x10,tf:145,tf:139,false,p2,accepted,,642045145,642047071135436,1
tf_policy_elo_current_rule_continuation_g141_g150_2026-09-02,accepted/standard-fixed-12x10.jsonl#c4f6936a6297460cecbd30e9,standard-fixed-12x10,standard,fixed,12x10,tf:145,tf:142,false,p1,accepted,,815697975,815700422093926,1
tf_policy_elo_current_rule_continuation_g141_g150_2026-09-02,accepted/standard-fixed-12x10.jsonl#ce6739dd47978c54a8be036f,standard-fixed-12x10,standard,fixed,12x10,tf:145,tf:144,false,p1,accepted,,50836138,50836290508415,1
tf_policy_elo_current_rule_continuation_g141_g150_2026-09-02,accepted/standard-fixed-12x10.jsonl#8611bdd93302a79298f89367,standard-fixed-12x10,standard,fixed,12x10,tf:145,tf:146,true,p1,accepted,,1013585951,1013588991757853,0
tf_policy_elo_current_rule_continuation_g141_g150_2026-09-02,accepted/standard-fixed-12x10.jsonl#80233b63c41a193365995e6e,standard-fixed-12x10,standard,fixed,12x10,tf:145,tf:148,true,p2,accepted,,1067126104,1067129305378312,0
tf_policy_elo_current_rule_continuation_g141_g150_2026-09-02,accepted/standard-fixed-12x10.jsonl#479c7dbaec5752fac62f8d53,standard-fixed-12x10,standard,fixed,12x10,tf:146,tf:140,false,p1,accepted,,767687080,767689383061241,1
tf_policy_elo_current_rule_continuation_g141_g150_2026-09-02,accepted/standard-fixed-12x10.jsonl#97e4e98f36bb7900f4ff683b,standard-fixed-12x10,standard,fixed,12x10,tf:146,tf:143,false,p1,accepted,,1565050194,1565054889150583,1
tf_policy_elo_current_rule_continuation_g141_g150_2026-09-02,accepted/standard-fixed-12x10.jsonl#37efdd2cd29a8ff33a2658f0,standard-fixed-12x10,standard,fixed,12x10,tf:146,tf:145,false,p1,accepted,,1013585951,1013588991757854,1
tf_policy_elo_current_rule_continuation_g141_g150_2026-09-02,accepted/standard-fixed-12x10.jsonl#69ce2d75ca8e24c5732daa9e,standard-fixed-12x10,standard,fixed,12x10,tf:146,tf:147,true,p2,accepted,,1311087014,1311090947261042,0
tf_policy_elo_current_rule_continuation_g141_g150_2026-09-02,accepted/standard-fixed-12x10.jsonl#e40b0892b3ffd00756974868,standard-fixed-12x10,standard,fixed,12x10,tf:146,tf:149,true,p2,accepted,,1063303881,1063307070911643,0
tf_policy_elo_current_rule_continuation_g141_g150_2026-09-02,accepted/standard-fixed-12x10.jsonl#24d58274e15e251cf793ce38,standard-fixed-12x10,standard,fixed,12x10,tf:147,tf:141,false,p1,accepted,,735383689,735385895151068,1
tf_policy_elo_current_rule_continuation_g141_g150_2026-09-02,accepted/standard-fixed-12x10.jsonl#d914380d4f12630de33feafb,standard-fixed-12x10,standard,fixed,12x10,tf:147,tf:144,false,p2,accepted,,536774788,536776398324365,1
tf_policy_elo_current_rule_continuation_g141_g150_2026-09-02,accepted/standard-fixed-12x10.jsonl#77011fef7a97f3d6ec66b7ed,standard-fixed-12x10,standard,fixed,12x10,tf:147,tf:146,false,p1,accepted,,1311087014,1311090947261043,1
tf_policy_elo_current_rule_continuation_g141_g150_2026-09-02,accepted/standard-fixed-12x10.jsonl#9080ce3a32af77a86fbf8ace,standard-fixed-12x10,standard,fixed,12x10,tf:147,tf:148,true,p1,accepted,,928821358,928824144464074,0
tf_policy_elo_current_rule_continuation_g141_g150_2026-09-02,accepted/standard-fixed-12x10.jsonl#1cbad103f675ba71ac9f66e7,standard-fixed-12x10,standard,fixed,12x10,tf:147,tf:150,true,p1,accepted,,1058642050,1058645225926150,0
tf_policy_elo_current_rule_continuation_g141_g150_2026-09-02,accepted/standard-fixed-12x10.jsonl#b9e739d6a4aabfd7bf0b3eb7,standard-fixed-12x10,standard,fixed,12x10,tf:148,tf:142,false,p2,accepted,,849547477,849550025642432,1
tf_policy_elo_current_rule_continuation_g141_g150_2026-09-02,accepted/standard-fixed-12x10.jsonl#f0543568733ab547002bb5c2,standard-fixed-12x10,standard,fixed,12x10,tf:148,tf:145,false,p1,accepted,,1067126104,1067129305378313,1
tf_policy_elo_current_rule_continuation_g141_g150_2026-09-02,accepted/standard-fixed-12x10.jsonl#6c710d8861c7bad75f697642,standard-fixed-12x10,standard,fixed,12x10,tf:148,tf:147,false,p1,accepted,,928821358,928824144464075,1
tf_policy_elo_current_rule_continuation_g141_g150_2026-09-02,accepted/standard-fixed-12x10.jsonl#b856512e7fb6670f7917cbed,standard-fixed-12x10,standard,fixed,12x10,tf:148,tf:149,true,p2,accepted,,2052088856,2052095012266568,0
tf_policy_elo_current_rule_continuation_g141_g150_2026-09-02,accepted/standard-fixed-12x10.jsonl#d97da62ee1e8d597f8f27d60,standard-fixed-12x10,standard,fixed,12x10,tf:149,tf:143,false,p1,accepted,,695427146,695429232281439,1
tf_policy_elo_current_rule_continuation_g141_g150_2026-09-02,accepted/standard-fixed-12x10.jsonl#76dfa1ebc24565e4130567fc,standard-fixed-12x10,standard,fixed,12x10,tf:149,tf:146,false,p2,accepted,,1063303881,1063307070911644,1
tf_policy_elo_current_rule_continuation_g141_g150_2026-09-02,accepted/standard-fixed-12x10.jsonl#f20c4e77d38d4d061884e30a,standard-fixed-12x10,standard,fixed,12x10,tf:149,tf:148,false,p1,accepted,,2052088856,2052095012266569,1
tf_policy_elo_current_rule_continuation_g141_g150_2026-09-02,accepted/standard-fixed-12x10.jsonl#5dd3f07cfb183f1432270250,standard-fixed-12x10,standard,fixed,12x10,tf:149,tf:150,true,p1,accepted,,1902151543,1902157249454629,0
tf_policy_elo_current_rule_continuation_g141_g150_2026-09-02,accepted/standard-fixed-12x10.jsonl#9d72e60f4ba6bb65ee2a2d6a,standard-fixed-12x10,standard,fixed,12x10,tf:150,tf:144,false,p1,accepted,,1528331047,1528335631993142,1
tf_policy_elo_current_rule_continuation_g141_g150_2026-09-02,accepted/standard-fixed-12x10.jsonl#b922a8c836830a736467e2fe,standard-fixed-12x10,standard,fixed,12x10,tf:150,tf:147,false,p1,accepted,,1058642050,1058645225926151,1
tf_policy_elo_current_rule_continuation_g141_g150_2026-09-02,accepted/standard-fixed-12x10.jsonl#258515e96aaf77bad780c990,standard-fixed-12x10,standard,fixed,12x10,tf:150,tf:149,false,p1,accepted,,1902151543,1902157249454630,1
tf_policy_elo_current_rule_continuation_g141_g150_2026-09-02,accepted/standard-fixed-8x8.jsonl#4db518c1e4bb35bb48348e45,standard-fixed-8x8,standard,fixed,8x8,tf:135,tf:141,true,p1,accepted,,34319744,34319846959232,0
tf_policy_elo_current_rule_continuation_g141_g150_2026-09-02,accepted/standard-fixed-8x8.jsonl#b4effcfca6a9f1ac4381ac98,standard-fixed-8x8,standard,fixed,8x8,tf:136,tf:142,true,p1,accepted,,269453589,269454397360767,0
tf_policy_elo_current_rule_continuation_g141_g150_2026-09-02,accepted/standard-fixed-8x8.jsonl#a083819b4948093c38dfcf8b,standard-fixed-8x8,standard,fixed,8x8,tf:137,tf:143,true,p1,accepted,,697081950,697084041245850,0
tf_policy_elo_current_rule_continuation_g141_g150_2026-09-02,accepted/standard-fixed-8x8.jsonl#0fa0dfc3ea166964e72b5f7c,standard-fixed-8x8,standard,fixed,8x8,tf:138,tf:141,true,p1,accepted,,1726204154,1726209332612462,0
tf_policy_elo_current_rule_continuation_g141_g150_2026-09-02,accepted/standard-fixed-8x8.jsonl#39138ba4f9f2e72db596a79c,standard-fixed-8x8,standard,fixed,8x8,tf:138,tf:144,true,p1,accepted,,129288294,129288681864882,0
tf_policy_elo_current_rule_continuation_g141_g150_2026-09-02,accepted/standard-fixed-8x8.jsonl#32c341c242fa419f834286ac,standard-fixed-8x8,standard,fixed,8x8,tf:139,tf:142,true,p1,accepted,,96831705,96831995495115,0
tf_policy_elo_current_rule_continuation_g141_g150_2026-09-02,accepted/standard-fixed-8x8.jsonl#dbed7fbeacd78d58c858370d,standard-fixed-8x8,standard,fixed,8x8,tf:139,tf:145,true,p2,accepted,,2118949085,2118955441847255,0
tf_policy_elo_current_rule_continuation_g141_g150_2026-09-02,accepted/standard-fixed-8x8.jsonl#ba73997324080ba1b89d5670,standard-fixed-8x8,standard,fixed,8x8,tf:140,tf:141,true,p2,accepted,,1527838206,1527842789514618,0
tf_policy_elo_current_rule_continuation_g141_g150_2026-09-02,accepted/standard-fixed-8x8.jsonl#c8d71252c047bd7a725c8b75,standard-fixed-8x8,standard,fixed,8x8,tf:140,tf:143,true,p2,accepted,,496191821,496193309575463,0
tf_policy_elo_current_rule_continuation_g141_g150_2026-09-02,accepted/standard-fixed-8x8.jsonl#88653d06bed667d268e5086b,standard-fixed-8x8,standard,fixed,8x8,tf:140,tf:146,true,p2,accepted,,1012386808,1012389845160424,0
tf_policy_elo_current_rule_continuation_g141_g150_2026-09-02,accepted/standard-fixed-8x8.jsonl#3add0f4b0926fb1fc1d9aa11,standard-fixed-8x8,standard,fixed,8x8,tf:141,tf:135,false,p2,accepted,,34319744,34319846959233,1
tf_policy_elo_current_rule_continuation_g141_g150_2026-09-02,accepted/standard-fixed-8x8.jsonl#58488025313a534170b441f8,standard-fixed-8x8,standard,fixed,8x8,tf:141,tf:138,false,p1,accepted,,1726204154,1726209332612463,1
tf_policy_elo_current_rule_continuation_g141_g150_2026-09-02,accepted/standard-fixed-8x8.jsonl#69e54b98a2fde4623f8d07d9,standard-fixed-8x8,standard,fixed,8x8,tf:141,tf:140,false,p1,accepted,,1527838206,1527842789514619,1
tf_policy_elo_current_rule_continuation_g141_g150_2026-09-02,accepted/standard-fixed-8x8.jsonl#82d00d885dcb656f260c9d30,standard-fixed-8x8,standard,fixed,8x8,tf:141,tf:142,true,p2,accepted,,682327618,682329664982854,0
tf_policy_elo_current_rule_continuation_g141_g150_2026-09-02,accepted/standard-fixed-8x8.jsonl#527f883eaf422d4fb1b187d5,standard-fixed-8x8,standard,fixed,8x8,tf:141,tf:144,true,p2,accepted,,1920175207,1920180967525621,0
tf_policy_elo_current_rule_continuation_g141_g150_2026-09-02,accepted/standard-fixed-8x8.jsonl#ed6328ca3389021243af288e,standard-fixed-8x8,standard,fixed,8x8,tf:141,tf:147,true,p1,accepted,,282841866,282842714525598,0
tf_policy_elo_current_rule_continuation_g141_g150_2026-09-02,accepted/standard-fixed-8x8.jsonl#686470f0e32252314cca6030,standard-fixed-8x8,standard,fixed,8x8,tf:142,tf:136,false,p1,accepted,,269453589,269454397360768,1
tf_policy_elo_current_rule_continuation_g141_g150_2026-09-02,accepted/standard-fixed-8x8.jsonl#4aa1c8dc791fdb046b87f982,standard-fixed-8x8,standard,fixed,8x8,tf:142,tf:139,false,p1,accepted,,96831705,96831995495116,1
tf_policy_elo_current_rule_continuation_g141_g150_2026-09-02,accepted/standard-fixed-8x8.jsonl#b6f620ef78a279df6649797d,standard-fixed-8x8,standard,fixed,8x8,tf:142,tf:141,false,p1,accepted,,682327618,682329664982855,1
tf_policy_elo_current_rule_continuation_g141_g150_2026-09-02,accepted/standard-fixed-8x8.jsonl#ee24909dd5b24fa2e1d3871f,standard-fixed-8x8,standard,fixed,8x8,tf:142,tf:143,true,p2,accepted,,475682140,475683567046420,0
tf_policy_elo_current_rule_continuation_g141_g150_2026-09-02,accepted/standard-fixed-8x8.jsonl#225f70c3f5d60a529672f9db,standard-fixed-8x8,standard,fixed,8x8,tf:142,tf:145,true,p2,accepted,,751733304,751735559199912,0
tf_policy_elo_current_rule_continuation_g141_g150_2026-09-02,accepted/standard-fixed-8x8.jsonl#0dba6a1dabf29bf0f2ca9d48,standard-fixed-8x8,standard,fixed,8x8,tf:142,tf:148,true,p1,accepted,,1956920089,1956925959760267,0
tf_policy_elo_current_rule_continuation_g141_g150_2026-09-02,accepted/standard-fixed-8x8.jsonl#8e85204b05509b5a1f4c9105,standard-fixed-8x8,standard,fixed,8x8,tf:143,tf:137,false,p1,accepted,,697081950,697084041245851,1
tf_policy_elo_current_rule_continuation_g141_g150_2026-09-02,accepted/standard-fixed-8x8.jsonl#e491532f9372034b7a6b6cc2,standard-fixed-8x8,standard,fixed,8x8,tf:143,tf:140,false,p1,accepted,,496191821,496193309575464,1
tf_policy_elo_current_rule_continuation_g141_g150_2026-09-02,accepted/standard-fixed-8x8.jsonl#2e883d0ea6b9e0abec4585f5,standard-fixed-8x8,standard,fixed,8x8,tf:143,tf:142,false,p2,accepted,,475682140,475683567046421,1
tf_policy_elo_current_rule_continuation_g141_g150_2026-09-02,accepted/standard-fixed-8x8.jsonl#243450d772d812977ba99fa3,standard-fixed-8x8,standard,fixed,8x8,tf:143,tf:144,true,p2,accepted,,1100821313,1100824615463939,0
tf_policy_elo_current_rule_continuation_g141_g150_2026-09-02,accepted/standard-fixed-8x8.jsonl#a7f68522635e7c715920ad1f,standard-fixed-8x8,standard,fixed,8x8,tf:143,tf:146,true,p2,accepted,,264934577,264935371803731,0
tf_policy_elo_current_rule_continuation_g141_g150_2026-09-02,accepted/standard-fixed-8x8.jsonl#71c7a2dc80b6c8f8cb1d6e85,standard-fixed-8x8,standard,fixed,8x8,tf:143,tf:149,true,p1,accepted,,1738885032,1738890248655096,0
tf_policy_elo_current_rule_continuation_g141_g150_2026-09-02,accepted/standard-fixed-8x8.jsonl#92234aa9c744d2b6ef72aec3,standard-fixed-8x8,standard,fixed,8x8,tf:144,tf:138,false,p2,accepted,,129288294,129288681864883,1
tf_policy_elo_current_rule_continuation_g141_g150_2026-09-02,accepted/standard-fixed-8x8.jsonl#2896afe502d10cf860eeb7d6,standard-fixed-8x8,standard,fixed,8x8,tf:144,tf:141,false,p1,accepted,,1920175207,1920180967525622,1
tf_policy_elo_current_rule_continuation_g141_g150_2026-09-02,accepted/standard-fixed-8x8.jsonl#73bf377067f4c244dca8a852,standard-fixed-8x8,standard,fixed,8x8,tf:144,tf:143,false,p2,accepted,,1100821313,1100824615463940,1
tf_policy_elo_current_rule_continuation_g141_g150_2026-09-02,accepted/standard-fixed-8x8.jsonl#7c82733e3ebccb85fa9624f2,standard-fixed-8x8,standard,fixed,8x8,tf:144,tf:145,true,p1,accepted,,1580409390,1580414131228170,0
tf_policy_elo_current_rule_continuation_g141_g150_2026-09-02,accepted/standard-fixed-8x8.jsonl#b6e0dab28727ac04d11fe332,standard-fixed-8x8,standard,fixed,8x8,tf:144,tf:147,true,p1,accepted,,330138018,330139008414054,0
tf_policy_elo_current_rule_continuation_g141_g150_2026-09-02,accepted/standard-fixed-8x8.jsonl#b76d2ada07ad822523bac0d0,standard-fixed-8x8,standard,fixed,8x8,tf:144,tf:150,true,p1,accepted,,1230595577,1230599268786731,0
tf_policy_elo_current_rule_continuation_g141_g150_2026-09-02,accepted/standard-fixed-8x8.jsonl#474c409bbe9423c7e6f71d88,standard-fixed-8x8,standard,fixed,8x8,tf:145,tf:139,false,p2,accepted,,2118949085,2118955441847256,1
tf_policy_elo_current_rule_continuation_g141_g150_2026-09-02,accepted/standard-fixed-8x8.jsonl#c12b392b3e5ef7785638b438,standard-fixed-8x8,standard,fixed,8x8,tf:145,tf:142,false,p1,accepted,,751733304,751735559199913,1
tf_policy_elo_current_rule_continuation_g141_g150_2026-09-02,accepted/standard-fixed-8x8.jsonl#209783ef8ccf5ef7d91988e4,standard-fixed-8x8,standard,fixed,8x8,tf:145,tf:144,false,p2,accepted,,1580409390,1580414131228171,1
tf_policy_elo_current_rule_continuation_g141_g150_2026-09-02,accepted/standard-fixed-8x8.jsonl#e685dc3c4d419bb9295c1015,standard-fixed-8x8,standard,fixed,8x8,tf:145,tf:146,true,p1,accepted,,724594402,724596575783206,0
tf_policy_elo_current_rule_continuation_g141_g150_2026-09-02,accepted/standard-fixed-8x8.jsonl#80ea2f3c497c8fc5ce1f3948,standard-fixed-8x8,standard,fixed,8x8,tf:145,tf:148,true,p1,accepted,,1850475450,1850481001426350,0
tf_policy_elo_current_rule_continuation_g141_g150_2026-09-02,accepted/standard-fixed-8x8.jsonl#3319708378c1c05877619ea3,standard-fixed-8x8,standard,fixed,8x8,tf:146,tf:140,false,p1,accepted,,1012386808,1012389845160425,1
tf_policy_elo_current_rule_continuation_g141_g150_2026-09-02,accepted/standard-fixed-8x8.jsonl#d2e07d77771f074fb9b7f83a,standard-fixed-8x8,standard,fixed,8x8,tf:146,tf:143,false,p2,accepted,,264934577,264935371803732,1
tf_policy_elo_current_rule_continuation_g141_g150_2026-09-02,accepted/standard-fixed-8x8.jsonl#9b5f7c596a03b5e65f7eeb05,standard-fixed-8x8,standard,fixed,8x8,tf:146,tf:145,false,p1,accepted,,724594402,724596575783207,1
tf_policy_elo_current_rule_continuation_g141_g150_2026-09-02,accepted/standard-fixed-8x8.jsonl#602b27cab74d3289a15200bf,standard-fixed-8x8,standard,fixed,8x8,tf:146,tf:147,true,p2,accepted,,1407670286,1407674509010858,0
tf_policy_elo_current_rule_continuation_g141_g150_2026-09-02,accepted/standard-fixed-8x8.jsonl#e85cdc918db724afb6691997,standard-fixed-8x8,standard,fixed,8x8,tf:146,tf:149,true,p2,accepted,,534673860,534675464021580,0
tf_policy_elo_current_rule_continuation_g141_g150_2026-09-02,accepted/standard-fixed-8x8.jsonl#cadf60079e196b0f5a5b8559,standard-fixed-8x8,standard,fixed,8x8,tf:147,tf:141,false,p1,accepted,,282841866,282842714525599,1
tf_policy_elo_current_rule_continuation_g141_g150_2026-09-02,accepted/standard-fixed-8x8.jsonl#868fdc87e6941c0bf07dca1d,standard-fixed-8x8,standard,fixed,8x8,tf:147,tf:144,false,p1,accepted,,330138018,330139008414055,1
tf_policy_elo_current_rule_continuation_g141_g150_2026-09-02,accepted/standard-fixed-8x8.jsonl#23af7c916823a561c9a76bcf,standard-fixed-8x8,standard,fixed,8x8,tf:147,tf:146,false,p2,accepted,,1407670286,1407674509010859,1
tf_policy_elo_current_rule_continuation_g141_g150_2026-09-02,accepted/standard-fixed-8x8.jsonl#496920f4184f9f455d2a4f08,standard-fixed-8x8,standard,fixed,8x8,tf:147,tf:148,true,p2,accepted,,2013165794,2013171833497382,0
tf_policy_elo_current_rule_continuation_g141_g150_2026-09-02,accepted/standard-fixed-8x8.jsonl#9a43b1a29219c346d15cbfbb,standard-fixed-8x8,standard,fixed,8x8,tf:147,tf:150,true,p2,accepted,,990261306,990264276783918,0
tf_policy_elo_current_rule_continuation_g141_g150_2026-09-02,accepted/standard-fixed-8x8.jsonl#1b7b7c3d382e6a3f1a1bcd66,standard-fixed-8x8,standard,fixed,8x8,tf:148,tf:142,false,p1,accepted,,1956920089,1956925959760268,1
tf_policy_elo_current_rule_continuation_g141_g150_2026-09-02,accepted/standard-fixed-8x8.jsonl#9d9167a2b976fe18a933666e,standard-fixed-8x8,standard,fixed,8x8,tf:148,tf:145,false,p1,accepted,,1850475450,1850481001426351,1
tf_policy_elo_current_rule_continuation_g141_g150_2026-09-02,accepted/standard-fixed-8x8.jsonl#1adb6dfc5546718e7ab85bc1,standard-fixed-8x8,standard,fixed,8x8,tf:148,tf:147,false,p2,accepted,,2013165794,2013171833497383,1
tf_policy_elo_current_rule_continuation_g141_g150_2026-09-02,accepted/standard-fixed-8x8.jsonl#2434b28c47625a71a794f9c0,standard-fixed-8x8,standard,fixed,8x8,tf:148,tf:149,true,p2,accepted,,1935459058,1935464864377174,0
tf_policy_elo_current_rule_continuation_g141_g150_2026-09-02,accepted/standard-fixed-8x8.jsonl#59f9433dae8aa6d860d2c1cc,standard-fixed-8x8,standard,fixed,8x8,tf:149,tf:143,false,p1,accepted,,1738885032,1738890248655097,1
tf_policy_elo_current_rule_continuation_g141_g150_2026-09-02,accepted/standard-fixed-8x8.jsonl#c30deae1620633b148932e37,standard-fixed-8x8,standard,fixed,8x8,tf:149,tf:146,false,p2,accepted,,534673860,534675464021581,1
tf_policy_elo_current_rule_continuation_g141_g150_2026-09-02,accepted/standard-fixed-8x8.jsonl#2ab9827adfba30a4766265f8,standard-fixed-8x8,standard,fixed,8x8,tf:149,tf:148,false,p2,accepted,,1935459058,1935464864377175,1
tf_policy_elo_current_rule_continuation_g141_g150_2026-09-02,accepted/standard-fixed-8x8.jsonl#5e3cb3672aea115daf697437,standard-fixed-8x8,standard,fixed,8x8,tf:149,tf:150,true,p2,accepted,,1678519660,1678524695558980,0
tf_policy_elo_current_rule_continuation_g141_g150_2026-09-02,accepted/standard-fixed-8x8.jsonl#9f424908675c57f411bb8a08,standard-fixed-8x8,standard,fixed,8x8,tf:150,tf:144,false,p1,accepted,,1230595577,1230599268786732,1
tf_policy_elo_current_rule_continuation_g141_g150_2026-09-02,accepted/standard-fixed-8x8.jsonl#a60d2ba677f534dde5afbced,standard-fixed-8x8,standard,fixed,8x8,tf:150,tf:147,false,p1,accepted,,990261306,990264276783919,1
tf_policy_elo_current_rule_continuation_g141_g150_2026-09-02,accepted/standard-fixed-8x8.jsonl#2e2f96dfc1dda28f13c6919a,standard-fixed-8x8,standard,fixed,8x8,tf:150,tf:149,false,p2,accepted,,1678519660,1678524695558981,1
tf_policy_elo_current_rule_continuation_g141_g150_2026-09-02,accepted/standard-random-12x10.jsonl#b3640e8e4a1b4d1a7a83e8c5,standard-random-12x10,standard,random-start,12x10,tf:135,tf:141,true,p1,accepted,,410545471,410546702636413,0
tf_policy_elo_current_rule_continuation_g141_g150_2026-09-02,accepted/standard-random-12x10.jsonl#bac01bc2a169e75d22995be1,standard-random-12x10,standard,random-start,12x10,tf:135,tf:141,true,p2,accepted,,410545471,410546702636415,2
tf_policy_elo_current_rule_continuation_g141_g150_2026-09-02,accepted/standard-random-12x10.jsonl#5577f06bf07ef207ef223811,standard-random-12x10,standard,random-start,12x10,tf:135,tf:141,true,p1,accepted,,410545471,410546702636417,4
tf_policy_elo_current_rule_continuation_g141_g150_2026-09-02,accepted/standard-random-12x10.jsonl#fa35d1417ba77b24fe34ce1c,standard-random-12x10,standard,random-start,12x10,tf:135,tf:141,true,p1,accepted,,410545471,410546702636419,6
tf_policy_elo_current_rule_continuation_g141_g150_2026-09-02,accepted/standard-random-12x10.jsonl#01af4952b6233db997721085,standard-random-12x10,standard,random-start,12x10,tf:135,tf:141,true,p1,accepted,,410545471,410546702636421,8
tf_policy_elo_current_rule_continuation_g141_g150_2026-09-02,accepted/standard-random-12x10.jsonl#c51fb5a10d9bee95b86c23ea,standard-random-12x10,standard,random-start,12x10,tf:135,tf:141,true,p1,accepted,,410545471,410546702636423,10
tf_policy_elo_current_rule_continuation_g141_g150_2026-09-02,accepted/standard-random-12x10.jsonl#ba130e306f3a74089a2723ea,standard-random-12x10,standard,random-start,12x10,tf:136,tf:142,true,p2,accepted,,2110734613,2110740945203839,0
tf_policy_elo_current_rule_continuation_g141_g150_2026-09-02,accepted/standard-random-12x10.jsonl#edb616b8f29d3b695504dc84,standard-random-12x10,standard,random-start,12x10,tf:136,tf:142,true,p2,accepted,,2110734613,2110740945203841,2
tf_policy_elo_current_rule_continuation_g141_g150_2026-09-02,accepted/standard-random-12x10.jsonl#0681267321ca61680cb6f7d0,standard-random-12x10,standard,random-start,12x10,tf:136,tf:142,true,p2,accepted,,2110734613,2110740945203843,4
tf_policy_elo_current_rule_continuation_g141_g150_2026-09-02,accepted/standard-random-12x10.jsonl#c55fdac90b3fa63302cfbe12,standard-random-12x10,standard,random-start,12x10,tf:136,tf:142,true,p1,accepted,,2110734613,2110740945203845,6
tf_policy_elo_current_rule_continuation_g141_g150_2026-09-02,accepted/standard-random-12x10.jsonl#0075b60eb38cb8eb5688d48e,standard-random-12x10,standard,random-start,12x10,tf:136,tf:142,true,p2,accepted,,2110734613,2110740945203847,8
tf_policy_elo_current_rule_continuation_g141_g150_2026-09-02,accepted/standard-random-12x10.jsonl#b6bc1252a7a4f40901cba8dc,standard-random-12x10,standard,random-start,12x10,tf:136,tf:142,true,p2,accepted,,2110734613,2110740945203849,10
tf_policy_elo_current_rule_continuation_g141_g150_2026-09-02,accepted/standard-random-12x10.jsonl#9cceb7203e1df653544a9821,standard-random-12x10,standard,random-start,12x10,tf:137,tf:143,true,p1,accepted,,1538560668,1538565283682004,0
tf_policy_elo_current_rule_continuation_g141_g150_2026-09-02,accepted/standard-random-12x10.jsonl#1dce5189eeb01ec4bec65ab6,standard-random-12x10,standard,random-start,12x10,tf:137,tf:143,true,p2,accepted,,1538560668,1538565283682006,2
tf_policy_elo_current_rule_continuation_g141_g150_2026-09-02,accepted/standard-random-12x10.jsonl#672e6c15f3f5a0be699d7ec9,standard-random-12x10,standard,random-start,12x10,tf:137,tf:143,true,p2,accepted,,1538560668,1538565283682008,4
tf_policy_elo_current_rule_continuation_g141_g150_2026-09-02,accepted/standard-random-12x10.jsonl#19cf5a4715033e52e25e0477,standard-random-12x10,standard,random-start,12x10,tf:137,tf:143,true,p2,accepted,,1538560668,1538565283682010,6
tf_policy_elo_current_rule_continuation_g141_g150_2026-09-02,accepted/standard-random-12x10.jsonl#b92c087b8e275ca0b1b3a47c,standard-random-12x10,standard,random-start,12x10,tf:137,tf:143,true,p1,accepted,,1538560668,1538565283682012,8
tf_policy_elo_current_rule_continuation_g141_g150_2026-09-02,accepted/standard-random-12x10.jsonl#96163c3c6ae097d38b3df798,standard-random-12x10,standard,random-start,12x10,tf:137,tf:143,true,p2,accepted,,1538560668,1538565283682014,10
tf_policy_elo_current_rule_continuation_g141_g150_2026-09-02,accepted/standard-random-12x10.jsonl#599fd1976786176f8b1f4423,standard-random-12x10,standard,random-start,12x10,tf:138,tf:141,true,p1,accepted,,1155346459,1155349925039377,0
tf_policy_elo_current_rule_continuation_g141_g150_2026-09-02,accepted/standard-random-12x10.jsonl#ac8b3de02cb0721b2b307277,standard-random-12x10,standard,random-start,12x10,tf:138,tf:141,true,p1,accepted,,1155346459,1155349925039379,2
tf_policy_elo_current_rule_continuation_g141_g150_2026-09-02,accepted/standard-random-12x10.jsonl#10957268e9296c57912a74a2,standard-random-12x10,standard,random-start,12x10,tf:138,tf:141,true,p1,accepted,,1155346459,1155349925039381,4
tf_policy_elo_current_rule_continuation_g141_g150_2026-09-02,accepted/standard-random-12x10.jsonl#3af862654b817a8258368b0f,standard-random-12x10,standard,random-start,12x10,tf:138,tf:141,true,p2,accepted,,1155346459,1155349925039383,6
tf_policy_elo_current_rule_continuation_g141_g150_2026-09-02,accepted/standard-random-12x10.jsonl#ca32a7222278fac5fd43f343,standard-random-12x10,standard,random-start,12x10,tf:138,tf:141,true,p2,accepted,,1155346459,1155349925039385,8
tf_policy_elo_current_rule_continuation_g141_g150_2026-09-02,accepted/standard-random-12x10.jsonl#def1da2d79954b86032d072c,standard-random-12x10,standard,random-start,12x10,tf:138,tf:141,true,p2,accepted,,1155346459,1155349925039387,10
tf_policy_elo_current_rule_continuation_g141_g150_2026-09-02,accepted/standard-random-12x10.jsonl#6a59639d8e97f2c280ebfe3e,standard-random-12x10,standard,random-start,12x10,tf:138,tf:144,true,p1,accepted,,11105932,11105965317796,0
tf_policy_elo_current_rule_continuation_g141_g150_2026-09-02,accepted/standard-random-12x10.jsonl#83fbf65ab14811934fd4db64,standard-random-12x10,standard,random-start,12x10,tf:138,tf:144,true,p1,accepted,,11105932,11105965317798,2
tf_policy_elo_current_rule_continuation_g141_g150_2026-09-02,accepted/standard-random-12x10.jsonl#a0c190f6331e66d861051839,standard-random-12x10,standard,random-start,12x10,tf:138,tf:144,true,p1,accepted,,11105932,11105965317800,4
tf_policy_elo_current_rule_continuation_g141_g150_2026-09-02,accepted/standard-random-12x10.jsonl#7894dddcc86f5f6dff6dd611,standard-random-12x10,standard,random-start,12x10,tf:138,tf:144,true,p1,accepted,,11105932,11105965317802,6
tf_policy_elo_current_rule_continuation_g141_g150_2026-09-02,accepted/standard-random-12x10.jsonl#0f39f688994def0d061d2ab6,standard-random-12x10,standard,random-start,12x10,tf:138,tf:144,true,p1,accepted,,11105932,11105965317804,8
tf_policy_elo_current_rule_continuation_g141_g150_2026-09-02,accepted/standard-random-12x10.jsonl#2b5a953d5271422d0ce3b1a5,standard-random-12x10,standard,random-start,12x10,tf:138,tf:144,true,p2,accepted,,11105932,11105965317806,10
tf_policy_elo_current_rule_continuation_g141_g150_2026-09-02,accepted/standard-random-12x10.jsonl#5b469b3a771352368c6612ab,standard-random-12x10,standard,random-start,12x10,tf:139,tf:142,true,p1,accepted,,693553137,693555217659411,0
tf_policy_elo_current_rule_continuation_g141_g150_2026-09-02,accepted/standard-random-12x10.jsonl#80a556a8da2b1ee7f5a94ce8,standard-random-12x10,standard,random-start,12x10,tf:139,tf:142,true,p1,accepted,,693553137,693555217659413,2
tf_policy_elo_current_rule_continuation_g141_g150_2026-09-02,accepted/standard-random-12x10.jsonl#90a0d971c5612b652a7a0c71,standard-random-12x10,standard,random-start,12x10,tf:139,tf:142,true,p1,accepted,,693553137,693555217659415,4
tf_policy_elo_current_rule_continuation_g141_g150_2026-09-02,accepted/standard-random-12x10.jsonl#9bac6b6b166c8577d1cf5982,standard-random-12x10,standard,random-start,12x10,tf:139,tf:142,true,p2,accepted,,693553137,693555217659417,6
tf_policy_elo_current_rule_continuation_g141_g150_2026-09-02,accepted/standard-random-12x10.jsonl#fc18ed2f36e6171062d45692,standard-random-12x10,standard,random-start,12x10,tf:139,tf:142,true,p1,accepted,,693553137,693555217659419,8
tf_policy_elo_current_rule_continuation_g141_g150_2026-09-02,accepted/standard-random-12x10.jsonl#3356d8b33da9c5c9b736f3a3,standard-random-12x10,standard,random-start,12x10,tf:139,tf:142,true,p2,accepted,,693553137,693555217659421,10
tf_policy_elo_current_rule_continuation_g141_g150_2026-09-02,accepted/standard-random-12x10.jsonl#5e6e8a10280218fac563fe5f,standard-random-12x10,standard,random-start,12x10,tf:139,tf:145,true,p1,accepted,,690037586,690039656112758,0
tf_policy_elo_current_rule_continuation_g141_g150_2026-09-02,accepted/standard-random-12x10.jsonl#bfb6b7034ea843bc11f6cddf,standard-random-12x10,standard,random-start,12x10,tf:139,tf:145,true,p1,accepted,,690037586,690039656112760,2
tf_policy_elo_current_rule_continuation_g141_g150_2026-09-02,accepted/standard-random-12x10.jsonl#a662afab782bfb44f3366f5b,standard-random-12x10,standard,random-start,12x10,tf:139,tf:145,true,p1,accepted,,690037586,690039656112762,4
tf_policy_elo_current_rule_continuation_g141_g150_2026-09-02,accepted/standard-random-12x10.jsonl#a323e454ae12c103fb6d1ee9,standard-random-12x10,standard,random-start,12x10,tf:139,tf:145,true,p1,accepted,,690037586,690039656112764,6
tf_policy_elo_current_rule_continuation_g141_g150_2026-09-02,accepted/standard-random-12x10.jsonl#ed7928e703bd9905d78397cf,standard-random-12x10,standard,random-start,12x10,tf:139,tf:145,true,p1,accepted,,690037586,690039656112766,8
tf_policy_elo_current_rule_continuation_g141_g150_2026-09-02,accepted/standard-random-12x10.jsonl#00557162a4769ba4492ec809,standard-random-12x10,standard,random-start,12x10,tf:139,tf:145,true,p1,accepted,,690037586,690039656112768,10
tf_policy_elo_current_rule_continuation_g141_g150_2026-09-02,accepted/standard-random-12x10.jsonl#f0b0177fc2b42a16bb93d889,standard-random-12x10,standard,random-start,12x10,tf:140,tf:141,true,p1,accepted,,250561250,250562001683750,0
tf_policy_elo_current_rule_continuation_g141_g150_2026-09-02,accepted/standard-random-12x10.jsonl#249250d86fe66a1bfd66a3ee,standard-random-12x10,standard,random-start,12x10,tf:140,tf:141,true,p1,accepted,,250561250,250562001683752,2
tf_policy_elo_current_rule_continuation_g141_g150_2026-09-02,accepted/standard-random-12x10.jsonl#e6572253c1354fe6b8defb4e,standard-random-12x10,standard,random-start,12x10,tf:140,tf:141,true,p2,accepted,,250561250,250562001683754,4
tf_policy_elo_current_rule_continuation_g141_g150_2026-09-02,accepted/standard-random-12x10.jsonl#63c49f860b1b4080daa82406,standard-random-12x10,standard,random-start,12x10,tf:140,tf:141,true,p1,accepted,,250561250,250562001683756,6
tf_policy_elo_current_rule_continuation_g141_g150_2026-09-02,accepted/standard-random-12x10.jsonl#b8fe8d485f364439233440ca,standard-random-12x10,standard,random-start,12x10,tf:140,tf:141,true,p2,accepted,,250561250,250562001683758,8
tf_policy_elo_current_rule_continuation_g141_g150_2026-09-02,accepted/standard-random-12x10.jsonl#b6a5bb5b144efa71f8b17279,standard-random-12x10,standard,random-start,12x10,tf:140,tf:141,true,p1,accepted,,250561250,250562001683760,10
tf_policy_elo_current_rule_continuation_g141_g150_2026-09-02,accepted/standard-random-12x10.jsonl#212a6e3caa2879be6b109bca,standard-random-12x10,standard,random-start,12x10,tf:140,tf:143,true,p2,accepted,,275278413,275279238835239,0
tf_policy_elo_current_rule_continuation_g141_g150_2026-09-02,accepted/standard-random-12x10.jsonl#abbd95f3b327e1cf9e087087,standard-random-12x10,standard,random-start,12x10,tf:140,tf:143,true,p1,accepted,,275278413,275279238835241,2
tf_policy_elo_current_rule_continuation_g141_g150_2026-09-02,accepted/standard-random-12x10.jsonl#297c789b3166c9503c691087,standard-random-12x10,standard,random-start,12x10,tf:140,tf:143,true,p2,accepted,,275278413,275279238835243,4
tf_policy_elo_current_rule_continuation_g141_g150_2026-09-02,accepted/standard-random-12x10.jsonl#265fad1dd42bcfe3721aae21,standard-random-12x10,standard,random-start,12x10,tf:140,tf:143,true,p1,accepted,,275278413,275279238835245,6
tf_policy_elo_current_rule_continuation_g141_g150_2026-09-02,accepted/standard-random-12x10.jsonl#f9b215c3e5504e428194f091,standard-random-12x10,standard,random-start,12x10,tf:140,tf:143,true,p1,accepted,,275278413,275279238835247,8
tf_policy_elo_current_rule_continuation_g141_g150_2026-09-02,accepted/standard-random-12x10.jsonl#40ac24f97d17f628fc924a2b,standard-random-12x10,standard,random-start,12x10,tf:140,tf:143,true,p2,accepted,,275278413,275279238835249,10
tf_policy_elo_current_rule_continuation_g141_g150_2026-09-02,accepted/standard-random-12x10.jsonl#535366556e282b7a7a6a7b61,standard-random-12x10,standard,random-start,12x10,tf:140,tf:146,true,p2,accepted,,1853995696,1854001257987088,0
tf_policy_elo_current_rule_continuation_g141_g150_2026-09-02,accepted/standard-random-12x10.jsonl#bc892d1ffe8a5dae129a064e,standard-random-12x10,standard,random-start,12x10,tf:140,tf:146,true,p1,accepted,,1853995696,1854001257987090,2
tf_policy_elo_current_rule_continuation_g141_g150_2026-09-02,accepted/standard-random-12x10.jsonl#ef735c11de1b702cd86b4c56,standard-random-12x10,standard,random-start,12x10,tf:140,tf:146,true,p1,accepted,,1853995696,1854001257987092,4
tf_policy_elo_current_rule_continuation_g141_g150_2026-09-02,accepted/standard-random-12x10.jsonl#cc7ee20a3befe5bced6e46f1,standard-random-12x10,standard,random-start,12x10,tf:140,tf:146,true,p1,accepted,,1853995696,1854001257987094,6
tf_policy_elo_current_rule_continuation_g141_g150_2026-09-02,accepted/standard-random-12x10.jsonl#36f4bf52019b1d488016d89f,standard-random-12x10,standard,random-start,12x10,tf:140,tf:146,true,p1,accepted,,1853995696,1854001257987096,8
tf_policy_elo_current_rule_continuation_g141_g150_2026-09-02,accepted/standard-random-12x10.jsonl#e812ed476bb64e75fb67b0bf,standard-random-12x10,standard,random-start,12x10,tf:140,tf:146,true,p2,accepted,,1853995696,1854001257987098,10
tf_policy_elo_current_rule_continuation_g141_g150_2026-09-02,accepted/standard-random-12x10.jsonl#36885b304f916476bee47696,standard-random-12x10,standard,random-start,12x10,tf:141,tf:135,false,p1,accepted,,410545471,410546702636414,1
tf_policy_elo_current_rule_continuation_g141_g150_2026-09-02,accepted/standard-random-12x10.jsonl#efd174fdf596d48bde8d486a,standard-random-12x10,standard,random-start,12x10,tf:141,tf:135,false,p1,accepted,,410545471,410546702636416,3
tf_policy_elo_current_rule_continuation_g141_g150_2026-09-02,accepted/standard-random-12x10.jsonl#b7ab25ba3e15f1e0edb9749c,standard-random-12x10,standard,random-start,12x10,tf:141,tf:135,false,p2,accepted,,410545471,410546702636418,5
tf_policy_elo_current_rule_continuation_g141_g150_2026-09-02,accepted/standard-random-12x10.jsonl#764a33450dbf4ddedb297ab8,standard-random-12x10,standard,random-start,12x10,tf:141,tf:135,false,p1,accepted,,410545471,410546702636420,7
tf_policy_elo_current_rule_continuation_g141_g150_2026-09-02,accepted/standard-random-12x10.jsonl#d22a42aab15e2b1b51913b6a,standard-random-12x10,standard,random-start,12x10,tf:141,tf:135,false,p2,accepted,,410545471,410546702636422,9
tf_policy_elo_current_rule_continuation_g141_g150_2026-09-02,accepted/standard-random-12x10.jsonl#81cfac0a8bfdccce9c04de1c,standard-random-12x10,standard,random-start,12x10,tf:141,tf:135,false,p2,accepted,,410545471,410546702636424,11
tf_policy_elo_current_rule_continuation_g141_g150_2026-09-02,accepted/standard-random-12x10.jsonl#4508c4351302e0bec85d649f,standard-random-12x10,standard,random-start,12x10,tf:141,tf:138,false,p1,accepted,,1155346459,1155349925039378,1
tf_policy_elo_current_rule_continuation_g141_g150_2026-09-02,accepted/standard-random-12x10.jsonl#feba7d4337e8da2bc186f35a,standard-random-12x10,standard,random-start,12x10,tf:141,tf:138,false,p2,accepted,,1155346459,1155349925039380,3
tf_policy_elo_current_rule_continuation_g141_g150_2026-09-02,accepted/standard-random-12x10.jsonl#0e1740e7fb60f203f2a216ce,standard-random-12x10,standard,random-start,12x10,tf:141,tf:138,false,p1,accepted,,1155346459,1155349925039382,5
tf_policy_elo_current_rule_continuation_g141_g150_2026-09-02,accepted/standard-random-12x10.jsonl#a08e63f373f1d89cf6a95dd2,standard-random-12x10,standard,random-start,12x10,tf:141,tf:138,false,p2,accepted,,1155346459,1155349925039384,7
tf_policy_elo_current_rule_continuation_g141_g150_2026-09-02,accepted/standard-random-12x10.jsonl#cf9a0745e403097738bbe3fa,standard-random-12x10,standard,random-start,12x10,tf:141,tf:138,false,p1,accepted,,1155346459,1155349925039386,9
tf_policy_elo_current_rule_continuation_g141_g150_2026-09-02,accepted/standard-random-12x10.jsonl#6fc5c76c75845b38357e0ac3,standard-random-12x10,standard,random-start,12x10,tf:141,tf:138,false,p1,accepted,,1155346459,1155349925039388,11
tf_policy_elo_current_rule_continuation_g141_g150_2026-09-02,accepted/standard-random-12x10.jsonl#614cc53b17bb007bb53bed84,standard-random-12x10,standard,random-start,12x10,tf:141,tf:140,false,p2,accepted,,250561250,250562001683751,1
tf_policy_elo_current_rule_continuation_g141_g150_2026-09-02,accepted/standard-random-12x10.jsonl#1fe813cd276aa5cdf4fa5f5d,standard-random-12x10,standard,random-start,12x10,tf:141,tf:140,false,p1,accepted,,250561250,250562001683753,3
tf_policy_elo_current_rule_continuation_g141_g150_2026-09-02,accepted/standard-random-12x10.jsonl#1ff1235a9f73d75544e95cba,standard-random-12x10,standard,random-start,12x10,tf:141,tf:140,false,p1,accepted,,250561250,250562001683755,5
tf_policy_elo_current_rule_continuation_g141_g150_2026-09-02,accepted/standard-random-12x10.jsonl#cc76a20d9c400adb0cf2adc1,standard-random-12x10,standard,random-start,12x10,tf:141,tf:140,false,p2,accepted,,250561250,250562001683757,7
tf_policy_elo_current_rule_continuation_g141_g150_2026-09-02,accepted/standard-random-12x10.jsonl#afd26cd73fe70bc2deedc7cb,standard-random-12x10,standard,random-start,12x10,tf:141,tf:140,false,p2,accepted,,250561250,250562001683759,9
tf_policy_elo_current_rule_continuation_g141_g150_2026-09-02,accepted/standard-random-12x10.jsonl#e0e9795d03f96d6c735aa1c3,standard-random-12x10,standard,random-start,12x10,tf:141,tf:140,false,p1,accepted,,250561250,250562001683761,11
tf_policy_elo_current_rule_continuation_g141_g150_2026-09-02,accepted/standard-random-12x10.jsonl#6c6691a028bbcd7ef9aa4cf9,standard-random-12x10,standard,random-start,12x10,tf:141,tf:142,true,p1,accepted,,351770673,351771728312019,0
tf_policy_elo_current_rule_continuation_g141_g150_2026-09-02,accepted/standard-random-12x10.jsonl#5f58dabea4d30449ec5a8a52,standard-random-12x10,standard,random-start,12x10,tf:141,tf:142,true,p1,accepted,,351770673,351771728312021,2
tf_policy_elo_current_rule_continuation_g141_g150_2026-09-02,accepted/standard-random-12x10.jsonl#292347f15c26839cc2ecef09,standard-random-12x10,standard,random-start,12x10,tf:141,tf:142,true,p2,accepted,,351770673,351771728312023,4
tf_policy_elo_current_rule_continuation_g141_g150_2026-09-02,accepted/standard-random-12x10.jsonl#b2037c2026d0060d1c2be942,standard-random-12x10,standard,random-start,12x10,tf:141,tf:142,true,p1,accepted,,351770673,351771728312025,6
tf_policy_elo_current_rule_continuation_g141_g150_2026-09-02,accepted/standard-random-12x10.jsonl#36063486fbec4bf09b89a838,standard-random-12x10,standard,random-start,12x10,tf:141,tf:142,true,p1,accepted,,351770673,351771728312027,8
tf_policy_elo_current_rule_continuation_g141_g150_2026-09-02,accepted/standard-random-12x10.jsonl#7f4cafba8c57da2022547250,standard-random-12x10,standard,random-start,12x10,tf:141,tf:142,true,p1,accepted,,351770673,351771728312029,10
tf_policy_elo_current_rule_continuation_g141_g150_2026-09-02,accepted/standard-random-12x10.jsonl#ec26c22ad6449d035674535b,standard-random-12x10,standard,random-start,12x10,tf:141,tf:144,true,p2,accepted,,1878264093,1878269727792279,0
tf_policy_elo_current_rule_continuation_g141_g150_2026-09-02,accepted/standard-random-12x10.jsonl#7598d917b5eb9b9b5b62e5d2,standard-random-12x10,standard,random-start,12x10,tf:141,tf:144,true,p2,accepted,,1878264093,1878269727792281,2
tf_policy_elo_current_rule_continuation_g141_g150_2026-09-02,accepted/standard-random-12x10.jsonl#5258c2a9e5d1fb6636be57ad,standard-random-12x10,standard,random-start,12x10,tf:141,tf:144,true,p2,accepted,,1878264093,1878269727792283,4
tf_policy_elo_current_rule_continuation_g141_g150_2026-09-02,accepted/standard-random-12x10.jsonl#e1924e243ddf30173c2d7911,standard-random-12x10,standard,random-start,12x10,tf:141,tf:144,true,p1,accepted,,1878264093,1878269727792285,6
tf_policy_elo_current_rule_continuation_g141_g150_2026-09-02,accepted/standard-random-12x10.jsonl#98baf1715e0296a64bf2777f,standard-random-12x10,standard,random-start,12x10,tf:141,tf:144,true,p2,accepted,,1878264093,1878269727792287,8
tf_policy_elo_current_rule_continuation_g141_g150_2026-09-02,accepted/standard-random-12x10.jsonl#0338d17eb85183139e8d5821,standard-random-12x10,standard,random-start,12x10,tf:141,tf:144,true,p1,accepted,,1878264093,1878269727792289,10
tf_policy_elo_current_rule_continuation_g141_g150_2026-09-02,accepted/standard-random-12x10.jsonl#8ac28cdfea52e4461edf5001,standard-random-12x10,standard,random-start,12x10,tf:141,tf:147,true,p1,accepted,,2007881447,2007887470644341,0
tf_policy_elo_current_rule_continuation_g141_g150_2026-09-02,accepted/standard-random-12x10.jsonl#97365b175a2e56461a95e208,standard-random-12x10,standard,random-start,12x10,tf:141,tf:147,true,p1,accepted,,2007881447,2007887470644343,2
tf_policy_elo_current_rule_continuation_g141_g150_2026-09-02,accepted/standard-random-12x10.jsonl#c1e7522a31a4878eb1415ca6,standard-random-12x10,standard,random-start,12x10,tf:141,tf:147,true,p2,accepted,,2007881447,2007887470644345,4
tf_policy_elo_current_rule_continuation_g141_g150_2026-09-02,accepted/standard-random-12x10.jsonl#5633709c81892b3d2dd12a69,standard-random-12x10,standard,random-start,12x10,tf:141,tf:147,true,p1,accepted,,2007881447,2007887470644347,6
tf_policy_elo_current_rule_continuation_g141_g150_2026-09-02,accepted/standard-random-12x10.jsonl#2d026109f67ba171bb89fabe,standard-random-12x10,standard,random-start,12x10,tf:141,tf:147,true,p2,accepted,,2007881447,2007887470644349,8
tf_policy_elo_current_rule_continuation_g141_g150_2026-09-02,accepted/standard-random-12x10.jsonl#e9437b91fe0e53b74af3e51a,standard-random-12x10,standard,random-start,12x10,tf:141,tf:147,true,p1,accepted,,2007881447,2007887470644351,10
tf_policy_elo_current_rule_continuation_g141_g150_2026-09-02,accepted/standard-random-12x10.jsonl#88a53f4ed01918c913f1c58c,standard-random-12x10,standard,random-start,12x10,tf:142,tf:136,false,p1,accepted,,2110734613,2110740945203840,1
tf_policy_elo_current_rule_continuation_g141_g150_2026-09-02,accepted/standard-random-12x10.jsonl#5c8c137921a9a397955f46a7,standard-random-12x10,standard,random-start,12x10,tf:142,tf:136,false,p2,accepted,,2110734613,2110740945203842,3
tf_policy_elo_current_rule_continuation_g141_g150_2026-09-02,accepted/standard-random-12x10.jsonl#c2ac35b9e399de1086ab6d11,standard-random-12x10,standard,random-start,12x10,tf:142,tf:136,false,p1,accepted,,2110734613,2110740945203844,5
tf_policy_elo_current_rule_continuation_g141_g150_2026-09-02,accepted/standard-random-12x10.jsonl#cdb7f7b92b745f9f8458ea3d,standard-random-12x10,standard,random-start,12x10,tf:142,tf:136,false,p1,accepted,,2110734613,2110740945203846,7
tf_policy_elo_current_rule_continuation_g141_g150_2026-09-02,accepted/standard-random-12x10.jsonl#89b5f0fdd68ed22395ff38f0,standard-random-12x10,standard,random-start,12x10,tf:142,tf:136,false,p1,accepted,,2110734613,2110740945203848,9
tf_policy_elo_current_rule_continuation_g141_g150_2026-09-02,accepted/standard-random-12x10.jsonl#b34b509331f2926de8929fc2,standard-random-12x10,standard,random-start,12x10,tf:142,tf:136,false,p2,accepted,,2110734613,2110740945203850,11
tf_policy_elo_current_rule_continuation_g141_g150_2026-09-02,accepted/standard-random-12x10.jsonl#77a3bd6c5015db402905eb8c,standard-random-12x10,standard,random-start,12x10,tf:142,tf:139,false,p1,accepted,,693553137,693555217659412,1
tf_policy_elo_current_rule_continuation_g141_g150_2026-09-02,accepted/standard-random-12x10.jsonl#f043170d0c8afdb99baa30ec,standard-random-12x10,standard,random-start,12x10,tf:142,tf:139,false,p1,accepted,,693553137,693555217659414,3
tf_policy_elo_current_rule_continuation_g141_g150_2026-09-02,accepted/standard-random-12x10.jsonl#fda3059e5579031f3c641d23,standard-random-12x10,standard,random-start,12x10,tf:142,tf:139,false,p2,accepted,,693553137,693555217659416,5
tf_policy_elo_current_rule_continuation_g141_g150_2026-09-02,accepted/standard-random-12x10.jsonl#caa79a4117322f28e44bd855,standard-random-12x10,standard,random-start,12x10,tf:142,tf:139,false,p1,accepted,,693553137,693555217659418,7
tf_policy_elo_current_rule_continuation_g141_g150_2026-09-02,accepted/standard-random-12x10.jsonl#35a86cc066a703d62ad53ff3,standard-random-12x10,standard,random-start,12x10,tf:142,tf:139,false,p1,accepted,,693553137,693555217659420,9
tf_policy_elo_current_rule_continuation_g141_g150_2026-09-02,accepted/standard-random-12x10.jsonl#bb5160a52da9390253065908,standard-random-12x10,standard,random-start,12x10,tf:142,tf:139,false,p1,accepted,,693553137,693555217659422,11
tf_policy_elo_current_rule_continuation_g141_g150_2026-09-02,accepted/standard-random-12x10.jsonl#6574023c545c985d9d246b3e,standard-random-12x10,standard,random-start,12x10,tf:142,tf:141,false,p2,accepted,,351770673,351771728312020,1
tf_policy_elo_current_rule_continuation_g141_g150_2026-09-02,accepted/standard-random-12x10.jsonl#53b51d1a8575ef3af35f3a41,standard-random-12x10,standard,random-start,12x10,tf:142,tf:141,false,p1,accepted,,351770673,351771728312022,3
tf_policy_elo_current_rule_continuation_g141_g150_2026-09-02,accepted/standard-random-12x10.jsonl#005a954c9018add31ca028b9,standard-random-12x10,standard,random-start,12x10,tf:142,tf:141,false,p2,accepted,,351770673,351771728312024,5
tf_policy_elo_current_rule_continuation_g141_g150_2026-09-02,accepted/standard-random-12x10.jsonl#d8defee196439733d5d67078,standard-random-12x10,standard,random-start,12x10,tf:142,tf:141,false,p2,accepted,,351770673,351771728312026,7
tf_policy_elo_current_rule_continuation_g141_g150_2026-09-02,accepted/standard-random-12x10.jsonl#8126e0babe56d1de27dade88,standard-random-12x10,standard,random-start,12x10,tf:142,tf:141,false,p1,accepted,,351770673,351771728312028,9
tf_policy_elo_current_rule_continuation_g141_g150_2026-09-02,accepted/standard-random-12x10.jsonl#d6b096ac22caeca2588b4b2e,standard-random-12x10,standard,random-start,12x10,tf:142,tf:141,false,p1,accepted,,351770673,351771728312030,11
tf_policy_elo_current_rule_continuation_g141_g150_2026-09-02,accepted/standard-random-12x10.jsonl#4b7e2e655f44e63954143ef3,standard-random-12x10,standard,random-start,12x10,tf:142,tf:143,true,p2,accepted,,1016846142,1016849192538426,0
tf_policy_elo_current_rule_continuation_g141_g150_2026-09-02,accepted/standard-random-12x10.jsonl#cda81f0c779f132837a99ef4,standard-random-12x10,standard,random-start,12x10,tf:142,tf:143,true,p1,accepted,,1016846142,1016849192538428,2
tf_policy_elo_current_rule_continuation_g141_g150_2026-09-02,accepted/standard-random-12x10.jsonl#4a267fe4f508f9683a8a5111,standard-random-12x10,standard,random-start,12x10,tf:142,tf:143,true,p1,accepted,,1016846142,1016849192538430,4
tf_policy_elo_current_rule_continuation_g141_g150_2026-09-02,accepted/standard-random-12x10.jsonl#a546a9a8342cb88bc1284645,standard-random-12x10,standard,random-start,12x10,tf:142,tf:143,true,p2,accepted,,1016846142,1016849192538432,6
tf_policy_elo_current_rule_continuation_g141_g150_2026-09-02,accepted/standard-random-12x10.jsonl#1a2845d89d4e68f1e9123afb,standard-random-12x10,standard,random-start,12x10,tf:142,tf:143,true,p1,accepted,,1016846142,1016849192538434,8
tf_policy_elo_current_rule_continuation_g141_g150_2026-09-02,accepted/standard-random-12x10.jsonl#fa930657dc11e62b1d44e3ec,standard-random-12x10,standard,random-start,12x10,tf:142,tf:143,true,p2,accepted,,1016846142,1016849192538436,10
tf_policy_elo_current_rule_continuation_g141_g150_2026-09-02,accepted/standard-random-12x10.jsonl#8cf9a71ba52e5a68cc5c683b,standard-random-12x10,standard,random-start,12x10,tf:142,tf:145,true,p1,accepted,,2041622350,2041628474867050,0
tf_policy_elo_current_rule_continuation_g141_g150_2026-09-02,accepted/standard-random-12x10.jsonl#6f7eb9cb8a178765b5fad1ef,standard-random-12x10,standard,random-start,12x10,tf:142,tf:145,true,p2,accepted,,2041622350,2041628474867052,2
tf_policy_elo_current_rule_continuation_g141_g150_2026-09-02,accepted/standard-random-12x10.jsonl#c2a780601dc97e3dbf2acd3c,standard-random-12x10,standard,random-start,12x10,tf:142,tf:145,true,p1,accepted,,2041622350,2041628474867054,4
tf_policy_elo_current_rule_continuation_g141_g150_2026-09-02,accepted/standard-random-12x10.jsonl#654d5cd5dccdc622b0026e85,standard-random-12x10,standard,random-start,12x10,tf:142,tf:145,true,p1,accepted,,2041622350,2041628474867056,6
tf_policy_elo_current_rule_continuation_g141_g150_2026-09-02,accepted/standard-random-12x10.jsonl#3b8351cbf75f9eb14d6b4198,standard-random-12x10,standard,random-start,12x10,tf:142,tf:145,true,p1,accepted,,2041622350,2041628474867058,8
tf_policy_elo_current_rule_continuation_g141_g150_2026-09-02,accepted/standard-random-12x10.jsonl#8a76a63e8f11f58e4da02791,standard-random-12x10,standard,random-start,12x10,tf:142,tf:145,true,p1,accepted,,2041622350,2041628474867060,10
tf_policy_elo_current_rule_continuation_g141_g150_2026-09-02,accepted/standard-random-12x10.jsonl#e5f7f0e7c65f39b4b82e7e51,standard-random-12x10,standard,random-start,12x10,tf:142,tf:148,true,p2,accepted,,21803802,21803867411406,0
tf_policy_elo_current_rule_continuation_g141_g150_2026-09-02,accepted/standard-random-12x10.jsonl#c62e00a0f08a2bc76cf83143,standard-random-12x10,standard,random-start,12x10,tf:142,tf:148,true,p1,accepted,,21803802,21803867411408,2
tf_policy_elo_current_rule_continuation_g141_g150_2026-09-02,accepted/standard-random-12x10.jsonl#cc4ea354cf814064f6bcd155,standard-random-12x10,standard,random-start,12x10,tf:142,tf:148,true,p1,accepted,,21803802,21803867411410,4
tf_policy_elo_current_rule_continuation_g141_g150_2026-09-02,accepted/standard-random-12x10.jsonl#436928eeedfb2e82198b383c,standard-random-12x10,standard,random-start,12x10,tf:142,tf:148,true,p2,accepted,,21803802,21803867411412,6
tf_policy_elo_current_rule_continuation_g141_g150_2026-09-02,accepted/standard-random-12x10.jsonl#1e00ea7f80136991eb2931e1,standard-random-12x10,standard,random-start,12x10,tf:142,tf:148,true,p1,accepted,,21803802,21803867411414,8
tf_policy_elo_current_rule_continuation_g141_g150_2026-09-02,accepted/standard-random-12x10.jsonl#ae9a0cc56d71fd06221afaf1,standard-random-12x10,standard,random-start,12x10,tf:142,tf:148,true,p2,accepted,,21803802,21803867411416,10
tf_policy_elo_current_rule_continuation_g141_g150_2026-09-02,accepted/standard-random-12x10.jsonl#7df549d75cc0b150e97cfb96,standard-random-12x10,standard,random-start,12x10,tf:143,tf:137,false,p1,accepted,,1538560668,1538565283682005,1
tf_policy_elo_current_rule_continuation_g141_g150_2026-09-02,accepted/standard-random-12x10.jsonl#94714d481af3672c85de8433,standard-random-12x10,standard,random-start,12x10,tf:143,tf:137,false,p1,accepted,,1538560668,1538565283682007,3
tf_policy_elo_current_rule_continuation_g141_g150_2026-09-02,accepted/standard-random-12x10.jsonl#17dce8d89f04369eff15d6f3,standard-random-12x10,standard,random-start,12x10,tf:143,tf:137,false,p1,accepted,,1538560668,1538565283682009,5
tf_policy_elo_current_rule_continuation_g141_g150_2026-09-02,accepted/standard-random-12x10.jsonl#a98ccaeefa0ed7886550e04b,standard-random-12x10,standard,random-start,12x10,tf:143,tf:137,false,p1,accepted,,1538560668,1538565283682011,7
tf_policy_elo_current_rule_continuation_g141_g150_2026-09-02,accepted/standard-random-12x10.jsonl#57d2e958b5e04ebb3e6ac19d,standard-random-12x10,standard,random-start,12x10,tf:143,tf:137,false,p1,accepted,,1538560668,1538565283682013,9
tf_policy_elo_current_rule_continuation_g141_g150_2026-09-02,accepted/standard-random-12x10.jsonl#f586116fddf47d98d8766935,standard-random-12x10,standard,random-start,12x10,tf:143,tf:137,false,p2,accepted,,1538560668,1538565283682015,11
tf_policy_elo_current_rule_continuation_g141_g150_2026-09-02,accepted/standard-random-12x10.jsonl#a81e5f0dbaea987fe63ed0a6,standard-random-12x10,standard,random-start,12x10,tf:143,tf:140,false,p1,accepted,,275278413,275279238835240,1
tf_policy_elo_current_rule_continuation_g141_g150_2026-09-02,accepted/standard-random-12x10.jsonl#b1e1ba9051a46160eaba7ad0,standard-random-12x10,standard,random-start,12x10,tf:143,tf:140,false,p1,accepted,,275278413,275279238835242,3
tf_policy_elo_current_rule_continuation_g141_g150_2026-09-02,accepted/standard-random-12x10.jsonl#fd2a7644ea80652fa454a46c,standard-random-12x10,standard,random-start,12x10,tf:143,tf:140,false,p1,accepted,,275278413,275279238835244,5
tf_policy_elo_current_rule_continuation_g141_g150_2026-09-02,accepted/standard-random-12x10.jsonl#8e656b719233a2040410e7f3,standard-random-12x10,standard,random-start,12x10,tf:143,tf:140,false,p1,accepted,,275278413,275279238835246,7
tf_policy_elo_current_rule_continuation_g141_g150_2026-09-02,accepted/standard-random-12x10.jsonl#b18bbab71743f0b56ea023df,standard-random-12x10,standard,random-start,12x10,tf:143,tf:140,false,p1,accepted,,275278413,275279238835248,9
tf_policy_elo_current_rule_continuation_g141_g150_2026-09-02,accepted/standard-random-12x10.jsonl#9c7ea2194cd6d571f25fc455,standard-random-12x10,standard,random-start,12x10,tf:143,tf:140,false,p2,accepted,,275278413,275279238835250,11
tf_policy_elo_current_rule_continuation_g141_g150_2026-09-02,accepted/standard-random-12x10.jsonl#241d4c812d24ef932a9032eb,standard-random-12x10,standard,random-start,12x10,tf:143,tf:142,false,p1,accepted,,1016846142,1016849192538427,1
tf_policy_elo_current_rule_continuation_g141_g150_2026-09-02,accepted/standard-random-12x10.jsonl#7156b3be1a0f65e76c19f97a,standard-random-12x10,standard,random-start,12x10,tf:143,tf:142,false,p1,accepted,,1016846142,1016849192538429,3
tf_policy_elo_current_rule_continuation_g141_g150_2026-09-02,accepted/standard-random-12x10.jsonl#ac441c45086d7b7a714d3f8c,standard-random-12x10,standard,random-start,12x10,tf:143,tf:142,false,p1,accepted,,1016846142,1016849192538431,5
tf_policy_elo_current_rule_continuation_g141_g150_2026-09-02,accepted/standard-random-12x10.jsonl#654ad7db8a14e3dc1d0228ee,standard-random-12x10,standard,random-start,12x10,tf:143,tf:142,false,p1,accepted,,1016846142,1016849192538433,7
tf_policy_elo_current_rule_continuation_g141_g150_2026-09-02,accepted/standard-random-12x10.jsonl#8c0b58accb139ec08d92e1d4,standard-random-12x10,standard,random-start,12x10,tf:143,tf:142,false,p2,accepted,,1016846142,1016849192538435,9
tf_policy_elo_current_rule_continuation_g141_g150_2026-09-02,accepted/standard-random-12x10.jsonl#1082580467085f5f1fcb3cae,standard-random-12x10,standard,random-start,12x10,tf:143,tf:142,false,p1,accepted,,1016846142,1016849192538437,11
tf_policy_elo_current_rule_continuation_g141_g150_2026-09-02,accepted/standard-random-12x10.jsonl#0c947cbbe5f50ba03faf2eee,standard-random-12x10,standard,random-start,12x10,tf:143,tf:144,true,p1,accepted,,2017028425,2017034476085275,0
tf_policy_elo_current_rule_continuation_g141_g150_2026-09-02,accepted/standard-random-12x10.jsonl#4a9daa9bbe92130006588a23,standard-random-12x10,standard,random-start,12x10,tf:143,tf:144,true,p2,accepted,,2017028425,2017034476085277,2
tf_policy_elo_current_rule_continuation_g141_g150_2026-09-02,accepted/standard-random-12x10.jsonl#a44044ac7dde90f27a3cf2b3,standard-random-12x10,standard,random-start,12x10,tf:143,tf:144,true,p1,accepted,,2017028425,2017034476085279,4
tf_policy_elo_current_rule_continuation_g141_g150_2026-09-02,accepted/standard-random-12x10.jsonl#a48bb3b9da2f81893d93b2c0,standard-random-12x10,standard,random-start,12x10,tf:143,tf:144,true,p1,accepted,,2017028425,2017034476085281,6
tf_policy_elo_current_rule_continuation_g141_g150_2026-09-02,accepted/standard-random-12x10.jsonl#2b8eaffa85ccbb24073862f2,standard-random-12x10,standard,random-start,12x10,tf:143,tf:144,true,p2,accepted,,2017028425,2017034476085283,8
tf_policy_elo_current_rule_continuation_g141_g150_2026-09-02,accepted/standard-random-12x10.jsonl#eb8ce125d0c41f195d3cc698,standard-random-12x10,standard,random-start,12x10,tf:143,tf:144,true,p2,accepted,,2017028425,2017034476085285,10
tf_policy_elo_current_rule_continuation_g141_g150_2026-09-02,accepted/standard-random-12x10.jsonl#aaafb37b86d3dcf0e1210d12,standard-random-12x10,standard,random-start,12x10,tf:143,tf:146,true,p2,accepted,,1017600786,1017603838802358,0
tf_policy_elo_current_rule_continuation_g141_g150_2026-09-02,accepted/standard-random-12x10.jsonl#3ee84e8bf33da5ddbbb46414,standard-random-12x10,standard,random-start,12x10,tf:143,tf:146,true,p1,accepted,,1017600786,1017603838802360,2
tf_policy_elo_current_rule_continuation_g141_g150_2026-09-02,accepted/standard-random-12x10.jsonl#5e9f51888a9945e23c9f0f66,standard-random-12x10,standard,random-start,12x10,tf:143,tf:146,true,p2,accepted,,1017600786,1017603838802362,4
tf_policy_elo_current_rule_continuation_g141_g150_2026-09-02,accepted/standard-random-12x10.jsonl#7296c7826c27b128dfb9d3b6,standard-random-12x10,standard,random-start,12x10,tf:143,tf:146,true,p1,accepted,,1017600786,1017603838802364,6
tf_policy_elo_current_rule_continuation_g141_g150_2026-09-02,accepted/standard-random-12x10.jsonl#16fec4ef541be92d3e0790a6,standard-random-12x10,standard,random-start,12x10,tf:143,tf:146,true,p1,accepted,,1017600786,1017603838802366,8
tf_policy_elo_current_rule_continuation_g141_g150_2026-09-02,accepted/standard-random-12x10.jsonl#c74b16dab525633a87c7907d,standard-random-12x10,standard,random-start,12x10,tf:143,tf:146,true,p2,accepted,,1017600786,1017603838802368,10
tf_policy_elo_current_rule_continuation_g141_g150_2026-09-02,accepted/standard-random-12x10.jsonl#22799e6a6c75229f9a1f1e2c,standard-random-12x10,standard,random-start,12x10,tf:143,tf:149,true,p2,accepted,,16544221,16544270632663,0
tf_policy_elo_current_rule_continuation_g141_g150_2026-09-02,accepted/standard-random-12x10.jsonl#ba4746f70f84c1cc45aa8259,standard-random-12x10,standard,random-start,12x10,tf:143,tf:149,true,p2,accepted,,16544221,16544270632665,2
tf_policy_elo_current_rule_continuation_g141_g150_2026-09-02,accepted/standard-random-12x10.jsonl#9a40175e1a7036b25c46ff00,standard-random-12x10,standard,random-start,12x10,tf:143,tf:149,true,p1,accepted,,16544221,16544270632667,4
tf_policy_elo_current_rule_continuation_g141_g150_2026-09-02,accepted/standard-random-12x10.jsonl#e331f7d02784f01248c66d6e,standard-random-12x10,standard,random-start,12x10,tf:143,tf:149,true,p2,accepted,,16544221,16544270632669,6
tf_policy_elo_current_rule_continuation_g141_g150_2026-09-02,accepted/standard-random-12x10.jsonl#99019e55bf1835e6fb10ffa0,standard-random-12x10,standard,random-start,12x10,tf:143,tf:149,true,p1,accepted,,16544221,16544270632671,8
tf_policy_elo_current_rule_continuation_g141_g150_2026-09-02,accepted/standard-random-12x10.jsonl#fdd0cff0c249ef61519dcd5b,standard-random-12x10,standard,random-start,12x10,tf:143,tf:149,true,p2,accepted,,16544221,16544270632673,10
tf_policy_elo_current_rule_continuation_g141_g150_2026-09-02,accepted/standard-random-12x10.jsonl#f46d1a14ecdb7452c78ac6af,standard-random-12x10,standard,random-start,12x10,tf:144,tf:138,false,p2,accepted,,11105932,11105965317797,1
tf_policy_elo_current_rule_continuation_g141_g150_2026-09-02,accepted/standard-random-12x10.jsonl#b9af7df7b68a712bee1b0acc,standard-random-12x10,standard,random-start,12x10,tf:144,tf:138,false,p1,accepted,,11105932,11105965317799,3
tf_policy_elo_current_rule_continuation_g141_g150_2026-09-02,accepted/standard-random-12x10.jsonl#08795a5a0813266f36353c87,standard-random-12x10,standard,random-start,12x10,tf:144,tf:138,false,p1,accepted,,11105932,11105965317801,5
tf_policy_elo_current_rule_continuation_g141_g150_2026-09-02,accepted/standard-random-12x10.jsonl#65283f718554daad2db75eb9,standard-random-12x10,standard,random-start,12x10,tf:144,tf:138,false,p2,accepted,,11105932,11105965317803,7
tf_policy_elo_current_rule_continuation_g141_g150_2026-09-02,accepted/standard-random-12x10.jsonl#da77eaa9c4ae3c8e97d70521,standard-random-12x10,standard,random-start,12x10,tf:144,tf:138,false,p2,accepted,,11105932,11105965317805,9
tf_policy_elo_current_rule_continuation_g141_g150_2026-09-02,accepted/standard-random-12x10.jsonl#1a043f4278302a60aca55257,standard-random-12x10,standard,random-start,12x10,tf:144,tf:138,false,p2,accepted,,11105932,11105965317807,11
tf_policy_elo_current_rule_continuation_g141_g150_2026-09-02,accepted/standard-random-12x10.jsonl#b3e0ee948e4c8a9ba7834ece,standard-random-12x10,standard,random-start,12x10,tf:144,tf:141,false,p2,accepted,,1878264093,1878269727792280,1
tf_policy_elo_current_rule_continuation_g141_g150_2026-09-02,accepted/standard-random-12x10.jsonl#791b19bd656210276f51a214,standard-random-12x10,standard,random-start,12x10,tf:144,tf:141,false,p1,accepted,,1878264093,1878269727792282,3
tf_policy_elo_current_rule_continuation_g141_g150_2026-09-02,accepted/standard-random-12x10.jsonl#a0490214373cc8a33adb5887,standard-random-12x10,standard,random-start,12x10,tf:144,tf:141,false,p1,accepted,,1878264093,1878269727792284,5
tf_policy_elo_current_rule_continuation_g141_g150_2026-09-02,accepted/standard-random-12x10.jsonl#374c67fdfbfed0c6cd9bafeb,standard-random-12x10,standard,random-start,12x10,tf:144,tf:141,false,p2,accepted,,1878264093,1878269727792286,7
tf_policy_elo_current_rule_continuation_g141_g150_2026-09-02,accepted/standard-random-12x10.jsonl#4dc30798c1dca1478399321f,standard-random-12x10,standard,random-start,12x10,tf:144,tf:141,false,p1,accepted,,1878264093,1878269727792288,9
tf_policy_elo_current_rule_continuation_g141_g150_2026-09-02,accepted/standard-random-12x10.jsonl#efcf4c33245fc3335399ed49,standard-random-12x10,standard,random-start,12x10,tf:144,tf:141,false,p1,accepted,,1878264093,1878269727792290,11
tf_policy_elo_current_rule_continuation_g141_g150_2026-09-02,accepted/standard-random-12x10.jsonl#ac5f249940e941114abf0f1a,standard-random-12x10,standard,random-start,12x10,tf:144,tf:143,false,p1,accepted,,2017028425,2017034476085276,1
tf_policy_elo_current_rule_continuation_g141_g150_2026-09-02,accepted/standard-random-12x10.jsonl#77e8b18b16d9b0196f86506c,standard-random-12x10,standard,random-start,12x10,tf:144,tf:143,false,p1,accepted,,2017028425,2017034476085278,3
tf_policy_elo_current_rule_continuation_g141_g150_2026-09-02,accepted/standard-random-12x10.jsonl#cf9b0694205d6332f88203b3,standard-random-12x10,standard,random-start,12x10,tf:144,tf:143,false,p1,accepted,,2017028425,2017034476085280,5
tf_policy_elo_current_rule_continuation_g141_g150_2026-09-02,accepted/standard-random-12x10.jsonl#916c5aed760e8cbc0a52cade,standard-random-12x10,standard,random-start,12x10,tf:144,tf:143,false,p1,accepted,,2017028425,2017034476085282,7
tf_policy_elo_current_rule_continuation_g141_g150_2026-09-02,accepted/standard-random-12x10.jsonl#8df11fa1a543bffbe813e3fd,standard-random-12x10,standard,random-start,12x10,tf:144,tf:143,false,p1,accepted,,2017028425,2017034476085284,9
tf_policy_elo_current_rule_continuation_g141_g150_2026-09-02,accepted/standard-random-12x10.jsonl#8bd52bb0c0275825bbb0e6d0,standard-random-12x10,standard,random-start,12x10,tf:144,tf:143,false,p2,accepted,,2017028425,2017034476085286,11
tf_policy_elo_current_rule_continuation_g141_g150_2026-09-02,accepted/standard-random-12x10.jsonl#7f229b74ad45faa0a42c914b,standard-random-12x10,standard,random-start,12x10,tf:144,tf:145,true,p2,accepted,,177222117,177222648666351,0
tf_policy_elo_current_rule_continuation_g141_g150_2026-09-02,accepted/standard-random-12x10.jsonl#9194fdf6a81c353e78902e5d,standard-random-12x10,standard,random-start,12x10,tf:144,tf:145,true,p2,accepted,,177222117,177222648666353,2
tf_policy_elo_current_rule_continuation_g141_g150_2026-09-02,accepted/standard-random-12x10.jsonl#2b0aa587ca1626f6d0c62433,standard-random-12x10,standard,random-start,12x10,tf:144,tf:145,true,p1,accepted,,177222117,177222648666355,4
tf_policy_elo_current_rule_continuation_g141_g150_2026-09-02,accepted/standard-random-12x10.jsonl#d4692b571a4c06eb2ec74ccf,standard-random-12x10,standard,random-start,12x10,tf:144,tf:145,true,p1,accepted,,177222117,177222648666357,6
tf_policy_elo_current_rule_continuation_g141_g150_2026-09-02,accepted/standard-random-12x10.jsonl#21a3a6ac8e8053c2bd0d74f7,standard-random-12x10,standard,random-start,12x10,tf:144,tf:145,true,p1,accepted,,177222117,177222648666359,8
tf_policy_elo_current_rule_continuation_g141_g150_2026-09-02,accepted/standard-random-12x10.jsonl#d443dc85eb8ca29e04b3a46e,standard-random-12x10,standard,random-start,12x10,tf:144,tf:145,true,p2,accepted,,177222117,177222648666361,10
tf_policy_elo_current_rule_continuation_g141_g150_2026-09-02,accepted/standard-random-12x10.jsonl#12829ad5d12e7983cb2dd427,standard-random-12x10,standard,random-start,12x10,tf:144,tf:147,true,p2,accepted,,1387236632,1387240793709896,0
tf_policy_elo_current_rule_continuation_g141_g150_2026-09-02,accepted/standard-random-12x10.jsonl#9042c01b53447378a303ad36,standard-random-12x10,standard,random-start,12x10,tf:144,tf:147,true,p1,accepted,,1387236632,1387240793709898,2
tf_policy_elo_current_rule_continuation_g141_g150_2026-09-02,accepted/standard-random-12x10.jsonl#0a326c0751edad807665a82a,standard-random-12x10,standard,random-start,12x10,tf:144,tf:147,true,p1,accepted,,1387236632,1387240793709900,4
tf_policy_elo_current_rule_continuation_g141_g150_2026-09-02,accepted/standard-random-12x10.jsonl#d4bf1cd199d085189294bdcb,standard-random-12x10,standard,random-start,12x10,tf:144,tf:147,true,p2,accepted,,1387236632,1387240793709902,6
tf_policy_elo_current_rule_continuation_g141_g150_2026-09-02,accepted/standard-random-12x10.jsonl#a3ddd72cdc760f305205d97b,standard-random-12x10,standard,random-start,12x10,tf:144,tf:147,true,p2,accepted,,1387236632,1387240793709904,8
tf_policy_elo_current_rule_continuation_g141_g150_2026-09-02,accepted/standard-random-12x10.jsonl#c99a875f2b4c3d84212a9c69,standard-random-12x10,standard,random-start,12x10,tf:144,tf:147,true,p1,accepted,,1387236632,1387240793709906,10
tf_policy_elo_current_rule_continuation_g141_g150_2026-09-02,accepted/standard-random-12x10.jsonl#c57f1ae2ecad4cc1ff39a869,standard-random-12x10,standard,random-start,12x10,tf:144,tf:150,true,p1,accepted,,251724477,251725232173431,0
tf_policy_elo_current_rule_continuation_g141_g150_2026-09-02,accepted/standard-random-12x10.jsonl#0be58f00104665b7ad0147ff,standard-random-12x10,standard,random-start,12x10,tf:144,tf:150,true,p1,accepted,,251724477,251725232173433,2
tf_policy_elo_current_rule_continuation_g141_g150_2026-09-02,accepted/standard-random-12x10.jsonl#8f40ffa666d3e1f0576c1833,standard-random-12x10,standard,random-start,12x10,tf:144,tf:150,true,p1,accepted,,251724477,251725232173435,4
tf_policy_elo_current_rule_continuation_g141_g150_2026-09-02,accepted/standard-random-12x10.jsonl#03352dbc31a42c6f378fba58,standard-random-12x10,standard,random-start,12x10,tf:144,tf:150,true,p1,accepted,,251724477,251725232173437,6
tf_policy_elo_current_rule_continuation_g141_g150_2026-09-02,accepted/standard-random-12x10.jsonl#96e8f718e3f9ba5fb7f3bfb6,standard-random-12x10,standard,random-start,12x10,tf:144,tf:150,true,p1,accepted,,251724477,251725232173439,8
tf_policy_elo_current_rule_continuation_g141_g150_2026-09-02,accepted/standard-random-12x10.jsonl#67728ff59a0eedae092ea984,standard-random-12x10,standard,random-start,12x10,tf:144,tf:150,true,p1,accepted,,251724477,251725232173441,10
tf_policy_elo_current_rule_continuation_g141_g150_2026-09-02,accepted/standard-random-12x10.jsonl#595e4438d51b29d0f717b5eb,standard-random-12x10,standard,random-start,12x10,tf:145,tf:139,false,p2,accepted,,690037586,690039656112759,1
tf_policy_elo_current_rule_continuation_g141_g150_2026-09-02,accepted/standard-random-12x10.jsonl#9a56e4290b56b8c4aee50548,standard-random-12x10,standard,random-start,12x10,tf:145,tf:139,false,p2,accepted,,690037586,690039656112761,3
tf_policy_elo_current_rule_continuation_g141_g150_2026-09-02,accepted/standard-random-12x10.jsonl#303da4281cd76f44680b5f39,standard-random-12x10,standard,random-start,12x10,tf:145,tf:139,false,p1,accepted,,690037586,690039656112763,5
tf_policy_elo_current_rule_continuation_g141_g150_2026-09-02,accepted/standard-random-12x10.jsonl#6c7b5b430877f4dd50220e80,standard-random-12x10,standard,random-start,12x10,tf:145,tf:139,false,p1,accepted,,690037586,690039656112765,7
tf_policy_elo_current_rule_continuation_g141_g150_2026-09-02,accepted/standard-random-12x10.jsonl#da9f6492062200b90aefc718,standard-random-12x10,standard,random-start,12x10,tf:145,tf:139,false,p1,accepted,,690037586,690039656112767,9
tf_policy_elo_current_rule_continuation_g141_g150_2026-09-02,accepted/standard-random-12x10.jsonl#3fa9e0d72f400bc4036d22d2,standard-random-12x10,standard,random-start,12x10,tf:145,tf:139,false,p2,accepted,,690037586,690039656112769,11
tf_policy_elo_current_rule_continuation_g141_g150_2026-09-02,accepted/standard-random-12x10.jsonl#736375efdd6a42d5097b3d8c,standard-random-12x10,standard,random-start,12x10,tf:145,tf:142,false,p1,accepted,,2041622350,2041628474867051,1
tf_policy_elo_current_rule_continuation_g141_g150_2026-09-02,accepted/standard-random-12x10.jsonl#d5850b56003d33df0b90482a,standard-random-12x10,standard,random-start,12x10,tf:145,tf:142,false,p1,accepted,,2041622350,2041628474867053,3
tf_policy_elo_current_rule_continuation_g141_g150_2026-09-02,accepted/standard-random-12x10.jsonl#12c181cdf69f1be3f09cd899,standard-random-12x10,standard,random-start,12x10,tf:145,tf:142,false,p2,accepted,,2041622350,2041628474867055,5
tf_policy_elo_current_rule_continuation_g141_g150_2026-09-02,accepted/standard-random-12x10.jsonl#ff05af5ad9c5cea4640d72b9,standard-random-12x10,standard,random-start,12x10,tf:145,tf:142,false,p1,accepted,,2041622350,2041628474867057,7
tf_policy_elo_current_rule_continuation_g141_g150_2026-09-02,accepted/standard-random-12x10.jsonl#c6d5f628ead4fc212b5d1cfc,standard-random-12x10,standard,random-start,12x10,tf:145,tf:142,false,p2,accepted,,2041622350,2041628474867059,9
tf_policy_elo_current_rule_continuation_g141_g150_2026-09-02,accepted/standard-random-12x10.jsonl#37ddf82fbbdceb94c0079042,standard-random-12x10,standard,random-start,12x10,tf:145,tf:142,false,p1,accepted,,2041622350,2041628474867061,11
tf_policy_elo_current_rule_continuation_g141_g150_2026-09-02,accepted/standard-random-12x10.jsonl#f19f096561b28a55b4db0e0b,standard-random-12x10,standard,random-start,12x10,tf:145,tf:144,false,p2,accepted,,177222117,177222648666352,1
tf_policy_elo_current_rule_continuation_g141_g150_2026-09-02,accepted/standard-random-12x10.jsonl#dc58f97a9040aeeb79b4de0d,standard-random-12x10,standard,random-start,12x10,tf:145,tf:144,false,p2,accepted,,177222117,177222648666354,3
tf_policy_elo_current_rule_continuation_g141_g150_2026-09-02,accepted/standard-random-12x10.jsonl#0d934ae020d3f494851f9ff8,standard-random-12x10,standard,random-start,12x10,tf:145,tf:144,false,p1,accepted,,177222117,177222648666356,5
tf_policy_elo_current_rule_continuation_g141_g150_2026-09-02,accepted/standard-random-12x10.jsonl#e4f24e761ba5b6be05c3d036,standard-random-12x10,standard,random-start,12x10,tf:145,tf:144,false,p1,accepted,,177222117,177222648666358,7
tf_policy_elo_current_rule_continuation_g141_g150_2026-09-02,accepted/standard-random-12x10.jsonl#01e495f2bc89cb93201a3eab,standard-random-12x10,standard,random-start,12x10,tf:145,tf:144,false,p1,accepted,,177222117,177222648666360,9
tf_policy_elo_current_rule_continuation_g141_g150_2026-09-02,accepted/standard-random-12x10.jsonl#5f373ef277dbe4e0f36d7702,standard-random-12x10,standard,random-start,12x10,tf:145,tf:144,false,p1,accepted,,177222117,177222648666362,11
tf_policy_elo_current_rule_continuation_g141_g150_2026-09-02,accepted/standard-random-12x10.jsonl#3372ab080330aa376d6ad7ba,standard-random-12x10,standard,random-start,12x10,tf:145,tf:146,true,p1,accepted,,2071584240,2071590454752720,0
tf_policy_elo_current_rule_continuation_g141_g150_2026-09-02,accepted/standard-random-12x10.jsonl#666e35bf5e1550fec97f9cc1,standard-random-12x10,standard,random-start,12x10,tf:145,tf:146,true,p1,accepted,,2071584240,2071590454752722,2
tf_policy_elo_current_rule_continuation_g141_g150_2026-09-02,accepted/standard-random-12x10.jsonl#1a5e9221da7606403a2e9aa3,standard-random-12x10,standard,random-start,12x10,tf:145,tf:146,true,p2,accepted,,2071584240,2071590454752724,4
tf_policy_elo_current_rule_continuation_g141_g150_2026-09-02,accepted/standard-random-12x10.jsonl#0dbb8736d4f928d69d271b4c,standard-random-12x10,standard,random-start,12x10,tf:145,tf:146,true,p1,accepted,,2071584240,2071590454752726,6
tf_policy_elo_current_rule_continuation_g141_g150_2026-09-02,accepted/standard-random-12x10.jsonl#11a936fa8290191fc03c0459,standard-random-12x10,standard,random-start,12x10,tf:145,tf:146,true,p2,accepted,,2071584240,2071590454752728,8
tf_policy_elo_current_rule_continuation_g141_g150_2026-09-02,accepted/standard-random-12x10.jsonl#ce6e0a099d41c3598ef08210,standard-random-12x10,standard,random-start,12x10,tf:145,tf:146,true,p1,accepted,,2071584240,2071590454752730,10
tf_policy_elo_current_rule_continuation_g141_g150_2026-09-02,accepted/standard-random-12x10.jsonl#545193e6deb81de34832f469,standard-random-12x10,standard,random-start,12x10,tf:145,tf:148,true,p2,accepted,,865416691,865419287250073,0
tf_policy_elo_current_rule_continuation_g141_g150_2026-09-02,accepted/standard-random-12x10.jsonl#05dc0226374d5e4a124c840c,standard-random-12x10,standard,random-start,12x10,tf:145,tf:148,true,p2,accepted,,865416691,865419287250075,2
tf_policy_elo_current_rule_continuation_g141_g150_2026-09-02,accepted/standard-random-12x10.jsonl#25e9d5e9cb9355173d74d18f,standard-random-12x10,standard,random-start,12x10,tf:145,tf:148,true,p1,accepted,,865416691,865419287250077,4
tf_policy_elo_current_rule_continuation_g141_g150_2026-09-02,accepted/standard-random-12x10.jsonl#1463900f5f41f870a96f5049,standard-random-12x10,standard,random-start,12x10,tf:145,tf:148,true,p1,accepted,,865416691,865419287250079,6
tf_policy_elo_current_rule_continuation_g141_g150_2026-09-02,accepted/standard-random-12x10.jsonl#1bb326d97ab010ffbecbc2af,standard-random-12x10,standard,random-start,12x10,tf:145,tf:148,true,p2,accepted,,865416691,865419287250081,8
tf_policy_elo_current_rule_continuation_g141_g150_2026-09-02,accepted/standard-random-12x10.jsonl#7c4cc0d8bb0afc0b4872f0e8,standard-random-12x10,standard,random-start,12x10,tf:145,tf:148,true,p1,accepted,,865416691,865419287250083,10
tf_policy_elo_current_rule_continuation_g141_g150_2026-09-02,accepted/standard-random-12x10.jsonl#9a5c698e93f923413d011270,standard-random-12x10,standard,random-start,12x10,tf:146,tf:140,false,p1,accepted,,1853995696,1854001257987089,1
tf_policy_elo_current_rule_continuation_g141_g150_2026-09-02,accepted/standard-random-12x10.jsonl#25d3fdf60e6255499b0376dd,standard-random-12x10,standard,random-start,12x10,tf:146,tf:140,false,p1,accepted,,1853995696,1854001257987091,3
tf_policy_elo_current_rule_continuation_g141_g150_2026-09-02,accepted/standard-random-12x10.jsonl#30e439b58a3a3631c62e1fc4,standard-random-12x10,standard,random-start,12x10,tf:146,tf:140,false,p2,accepted,,1853995696,1854001257987093,5
tf_policy_elo_current_rule_continuation_g141_g150_2026-09-02,accepted/standard-random-12x10.jsonl#45375beb2aceaa535111bb32,standard-random-12x10,standard,random-start,12x10,tf:146,tf:140,false,p2,accepted,,1853995696,1854001257987095,7
tf_policy_elo_current_rule_continuation_g141_g150_2026-09-02,accepted/standard-random-12x10.jsonl#d9e1f7a33baa78ca23385d61,standard-random-12x10,standard,random-start,12x10,tf:146,tf:140,false,p1,accepted,,1853995696,1854001257987097,9
tf_policy_elo_current_rule_continuation_g141_g150_2026-09-02,accepted/standard-random-12x10.jsonl#ff3fa4a89204b68f4ca274a2,standard-random-12x10,standard,random-start,12x10,tf:146,tf:140,false,p1,accepted,,1853995696,1854001257987099,11
tf_policy_elo_current_rule_continuation_g141_g150_2026-09-02,accepted/standard-random-12x10.jsonl#eb8944d5490e6a870d38fef1,standard-random-12x10,standard,random-start,12x10,tf:146,tf:143,false,p2,accepted,,1017600786,1017603838802359,1
tf_policy_elo_current_rule_continuation_g141_g150_2026-09-02,accepted/standard-random-12x10.jsonl#a3a837f380219d8b6043ee09,standard-random-12x10,standard,random-start,12x10,tf:146,tf:143,false,p2,accepted,,1017600786,1017603838802361,3
tf_policy_elo_current_rule_continuation_g141_g150_2026-09-02,accepted/standard-random-12x10.jsonl#fd155b6fb33e9166da8d6682,standard-random-12x10,standard,random-start,12x10,tf:146,tf:143,false,p1,accepted,,1017600786,1017603838802363,5
tf_policy_elo_current_rule_continuation_g141_g150_2026-09-02,accepted/standard-random-12x10.jsonl#66c1447a50b0a46e27a09e53,standard-random-12x10,standard,random-start,12x10,tf:146,tf:143,false,p2,accepted,,1017600786,1017603838802365,7
tf_policy_elo_current_rule_continuation_g141_g150_2026-09-02,accepted/standard-random-12x10.jsonl#8d1895ba39414001afc3d064,standard-random-12x10,standard,random-start,12x10,tf:146,tf:143,false,p1,accepted,,1017600786,1017603838802367,9
tf_policy_elo_current_rule_continuation_g141_g150_2026-09-02,accepted/standard-random-12x10.jsonl#705069bdf4b685c5743c54c6,standard-random-12x10,standard,random-start,12x10,tf:146,tf:143,false,p1,accepted,,1017600786,1017603838802369,11
tf_policy_elo_current_rule_continuation_g141_g150_2026-09-02,accepted/standard-random-12x10.jsonl#f35f8da231d02e597b1a46ec,standard-random-12x10,standard,random-start,12x10,tf:146,tf:145,false,p1,accepted,,2071584240,2071590454752721,1
tf_policy_elo_current_rule_continuation_g141_g150_2026-09-02,accepted/standard-random-12x10.jsonl#09c963e3d6f2888068fcbec0,standard-random-12x10,standard,random-start,12x10,tf:146,tf:145,false,p1,accepted,,2071584240,2071590454752723,3
tf_policy_elo_current_rule_continuation_g141_g150_2026-09-02,accepted/standard-random-12x10.jsonl#2d93111df74b43951e879112,standard-random-12x10,standard,random-start,12x10,tf:146,tf:145,false,p1,accepted,,2071584240,2071590454752725,5
tf_policy_elo_current_rule_continuation_g141_g150_2026-09-02,accepted/standard-random-12x10.jsonl#336d6febaea13cbcf25d2b50,standard-random-12x10,standard,random-start,12x10,tf:146,tf:145,false,p2,accepted,,2071584240,2071590454752727,7
tf_policy_elo_current_rule_continuation_g141_g150_2026-09-02,accepted/standard-random-12x10.jsonl#1275ca9f474828f932f6dd35,standard-random-12x10,standard,random-start,12x10,tf:146,tf:145,false,p1,accepted,,2071584240,2071590454752729,9
tf_policy_elo_current_rule_continuation_g141_g150_2026-09-02,accepted/standard-random-12x10.jsonl#30117cff77b1528c5f2d8653,standard-random-12x10,standard,random-start,12x10,tf:146,tf:145,false,p1,accepted,,2071584240,2071590454752731,11
tf_policy_elo_current_rule_continuation_g141_g150_2026-09-02,accepted/standard-random-12x10.jsonl#817e29d07b1bb833393e14ae,standard-random-12x10,standard,random-start,12x10,tf:146,tf:147,true,p2,accepted,,38270497,38270611811491,0
tf_policy_elo_current_rule_continuation_g141_g150_2026-09-02,accepted/standard-random-12x10.jsonl#f755fa6a692725fd3f90386c,standard-random-12x10,standard,random-start,12x10,tf:146,tf:147,true,p1,accepted,,38270497,38270611811493,2
tf_policy_elo_current_rule_continuation_g141_g150_2026-09-02,accepted/standard-random-12x10.jsonl#a954f9e3ca41131bb34ed092,standard-random-12x10,standard,random-start,12x10,tf:146,tf:147,true,p1,accepted,,38270497,38270611811495,4
tf_policy_elo_current_rule_continuation_g141_g150_2026-09-02,accepted/standard-random-12x10.jsonl#0bb5b3cb65c17e6338c2c380,standard-random-12x10,standard,random-start,12x10,tf:146,tf:147,true,p1,accepted,,38270497,38270611811497,6
tf_policy_elo_current_rule_continuation_g141_g150_2026-09-02,accepted/standard-random-12x10.jsonl#7776603cfd155179f311a8db,standard-random-12x10,standard,random-start,12x10,tf:146,tf:147,true,p1,accepted,,38270497,38270611811499,8
tf_policy_elo_current_rule_continuation_g141_g150_2026-09-02,accepted/standard-random-12x10.jsonl#fe8e2c6a8cfd02591637068b,standard-random-12x10,standard,random-start,12x10,tf:146,tf:147,true,p2,accepted,,38270497,38270611811501,10
tf_policy_elo_current_rule_continuation_g141_g150_2026-09-02,accepted/standard-random-12x10.jsonl#e762dfe01d04301ece248743,standard-random-12x10,standard,random-start,12x10,tf:146,tf:149,true,p1,accepted,,1155255246,1155258711765738,0
tf_policy_elo_current_rule_continuation_g141_g150_2026-09-02,accepted/standard-random-12x10.jsonl#be382dc6bf26b0cf3fa2195b,standard-random-12x10,standard,random-start,12x10,tf:146,tf:149,true,p1,accepted,,1155255246,1155258711765740,2
tf_policy_elo_current_rule_continuation_g141_g150_2026-09-02,accepted/standard-random-12x10.jsonl#1e23a195586eca94eb0725b5,standard-random-12x10,standard,random-start,12x10,tf:146,tf:149,true,p2,accepted,,1155255246,1155258711765742,4
tf_policy_elo_current_rule_continuation_g141_g150_2026-09-02,accepted/standard-random-12x10.jsonl#120ac3ba38637c219ade1921,standard-random-12x10,standard,random-start,12x10,tf:146,tf:149,true,p1,accepted,,1155255246,1155258711765744,6
tf_policy_elo_current_rule_continuation_g141_g150_2026-09-02,accepted/standard-random-12x10.jsonl#f9dbb32d561d14bd5da04395,standard-random-12x10,standard,random-start,12x10,tf:146,tf:149,true,p1,accepted,,1155255246,1155258711765746,8
tf_policy_elo_current_rule_continuation_g141_g150_2026-09-02,accepted/standard-random-12x10.jsonl#e4927b125d3470d97840e562,standard-random-12x10,standard,random-start,12x10,tf:146,tf:149,true,p2,accepted,,1155255246,1155258711765748,10
tf_policy_elo_current_rule_continuation_g141_g150_2026-09-02,accepted/standard-random-12x10.jsonl#875c4ceeed2f822ea2213a66,standard-random-12x10,standard,random-start,12x10,tf:147,tf:141,false,p1,accepted,,2007881447,2007887470644342,1
tf_policy_elo_current_rule_continuation_g141_g150_2026-09-02,accepted/standard-random-12x10.jsonl#9389c2c952ec700aefa3c34c,standard-random-12x10,standard,random-start,12x10,tf:147,tf:141,false,p1,accepted,,2007881447,2007887470644344,3
tf_policy_elo_current_rule_continuation_g141_g150_2026-09-02,accepted/standard-random-12x10.jsonl#c1c089adc22e820ad2535316,standard-random-12x10,standard,random-start,12x10,tf:147,tf:141,false,p2,accepted,,2007881447,2007887470644346,5
tf_policy_elo_current_rule_continuation_g141_g150_2026-09-02,accepted/standard-random-12x10.jsonl#d23684f4e042d764623c61fb,standard-random-12x10,standard,random-start,12x10,tf:147,tf:141,false,p1,accepted,,2007881447,2007887470644348,7
tf_policy_elo_current_rule_continuation_g141_g150_2026-09-02,accepted/standard-random-12x10.jsonl#eaa8b5e1420252a0a900bd9e,standard-random-12x10,standard,random-start,12x10,tf:147,tf:141,false,p2,accepted,,2007881447,2007887470644350,9
tf_policy_elo_current_rule_continuation_g141_g150_2026-09-02,accepted/standard-random-12x10.jsonl#46599d3070bd3b67199636f4,standard-random-12x10,standard,random-start,12x10,tf:147,tf:141,false,p1,accepted,,2007881447,2007887470644352,11
tf_policy_elo_current_rule_continuation_g141_g150_2026-09-02,accepted/standard-random-12x10.jsonl#8a77ea803dd7471b060b0d7d,standard-random-12x10,standard,random-start,12x10,tf:147,tf:144,false,p2,accepted,,1387236632,1387240793709897,1
tf_policy_elo_current_rule_continuation_g141_g150_2026-09-02,accepted/standard-random-12x10.jsonl#71d4325bd58fae56fee663d2,standard-random-12x10,standard,random-start,12x10,tf:147,tf:144,false,p1,accepted,,1387236632,1387240793709899,3
tf_policy_elo_current_rule_continuation_g141_g150_2026-09-02,accepted/standard-random-12x10.jsonl#7ceadb5adba640dd95591fdc,standard-random-12x10,standard,random-start,12x10,tf:147,tf:144,false,p1,accepted,,1387236632,1387240793709901,5
tf_policy_elo_current_rule_continuation_g141_g150_2026-09-02,accepted/standard-random-12x10.jsonl#666d14fc71da29cfe21e1fd1,standard-random-12x10,standard,random-start,12x10,tf:147,tf:144,false,p2,accepted,,1387236632,1387240793709903,7
tf_policy_elo_current_rule_continuation_g141_g150_2026-09-02,accepted/standard-random-12x10.jsonl#fde928162647b04c7e073c2e,standard-random-12x10,standard,random-start,12x10,tf:147,tf:144,false,p1,accepted,,1387236632,1387240793709905,9
tf_policy_elo_current_rule_continuation_g141_g150_2026-09-02,accepted/standard-random-12x10.jsonl#977a172ca30c930e846df8ce,standard-random-12x10,standard,random-start,12x10,tf:147,tf:144,false,p2,accepted,,1387236632,1387240793709907,11
tf_policy_elo_current_rule_continuation_g141_g150_2026-09-02,accepted/standard-random-12x10.jsonl#0c386da444a3bf18f0b19c03,standard-random-12x10,standard,random-start,12x10,tf:147,tf:146,false,p2,accepted,,38270497,38270611811492,1
tf_policy_elo_current_rule_continuation_g141_g150_2026-09-02,accepted/standard-random-12x10.jsonl#2c1a1e7bc7b3b8bb95a5f614,standard-random-12x10,standard,random-start,12x10,tf:147,tf:146,false,p1,accepted,,38270497,38270611811494,3
tf_policy_elo_current_rule_continuation_g141_g150_2026-09-02,accepted/standard-random-12x10.jsonl#89d349c467712e806a7bfa7d,standard-random-12x10,standard,random-start,12x10,tf:147,tf:146,false,p1,accepted,,38270497,38270611811496,5
tf_policy_elo_current_rule_continuation_g141_g150_2026-09-02,accepted/standard-random-12x10.jsonl#6a32ac94ff30e8451ba6cedb,standard-random-12x10,standard,random-start,12x10,tf:147,tf:146,false,p1,accepted,,38270497,38270611811498,7
tf_policy_elo_current_rule_continuation_g141_g150_2026-09-02,accepted/standard-random-12x10.jsonl#539077b1d97a1346ca4d20a1,standard-random-12x10,standard,random-start,12x10,tf:147,tf:146,false,p2,accepted,,38270497,38270611811500,9
tf_policy_elo_current_rule_continuation_g141_g150_2026-09-02,accepted/standard-random-12x10.jsonl#97f008655b18dfc608f572ad,standard-random-12x10,standard,random-start,12x10,tf:147,tf:146,false,p1,accepted,,38270497,38270611811502,11
tf_policy_elo_current_rule_continuation_g141_g150_2026-09-02,accepted/standard-random-12x10.jsonl#8057f8f31826e2f85957ed90,standard-random-12x10,standard,random-start,12x10,tf:147,tf:148,true,p2,accepted,,1532271809,1532276405815427,0
tf_policy_elo_current_rule_continuation_g141_g150_2026-09-02,accepted/standard-random-12x10.jsonl#6638cf1134c528f10c0b48f4,standard-random-12x10,standard,random-start,12x10,tf:147,tf:148,true,p2,accepted,,1532271809,1532276405815429,2
tf_policy_elo_current_rule_continuation_g141_g150_2026-09-02,accepted/standard-random-12x10.jsonl#e9b6dae2f4ee288db22e950b,standard-random-12x10,standard,random-start,12x10,tf:147,tf:148,true,p1,accepted,,1532271809,1532276405815431,4
tf_policy_elo_current_rule_continuation_g141_g150_2026-09-02,accepted/standard-random-12x10.jsonl#b77a5c7b67b8ded90047ab3b,standard-random-12x10,standard,random-start,12x10,tf:147,tf:148,true,p1,accepted,,1532271809,1532276405815433,6
tf_policy_elo_current_rule_continuation_g141_g150_2026-09-02,accepted/standard-random-12x10.jsonl#d9034f91eeb6419e7e7ab837,standard-random-12x10,standard,random-start,12x10,tf:147,tf:148,true,p1,accepted,,1532271809,1532276405815435,8
tf_policy_elo_current_rule_continuation_g141_g150_2026-09-02,accepted/standard-random-12x10.jsonl#bafe142a5bc7fe74732c3eb2,standard-random-12x10,standard,random-start,12x10,tf:147,tf:148,true,p1,accepted,,1532271809,1532276405815437,10
tf_policy_elo_current_rule_continuation_g141_g150_2026-09-02,accepted/standard-random-12x10.jsonl#fe1007e5e2527728fedfd652,standard-random-12x10,standard,random-start,12x10,tf:147,tf:150,true,p1,accepted,,1540009153,1540013773027459,0
tf_policy_elo_current_rule_continuation_g141_g150_2026-09-02,accepted/standard-random-12x10.jsonl#08a742a8eb88452564dda970,standard-random-12x10,standard,random-start,12x10,tf:147,tf:150,true,p1,accepted,,1540009153,1540013773027461,2
tf_policy_elo_current_rule_continuation_g141_g150_2026-09-02,accepted/standard-random-12x10.jsonl#868ff282b76686a8352233cf,standard-random-12x10,standard,random-start,12x10,tf:147,tf:150,true,p2,accepted,,1540009153,1540013773027463,4
tf_policy_elo_current_rule_continuation_g141_g150_2026-09-02,accepted/standard-random-12x10.jsonl#173c73a9dbedea409c3caaf9,standard-random-12x10,standard,random-start,12x10,tf:147,tf:150,true,p2,accepted,,1540009153,1540013773027465,6
tf_policy_elo_current_rule_continuation_g141_g150_2026-09-02,accepted/standard-random-12x10.jsonl#f7c0b4520695aa575d035fa9,standard-random-12x10,standard,random-start,12x10,tf:147,tf:150,true,p1,accepted,,1540009153,1540013773027467,8
tf_policy_elo_current_rule_continuation_g141_g150_2026-09-02,accepted/standard-random-12x10.jsonl#edfce8c10a18fde555271052,standard-random-12x10,standard,random-start,12x10,tf:147,tf:150,true,p1,accepted,,1540009153,1540013773027469,10
tf_policy_elo_current_rule_continuation_g141_g150_2026-09-02,accepted/standard-random-12x10.jsonl#fab49bdd38b00cb61afa4e12,standard-random-12x10,standard,random-start,12x10,tf:148,tf:142,false,p2,accepted,,21803802,21803867411407,1
tf_policy_elo_current_rule_continuation_g141_g150_2026-09-02,accepted/standard-random-12x10.jsonl#5059e24dd9b1368a17fb1ea3,standard-random-12x10,standard,random-start,12x10,tf:148,tf:142,false,p1,accepted,,21803802,21803867411409,3
tf_policy_elo_current_rule_continuation_g141_g150_2026-09-02,accepted/standard-random-12x10.jsonl#f9232888beb7dc24aa459c37,standard-random-12x10,standard,random-start,12x10,tf:148,tf:142,false,p1,accepted,,21803802,21803867411411,5
tf_policy_elo_current_rule_continuation_g141_g150_2026-09-02,accepted/standard-random-12x10.jsonl#f12ed9311bc66a4913738641,standard-random-12x10,standard,random-start,12x10,tf:148,tf:142,false,p1,accepted,,21803802,21803867411413,7
tf_policy_elo_current_rule_continuation_g141_g150_2026-09-02,accepted/standard-random-12x10.jsonl#e88a96ff9abfcb49e38ff304,standard-random-12x10,standard,random-start,12x10,tf:148,tf:142,false,p2,accepted,,21803802,21803867411415,9
tf_policy_elo_current_rule_continuation_g141_g150_2026-09-02,accepted/standard-random-12x10.jsonl#ea54cf274c3d008cbea4c288,standard-random-12x10,standard,random-start,12x10,tf:148,tf:142,false,p2,accepted,,21803802,21803867411417,11
tf_policy_elo_current_rule_continuation_g141_g150_2026-09-02,accepted/standard-random-12x10.jsonl#0b0256d7afb18bb5b6cf4b66,standard-random-12x10,standard,random-start,12x10,tf:148,tf:145,false,p1,accepted,,865416691,865419287250074,1
tf_policy_elo_current_rule_continuation_g141_g150_2026-09-02,accepted/standard-random-12x10.jsonl#10fb826adb27a4825a3c4c59,standard-random-12x10,standard,random-start,12x10,tf:148,tf:145,false,p1,accepted,,865416691,865419287250076,3
tf_policy_elo_current_rule_continuation_g141_g150_2026-09-02,accepted/standard-random-12x10.jsonl#3a5b008f188760b2e93cd22f,standard-random-12x10,standard,random-start,12x10,tf:148,tf:145,false,p1,accepted,,865416691,865419287250078,5
tf_policy_elo_current_rule_continuation_g141_g150_2026-09-02,accepted/standard-random-12x10.jsonl#ac05ac13e23fd4143945f47d,standard-random-12x10,standard,random-start,12x10,tf:148,tf:145,false,p2,accepted,,865416691,865419287250080,7
tf_policy_elo_current_rule_continuation_g141_g150_2026-09-02,accepted/standard-random-12x10.jsonl#b3f33b2881c1cc8473ffca3c,standard-random-12x10,standard,random-start,12x10,tf:148,tf:145,false,p1,accepted,,865416691,865419287250082,9
tf_policy_elo_current_rule_continuation_g141_g150_2026-09-02,accepted/standard-random-12x10.jsonl#9ea23546e02b1091b37b71ba,standard-random-12x10,standard,random-start,12x10,tf:148,tf:145,false,p1,accepted,,865416691,865419287250084,11
tf_policy_elo_current_rule_continuation_g141_g150_2026-09-02,accepted/standard-random-12x10.jsonl#99f8d13d71c86b930793c562,standard-random-12x10,standard,random-start,12x10,tf:148,tf:147,false,p1,accepted,,1532271809,1532276405815428,1
tf_policy_elo_current_rule_continuation_g141_g150_2026-09-02,accepted/standard-random-12x10.jsonl#ad45953e2dc59c81dde6ef1c,standard-random-12x10,standard,random-start,12x10,tf:148,tf:147,false,p2,accepted,,1532271809,1532276405815430,3
tf_policy_elo_current_rule_continuation_g141_g150_2026-09-02,accepted/standard-random-12x10.jsonl#ab7e0ed1ab2f7e72c7856b42,standard-random-12x10,standard,random-start,12x10,tf:148,tf:147,false,p1,accepted,,1532271809,1532276405815432,5
tf_policy_elo_current_rule_continuation_g141_g150_2026-09-02,accepted/standard-random-12x10.jsonl#09be4b4c5448b2e2baf11ff6,standard-random-12x10,standard,random-start,12x10,tf:148,tf:147,false,p1,accepted,,1532271809,1532276405815434,7
tf_policy_elo_current_rule_continuation_g141_g150_2026-09-02,accepted/standard-random-12x10.jsonl#defd55e1e304c60f170018dd,standard-random-12x10,standard,random-start,12x10,tf:148,tf:147,false,p2,accepted,,1532271809,1532276405815436,9
tf_policy_elo_current_rule_continuation_g141_g150_2026-09-02,accepted/standard-random-12x10.jsonl#5feb14cd0ee4ca4689a3ab97,standard-random-12x10,standard,random-start,12x10,tf:148,tf:147,false,p2,accepted,,1532271809,1532276405815438,11
tf_policy_elo_current_rule_continuation_g141_g150_2026-09-02,accepted/standard-random-12x10.jsonl#58ac4dbc3ae89c7df8d2426b,standard-random-12x10,standard,random-start,12x10,tf:148,tf:149,true,p1,accepted,,621553676,621555540661028,0
tf_policy_elo_current_rule_continuation_g141_g150_2026-09-02,accepted/standard-random-12x10.jsonl#08ba6f5bae6936bc4b75edcd,standard-random-12x10,standard,random-start,12x10,tf:148,tf:149,true,p1,accepted,,621553676,621555540661030,2
tf_policy_elo_current_rule_continuation_g141_g150_2026-09-02,accepted/standard-random-12x10.jsonl#f2f974b8bf7bee501cde03c0,standard-random-12x10,standard,random-start,12x10,tf:148,tf:149,true,p2,accepted,,621553676,621555540661032,4
tf_policy_elo_current_rule_continuation_g141_g150_2026-09-02,accepted/standard-random-12x10.jsonl#1e99a0d66053d09330b6d79a,standard-random-12x10,standard,random-start,12x10,tf:148,tf:149,true,p1,accepted,,621553676,621555540661034,6
tf_policy_elo_current_rule_continuation_g141_g150_2026-09-02,accepted/standard-random-12x10.jsonl#f1dd20c3e072a13c4471c6d7,standard-random-12x10,standard,random-start,12x10,tf:148,tf:149,true,p1,accepted,,621553676,621555540661036,8
tf_policy_elo_current_rule_continuation_g141_g150_2026-09-02,accepted/standard-random-12x10.jsonl#0e266bfa7e5b17471489b0e1,standard-random-12x10,standard,random-start,12x10,tf:148,tf:149,true,p1,accepted,,621553676,621555540661038,10
tf_policy_elo_current_rule_continuation_g141_g150_2026-09-02,accepted/standard-random-12x10.jsonl#0e16cf762f6b4f841068a324,standard-random-12x10,standard,random-start,12x10,tf:149,tf:143,false,p1,accepted,,16544221,16544270632664,1
tf_policy_elo_current_rule_continuation_g141_g150_2026-09-02,accepted/standard-random-12x10.jsonl#d416b8fd13946a5c5ae48d97,standard-random-12x10,standard,random-start,12x10,tf:149,tf:143,false,p1,accepted,,16544221,16544270632666,3
tf_policy_elo_current_rule_continuation_g141_g150_2026-09-02,accepted/standard-random-12x10.jsonl#799cb0b277d684210e13d8d9,standard-random-12x10,standard,random-start,12x10,tf:149,tf:143,false,p1,accepted,,16544221,16544270632668,5
tf_policy_elo_current_rule_continuation_g141_g150_2026-09-02,accepted/standard-random-12x10.jsonl#d914436e527cf3d3ba41d164,standard-random-12x10,standard,random-start,12x10,tf:149,tf:143,false,p1,accepted,,16544221,16544270632670,7
tf_policy_elo_current_rule_continuation_g141_g150_2026-09-02,accepted/standard-random-12x10.jsonl#fc088db34ef235ba1004a73a,standard-random-12x10,standard,random-start,12x10,tf:149,tf:143,false,p1,accepted,,16544221,16544270632672,9
tf_policy_elo_current_rule_continuation_g141_g150_2026-09-02,accepted/standard-random-12x10.jsonl#73005f88f9006a4c29dfea30,standard-random-12x10,standard,random-start,12x10,tf:149,tf:143,false,p2,accepted,,16544221,16544270632674,11
tf_policy_elo_current_rule_continuation_g141_g150_2026-09-02,accepted/standard-random-12x10.jsonl#f0f3c6a4b7e01eac0560d7c5,standard-random-12x10,standard,random-start,12x10,tf:149,tf:146,false,p1,accepted,,1155255246,1155258711765739,1
tf_policy_elo_current_rule_continuation_g141_g150_2026-09-02,accepted/standard-random-12x10.jsonl#c535c08aa0e2cad201653aa1,standard-random-12x10,standard,random-start,12x10,tf:149,tf:146,false,p1,accepted,,1155255246,1155258711765741,3
tf_policy_elo_current_rule_continuation_g141_g150_2026-09-02,accepted/standard-random-12x10.jsonl#2ba860b4759a5d75c93d537f,standard-random-12x10,standard,random-start,12x10,tf:149,tf:146,false,p1,accepted,,1155255246,1155258711765743,5
tf_policy_elo_current_rule_continuation_g141_g150_2026-09-02,accepted/standard-random-12x10.jsonl#fdd455de428684293d756fd4,standard-random-12x10,standard,random-start,12x10,tf:149,tf:146,false,p1,accepted,,1155255246,1155258711765745,7
tf_policy_elo_current_rule_continuation_g141_g150_2026-09-02,accepted/standard-random-12x10.jsonl#83a2dbe2486d1b9418c744f7,standard-random-12x10,standard,random-start,12x10,tf:149,tf:146,false,p2,accepted,,1155255246,1155258711765747,9
tf_policy_elo_current_rule_continuation_g141_g150_2026-09-02,accepted/standard-random-12x10.jsonl#86ef20d51ee4616ddc4fb88a,standard-random-12x10,standard,random-start,12x10,tf:149,tf:146,false,p1,accepted,,1155255246,1155258711765749,11
tf_policy_elo_current_rule_continuation_g141_g150_2026-09-02,accepted/standard-random-12x10.jsonl#9f1fe452dd55e1217d923097,standard-random-12x10,standard,random-start,12x10,tf:149,tf:148,false,p2,accepted,,621553676,621555540661029,1
tf_policy_elo_current_rule_continuation_g141_g150_2026-09-02,accepted/standard-random-12x10.jsonl#1d223d349495e94a1fc89cd6,standard-random-12x10,standard,random-start,12x10,tf:149,tf:148,false,p1,accepted,,621553676,621555540661031,3
tf_policy_elo_current_rule_continuation_g141_g150_2026-09-02,accepted/standard-random-12x10.jsonl#609ff9bd58e8ca66442537d4,standard-random-12x10,standard,random-start,12x10,tf:149,tf:148,false,p1,accepted,,621553676,621555540661033,5
tf_policy_elo_current_rule_continuation_g141_g150_2026-09-02,accepted/standard-random-12x10.jsonl#71819940ec3c331411f16a6f,standard-random-12x10,standard,random-start,12x10,tf:149,tf:148,false,p1,accepted,,621553676,621555540661035,7
tf_policy_elo_current_rule_continuation_g141_g150_2026-09-02,accepted/standard-random-12x10.jsonl#19eb5714b92af75e48643f7b,standard-random-12x10,standard,random-start,12x10,tf:149,tf:148,false,p2,accepted,,621553676,621555540661037,9
tf_policy_elo_current_rule_continuation_g141_g150_2026-09-02,accepted/standard-random-12x10.jsonl#096b817c77c21f372809ffa6,standard-random-12x10,standard,random-start,12x10,tf:149,tf:148,false,p2,accepted,,621553676,621555540661039,11
tf_policy_elo_current_rule_continuation_g141_g150_2026-09-02,accepted/standard-random-12x10.jsonl#c6f12e5f1b11d67a0c463605,standard-random-12x10,standard,random-start,12x10,tf:149,tf:150,true,p2,accepted,,580485250,580486991455750,0
tf_policy_elo_current_rule_continuation_g141_g150_2026-09-02,accepted/standard-random-12x10.jsonl#ecfad285cc1c58afa339aef6,standard-random-12x10,standard,random-start,12x10,tf:149,tf:150,true,p2,accepted,,580485250,580486991455752,2
tf_policy_elo_current_rule_continuation_g141_g150_2026-09-02,accepted/standard-random-12x10.jsonl#5afae50ce5fbcd86b23edaf5,standard-random-12x10,standard,random-start,12x10,tf:149,tf:150,true,p1,accepted,,580485250,580486991455754,4
tf_policy_elo_current_rule_continuation_g141_g150_2026-09-02,accepted/standard-random-12x10.jsonl#fc09f1d4b5df17a9f554a975,standard-random-12x10,standard,random-start,12x10,tf:149,tf:150,true,p2,accepted,,580485250,580486991455756,6
tf_policy_elo_current_rule_continuation_g141_g150_2026-09-02,accepted/standard-random-12x10.jsonl#0394539e36be5e1ca0a87ef6,standard-random-12x10,standard,random-start,12x10,tf:149,tf:150,true,p1,accepted,,580485250,580486991455758,8
tf_policy_elo_current_rule_continuation_g141_g150_2026-09-02,accepted/standard-random-12x10.jsonl#b04c6dca3a445cefe542b902,standard-random-12x10,standard,random-start,12x10,tf:149,tf:150,true,p1,accepted,,580485250,580486991455760,10
tf_policy_elo_current_rule_continuation_g141_g150_2026-09-02,accepted/standard-random-12x10.jsonl#c65402c2a1bee2d325cb5660,standard-random-12x10,standard,random-start,12x10,tf:150,tf:144,false,p2,accepted,,251724477,251725232173432,1
tf_policy_elo_current_rule_continuation_g141_g150_2026-09-02,accepted/standard-random-12x10.jsonl#d65b487f62cb02a9bab03f6f,standard-random-12x10,standard,random-start,12x10,tf:150,tf:144,false,p1,accepted,,251724477,251725232173434,3
tf_policy_elo_current_rule_continuation_g141_g150_2026-09-02,accepted/standard-random-12x10.jsonl#757ac4934d382a13b87ad2e4,standard-random-12x10,standard,random-start,12x10,tf:150,tf:144,false,p1,accepted,,251724477,251725232173436,5
tf_policy_elo_current_rule_continuation_g141_g150_2026-09-02,accepted/standard-random-12x10.jsonl#635ab8f6dae266fd85ad4e5b,standard-random-12x10,standard,random-start,12x10,tf:150,tf:144,false,p2,accepted,,251724477,251725232173438,7
tf_policy_elo_current_rule_continuation_g141_g150_2026-09-02,accepted/standard-random-12x10.jsonl#106b2a212bab9d59339aa112,standard-random-12x10,standard,random-start,12x10,tf:150,tf:144,false,p1,accepted,,251724477,251725232173440,9
tf_policy_elo_current_rule_continuation_g141_g150_2026-09-02,accepted/standard-random-12x10.jsonl#fa675417787be4542f786040,standard-random-12x10,standard,random-start,12x10,tf:150,tf:144,false,p1,accepted,,251724477,251725232173442,11
tf_policy_elo_current_rule_continuation_g141_g150_2026-09-02,accepted/standard-random-12x10.jsonl#fd81d4185bc7ef78e8472c61,standard-random-12x10,standard,random-start,12x10,tf:150,tf:147,false,p2,accepted,,1540009153,1540013773027460,1
tf_policy_elo_current_rule_continuation_g141_g150_2026-09-02,accepted/standard-random-12x10.jsonl#7f28afa186d213dfbb50ffd0,standard-random-12x10,standard,random-start,12x10,tf:150,tf:147,false,p1,accepted,,1540009153,1540013773027462,3
tf_policy_elo_current_rule_continuation_g141_g150_2026-09-02,accepted/standard-random-12x10.jsonl#0a9b054fb8fc702e624bef87,standard-random-12x10,standard,random-start,12x10,tf:150,tf:147,false,p1,accepted,,1540009153,1540013773027464,5
tf_policy_elo_current_rule_continuation_g141_g150_2026-09-02,accepted/standard-random-12x10.jsonl#0168d171c27c2eac7831972b,standard-random-12x10,standard,random-start,12x10,tf:150,tf:147,false,p2,accepted,,1540009153,1540013773027466,7
tf_policy_elo_current_rule_continuation_g141_g150_2026-09-02,accepted/standard-random-12x10.jsonl#3c34728b9551b004c3051c16,standard-random-12x10,standard,random-start,12x10,tf:150,tf:147,false,p2,accepted,,1540009153,1540013773027468,9
tf_policy_elo_current_rule_continuation_g141_g150_2026-09-02,accepted/standard-random-12x10.jsonl#b0263333024e495c36e7b573,standard-random-12x10,standard,random-start,12x10,tf:150,tf:147,false,p1,accepted,,1540009153,1540013773027470,11
tf_policy_elo_current_rule_continuation_g141_g150_2026-09-02,accepted/standard-random-12x10.jsonl#03e4f7b4f9a4ec63925dacae,standard-random-12x10,standard,random-start,12x10,tf:150,tf:149,false,p1,accepted,,580485250,580486991455751,1
tf_policy_elo_current_rule_continuation_g141_g150_2026-09-02,accepted/standard-random-12x10.jsonl#8a23822e821b30142c54be02,standard-random-12x10,standard,random-start,12x10,tf:150,tf:149,false,p1,accepted,,580485250,580486991455753,3
tf_policy_elo_current_rule_continuation_g141_g150_2026-09-02,accepted/standard-random-12x10.jsonl#213e15c5e9178ea4cf7ab3ae,standard-random-12x10,standard,random-start,12x10,tf:150,tf:149,false,p2,accepted,,580485250,580486991455755,5
tf_policy_elo_current_rule_continuation_g141_g150_2026-09-02,accepted/standard-random-12x10.jsonl#a031214ebf4bbfbfecf8215e,standard-random-12x10,standard,random-start,12x10,tf:150,tf:149,false,p1,accepted,,580485250,580486991455757,7
tf_policy_elo_current_rule_continuation_g141_g150_2026-09-02,accepted/standard-random-12x10.jsonl#f96ea79d452f5afb55070f46,standard-random-12x10,standard,random-start,12x10,tf:150,tf:149,false,p1,accepted,,580485250,580486991455759,9
tf_policy_elo_current_rule_continuation_g141_g150_2026-09-02,accepted/standard-random-12x10.jsonl#a506ad7775576b8390a16de0,standard-random-12x10,standard,random-start,12x10,tf:150,tf:149,false,p1,accepted,,580485250,580486991455761,11
tf_policy_elo_current_rule_continuation_g141_g150_2026-09-02,accepted/standard-random-8x8.jsonl#951caebd6e8808be30b592a4,standard-random-8x8,standard,random-start,8x8,tf:135,tf:141,true,p1,accepted,,422648181,422649448944543,0
tf_policy_elo_current_rule_continuation_g141_g150_2026-09-02,accepted/standard-random-8x8.jsonl#39e3ec9dab4b90db994b9bc8,standard-random-8x8,standard,random-start,8x8,tf:135,tf:141,true,p1,accepted,,422648181,422649448944545,2
tf_policy_elo_current_rule_continuation_g141_g150_2026-09-02,accepted/standard-random-8x8.jsonl#9cbd4bf45b621c3e0b91fafb,standard-random-8x8,standard,random-start,8x8,tf:135,tf:141,true,p2,accepted,,422648181,422649448944547,4
tf_policy_elo_current_rule_continuation_g141_g150_2026-09-02,accepted/standard-random-8x8.jsonl#485e14550cbe6adfcfb8eb43,standard-random-8x8,standard,random-start,8x8,tf:135,tf:141,true,p1,accepted,,422648181,422649448944549,6
tf_policy_elo_current_rule_continuation_g141_g150_2026-09-02,accepted/standard-random-8x8.jsonl#f4c19412a6aa9bd55eaf6a1b,standard-random-8x8,standard,random-start,8x8,tf:135,tf:141,true,p2,accepted,,422648181,422649448944551,8
tf_policy_elo_current_rule_continuation_g141_g150_2026-09-02,accepted/standard-random-8x8.jsonl#f3761ceec183e4bbd1946650,standard-random-8x8,standard,random-start,8x8,tf:135,tf:141,true,p1,accepted,,422648181,422649448944553,10
tf_policy_elo_current_rule_continuation_g141_g150_2026-09-02,accepted/standard-random-8x8.jsonl#4ecf9ff6641bdfd375a7b6d6,standard-random-8x8,standard,random-start,8x8,tf:136,tf:142,true,p1,accepted,,1696250903,1696255991752709,0
tf_policy_elo_current_rule_continuation_g141_g150_2026-09-02,accepted/standard-random-8x8.jsonl#00ae91b19cc1fe35d4541ffd,standard-random-8x8,standard,random-start,8x8,tf:136,tf:142,true,p1,accepted,,1696250903,1696255991752711,2
tf_policy_elo_current_rule_continuation_g141_g150_2026-09-02,accepted/standard-random-8x8.jsonl#8131e6119b29dd20737d3dfa,standard-random-8x8,standard,random-start,8x8,tf:136,tf:142,true,p1,accepted,,1696250903,1696255991752713,4
tf_policy_elo_current_rule_continuation_g141_g150_2026-09-02,accepted/standard-random-8x8.jsonl#4540b66b3eed49c7cb0a2db3,standard-random-8x8,standard,random-start,8x8,tf:136,tf:142,true,p2,accepted,,1696250903,1696255991752715,6
tf_policy_elo_current_rule_continuation_g141_g150_2026-09-02,accepted/standard-random-8x8.jsonl#d8d3f64c12efca30a3b4ba33,standard-random-8x8,standard,random-start,8x8,tf:136,tf:142,true,p1,accepted,,1696250903,1696255991752717,8
tf_policy_elo_current_rule_continuation_g141_g150_2026-09-02,accepted/standard-random-8x8.jsonl#376a3732add3a64558ef673f,standard-random-8x8,standard,random-start,8x8,tf:136,tf:142,true,p1,accepted,,1696250903,1696255991752719,10
tf_policy_elo_current_rule_continuation_g141_g150_2026-09-02,accepted/standard-random-8x8.jsonl#83706ad667d6d1c6978874ad,standard-random-8x8,standard,random-start,8x8,tf:137,tf:143,true,p1,accepted,,1826498381,1826503860495143,0
tf_policy_elo_current_rule_continuation_g141_g150_2026-09-02,accepted/standard-random-8x8.jsonl#d0a364e0ae9c6186c68347ac,standard-random-8x8,standard,random-start,8x8,tf:137,tf:143,true,p1,accepted,,1826498381,1826503860495145,2
tf_policy_elo_current_rule_continuation_g141_g150_2026-09-02,accepted/standard-random-8x8.jsonl#ba4140cc372ac2912124f3f3,standard-random-8x8,standard,random-start,8x8,tf:137,tf:143,true,p1,accepted,,1826498381,1826503860495147,4
tf_policy_elo_current_rule_continuation_g141_g150_2026-09-02,accepted/standard-random-8x8.jsonl#fc415a1318c051933ca3eba4,standard-random-8x8,standard,random-start,8x8,tf:137,tf:143,true,p2,accepted,,1826498381,1826503860495149,6
tf_policy_elo_current_rule_continuation_g141_g150_2026-09-02,accepted/standard-random-8x8.jsonl#9140fb366280272dbb4e7b9f,standard-random-8x8,standard,random-start,8x8,tf:137,tf:143,true,p1,accepted,,1826498381,1826503860495151,8
tf_policy_elo_current_rule_continuation_g141_g150_2026-09-02,accepted/standard-random-8x8.jsonl#c79e5ba49a8bfe8e338c7a14,standard-random-8x8,standard,random-start,8x8,tf:137,tf:143,true,p1,accepted,,1826498381,1826503860495153,10
tf_policy_elo_current_rule_continuation_g141_g150_2026-09-02,accepted/standard-random-8x8.jsonl#4c2e429d8b1d2954542af1df,standard-random-8x8,standard,random-start,8x8,tf:138,tf:141,true,p1,accepted,,225269630,225270305808890,0
tf_policy_elo_current_rule_continuation_g141_g150_2026-09-02,accepted/standard-random-8x8.jsonl#636cbe3b8ce0be51a58c7381,standard-random-8x8,standard,random-start,8x8,tf:138,tf:141,true,p2,accepted,,225269630,225270305808892,2
tf_policy_elo_current_rule_continuation_g141_g150_2026-09-02,accepted/standard-random-8x8.jsonl#b080d9ef5f424fac495a6ef7,standard-random-8x8,standard,random-start,8x8,tf:138,tf:141,true,p1,accepted,,225269630,225270305808894,4
tf_policy_elo_current_rule_continuation_g141_g150_2026-09-02,accepted/standard-random-8x8.jsonl#378c9f571e6450aaaada2afe,standard-random-8x8,standard,random-start,8x8,tf:138,tf:141,true,p1,accepted,,225269630,225270305808896,6
tf_policy_elo_current_rule_continuation_g141_g150_2026-09-02,accepted/standard-random-8x8.jsonl#62c4d0bc01bfdd73710eee01,standard-random-8x8,standard,random-start,8x8,tf:138,tf:141,true,p1,accepted,,225269630,225270305808898,8
tf_policy_elo_current_rule_continuation_g141_g150_2026-09-02,accepted/standard-random-8x8.jsonl#51b4bbe8995427e20fcf34f1,standard-random-8x8,standard,random-start,8x8,tf:138,tf:141,true,p1,accepted,,225269630,225270305808900,10
tf_policy_elo_current_rule_continuation_g141_g150_2026-09-02,accepted/standard-random-8x8.jsonl#0197d7c253e0e9ec387cd786,standard-random-8x8,standard,random-start,8x8,tf:138,tf:144,true,p1,accepted,,602632607,602634414897821,0
tf_policy_elo_current_rule_continuation_g141_g150_2026-09-02,accepted/standard-random-8x8.jsonl#89a5bc9cb22802c1fa4c97c3,standard-random-8x8,standard,random-start,8x8,tf:138,tf:144,true,p1,accepted,,602632607,602634414897823,2
tf_policy_elo_current_rule_continuation_g141_g150_2026-09-02,accepted/standard-random-8x8.jsonl#5c369a2caddf9ece75d38ae5,standard-random-8x8,standard,random-start,8x8,tf:138,tf:144,true,p1,accepted,,602632607,602634414897825,4
tf_policy_elo_current_rule_continuation_g141_g150_2026-09-02,accepted/standard-random-8x8.jsonl#12c1b18dc8430c21e84d8b2a,standard-random-8x8,standard,random-start,8x8,tf:138,tf:144,true,p2,accepted,,602632607,602634414897827,6
tf_policy_elo_current_rule_continuation_g141_g150_2026-09-02,accepted/standard-random-8x8.jsonl#f737791e4b2c66e1a58adf1b,standard-random-8x8,standard,random-start,8x8,tf:138,tf:144,true,p1,accepted,,602632607,602634414897829,8
tf_policy_elo_current_rule_continuation_g141_g150_2026-09-02,accepted/standard-random-8x8.jsonl#1ee76457c7a7ec3e9735a981,standard-random-8x8,standard,random-start,8x8,tf:138,tf:144,true,p2,accepted,,602632607,602634414897831,10
tf_policy_elo_current_rule_continuation_g141_g150_2026-09-02,accepted/standard-random-8x8.jsonl#212eb928a78e71ae81e3f54e,standard-random-8x8,standard,random-start,8x8,tf:139,tf:142,true,p1,accepted,,1206670248,1206673868010744,0
tf_policy_elo_current_rule_continuation_g141_g150_2026-09-02,accepted/standard-random-8x8.jsonl#f715d350946aea3c2f8ae459,standard-random-8x8,standard,random-start,8x8,tf:139,tf:142,true,p2,accepted,,1206670248,1206673868010746,2
tf_policy_elo_current_rule_continuation_g141_g150_2026-09-02,accepted/standard-random-8x8.jsonl#f771bbe0e19af58606609715,standard-random-8x8,standard,random-start,8x8,tf:139,tf:142,true,p1,accepted,,1206670248,1206673868010748,4
tf_policy_elo_current_rule_continuation_g141_g150_2026-09-02,accepted/standard-random-8x8.jsonl#1f7dda76da1a87f08489f259,standard-random-8x8,standard,random-start,8x8,tf:139,tf:142,true,p1,accepted,,1206670248,1206673868010750,6
tf_policy_elo_current_rule_continuation_g141_g150_2026-09-02,accepted/standard-random-8x8.jsonl#3711d4521b4616c84c33c7d5,standard-random-8x8,standard,random-start,8x8,tf:139,tf:142,true,p1,accepted,,1206670248,1206673868010752,8
tf_policy_elo_current_rule_continuation_g141_g150_2026-09-02,accepted/standard-random-8x8.jsonl#59e74737b271883697450b26,standard-random-8x8,standard,random-start,8x8,tf:139,tf:142,true,p2,accepted,,1206670248,1206673868010754,10
tf_policy_elo_current_rule_continuation_g141_g150_2026-09-02,accepted/standard-random-8x8.jsonl#1312a82e5b30bd380295563a,standard-random-8x8,standard,random-start,8x8,tf:139,tf:145,true,p1,accepted,,127626879,127627261880637,0
tf_policy_elo_current_rule_continuation_g141_g150_2026-09-02,accepted/standard-random-8x8.jsonl#886feb3e22d50b03ac42d8c7,standard-random-8x8,standard,random-start,8x8,tf:139,tf:145,true,p2,accepted,,127626879,127627261880639,2
tf_policy_elo_current_rule_continuation_g141_g150_2026-09-02,accepted/standard-random-8x8.jsonl#a1afe4d8a8861b41853ec68e,standard-random-8x8,standard,random-start,8x8,tf:139,tf:145,true,p1,accepted,,127626879,127627261880641,4
tf_policy_elo_current_rule_continuation_g141_g150_2026-09-02,accepted/standard-random-8x8.jsonl#c4f3fecdb2bcb48d1c2e63de,standard-random-8x8,standard,random-start,8x8,tf:139,tf:145,true,p1,accepted,,127626879,127627261880643,6
tf_policy_elo_current_rule_continuation_g141_g150_2026-09-02,accepted/standard-random-8x8.jsonl#0af2231326e02981664fa367,standard-random-8x8,standard,random-start,8x8,tf:139,tf:145,true,p2,accepted,,127626879,127627261880645,8
tf_policy_elo_current_rule_continuation_g141_g150_2026-09-02,accepted/standard-random-8x8.jsonl#d461ae4d6464fd38feac2441,standard-random-8x8,standard,random-start,8x8,tf:139,tf:145,true,p1,accepted,,127626879,127627261880647,10
tf_policy_elo_current_rule_continuation_g141_g150_2026-09-02,accepted/standard-random-8x8.jsonl#5da44a7094f714a58ab7bce1,standard-random-8x8,standard,random-start,8x8,tf:140,tf:141,true,p1,accepted,,1222454995,1222458662364985,0
tf_policy_elo_current_rule_continuation_g141_g150_2026-09-02,accepted/standard-random-8x8.jsonl#67b2088af3f42e77ce883600,standard-random-8x8,standard,random-start,8x8,tf:140,tf:141,true,p1,accepted,,1222454995,1222458662364987,2
tf_policy_elo_current_rule_continuation_g141_g150_2026-09-02,accepted/standard-random-8x8.jsonl#bcc3ed19008ccb41a23e4822,standard-random-8x8,standard,random-start,8x8,tf:140,tf:141,true,p1,accepted,,1222454995,1222458662364989,4
tf_policy_elo_current_rule_continuation_g141_g150_2026-09-02,accepted/standard-random-8x8.jsonl#dac6946587dbf6bd71457156,standard-random-8x8,standard,random-start,8x8,tf:140,tf:141,true,p2,accepted,,1222454995,1222458662364991,6
tf_policy_elo_current_rule_continuation_g141_g150_2026-09-02,accepted/standard-random-8x8.jsonl#9fe7fec34a0714cdb65d317e,standard-random-8x8,standard,random-start,8x8,tf:140,tf:141,true,p1,accepted,,1222454995,1222458662364993,8
tf_policy_elo_current_rule_continuation_g141_g150_2026-09-02,accepted/standard-random-8x8.jsonl#5a02e19b4b1996f601534947,standard-random-8x8,standard,random-start,8x8,tf:140,tf:141,true,p1,accepted,,1222454995,1222458662364995,10
tf_policy_elo_current_rule_continuation_g141_g150_2026-09-02,accepted/standard-random-8x8.jsonl#a1ca585972dda365506d7107,standard-random-8x8,standard,random-start,8x8,tf:140,tf:143,true,p1,accepted,,724626613,724628786879839,0
tf_policy_elo_current_rule_continuation_g141_g150_2026-09-02,accepted/standard-random-8x8.jsonl#d74c439e5d79c0d2033bf49a,standard-random-8x8,standard,random-start,8x8,tf:140,tf:143,true,p1,accepted,,724626613,724628786879841,2
tf_policy_elo_current_rule_continuation_g141_g150_2026-09-02,accepted/standard-random-8x8.jsonl#085cbded9623e3f0be5aedf2,standard-random-8x8,standard,random-start,8x8,tf:140,tf:143,true,p1,accepted,,724626613,724628786879843,4
tf_policy_elo_current_rule_continuation_g141_g150_2026-09-02,accepted/standard-random-8x8.jsonl#da34971e2350319e025f0f98,standard-random-8x8,standard,random-start,8x8,tf:140,tf:143,true,p2,accepted,,724626613,724628786879845,6
tf_policy_elo_current_rule_continuation_g141_g150_2026-09-02,accepted/standard-random-8x8.jsonl#d75115dd816859aab4de670f,standard-random-8x8,standard,random-start,8x8,tf:140,tf:143,true,p1,accepted,,724626613,724628786879847,8
tf_policy_elo_current_rule_continuation_g141_g150_2026-09-02,accepted/standard-random-8x8.jsonl#2f272e43d0bf8fc7bdcaec35,standard-random-8x8,standard,random-start,8x8,tf:140,tf:143,true,p1,accepted,,724626613,724628786879849,10
tf_policy_elo_current_rule_continuation_g141_g150_2026-09-02,accepted/standard-random-8x8.jsonl#290e1b8ec55fc9f83fb04579,standard-random-8x8,standard,random-start,8x8,tf:140,tf:146,true,p1,accepted,,1235498718,1235502424496154,0
tf_policy_elo_current_rule_continuation_g141_g150_2026-09-02,accepted/standard-random-8x8.jsonl#1676f4ecd9c0c54ebfbcc211,standard-random-8x8,standard,random-start,8x8,tf:140,tf:146,true,p1,accepted,,1235498718,1235502424496156,2
tf_policy_elo_current_rule_continuation_g141_g150_2026-09-02,accepted/standard-random-8x8.jsonl#fdf5f63244051ceb15aaa525,standard-random-8x8,standard,random-start,8x8,tf:140,tf:146,true,p1,accepted,,1235498718,1235502424496158,4
tf_policy_elo_current_rule_continuation_g141_g150_2026-09-02,accepted/standard-random-8x8.jsonl#a25a77d173591821dc1c26e2,standard-random-8x8,standard,random-start,8x8,tf:140,tf:146,true,p2,accepted,,1235498718,1235502424496160,6
tf_policy_elo_current_rule_continuation_g141_g150_2026-09-02,accepted/standard-random-8x8.jsonl#c3388f0263ed232453028f57,standard-random-8x8,standard,random-start,8x8,tf:140,tf:146,true,p1,accepted,,1235498718,1235502424496162,8
tf_policy_elo_current_rule_continuation_g141_g150_2026-09-02,accepted/standard-random-8x8.jsonl#9de96e8b5f225367ad9f75bf,standard-random-8x8,standard,random-start,8x8,tf:140,tf:146,true,p2,accepted,,1235498718,1235502424496164,10
tf_policy_elo_current_rule_continuation_g141_g150_2026-09-02,accepted/standard-random-8x8.jsonl#689d3c6b64722842937019be,standard-random-8x8,standard,random-start,8x8,tf:141,tf:135,false,p1,accepted,,422648181,422649448944544,1
tf_policy_elo_current_rule_continuation_g141_g150_2026-09-02,accepted/standard-random-8x8.jsonl#3d35063f72c8fa5317885afb,standard-random-8x8,standard,random-start,8x8,tf:141,tf:135,false,p1,accepted,,422648181,422649448944546,3
tf_policy_elo_current_rule_continuation_g141_g150_2026-09-02,accepted/standard-random-8x8.jsonl#9014c75fe80df840362c9594,standard-random-8x8,standard,random-start,8x8,tf:141,tf:135,false,p2,accepted,,422648181,422649448944548,5
tf_policy_elo_current_rule_continuation_g141_g150_2026-09-02,accepted/standard-random-8x8.jsonl#5c6a0152c65623b9cc000cb2,standard-random-8x8,standard,random-start,8x8,tf:141,tf:135,false,p1,accepted,,422648181,422649448944550,7
tf_policy_elo_current_rule_continuation_g141_g150_2026-09-02,accepted/standard-random-8x8.jsonl#34caf907ac70828ea407c7cd,standard-random-8x8,standard,random-start,8x8,tf:141,tf:135,false,p1,accepted,,422648181,422649448944552,9
tf_policy_elo_current_rule_continuation_g141_g150_2026-09-02,accepted/standard-random-8x8.jsonl#cbde8c642b61cc35ac55bbe7,standard-random-8x8,standard,random-start,8x8,tf:141,tf:135,false,p2,accepted,,422648181,422649448944554,11
tf_policy_elo_current_rule_continuation_g141_g150_2026-09-02,accepted/standard-random-8x8.jsonl#1d31fc4b20b1b62d51d67e21,standard-random-8x8,standard,random-start,8x8,tf:141,tf:138,false,p1,accepted,,225269630,225270305808891,1
tf_policy_elo_current_rule_continuation_g141_g150_2026-09-02,accepted/standard-random-8x8.jsonl#3ae26569079c750d2e731165,standard-random-8x8,standard,random-start,8x8,tf:141,tf:138,false,p1,accepted,,225269630,225270305808893,3
tf_policy_elo_current_rule_continuation_g141_g150_2026-09-02,accepted/standard-random-8x8.jsonl#2503e2db3a66fd50e48c827b,standard-random-8x8,standard,random-start,8x8,tf:141,tf:138,false,p1,accepted,,225269630,225270305808895,5
tf_policy_elo_current_rule_continuation_g141_g150_2026-09-02,accepted/standard-random-8x8.jsonl#f6c60c0a107025b59d464040,standard-random-8x8,standard,random-start,8x8,tf:141,tf:138,false,p1,accepted,,225269630,225270305808897,7
tf_policy_elo_current_rule_continuation_g141_g150_2026-09-02,accepted/standard-random-8x8.jsonl#e41022938d86cee674afca53,standard-random-8x8,standard,random-start,8x8,tf:141,tf:138,false,p1,accepted,,225269630,225270305808899,9
tf_policy_elo_current_rule_continuation_g141_g150_2026-09-02,accepted/standard-random-8x8.jsonl#37185257770c7dc1c1b419b1,standard-random-8x8,standard,random-start,8x8,tf:141,tf:138,false,p1,accepted,,225269630,225270305808901,11
tf_policy_elo_current_rule_continuation_g141_g150_2026-09-02,accepted/standard-random-8x8.jsonl#f8b08cc21593f194ba2de517,standard-random-8x8,standard,random-start,8x8,tf:141,tf:140,false,p1,accepted,,1222454995,1222458662364986,1
tf_policy_elo_current_rule_continuation_g141_g150_2026-09-02,accepted/standard-random-8x8.jsonl#616ce2d918a10d05f3e31c34,standard-random-8x8,standard,random-start,8x8,tf:141,tf:140,false,p1,accepted,,1222454995,1222458662364988,3
tf_policy_elo_current_rule_continuation_g141_g150_2026-09-02,accepted/standard-random-8x8.jsonl#1fa6fe32389e3b90a0e45e1c,standard-random-8x8,standard,random-start,8x8,tf:141,tf:140,false,p1,accepted,,1222454995,1222458662364990,5
tf_policy_elo_current_rule_continuation_g141_g150_2026-09-02,accepted/standard-random-8x8.jsonl#e36a6d1d2689161b4d567782,standard-random-8x8,standard,random-start,8x8,tf:141,tf:140,false,p2,accepted,,1222454995,1222458662364992,7
tf_policy_elo_current_rule_continuation_g141_g150_2026-09-02,accepted/standard-random-8x8.jsonl#23c6bdef00dd2c51814ecaf9,standard-random-8x8,standard,random-start,8x8,tf:141,tf:140,false,p1,accepted,,1222454995,1222458662364994,9
tf_policy_elo_current_rule_continuation_g141_g150_2026-09-02,accepted/standard-random-8x8.jsonl#dae2a6638db5999afc71df1d,standard-random-8x8,standard,random-start,8x8,tf:141,tf:140,false,p1,accepted,,1222454995,1222458662364996,11
tf_policy_elo_current_rule_continuation_g141_g150_2026-09-02,accepted/standard-random-8x8.jsonl#c7355f6b1d871a18604a9a71,standard-random-8x8,standard,random-start,8x8,tf:141,tf:142,true,p1,accepted,,1375750608,1375754735251824,0
tf_policy_elo_current_rule_continuation_g141_g150_2026-09-02,accepted/standard-random-8x8.jsonl#3780a3b885a2780b5f894b68,standard-random-8x8,standard,random-start,8x8,tf:141,tf:142,true,p1,accepted,,1375750608,1375754735251826,2
tf_policy_elo_current_rule_continuation_g141_g150_2026-09-02,accepted/standard-random-8x8.jsonl#41decfef3ed457f11f497bfb,standard-random-8x8,standard,random-start,8x8,tf:141,tf:142,true,p1,accepted,,1375750608,1375754735251828,4
tf_policy_elo_current_rule_continuation_g141_g150_2026-09-02,accepted/standard-random-8x8.jsonl#b4ad2ebecebded294d1363fe,standard-random-8x8,standard,random-start,8x8,tf:141,tf:142,true,p2,accepted,,1375750608,1375754735251830,6
tf_policy_elo_current_rule_continuation_g141_g150_2026-09-02,accepted/standard-random-8x8.jsonl#20b02de519ebe9504c58ae77,standard-random-8x8,standard,random-start,8x8,tf:141,tf:142,true,p1,accepted,,1375750608,1375754735251832,8
tf_policy_elo_current_rule_continuation_g141_g150_2026-09-02,accepted/standard-random-8x8.jsonl#c9aadefcb18dba807ac9f808,standard-random-8x8,standard,random-start,8x8,tf:141,tf:142,true,p1,accepted,,1375750608,1375754735251834,10
tf_policy_elo_current_rule_continuation_g141_g150_2026-09-02,accepted/standard-random-8x8.jsonl#62c19a7313c93e910b834610,standard-random-8x8,standard,random-start,8x8,tf:141,tf:144,true,p2,accepted,,180923201,180923743769603,0
tf_policy_elo_current_rule_continuation_g141_g150_2026-09-02,accepted/standard-random-8x8.jsonl#74fbe406373f0a840da33d83,standard-random-8x8,standard,random-start,8x8,tf:141,tf:144,true,p2,accepted,,180923201,180923743769605,2
tf_policy_elo_current_rule_continuation_g141_g150_2026-09-02,accepted/standard-random-8x8.jsonl#deac04721e72638538a1b707,standard-random-8x8,standard,random-start,8x8,tf:141,tf:144,true,p1,accepted,,180923201,180923743769607,4
tf_policy_elo_current_rule_continuation_g141_g150_2026-09-02,accepted/standard-random-8x8.jsonl#686ba70d98c00cfe44784f35,standard-random-8x8,standard,random-start,8x8,tf:141,tf:144,true,p1,accepted,,180923201,180923743769609,6
tf_policy_elo_current_rule_continuation_g141_g150_2026-09-02,accepted/standard-random-8x8.jsonl#91ca9d30726fb7c29ed0666d,standard-random-8x8,standard,random-start,8x8,tf:141,tf:144,true,p1,accepted,,180923201,180923743769611,8
tf_policy_elo_current_rule_continuation_g141_g150_2026-09-02,accepted/standard-random-8x8.jsonl#1817bbad4466d6ab1db75f65,standard-random-8x8,standard,random-start,8x8,tf:141,tf:144,true,p2,accepted,,180923201,180923743769613,10
tf_policy_elo_current_rule_continuation_g141_g150_2026-09-02,accepted/standard-random-8x8.jsonl#7f1b86cd2b872037641fd0e7,standard-random-8x8,standard,random-start,8x8,tf:141,tf:147,true,p1,accepted,,881684404,881687049053212,0
tf_policy_elo_current_rule_continuation_g141_g150_2026-09-02,accepted/standard-random-8x8.jsonl#f6552f1439d803a2dc001546,standard-random-8x8,standard,random-start,8x8,tf:141,tf:147,true,p1,accepted,,881684404,881687049053214,2
tf_policy_elo_current_rule_continuation_g141_g150_2026-09-02,accepted/standard-random-8x8.jsonl#af34941935a88dd9a02e9b94,standard-random-8x8,standard,random-start,8x8,tf:141,tf:147,true,p1,accepted,,881684404,881687049053216,4
tf_policy_elo_current_rule_continuation_g141_g150_2026-09-02,accepted/standard-random-8x8.jsonl#bd1fdac61c2ef5910fa7ae97,standard-random-8x8,standard,random-start,8x8,tf:141,tf:147,true,p1,accepted,,881684404,881687049053218,6
tf_policy_elo_current_rule_continuation_g141_g150_2026-09-02,accepted/standard-random-8x8.jsonl#c1755962cc4b97389f854b59,standard-random-8x8,standard,random-start,8x8,tf:141,tf:147,true,p1,accepted,,881684404,881687049053220,8
tf_policy_elo_current_rule_continuation_g141_g150_2026-09-02,accepted/standard-random-8x8.jsonl#0862207d4e14afa87bbcdb33,standard-random-8x8,standard,random-start,8x8,tf:141,tf:147,true,p2,accepted,,881684404,881687049053222,10
tf_policy_elo_current_rule_continuation_g141_g150_2026-09-02,accepted/standard-random-8x8.jsonl#968e83c0901591da485f8b94,standard-random-8x8,standard,random-start,8x8,tf:142,tf:136,false,p1,accepted,,1696250903,1696255991752710,1
tf_policy_elo_current_rule_continuation_g141_g150_2026-09-02,accepted/standard-random-8x8.jsonl#f663833ebe7eb6384d505117,standard-random-8x8,standard,random-start,8x8,tf:142,tf:136,false,p1,accepted,,1696250903,1696255991752712,3
tf_policy_elo_current_rule_continuation_g141_g150_2026-09-02,accepted/standard-random-8x8.jsonl#a93ba3dbe8e759e85c15a524,standard-random-8x8,standard,random-start,8x8,tf:142,tf:136,false,p1,accepted,,1696250903,1696255991752714,5
tf_policy_elo_current_rule_continuation_g141_g150_2026-09-02,accepted/standard-random-8x8.jsonl#46f28862794bdb1256ab682c,standard-random-8x8,standard,random-start,8x8,tf:142,tf:136,false,p1,accepted,,1696250903,1696255991752716,7
tf_policy_elo_current_rule_continuation_g141_g150_2026-09-02,accepted/standard-random-8x8.jsonl#618ec95b821583363530d605,standard-random-8x8,standard,random-start,8x8,tf:142,tf:136,false,p1,accepted,,1696250903,1696255991752718,9
tf_policy_elo_current_rule_continuation_g141_g150_2026-09-02,accepted/standard-random-8x8.jsonl#d27d040a3a605dace44b992e,standard-random-8x8,standard,random-start,8x8,tf:142,tf:136,false,p1,accepted,,1696250903,1696255991752720,11
tf_policy_elo_current_rule_continuation_g141_g150_2026-09-02,accepted/standard-random-8x8.jsonl#ffc2bbb46dbf533611cce2d7,standard-random-8x8,standard,random-start,8x8,tf:142,tf:139,false,p2,accepted,,1206670248,1206673868010745,1
tf_policy_elo_current_rule_continuation_g141_g150_2026-09-02,accepted/standard-random-8x8.jsonl#20695680820c59e0fabe4b14,standard-random-8x8,standard,random-start,8x8,tf:142,tf:139,false,p1,accepted,,1206670248,1206673868010747,3
tf_policy_elo_current_rule_continuation_g141_g150_2026-09-02,accepted/standard-random-8x8.jsonl#ea13bb585321bd11717c9a2f,standard-random-8x8,standard,random-start,8x8,tf:142,tf:139,false,p1,accepted,,1206670248,1206673868010749,5
tf_policy_elo_current_rule_continuation_g141_g150_2026-09-02,accepted/standard-random-8x8.jsonl#6ae2de161473fe7170a62f0b,standard-random-8x8,standard,random-start,8x8,tf:142,tf:139,false,p1,accepted,,1206670248,1206673868010751,7
tf_policy_elo_current_rule_continuation_g141_g150_2026-09-02,accepted/standard-random-8x8.jsonl#fc08310cb9a172005a7037a1,standard-random-8x8,standard,random-start,8x8,tf:142,tf:139,false,p1,accepted,,1206670248,1206673868010753,9
tf_policy_elo_current_rule_continuation_g141_g150_2026-09-02,accepted/standard-random-8x8.jsonl#b8cf557f40beb495bbd4dee9,standard-random-8x8,standard,random-start,8x8,tf:142,tf:139,false,p1,accepted,,1206670248,1206673868010755,11
tf_policy_elo_current_rule_continuation_g141_g150_2026-09-02,accepted/standard-random-8x8.jsonl#89ffe0f7cf383c0b016f36a2,standard-random-8x8,standard,random-start,8x8,tf:142,tf:141,false,p1,accepted,,1375750608,1375754735251825,1
tf_policy_elo_current_rule_continuation_g141_g150_2026-09-02,accepted/standard-random-8x8.jsonl#f391ac90f5115e538c70bc98,standard-random-8x8,standard,random-start,8x8,tf:142,tf:141,false,p1,accepted,,1375750608,1375754735251827,3
tf_policy_elo_current_rule_continuation_g141_g150_2026-09-02,accepted/standard-random-8x8.jsonl#ebd10b53582d4d563b5b46ad,standard-random-8x8,standard,random-start,8x8,tf:142,tf:141,false,p1,accepted,,1375750608,1375754735251829,5
tf_policy_elo_current_rule_continuation_g141_g150_2026-09-02,accepted/standard-random-8x8.jsonl#bd0193f41d0a339c534a24fa,standard-random-8x8,standard,random-start,8x8,tf:142,tf:141,false,p2,accepted,,1375750608,1375754735251831,7
tf_policy_elo_current_rule_continuation_g141_g150_2026-09-02,accepted/standard-random-8x8.jsonl#334c587d04f21934c4687993,standard-random-8x8,standard,random-start,8x8,tf:142,tf:141,false,p2,accepted,,1375750608,1375754735251833,9
tf_policy_elo_current_rule_continuation_g141_g150_2026-09-02,accepted/standard-random-8x8.jsonl#ea58ebbf8c093913e97fd1f9,standard-random-8x8,standard,random-start,8x8,tf:142,tf:141,false,p1,accepted,,1375750608,1375754735251835,11
tf_policy_elo_current_rule_continuation_g141_g150_2026-09-02,accepted/standard-random-8x8.jsonl#fa4d9bc0441f773cdba83b45,standard-random-8x8,standard,random-start,8x8,tf:142,tf:143,true,p1,accepted,,986705883,986708843117649,0
tf_policy_elo_current_rule_continuation_g141_g150_2026-09-02,accepted/standard-random-8x8.jsonl#8997addb82d083c309a7e514,standard-random-8x8,standard,random-start,8x8,tf:142,tf:143,true,p2,accepted,,986705883,986708843117651,2
tf_policy_elo_current_rule_continuation_g141_g150_2026-09-02,accepted/standard-random-8x8.jsonl#f8ac8075a7602d9308084146,standard-random-8x8,standard,random-start,8x8,tf:142,tf:143,true,p1,accepted,,986705883,986708843117653,4
tf_policy_elo_current_rule_continuation_g141_g150_2026-09-02,accepted/standard-random-8x8.jsonl#cdd7ddef753c23f42f799124,standard-random-8x8,standard,random-start,8x8,tf:142,tf:143,true,p1,accepted,,986705883,986708843117655,6
tf_policy_elo_current_rule_continuation_g141_g150_2026-09-02,accepted/standard-random-8x8.jsonl#45fd012d740d6f358a002fb2,standard-random-8x8,standard,random-start,8x8,tf:142,tf:143,true,p2,accepted,,986705883,986708843117657,8
tf_policy_elo_current_rule_continuation_g141_g150_2026-09-02,accepted/standard-random-8x8.jsonl#a01fb02559b9fb5317fc7936,standard-random-8x8,standard,random-start,8x8,tf:142,tf:143,true,p1,accepted,,986705883,986708843117659,10
tf_policy_elo_current_rule_continuation_g141_g150_2026-09-02,accepted/standard-random-8x8.jsonl#a2907be50c22f54653277625,standard-random-8x8,standard,random-start,8x8,tf:142,tf:145,true,p2,accepted,,1995671675,1995677662015025,0
tf_policy_elo_current_rule_continuation_g141_g150_2026-09-02,accepted/standard-random-8x8.jsonl#31aba750ca34e41f9251d8fc,standard-random-8x8,standard,random-start,8x8,tf:142,tf:145,true,p1,accepted,,1995671675,1995677662015027,2
tf_policy_elo_current_rule_continuation_g141_g150_2026-09-02,accepted/standard-random-8x8.jsonl#b5e18b2db714f0a3748e1aa0,standard-random-8x8,standard,random-start,8x8,tf:142,tf:145,true,p2,accepted,,1995671675,1995677662015029,4
tf_policy_elo_current_rule_continuation_g141_g150_2026-09-02,accepted/standard-random-8x8.jsonl#a53d5d55a236245f3bf9572e,standard-random-8x8,standard,random-start,8x8,tf:142,tf:145,true,p1,accepted,,1995671675,1995677662015031,6
tf_policy_elo_current_rule_continuation_g141_g150_2026-09-02,accepted/standard-random-8x8.jsonl#ec9590d3ae2daaca61e5dd2f,standard-random-8x8,standard,random-start,8x8,tf:142,tf:145,true,p2,accepted,,1995671675,1995677662015033,8
tf_policy_elo_current_rule_continuation_g141_g150_2026-09-02,accepted/standard-random-8x8.jsonl#2a29d292d811a21d75df80e8,standard-random-8x8,standard,random-start,8x8,tf:142,tf:145,true,p1,accepted,,1995671675,1995677662015035,10
tf_policy_elo_current_rule_continuation_g141_g150_2026-09-02,accepted/standard-random-8x8.jsonl#9042fd78339475055a9c909d,standard-random-8x8,standard,random-start,8x8,tf:142,tf:148,true,p1,accepted,,171996927,171997442990781,0
tf_policy_elo_current_rule_continuation_g141_g150_2026-09-02,accepted/standard-random-8x8.jsonl#472e2e09f6f70ae0e331da85,standard-random-8x8,standard,random-start,8x8,tf:142,tf:148,true,p1,accepted,,171996927,171997442990783,2
tf_policy_elo_current_rule_continuation_g141_g150_2026-09-02,accepted/standard-random-8x8.jsonl#11c4203623d4d9da3fd0c7cb,standard-random-8x8,standard,random-start,8x8,tf:142,tf:148,true,p2,accepted,,171996927,171997442990785,4
tf_policy_elo_current_rule_continuation_g141_g150_2026-09-02,accepted/standard-random-8x8.jsonl#61b8a00757780eba86dfe64c,standard-random-8x8,standard,random-start,8x8,tf:142,tf:148,true,p1,accepted,,171996927,171997442990787,6
tf_policy_elo_current_rule_continuation_g141_g150_2026-09-02,accepted/standard-random-8x8.jsonl#206ad51b9e05e48a160c5c42,standard-random-8x8,standard,random-start,8x8,tf:142,tf:148,true,p1,accepted,,171996927,171997442990789,8
tf_policy_elo_current_rule_continuation_g141_g150_2026-09-02,accepted/standard-random-8x8.jsonl#449a7083238be492d63aab54,standard-random-8x8,standard,random-start,8x8,tf:142,tf:148,true,p2,accepted,,171996927,171997442990791,10
tf_policy_elo_current_rule_continuation_g141_g150_2026-09-02,accepted/standard-random-8x8.jsonl#06fe06894a908c587fe917a0,standard-random-8x8,standard,random-start,8x8,tf:143,tf:137,false,p2,accepted,,1826498381,1826503860495144,1
tf_policy_elo_current_rule_continuation_g141_g150_2026-09-02,accepted/standard-random-8x8.jsonl#8b36651b054539f789386ee0,standard-random-8x8,standard,random-start,8x8,tf:143,tf:137,false,p1,accepted,,1826498381,1826503860495146,3
tf_policy_elo_current_rule_continuation_g141_g150_2026-09-02,accepted/standard-random-8x8.jsonl#b9c94510934e975c8d6d1d04,standard-random-8x8,standard,random-start,8x8,tf:143,tf:137,false,p1,accepted,,1826498381,1826503860495148,5
tf_policy_elo_current_rule_continuation_g141_g150_2026-09-02,accepted/standard-random-8x8.jsonl#2d5f92d58451de7627dbc99c,standard-random-8x8,standard,random-start,8x8,tf:143,tf:137,false,p2,accepted,,1826498381,1826503860495150,7
tf_policy_elo_current_rule_continuation_g141_g150_2026-09-02,accepted/standard-random-8x8.jsonl#f132608a118991d223da46b2,standard-random-8x8,standard,random-start,8x8,tf:143,tf:137,false,p1,accepted,,1826498381,1826503860495152,9
tf_policy_elo_current_rule_continuation_g141_g150_2026-09-02,accepted/standard-random-8x8.jsonl#ef39410ddd61235adaf6f9cc,standard-random-8x8,standard,random-start,8x8,tf:143,tf:137,false,p2,accepted,,1826498381,1826503860495154,11
tf_policy_elo_current_rule_continuation_g141_g150_2026-09-02,accepted/standard-random-8x8.jsonl#d8720a784ce119feea96d2a5,standard-random-8x8,standard,random-start,8x8,tf:143,tf:140,false,p1,accepted,,724626613,724628786879840,1
tf_policy_elo_current_rule_continuation_g141_g150_2026-09-02,accepted/standard-random-8x8.jsonl#fecf373c26394742fae0dd09,standard-random-8x8,standard,random-start,8x8,tf:143,tf:140,false,p1,accepted,,724626613,724628786879842,3
tf_policy_elo_current_rule_continuation_g141_g150_2026-09-02,accepted/standard-random-8x8.jsonl#cc7f5f5a943f0d22e6b24e7e,standard-random-8x8,standard,random-start,8x8,tf:143,tf:140,false,p1,accepted,,724626613,724628786879844,5
tf_policy_elo_current_rule_continuation_g141_g150_2026-09-02,accepted/standard-random-8x8.jsonl#659a18dc490c4034e9b0cbba,standard-random-8x8,standard,random-start,8x8,tf:143,tf:140,false,p1,accepted,,724626613,724628786879846,7
tf_policy_elo_current_rule_continuation_g141_g150_2026-09-02,accepted/standard-random-8x8.jsonl#84a897c919dcb8c06338da10,standard-random-8x8,standard,random-start,8x8,tf:143,tf:140,false,p2,accepted,,724626613,724628786879848,9
tf_policy_elo_current_rule_continuation_g141_g150_2026-09-02,accepted/standard-random-8x8.jsonl#c55c2c935fd697d1cc5549d0,standard-random-8x8,standard,random-start,8x8,tf:143,tf:140,false,p1,accepted,,724626613,724628786879850,11
tf_policy_elo_current_rule_continuation_g141_g150_2026-09-02,accepted/standard-random-8x8.jsonl#4d95168c554216fda4897f2a,standard-random-8x8,standard,random-start,8x8,tf:143,tf:142,false,p1,accepted,,986705883,986708843117650,1
tf_policy_elo_current_rule_continuation_g141_g150_2026-09-02,accepted/standard-random-8x8.jsonl#a1c12dbfb6187d1d63971628,standard-random-8x8,standard,random-start,8x8,tf:143,tf:142,false,p1,accepted,,986705883,986708843117652,3
tf_policy_elo_current_rule_continuation_g141_g150_2026-09-02,accepted/standard-random-8x8.jsonl#f2e91a0a203bfa2017c0a6af,standard-random-8x8,standard,random-start,8x8,tf:143,tf:142,false,p2,accepted,,986705883,986708843117654,5
tf_policy_elo_current_rule_continuation_g141_g150_2026-09-02,accepted/standard-random-8x8.jsonl#0de5aff8e1f82a6cdfdbda9a,standard-random-8x8,standard,random-start,8x8,tf:143,tf:142,false,p1,accepted,,986705883,986708843117656,7
tf_policy_elo_current_rule_continuation_g141_g150_2026-09-02,accepted/standard-random-8x8.jsonl#682cd18dddab7aa347648b75,standard-random-8x8,standard,random-start,8x8,tf:143,tf:142,false,p1,accepted,,986705883,986708843117658,9
tf_policy_elo_current_rule_continuation_g141_g150_2026-09-02,accepted/standard-random-8x8.jsonl#a06025f50faddc75205b200c,standard-random-8x8,standard,random-start,8x8,tf:143,tf:142,false,p1,accepted,,986705883,986708843117660,11
tf_policy_elo_current_rule_continuation_g141_g150_2026-09-02,accepted/standard-random-8x8.jsonl#d6a2aef17ee0a593387c0f59,standard-random-8x8,standard,random-start,8x8,tf:143,tf:144,true,p1,accepted,,2087933878,2087940141801634,0
tf_policy_elo_current_rule_continuation_g141_g150_2026-09-02,accepted/standard-random-8x8.jsonl#a4cdfe138a2bfe98080ccafb,standard-random-8x8,standard,random-start,8x8,tf:143,tf:144,true,p1,accepted,,2087933878,2087940141801636,2
tf_policy_elo_current_rule_continuation_g141_g150_2026-09-02,accepted/standard-random-8x8.jsonl#34e8be0299edf5e354fc29a9,standard-random-8x8,standard,random-start,8x8,tf:143,tf:144,true,p1,accepted,,2087933878,2087940141801638,4
tf_policy_elo_current_rule_continuation_g141_g150_2026-09-02,accepted/standard-random-8x8.jsonl#d2069f64e6e85db40e277cc8,standard-random-8x8,standard,random-start,8x8,tf:143,tf:144,true,p1,accepted,,2087933878,2087940141801640,6
tf_policy_elo_current_rule_continuation_g141_g150_2026-09-02,accepted/standard-random-8x8.jsonl#8de88cd8a1aba8973b3dbf47,standard-random-8x8,standard,random-start,8x8,tf:143,tf:144,true,p2,accepted,,2087933878,2087940141801642,8
tf_policy_elo_current_rule_continuation_g141_g150_2026-09-02,accepted/standard-random-8x8.jsonl#96d708fc66f6771b41a40afb,standard-random-8x8,standard,random-start,8x8,tf:143,tf:144,true,p1,accepted,,2087933878,2087940141801644,10
tf_policy_elo_current_rule_continuation_g141_g150_2026-09-02,accepted/standard-random-8x8.jsonl#b9af924d0e09665a2414e284,standard-random-8x8,standard,random-start,8x8,tf:143,tf:146,true,p1,accepted,,877953071,877955704859213,0
tf_policy_elo_current_rule_continuation_g141_g150_2026-09-02,accepted/standard-random-8x8.jsonl#e04a56a9b3d23443b99514f7,standard-random-8x8,standard,random-start,8x8,tf:143,tf:146,true,p1,accepted,,877953071,877955704859215,2
tf_policy_elo_current_rule_continuation_g141_g150_2026-09-02,accepted/standard-random-8x8.jsonl#eadbac3f7aff64420570bb82,standard-random-8x8,standard,random-start,8x8,tf:143,tf:146,true,p1,accepted,,877953071,877955704859217,4
tf_policy_elo_current_rule_continuation_g141_g150_2026-09-02,accepted/standard-random-8x8.jsonl#53d83dfb3ad3f71a8be9b2e1,standard-random-8x8,standard,random-start,8x8,tf:143,tf:146,true,p2,accepted,,877953071,877955704859219,6
tf_policy_elo_current_rule_continuation_g141_g150_2026-09-02,accepted/standard-random-8x8.jsonl#870f12dc5670511ed7c92ecd,standard-random-8x8,standard,random-start,8x8,tf:143,tf:146,true,p1,accepted,,877953071,877955704859221,8
tf_policy_elo_current_rule_continuation_g141_g150_2026-09-02,accepted/standard-random-8x8.jsonl#b9f86fdeab116986e0f28bab,standard-random-8x8,standard,random-start,8x8,tf:143,tf:146,true,p2,accepted,,877953071,877955704859223,10
tf_policy_elo_current_rule_continuation_g141_g150_2026-09-02,accepted/standard-random-8x8.jsonl#1fe8a7471647c8e865496947,standard-random-8x8,standard,random-start,8x8,tf:143,tf:149,true,p1,accepted,,1827028745,1827034226086235,0
tf_policy_elo_current_rule_continuation_g141_g150_2026-09-02,accepted/standard-random-8x8.jsonl#69888e1e9ed918838078f5ef,standard-random-8x8,standard,random-start,8x8,tf:143,tf:149,true,p1,accepted,,1827028745,1827034226086237,2
tf_policy_elo_current_rule_continuation_g141_g150_2026-09-02,accepted/standard-random-8x8.jsonl#aa9742510db81fb51f9b169b,standard-random-8x8,standard,random-start,8x8,tf:143,tf:149,true,p1,accepted,,1827028745,1827034226086239,4
tf_policy_elo_current_rule_continuation_g141_g150_2026-09-02,accepted/standard-random-8x8.jsonl#3862c1b1263e4c74e2676fdd,standard-random-8x8,standard,random-start,8x8,tf:143,tf:149,true,p1,accepted,,1827028745,1827034226086241,6
tf_policy_elo_current_rule_continuation_g141_g150_2026-09-02,accepted/standard-random-8x8.jsonl#251e631376fd4e8ae0bb9d36,standard-random-8x8,standard,random-start,8x8,tf:143,tf:149,true,p2,accepted,,1827028745,1827034226086243,8
tf_policy_elo_current_rule_continuation_g141_g150_2026-09-02,accepted/standard-random-8x8.jsonl#f4c41920711e76e695a9027c,standard-random-8x8,standard,random-start,8x8,tf:143,tf:149,true,p2,accepted,,1827028745,1827034226086245,10
tf_policy_elo_current_rule_continuation_g141_g150_2026-09-02,accepted/standard-random-8x8.jsonl#a2f0dcf3c820ce69cfab0243,standard-random-8x8,standard,random-start,8x8,tf:144,tf:138,false,p2,accepted,,602632607,602634414897822,1
tf_policy_elo_current_rule_continuation_g141_g150_2026-09-02,accepted/standard-random-8x8.jsonl#80186eb708738835237df418,standard-random-8x8,standard,random-start,8x8,tf:144,tf:138,false,p1,accepted,,602632607,602634414897824,3
tf_policy_elo_current_rule_continuation_g141_g150_2026-09-02,accepted/standard-random-8x8.jsonl#e67008c656239c319da24d8e,standard-random-8x8,standard,random-start,8x8,tf:144,tf:138,false,p2,accepted,,602632607,602634414897826,5
tf_policy_elo_current_rule_continuation_g141_g150_2026-09-02,accepted/standard-random-8x8.jsonl#94f26fa72122022f903b1cd4,standard-random-8x8,standard,random-start,8x8,tf:144,tf:138,false,p2,accepted,,602632607,602634414897828,7
tf_policy_elo_current_rule_continuation_g141_g150_2026-09-02,accepted/standard-random-8x8.jsonl#2a06a630c460b81ed836fe90,standard-random-8x8,standard,random-start,8x8,tf:144,tf:138,false,p1,accepted,,602632607,602634414897830,9
tf_policy_elo_current_rule_continuation_g141_g150_2026-09-02,accepted/standard-random-8x8.jsonl#c1184b27945dd9877f62bce9,standard-random-8x8,standard,random-start,8x8,tf:144,tf:138,false,p1,accepted,,602632607,602634414897832,11
tf_policy_elo_current_rule_continuation_g141_g150_2026-09-02,accepted/standard-random-8x8.jsonl#855d204eb1a93d83766683ec,standard-random-8x8,standard,random-start,8x8,tf:144,tf:141,false,p1,accepted,,180923201,180923743769604,1
tf_policy_elo_current_rule_continuation_g141_g150_2026-09-02,accepted/standard-random-8x8.jsonl#0ab9366103c85e02351a4938,standard-random-8x8,standard,random-start,8x8,tf:144,tf:141,false,p2,accepted,,180923201,180923743769606,3
tf_policy_elo_current_rule_continuation_g141_g150_2026-09-02,accepted/standard-random-8x8.jsonl#97f820ab9e5ef80ca8f3edd2,standard-random-8x8,standard,random-start,8x8,tf:144,tf:141,false,p1,accepted,,180923201,180923743769608,5
tf_policy_elo_current_rule_continuation_g141_g150_2026-09-02,accepted/standard-random-8x8.jsonl#20fafb2ea13b3fb05133e924,standard-random-8x8,standard,random-start,8x8,tf:144,tf:141,false,p2,accepted,,180923201,180923743769610,7
tf_policy_elo_current_rule_continuation_g141_g150_2026-09-02,accepted/standard-random-8x8.jsonl#c6089b50042231ed92d68bd6,standard-random-8x8,standard,random-start,8x8,tf:144,tf:141,false,p1,accepted,,180923201,180923743769612,9
tf_policy_elo_current_rule_continuation_g141_g150_2026-09-02,accepted/standard-random-8x8.jsonl#cc5a327262b4cf9b43c86828,standard-random-8x8,standard,random-start,8x8,tf:144,tf:141,false,p1,accepted,,180923201,180923743769614,11
tf_policy_elo_current_rule_continuation_g141_g150_2026-09-02,accepted/standard-random-8x8.jsonl#5901ba794a29f2bf733d3f34,standard-random-8x8,standard,random-start,8x8,tf:144,tf:143,false,p2,accepted,,2087933878,2087940141801635,1
tf_policy_elo_current_rule_continuation_g141_g150_2026-09-02,accepted/standard-random-8x8.jsonl#ecbed1d7e0b05a028691b650,standard-random-8x8,standard,random-start,8x8,tf:144,tf:143,false,p1,accepted,,2087933878,2087940141801637,3
tf_policy_elo_current_rule_continuation_g141_g150_2026-09-02,accepted/standard-random-8x8.jsonl#6ebc593e383e8c19beb69e96,standard-random-8x8,standard,random-start,8x8,tf:144,tf:143,false,p1,accepted,,2087933878,2087940141801639,5
tf_policy_elo_current_rule_continuation_g141_g150_2026-09-02,accepted/standard-random-8x8.jsonl#263f179529f25bac375b11b5,standard-random-8x8,standard,random-start,8x8,tf:144,tf:143,false,p1,accepted,,2087933878,2087940141801641,7
tf_policy_elo_current_rule_continuation_g141_g150_2026-09-02,accepted/standard-random-8x8.jsonl#d322e9350b9573630516837f,standard-random-8x8,standard,random-start,8x8,tf:144,tf:143,false,p1,accepted,,2087933878,2087940141801643,9
tf_policy_elo_current_rule_continuation_g141_g150_2026-09-02,accepted/standard-random-8x8.jsonl#2f50041533bf39665f516864,standard-random-8x8,standard,random-start,8x8,tf:144,tf:143,false,p1,accepted,,2087933878,2087940141801645,11
tf_policy_elo_current_rule_continuation_g141_g150_2026-09-02,accepted/standard-random-8x8.jsonl#1d31b2e7ba437d25d223c2c9,standard-random-8x8,standard,random-start,8x8,tf:144,tf:145,true,p1,accepted,,646421062,646423001263186,0
tf_policy_elo_current_rule_continuation_g141_g150_2026-09-02,accepted/standard-random-8x8.jsonl#3a41a051ee8b6adf95dda597,standard-random-8x8,standard,random-start,8x8,tf:144,tf:145,true,p1,accepted,,646421062,646423001263188,2
tf_policy_elo_current_rule_continuation_g141_g150_2026-09-02,accepted/standard-random-8x8.jsonl#66cd948a5faad97b7a25f089,standard-random-8x8,standard,random-start,8x8,tf:144,tf:145,true,p2,accepted,,646421062,646423001263190,4
tf_policy_elo_current_rule_continuation_g141_g150_2026-09-02,accepted/standard-random-8x8.jsonl#ece37e8e6d57066b5ed398a6,standard-random-8x8,standard,random-start,8x8,tf:144,tf:145,true,p2,accepted,,646421062,646423001263192,6
tf_policy_elo_current_rule_continuation_g141_g150_2026-09-02,accepted/standard-random-8x8.jsonl#8c09d6d8b4b79f536e98f3bc,standard-random-8x8,standard,random-start,8x8,tf:144,tf:145,true,p1,accepted,,646421062,646423001263194,8
tf_policy_elo_current_rule_continuation_g141_g150_2026-09-02,accepted/standard-random-8x8.jsonl#5341cbd33ccdea52b165e191,standard-random-8x8,standard,random-start,8x8,tf:144,tf:145,true,p1,accepted,,646421062,646423001263196,10
tf_policy_elo_current_rule_continuation_g141_g150_2026-09-02,accepted/standard-random-8x8.jsonl#a630c3e4f640d50962b7e114,standard-random-8x8,standard,random-start,8x8,tf:144,tf:147,true,p1,accepted,,60939948,60940130819844,0
tf_policy_elo_current_rule_continuation_g141_g150_2026-09-02,accepted/standard-random-8x8.jsonl#c3714cfae332360d907bded5,standard-random-8x8,standard,random-start,8x8,tf:144,tf:147,true,p1,accepted,,60939948,60940130819846,2
tf_policy_elo_current_rule_continuation_g141_g150_2026-09-02,accepted/standard-random-8x8.jsonl#a71979e08ac3554da9ad3621,standard-random-8x8,standard,random-start,8x8,tf:144,tf:147,true,p1,accepted,,60939948,60940130819848,4
tf_policy_elo_current_rule_continuation_g141_g150_2026-09-02,accepted/standard-random-8x8.jsonl#ad398e7cd8779da345703b99,standard-random-8x8,standard,random-start,8x8,tf:144,tf:147,true,p1,accepted,,60939948,60940130819850,6
tf_policy_elo_current_rule_continuation_g141_g150_2026-09-02,accepted/standard-random-8x8.jsonl#edaaec6aaff87003c1e32cc3,standard-random-8x8,standard,random-start,8x8,tf:144,tf:147,true,p1,accepted,,60939948,60940130819852,8
tf_policy_elo_current_rule_continuation_g141_g150_2026-09-02,accepted/standard-random-8x8.jsonl#79eb17c18c13bd0a74ac0c05,standard-random-8x8,standard,random-start,8x8,tf:144,tf:147,true,p1,accepted,,60939948,60940130819854,10
tf_policy_elo_current_rule_continuation_g141_g150_2026-09-02,accepted/standard-random-8x8.jsonl#d3b56f3fc468f8e0e84180f9,standard-random-8x8,standard,random-start,8x8,tf:144,tf:150,true,p1,accepted,,1860086540,1860092120259620,0
tf_policy_elo_current_rule_continuation_g141_g150_2026-09-02,accepted/standard-random-8x8.jsonl#4922779282e867cab14e7527,standard-random-8x8,standard,random-start,8x8,tf:144,tf:150,true,p2,accepted,,1860086540,1860092120259622,2
tf_policy_elo_current_rule_continuation_g141_g150_2026-09-02,accepted/standard-random-8x8.jsonl#47075fd8127c5eed6813e9b7,standard-random-8x8,standard,random-start,8x8,tf:144,tf:150,true,p1,accepted,,1860086540,1860092120259624,4
tf_policy_elo_current_rule_continuation_g141_g150_2026-09-02,accepted/standard-random-8x8.jsonl#88049040715f3ba2269b6921,standard-random-8x8,standard,random-start,8x8,tf:144,tf:150,true,p2,accepted,,1860086540,1860092120259626,6
tf_policy_elo_current_rule_continuation_g141_g150_2026-09-02,accepted/standard-random-8x8.jsonl#51b571fa7d708a63be1f3031,standard-random-8x8,standard,random-start,8x8,tf:144,tf:150,true,p1,accepted,,1860086540,1860092120259628,8
tf_policy_elo_current_rule_continuation_g141_g150_2026-09-02,accepted/standard-random-8x8.jsonl#857252ccacda1dc0f2aa8eb0,standard-random-8x8,standard,random-start,8x8,tf:144,tf:150,true,p1,accepted,,1860086540,1860092120259630,10
tf_policy_elo_current_rule_continuation_g141_g150_2026-09-02,accepted/standard-random-8x8.jsonl#b8f1fccf93cb926716d72ca5,standard-random-8x8,standard,random-start,8x8,tf:145,tf:139,false,p1,accepted,,127626879,127627261880638,1
tf_policy_elo_current_rule_continuation_g141_g150_2026-09-02,accepted/standard-random-8x8.jsonl#8ab3c8ffa0e7b5fd5e201cfe,standard-random-8x8,standard,random-start,8x8,tf:145,tf:139,false,p1,accepted,,127626879,127627261880640,3
tf_policy_elo_current_rule_continuation_g141_g150_2026-09-02,accepted/standard-random-8x8.jsonl#33a3223b3d020cbdcf101014,standard-random-8x8,standard,random-start,8x8,tf:145,tf:139,false,p1,accepted,,127626879,127627261880642,5
tf_policy_elo_current_rule_continuation_g141_g150_2026-09-02,accepted/standard-random-8x8.jsonl#359e4f35a022e7f3d389f184,standard-random-8x8,standard,random-start,8x8,tf:145,tf:139,false,p1,accepted,,127626879,127627261880644,7
tf_policy_elo_current_rule_continuation_g141_g150_2026-09-02,accepted/standard-random-8x8.jsonl#dda41e8657b1170feae4e847,standard-random-8x8,standard,random-start,8x8,tf:145,tf:139,false,p2,accepted,,127626879,127627261880646,9
tf_policy_elo_current_rule_continuation_g141_g150_2026-09-02,accepted/standard-random-8x8.jsonl#78c78eb92144a4639d0cf88c,standard-random-8x8,standard,random-start,8x8,tf:145,tf:139,false,p1,accepted,,127626879,127627261880648,11
tf_policy_elo_current_rule_continuation_g141_g150_2026-09-02,accepted/standard-random-8x8.jsonl#4533fa785949304aded06155,standard-random-8x8,standard,random-start,8x8,tf:145,tf:142,false,p1,accepted,,1995671675,1995677662015026,1
tf_policy_elo_current_rule_continuation_g141_g150_2026-09-02,accepted/standard-random-8x8.jsonl#1114f6e31420913718181c85,standard-random-8x8,standard,random-start,8x8,tf:145,tf:142,false,p1,accepted,,1995671675,1995677662015028,3
tf_policy_elo_current_rule_continuation_g141_g150_2026-09-02,accepted/standard-random-8x8.jsonl#d075221ae4a5d4d332c6ee03,standard-random-8x8,standard,random-start,8x8,tf:145,tf:142,false,p1,accepted,,1995671675,1995677662015030,5
tf_policy_elo_current_rule_continuation_g141_g150_2026-09-02,accepted/standard-random-8x8.jsonl#331034a3c2678694eec4c24d,standard-random-8x8,standard,random-start,8x8,tf:145,tf:142,false,p1,accepted,,1995671675,1995677662015032,7
tf_policy_elo_current_rule_continuation_g141_g150_2026-09-02,accepted/standard-random-8x8.jsonl#e96a372d16bea87d204245b1,standard-random-8x8,standard,random-start,8x8,tf:145,tf:142,false,p1,accepted,,1995671675,1995677662015034,9
tf_policy_elo_current_rule_continuation_g141_g150_2026-09-02,accepted/standard-random-8x8.jsonl#2e5795a35bae6499dcaa46a3,standard-random-8x8,standard,random-start,8x8,tf:145,tf:142,false,p2,accepted,,1995671675,1995677662015036,11
tf_policy_elo_current_rule_continuation_g141_g150_2026-09-02,accepted/standard-random-8x8.jsonl#7084a0e2b505bc1634097c90,standard-random-8x8,standard,random-start,8x8,tf:145,tf:144,false,p1,accepted,,646421062,646423001263187,1
tf_policy_elo_current_rule_continuation_g141_g150_2026-09-02,accepted/standard-random-8x8.jsonl#bdd05b4439f30aa5b2776543,standard-random-8x8,standard,random-start,8x8,tf:145,tf:144,false,p1,accepted,,646421062,646423001263189,3
tf_policy_elo_current_rule_continuation_g141_g150_2026-09-02,accepted/standard-random-8x8.jsonl#a76cd76d275c4657d0e6091c,standard-random-8x8,standard,random-start,8x8,tf:145,tf:144,false,p1,accepted,,646421062,646423001263191,5
tf_policy_elo_current_rule_continuation_g141_g150_2026-09-02,accepted/standard-random-8x8.jsonl#7dbd5dd33e39d8f3a1034f9b,standard-random-8x8,standard,random-start,8x8,tf:145,tf:144,false,p2,accepted,,646421062,646423001263193,7
tf_policy_elo_current_rule_continuation_g141_g150_2026-09-02,accepted/standard-random-8x8.jsonl#03e24de858b0de6e0f37a1a5,standard-random-8x8,standard,random-start,8x8,tf:145,tf:144,false,p2,accepted,,646421062,646423001263195,9
tf_policy_elo_current_rule_continuation_g141_g150_2026-09-02,accepted/standard-random-8x8.jsonl#61be9318cb9369e309e20231,standard-random-8x8,standard,random-start,8x8,tf:145,tf:144,false,p1,accepted,,646421062,646423001263197,11
tf_policy_elo_current_rule_continuation_g141_g150_2026-09-02,accepted/standard-random-8x8.jsonl#e5fda547bdec0148fd1b3e56,standard-random-8x8,standard,random-start,8x8,tf:145,tf:146,true,p1,accepted,,1435871089,1435875396613267,0
tf_policy_elo_current_rule_continuation_g141_g150_2026-09-02,accepted/standard-random-8x8.jsonl#be9b7b10c1706f43b38e62a3,standard-random-8x8,standard,random-start,8x8,tf:145,tf:146,true,p1,accepted,,1435871089,1435875396613269,2
tf_policy_elo_current_rule_continuation_g141_g150_2026-09-02,accepted/standard-random-8x8.jsonl#b57cc6427def77aae51a0e56,standard-random-8x8,standard,random-start,8x8,tf:145,tf:146,true,p1,accepted,,1435871089,1435875396613271,4
tf_policy_elo_current_rule_continuation_g141_g150_2026-09-02,accepted/standard-random-8x8.jsonl#db5b8844b0a0cf29769f14cb,standard-random-8x8,standard,random-start,8x8,tf:145,tf:146,true,p1,accepted,,1435871089,1435875396613273,6
tf_policy_elo_current_rule_continuation_g141_g150_2026-09-02,accepted/standard-random-8x8.jsonl#8ba2bfcf53235efd168368c2,standard-random-8x8,standard,random-start,8x8,tf:145,tf:146,true,p1,accepted,,1435871089,1435875396613275,8
tf_policy_elo_current_rule_continuation_g141_g150_2026-09-02,accepted/standard-random-8x8.jsonl#0065e5ac78b23f1c8ffcc295,standard-random-8x8,standard,random-start,8x8,tf:145,tf:146,true,p2,accepted,,1435871089,1435875396613277,10
tf_policy_elo_current_rule_continuation_g141_g150_2026-09-02,accepted/standard-random-8x8.jsonl#da83cb590a1eeadc0ee4f2db,standard-random-8x8,standard,random-start,8x8,tf:145,tf:148,true,p1,accepted,,1067427112,1067430314281336,0
tf_policy_elo_current_rule_continuation_g141_g150_2026-09-02,accepted/standard-random-8x8.jsonl#78c76ac6bfec182899517678,standard-random-8x8,standard,random-start,8x8,tf:145,tf:148,true,p1,accepted,,1067427112,1067430314281338,2
tf_policy_elo_current_rule_continuation_g141_g150_2026-09-02,accepted/standard-random-8x8.jsonl#fea5b977d4ba64ec74851f75,standard-random-8x8,standard,random-start,8x8,tf:145,tf:148,true,p1,accepted,,1067427112,1067430314281340,4
tf_policy_elo_current_rule_continuation_g141_g150_2026-09-02,accepted/standard-random-8x8.jsonl#50f2d2d134b8e4e74a66c172,standard-random-8x8,standard,random-start,8x8,tf:145,tf:148,true,p2,accepted,,1067427112,1067430314281342,6
tf_policy_elo_current_rule_continuation_g141_g150_2026-09-02,accepted/standard-random-8x8.jsonl#11b042a9b8f44119c7ff42b8,standard-random-8x8,standard,random-start,8x8,tf:145,tf:148,true,p1,accepted,,1067427112,1067430314281344,8
tf_policy_elo_current_rule_continuation_g141_g150_2026-09-02,accepted/standard-random-8x8.jsonl#959c88e12a3978f303f87bc9,standard-random-8x8,standard,random-start,8x8,tf:145,tf:148,true,p1,accepted,,1067427112,1067430314281346,10
tf_policy_elo_current_rule_continuation_g141_g150_2026-09-02,accepted/standard-random-8x8.jsonl#a22d83e69b925a8e12212c31,standard-random-8x8,standard,random-start,8x8,tf:146,tf:140,false,p1,accepted,,1235498718,1235502424496155,1
tf_policy_elo_current_rule_continuation_g141_g150_2026-09-02,accepted/standard-random-8x8.jsonl#20832adfafb8cb50397be466,standard-random-8x8,standard,random-start,8x8,tf:146,tf:140,false,p2,accepted,,1235498718,1235502424496157,3
tf_policy_elo_current_rule_continuation_g141_g150_2026-09-02,accepted/standard-random-8x8.jsonl#bf9e94045027927a7191002a,standard-random-8x8,standard,random-start,8x8,tf:146,tf:140,false,p1,accepted,,1235498718,1235502424496159,5
tf_policy_elo_current_rule_continuation_g141_g150_2026-09-02,accepted/standard-random-8x8.jsonl#2e8929360ae4c4b1f9204599,standard-random-8x8,standard,random-start,8x8,tf:146,tf:140,false,p2,accepted,,1235498718,1235502424496161,7
tf_policy_elo_current_rule_continuation_g141_g150_2026-09-02,accepted/standard-random-8x8.jsonl#d3187f8178f015b4190857d8,standard-random-8x8,standard,random-start,8x8,tf:146,tf:140,false,p2,accepted,,1235498718,1235502424496163,9
tf_policy_elo_current_rule_continuation_g141_g150_2026-09-02,accepted/standard-random-8x8.jsonl#ccb8bef151d6f2dac456ceb3,standard-random-8x8,standard,random-start,8x8,tf:146,tf:140,false,p1,accepted,,1235498718,1235502424496165,11
tf_policy_elo_current_rule_continuation_g141_g150_2026-09-02,accepted/standard-random-8x8.jsonl#39c034755976e1c0262a80a2,standard-random-8x8,standard,random-start,8x8,tf:146,tf:143,false,p1,accepted,,877953071,877955704859214,1
tf_policy_elo_current_rule_continuation_g141_g150_2026-09-02,accepted/standard-random-8x8.jsonl#17bcf15c510b668271223089,standard-random-8x8,standard,random-start,8x8,tf:146,tf:143,false,p1,accepted,,877953071,877955704859216,3
tf_policy_elo_current_rule_continuation_g141_g150_2026-09-02,accepted/standard-random-8x8.jsonl#39ebd65ec1d88929b6734382,standard-random-8x8,standard,random-start,8x8,tf:146,tf:143,false,p1,accepted,,877953071,877955704859218,5
tf_policy_elo_current_rule_continuation_g141_g150_2026-09-02,accepted/standard-random-8x8.jsonl#e11f719682b0506ea88ca55a,standard-random-8x8,standard,random-start,8x8,tf:146,tf:143,false,p2,accepted,,877953071,877955704859220,7
tf_policy_elo_current_rule_continuation_g141_g150_2026-09-02,accepted/standard-random-8x8.jsonl#44a763fa6d3f8cfc996303f1,standard-random-8x8,standard,random-start,8x8,tf:146,tf:143,false,p1,accepted,,877953071,877955704859222,9
tf_policy_elo_current_rule_continuation_g141_g150_2026-09-02,accepted/standard-random-8x8.jsonl#425bd1c3cfd49f97d1640d69,standard-random-8x8,standard,random-start,8x8,tf:146,tf:143,false,p1,accepted,,877953071,877955704859224,11
tf_policy_elo_current_rule_continuation_g141_g150_2026-09-02,accepted/standard-random-8x8.jsonl#649c3d2c26e8024397ec4d9c,standard-random-8x8,standard,random-start,8x8,tf:146,tf:145,false,p1,accepted,,1435871089,1435875396613268,1
tf_policy_elo_current_rule_continuation_g141_g150_2026-09-02,accepted/standard-random-8x8.jsonl#2018ff497afca4b5427189cd,standard-random-8x8,standard,random-start,8x8,tf:146,tf:145,false,p2,accepted,,1435871089,1435875396613270,3
tf_policy_elo_current_rule_continuation_g141_g150_2026-09-02,accepted/standard-random-8x8.jsonl#0cf6a05146553964c051d14c,standard-random-8x8,standard,random-start,8x8,tf:146,tf:145,false,p2,accepted,,1435871089,1435875396613272,5
tf_policy_elo_current_rule_continuation_g141_g150_2026-09-02,accepted/standard-random-8x8.jsonl#d928bde313c9e5e7adb5fb50,standard-random-8x8,standard,random-start,8x8,tf:146,tf:145,false,p1,accepted,,1435871089,1435875396613274,7
tf_policy_elo_current_rule_continuation_g141_g150_2026-09-02,accepted/standard-random-8x8.jsonl#880d628a7ab558ba5d72342e,standard-random-8x8,standard,random-start,8x8,tf:146,tf:145,false,p1,accepted,,1435871089,1435875396613276,9
tf_policy_elo_current_rule_continuation_g141_g150_2026-09-02,accepted/standard-random-8x8.jsonl#65dc37b08e0d5d6af7884353,standard-random-8x8,standard,random-start,8x8,tf:146,tf:145,false,p2,accepted,,1435871089,1435875396613278,11
tf_policy_elo_current_rule_continuation_g141_g150_2026-09-02,accepted/standard-random-8x8.jsonl#d9787a7be06b37676a0a5021,standard-random-8x8,standard,random-start,8x8,tf:146,tf:147,true,p1,accepted,,1936314558,1936320366943674,0
tf_policy_elo_current_rule_continuation_g141_g150_2026-09-02,accepted/standard-random-8x8.jsonl#4f3d053078cedb0b22d6c99c,standard-random-8x8,standard,random-start,8x8,tf:146,tf:147,true,p1,accepted,,1936314558,1936320366943676,2
tf_policy_elo_current_rule_continuation_g141_g150_2026-09-02,accepted/standard-random-8x8.jsonl#28f4b3159626de628444c718,standard-random-8x8,standard,random-start,8x8,tf:146,tf:147,true,p1,accepted,,1936314558,1936320366943678,4
tf_policy_elo_current_rule_continuation_g141_g150_2026-09-02,accepted/standard-random-8x8.jsonl#6d7df264e9db738bfb448c8d,standard-random-8x8,standard,random-start,8x8,tf:146,tf:147,true,p1,accepted,,1936314558,1936320366943680,6
tf_policy_elo_current_rule_continuation_g141_g150_2026-09-02,accepted/standard-random-8x8.jsonl#ddced77415494930e830fe29,standard-random-8x8,standard,random-start,8x8,tf:146,tf:147,true,p1,accepted,,1936314558,1936320366943682,8
tf_policy_elo_current_rule_continuation_g141_g150_2026-09-02,accepted/standard-random-8x8.jsonl#45d3d591dc5ebba6c8e5dcb1,standard-random-8x8,standard,random-start,8x8,tf:146,tf:147,true,p1,accepted,,1936314558,1936320366943684,10
tf_policy_elo_current_rule_continuation_g141_g150_2026-09-02,accepted/standard-random-8x8.jsonl#26e406a6dab602f5e476b38f,standard-random-8x8,standard,random-start,8x8,tf:146,tf:149,true,p2,accepted,,1030905937,1030909029717811,0
tf_policy_elo_current_rule_continuation_g141_g150_2026-09-02,accepted/standard-random-8x8.jsonl#400479b2e0d6f306c95a6cb9,standard-random-8x8,standard,random-start,8x8,tf:146,tf:149,true,p2,accepted,,1030905937,1030909029717813,2
tf_policy_elo_current_rule_continuation_g141_g150_2026-09-02,accepted/standard-random-8x8.jsonl#8d425a55b1092bbebe67b4e7,standard-random-8x8,standard,random-start,8x8,tf:146,tf:149,true,p1,accepted,,1030905937,1030909029717815,4
tf_policy_elo_current_rule_continuation_g141_g150_2026-09-02,accepted/standard-random-8x8.jsonl#6ace2e31ef991ea32b97110b,standard-random-8x8,standard,random-start,8x8,tf:146,tf:149,true,p1,accepted,,1030905937,1030909029717817,6
tf_policy_elo_current_rule_continuation_g141_g150_2026-09-02,accepted/standard-random-8x8.jsonl#dacb206702e2e1ae98beb091,standard-random-8x8,standard,random-start,8x8,tf:146,tf:149,true,p1,accepted,,1030905937,1030909029717819,8
tf_policy_elo_current_rule_continuation_g141_g150_2026-09-02,accepted/standard-random-8x8.jsonl#e483743812a73f30101ae040,standard-random-8x8,standard,random-start,8x8,tf:146,tf:149,true,p2,accepted,,1030905937,1030909029717821,10
tf_policy_elo_current_rule_continuation_g141_g150_2026-09-02,accepted/standard-random-8x8.jsonl#4d60caad41839a05bac4ae20,standard-random-8x8,standard,random-start,8x8,tf:147,tf:141,false,p2,accepted,,881684404,881687049053213,1
tf_policy_elo_current_rule_continuation_g141_g150_2026-09-02,accepted/standard-random-8x8.jsonl#54d2186d967190c124c1a684,standard-random-8x8,standard,random-start,8x8,tf:147,tf:141,false,p1,accepted,,881684404,881687049053215,3
tf_policy_elo_current_rule_continuation_g141_g150_2026-09-02,accepted/standard-random-8x8.jsonl#2620a71d077d13fce9190944,standard-random-8x8,standard,random-start,8x8,tf:147,tf:141,false,p2,accepted,,881684404,881687049053217,5
tf_policy_elo_current_rule_continuation_g141_g150_2026-09-02,accepted/standard-random-8x8.jsonl#768022d39e83a83794286eb1,standard-random-8x8,standard,random-start,8x8,tf:147,tf:141,false,p2,accepted,,881684404,881687049053219,7
tf_policy_elo_current_rule_continuation_g141_g150_2026-09-02,accepted/standard-random-8x8.jsonl#2e14239f31949ce6a9169171,standard-random-8x8,standard,random-start,8x8,tf:147,tf:141,false,p1,accepted,,881684404,881687049053221,9
tf_policy_elo_current_rule_continuation_g141_g150_2026-09-02,accepted/standard-random-8x8.jsonl#18cf72f3894de045e96a68b8,standard-random-8x8,standard,random-start,8x8,tf:147,tf:141,false,p2,accepted,,881684404,881687049053223,11
tf_policy_elo_current_rule_continuation_g141_g150_2026-09-02,accepted/standard-random-8x8.jsonl#016933ed103ac186371261d4,standard-random-8x8,standard,random-start,8x8,tf:147,tf:144,false,p1,accepted,,60939948,60940130819845,1
tf_policy_elo_current_rule_continuation_g141_g150_2026-09-02,accepted/standard-random-8x8.jsonl#1cb518ac10992947f534e5d1,standard-random-8x8,standard,random-start,8x8,tf:147,tf:144,false,p1,accepted,,60939948,60940130819847,3
tf_policy_elo_current_rule_continuation_g141_g150_2026-09-02,accepted/standard-random-8x8.jsonl#1e3bbc6a0b9b92ba934b3b5f,standard-random-8x8,standard,random-start,8x8,tf:147,tf:144,false,p1,accepted,,60939948,60940130819849,5
tf_policy_elo_current_rule_continuation_g141_g150_2026-09-02,accepted/standard-random-8x8.jsonl#b687b3994886b21e42313ecc,standard-random-8x8,standard,random-start,8x8,tf:147,tf:144,false,p1,accepted,,60939948,60940130819851,7
tf_policy_elo_current_rule_continuation_g141_g150_2026-09-02,accepted/standard-random-8x8.jsonl#abee1139444b395e90d87149,standard-random-8x8,standard,random-start,8x8,tf:147,tf:144,false,p1,accepted,,60939948,60940130819853,9
tf_policy_elo_current_rule_continuation_g141_g150_2026-09-02,accepted/standard-random-8x8.jsonl#ebceb40fbe5cf2aa8f1547be,standard-random-8x8,standard,random-start,8x8,tf:147,tf:144,false,p1,accepted,,60939948,60940130819855,11
tf_policy_elo_current_rule_continuation_g141_g150_2026-09-02,accepted/standard-random-8x8.jsonl#a5831cadb91cdae657520acc,standard-random-8x8,standard,random-start,8x8,tf:147,tf:146,false,p1,accepted,,1936314558,1936320366943675,1
tf_policy_elo_current_rule_continuation_g141_g150_2026-09-02,accepted/standard-random-8x8.jsonl#f5dc73b35fd2e1f1c44fbcdc,standard-random-8x8,standard,random-start,8x8,tf:147,tf:146,false,p2,accepted,,1936314558,1936320366943677,3
tf_policy_elo_current_rule_continuation_g141_g150_2026-09-02,accepted/standard-random-8x8.jsonl#e7605d6f510055b614528088,standard-random-8x8,standard,random-start,8x8,tf:147,tf:146,false,p1,accepted,,1936314558,1936320366943679,5
tf_policy_elo_current_rule_continuation_g141_g150_2026-09-02,accepted/standard-random-8x8.jsonl#ae210b46a3062e34a0a3da15,standard-random-8x8,standard,random-start,8x8,tf:147,tf:146,false,p1,accepted,,1936314558,1936320366943681,7
tf_policy_elo_current_rule_continuation_g141_g150_2026-09-02,accepted/standard-random-8x8.jsonl#7ea421398df7d047a6cb19b3,standard-random-8x8,standard,random-start,8x8,tf:147,tf:146,false,p1,accepted,,1936314558,1936320366943683,9
tf_policy_elo_current_rule_continuation_g141_g150_2026-09-02,accepted/standard-random-8x8.jsonl#2916b0c6e33f351e752c2d52,standard-random-8x8,standard,random-start,8x8,tf:147,tf:146,false,p2,accepted,,1936314558,1936320366943685,11
tf_policy_elo_current_rule_continuation_g141_g150_2026-09-02,accepted/standard-random-8x8.jsonl#1bfd07b9ba314d16504a9e83,standard-random-8x8,standard,random-start,8x8,tf:147,tf:148,true,p2,accepted,,194599722,194600305799166,0
tf_policy_elo_current_rule_continuation_g141_g150_2026-09-02,accepted/standard-random-8x8.jsonl#ade8710d50bc59b6f4710db5,standard-random-8x8,standard,random-start,8x8,tf:147,tf:148,true,p1,accepted,,194599722,194600305799168,2
tf_policy_elo_current_rule_continuation_g141_g150_2026-09-02,accepted/standard-random-8x8.jsonl#f6be3632275bc77e6cf77786,standard-random-8x8,standard,random-start,8x8,tf:147,tf:148,true,p1,accepted,,194599722,194600305799170,4
tf_policy_elo_current_rule_continuation_g141_g150_2026-09-02,accepted/standard-random-8x8.jsonl#c94c1049ae1340bdfbb10c71,standard-random-8x8,standard,random-start,8x8,tf:147,tf:148,true,p1,accepted,,194599722,194600305799172,6
tf_policy_elo_current_rule_continuation_g141_g150_2026-09-02,accepted/standard-random-8x8.jsonl#da6671fe47666917fc2d5ebd,standard-random-8x8,standard,random-start,8x8,tf:147,tf:148,true,p2,accepted,,194599722,194600305799174,8
tf_policy_elo_current_rule_continuation_g141_g150_2026-09-02,accepted/standard-random-8x8.jsonl#395f6ce5c75a7ed01b26f432,standard-random-8x8,standard,random-start,8x8,tf:147,tf:148,true,p1,accepted,,194599722,194600305799176,10
tf_policy_elo_current_rule_continuation_g141_g150_2026-09-02,accepted/standard-random-8x8.jsonl#af86a1516550c2a04c143d79,standard-random-8x8,standard,random-start,8x8,tf:147,tf:150,true,p1,accepted,,715047931,715050076143793,0
tf_policy_elo_current_rule_continuation_g141_g150_2026-09-02,accepted/standard-random-8x8.jsonl#a39c719f6cb86ccf7c820042,standard-random-8x8,standard,random-start,8x8,tf:147,tf:150,true,p1,accepted,,715047931,715050076143795,2
tf_policy_elo_current_rule_continuation_g141_g150_2026-09-02,accepted/standard-random-8x8.jsonl#33f00ae0a0c2536e20c45356,standard-random-8x8,standard,random-start,8x8,tf:147,tf:150,true,p2,accepted,,715047931,715050076143797,4
tf_policy_elo_current_rule_continuation_g141_g150_2026-09-02,accepted/standard-random-8x8.jsonl#8c10663fafc31e00d252927c,standard-random-8x8,standard,random-start,8x8,tf:147,tf:150,true,p2,accepted,,715047931,715050076143799,6
tf_policy_elo_current_rule_continuation_g141_g150_2026-09-02,accepted/standard-random-8x8.jsonl#b1a5c9ebbb2db81271ccfd90,standard-random-8x8,standard,random-start,8x8,tf:147,tf:150,true,p1,accepted,,715047931,715050076143801,8
tf_policy_elo_current_rule_continuation_g141_g150_2026-09-02,accepted/standard-random-8x8.jsonl#2c7d2d1403d943405e59a83d,standard-random-8x8,standard,random-start,8x8,tf:147,tf:150,true,p1,accepted,,715047931,715050076143803,10
tf_policy_elo_current_rule_continuation_g141_g150_2026-09-02,accepted/standard-random-8x8.jsonl#68b70ccc250c3affc585cb9f,standard-random-8x8,standard,random-start,8x8,tf:148,tf:142,false,p1,accepted,,171996927,171997442990782,1
tf_policy_elo_current_rule_continuation_g141_g150_2026-09-02,accepted/standard-random-8x8.jsonl#65599e0d5cc7859773cb42e8,standard-random-8x8,standard,random-start,8x8,tf:148,tf:142,false,p1,accepted,,171996927,171997442990784,3
tf_policy_elo_current_rule_continuation_g141_g150_2026-09-02,accepted/standard-random-8x8.jsonl#55970333987f7e5687603e3f,standard-random-8x8,standard,random-start,8x8,tf:148,tf:142,false,p1,accepted,,171996927,171997442990786,5
tf_policy_elo_current_rule_continuation_g141_g150_2026-09-02,accepted/standard-random-8x8.jsonl#52236ef2aa50674955c17b06,standard-random-8x8,standard,random-start,8x8,tf:148,tf:142,false,p1,accepted,,171996927,171997442990788,7
tf_policy_elo_current_rule_continuation_g141_g150_2026-09-02,accepted/standard-random-8x8.jsonl#180fd785110a5d5b9464fcf3,standard-random-8x8,standard,random-start,8x8,tf:148,tf:142,false,p2,accepted,,171996927,171997442990790,9
tf_policy_elo_current_rule_continuation_g141_g150_2026-09-02,accepted/standard-random-8x8.jsonl#6b276cd4ef65fd54f27ce4d5,standard-random-8x8,standard,random-start,8x8,tf:148,tf:142,false,p1,accepted,,171996927,171997442990792,11
tf_policy_elo_current_rule_continuation_g141_g150_2026-09-02,accepted/standard-random-8x8.jsonl#6f6714433df5c263e2ae78f5,standard-random-8x8,standard,random-start,8x8,tf:148,tf:145,false,p2,accepted,,1067427112,1067430314281337,1
tf_policy_elo_current_rule_continuation_g141_g150_2026-09-02,accepted/standard-random-8x8.jsonl#128ce6f6ce77e247f63b66b4,standard-random-8x8,standard,random-start,8x8,tf:148,tf:145,false,p1,accepted,,1067427112,1067430314281339,3
tf_policy_elo_current_rule_continuation_g141_g150_2026-09-02,accepted/standard-random-8x8.jsonl#42b25416a46fbf8c029908bf,standard-random-8x8,standard,random-start,8x8,tf:148,tf:145,false,p1,accepted,,1067427112,1067430314281341,5
tf_policy_elo_current_rule_continuation_g141_g150_2026-09-02,accepted/standard-random-8x8.jsonl#a3293c06de9d2d5f20a46bf3,standard-random-8x8,standard,random-start,8x8,tf:148,tf:145,false,p1,accepted,,1067427112,1067430314281343,7
tf_policy_elo_current_rule_continuation_g141_g150_2026-09-02,accepted/standard-random-8x8.jsonl#f245367360bc0e25ec16a626,standard-random-8x8,standard,random-start,8x8,tf:148,tf:145,false,p1,accepted,,1067427112,1067430314281345,9
tf_policy_elo_current_rule_continuation_g141_g150_2026-09-02,accepted/standard-random-8x8.jsonl#3b9b3a7bfcf194783568a502,standard-random-8x8,standard,random-start,8x8,tf:148,tf:145,false,p2,accepted,,1067427112,1067430314281347,11
tf_policy_elo_current_rule_continuation_g141_g150_2026-09-02,accepted/standard-random-8x8.jsonl#47afd0b6caa2df266d1a3254,standard-random-8x8,standard,random-start,8x8,tf:148,tf:147,false,p1,accepted,,194599722,194600305799167,1
tf_policy_elo_current_rule_continuation_g141_g150_2026-09-02,accepted/standard-random-8x8.jsonl#e840520f343e05db91739704,standard-random-8x8,standard,random-start,8x8,tf:148,tf:147,false,p1,accepted,,194599722,194600305799169,3
tf_policy_elo_current_rule_continuation_g141_g150_2026-09-02,accepted/standard-random-8x8.jsonl#5ef9742db8ec03114d6b6358,standard-random-8x8,standard,random-start,8x8,tf:148,tf:147,false,p1,accepted,,194599722,194600305799171,5
tf_policy_elo_current_rule_continuation_g141_g150_2026-09-02,accepted/standard-random-8x8.jsonl#6319a860088e6a435f22aabe,standard-random-8x8,standard,random-start,8x8,tf:148,tf:147,false,p1,accepted,,194599722,194600305799173,7
tf_policy_elo_current_rule_continuation_g141_g150_2026-09-02,accepted/standard-random-8x8.jsonl#5d8859b975113473dc0b6812,standard-random-8x8,standard,random-start,8x8,tf:148,tf:147,false,p1,accepted,,194599722,194600305799175,9
tf_policy_elo_current_rule_continuation_g141_g150_2026-09-02,accepted/standard-random-8x8.jsonl#4108947183e4a4b9adc45140,standard-random-8x8,standard,random-start,8x8,tf:148,tf:147,false,p1,accepted,,194599722,194600305799177,11
tf_policy_elo_current_rule_continuation_g141_g150_2026-09-02,accepted/standard-random-8x8.jsonl#da52cf08a5c646cb9b17fd8e,standard-random-8x8,standard,random-start,8x8,tf:148,tf:149,true,p1,accepted,,1602449153,1602453960347459,0
tf_policy_elo_current_rule_continuation_g141_g150_2026-09-02,accepted/standard-random-8x8.jsonl#175984cb4017aaf24922e873,standard-random-8x8,standard,random-start,8x8,tf:148,tf:149,true,p1,accepted,,1602449153,1602453960347461,2
tf_policy_elo_current_rule_continuation_g141_g150_2026-09-02,accepted/standard-random-8x8.jsonl#90b323c31e46f640dc413e0e,standard-random-8x8,standard,random-start,8x8,tf:148,tf:149,true,p1,accepted,,1602449153,1602453960347463,4
tf_policy_elo_current_rule_continuation_g141_g150_2026-09-02,accepted/standard-random-8x8.jsonl#9a670e37b0b2582f7981707b,standard-random-8x8,standard,random-start,8x8,tf:148,tf:149,true,p1,accepted,,1602449153,1602453960347465,6
tf_policy_elo_current_rule_continuation_g141_g150_2026-09-02,accepted/standard-random-8x8.jsonl#a53760beb9e17412f751647f,standard-random-8x8,standard,random-start,8x8,tf:148,tf:149,true,p1,accepted,,1602449153,1602453960347467,8
tf_policy_elo_current_rule_continuation_g141_g150_2026-09-02,accepted/standard-random-8x8.jsonl#db5eea528d83c2147a62cd63,standard-random-8x8,standard,random-start,8x8,tf:148,tf:149,true,p1,accepted,,1602449153,1602453960347469,10
tf_policy_elo_current_rule_continuation_g141_g150_2026-09-02,accepted/standard-random-8x8.jsonl#0c40378dcce3938c57a145eb,standard-random-8x8,standard,random-start,8x8,tf:149,tf:143,false,p2,accepted,,1827028745,1827034226086236,1
tf_policy_elo_current_rule_continuation_g141_g150_2026-09-02,accepted/standard-random-8x8.jsonl#9c8bcd4ceccc188d43846a04,standard-random-8x8,standard,random-start,8x8,tf:149,tf:143,false,p2,accepted,,1827028745,1827034226086238,3
tf_policy_elo_current_rule_continuation_g141_g150_2026-09-02,accepted/standard-random-8x8.jsonl#d4322c321fe6c32d8aa4986a,standard-random-8x8,standard,random-start,8x8,tf:149,tf:143,false,p2,accepted,,1827028745,1827034226086240,5
tf_policy_elo_current_rule_continuation_g141_g150_2026-09-02,accepted/standard-random-8x8.jsonl#6ccc4f774bb3a2d35c3455c3,standard-random-8x8,standard,random-start,8x8,tf:149,tf:143,false,p2,accepted,,1827028745,1827034226086242,7
tf_policy_elo_current_rule_continuation_g141_g150_2026-09-02,accepted/standard-random-8x8.jsonl#900629edb411e8a2e3645ed4,standard-random-8x8,standard,random-start,8x8,tf:149,tf:143,false,p1,accepted,,1827028745,1827034226086244,9
tf_policy_elo_current_rule_continuation_g141_g150_2026-09-02,accepted/standard-random-8x8.jsonl#4d83fdf0927d45b07f10b1a0,standard-random-8x8,standard,random-start,8x8,tf:149,tf:143,false,p1,accepted,,1827028745,1827034226086246,11
tf_policy_elo_current_rule_continuation_g141_g150_2026-09-02,accepted/standard-random-8x8.jsonl#70710166a51e33ebac735c33,standard-random-8x8,standard,random-start,8x8,tf:149,tf:146,false,p1,accepted,,1030905937,1030909029717812,1
tf_policy_elo_current_rule_continuation_g141_g150_2026-09-02,accepted/standard-random-8x8.jsonl#c011afc797ee29088e736604,standard-random-8x8,standard,random-start,8x8,tf:149,tf:146,false,p2,accepted,,1030905937,1030909029717814,3
tf_policy_elo_current_rule_continuation_g141_g150_2026-09-02,accepted/standard-random-8x8.jsonl#b00d4d83a9769fb9c9d3f18b,standard-random-8x8,standard,random-start,8x8,tf:149,tf:146,false,p1,accepted,,1030905937,1030909029717816,5
tf_policy_elo_current_rule_continuation_g141_g150_2026-09-02,accepted/standard-random-8x8.jsonl#9cd6c71b5f5e6409ebcce504,standard-random-8x8,standard,random-start,8x8,tf:149,tf:146,false,p1,accepted,,1030905937,1030909029717818,7
tf_policy_elo_current_rule_continuation_g141_g150_2026-09-02,accepted/standard-random-8x8.jsonl#be4f364d680288e59113914a,standard-random-8x8,standard,random-start,8x8,tf:149,tf:146,false,p1,accepted,,1030905937,1030909029717820,9
tf_policy_elo_current_rule_continuation_g141_g150_2026-09-02,accepted/standard-random-8x8.jsonl#e1b859be42aa88e750792c5d,standard-random-8x8,standard,random-start,8x8,tf:149,tf:146,false,p1,accepted,,1030905937,1030909029717822,11
tf_policy_elo_current_rule_continuation_g141_g150_2026-09-02,accepted/standard-random-8x8.jsonl#0ae2891cd1038df07de04874,standard-random-8x8,standard,random-start,8x8,tf:149,tf:148,false,p2,accepted,,1602449153,1602453960347460,1
tf_policy_elo_current_rule_continuation_g141_g150_2026-09-02,accepted/standard-random-8x8.jsonl#33d6dc3bb37555a11d7ee587,standard-random-8x8,standard,random-start,8x8,tf:149,tf:148,false,p1,accepted,,1602449153,1602453960347462,3
tf_policy_elo_current_rule_continuation_g141_g150_2026-09-02,accepted/standard-random-8x8.jsonl#0a9073e6370cc63833da9c2a,standard-random-8x8,standard,random-start,8x8,tf:149,tf:148,false,p1,accepted,,1602449153,1602453960347464,5
tf_policy_elo_current_rule_continuation_g141_g150_2026-09-02,accepted/standard-random-8x8.jsonl#de6e4830dc76dcd4aa864426,standard-random-8x8,standard,random-start,8x8,tf:149,tf:148,false,p1,accepted,,1602449153,1602453960347466,7
tf_policy_elo_current_rule_continuation_g141_g150_2026-09-02,accepted/standard-random-8x8.jsonl#86c403105b8c120d8506a24f,standard-random-8x8,standard,random-start,8x8,tf:149,tf:148,false,p1,accepted,,1602449153,1602453960347468,9
tf_policy_elo_current_rule_continuation_g141_g150_2026-09-02,accepted/standard-random-8x8.jsonl#11562cdb9e10466a8c8dc82f,standard-random-8x8,standard,random-start,8x8,tf:149,tf:148,false,p1,accepted,,1602449153,1602453960347470,11
tf_policy_elo_current_rule_continuation_g141_g150_2026-09-02,accepted/standard-random-8x8.jsonl#6a57e5f5c22c63d89997925e,standard-random-8x8,standard,random-start,8x8,tf:149,tf:150,true,p1,accepted,,1388968462,1388972628905386,0
tf_policy_elo_current_rule_continuation_g141_g150_2026-09-02,accepted/standard-random-8x8.jsonl#ec9155aad1d3278879e7a4de,standard-random-8x8,standard,random-start,8x8,tf:149,tf:150,true,p1,accepted,,1388968462,1388972628905388,2
tf_policy_elo_current_rule_continuation_g141_g150_2026-09-02,accepted/standard-random-8x8.jsonl#5c20843cb098f5086ddb4139,standard-random-8x8,standard,random-start,8x8,tf:149,tf:150,true,p1,accepted,,1388968462,1388972628905390,4
tf_policy_elo_current_rule_continuation_g141_g150_2026-09-02,accepted/standard-random-8x8.jsonl#1e4f54f8168f3ae1248d71b3,standard-random-8x8,standard,random-start,8x8,tf:149,tf:150,true,p1,accepted,,1388968462,1388972628905392,6
tf_policy_elo_current_rule_continuation_g141_g150_2026-09-02,accepted/standard-random-8x8.jsonl#1c7bbc7253e659ec9dafdda3,standard-random-8x8,standard,random-start,8x8,tf:149,tf:150,true,p1,accepted,,1388968462,1388972628905394,8
tf_policy_elo_current_rule_continuation_g141_g150_2026-09-02,accepted/standard-random-8x8.jsonl#9a50eb636864d8da3bda6161,standard-random-8x8,standard,random-start,8x8,tf:149,tf:150,true,p2,accepted,,1388968462,1388972628905396,10
tf_policy_elo_current_rule_continuation_g141_g150_2026-09-02,accepted/standard-random-8x8.jsonl#8b1a81286b30fef3a622a61b,standard-random-8x8,standard,random-start,8x8,tf:150,tf:144,false,p1,accepted,,1860086540,1860092120259621,1
tf_policy_elo_current_rule_continuation_g141_g150_2026-09-02,accepted/standard-random-8x8.jsonl#672f2058d71ee4494285aefc,standard-random-8x8,standard,random-start,8x8,tf:150,tf:144,false,p1,accepted,,1860086540,1860092120259623,3
tf_policy_elo_current_rule_continuation_g141_g150_2026-09-02,accepted/standard-random-8x8.jsonl#8f2ed2ab7f35873840db5664,standard-random-8x8,standard,random-start,8x8,tf:150,tf:144,false,p2,accepted,,1860086540,1860092120259625,5
tf_policy_elo_current_rule_continuation_g141_g150_2026-09-02,accepted/standard-random-8x8.jsonl#9ff1ab1e036e27cec7a43f76,standard-random-8x8,standard,random-start,8x8,tf:150,tf:144,false,p1,accepted,,1860086540,1860092120259627,7
tf_policy_elo_current_rule_continuation_g141_g150_2026-09-02,accepted/standard-random-8x8.jsonl#631b048b7584ee289cdd6e1e,standard-random-8x8,standard,random-start,8x8,tf:150,tf:144,false,p1,accepted,,1860086540,1860092120259629,9
tf_policy_elo_current_rule_continuation_g141_g150_2026-09-02,accepted/standard-random-8x8.jsonl#44281ea2ecbcd00ba1a437ad,standard-random-8x8,standard,random-start,8x8,tf:150,tf:144,false,p2,accepted,,1860086540,1860092120259631,11
tf_policy_elo_current_rule_continuation_g141_g150_2026-09-02,accepted/standard-random-8x8.jsonl#839de61f1b1b60c08c003b5a,standard-random-8x8,standard,random-start,8x8,tf:150,tf:147,false,p1,accepted,,715047931,715050076143794,1
tf_policy_elo_current_rule_continuation_g141_g150_2026-09-02,accepted/standard-random-8x8.jsonl#10665d60191bc07e06535f5a,standard-random-8x8,standard,random-start,8x8,tf:150,tf:147,false,p1,accepted,,715047931,715050076143796,3
tf_policy_elo_current_rule_continuation_g141_g150_2026-09-02,accepted/standard-random-8x8.jsonl#c618cd5c007c6ace0c9262d4,standard-random-8x8,standard,random-start,8x8,tf:150,tf:147,false,p1,accepted,,715047931,715050076143798,5
tf_policy_elo_current_rule_continuation_g141_g150_2026-09-02,accepted/standard-random-8x8.jsonl#12a46fdf7531f4bff3528c71,standard-random-8x8,standard,random-start,8x8,tf:150,tf:147,false,p1,accepted,,715047931,715050076143800,7
tf_policy_elo_current_rule_continuation_g141_g150_2026-09-02,accepted/standard-random-8x8.jsonl#4b631ee3f5b2633ac5cc0a0a,standard-random-8x8,standard,random-start,8x8,tf:150,tf:147,false,p1,accepted,,715047931,715050076143802,9
tf_policy_elo_current_rule_continuation_g141_g150_2026-09-02,accepted/standard-random-8x8.jsonl#24734cbf9acae70fd810b634,standard-random-8x8,standard,random-start,8x8,tf:150,tf:147,false,p2,accepted,,715047931,715050076143804,11
tf_policy_elo_current_rule_continuation_g141_g150_2026-09-02,accepted/standard-random-8x8.jsonl#5a9a2aa6bc6345ac9cca05ad,standard-random-8x8,standard,random-start,8x8,tf:150,tf:149,false,p1,accepted,,1388968462,1388972628905387,1
tf_policy_elo_current_rule_continuation_g141_g150_2026-09-02,accepted/standard-random-8x8.jsonl#02702898122a2da49f7ac1b5,standard-random-8x8,standard,random-start,8x8,tf:150,tf:149,false,p1,accepted,,1388968462,1388972628905389,3
tf_policy_elo_current_rule_continuation_g141_g150_2026-09-02,accepted/standard-random-8x8.jsonl#b89f8d2c255ea85d85846ec2,standard-random-8x8,standard,random-start,8x8,tf:150,tf:149,false,p1,accepted,,1388968462,1388972628905391,5
tf_policy_elo_current_rule_continuation_g141_g150_2026-09-02,accepted/standard-random-8x8.jsonl#44cf5d320372e05aff91c33f,standard-random-8x8,standard,random-start,8x8,tf:150,tf:149,false,p1,accepted,,1388968462,1388972628905393,7
tf_policy_elo_current_rule_continuation_g141_g150_2026-09-02,accepted/standard-random-8x8.jsonl#3c3eabbed0b8355cb7fe0fdc,standard-random-8x8,standard,random-start,8x8,tf:150,tf:149,false,p1,accepted,,1388968462,1388972628905395,9
tf_policy_elo_current_rule_continuation_g141_g150_2026-09-02,accepted/standard-random-8x8.jsonl#1e898c50abeba440edf0c2bb,standard-random-8x8,standard,random-start,8x8,tf:150,tf:149,false,p1,accepted,,1388968462,1388972628905397,11
