exp,sourceFile,conditionId,variant,setup,board,p1,p2,candidateIsP1,winner,evidenceStatus,exclusionReason,engineSeed,randomStartSeed,game
tf_policy_elo_616bc2f2_phase7_d3d6_2026-08-20,animal-cycle-fixed-7x7_g100_vs_g94.jsonl,animal-cycle-fixed-7x7,animal-cycle,fixed,7x7,tf:100,tf:94,true,p1,accepted,,636094041,636095949282123,0
tf_policy_elo_616bc2f2_phase7_d3d6_2026-08-20,animal-cycle-fixed-7x7_g100_vs_g94.jsonl,animal-cycle-fixed-7x7,animal-cycle,fixed,7x7,tf:94,tf:100,false,p2,accepted,,636094041,636095949282124,1
tf_policy_elo_616bc2f2_phase7_d3d6_2026-08-20,animal-cycle-fixed-7x7_g100_vs_g97.jsonl,animal-cycle-fixed-7x7,animal-cycle,fixed,7x7,tf:100,tf:97,true,p1,accepted,,636097041,636098949291123,0
tf_policy_elo_616bc2f2_phase7_d3d6_2026-08-20,animal-cycle-fixed-7x7_g100_vs_g97.jsonl,animal-cycle-fixed-7x7,animal-cycle,fixed,7x7,tf:97,tf:100,false,p2,accepted,,636097041,636098949291124,1
tf_policy_elo_616bc2f2_phase7_d3d6_2026-08-20,animal-cycle-fixed-7x7_g101_vs_g95.jsonl,animal-cycle-fixed-7x7,animal-cycle,fixed,7x7,tf:101,tf:95,true,p1,accepted,,636195041,636196949585123,0
tf_policy_elo_616bc2f2_phase7_d3d6_2026-08-20,animal-cycle-fixed-7x7_g101_vs_g95.jsonl,animal-cycle-fixed-7x7,animal-cycle,fixed,7x7,tf:95,tf:101,false,p2,accepted,,636195041,636196949585124,1
tf_policy_elo_616bc2f2_phase7_d3d6_2026-08-20,animal-cycle-fixed-7x7_g101_vs_g98.jsonl,animal-cycle-fixed-7x7,animal-cycle,fixed,7x7,tf:101,tf:98,true,p1,accepted,,636198041,636199949594123,0
tf_policy_elo_616bc2f2_phase7_d3d6_2026-08-20,animal-cycle-fixed-7x7_g101_vs_g98.jsonl,animal-cycle-fixed-7x7,animal-cycle,fixed,7x7,tf:98,tf:101,false,p2,accepted,,636198041,636199949594124,1
tf_policy_elo_616bc2f2_phase7_d3d6_2026-08-20,animal-cycle-fixed-7x7_g102_vs_g96.jsonl,animal-cycle-fixed-7x7,animal-cycle,fixed,7x7,tf:102,tf:96,true,p1,accepted,,636296041,636297949888123,0
tf_policy_elo_616bc2f2_phase7_d3d6_2026-08-20,animal-cycle-fixed-7x7_g102_vs_g96.jsonl,animal-cycle-fixed-7x7,animal-cycle,fixed,7x7,tf:96,tf:102,false,p2,accepted,,636296041,636297949888124,1
tf_policy_elo_616bc2f2_phase7_d3d6_2026-08-20,animal-cycle-fixed-7x7_g102_vs_g99.jsonl,animal-cycle-fixed-7x7,animal-cycle,fixed,7x7,tf:102,tf:99,true,p2,accepted,,636299041,636300949897123,0
tf_policy_elo_616bc2f2_phase7_d3d6_2026-08-20,animal-cycle-fixed-7x7_g102_vs_g99.jsonl,animal-cycle-fixed-7x7,animal-cycle,fixed,7x7,tf:99,tf:102,false,p2,accepted,,636299041,636300949897124,1
tf_policy_elo_616bc2f2_phase7_d3d6_2026-08-20,animal-cycle-fixed-7x7_g103_vs_g100.jsonl,animal-cycle-fixed-7x7,animal-cycle,fixed,7x7,tf:103,tf:100,true,p2,accepted,,636400041,636401950200123,0
tf_policy_elo_616bc2f2_phase7_d3d6_2026-08-20,animal-cycle-fixed-7x7_g103_vs_g100.jsonl,animal-cycle-fixed-7x7,animal-cycle,fixed,7x7,tf:100,tf:103,false,p1,accepted,,636400041,636401950200124,1
tf_policy_elo_616bc2f2_phase7_d3d6_2026-08-20,animal-cycle-fixed-7x7_g103_vs_g97.jsonl,animal-cycle-fixed-7x7,animal-cycle,fixed,7x7,tf:103,tf:97,true,p1,accepted,,636397041,636398950191123,0
tf_policy_elo_616bc2f2_phase7_d3d6_2026-08-20,animal-cycle-fixed-7x7_g103_vs_g97.jsonl,animal-cycle-fixed-7x7,animal-cycle,fixed,7x7,tf:97,tf:103,false,p2,accepted,,636397041,636398950191124,1
tf_policy_elo_616bc2f2_phase7_d3d6_2026-08-20,animal-cycle-fixed-7x7_g104_vs_g101.jsonl,animal-cycle-fixed-7x7,animal-cycle,fixed,7x7,tf:104,tf:101,true,p1,accepted,,636501041,636502950503123,0
tf_policy_elo_616bc2f2_phase7_d3d6_2026-08-20,animal-cycle-fixed-7x7_g104_vs_g101.jsonl,animal-cycle-fixed-7x7,animal-cycle,fixed,7x7,tf:101,tf:104,false,p2,accepted,,636501041,636502950503124,1
tf_policy_elo_616bc2f2_phase7_d3d6_2026-08-20,animal-cycle-fixed-7x7_g104_vs_g98.jsonl,animal-cycle-fixed-7x7,animal-cycle,fixed,7x7,tf:104,tf:98,true,p1,accepted,,636498041,636499950494123,0
tf_policy_elo_616bc2f2_phase7_d3d6_2026-08-20,animal-cycle-fixed-7x7_g104_vs_g98.jsonl,animal-cycle-fixed-7x7,animal-cycle,fixed,7x7,tf:98,tf:104,false,p2,accepted,,636498041,636499950494124,1
tf_policy_elo_616bc2f2_phase7_d3d6_2026-08-20,animal-cycle-fixed-7x7_g105_vs_g102.jsonl,animal-cycle-fixed-7x7,animal-cycle,fixed,7x7,tf:105,tf:102,true,p1,accepted,,636602041,636603950806123,0
tf_policy_elo_616bc2f2_phase7_d3d6_2026-08-20,animal-cycle-fixed-7x7_g105_vs_g102.jsonl,animal-cycle-fixed-7x7,animal-cycle,fixed,7x7,tf:102,tf:105,false,p1,accepted,,636602041,636603950806124,1
tf_policy_elo_616bc2f2_phase7_d3d6_2026-08-20,animal-cycle-fixed-7x7_g105_vs_g99.jsonl,animal-cycle-fixed-7x7,animal-cycle,fixed,7x7,tf:105,tf:99,true,p1,accepted,,636599041,636600950797123,0
tf_policy_elo_616bc2f2_phase7_d3d6_2026-08-20,animal-cycle-fixed-7x7_g105_vs_g99.jsonl,animal-cycle-fixed-7x7,animal-cycle,fixed,7x7,tf:99,tf:105,false,p2,accepted,,636599041,636600950797124,1
tf_policy_elo_616bc2f2_phase7_d3d6_2026-08-20,animal-cycle-fixed-7x7_g106_vs_g100.jsonl,animal-cycle-fixed-7x7,animal-cycle,fixed,7x7,tf:106,tf:100,true,p2,accepted,,636700041,636701951100123,0
tf_policy_elo_616bc2f2_phase7_d3d6_2026-08-20,animal-cycle-fixed-7x7_g106_vs_g100.jsonl,animal-cycle-fixed-7x7,animal-cycle,fixed,7x7,tf:100,tf:106,false,p1,accepted,,636700041,636701951100124,1
tf_policy_elo_616bc2f2_phase7_d3d6_2026-08-20,animal-cycle-fixed-7x7_g106_vs_g103.jsonl,animal-cycle-fixed-7x7,animal-cycle,fixed,7x7,tf:106,tf:103,true,p1,accepted,,636703041,636704951109123,0
tf_policy_elo_616bc2f2_phase7_d3d6_2026-08-20,animal-cycle-fixed-7x7_g106_vs_g103.jsonl,animal-cycle-fixed-7x7,animal-cycle,fixed,7x7,tf:103,tf:106,false,p1,accepted,,636703041,636704951109124,1
tf_policy_elo_616bc2f2_phase7_d3d6_2026-08-20,animal-cycle-fixed-7x7_g107_vs_g101.jsonl,animal-cycle-fixed-7x7,animal-cycle,fixed,7x7,tf:107,tf:101,true,p1,accepted,,636801041,636802951403123,0
tf_policy_elo_616bc2f2_phase7_d3d6_2026-08-20,animal-cycle-fixed-7x7_g107_vs_g101.jsonl,animal-cycle-fixed-7x7,animal-cycle,fixed,7x7,tf:101,tf:107,false,p1,accepted,,636801041,636802951403124,1
tf_policy_elo_616bc2f2_phase7_d3d6_2026-08-20,animal-cycle-fixed-7x7_g107_vs_g104.jsonl,animal-cycle-fixed-7x7,animal-cycle,fixed,7x7,tf:107,tf:104,true,p1,accepted,,636804041,636805951412123,0
tf_policy_elo_616bc2f2_phase7_d3d6_2026-08-20,animal-cycle-fixed-7x7_g107_vs_g104.jsonl,animal-cycle-fixed-7x7,animal-cycle,fixed,7x7,tf:104,tf:107,false,p1,accepted,,636804041,636805951412124,1
tf_policy_elo_616bc2f2_phase7_d3d6_2026-08-20,animal-cycle-fixed-7x7_g108_vs_g102.jsonl,animal-cycle-fixed-7x7,animal-cycle,fixed,7x7,tf:108,tf:102,true,p1,accepted,,636902041,636903951706123,0
tf_policy_elo_616bc2f2_phase7_d3d6_2026-08-20,animal-cycle-fixed-7x7_g108_vs_g102.jsonl,animal-cycle-fixed-7x7,animal-cycle,fixed,7x7,tf:102,tf:108,false,p1,accepted,,636902041,636903951706124,1
tf_policy_elo_616bc2f2_phase7_d3d6_2026-08-20,animal-cycle-fixed-7x7_g108_vs_g105.jsonl,animal-cycle-fixed-7x7,animal-cycle,fixed,7x7,tf:108,tf:105,true,p1,accepted,,636905041,636906951715123,0
tf_policy_elo_616bc2f2_phase7_d3d6_2026-08-20,animal-cycle-fixed-7x7_g108_vs_g105.jsonl,animal-cycle-fixed-7x7,animal-cycle,fixed,7x7,tf:105,tf:108,false,p1,accepted,,636905041,636906951715124,1
tf_policy_elo_616bc2f2_phase7_d3d6_2026-08-20,animal-cycle-fixed-7x7_g109_vs_g103.jsonl,animal-cycle-fixed-7x7,animal-cycle,fixed,7x7,tf:109,tf:103,true,p1,accepted,,637003041,637004952009123,0
tf_policy_elo_616bc2f2_phase7_d3d6_2026-08-20,animal-cycle-fixed-7x7_g109_vs_g103.jsonl,animal-cycle-fixed-7x7,animal-cycle,fixed,7x7,tf:103,tf:109,false,p1,accepted,,637003041,637004952009124,1
tf_policy_elo_616bc2f2_phase7_d3d6_2026-08-20,animal-cycle-fixed-7x7_g109_vs_g106.jsonl,animal-cycle-fixed-7x7,animal-cycle,fixed,7x7,tf:109,tf:106,true,p2,accepted,,637006041,637007952018123,0
tf_policy_elo_616bc2f2_phase7_d3d6_2026-08-20,animal-cycle-fixed-7x7_g109_vs_g106.jsonl,animal-cycle-fixed-7x7,animal-cycle,fixed,7x7,tf:106,tf:109,false,p1,accepted,,637006041,637007952018124,1
tf_policy_elo_616bc2f2_phase7_d3d6_2026-08-20,animal-cycle-fixed-7x7_g110_vs_g104.jsonl,animal-cycle-fixed-7x7,animal-cycle,fixed,7x7,tf:110,tf:104,true,p1,accepted,,637104041,637105952312123,0
tf_policy_elo_616bc2f2_phase7_d3d6_2026-08-20,animal-cycle-fixed-7x7_g110_vs_g104.jsonl,animal-cycle-fixed-7x7,animal-cycle,fixed,7x7,tf:104,tf:110,false,p1,accepted,,637104041,637105952312124,1
tf_policy_elo_616bc2f2_phase7_d3d6_2026-08-20,animal-cycle-fixed-7x7_g110_vs_g107.jsonl,animal-cycle-fixed-7x7,animal-cycle,fixed,7x7,tf:110,tf:107,true,p1,accepted,,637107041,637108952321123,0
tf_policy_elo_616bc2f2_phase7_d3d6_2026-08-20,animal-cycle-fixed-7x7_g110_vs_g107.jsonl,animal-cycle-fixed-7x7,animal-cycle,fixed,7x7,tf:107,tf:110,false,p1,accepted,,637107041,637108952321124,1
tf_policy_elo_616bc2f2_phase7_d3d6_2026-08-20,animal-cycle-fixed-7x7_g111_vs_g105.jsonl,animal-cycle-fixed-7x7,animal-cycle,fixed,7x7,tf:111,tf:105,true,p1,accepted,,637205041,637206952615123,0
tf_policy_elo_616bc2f2_phase7_d3d6_2026-08-20,animal-cycle-fixed-7x7_g111_vs_g105.jsonl,animal-cycle-fixed-7x7,animal-cycle,fixed,7x7,tf:105,tf:111,false,p1,accepted,,637205041,637206952615124,1
tf_policy_elo_616bc2f2_phase7_d3d6_2026-08-20,animal-cycle-fixed-7x7_g111_vs_g108.jsonl,animal-cycle-fixed-7x7,animal-cycle,fixed,7x7,tf:111,tf:108,true,p1,accepted,,637208041,637209952624123,0
tf_policy_elo_616bc2f2_phase7_d3d6_2026-08-20,animal-cycle-fixed-7x7_g111_vs_g108.jsonl,animal-cycle-fixed-7x7,animal-cycle,fixed,7x7,tf:108,tf:111,false,p1,accepted,,637208041,637209952624124,1
tf_policy_elo_616bc2f2_phase7_d3d6_2026-08-20,animal-cycle-fixed-7x7_g112_vs_g106.jsonl,animal-cycle-fixed-7x7,animal-cycle,fixed,7x7,tf:112,tf:106,true,p2,accepted,,637306041,637307952918123,0
tf_policy_elo_616bc2f2_phase7_d3d6_2026-08-20,animal-cycle-fixed-7x7_g112_vs_g106.jsonl,animal-cycle-fixed-7x7,animal-cycle,fixed,7x7,tf:106,tf:112,false,p1,accepted,,637306041,637307952918124,1
tf_policy_elo_616bc2f2_phase7_d3d6_2026-08-20,animal-cycle-fixed-7x7_g112_vs_g109.jsonl,animal-cycle-fixed-7x7,animal-cycle,fixed,7x7,tf:112,tf:109,true,p1,accepted,,637309041,637310952927123,0
tf_policy_elo_616bc2f2_phase7_d3d6_2026-08-20,animal-cycle-fixed-7x7_g112_vs_g109.jsonl,animal-cycle-fixed-7x7,animal-cycle,fixed,7x7,tf:109,tf:112,false,p1,accepted,,637309041,637310952927124,1
tf_policy_elo_616bc2f2_phase7_d3d6_2026-08-20,animal-cycle-fixed-7x7_g113_vs_g107.jsonl,animal-cycle-fixed-7x7,animal-cycle,fixed,7x7,tf:113,tf:107,true,p1,accepted,,637407041,637408953221123,0
tf_policy_elo_616bc2f2_phase7_d3d6_2026-08-20,animal-cycle-fixed-7x7_g113_vs_g107.jsonl,animal-cycle-fixed-7x7,animal-cycle,fixed,7x7,tf:107,tf:113,false,p1,accepted,,637407041,637408953221124,1
tf_policy_elo_616bc2f2_phase7_d3d6_2026-08-20,animal-cycle-fixed-7x7_g113_vs_g110.jsonl,animal-cycle-fixed-7x7,animal-cycle,fixed,7x7,tf:113,tf:110,true,p1,accepted,,637410041,637411953230123,0
tf_policy_elo_616bc2f2_phase7_d3d6_2026-08-20,animal-cycle-fixed-7x7_g113_vs_g110.jsonl,animal-cycle-fixed-7x7,animal-cycle,fixed,7x7,tf:110,tf:113,false,p2,accepted,,637410041,637411953230124,1
tf_policy_elo_616bc2f2_phase7_d3d6_2026-08-20,animal-cycle-fixed-7x7_g114_vs_g108.jsonl,animal-cycle-fixed-7x7,animal-cycle,fixed,7x7,tf:114,tf:108,true,p1,accepted,,637508041,637509953524123,0
tf_policy_elo_616bc2f2_phase7_d3d6_2026-08-20,animal-cycle-fixed-7x7_g114_vs_g108.jsonl,animal-cycle-fixed-7x7,animal-cycle,fixed,7x7,tf:108,tf:114,false,p1,accepted,,637508041,637509953524124,1
tf_policy_elo_616bc2f2_phase7_d3d6_2026-08-20,animal-cycle-fixed-7x7_g114_vs_g111.jsonl,animal-cycle-fixed-7x7,animal-cycle,fixed,7x7,tf:114,tf:111,true,p1,accepted,,637511041,637512953533123,0
tf_policy_elo_616bc2f2_phase7_d3d6_2026-08-20,animal-cycle-fixed-7x7_g114_vs_g111.jsonl,animal-cycle-fixed-7x7,animal-cycle,fixed,7x7,tf:111,tf:114,false,p1,accepted,,637511041,637512953533124,1
tf_policy_elo_616bc2f2_phase7_d3d6_2026-08-20,animal-cycle-fixed-7x7_g115_vs_g109.jsonl,animal-cycle-fixed-7x7,animal-cycle,fixed,7x7,tf:115,tf:109,true,p1,accepted,,637609041,637610953827123,0
tf_policy_elo_616bc2f2_phase7_d3d6_2026-08-20,animal-cycle-fixed-7x7_g115_vs_g109.jsonl,animal-cycle-fixed-7x7,animal-cycle,fixed,7x7,tf:109,tf:115,false,p1,accepted,,637609041,637610953827124,1
tf_policy_elo_616bc2f2_phase7_d3d6_2026-08-20,animal-cycle-fixed-7x7_g115_vs_g112.jsonl,animal-cycle-fixed-7x7,animal-cycle,fixed,7x7,tf:115,tf:112,true,p1,accepted,,637612041,637613953836123,0
tf_policy_elo_616bc2f2_phase7_d3d6_2026-08-20,animal-cycle-fixed-7x7_g115_vs_g112.jsonl,animal-cycle-fixed-7x7,animal-cycle,fixed,7x7,tf:112,tf:115,false,p1,accepted,,637612041,637613953836124,1
tf_policy_elo_616bc2f2_phase7_d3d6_2026-08-20,animal-cycle-fixed-7x7_g116_vs_g110.jsonl,animal-cycle-fixed-7x7,animal-cycle,fixed,7x7,tf:116,tf:110,true,p1,accepted,,637710041,637711954130123,0
tf_policy_elo_616bc2f2_phase7_d3d6_2026-08-20,animal-cycle-fixed-7x7_g116_vs_g110.jsonl,animal-cycle-fixed-7x7,animal-cycle,fixed,7x7,tf:110,tf:116,false,p1,accepted,,637710041,637711954130124,1
tf_policy_elo_616bc2f2_phase7_d3d6_2026-08-20,animal-cycle-fixed-7x7_g116_vs_g113.jsonl,animal-cycle-fixed-7x7,animal-cycle,fixed,7x7,tf:116,tf:113,true,p1,accepted,,637713041,637714954139123,0
tf_policy_elo_616bc2f2_phase7_d3d6_2026-08-20,animal-cycle-fixed-7x7_g116_vs_g113.jsonl,animal-cycle-fixed-7x7,animal-cycle,fixed,7x7,tf:113,tf:116,false,p1,accepted,,637713041,637714954139124,1
tf_policy_elo_616bc2f2_phase7_d3d6_2026-08-20,animal-cycle-fixed-7x7_g96_vs_g93.jsonl,animal-cycle-fixed-7x7,animal-cycle,fixed,7x7,tf:96,tf:93,true,p2,accepted,,635693041,635694948079123,0
tf_policy_elo_616bc2f2_phase7_d3d6_2026-08-20,animal-cycle-fixed-7x7_g96_vs_g93.jsonl,animal-cycle-fixed-7x7,animal-cycle,fixed,7x7,tf:93,tf:96,false,p2,accepted,,635693041,635694948079124,1
tf_policy_elo_616bc2f2_phase7_d3d6_2026-08-20,animal-cycle-fixed-7x7_g97_vs_g94.jsonl,animal-cycle-fixed-7x7,animal-cycle,fixed,7x7,tf:97,tf:94,true,p1,accepted,,635794041,635795948382123,0
tf_policy_elo_616bc2f2_phase7_d3d6_2026-08-20,animal-cycle-fixed-7x7_g97_vs_g94.jsonl,animal-cycle-fixed-7x7,animal-cycle,fixed,7x7,tf:94,tf:97,false,p2,accepted,,635794041,635795948382124,1
tf_policy_elo_616bc2f2_phase7_d3d6_2026-08-20,animal-cycle-fixed-7x7_g98_vs_g95.jsonl,animal-cycle-fixed-7x7,animal-cycle,fixed,7x7,tf:98,tf:95,true,p1,accepted,,635895041,635896948685123,0
tf_policy_elo_616bc2f2_phase7_d3d6_2026-08-20,animal-cycle-fixed-7x7_g98_vs_g95.jsonl,animal-cycle-fixed-7x7,animal-cycle,fixed,7x7,tf:95,tf:98,false,p2,accepted,,635895041,635896948685124,1
tf_policy_elo_616bc2f2_phase7_d3d6_2026-08-20,animal-cycle-fixed-7x7_g99_vs_g93.jsonl,animal-cycle-fixed-7x7,animal-cycle,fixed,7x7,tf:99,tf:93,true,p1,accepted,,635993041,635994948979123,0
tf_policy_elo_616bc2f2_phase7_d3d6_2026-08-20,animal-cycle-fixed-7x7_g99_vs_g93.jsonl,animal-cycle-fixed-7x7,animal-cycle,fixed,7x7,tf:93,tf:99,false,p2,accepted,,635993041,635994948979124,1
tf_policy_elo_616bc2f2_phase7_d3d6_2026-08-20,animal-cycle-fixed-7x7_g99_vs_g96.jsonl,animal-cycle-fixed-7x7,animal-cycle,fixed,7x7,tf:99,tf:96,true,p1,accepted,,635996041,635997948988123,0
tf_policy_elo_616bc2f2_phase7_d3d6_2026-08-20,animal-cycle-fixed-7x7_g99_vs_g96.jsonl,animal-cycle-fixed-7x7,animal-cycle,fixed,7x7,tf:96,tf:99,false,p2,accepted,,635996041,635997948988124,1
tf_policy_elo_616bc2f2_phase7_d3d6_2026-08-20,animal-cycle-random-7x7_g100_vs_g94.jsonl,animal-cycle-random-7x7,animal-cycle,random-start,7x7,tf:100,tf:94,true,p1,accepted,,636094444,636096352283332,0
tf_policy_elo_616bc2f2_phase7_d3d6_2026-08-20,animal-cycle-random-7x7_g100_vs_g94.jsonl,animal-cycle-random-7x7,animal-cycle,random-start,7x7,tf:94,tf:100,false,p2,accepted,,636094444,636096352283333,1
tf_policy_elo_616bc2f2_phase7_d3d6_2026-08-20,animal-cycle-random-7x7_g100_vs_g94.jsonl,animal-cycle-random-7x7,animal-cycle,random-start,7x7,tf:100,tf:94,true,p1,accepted,,636094444,636096352283334,2
tf_policy_elo_616bc2f2_phase7_d3d6_2026-08-20,animal-cycle-random-7x7_g100_vs_g94.jsonl,animal-cycle-random-7x7,animal-cycle,random-start,7x7,tf:94,tf:100,false,p2,accepted,,636094444,636096352283335,3
tf_policy_elo_616bc2f2_phase7_d3d6_2026-08-20,animal-cycle-random-7x7_g100_vs_g94.jsonl,animal-cycle-random-7x7,animal-cycle,random-start,7x7,tf:100,tf:94,true,p1,accepted,,636094444,636096352283336,4
tf_policy_elo_616bc2f2_phase7_d3d6_2026-08-20,animal-cycle-random-7x7_g100_vs_g94.jsonl,animal-cycle-random-7x7,animal-cycle,random-start,7x7,tf:94,tf:100,false,p2,accepted,,636094444,636096352283337,5
tf_policy_elo_616bc2f2_phase7_d3d6_2026-08-20,animal-cycle-random-7x7_g100_vs_g94.jsonl,animal-cycle-random-7x7,animal-cycle,random-start,7x7,tf:100,tf:94,true,p1,accepted,,636094444,636096352283338,6
tf_policy_elo_616bc2f2_phase7_d3d6_2026-08-20,animal-cycle-random-7x7_g100_vs_g94.jsonl,animal-cycle-random-7x7,animal-cycle,random-start,7x7,tf:94,tf:100,false,p2,accepted,,636094444,636096352283339,7
tf_policy_elo_616bc2f2_phase7_d3d6_2026-08-20,animal-cycle-random-7x7_g100_vs_g94.jsonl,animal-cycle-random-7x7,animal-cycle,random-start,7x7,tf:100,tf:94,true,p1,accepted,,636094444,636096352283340,8
tf_policy_elo_616bc2f2_phase7_d3d6_2026-08-20,animal-cycle-random-7x7_g100_vs_g94.jsonl,animal-cycle-random-7x7,animal-cycle,random-start,7x7,tf:94,tf:100,false,p2,accepted,,636094444,636096352283341,9
tf_policy_elo_616bc2f2_phase7_d3d6_2026-08-20,animal-cycle-random-7x7_g100_vs_g94.jsonl,animal-cycle-random-7x7,animal-cycle,random-start,7x7,tf:100,tf:94,true,p2,accepted,,636094444,636096352283342,10
tf_policy_elo_616bc2f2_phase7_d3d6_2026-08-20,animal-cycle-random-7x7_g100_vs_g94.jsonl,animal-cycle-random-7x7,animal-cycle,random-start,7x7,tf:94,tf:100,false,p2,accepted,,636094444,636096352283343,11
tf_policy_elo_616bc2f2_phase7_d3d6_2026-08-20,animal-cycle-random-7x7_g100_vs_g97.jsonl,animal-cycle-random-7x7,animal-cycle,random-start,7x7,tf:100,tf:97,true,p1,accepted,,636097444,636099352292332,0
tf_policy_elo_616bc2f2_phase7_d3d6_2026-08-20,animal-cycle-random-7x7_g100_vs_g97.jsonl,animal-cycle-random-7x7,animal-cycle,random-start,7x7,tf:97,tf:100,false,p2,accepted,,636097444,636099352292333,1
tf_policy_elo_616bc2f2_phase7_d3d6_2026-08-20,animal-cycle-random-7x7_g100_vs_g97.jsonl,animal-cycle-random-7x7,animal-cycle,random-start,7x7,tf:100,tf:97,true,p1,accepted,,636097444,636099352292334,2
tf_policy_elo_616bc2f2_phase7_d3d6_2026-08-20,animal-cycle-random-7x7_g100_vs_g97.jsonl,animal-cycle-random-7x7,animal-cycle,random-start,7x7,tf:97,tf:100,false,p1,accepted,,636097444,636099352292335,3
tf_policy_elo_616bc2f2_phase7_d3d6_2026-08-20,animal-cycle-random-7x7_g100_vs_g97.jsonl,animal-cycle-random-7x7,animal-cycle,random-start,7x7,tf:100,tf:97,true,p1,accepted,,636097444,636099352292336,4
tf_policy_elo_616bc2f2_phase7_d3d6_2026-08-20,animal-cycle-random-7x7_g100_vs_g97.jsonl,animal-cycle-random-7x7,animal-cycle,random-start,7x7,tf:97,tf:100,false,p2,accepted,,636097444,636099352292337,5
tf_policy_elo_616bc2f2_phase7_d3d6_2026-08-20,animal-cycle-random-7x7_g100_vs_g97.jsonl,animal-cycle-random-7x7,animal-cycle,random-start,7x7,tf:100,tf:97,true,p1,accepted,,636097444,636099352292338,6
tf_policy_elo_616bc2f2_phase7_d3d6_2026-08-20,animal-cycle-random-7x7_g100_vs_g97.jsonl,animal-cycle-random-7x7,animal-cycle,random-start,7x7,tf:97,tf:100,false,p2,accepted,,636097444,636099352292339,7
tf_policy_elo_616bc2f2_phase7_d3d6_2026-08-20,animal-cycle-random-7x7_g100_vs_g97.jsonl,animal-cycle-random-7x7,animal-cycle,random-start,7x7,tf:100,tf:97,true,p2,accepted,,636097444,636099352292340,8
tf_policy_elo_616bc2f2_phase7_d3d6_2026-08-20,animal-cycle-random-7x7_g100_vs_g97.jsonl,animal-cycle-random-7x7,animal-cycle,random-start,7x7,tf:97,tf:100,false,p2,accepted,,636097444,636099352292341,9
tf_policy_elo_616bc2f2_phase7_d3d6_2026-08-20,animal-cycle-random-7x7_g100_vs_g97.jsonl,animal-cycle-random-7x7,animal-cycle,random-start,7x7,tf:100,tf:97,true,p2,accepted,,636097444,636099352292342,10
tf_policy_elo_616bc2f2_phase7_d3d6_2026-08-20,animal-cycle-random-7x7_g100_vs_g97.jsonl,animal-cycle-random-7x7,animal-cycle,random-start,7x7,tf:97,tf:100,false,p2,accepted,,636097444,636099352292343,11
tf_policy_elo_616bc2f2_phase7_d3d6_2026-08-20,animal-cycle-random-7x7_g101_vs_g95.jsonl,animal-cycle-random-7x7,animal-cycle,random-start,7x7,tf:101,tf:95,true,p2,accepted,,636195444,636197352586332,0
tf_policy_elo_616bc2f2_phase7_d3d6_2026-08-20,animal-cycle-random-7x7_g101_vs_g95.jsonl,animal-cycle-random-7x7,animal-cycle,random-start,7x7,tf:95,tf:101,false,p1,accepted,,636195444,636197352586333,1
tf_policy_elo_616bc2f2_phase7_d3d6_2026-08-20,animal-cycle-random-7x7_g101_vs_g95.jsonl,animal-cycle-random-7x7,animal-cycle,random-start,7x7,tf:101,tf:95,true,p1,accepted,,636195444,636197352586334,2
tf_policy_elo_616bc2f2_phase7_d3d6_2026-08-20,animal-cycle-random-7x7_g101_vs_g95.jsonl,animal-cycle-random-7x7,animal-cycle,random-start,7x7,tf:95,tf:101,false,p2,accepted,,636195444,636197352586335,3
tf_policy_elo_616bc2f2_phase7_d3d6_2026-08-20,animal-cycle-random-7x7_g101_vs_g95.jsonl,animal-cycle-random-7x7,animal-cycle,random-start,7x7,tf:101,tf:95,true,p1,accepted,,636195444,636197352586336,4
tf_policy_elo_616bc2f2_phase7_d3d6_2026-08-20,animal-cycle-random-7x7_g101_vs_g95.jsonl,animal-cycle-random-7x7,animal-cycle,random-start,7x7,tf:95,tf:101,false,p2,accepted,,636195444,636197352586337,5
tf_policy_elo_616bc2f2_phase7_d3d6_2026-08-20,animal-cycle-random-7x7_g101_vs_g95.jsonl,animal-cycle-random-7x7,animal-cycle,random-start,7x7,tf:101,tf:95,true,p1,accepted,,636195444,636197352586338,6
tf_policy_elo_616bc2f2_phase7_d3d6_2026-08-20,animal-cycle-random-7x7_g101_vs_g95.jsonl,animal-cycle-random-7x7,animal-cycle,random-start,7x7,tf:95,tf:101,false,p2,accepted,,636195444,636197352586339,7
tf_policy_elo_616bc2f2_phase7_d3d6_2026-08-20,animal-cycle-random-7x7_g101_vs_g95.jsonl,animal-cycle-random-7x7,animal-cycle,random-start,7x7,tf:101,tf:95,true,p1,accepted,,636195444,636197352586340,8
tf_policy_elo_616bc2f2_phase7_d3d6_2026-08-20,animal-cycle-random-7x7_g101_vs_g95.jsonl,animal-cycle-random-7x7,animal-cycle,random-start,7x7,tf:95,tf:101,false,p2,accepted,,636195444,636197352586341,9
tf_policy_elo_616bc2f2_phase7_d3d6_2026-08-20,animal-cycle-random-7x7_g101_vs_g95.jsonl,animal-cycle-random-7x7,animal-cycle,random-start,7x7,tf:101,tf:95,true,p1,accepted,,636195444,636197352586342,10
tf_policy_elo_616bc2f2_phase7_d3d6_2026-08-20,animal-cycle-random-7x7_g101_vs_g95.jsonl,animal-cycle-random-7x7,animal-cycle,random-start,7x7,tf:95,tf:101,false,p2,accepted,,636195444,636197352586343,11
tf_policy_elo_616bc2f2_phase7_d3d6_2026-08-20,animal-cycle-random-7x7_g101_vs_g98.jsonl,animal-cycle-random-7x7,animal-cycle,random-start,7x7,tf:101,tf:98,true,p1,accepted,,636198444,636200352595332,0
tf_policy_elo_616bc2f2_phase7_d3d6_2026-08-20,animal-cycle-random-7x7_g101_vs_g98.jsonl,animal-cycle-random-7x7,animal-cycle,random-start,7x7,tf:98,tf:101,false,p2,accepted,,636198444,636200352595333,1
tf_policy_elo_616bc2f2_phase7_d3d6_2026-08-20,animal-cycle-random-7x7_g101_vs_g98.jsonl,animal-cycle-random-7x7,animal-cycle,random-start,7x7,tf:101,tf:98,true,p1,accepted,,636198444,636200352595334,2
tf_policy_elo_616bc2f2_phase7_d3d6_2026-08-20,animal-cycle-random-7x7_g101_vs_g98.jsonl,animal-cycle-random-7x7,animal-cycle,random-start,7x7,tf:98,tf:101,false,p2,accepted,,636198444,636200352595335,3
tf_policy_elo_616bc2f2_phase7_d3d6_2026-08-20,animal-cycle-random-7x7_g101_vs_g98.jsonl,animal-cycle-random-7x7,animal-cycle,random-start,7x7,tf:101,tf:98,true,p1,accepted,,636198444,636200352595336,4
tf_policy_elo_616bc2f2_phase7_d3d6_2026-08-20,animal-cycle-random-7x7_g101_vs_g98.jsonl,animal-cycle-random-7x7,animal-cycle,random-start,7x7,tf:98,tf:101,false,p1,accepted,,636198444,636200352595337,5
tf_policy_elo_616bc2f2_phase7_d3d6_2026-08-20,animal-cycle-random-7x7_g101_vs_g98.jsonl,animal-cycle-random-7x7,animal-cycle,random-start,7x7,tf:101,tf:98,true,p1,accepted,,636198444,636200352595338,6
tf_policy_elo_616bc2f2_phase7_d3d6_2026-08-20,animal-cycle-random-7x7_g101_vs_g98.jsonl,animal-cycle-random-7x7,animal-cycle,random-start,7x7,tf:98,tf:101,false,p2,accepted,,636198444,636200352595339,7
tf_policy_elo_616bc2f2_phase7_d3d6_2026-08-20,animal-cycle-random-7x7_g101_vs_g98.jsonl,animal-cycle-random-7x7,animal-cycle,random-start,7x7,tf:101,tf:98,true,p1,accepted,,636198444,636200352595340,8
tf_policy_elo_616bc2f2_phase7_d3d6_2026-08-20,animal-cycle-random-7x7_g101_vs_g98.jsonl,animal-cycle-random-7x7,animal-cycle,random-start,7x7,tf:98,tf:101,false,p2,accepted,,636198444,636200352595341,9
tf_policy_elo_616bc2f2_phase7_d3d6_2026-08-20,animal-cycle-random-7x7_g101_vs_g98.jsonl,animal-cycle-random-7x7,animal-cycle,random-start,7x7,tf:101,tf:98,true,p2,accepted,,636198444,636200352595342,10
tf_policy_elo_616bc2f2_phase7_d3d6_2026-08-20,animal-cycle-random-7x7_g101_vs_g98.jsonl,animal-cycle-random-7x7,animal-cycle,random-start,7x7,tf:98,tf:101,false,p2,accepted,,636198444,636200352595343,11
tf_policy_elo_616bc2f2_phase7_d3d6_2026-08-20,animal-cycle-random-7x7_g102_vs_g96.jsonl,animal-cycle-random-7x7,animal-cycle,random-start,7x7,tf:102,tf:96,true,p1,accepted,,636296444,636298352889332,0
tf_policy_elo_616bc2f2_phase7_d3d6_2026-08-20,animal-cycle-random-7x7_g102_vs_g96.jsonl,animal-cycle-random-7x7,animal-cycle,random-start,7x7,tf:96,tf:102,false,p2,accepted,,636296444,636298352889333,1
tf_policy_elo_616bc2f2_phase7_d3d6_2026-08-20,animal-cycle-random-7x7_g102_vs_g96.jsonl,animal-cycle-random-7x7,animal-cycle,random-start,7x7,tf:102,tf:96,true,p1,accepted,,636296444,636298352889334,2
tf_policy_elo_616bc2f2_phase7_d3d6_2026-08-20,animal-cycle-random-7x7_g102_vs_g96.jsonl,animal-cycle-random-7x7,animal-cycle,random-start,7x7,tf:96,tf:102,false,p2,accepted,,636296444,636298352889335,3
tf_policy_elo_616bc2f2_phase7_d3d6_2026-08-20,animal-cycle-random-7x7_g102_vs_g96.jsonl,animal-cycle-random-7x7,animal-cycle,random-start,7x7,tf:102,tf:96,true,p2,accepted,,636296444,636298352889336,4
tf_policy_elo_616bc2f2_phase7_d3d6_2026-08-20,animal-cycle-random-7x7_g102_vs_g96.jsonl,animal-cycle-random-7x7,animal-cycle,random-start,7x7,tf:96,tf:102,false,p2,accepted,,636296444,636298352889337,5
tf_policy_elo_616bc2f2_phase7_d3d6_2026-08-20,animal-cycle-random-7x7_g102_vs_g96.jsonl,animal-cycle-random-7x7,animal-cycle,random-start,7x7,tf:102,tf:96,true,p1,accepted,,636296444,636298352889338,6
tf_policy_elo_616bc2f2_phase7_d3d6_2026-08-20,animal-cycle-random-7x7_g102_vs_g96.jsonl,animal-cycle-random-7x7,animal-cycle,random-start,7x7,tf:96,tf:102,false,p2,accepted,,636296444,636298352889339,7
tf_policy_elo_616bc2f2_phase7_d3d6_2026-08-20,animal-cycle-random-7x7_g102_vs_g96.jsonl,animal-cycle-random-7x7,animal-cycle,random-start,7x7,tf:102,tf:96,true,p1,accepted,,636296444,636298352889340,8
tf_policy_elo_616bc2f2_phase7_d3d6_2026-08-20,animal-cycle-random-7x7_g102_vs_g96.jsonl,animal-cycle-random-7x7,animal-cycle,random-start,7x7,tf:96,tf:102,false,p2,accepted,,636296444,636298352889341,9
tf_policy_elo_616bc2f2_phase7_d3d6_2026-08-20,animal-cycle-random-7x7_g102_vs_g96.jsonl,animal-cycle-random-7x7,animal-cycle,random-start,7x7,tf:102,tf:96,true,p1,accepted,,636296444,636298352889342,10
tf_policy_elo_616bc2f2_phase7_d3d6_2026-08-20,animal-cycle-random-7x7_g102_vs_g96.jsonl,animal-cycle-random-7x7,animal-cycle,random-start,7x7,tf:96,tf:102,false,p2,accepted,,636296444,636298352889343,11
tf_policy_elo_616bc2f2_phase7_d3d6_2026-08-20,animal-cycle-random-7x7_g102_vs_g99.jsonl,animal-cycle-random-7x7,animal-cycle,random-start,7x7,tf:102,tf:99,true,p1,accepted,,636299444,636301352898332,0
tf_policy_elo_616bc2f2_phase7_d3d6_2026-08-20,animal-cycle-random-7x7_g102_vs_g99.jsonl,animal-cycle-random-7x7,animal-cycle,random-start,7x7,tf:99,tf:102,false,p2,accepted,,636299444,636301352898333,1
tf_policy_elo_616bc2f2_phase7_d3d6_2026-08-20,animal-cycle-random-7x7_g102_vs_g99.jsonl,animal-cycle-random-7x7,animal-cycle,random-start,7x7,tf:102,tf:99,true,p1,accepted,,636299444,636301352898334,2
tf_policy_elo_616bc2f2_phase7_d3d6_2026-08-20,animal-cycle-random-7x7_g102_vs_g99.jsonl,animal-cycle-random-7x7,animal-cycle,random-start,7x7,tf:99,tf:102,false,p2,accepted,,636299444,636301352898335,3
tf_policy_elo_616bc2f2_phase7_d3d6_2026-08-20,animal-cycle-random-7x7_g102_vs_g99.jsonl,animal-cycle-random-7x7,animal-cycle,random-start,7x7,tf:102,tf:99,true,p2,accepted,,636299444,636301352898336,4
tf_policy_elo_616bc2f2_phase7_d3d6_2026-08-20,animal-cycle-random-7x7_g102_vs_g99.jsonl,animal-cycle-random-7x7,animal-cycle,random-start,7x7,tf:99,tf:102,false,p2,accepted,,636299444,636301352898337,5
tf_policy_elo_616bc2f2_phase7_d3d6_2026-08-20,animal-cycle-random-7x7_g102_vs_g99.jsonl,animal-cycle-random-7x7,animal-cycle,random-start,7x7,tf:102,tf:99,true,p2,accepted,,636299444,636301352898338,6
tf_policy_elo_616bc2f2_phase7_d3d6_2026-08-20,animal-cycle-random-7x7_g102_vs_g99.jsonl,animal-cycle-random-7x7,animal-cycle,random-start,7x7,tf:99,tf:102,false,p1,accepted,,636299444,636301352898339,7
tf_policy_elo_616bc2f2_phase7_d3d6_2026-08-20,animal-cycle-random-7x7_g102_vs_g99.jsonl,animal-cycle-random-7x7,animal-cycle,random-start,7x7,tf:102,tf:99,true,p1,accepted,,636299444,636301352898340,8
tf_policy_elo_616bc2f2_phase7_d3d6_2026-08-20,animal-cycle-random-7x7_g102_vs_g99.jsonl,animal-cycle-random-7x7,animal-cycle,random-start,7x7,tf:99,tf:102,false,p2,accepted,,636299444,636301352898341,9
tf_policy_elo_616bc2f2_phase7_d3d6_2026-08-20,animal-cycle-random-7x7_g102_vs_g99.jsonl,animal-cycle-random-7x7,animal-cycle,random-start,7x7,tf:102,tf:99,true,p1,accepted,,636299444,636301352898342,10
tf_policy_elo_616bc2f2_phase7_d3d6_2026-08-20,animal-cycle-random-7x7_g102_vs_g99.jsonl,animal-cycle-random-7x7,animal-cycle,random-start,7x7,tf:99,tf:102,false,p2,accepted,,636299444,636301352898343,11
tf_policy_elo_616bc2f2_phase7_d3d6_2026-08-20,animal-cycle-random-7x7_g103_vs_g100.jsonl,animal-cycle-random-7x7,animal-cycle,random-start,7x7,tf:103,tf:100,true,p2,accepted,,636400444,636402353201332,0
tf_policy_elo_616bc2f2_phase7_d3d6_2026-08-20,animal-cycle-random-7x7_g103_vs_g100.jsonl,animal-cycle-random-7x7,animal-cycle,random-start,7x7,tf:100,tf:103,false,p2,accepted,,636400444,636402353201333,1
tf_policy_elo_616bc2f2_phase7_d3d6_2026-08-20,animal-cycle-random-7x7_g103_vs_g100.jsonl,animal-cycle-random-7x7,animal-cycle,random-start,7x7,tf:103,tf:100,true,p2,accepted,,636400444,636402353201334,2
tf_policy_elo_616bc2f2_phase7_d3d6_2026-08-20,animal-cycle-random-7x7_g103_vs_g100.jsonl,animal-cycle-random-7x7,animal-cycle,random-start,7x7,tf:100,tf:103,false,p2,accepted,,636400444,636402353201335,3
tf_policy_elo_616bc2f2_phase7_d3d6_2026-08-20,animal-cycle-random-7x7_g103_vs_g100.jsonl,animal-cycle-random-7x7,animal-cycle,random-start,7x7,tf:103,tf:100,true,p1,accepted,,636400444,636402353201336,4
tf_policy_elo_616bc2f2_phase7_d3d6_2026-08-20,animal-cycle-random-7x7_g103_vs_g100.jsonl,animal-cycle-random-7x7,animal-cycle,random-start,7x7,tf:100,tf:103,false,p2,accepted,,636400444,636402353201337,5
tf_policy_elo_616bc2f2_phase7_d3d6_2026-08-20,animal-cycle-random-7x7_g103_vs_g100.jsonl,animal-cycle-random-7x7,animal-cycle,random-start,7x7,tf:103,tf:100,true,p2,accepted,,636400444,636402353201338,6
tf_policy_elo_616bc2f2_phase7_d3d6_2026-08-20,animal-cycle-random-7x7_g103_vs_g100.jsonl,animal-cycle-random-7x7,animal-cycle,random-start,7x7,tf:100,tf:103,false,p1,accepted,,636400444,636402353201339,7
tf_policy_elo_616bc2f2_phase7_d3d6_2026-08-20,animal-cycle-random-7x7_g103_vs_g100.jsonl,animal-cycle-random-7x7,animal-cycle,random-start,7x7,tf:103,tf:100,true,p2,accepted,,636400444,636402353201340,8
tf_policy_elo_616bc2f2_phase7_d3d6_2026-08-20,animal-cycle-random-7x7_g103_vs_g100.jsonl,animal-cycle-random-7x7,animal-cycle,random-start,7x7,tf:100,tf:103,false,p2,accepted,,636400444,636402353201341,9
tf_policy_elo_616bc2f2_phase7_d3d6_2026-08-20,animal-cycle-random-7x7_g103_vs_g100.jsonl,animal-cycle-random-7x7,animal-cycle,random-start,7x7,tf:103,tf:100,true,p2,accepted,,636400444,636402353201342,10
tf_policy_elo_616bc2f2_phase7_d3d6_2026-08-20,animal-cycle-random-7x7_g103_vs_g100.jsonl,animal-cycle-random-7x7,animal-cycle,random-start,7x7,tf:100,tf:103,false,p2,accepted,,636400444,636402353201343,11
tf_policy_elo_616bc2f2_phase7_d3d6_2026-08-20,animal-cycle-random-7x7_g103_vs_g97.jsonl,animal-cycle-random-7x7,animal-cycle,random-start,7x7,tf:103,tf:97,true,p1,accepted,,636397444,636399353192332,0
tf_policy_elo_616bc2f2_phase7_d3d6_2026-08-20,animal-cycle-random-7x7_g103_vs_g97.jsonl,animal-cycle-random-7x7,animal-cycle,random-start,7x7,tf:97,tf:103,false,p1,accepted,,636397444,636399353192333,1
tf_policy_elo_616bc2f2_phase7_d3d6_2026-08-20,animal-cycle-random-7x7_g103_vs_g97.jsonl,animal-cycle-random-7x7,animal-cycle,random-start,7x7,tf:103,tf:97,true,p1,accepted,,636397444,636399353192334,2
tf_policy_elo_616bc2f2_phase7_d3d6_2026-08-20,animal-cycle-random-7x7_g103_vs_g97.jsonl,animal-cycle-random-7x7,animal-cycle,random-start,7x7,tf:97,tf:103,false,p1,accepted,,636397444,636399353192335,3
tf_policy_elo_616bc2f2_phase7_d3d6_2026-08-20,animal-cycle-random-7x7_g103_vs_g97.jsonl,animal-cycle-random-7x7,animal-cycle,random-start,7x7,tf:103,tf:97,true,p1,accepted,,636397444,636399353192336,4
tf_policy_elo_616bc2f2_phase7_d3d6_2026-08-20,animal-cycle-random-7x7_g103_vs_g97.jsonl,animal-cycle-random-7x7,animal-cycle,random-start,7x7,tf:97,tf:103,false,p2,accepted,,636397444,636399353192337,5
tf_policy_elo_616bc2f2_phase7_d3d6_2026-08-20,animal-cycle-random-7x7_g103_vs_g97.jsonl,animal-cycle-random-7x7,animal-cycle,random-start,7x7,tf:103,tf:97,true,p1,accepted,,636397444,636399353192338,6
tf_policy_elo_616bc2f2_phase7_d3d6_2026-08-20,animal-cycle-random-7x7_g103_vs_g97.jsonl,animal-cycle-random-7x7,animal-cycle,random-start,7x7,tf:97,tf:103,false,p1,accepted,,636397444,636399353192339,7
tf_policy_elo_616bc2f2_phase7_d3d6_2026-08-20,animal-cycle-random-7x7_g103_vs_g97.jsonl,animal-cycle-random-7x7,animal-cycle,random-start,7x7,tf:103,tf:97,true,p2,accepted,,636397444,636399353192340,8
tf_policy_elo_616bc2f2_phase7_d3d6_2026-08-20,animal-cycle-random-7x7_g103_vs_g97.jsonl,animal-cycle-random-7x7,animal-cycle,random-start,7x7,tf:97,tf:103,false,p1,accepted,,636397444,636399353192341,9
tf_policy_elo_616bc2f2_phase7_d3d6_2026-08-20,animal-cycle-random-7x7_g103_vs_g97.jsonl,animal-cycle-random-7x7,animal-cycle,random-start,7x7,tf:103,tf:97,true,p1,accepted,,636397444,636399353192342,10
tf_policy_elo_616bc2f2_phase7_d3d6_2026-08-20,animal-cycle-random-7x7_g103_vs_g97.jsonl,animal-cycle-random-7x7,animal-cycle,random-start,7x7,tf:97,tf:103,false,p1,accepted,,636397444,636399353192343,11
tf_policy_elo_616bc2f2_phase7_d3d6_2026-08-20,animal-cycle-random-7x7_g104_vs_g101.jsonl,animal-cycle-random-7x7,animal-cycle,random-start,7x7,tf:104,tf:101,true,p1,accepted,,636501444,636503353504332,0
tf_policy_elo_616bc2f2_phase7_d3d6_2026-08-20,animal-cycle-random-7x7_g104_vs_g101.jsonl,animal-cycle-random-7x7,animal-cycle,random-start,7x7,tf:101,tf:104,false,p2,accepted,,636501444,636503353504333,1
tf_policy_elo_616bc2f2_phase7_d3d6_2026-08-20,animal-cycle-random-7x7_g104_vs_g101.jsonl,animal-cycle-random-7x7,animal-cycle,random-start,7x7,tf:104,tf:101,true,p1,accepted,,636501444,636503353504334,2
tf_policy_elo_616bc2f2_phase7_d3d6_2026-08-20,animal-cycle-random-7x7_g104_vs_g101.jsonl,animal-cycle-random-7x7,animal-cycle,random-start,7x7,tf:101,tf:104,false,p2,accepted,,636501444,636503353504335,3
tf_policy_elo_616bc2f2_phase7_d3d6_2026-08-20,animal-cycle-random-7x7_g104_vs_g101.jsonl,animal-cycle-random-7x7,animal-cycle,random-start,7x7,tf:104,tf:101,true,p1,accepted,,636501444,636503353504336,4
tf_policy_elo_616bc2f2_phase7_d3d6_2026-08-20,animal-cycle-random-7x7_g104_vs_g101.jsonl,animal-cycle-random-7x7,animal-cycle,random-start,7x7,tf:101,tf:104,false,p1,accepted,,636501444,636503353504337,5
tf_policy_elo_616bc2f2_phase7_d3d6_2026-08-20,animal-cycle-random-7x7_g104_vs_g101.jsonl,animal-cycle-random-7x7,animal-cycle,random-start,7x7,tf:104,tf:101,true,p1,accepted,,636501444,636503353504338,6
tf_policy_elo_616bc2f2_phase7_d3d6_2026-08-20,animal-cycle-random-7x7_g104_vs_g101.jsonl,animal-cycle-random-7x7,animal-cycle,random-start,7x7,tf:101,tf:104,false,p2,accepted,,636501444,636503353504339,7
tf_policy_elo_616bc2f2_phase7_d3d6_2026-08-20,animal-cycle-random-7x7_g104_vs_g101.jsonl,animal-cycle-random-7x7,animal-cycle,random-start,7x7,tf:104,tf:101,true,p2,accepted,,636501444,636503353504340,8
tf_policy_elo_616bc2f2_phase7_d3d6_2026-08-20,animal-cycle-random-7x7_g104_vs_g101.jsonl,animal-cycle-random-7x7,animal-cycle,random-start,7x7,tf:101,tf:104,false,p2,accepted,,636501444,636503353504341,9
tf_policy_elo_616bc2f2_phase7_d3d6_2026-08-20,animal-cycle-random-7x7_g104_vs_g101.jsonl,animal-cycle-random-7x7,animal-cycle,random-start,7x7,tf:104,tf:101,true,p2,accepted,,636501444,636503353504342,10
tf_policy_elo_616bc2f2_phase7_d3d6_2026-08-20,animal-cycle-random-7x7_g104_vs_g101.jsonl,animal-cycle-random-7x7,animal-cycle,random-start,7x7,tf:101,tf:104,false,p2,accepted,,636501444,636503353504343,11
tf_policy_elo_616bc2f2_phase7_d3d6_2026-08-20,animal-cycle-random-7x7_g104_vs_g98.jsonl,animal-cycle-random-7x7,animal-cycle,random-start,7x7,tf:104,tf:98,true,p1,accepted,,636498444,636500353495332,0
tf_policy_elo_616bc2f2_phase7_d3d6_2026-08-20,animal-cycle-random-7x7_g104_vs_g98.jsonl,animal-cycle-random-7x7,animal-cycle,random-start,7x7,tf:98,tf:104,false,p1,accepted,,636498444,636500353495333,1
tf_policy_elo_616bc2f2_phase7_d3d6_2026-08-20,animal-cycle-random-7x7_g104_vs_g98.jsonl,animal-cycle-random-7x7,animal-cycle,random-start,7x7,tf:104,tf:98,true,p1,accepted,,636498444,636500353495334,2
tf_policy_elo_616bc2f2_phase7_d3d6_2026-08-20,animal-cycle-random-7x7_g104_vs_g98.jsonl,animal-cycle-random-7x7,animal-cycle,random-start,7x7,tf:98,tf:104,false,p2,accepted,,636498444,636500353495335,3
tf_policy_elo_616bc2f2_phase7_d3d6_2026-08-20,animal-cycle-random-7x7_g104_vs_g98.jsonl,animal-cycle-random-7x7,animal-cycle,random-start,7x7,tf:104,tf:98,true,p1,accepted,,636498444,636500353495336,4
tf_policy_elo_616bc2f2_phase7_d3d6_2026-08-20,animal-cycle-random-7x7_g104_vs_g98.jsonl,animal-cycle-random-7x7,animal-cycle,random-start,7x7,tf:98,tf:104,false,p1,accepted,,636498444,636500353495337,5
tf_policy_elo_616bc2f2_phase7_d3d6_2026-08-20,animal-cycle-random-7x7_g104_vs_g98.jsonl,animal-cycle-random-7x7,animal-cycle,random-start,7x7,tf:104,tf:98,true,p1,accepted,,636498444,636500353495338,6
tf_policy_elo_616bc2f2_phase7_d3d6_2026-08-20,animal-cycle-random-7x7_g104_vs_g98.jsonl,animal-cycle-random-7x7,animal-cycle,random-start,7x7,tf:98,tf:104,false,p1,accepted,,636498444,636500353495339,7
tf_policy_elo_616bc2f2_phase7_d3d6_2026-08-20,animal-cycle-random-7x7_g104_vs_g98.jsonl,animal-cycle-random-7x7,animal-cycle,random-start,7x7,tf:104,tf:98,true,p1,accepted,,636498444,636500353495340,8
tf_policy_elo_616bc2f2_phase7_d3d6_2026-08-20,animal-cycle-random-7x7_g104_vs_g98.jsonl,animal-cycle-random-7x7,animal-cycle,random-start,7x7,tf:98,tf:104,false,p2,accepted,,636498444,636500353495341,9
tf_policy_elo_616bc2f2_phase7_d3d6_2026-08-20,animal-cycle-random-7x7_g104_vs_g98.jsonl,animal-cycle-random-7x7,animal-cycle,random-start,7x7,tf:104,tf:98,true,p1,accepted,,636498444,636500353495342,10
tf_policy_elo_616bc2f2_phase7_d3d6_2026-08-20,animal-cycle-random-7x7_g104_vs_g98.jsonl,animal-cycle-random-7x7,animal-cycle,random-start,7x7,tf:98,tf:104,false,p1,accepted,,636498444,636500353495343,11
tf_policy_elo_616bc2f2_phase7_d3d6_2026-08-20,animal-cycle-random-7x7_g105_vs_g102.jsonl,animal-cycle-random-7x7,animal-cycle,random-start,7x7,tf:105,tf:102,true,p2,accepted,,636602444,636604353807332,0
tf_policy_elo_616bc2f2_phase7_d3d6_2026-08-20,animal-cycle-random-7x7_g105_vs_g102.jsonl,animal-cycle-random-7x7,animal-cycle,random-start,7x7,tf:102,tf:105,false,p1,accepted,,636602444,636604353807333,1
tf_policy_elo_616bc2f2_phase7_d3d6_2026-08-20,animal-cycle-random-7x7_g105_vs_g102.jsonl,animal-cycle-random-7x7,animal-cycle,random-start,7x7,tf:105,tf:102,true,p2,accepted,,636602444,636604353807334,2
tf_policy_elo_616bc2f2_phase7_d3d6_2026-08-20,animal-cycle-random-7x7_g105_vs_g102.jsonl,animal-cycle-random-7x7,animal-cycle,random-start,7x7,tf:102,tf:105,false,p1,accepted,,636602444,636604353807335,3
tf_policy_elo_616bc2f2_phase7_d3d6_2026-08-20,animal-cycle-random-7x7_g105_vs_g102.jsonl,animal-cycle-random-7x7,animal-cycle,random-start,7x7,tf:105,tf:102,true,p1,accepted,,636602444,636604353807336,4
tf_policy_elo_616bc2f2_phase7_d3d6_2026-08-20,animal-cycle-random-7x7_g105_vs_g102.jsonl,animal-cycle-random-7x7,animal-cycle,random-start,7x7,tf:102,tf:105,false,p1,accepted,,636602444,636604353807337,5
tf_policy_elo_616bc2f2_phase7_d3d6_2026-08-20,animal-cycle-random-7x7_g105_vs_g102.jsonl,animal-cycle-random-7x7,animal-cycle,random-start,7x7,tf:105,tf:102,true,p1,accepted,,636602444,636604353807338,6
tf_policy_elo_616bc2f2_phase7_d3d6_2026-08-20,animal-cycle-random-7x7_g105_vs_g102.jsonl,animal-cycle-random-7x7,animal-cycle,random-start,7x7,tf:102,tf:105,false,p2,accepted,,636602444,636604353807339,7
tf_policy_elo_616bc2f2_phase7_d3d6_2026-08-20,animal-cycle-random-7x7_g105_vs_g102.jsonl,animal-cycle-random-7x7,animal-cycle,random-start,7x7,tf:105,tf:102,true,p2,accepted,,636602444,636604353807340,8
tf_policy_elo_616bc2f2_phase7_d3d6_2026-08-20,animal-cycle-random-7x7_g105_vs_g102.jsonl,animal-cycle-random-7x7,animal-cycle,random-start,7x7,tf:102,tf:105,false,p1,accepted,,636602444,636604353807341,9
tf_policy_elo_616bc2f2_phase7_d3d6_2026-08-20,animal-cycle-random-7x7_g105_vs_g102.jsonl,animal-cycle-random-7x7,animal-cycle,random-start,7x7,tf:105,tf:102,true,p1,accepted,,636602444,636604353807342,10
tf_policy_elo_616bc2f2_phase7_d3d6_2026-08-20,animal-cycle-random-7x7_g105_vs_g102.jsonl,animal-cycle-random-7x7,animal-cycle,random-start,7x7,tf:102,tf:105,false,p1,accepted,,636602444,636604353807343,11
tf_policy_elo_616bc2f2_phase7_d3d6_2026-08-20,animal-cycle-random-7x7_g105_vs_g99.jsonl,animal-cycle-random-7x7,animal-cycle,random-start,7x7,tf:105,tf:99,true,p1,accepted,,636599444,636601353798332,0
tf_policy_elo_616bc2f2_phase7_d3d6_2026-08-20,animal-cycle-random-7x7_g105_vs_g99.jsonl,animal-cycle-random-7x7,animal-cycle,random-start,7x7,tf:99,tf:105,false,p2,accepted,,636599444,636601353798333,1
tf_policy_elo_616bc2f2_phase7_d3d6_2026-08-20,animal-cycle-random-7x7_g105_vs_g99.jsonl,animal-cycle-random-7x7,animal-cycle,random-start,7x7,tf:105,tf:99,true,p1,accepted,,636599444,636601353798334,2
tf_policy_elo_616bc2f2_phase7_d3d6_2026-08-20,animal-cycle-random-7x7_g105_vs_g99.jsonl,animal-cycle-random-7x7,animal-cycle,random-start,7x7,tf:99,tf:105,false,p1,accepted,,636599444,636601353798335,3
tf_policy_elo_616bc2f2_phase7_d3d6_2026-08-20,animal-cycle-random-7x7_g105_vs_g99.jsonl,animal-cycle-random-7x7,animal-cycle,random-start,7x7,tf:105,tf:99,true,p1,accepted,,636599444,636601353798336,4
tf_policy_elo_616bc2f2_phase7_d3d6_2026-08-20,animal-cycle-random-7x7_g105_vs_g99.jsonl,animal-cycle-random-7x7,animal-cycle,random-start,7x7,tf:99,tf:105,false,p2,accepted,,636599444,636601353798337,5
tf_policy_elo_616bc2f2_phase7_d3d6_2026-08-20,animal-cycle-random-7x7_g105_vs_g99.jsonl,animal-cycle-random-7x7,animal-cycle,random-start,7x7,tf:105,tf:99,true,p1,accepted,,636599444,636601353798338,6
tf_policy_elo_616bc2f2_phase7_d3d6_2026-08-20,animal-cycle-random-7x7_g105_vs_g99.jsonl,animal-cycle-random-7x7,animal-cycle,random-start,7x7,tf:99,tf:105,false,p2,accepted,,636599444,636601353798339,7
tf_policy_elo_616bc2f2_phase7_d3d6_2026-08-20,animal-cycle-random-7x7_g105_vs_g99.jsonl,animal-cycle-random-7x7,animal-cycle,random-start,7x7,tf:105,tf:99,true,p1,accepted,,636599444,636601353798340,8
tf_policy_elo_616bc2f2_phase7_d3d6_2026-08-20,animal-cycle-random-7x7_g105_vs_g99.jsonl,animal-cycle-random-7x7,animal-cycle,random-start,7x7,tf:99,tf:105,false,p1,accepted,,636599444,636601353798341,9
tf_policy_elo_616bc2f2_phase7_d3d6_2026-08-20,animal-cycle-random-7x7_g105_vs_g99.jsonl,animal-cycle-random-7x7,animal-cycle,random-start,7x7,tf:105,tf:99,true,p1,accepted,,636599444,636601353798342,10
tf_policy_elo_616bc2f2_phase7_d3d6_2026-08-20,animal-cycle-random-7x7_g105_vs_g99.jsonl,animal-cycle-random-7x7,animal-cycle,random-start,7x7,tf:99,tf:105,false,p2,accepted,,636599444,636601353798343,11
tf_policy_elo_616bc2f2_phase7_d3d6_2026-08-20,animal-cycle-random-7x7_g106_vs_g100.jsonl,animal-cycle-random-7x7,animal-cycle,random-start,7x7,tf:106,tf:100,true,p1,accepted,,636700444,636702354101332,0
tf_policy_elo_616bc2f2_phase7_d3d6_2026-08-20,animal-cycle-random-7x7_g106_vs_g100.jsonl,animal-cycle-random-7x7,animal-cycle,random-start,7x7,tf:100,tf:106,false,p2,accepted,,636700444,636702354101333,1
tf_policy_elo_616bc2f2_phase7_d3d6_2026-08-20,animal-cycle-random-7x7_g106_vs_g100.jsonl,animal-cycle-random-7x7,animal-cycle,random-start,7x7,tf:106,tf:100,true,p1,accepted,,636700444,636702354101334,2
tf_policy_elo_616bc2f2_phase7_d3d6_2026-08-20,animal-cycle-random-7x7_g106_vs_g100.jsonl,animal-cycle-random-7x7,animal-cycle,random-start,7x7,tf:100,tf:106,false,p2,accepted,,636700444,636702354101335,3
tf_policy_elo_616bc2f2_phase7_d3d6_2026-08-20,animal-cycle-random-7x7_g106_vs_g100.jsonl,animal-cycle-random-7x7,animal-cycle,random-start,7x7,tf:106,tf:100,true,p1,accepted,,636700444,636702354101336,4
tf_policy_elo_616bc2f2_phase7_d3d6_2026-08-20,animal-cycle-random-7x7_g106_vs_g100.jsonl,animal-cycle-random-7x7,animal-cycle,random-start,7x7,tf:100,tf:106,false,p1,accepted,,636700444,636702354101337,5
tf_policy_elo_616bc2f2_phase7_d3d6_2026-08-20,animal-cycle-random-7x7_g106_vs_g100.jsonl,animal-cycle-random-7x7,animal-cycle,random-start,7x7,tf:106,tf:100,true,p1,accepted,,636700444,636702354101338,6
tf_policy_elo_616bc2f2_phase7_d3d6_2026-08-20,animal-cycle-random-7x7_g106_vs_g100.jsonl,animal-cycle-random-7x7,animal-cycle,random-start,7x7,tf:100,tf:106,false,p2,accepted,,636700444,636702354101339,7
tf_policy_elo_616bc2f2_phase7_d3d6_2026-08-20,animal-cycle-random-7x7_g106_vs_g100.jsonl,animal-cycle-random-7x7,animal-cycle,random-start,7x7,tf:106,tf:100,true,p1,accepted,,636700444,636702354101340,8
tf_policy_elo_616bc2f2_phase7_d3d6_2026-08-20,animal-cycle-random-7x7_g106_vs_g100.jsonl,animal-cycle-random-7x7,animal-cycle,random-start,7x7,tf:100,tf:106,false,p2,accepted,,636700444,636702354101341,9
tf_policy_elo_616bc2f2_phase7_d3d6_2026-08-20,animal-cycle-random-7x7_g106_vs_g100.jsonl,animal-cycle-random-7x7,animal-cycle,random-start,7x7,tf:106,tf:100,true,p1,accepted,,636700444,636702354101342,10
tf_policy_elo_616bc2f2_phase7_d3d6_2026-08-20,animal-cycle-random-7x7_g106_vs_g100.jsonl,animal-cycle-random-7x7,animal-cycle,random-start,7x7,tf:100,tf:106,false,p2,accepted,,636700444,636702354101343,11
tf_policy_elo_616bc2f2_phase7_d3d6_2026-08-20,animal-cycle-random-7x7_g106_vs_g103.jsonl,animal-cycle-random-7x7,animal-cycle,random-start,7x7,tf:106,tf:103,true,p1,accepted,,636703444,636705354110332,0
tf_policy_elo_616bc2f2_phase7_d3d6_2026-08-20,animal-cycle-random-7x7_g106_vs_g103.jsonl,animal-cycle-random-7x7,animal-cycle,random-start,7x7,tf:103,tf:106,false,p2,accepted,,636703444,636705354110333,1
tf_policy_elo_616bc2f2_phase7_d3d6_2026-08-20,animal-cycle-random-7x7_g106_vs_g103.jsonl,animal-cycle-random-7x7,animal-cycle,random-start,7x7,tf:106,tf:103,true,p1,accepted,,636703444,636705354110334,2
tf_policy_elo_616bc2f2_phase7_d3d6_2026-08-20,animal-cycle-random-7x7_g106_vs_g103.jsonl,animal-cycle-random-7x7,animal-cycle,random-start,7x7,tf:103,tf:106,false,p2,accepted,,636703444,636705354110335,3
tf_policy_elo_616bc2f2_phase7_d3d6_2026-08-20,animal-cycle-random-7x7_g106_vs_g103.jsonl,animal-cycle-random-7x7,animal-cycle,random-start,7x7,tf:106,tf:103,true,p2,accepted,,636703444,636705354110336,4
tf_policy_elo_616bc2f2_phase7_d3d6_2026-08-20,animal-cycle-random-7x7_g106_vs_g103.jsonl,animal-cycle-random-7x7,animal-cycle,random-start,7x7,tf:103,tf:106,false,p2,accepted,,636703444,636705354110337,5
tf_policy_elo_616bc2f2_phase7_d3d6_2026-08-20,animal-cycle-random-7x7_g106_vs_g103.jsonl,animal-cycle-random-7x7,animal-cycle,random-start,7x7,tf:106,tf:103,true,p2,accepted,,636703444,636705354110338,6
tf_policy_elo_616bc2f2_phase7_d3d6_2026-08-20,animal-cycle-random-7x7_g106_vs_g103.jsonl,animal-cycle-random-7x7,animal-cycle,random-start,7x7,tf:103,tf:106,false,p1,accepted,,636703444,636705354110339,7
tf_policy_elo_616bc2f2_phase7_d3d6_2026-08-20,animal-cycle-random-7x7_g106_vs_g103.jsonl,animal-cycle-random-7x7,animal-cycle,random-start,7x7,tf:106,tf:103,true,p1,accepted,,636703444,636705354110340,8
tf_policy_elo_616bc2f2_phase7_d3d6_2026-08-20,animal-cycle-random-7x7_g106_vs_g103.jsonl,animal-cycle-random-7x7,animal-cycle,random-start,7x7,tf:103,tf:106,false,p2,accepted,,636703444,636705354110341,9
tf_policy_elo_616bc2f2_phase7_d3d6_2026-08-20,animal-cycle-random-7x7_g106_vs_g103.jsonl,animal-cycle-random-7x7,animal-cycle,random-start,7x7,tf:106,tf:103,true,p2,accepted,,636703444,636705354110342,10
tf_policy_elo_616bc2f2_phase7_d3d6_2026-08-20,animal-cycle-random-7x7_g106_vs_g103.jsonl,animal-cycle-random-7x7,animal-cycle,random-start,7x7,tf:103,tf:106,false,p2,accepted,,636703444,636705354110343,11
tf_policy_elo_616bc2f2_phase7_d3d6_2026-08-20,animal-cycle-random-7x7_g107_vs_g101.jsonl,animal-cycle-random-7x7,animal-cycle,random-start,7x7,tf:107,tf:101,true,p2,accepted,,636801444,636803354404332,0
tf_policy_elo_616bc2f2_phase7_d3d6_2026-08-20,animal-cycle-random-7x7_g107_vs_g101.jsonl,animal-cycle-random-7x7,animal-cycle,random-start,7x7,tf:101,tf:107,false,p1,accepted,,636801444,636803354404333,1
tf_policy_elo_616bc2f2_phase7_d3d6_2026-08-20,animal-cycle-random-7x7_g107_vs_g101.jsonl,animal-cycle-random-7x7,animal-cycle,random-start,7x7,tf:107,tf:101,true,p1,accepted,,636801444,636803354404334,2
tf_policy_elo_616bc2f2_phase7_d3d6_2026-08-20,animal-cycle-random-7x7_g107_vs_g101.jsonl,animal-cycle-random-7x7,animal-cycle,random-start,7x7,tf:101,tf:107,false,p2,accepted,,636801444,636803354404335,3
tf_policy_elo_616bc2f2_phase7_d3d6_2026-08-20,animal-cycle-random-7x7_g107_vs_g101.jsonl,animal-cycle-random-7x7,animal-cycle,random-start,7x7,tf:107,tf:101,true,p2,accepted,,636801444,636803354404336,4
tf_policy_elo_616bc2f2_phase7_d3d6_2026-08-20,animal-cycle-random-7x7_g107_vs_g101.jsonl,animal-cycle-random-7x7,animal-cycle,random-start,7x7,tf:101,tf:107,false,p2,accepted,,636801444,636803354404337,5
tf_policy_elo_616bc2f2_phase7_d3d6_2026-08-20,animal-cycle-random-7x7_g107_vs_g101.jsonl,animal-cycle-random-7x7,animal-cycle,random-start,7x7,tf:107,tf:101,true,p1,accepted,,636801444,636803354404338,6
tf_policy_elo_616bc2f2_phase7_d3d6_2026-08-20,animal-cycle-random-7x7_g107_vs_g101.jsonl,animal-cycle-random-7x7,animal-cycle,random-start,7x7,tf:101,tf:107,false,p2,accepted,,636801444,636803354404339,7
tf_policy_elo_616bc2f2_phase7_d3d6_2026-08-20,animal-cycle-random-7x7_g107_vs_g101.jsonl,animal-cycle-random-7x7,animal-cycle,random-start,7x7,tf:107,tf:101,true,p1,accepted,,636801444,636803354404340,8
tf_policy_elo_616bc2f2_phase7_d3d6_2026-08-20,animal-cycle-random-7x7_g107_vs_g101.jsonl,animal-cycle-random-7x7,animal-cycle,random-start,7x7,tf:101,tf:107,false,p2,accepted,,636801444,636803354404341,9
tf_policy_elo_616bc2f2_phase7_d3d6_2026-08-20,animal-cycle-random-7x7_g107_vs_g101.jsonl,animal-cycle-random-7x7,animal-cycle,random-start,7x7,tf:107,tf:101,true,p1,accepted,,636801444,636803354404342,10
tf_policy_elo_616bc2f2_phase7_d3d6_2026-08-20,animal-cycle-random-7x7_g107_vs_g101.jsonl,animal-cycle-random-7x7,animal-cycle,random-start,7x7,tf:101,tf:107,false,p1,accepted,,636801444,636803354404343,11
tf_policy_elo_616bc2f2_phase7_d3d6_2026-08-20,animal-cycle-random-7x7_g107_vs_g104.jsonl,animal-cycle-random-7x7,animal-cycle,random-start,7x7,tf:107,tf:104,true,p2,accepted,,636804444,636806354413332,0
tf_policy_elo_616bc2f2_phase7_d3d6_2026-08-20,animal-cycle-random-7x7_g107_vs_g104.jsonl,animal-cycle-random-7x7,animal-cycle,random-start,7x7,tf:104,tf:107,false,p1,accepted,,636804444,636806354413333,1
tf_policy_elo_616bc2f2_phase7_d3d6_2026-08-20,animal-cycle-random-7x7_g107_vs_g104.jsonl,animal-cycle-random-7x7,animal-cycle,random-start,7x7,tf:107,tf:104,true,p2,accepted,,636804444,636806354413334,2
tf_policy_elo_616bc2f2_phase7_d3d6_2026-08-20,animal-cycle-random-7x7_g107_vs_g104.jsonl,animal-cycle-random-7x7,animal-cycle,random-start,7x7,tf:104,tf:107,false,p1,accepted,,636804444,636806354413335,3
tf_policy_elo_616bc2f2_phase7_d3d6_2026-08-20,animal-cycle-random-7x7_g107_vs_g104.jsonl,animal-cycle-random-7x7,animal-cycle,random-start,7x7,tf:107,tf:104,true,p1,accepted,,636804444,636806354413336,4
tf_policy_elo_616bc2f2_phase7_d3d6_2026-08-20,animal-cycle-random-7x7_g107_vs_g104.jsonl,animal-cycle-random-7x7,animal-cycle,random-start,7x7,tf:104,tf:107,false,p2,accepted,,636804444,636806354413337,5
tf_policy_elo_616bc2f2_phase7_d3d6_2026-08-20,animal-cycle-random-7x7_g107_vs_g104.jsonl,animal-cycle-random-7x7,animal-cycle,random-start,7x7,tf:107,tf:104,true,p1,accepted,,636804444,636806354413338,6
tf_policy_elo_616bc2f2_phase7_d3d6_2026-08-20,animal-cycle-random-7x7_g107_vs_g104.jsonl,animal-cycle-random-7x7,animal-cycle,random-start,7x7,tf:104,tf:107,false,p1,accepted,,636804444,636806354413339,7
tf_policy_elo_616bc2f2_phase7_d3d6_2026-08-20,animal-cycle-random-7x7_g107_vs_g104.jsonl,animal-cycle-random-7x7,animal-cycle,random-start,7x7,tf:107,tf:104,true,p2,accepted,,636804444,636806354413340,8
tf_policy_elo_616bc2f2_phase7_d3d6_2026-08-20,animal-cycle-random-7x7_g107_vs_g104.jsonl,animal-cycle-random-7x7,animal-cycle,random-start,7x7,tf:104,tf:107,false,p1,accepted,,636804444,636806354413341,9
tf_policy_elo_616bc2f2_phase7_d3d6_2026-08-20,animal-cycle-random-7x7_g107_vs_g104.jsonl,animal-cycle-random-7x7,animal-cycle,random-start,7x7,tf:107,tf:104,true,p1,accepted,,636804444,636806354413342,10
tf_policy_elo_616bc2f2_phase7_d3d6_2026-08-20,animal-cycle-random-7x7_g107_vs_g104.jsonl,animal-cycle-random-7x7,animal-cycle,random-start,7x7,tf:104,tf:107,false,p1,accepted,,636804444,636806354413343,11
tf_policy_elo_616bc2f2_phase7_d3d6_2026-08-20,animal-cycle-random-7x7_g108_vs_g102.jsonl,animal-cycle-random-7x7,animal-cycle,random-start,7x7,tf:108,tf:102,true,p1,accepted,,636902444,636904354707332,0
tf_policy_elo_616bc2f2_phase7_d3d6_2026-08-20,animal-cycle-random-7x7_g108_vs_g102.jsonl,animal-cycle-random-7x7,animal-cycle,random-start,7x7,tf:102,tf:108,false,p1,accepted,,636902444,636904354707333,1
tf_policy_elo_616bc2f2_phase7_d3d6_2026-08-20,animal-cycle-random-7x7_g108_vs_g102.jsonl,animal-cycle-random-7x7,animal-cycle,random-start,7x7,tf:108,tf:102,true,p1,accepted,,636902444,636904354707334,2
tf_policy_elo_616bc2f2_phase7_d3d6_2026-08-20,animal-cycle-random-7x7_g108_vs_g102.jsonl,animal-cycle-random-7x7,animal-cycle,random-start,7x7,tf:102,tf:108,false,p2,accepted,,636902444,636904354707335,3
tf_policy_elo_616bc2f2_phase7_d3d6_2026-08-20,animal-cycle-random-7x7_g108_vs_g102.jsonl,animal-cycle-random-7x7,animal-cycle,random-start,7x7,tf:108,tf:102,true,p1,accepted,,636902444,636904354707336,4
tf_policy_elo_616bc2f2_phase7_d3d6_2026-08-20,animal-cycle-random-7x7_g108_vs_g102.jsonl,animal-cycle-random-7x7,animal-cycle,random-start,7x7,tf:102,tf:108,false,p2,accepted,,636902444,636904354707337,5
tf_policy_elo_616bc2f2_phase7_d3d6_2026-08-20,animal-cycle-random-7x7_g108_vs_g102.jsonl,animal-cycle-random-7x7,animal-cycle,random-start,7x7,tf:108,tf:102,true,p1,accepted,,636902444,636904354707338,6
tf_policy_elo_616bc2f2_phase7_d3d6_2026-08-20,animal-cycle-random-7x7_g108_vs_g102.jsonl,animal-cycle-random-7x7,animal-cycle,random-start,7x7,tf:102,tf:108,false,p1,accepted,,636902444,636904354707339,7
tf_policy_elo_616bc2f2_phase7_d3d6_2026-08-20,animal-cycle-random-7x7_g108_vs_g102.jsonl,animal-cycle-random-7x7,animal-cycle,random-start,7x7,tf:108,tf:102,true,p2,accepted,,636902444,636904354707340,8
tf_policy_elo_616bc2f2_phase7_d3d6_2026-08-20,animal-cycle-random-7x7_g108_vs_g102.jsonl,animal-cycle-random-7x7,animal-cycle,random-start,7x7,tf:102,tf:108,false,p2,accepted,,636902444,636904354707341,9
tf_policy_elo_616bc2f2_phase7_d3d6_2026-08-20,animal-cycle-random-7x7_g108_vs_g102.jsonl,animal-cycle-random-7x7,animal-cycle,random-start,7x7,tf:108,tf:102,true,p2,accepted,,636902444,636904354707342,10
tf_policy_elo_616bc2f2_phase7_d3d6_2026-08-20,animal-cycle-random-7x7_g108_vs_g102.jsonl,animal-cycle-random-7x7,animal-cycle,random-start,7x7,tf:102,tf:108,false,p1,accepted,,636902444,636904354707343,11
tf_policy_elo_616bc2f2_phase7_d3d6_2026-08-20,animal-cycle-random-7x7_g108_vs_g105.jsonl,animal-cycle-random-7x7,animal-cycle,random-start,7x7,tf:108,tf:105,true,p1,accepted,,636905444,636907354716332,0
tf_policy_elo_616bc2f2_phase7_d3d6_2026-08-20,animal-cycle-random-7x7_g108_vs_g105.jsonl,animal-cycle-random-7x7,animal-cycle,random-start,7x7,tf:105,tf:108,false,p1,accepted,,636905444,636907354716333,1
tf_policy_elo_616bc2f2_phase7_d3d6_2026-08-20,animal-cycle-random-7x7_g108_vs_g105.jsonl,animal-cycle-random-7x7,animal-cycle,random-start,7x7,tf:108,tf:105,true,p1,accepted,,636905444,636907354716334,2
tf_policy_elo_616bc2f2_phase7_d3d6_2026-08-20,animal-cycle-random-7x7_g108_vs_g105.jsonl,animal-cycle-random-7x7,animal-cycle,random-start,7x7,tf:105,tf:108,false,p1,accepted,,636905444,636907354716335,3
tf_policy_elo_616bc2f2_phase7_d3d6_2026-08-20,animal-cycle-random-7x7_g108_vs_g105.jsonl,animal-cycle-random-7x7,animal-cycle,random-start,7x7,tf:108,tf:105,true,p2,accepted,,636905444,636907354716336,4
tf_policy_elo_616bc2f2_phase7_d3d6_2026-08-20,animal-cycle-random-7x7_g108_vs_g105.jsonl,animal-cycle-random-7x7,animal-cycle,random-start,7x7,tf:105,tf:108,false,p1,accepted,,636905444,636907354716337,5
tf_policy_elo_616bc2f2_phase7_d3d6_2026-08-20,animal-cycle-random-7x7_g108_vs_g105.jsonl,animal-cycle-random-7x7,animal-cycle,random-start,7x7,tf:108,tf:105,true,p2,accepted,,636905444,636907354716338,6
tf_policy_elo_616bc2f2_phase7_d3d6_2026-08-20,animal-cycle-random-7x7_g108_vs_g105.jsonl,animal-cycle-random-7x7,animal-cycle,random-start,7x7,tf:105,tf:108,false,p2,accepted,,636905444,636907354716339,7
tf_policy_elo_616bc2f2_phase7_d3d6_2026-08-20,animal-cycle-random-7x7_g108_vs_g105.jsonl,animal-cycle-random-7x7,animal-cycle,random-start,7x7,tf:108,tf:105,true,p1,accepted,,636905444,636907354716340,8
tf_policy_elo_616bc2f2_phase7_d3d6_2026-08-20,animal-cycle-random-7x7_g108_vs_g105.jsonl,animal-cycle-random-7x7,animal-cycle,random-start,7x7,tf:105,tf:108,false,p2,accepted,,636905444,636907354716341,9
tf_policy_elo_616bc2f2_phase7_d3d6_2026-08-20,animal-cycle-random-7x7_g108_vs_g105.jsonl,animal-cycle-random-7x7,animal-cycle,random-start,7x7,tf:108,tf:105,true,p2,accepted,,636905444,636907354716342,10
tf_policy_elo_616bc2f2_phase7_d3d6_2026-08-20,animal-cycle-random-7x7_g108_vs_g105.jsonl,animal-cycle-random-7x7,animal-cycle,random-start,7x7,tf:105,tf:108,false,p2,accepted,,636905444,636907354716343,11
tf_policy_elo_616bc2f2_phase7_d3d6_2026-08-20,animal-cycle-random-7x7_g109_vs_g103.jsonl,animal-cycle-random-7x7,animal-cycle,random-start,7x7,tf:109,tf:103,true,p2,accepted,,637003444,637005355010332,0
tf_policy_elo_616bc2f2_phase7_d3d6_2026-08-20,animal-cycle-random-7x7_g109_vs_g103.jsonl,animal-cycle-random-7x7,animal-cycle,random-start,7x7,tf:103,tf:109,false,p2,accepted,,637003444,637005355010333,1
tf_policy_elo_616bc2f2_phase7_d3d6_2026-08-20,animal-cycle-random-7x7_g109_vs_g103.jsonl,animal-cycle-random-7x7,animal-cycle,random-start,7x7,tf:109,tf:103,true,p2,accepted,,637003444,637005355010334,2
tf_policy_elo_616bc2f2_phase7_d3d6_2026-08-20,animal-cycle-random-7x7_g109_vs_g103.jsonl,animal-cycle-random-7x7,animal-cycle,random-start,7x7,tf:103,tf:109,false,p2,accepted,,637003444,637005355010335,3
tf_policy_elo_616bc2f2_phase7_d3d6_2026-08-20,animal-cycle-random-7x7_g109_vs_g103.jsonl,animal-cycle-random-7x7,animal-cycle,random-start,7x7,tf:109,tf:103,true,p1,accepted,,637003444,637005355010336,4
tf_policy_elo_616bc2f2_phase7_d3d6_2026-08-20,animal-cycle-random-7x7_g109_vs_g103.jsonl,animal-cycle-random-7x7,animal-cycle,random-start,7x7,tf:103,tf:109,false,p2,accepted,,637003444,637005355010337,5
tf_policy_elo_616bc2f2_phase7_d3d6_2026-08-20,animal-cycle-random-7x7_g109_vs_g103.jsonl,animal-cycle-random-7x7,animal-cycle,random-start,7x7,tf:109,tf:103,true,p1,accepted,,637003444,637005355010338,6
tf_policy_elo_616bc2f2_phase7_d3d6_2026-08-20,animal-cycle-random-7x7_g109_vs_g103.jsonl,animal-cycle-random-7x7,animal-cycle,random-start,7x7,tf:103,tf:109,false,p2,accepted,,637003444,637005355010339,7
tf_policy_elo_616bc2f2_phase7_d3d6_2026-08-20,animal-cycle-random-7x7_g109_vs_g103.jsonl,animal-cycle-random-7x7,animal-cycle,random-start,7x7,tf:109,tf:103,true,p1,accepted,,637003444,637005355010340,8
tf_policy_elo_616bc2f2_phase7_d3d6_2026-08-20,animal-cycle-random-7x7_g109_vs_g103.jsonl,animal-cycle-random-7x7,animal-cycle,random-start,7x7,tf:103,tf:109,false,p2,accepted,,637003444,637005355010341,9
tf_policy_elo_616bc2f2_phase7_d3d6_2026-08-20,animal-cycle-random-7x7_g109_vs_g103.jsonl,animal-cycle-random-7x7,animal-cycle,random-start,7x7,tf:109,tf:103,true,p2,accepted,,637003444,637005355010342,10
tf_policy_elo_616bc2f2_phase7_d3d6_2026-08-20,animal-cycle-random-7x7_g109_vs_g103.jsonl,animal-cycle-random-7x7,animal-cycle,random-start,7x7,tf:103,tf:109,false,p1,accepted,,637003444,637005355010343,11
tf_policy_elo_616bc2f2_phase7_d3d6_2026-08-20,animal-cycle-random-7x7_g109_vs_g106.jsonl,animal-cycle-random-7x7,animal-cycle,random-start,7x7,tf:109,tf:106,true,p1,accepted,,637006444,637008355019332,0
tf_policy_elo_616bc2f2_phase7_d3d6_2026-08-20,animal-cycle-random-7x7_g109_vs_g106.jsonl,animal-cycle-random-7x7,animal-cycle,random-start,7x7,tf:106,tf:109,false,p1,accepted,,637006444,637008355019333,1
tf_policy_elo_616bc2f2_phase7_d3d6_2026-08-20,animal-cycle-random-7x7_g109_vs_g106.jsonl,animal-cycle-random-7x7,animal-cycle,random-start,7x7,tf:109,tf:106,true,p2,accepted,,637006444,637008355019334,2
tf_policy_elo_616bc2f2_phase7_d3d6_2026-08-20,animal-cycle-random-7x7_g109_vs_g106.jsonl,animal-cycle-random-7x7,animal-cycle,random-start,7x7,tf:106,tf:109,false,p2,accepted,,637006444,637008355019335,3
tf_policy_elo_616bc2f2_phase7_d3d6_2026-08-20,animal-cycle-random-7x7_g109_vs_g106.jsonl,animal-cycle-random-7x7,animal-cycle,random-start,7x7,tf:109,tf:106,true,p1,accepted,,637006444,637008355019336,4
tf_policy_elo_616bc2f2_phase7_d3d6_2026-08-20,animal-cycle-random-7x7_g109_vs_g106.jsonl,animal-cycle-random-7x7,animal-cycle,random-start,7x7,tf:106,tf:109,false,p2,accepted,,637006444,637008355019337,5
tf_policy_elo_616bc2f2_phase7_d3d6_2026-08-20,animal-cycle-random-7x7_g109_vs_g106.jsonl,animal-cycle-random-7x7,animal-cycle,random-start,7x7,tf:109,tf:106,true,p1,accepted,,637006444,637008355019338,6
tf_policy_elo_616bc2f2_phase7_d3d6_2026-08-20,animal-cycle-random-7x7_g109_vs_g106.jsonl,animal-cycle-random-7x7,animal-cycle,random-start,7x7,tf:106,tf:109,false,p2,accepted,,637006444,637008355019339,7
tf_policy_elo_616bc2f2_phase7_d3d6_2026-08-20,animal-cycle-random-7x7_g109_vs_g106.jsonl,animal-cycle-random-7x7,animal-cycle,random-start,7x7,tf:109,tf:106,true,p2,accepted,,637006444,637008355019340,8
tf_policy_elo_616bc2f2_phase7_d3d6_2026-08-20,animal-cycle-random-7x7_g109_vs_g106.jsonl,animal-cycle-random-7x7,animal-cycle,random-start,7x7,tf:106,tf:109,false,p1,accepted,,637006444,637008355019341,9
tf_policy_elo_616bc2f2_phase7_d3d6_2026-08-20,animal-cycle-random-7x7_g109_vs_g106.jsonl,animal-cycle-random-7x7,animal-cycle,random-start,7x7,tf:109,tf:106,true,p2,accepted,,637006444,637008355019342,10
tf_policy_elo_616bc2f2_phase7_d3d6_2026-08-20,animal-cycle-random-7x7_g109_vs_g106.jsonl,animal-cycle-random-7x7,animal-cycle,random-start,7x7,tf:106,tf:109,false,p1,accepted,,637006444,637008355019343,11
tf_policy_elo_616bc2f2_phase7_d3d6_2026-08-20,animal-cycle-random-7x7_g110_vs_g104.jsonl,animal-cycle-random-7x7,animal-cycle,random-start,7x7,tf:110,tf:104,true,p2,accepted,,637104444,637106355313332,0
tf_policy_elo_616bc2f2_phase7_d3d6_2026-08-20,animal-cycle-random-7x7_g110_vs_g104.jsonl,animal-cycle-random-7x7,animal-cycle,random-start,7x7,tf:104,tf:110,false,p1,accepted,,637104444,637106355313333,1
tf_policy_elo_616bc2f2_phase7_d3d6_2026-08-20,animal-cycle-random-7x7_g110_vs_g104.jsonl,animal-cycle-random-7x7,animal-cycle,random-start,7x7,tf:110,tf:104,true,p1,accepted,,637104444,637106355313334,2
tf_policy_elo_616bc2f2_phase7_d3d6_2026-08-20,animal-cycle-random-7x7_g110_vs_g104.jsonl,animal-cycle-random-7x7,animal-cycle,random-start,7x7,tf:104,tf:110,false,p1,accepted,,637104444,637106355313335,3
tf_policy_elo_616bc2f2_phase7_d3d6_2026-08-20,animal-cycle-random-7x7_g110_vs_g104.jsonl,animal-cycle-random-7x7,animal-cycle,random-start,7x7,tf:110,tf:104,true,p2,accepted,,637104444,637106355313336,4
tf_policy_elo_616bc2f2_phase7_d3d6_2026-08-20,animal-cycle-random-7x7_g110_vs_g104.jsonl,animal-cycle-random-7x7,animal-cycle,random-start,7x7,tf:104,tf:110,false,p2,accepted,,637104444,637106355313337,5
tf_policy_elo_616bc2f2_phase7_d3d6_2026-08-20,animal-cycle-random-7x7_g110_vs_g104.jsonl,animal-cycle-random-7x7,animal-cycle,random-start,7x7,tf:110,tf:104,true,p1,accepted,,637104444,637106355313338,6
tf_policy_elo_616bc2f2_phase7_d3d6_2026-08-20,animal-cycle-random-7x7_g110_vs_g104.jsonl,animal-cycle-random-7x7,animal-cycle,random-start,7x7,tf:104,tf:110,false,p2,accepted,,637104444,637106355313339,7
tf_policy_elo_616bc2f2_phase7_d3d6_2026-08-20,animal-cycle-random-7x7_g110_vs_g104.jsonl,animal-cycle-random-7x7,animal-cycle,random-start,7x7,tf:110,tf:104,true,p1,accepted,,637104444,637106355313340,8
tf_policy_elo_616bc2f2_phase7_d3d6_2026-08-20,animal-cycle-random-7x7_g110_vs_g104.jsonl,animal-cycle-random-7x7,animal-cycle,random-start,7x7,tf:104,tf:110,false,p2,accepted,,637104444,637106355313341,9
tf_policy_elo_616bc2f2_phase7_d3d6_2026-08-20,animal-cycle-random-7x7_g110_vs_g104.jsonl,animal-cycle-random-7x7,animal-cycle,random-start,7x7,tf:110,tf:104,true,p2,accepted,,637104444,637106355313342,10
tf_policy_elo_616bc2f2_phase7_d3d6_2026-08-20,animal-cycle-random-7x7_g110_vs_g104.jsonl,animal-cycle-random-7x7,animal-cycle,random-start,7x7,tf:104,tf:110,false,p2,accepted,,637104444,637106355313343,11
tf_policy_elo_616bc2f2_phase7_d3d6_2026-08-20,animal-cycle-random-7x7_g110_vs_g107.jsonl,animal-cycle-random-7x7,animal-cycle,random-start,7x7,tf:110,tf:107,true,p1,accepted,,637107444,637109355322332,0
tf_policy_elo_616bc2f2_phase7_d3d6_2026-08-20,animal-cycle-random-7x7_g110_vs_g107.jsonl,animal-cycle-random-7x7,animal-cycle,random-start,7x7,tf:107,tf:110,false,p2,accepted,,637107444,637109355322333,1
tf_policy_elo_616bc2f2_phase7_d3d6_2026-08-20,animal-cycle-random-7x7_g110_vs_g107.jsonl,animal-cycle-random-7x7,animal-cycle,random-start,7x7,tf:110,tf:107,true,p1,accepted,,637107444,637109355322334,2
tf_policy_elo_616bc2f2_phase7_d3d6_2026-08-20,animal-cycle-random-7x7_g110_vs_g107.jsonl,animal-cycle-random-7x7,animal-cycle,random-start,7x7,tf:107,tf:110,false,p2,accepted,,637107444,637109355322335,3
tf_policy_elo_616bc2f2_phase7_d3d6_2026-08-20,animal-cycle-random-7x7_g110_vs_g107.jsonl,animal-cycle-random-7x7,animal-cycle,random-start,7x7,tf:110,tf:107,true,p1,accepted,,637107444,637109355322336,4
tf_policy_elo_616bc2f2_phase7_d3d6_2026-08-20,animal-cycle-random-7x7_g110_vs_g107.jsonl,animal-cycle-random-7x7,animal-cycle,random-start,7x7,tf:107,tf:110,false,p2,accepted,,637107444,637109355322337,5
tf_policy_elo_616bc2f2_phase7_d3d6_2026-08-20,animal-cycle-random-7x7_g110_vs_g107.jsonl,animal-cycle-random-7x7,animal-cycle,random-start,7x7,tf:110,tf:107,true,p1,accepted,,637107444,637109355322338,6
tf_policy_elo_616bc2f2_phase7_d3d6_2026-08-20,animal-cycle-random-7x7_g110_vs_g107.jsonl,animal-cycle-random-7x7,animal-cycle,random-start,7x7,tf:107,tf:110,false,p1,accepted,,637107444,637109355322339,7
tf_policy_elo_616bc2f2_phase7_d3d6_2026-08-20,animal-cycle-random-7x7_g110_vs_g107.jsonl,animal-cycle-random-7x7,animal-cycle,random-start,7x7,tf:110,tf:107,true,p1,accepted,,637107444,637109355322340,8
tf_policy_elo_616bc2f2_phase7_d3d6_2026-08-20,animal-cycle-random-7x7_g110_vs_g107.jsonl,animal-cycle-random-7x7,animal-cycle,random-start,7x7,tf:107,tf:110,false,p2,accepted,,637107444,637109355322341,9
tf_policy_elo_616bc2f2_phase7_d3d6_2026-08-20,animal-cycle-random-7x7_g110_vs_g107.jsonl,animal-cycle-random-7x7,animal-cycle,random-start,7x7,tf:110,tf:107,true,p2,accepted,,637107444,637109355322342,10
tf_policy_elo_616bc2f2_phase7_d3d6_2026-08-20,animal-cycle-random-7x7_g110_vs_g107.jsonl,animal-cycle-random-7x7,animal-cycle,random-start,7x7,tf:107,tf:110,false,p2,accepted,,637107444,637109355322343,11
tf_policy_elo_616bc2f2_phase7_d3d6_2026-08-20,animal-cycle-random-7x7_g111_vs_g105.jsonl,animal-cycle-random-7x7,animal-cycle,random-start,7x7,tf:111,tf:105,true,p1,accepted,,637205444,637207355616332,0
tf_policy_elo_616bc2f2_phase7_d3d6_2026-08-20,animal-cycle-random-7x7_g111_vs_g105.jsonl,animal-cycle-random-7x7,animal-cycle,random-start,7x7,tf:105,tf:111,false,p2,accepted,,637205444,637207355616333,1
tf_policy_elo_616bc2f2_phase7_d3d6_2026-08-20,animal-cycle-random-7x7_g111_vs_g105.jsonl,animal-cycle-random-7x7,animal-cycle,random-start,7x7,tf:111,tf:105,true,p2,accepted,,637205444,637207355616334,2
tf_policy_elo_616bc2f2_phase7_d3d6_2026-08-20,animal-cycle-random-7x7_g111_vs_g105.jsonl,animal-cycle-random-7x7,animal-cycle,random-start,7x7,tf:105,tf:111,false,p2,accepted,,637205444,637207355616335,3
tf_policy_elo_616bc2f2_phase7_d3d6_2026-08-20,animal-cycle-random-7x7_g111_vs_g105.jsonl,animal-cycle-random-7x7,animal-cycle,random-start,7x7,tf:111,tf:105,true,p1,accepted,,637205444,637207355616336,4
tf_policy_elo_616bc2f2_phase7_d3d6_2026-08-20,animal-cycle-random-7x7_g111_vs_g105.jsonl,animal-cycle-random-7x7,animal-cycle,random-start,7x7,tf:105,tf:111,false,p2,accepted,,637205444,637207355616337,5
tf_policy_elo_616bc2f2_phase7_d3d6_2026-08-20,animal-cycle-random-7x7_g111_vs_g105.jsonl,animal-cycle-random-7x7,animal-cycle,random-start,7x7,tf:111,tf:105,true,p1,accepted,,637205444,637207355616338,6
tf_policy_elo_616bc2f2_phase7_d3d6_2026-08-20,animal-cycle-random-7x7_g111_vs_g105.jsonl,animal-cycle-random-7x7,animal-cycle,random-start,7x7,tf:105,tf:111,false,p1,accepted,,637205444,637207355616339,7
tf_policy_elo_616bc2f2_phase7_d3d6_2026-08-20,animal-cycle-random-7x7_g111_vs_g105.jsonl,animal-cycle-random-7x7,animal-cycle,random-start,7x7,tf:111,tf:105,true,p1,accepted,,637205444,637207355616340,8
tf_policy_elo_616bc2f2_phase7_d3d6_2026-08-20,animal-cycle-random-7x7_g111_vs_g105.jsonl,animal-cycle-random-7x7,animal-cycle,random-start,7x7,tf:105,tf:111,false,p2,accepted,,637205444,637207355616341,9
tf_policy_elo_616bc2f2_phase7_d3d6_2026-08-20,animal-cycle-random-7x7_g111_vs_g105.jsonl,animal-cycle-random-7x7,animal-cycle,random-start,7x7,tf:111,tf:105,true,p2,accepted,,637205444,637207355616342,10
tf_policy_elo_616bc2f2_phase7_d3d6_2026-08-20,animal-cycle-random-7x7_g111_vs_g105.jsonl,animal-cycle-random-7x7,animal-cycle,random-start,7x7,tf:105,tf:111,false,p2,accepted,,637205444,637207355616343,11
tf_policy_elo_616bc2f2_phase7_d3d6_2026-08-20,animal-cycle-random-7x7_g111_vs_g108.jsonl,animal-cycle-random-7x7,animal-cycle,random-start,7x7,tf:111,tf:108,true,p1,accepted,,637208444,637210355625332,0
tf_policy_elo_616bc2f2_phase7_d3d6_2026-08-20,animal-cycle-random-7x7_g111_vs_g108.jsonl,animal-cycle-random-7x7,animal-cycle,random-start,7x7,tf:108,tf:111,false,p1,accepted,,637208444,637210355625333,1
tf_policy_elo_616bc2f2_phase7_d3d6_2026-08-20,animal-cycle-random-7x7_g111_vs_g108.jsonl,animal-cycle-random-7x7,animal-cycle,random-start,7x7,tf:111,tf:108,true,p2,accepted,,637208444,637210355625334,2
tf_policy_elo_616bc2f2_phase7_d3d6_2026-08-20,animal-cycle-random-7x7_g111_vs_g108.jsonl,animal-cycle-random-7x7,animal-cycle,random-start,7x7,tf:108,tf:111,false,p1,accepted,,637208444,637210355625335,3
tf_policy_elo_616bc2f2_phase7_d3d6_2026-08-20,animal-cycle-random-7x7_g111_vs_g108.jsonl,animal-cycle-random-7x7,animal-cycle,random-start,7x7,tf:111,tf:108,true,p1,accepted,,637208444,637210355625336,4
tf_policy_elo_616bc2f2_phase7_d3d6_2026-08-20,animal-cycle-random-7x7_g111_vs_g108.jsonl,animal-cycle-random-7x7,animal-cycle,random-start,7x7,tf:108,tf:111,false,p2,accepted,,637208444,637210355625337,5
tf_policy_elo_616bc2f2_phase7_d3d6_2026-08-20,animal-cycle-random-7x7_g111_vs_g108.jsonl,animal-cycle-random-7x7,animal-cycle,random-start,7x7,tf:111,tf:108,true,p1,accepted,,637208444,637210355625338,6
tf_policy_elo_616bc2f2_phase7_d3d6_2026-08-20,animal-cycle-random-7x7_g111_vs_g108.jsonl,animal-cycle-random-7x7,animal-cycle,random-start,7x7,tf:108,tf:111,false,p1,accepted,,637208444,637210355625339,7
tf_policy_elo_616bc2f2_phase7_d3d6_2026-08-20,animal-cycle-random-7x7_g111_vs_g108.jsonl,animal-cycle-random-7x7,animal-cycle,random-start,7x7,tf:111,tf:108,true,p1,accepted,,637208444,637210355625340,8
tf_policy_elo_616bc2f2_phase7_d3d6_2026-08-20,animal-cycle-random-7x7_g111_vs_g108.jsonl,animal-cycle-random-7x7,animal-cycle,random-start,7x7,tf:108,tf:111,false,p1,accepted,,637208444,637210355625341,9
tf_policy_elo_616bc2f2_phase7_d3d6_2026-08-20,animal-cycle-random-7x7_g111_vs_g108.jsonl,animal-cycle-random-7x7,animal-cycle,random-start,7x7,tf:111,tf:108,true,p1,accepted,,637208444,637210355625342,10
tf_policy_elo_616bc2f2_phase7_d3d6_2026-08-20,animal-cycle-random-7x7_g111_vs_g108.jsonl,animal-cycle-random-7x7,animal-cycle,random-start,7x7,tf:108,tf:111,false,p1,accepted,,637208444,637210355625343,11
tf_policy_elo_616bc2f2_phase7_d3d6_2026-08-20,animal-cycle-random-7x7_g112_vs_g106.jsonl,animal-cycle-random-7x7,animal-cycle,random-start,7x7,tf:112,tf:106,true,p1,accepted,,637306444,637308355919332,0
tf_policy_elo_616bc2f2_phase7_d3d6_2026-08-20,animal-cycle-random-7x7_g112_vs_g106.jsonl,animal-cycle-random-7x7,animal-cycle,random-start,7x7,tf:106,tf:112,false,p1,accepted,,637306444,637308355919333,1
tf_policy_elo_616bc2f2_phase7_d3d6_2026-08-20,animal-cycle-random-7x7_g112_vs_g106.jsonl,animal-cycle-random-7x7,animal-cycle,random-start,7x7,tf:112,tf:106,true,p1,accepted,,637306444,637308355919334,2
tf_policy_elo_616bc2f2_phase7_d3d6_2026-08-20,animal-cycle-random-7x7_g112_vs_g106.jsonl,animal-cycle-random-7x7,animal-cycle,random-start,7x7,tf:106,tf:112,false,p2,accepted,,637306444,637308355919335,3
tf_policy_elo_616bc2f2_phase7_d3d6_2026-08-20,animal-cycle-random-7x7_g112_vs_g106.jsonl,animal-cycle-random-7x7,animal-cycle,random-start,7x7,tf:112,tf:106,true,p2,accepted,,637306444,637308355919336,4
tf_policy_elo_616bc2f2_phase7_d3d6_2026-08-20,animal-cycle-random-7x7_g112_vs_g106.jsonl,animal-cycle-random-7x7,animal-cycle,random-start,7x7,tf:106,tf:112,false,p1,accepted,,637306444,637308355919337,5
tf_policy_elo_616bc2f2_phase7_d3d6_2026-08-20,animal-cycle-random-7x7_g112_vs_g106.jsonl,animal-cycle-random-7x7,animal-cycle,random-start,7x7,tf:112,tf:106,true,p1,accepted,,637306444,637308355919338,6
tf_policy_elo_616bc2f2_phase7_d3d6_2026-08-20,animal-cycle-random-7x7_g112_vs_g106.jsonl,animal-cycle-random-7x7,animal-cycle,random-start,7x7,tf:106,tf:112,false,p2,accepted,,637306444,637308355919339,7
tf_policy_elo_616bc2f2_phase7_d3d6_2026-08-20,animal-cycle-random-7x7_g112_vs_g106.jsonl,animal-cycle-random-7x7,animal-cycle,random-start,7x7,tf:112,tf:106,true,p1,accepted,,637306444,637308355919340,8
tf_policy_elo_616bc2f2_phase7_d3d6_2026-08-20,animal-cycle-random-7x7_g112_vs_g106.jsonl,animal-cycle-random-7x7,animal-cycle,random-start,7x7,tf:106,tf:112,false,p2,accepted,,637306444,637308355919341,9
tf_policy_elo_616bc2f2_phase7_d3d6_2026-08-20,animal-cycle-random-7x7_g112_vs_g106.jsonl,animal-cycle-random-7x7,animal-cycle,random-start,7x7,tf:112,tf:106,true,p1,accepted,,637306444,637308355919342,10
tf_policy_elo_616bc2f2_phase7_d3d6_2026-08-20,animal-cycle-random-7x7_g112_vs_g106.jsonl,animal-cycle-random-7x7,animal-cycle,random-start,7x7,tf:106,tf:112,false,p2,accepted,,637306444,637308355919343,11
tf_policy_elo_616bc2f2_phase7_d3d6_2026-08-20,animal-cycle-random-7x7_g112_vs_g109.jsonl,animal-cycle-random-7x7,animal-cycle,random-start,7x7,tf:112,tf:109,true,p2,accepted,,637309444,637311355928332,0
tf_policy_elo_616bc2f2_phase7_d3d6_2026-08-20,animal-cycle-random-7x7_g112_vs_g109.jsonl,animal-cycle-random-7x7,animal-cycle,random-start,7x7,tf:109,tf:112,false,p1,accepted,,637309444,637311355928333,1
tf_policy_elo_616bc2f2_phase7_d3d6_2026-08-20,animal-cycle-random-7x7_g112_vs_g109.jsonl,animal-cycle-random-7x7,animal-cycle,random-start,7x7,tf:112,tf:109,true,p1,accepted,,637309444,637311355928334,2
tf_policy_elo_616bc2f2_phase7_d3d6_2026-08-20,animal-cycle-random-7x7_g112_vs_g109.jsonl,animal-cycle-random-7x7,animal-cycle,random-start,7x7,tf:109,tf:112,false,p2,accepted,,637309444,637311355928335,3
tf_policy_elo_616bc2f2_phase7_d3d6_2026-08-20,animal-cycle-random-7x7_g112_vs_g109.jsonl,animal-cycle-random-7x7,animal-cycle,random-start,7x7,tf:112,tf:109,true,p1,accepted,,637309444,637311355928336,4
tf_policy_elo_616bc2f2_phase7_d3d6_2026-08-20,animal-cycle-random-7x7_g112_vs_g109.jsonl,animal-cycle-random-7x7,animal-cycle,random-start,7x7,tf:109,tf:112,false,p1,accepted,,637309444,637311355928337,5
tf_policy_elo_616bc2f2_phase7_d3d6_2026-08-20,animal-cycle-random-7x7_g112_vs_g109.jsonl,animal-cycle-random-7x7,animal-cycle,random-start,7x7,tf:112,tf:109,true,p1,accepted,,637309444,637311355928338,6
tf_policy_elo_616bc2f2_phase7_d3d6_2026-08-20,animal-cycle-random-7x7_g112_vs_g109.jsonl,animal-cycle-random-7x7,animal-cycle,random-start,7x7,tf:109,tf:112,false,p1,accepted,,637309444,637311355928339,7
tf_policy_elo_616bc2f2_phase7_d3d6_2026-08-20,animal-cycle-random-7x7_g112_vs_g109.jsonl,animal-cycle-random-7x7,animal-cycle,random-start,7x7,tf:112,tf:109,true,p2,accepted,,637309444,637311355928340,8
tf_policy_elo_616bc2f2_phase7_d3d6_2026-08-20,animal-cycle-random-7x7_g112_vs_g109.jsonl,animal-cycle-random-7x7,animal-cycle,random-start,7x7,tf:109,tf:112,false,p1,accepted,,637309444,637311355928341,9
tf_policy_elo_616bc2f2_phase7_d3d6_2026-08-20,animal-cycle-random-7x7_g112_vs_g109.jsonl,animal-cycle-random-7x7,animal-cycle,random-start,7x7,tf:112,tf:109,true,p2,accepted,,637309444,637311355928342,10
tf_policy_elo_616bc2f2_phase7_d3d6_2026-08-20,animal-cycle-random-7x7_g112_vs_g109.jsonl,animal-cycle-random-7x7,animal-cycle,random-start,7x7,tf:109,tf:112,false,p1,accepted,,637309444,637311355928343,11
tf_policy_elo_616bc2f2_phase7_d3d6_2026-08-20,animal-cycle-random-7x7_g113_vs_g107.jsonl,animal-cycle-random-7x7,animal-cycle,random-start,7x7,tf:113,tf:107,true,p1,accepted,,637407444,637409356222332,0
tf_policy_elo_616bc2f2_phase7_d3d6_2026-08-20,animal-cycle-random-7x7_g113_vs_g107.jsonl,animal-cycle-random-7x7,animal-cycle,random-start,7x7,tf:107,tf:113,false,p2,accepted,,637407444,637409356222333,1
tf_policy_elo_616bc2f2_phase7_d3d6_2026-08-20,animal-cycle-random-7x7_g113_vs_g107.jsonl,animal-cycle-random-7x7,animal-cycle,random-start,7x7,tf:113,tf:107,true,p1,accepted,,637407444,637409356222334,2
tf_policy_elo_616bc2f2_phase7_d3d6_2026-08-20,animal-cycle-random-7x7_g113_vs_g107.jsonl,animal-cycle-random-7x7,animal-cycle,random-start,7x7,tf:107,tf:113,false,p2,accepted,,637407444,637409356222335,3
tf_policy_elo_616bc2f2_phase7_d3d6_2026-08-20,animal-cycle-random-7x7_g113_vs_g107.jsonl,animal-cycle-random-7x7,animal-cycle,random-start,7x7,tf:113,tf:107,true,p2,accepted,,637407444,637409356222336,4
tf_policy_elo_616bc2f2_phase7_d3d6_2026-08-20,animal-cycle-random-7x7_g113_vs_g107.jsonl,animal-cycle-random-7x7,animal-cycle,random-start,7x7,tf:107,tf:113,false,p2,accepted,,637407444,637409356222337,5
tf_policy_elo_616bc2f2_phase7_d3d6_2026-08-20,animal-cycle-random-7x7_g113_vs_g107.jsonl,animal-cycle-random-7x7,animal-cycle,random-start,7x7,tf:113,tf:107,true,p1,accepted,,637407444,637409356222338,6
tf_policy_elo_616bc2f2_phase7_d3d6_2026-08-20,animal-cycle-random-7x7_g113_vs_g107.jsonl,animal-cycle-random-7x7,animal-cycle,random-start,7x7,tf:107,tf:113,false,p1,accepted,,637407444,637409356222339,7
tf_policy_elo_616bc2f2_phase7_d3d6_2026-08-20,animal-cycle-random-7x7_g113_vs_g107.jsonl,animal-cycle-random-7x7,animal-cycle,random-start,7x7,tf:113,tf:107,true,p1,accepted,,637407444,637409356222340,8
tf_policy_elo_616bc2f2_phase7_d3d6_2026-08-20,animal-cycle-random-7x7_g113_vs_g107.jsonl,animal-cycle-random-7x7,animal-cycle,random-start,7x7,tf:107,tf:113,false,p2,accepted,,637407444,637409356222341,9
tf_policy_elo_616bc2f2_phase7_d3d6_2026-08-20,animal-cycle-random-7x7_g113_vs_g107.jsonl,animal-cycle-random-7x7,animal-cycle,random-start,7x7,tf:113,tf:107,true,p2,accepted,,637407444,637409356222342,10
tf_policy_elo_616bc2f2_phase7_d3d6_2026-08-20,animal-cycle-random-7x7_g113_vs_g107.jsonl,animal-cycle-random-7x7,animal-cycle,random-start,7x7,tf:107,tf:113,false,p1,accepted,,637407444,637409356222343,11
tf_policy_elo_616bc2f2_phase7_d3d6_2026-08-20,animal-cycle-random-7x7_g113_vs_g110.jsonl,animal-cycle-random-7x7,animal-cycle,random-start,7x7,tf:113,tf:110,true,p2,accepted,,637410444,637412356231332,0
tf_policy_elo_616bc2f2_phase7_d3d6_2026-08-20,animal-cycle-random-7x7_g113_vs_g110.jsonl,animal-cycle-random-7x7,animal-cycle,random-start,7x7,tf:110,tf:113,false,p2,accepted,,637410444,637412356231333,1
tf_policy_elo_616bc2f2_phase7_d3d6_2026-08-20,animal-cycle-random-7x7_g113_vs_g110.jsonl,animal-cycle-random-7x7,animal-cycle,random-start,7x7,tf:113,tf:110,true,p1,accepted,,637410444,637412356231334,2
tf_policy_elo_616bc2f2_phase7_d3d6_2026-08-20,animal-cycle-random-7x7_g113_vs_g110.jsonl,animal-cycle-random-7x7,animal-cycle,random-start,7x7,tf:110,tf:113,false,p1,accepted,,637410444,637412356231335,3
tf_policy_elo_616bc2f2_phase7_d3d6_2026-08-20,animal-cycle-random-7x7_g113_vs_g110.jsonl,animal-cycle-random-7x7,animal-cycle,random-start,7x7,tf:113,tf:110,true,p2,accepted,,637410444,637412356231336,4
tf_policy_elo_616bc2f2_phase7_d3d6_2026-08-20,animal-cycle-random-7x7_g113_vs_g110.jsonl,animal-cycle-random-7x7,animal-cycle,random-start,7x7,tf:110,tf:113,false,p2,accepted,,637410444,637412356231337,5
tf_policy_elo_616bc2f2_phase7_d3d6_2026-08-20,animal-cycle-random-7x7_g113_vs_g110.jsonl,animal-cycle-random-7x7,animal-cycle,random-start,7x7,tf:113,tf:110,true,p1,accepted,,637410444,637412356231338,6
tf_policy_elo_616bc2f2_phase7_d3d6_2026-08-20,animal-cycle-random-7x7_g113_vs_g110.jsonl,animal-cycle-random-7x7,animal-cycle,random-start,7x7,tf:110,tf:113,false,p2,accepted,,637410444,637412356231339,7
tf_policy_elo_616bc2f2_phase7_d3d6_2026-08-20,animal-cycle-random-7x7_g113_vs_g110.jsonl,animal-cycle-random-7x7,animal-cycle,random-start,7x7,tf:113,tf:110,true,p1,accepted,,637410444,637412356231340,8
tf_policy_elo_616bc2f2_phase7_d3d6_2026-08-20,animal-cycle-random-7x7_g113_vs_g110.jsonl,animal-cycle-random-7x7,animal-cycle,random-start,7x7,tf:110,tf:113,false,p1,accepted,,637410444,637412356231341,9
tf_policy_elo_616bc2f2_phase7_d3d6_2026-08-20,animal-cycle-random-7x7_g113_vs_g110.jsonl,animal-cycle-random-7x7,animal-cycle,random-start,7x7,tf:113,tf:110,true,p1,accepted,,637410444,637412356231342,10
tf_policy_elo_616bc2f2_phase7_d3d6_2026-08-20,animal-cycle-random-7x7_g113_vs_g110.jsonl,animal-cycle-random-7x7,animal-cycle,random-start,7x7,tf:110,tf:113,false,p2,accepted,,637410444,637412356231343,11
tf_policy_elo_616bc2f2_phase7_d3d6_2026-08-20,animal-cycle-random-7x7_g114_vs_g108.jsonl,animal-cycle-random-7x7,animal-cycle,random-start,7x7,tf:114,tf:108,true,p1,accepted,,637508444,637510356525332,0
tf_policy_elo_616bc2f2_phase7_d3d6_2026-08-20,animal-cycle-random-7x7_g114_vs_g108.jsonl,animal-cycle-random-7x7,animal-cycle,random-start,7x7,tf:108,tf:114,false,p1,accepted,,637508444,637510356525333,1
tf_policy_elo_616bc2f2_phase7_d3d6_2026-08-20,animal-cycle-random-7x7_g114_vs_g108.jsonl,animal-cycle-random-7x7,animal-cycle,random-start,7x7,tf:114,tf:108,true,p1,accepted,,637508444,637510356525334,2
tf_policy_elo_616bc2f2_phase7_d3d6_2026-08-20,animal-cycle-random-7x7_g114_vs_g108.jsonl,animal-cycle-random-7x7,animal-cycle,random-start,7x7,tf:108,tf:114,false,p2,accepted,,637508444,637510356525335,3
tf_policy_elo_616bc2f2_phase7_d3d6_2026-08-20,animal-cycle-random-7x7_g114_vs_g108.jsonl,animal-cycle-random-7x7,animal-cycle,random-start,7x7,tf:114,tf:108,true,p1,accepted,,637508444,637510356525336,4
tf_policy_elo_616bc2f2_phase7_d3d6_2026-08-20,animal-cycle-random-7x7_g114_vs_g108.jsonl,animal-cycle-random-7x7,animal-cycle,random-start,7x7,tf:108,tf:114,false,p1,accepted,,637508444,637510356525337,5
tf_policy_elo_616bc2f2_phase7_d3d6_2026-08-20,animal-cycle-random-7x7_g114_vs_g108.jsonl,animal-cycle-random-7x7,animal-cycle,random-start,7x7,tf:114,tf:108,true,p2,accepted,,637508444,637510356525338,6
tf_policy_elo_616bc2f2_phase7_d3d6_2026-08-20,animal-cycle-random-7x7_g114_vs_g108.jsonl,animal-cycle-random-7x7,animal-cycle,random-start,7x7,tf:108,tf:114,false,p2,accepted,,637508444,637510356525339,7
tf_policy_elo_616bc2f2_phase7_d3d6_2026-08-20,animal-cycle-random-7x7_g114_vs_g108.jsonl,animal-cycle-random-7x7,animal-cycle,random-start,7x7,tf:114,tf:108,true,p1,accepted,,637508444,637510356525340,8
tf_policy_elo_616bc2f2_phase7_d3d6_2026-08-20,animal-cycle-random-7x7_g114_vs_g108.jsonl,animal-cycle-random-7x7,animal-cycle,random-start,7x7,tf:108,tf:114,false,p2,accepted,,637508444,637510356525341,9
tf_policy_elo_616bc2f2_phase7_d3d6_2026-08-20,animal-cycle-random-7x7_g114_vs_g108.jsonl,animal-cycle-random-7x7,animal-cycle,random-start,7x7,tf:114,tf:108,true,p2,accepted,,637508444,637510356525342,10
tf_policy_elo_616bc2f2_phase7_d3d6_2026-08-20,animal-cycle-random-7x7_g114_vs_g108.jsonl,animal-cycle-random-7x7,animal-cycle,random-start,7x7,tf:108,tf:114,false,p2,accepted,,637508444,637510356525343,11
tf_policy_elo_616bc2f2_phase7_d3d6_2026-08-20,animal-cycle-random-7x7_g114_vs_g111.jsonl,animal-cycle-random-7x7,animal-cycle,random-start,7x7,tf:114,tf:111,true,p2,accepted,,637511444,637513356534332,0
tf_policy_elo_616bc2f2_phase7_d3d6_2026-08-20,animal-cycle-random-7x7_g114_vs_g111.jsonl,animal-cycle-random-7x7,animal-cycle,random-start,7x7,tf:111,tf:114,false,p2,accepted,,637511444,637513356534333,1
tf_policy_elo_616bc2f2_phase7_d3d6_2026-08-20,animal-cycle-random-7x7_g114_vs_g111.jsonl,animal-cycle-random-7x7,animal-cycle,random-start,7x7,tf:114,tf:111,true,p2,accepted,,637511444,637513356534334,2
tf_policy_elo_616bc2f2_phase7_d3d6_2026-08-20,animal-cycle-random-7x7_g114_vs_g111.jsonl,animal-cycle-random-7x7,animal-cycle,random-start,7x7,tf:111,tf:114,false,p1,accepted,,637511444,637513356534335,3
tf_policy_elo_616bc2f2_phase7_d3d6_2026-08-20,animal-cycle-random-7x7_g114_vs_g111.jsonl,animal-cycle-random-7x7,animal-cycle,random-start,7x7,tf:114,tf:111,true,p1,accepted,,637511444,637513356534336,4
tf_policy_elo_616bc2f2_phase7_d3d6_2026-08-20,animal-cycle-random-7x7_g114_vs_g111.jsonl,animal-cycle-random-7x7,animal-cycle,random-start,7x7,tf:111,tf:114,false,p2,accepted,,637511444,637513356534337,5
tf_policy_elo_616bc2f2_phase7_d3d6_2026-08-20,animal-cycle-random-7x7_g114_vs_g111.jsonl,animal-cycle-random-7x7,animal-cycle,random-start,7x7,tf:114,tf:111,true,p2,accepted,,637511444,637513356534338,6
tf_policy_elo_616bc2f2_phase7_d3d6_2026-08-20,animal-cycle-random-7x7_g114_vs_g111.jsonl,animal-cycle-random-7x7,animal-cycle,random-start,7x7,tf:111,tf:114,false,p1,accepted,,637511444,637513356534339,7
tf_policy_elo_616bc2f2_phase7_d3d6_2026-08-20,animal-cycle-random-7x7_g114_vs_g111.jsonl,animal-cycle-random-7x7,animal-cycle,random-start,7x7,tf:114,tf:111,true,p1,accepted,,637511444,637513356534340,8
tf_policy_elo_616bc2f2_phase7_d3d6_2026-08-20,animal-cycle-random-7x7_g114_vs_g111.jsonl,animal-cycle-random-7x7,animal-cycle,random-start,7x7,tf:111,tf:114,false,p1,accepted,,637511444,637513356534341,9
tf_policy_elo_616bc2f2_phase7_d3d6_2026-08-20,animal-cycle-random-7x7_g114_vs_g111.jsonl,animal-cycle-random-7x7,animal-cycle,random-start,7x7,tf:114,tf:111,true,p2,accepted,,637511444,637513356534342,10
tf_policy_elo_616bc2f2_phase7_d3d6_2026-08-20,animal-cycle-random-7x7_g114_vs_g111.jsonl,animal-cycle-random-7x7,animal-cycle,random-start,7x7,tf:111,tf:114,false,p2,accepted,,637511444,637513356534343,11
tf_policy_elo_616bc2f2_phase7_d3d6_2026-08-20,animal-cycle-random-7x7_g115_vs_g109.jsonl,animal-cycle-random-7x7,animal-cycle,random-start,7x7,tf:115,tf:109,true,p1,accepted,,637609444,637611356828332,0
tf_policy_elo_616bc2f2_phase7_d3d6_2026-08-20,animal-cycle-random-7x7_g115_vs_g109.jsonl,animal-cycle-random-7x7,animal-cycle,random-start,7x7,tf:109,tf:115,false,p2,accepted,,637609444,637611356828333,1
tf_policy_elo_616bc2f2_phase7_d3d6_2026-08-20,animal-cycle-random-7x7_g115_vs_g109.jsonl,animal-cycle-random-7x7,animal-cycle,random-start,7x7,tf:115,tf:109,true,p2,accepted,,637609444,637611356828334,2
tf_policy_elo_616bc2f2_phase7_d3d6_2026-08-20,animal-cycle-random-7x7_g115_vs_g109.jsonl,animal-cycle-random-7x7,animal-cycle,random-start,7x7,tf:109,tf:115,false,p2,accepted,,637609444,637611356828335,3
tf_policy_elo_616bc2f2_phase7_d3d6_2026-08-20,animal-cycle-random-7x7_g115_vs_g109.jsonl,animal-cycle-random-7x7,animal-cycle,random-start,7x7,tf:115,tf:109,true,p1,accepted,,637609444,637611356828336,4
tf_policy_elo_616bc2f2_phase7_d3d6_2026-08-20,animal-cycle-random-7x7_g115_vs_g109.jsonl,animal-cycle-random-7x7,animal-cycle,random-start,7x7,tf:109,tf:115,false,p1,accepted,,637609444,637611356828337,5
tf_policy_elo_616bc2f2_phase7_d3d6_2026-08-20,animal-cycle-random-7x7_g115_vs_g109.jsonl,animal-cycle-random-7x7,animal-cycle,random-start,7x7,tf:115,tf:109,true,p1,accepted,,637609444,637611356828338,6
tf_policy_elo_616bc2f2_phase7_d3d6_2026-08-20,animal-cycle-random-7x7_g115_vs_g109.jsonl,animal-cycle-random-7x7,animal-cycle,random-start,7x7,tf:109,tf:115,false,p1,accepted,,637609444,637611356828339,7
tf_policy_elo_616bc2f2_phase7_d3d6_2026-08-20,animal-cycle-random-7x7_g115_vs_g109.jsonl,animal-cycle-random-7x7,animal-cycle,random-start,7x7,tf:115,tf:109,true,p1,accepted,,637609444,637611356828340,8
tf_policy_elo_616bc2f2_phase7_d3d6_2026-08-20,animal-cycle-random-7x7_g115_vs_g109.jsonl,animal-cycle-random-7x7,animal-cycle,random-start,7x7,tf:109,tf:115,false,p2,accepted,,637609444,637611356828341,9
tf_policy_elo_616bc2f2_phase7_d3d6_2026-08-20,animal-cycle-random-7x7_g115_vs_g109.jsonl,animal-cycle-random-7x7,animal-cycle,random-start,7x7,tf:115,tf:109,true,p1,accepted,,637609444,637611356828342,10
tf_policy_elo_616bc2f2_phase7_d3d6_2026-08-20,animal-cycle-random-7x7_g115_vs_g109.jsonl,animal-cycle-random-7x7,animal-cycle,random-start,7x7,tf:109,tf:115,false,p1,accepted,,637609444,637611356828343,11
tf_policy_elo_616bc2f2_phase7_d3d6_2026-08-20,animal-cycle-random-7x7_g115_vs_g112.jsonl,animal-cycle-random-7x7,animal-cycle,random-start,7x7,tf:115,tf:112,true,p1,accepted,,637612444,637614356837332,0
tf_policy_elo_616bc2f2_phase7_d3d6_2026-08-20,animal-cycle-random-7x7_g115_vs_g112.jsonl,animal-cycle-random-7x7,animal-cycle,random-start,7x7,tf:112,tf:115,false,p2,accepted,,637612444,637614356837333,1
tf_policy_elo_616bc2f2_phase7_d3d6_2026-08-20,animal-cycle-random-7x7_g115_vs_g112.jsonl,animal-cycle-random-7x7,animal-cycle,random-start,7x7,tf:115,tf:112,true,p1,accepted,,637612444,637614356837334,2
tf_policy_elo_616bc2f2_phase7_d3d6_2026-08-20,animal-cycle-random-7x7_g115_vs_g112.jsonl,animal-cycle-random-7x7,animal-cycle,random-start,7x7,tf:112,tf:115,false,p2,accepted,,637612444,637614356837335,3
tf_policy_elo_616bc2f2_phase7_d3d6_2026-08-20,animal-cycle-random-7x7_g115_vs_g112.jsonl,animal-cycle-random-7x7,animal-cycle,random-start,7x7,tf:115,tf:112,true,p1,accepted,,637612444,637614356837336,4
tf_policy_elo_616bc2f2_phase7_d3d6_2026-08-20,animal-cycle-random-7x7_g115_vs_g112.jsonl,animal-cycle-random-7x7,animal-cycle,random-start,7x7,tf:112,tf:115,false,p2,accepted,,637612444,637614356837337,5
tf_policy_elo_616bc2f2_phase7_d3d6_2026-08-20,animal-cycle-random-7x7_g115_vs_g112.jsonl,animal-cycle-random-7x7,animal-cycle,random-start,7x7,tf:115,tf:112,true,p2,accepted,,637612444,637614356837338,6
tf_policy_elo_616bc2f2_phase7_d3d6_2026-08-20,animal-cycle-random-7x7_g115_vs_g112.jsonl,animal-cycle-random-7x7,animal-cycle,random-start,7x7,tf:112,tf:115,false,p2,accepted,,637612444,637614356837339,7
tf_policy_elo_616bc2f2_phase7_d3d6_2026-08-20,animal-cycle-random-7x7_g115_vs_g112.jsonl,animal-cycle-random-7x7,animal-cycle,random-start,7x7,tf:115,tf:112,true,p1,accepted,,637612444,637614356837340,8
tf_policy_elo_616bc2f2_phase7_d3d6_2026-08-20,animal-cycle-random-7x7_g115_vs_g112.jsonl,animal-cycle-random-7x7,animal-cycle,random-start,7x7,tf:112,tf:115,false,p1,accepted,,637612444,637614356837341,9
tf_policy_elo_616bc2f2_phase7_d3d6_2026-08-20,animal-cycle-random-7x7_g115_vs_g112.jsonl,animal-cycle-random-7x7,animal-cycle,random-start,7x7,tf:115,tf:112,true,p2,accepted,,637612444,637614356837342,10
tf_policy_elo_616bc2f2_phase7_d3d6_2026-08-20,animal-cycle-random-7x7_g115_vs_g112.jsonl,animal-cycle-random-7x7,animal-cycle,random-start,7x7,tf:112,tf:115,false,p1,accepted,,637612444,637614356837343,11
tf_policy_elo_616bc2f2_phase7_d3d6_2026-08-20,animal-cycle-random-7x7_g116_vs_g110.jsonl,animal-cycle-random-7x7,animal-cycle,random-start,7x7,tf:116,tf:110,true,p2,accepted,,637710444,637712357131332,0
tf_policy_elo_616bc2f2_phase7_d3d6_2026-08-20,animal-cycle-random-7x7_g116_vs_g110.jsonl,animal-cycle-random-7x7,animal-cycle,random-start,7x7,tf:110,tf:116,false,p2,accepted,,637710444,637712357131333,1
tf_policy_elo_616bc2f2_phase7_d3d6_2026-08-20,animal-cycle-random-7x7_g116_vs_g110.jsonl,animal-cycle-random-7x7,animal-cycle,random-start,7x7,tf:116,tf:110,true,p1,accepted,,637710444,637712357131334,2
tf_policy_elo_616bc2f2_phase7_d3d6_2026-08-20,animal-cycle-random-7x7_g116_vs_g110.jsonl,animal-cycle-random-7x7,animal-cycle,random-start,7x7,tf:110,tf:116,false,p1,accepted,,637710444,637712357131335,3
tf_policy_elo_616bc2f2_phase7_d3d6_2026-08-20,animal-cycle-random-7x7_g116_vs_g110.jsonl,animal-cycle-random-7x7,animal-cycle,random-start,7x7,tf:116,tf:110,true,p2,accepted,,637710444,637712357131336,4
tf_policy_elo_616bc2f2_phase7_d3d6_2026-08-20,animal-cycle-random-7x7_g116_vs_g110.jsonl,animal-cycle-random-7x7,animal-cycle,random-start,7x7,tf:110,tf:116,false,p2,accepted,,637710444,637712357131337,5
tf_policy_elo_616bc2f2_phase7_d3d6_2026-08-20,animal-cycle-random-7x7_g116_vs_g110.jsonl,animal-cycle-random-7x7,animal-cycle,random-start,7x7,tf:116,tf:110,true,p1,accepted,,637710444,637712357131338,6
tf_policy_elo_616bc2f2_phase7_d3d6_2026-08-20,animal-cycle-random-7x7_g116_vs_g110.jsonl,animal-cycle-random-7x7,animal-cycle,random-start,7x7,tf:110,tf:116,false,p2,accepted,,637710444,637712357131339,7
tf_policy_elo_616bc2f2_phase7_d3d6_2026-08-20,animal-cycle-random-7x7_g116_vs_g110.jsonl,animal-cycle-random-7x7,animal-cycle,random-start,7x7,tf:116,tf:110,true,p2,accepted,,637710444,637712357131340,8
tf_policy_elo_616bc2f2_phase7_d3d6_2026-08-20,animal-cycle-random-7x7_g116_vs_g110.jsonl,animal-cycle-random-7x7,animal-cycle,random-start,7x7,tf:110,tf:116,false,p1,accepted,,637710444,637712357131341,9
tf_policy_elo_616bc2f2_phase7_d3d6_2026-08-20,animal-cycle-random-7x7_g116_vs_g110.jsonl,animal-cycle-random-7x7,animal-cycle,random-start,7x7,tf:116,tf:110,true,p1,accepted,,637710444,637712357131342,10
tf_policy_elo_616bc2f2_phase7_d3d6_2026-08-20,animal-cycle-random-7x7_g116_vs_g110.jsonl,animal-cycle-random-7x7,animal-cycle,random-start,7x7,tf:110,tf:116,false,p2,accepted,,637710444,637712357131343,11
tf_policy_elo_616bc2f2_phase7_d3d6_2026-08-20,animal-cycle-random-7x7_g116_vs_g113.jsonl,animal-cycle-random-7x7,animal-cycle,random-start,7x7,tf:116,tf:113,true,p2,accepted,,637713444,637715357140332,0
tf_policy_elo_616bc2f2_phase7_d3d6_2026-08-20,animal-cycle-random-7x7_g116_vs_g113.jsonl,animal-cycle-random-7x7,animal-cycle,random-start,7x7,tf:113,tf:116,false,p2,accepted,,637713444,637715357140333,1
tf_policy_elo_616bc2f2_phase7_d3d6_2026-08-20,animal-cycle-random-7x7_g116_vs_g113.jsonl,animal-cycle-random-7x7,animal-cycle,random-start,7x7,tf:116,tf:113,true,p1,accepted,,637713444,637715357140334,2
tf_policy_elo_616bc2f2_phase7_d3d6_2026-08-20,animal-cycle-random-7x7_g116_vs_g113.jsonl,animal-cycle-random-7x7,animal-cycle,random-start,7x7,tf:113,tf:116,false,p2,accepted,,637713444,637715357140335,3
tf_policy_elo_616bc2f2_phase7_d3d6_2026-08-20,animal-cycle-random-7x7_g116_vs_g113.jsonl,animal-cycle-random-7x7,animal-cycle,random-start,7x7,tf:116,tf:113,true,p1,accepted,,637713444,637715357140336,4
tf_policy_elo_616bc2f2_phase7_d3d6_2026-08-20,animal-cycle-random-7x7_g116_vs_g113.jsonl,animal-cycle-random-7x7,animal-cycle,random-start,7x7,tf:113,tf:116,false,p1,accepted,,637713444,637715357140337,5
tf_policy_elo_616bc2f2_phase7_d3d6_2026-08-20,animal-cycle-random-7x7_g116_vs_g113.jsonl,animal-cycle-random-7x7,animal-cycle,random-start,7x7,tf:116,tf:113,true,p1,accepted,,637713444,637715357140338,6
tf_policy_elo_616bc2f2_phase7_d3d6_2026-08-20,animal-cycle-random-7x7_g116_vs_g113.jsonl,animal-cycle-random-7x7,animal-cycle,random-start,7x7,tf:113,tf:116,false,p2,accepted,,637713444,637715357140339,7
tf_policy_elo_616bc2f2_phase7_d3d6_2026-08-20,animal-cycle-random-7x7_g116_vs_g113.jsonl,animal-cycle-random-7x7,animal-cycle,random-start,7x7,tf:116,tf:113,true,p2,accepted,,637713444,637715357140340,8
tf_policy_elo_616bc2f2_phase7_d3d6_2026-08-20,animal-cycle-random-7x7_g116_vs_g113.jsonl,animal-cycle-random-7x7,animal-cycle,random-start,7x7,tf:113,tf:116,false,p1,accepted,,637713444,637715357140341,9
tf_policy_elo_616bc2f2_phase7_d3d6_2026-08-20,animal-cycle-random-7x7_g116_vs_g113.jsonl,animal-cycle-random-7x7,animal-cycle,random-start,7x7,tf:116,tf:113,true,p1,accepted,,637713444,637715357140342,10
tf_policy_elo_616bc2f2_phase7_d3d6_2026-08-20,animal-cycle-random-7x7_g116_vs_g113.jsonl,animal-cycle-random-7x7,animal-cycle,random-start,7x7,tf:113,tf:116,false,p1,accepted,,637713444,637715357140343,11
tf_policy_elo_616bc2f2_phase7_d3d6_2026-08-20,animal-cycle-random-7x7_g96_vs_g93.jsonl,animal-cycle-random-7x7,animal-cycle,random-start,7x7,tf:96,tf:93,true,p1,accepted,,635693444,635695351080332,0
tf_policy_elo_616bc2f2_phase7_d3d6_2026-08-20,animal-cycle-random-7x7_g96_vs_g93.jsonl,animal-cycle-random-7x7,animal-cycle,random-start,7x7,tf:93,tf:96,false,p2,accepted,,635693444,635695351080333,1
tf_policy_elo_616bc2f2_phase7_d3d6_2026-08-20,animal-cycle-random-7x7_g96_vs_g93.jsonl,animal-cycle-random-7x7,animal-cycle,random-start,7x7,tf:96,tf:93,true,p1,accepted,,635693444,635695351080334,2
tf_policy_elo_616bc2f2_phase7_d3d6_2026-08-20,animal-cycle-random-7x7_g96_vs_g93.jsonl,animal-cycle-random-7x7,animal-cycle,random-start,7x7,tf:93,tf:96,false,p2,accepted,,635693444,635695351080335,3
tf_policy_elo_616bc2f2_phase7_d3d6_2026-08-20,animal-cycle-random-7x7_g96_vs_g93.jsonl,animal-cycle-random-7x7,animal-cycle,random-start,7x7,tf:96,tf:93,true,p1,accepted,,635693444,635695351080336,4
tf_policy_elo_616bc2f2_phase7_d3d6_2026-08-20,animal-cycle-random-7x7_g96_vs_g93.jsonl,animal-cycle-random-7x7,animal-cycle,random-start,7x7,tf:93,tf:96,false,p2,accepted,,635693444,635695351080337,5
tf_policy_elo_616bc2f2_phase7_d3d6_2026-08-20,animal-cycle-random-7x7_g96_vs_g93.jsonl,animal-cycle-random-7x7,animal-cycle,random-start,7x7,tf:96,tf:93,true,p2,accepted,,635693444,635695351080338,6
tf_policy_elo_616bc2f2_phase7_d3d6_2026-08-20,animal-cycle-random-7x7_g96_vs_g93.jsonl,animal-cycle-random-7x7,animal-cycle,random-start,7x7,tf:93,tf:96,false,p2,accepted,,635693444,635695351080339,7
tf_policy_elo_616bc2f2_phase7_d3d6_2026-08-20,animal-cycle-random-7x7_g96_vs_g93.jsonl,animal-cycle-random-7x7,animal-cycle,random-start,7x7,tf:96,tf:93,true,p1,accepted,,635693444,635695351080340,8
tf_policy_elo_616bc2f2_phase7_d3d6_2026-08-20,animal-cycle-random-7x7_g96_vs_g93.jsonl,animal-cycle-random-7x7,animal-cycle,random-start,7x7,tf:93,tf:96,false,p2,accepted,,635693444,635695351080341,9
tf_policy_elo_616bc2f2_phase7_d3d6_2026-08-20,animal-cycle-random-7x7_g96_vs_g93.jsonl,animal-cycle-random-7x7,animal-cycle,random-start,7x7,tf:96,tf:93,true,p1,accepted,,635693444,635695351080342,10
tf_policy_elo_616bc2f2_phase7_d3d6_2026-08-20,animal-cycle-random-7x7_g96_vs_g93.jsonl,animal-cycle-random-7x7,animal-cycle,random-start,7x7,tf:93,tf:96,false,p2,accepted,,635693444,635695351080343,11
tf_policy_elo_616bc2f2_phase7_d3d6_2026-08-20,animal-cycle-random-7x7_g97_vs_g94.jsonl,animal-cycle-random-7x7,animal-cycle,random-start,7x7,tf:97,tf:94,true,p2,accepted,,635794444,635796351383332,0
tf_policy_elo_616bc2f2_phase7_d3d6_2026-08-20,animal-cycle-random-7x7_g97_vs_g94.jsonl,animal-cycle-random-7x7,animal-cycle,random-start,7x7,tf:94,tf:97,false,p2,accepted,,635794444,635796351383333,1
tf_policy_elo_616bc2f2_phase7_d3d6_2026-08-20,animal-cycle-random-7x7_g97_vs_g94.jsonl,animal-cycle-random-7x7,animal-cycle,random-start,7x7,tf:97,tf:94,true,p1,accepted,,635794444,635796351383334,2
tf_policy_elo_616bc2f2_phase7_d3d6_2026-08-20,animal-cycle-random-7x7_g97_vs_g94.jsonl,animal-cycle-random-7x7,animal-cycle,random-start,7x7,tf:94,tf:97,false,p2,accepted,,635794444,635796351383335,3
tf_policy_elo_616bc2f2_phase7_d3d6_2026-08-20,animal-cycle-random-7x7_g97_vs_g94.jsonl,animal-cycle-random-7x7,animal-cycle,random-start,7x7,tf:97,tf:94,true,p1,accepted,,635794444,635796351383336,4
tf_policy_elo_616bc2f2_phase7_d3d6_2026-08-20,animal-cycle-random-7x7_g97_vs_g94.jsonl,animal-cycle-random-7x7,animal-cycle,random-start,7x7,tf:94,tf:97,false,p2,accepted,,635794444,635796351383337,5
tf_policy_elo_616bc2f2_phase7_d3d6_2026-08-20,animal-cycle-random-7x7_g97_vs_g94.jsonl,animal-cycle-random-7x7,animal-cycle,random-start,7x7,tf:97,tf:94,true,p1,accepted,,635794444,635796351383338,6
tf_policy_elo_616bc2f2_phase7_d3d6_2026-08-20,animal-cycle-random-7x7_g97_vs_g94.jsonl,animal-cycle-random-7x7,animal-cycle,random-start,7x7,tf:94,tf:97,false,p2,accepted,,635794444,635796351383339,7
tf_policy_elo_616bc2f2_phase7_d3d6_2026-08-20,animal-cycle-random-7x7_g97_vs_g94.jsonl,animal-cycle-random-7x7,animal-cycle,random-start,7x7,tf:97,tf:94,true,p1,accepted,,635794444,635796351383340,8
tf_policy_elo_616bc2f2_phase7_d3d6_2026-08-20,animal-cycle-random-7x7_g97_vs_g94.jsonl,animal-cycle-random-7x7,animal-cycle,random-start,7x7,tf:94,tf:97,false,p2,accepted,,635794444,635796351383341,9
tf_policy_elo_616bc2f2_phase7_d3d6_2026-08-20,animal-cycle-random-7x7_g97_vs_g94.jsonl,animal-cycle-random-7x7,animal-cycle,random-start,7x7,tf:97,tf:94,true,p2,accepted,,635794444,635796351383342,10
tf_policy_elo_616bc2f2_phase7_d3d6_2026-08-20,animal-cycle-random-7x7_g97_vs_g94.jsonl,animal-cycle-random-7x7,animal-cycle,random-start,7x7,tf:94,tf:97,false,p2,accepted,,635794444,635796351383343,11
tf_policy_elo_616bc2f2_phase7_d3d6_2026-08-20,animal-cycle-random-7x7_g98_vs_g95.jsonl,animal-cycle-random-7x7,animal-cycle,random-start,7x7,tf:98,tf:95,true,p1,accepted,,635895444,635897351686332,0
tf_policy_elo_616bc2f2_phase7_d3d6_2026-08-20,animal-cycle-random-7x7_g98_vs_g95.jsonl,animal-cycle-random-7x7,animal-cycle,random-start,7x7,tf:95,tf:98,false,p2,accepted,,635895444,635897351686333,1
tf_policy_elo_616bc2f2_phase7_d3d6_2026-08-20,animal-cycle-random-7x7_g98_vs_g95.jsonl,animal-cycle-random-7x7,animal-cycle,random-start,7x7,tf:98,tf:95,true,p1,accepted,,635895444,635897351686334,2
tf_policy_elo_616bc2f2_phase7_d3d6_2026-08-20,animal-cycle-random-7x7_g98_vs_g95.jsonl,animal-cycle-random-7x7,animal-cycle,random-start,7x7,tf:95,tf:98,false,p2,accepted,,635895444,635897351686335,3
tf_policy_elo_616bc2f2_phase7_d3d6_2026-08-20,animal-cycle-random-7x7_g98_vs_g95.jsonl,animal-cycle-random-7x7,animal-cycle,random-start,7x7,tf:98,tf:95,true,p1,accepted,,635895444,635897351686336,4
tf_policy_elo_616bc2f2_phase7_d3d6_2026-08-20,animal-cycle-random-7x7_g98_vs_g95.jsonl,animal-cycle-random-7x7,animal-cycle,random-start,7x7,tf:95,tf:98,false,p2,accepted,,635895444,635897351686337,5
tf_policy_elo_616bc2f2_phase7_d3d6_2026-08-20,animal-cycle-random-7x7_g98_vs_g95.jsonl,animal-cycle-random-7x7,animal-cycle,random-start,7x7,tf:98,tf:95,true,p2,accepted,,635895444,635897351686338,6
tf_policy_elo_616bc2f2_phase7_d3d6_2026-08-20,animal-cycle-random-7x7_g98_vs_g95.jsonl,animal-cycle-random-7x7,animal-cycle,random-start,7x7,tf:95,tf:98,false,p2,accepted,,635895444,635897351686339,7
tf_policy_elo_616bc2f2_phase7_d3d6_2026-08-20,animal-cycle-random-7x7_g98_vs_g95.jsonl,animal-cycle-random-7x7,animal-cycle,random-start,7x7,tf:98,tf:95,true,p2,accepted,,635895444,635897351686340,8
tf_policy_elo_616bc2f2_phase7_d3d6_2026-08-20,animal-cycle-random-7x7_g98_vs_g95.jsonl,animal-cycle-random-7x7,animal-cycle,random-start,7x7,tf:95,tf:98,false,p1,accepted,,635895444,635897351686341,9
tf_policy_elo_616bc2f2_phase7_d3d6_2026-08-20,animal-cycle-random-7x7_g98_vs_g95.jsonl,animal-cycle-random-7x7,animal-cycle,random-start,7x7,tf:98,tf:95,true,p2,accepted,,635895444,635897351686342,10
tf_policy_elo_616bc2f2_phase7_d3d6_2026-08-20,animal-cycle-random-7x7_g98_vs_g95.jsonl,animal-cycle-random-7x7,animal-cycle,random-start,7x7,tf:95,tf:98,false,p2,accepted,,635895444,635897351686343,11
tf_policy_elo_616bc2f2_phase7_d3d6_2026-08-20,animal-cycle-random-7x7_g99_vs_g93.jsonl,animal-cycle-random-7x7,animal-cycle,random-start,7x7,tf:99,tf:93,true,p1,accepted,,635993444,635995351980332,0
tf_policy_elo_616bc2f2_phase7_d3d6_2026-08-20,animal-cycle-random-7x7_g99_vs_g93.jsonl,animal-cycle-random-7x7,animal-cycle,random-start,7x7,tf:93,tf:99,false,p2,accepted,,635993444,635995351980333,1
tf_policy_elo_616bc2f2_phase7_d3d6_2026-08-20,animal-cycle-random-7x7_g99_vs_g93.jsonl,animal-cycle-random-7x7,animal-cycle,random-start,7x7,tf:99,tf:93,true,p1,accepted,,635993444,635995351980334,2
tf_policy_elo_616bc2f2_phase7_d3d6_2026-08-20,animal-cycle-random-7x7_g99_vs_g93.jsonl,animal-cycle-random-7x7,animal-cycle,random-start,7x7,tf:93,tf:99,false,p2,accepted,,635993444,635995351980335,3
tf_policy_elo_616bc2f2_phase7_d3d6_2026-08-20,animal-cycle-random-7x7_g99_vs_g93.jsonl,animal-cycle-random-7x7,animal-cycle,random-start,7x7,tf:99,tf:93,true,p1,accepted,,635993444,635995351980336,4
tf_policy_elo_616bc2f2_phase7_d3d6_2026-08-20,animal-cycle-random-7x7_g99_vs_g93.jsonl,animal-cycle-random-7x7,animal-cycle,random-start,7x7,tf:93,tf:99,false,p2,accepted,,635993444,635995351980337,5
tf_policy_elo_616bc2f2_phase7_d3d6_2026-08-20,animal-cycle-random-7x7_g99_vs_g93.jsonl,animal-cycle-random-7x7,animal-cycle,random-start,7x7,tf:99,tf:93,true,p1,accepted,,635993444,635995351980338,6
tf_policy_elo_616bc2f2_phase7_d3d6_2026-08-20,animal-cycle-random-7x7_g99_vs_g93.jsonl,animal-cycle-random-7x7,animal-cycle,random-start,7x7,tf:93,tf:99,false,p2,accepted,,635993444,635995351980339,7
tf_policy_elo_616bc2f2_phase7_d3d6_2026-08-20,animal-cycle-random-7x7_g99_vs_g93.jsonl,animal-cycle-random-7x7,animal-cycle,random-start,7x7,tf:99,tf:93,true,p1,accepted,,635993444,635995351980340,8
tf_policy_elo_616bc2f2_phase7_d3d6_2026-08-20,animal-cycle-random-7x7_g99_vs_g93.jsonl,animal-cycle-random-7x7,animal-cycle,random-start,7x7,tf:93,tf:99,false,p2,accepted,,635993444,635995351980341,9
tf_policy_elo_616bc2f2_phase7_d3d6_2026-08-20,animal-cycle-random-7x7_g99_vs_g93.jsonl,animal-cycle-random-7x7,animal-cycle,random-start,7x7,tf:99,tf:93,true,p1,accepted,,635993444,635995351980342,10
tf_policy_elo_616bc2f2_phase7_d3d6_2026-08-20,animal-cycle-random-7x7_g99_vs_g93.jsonl,animal-cycle-random-7x7,animal-cycle,random-start,7x7,tf:93,tf:99,false,p2,accepted,,635993444,635995351980343,11
tf_policy_elo_616bc2f2_phase7_d3d6_2026-08-20,animal-cycle-random-7x7_g99_vs_g96.jsonl,animal-cycle-random-7x7,animal-cycle,random-start,7x7,tf:99,tf:96,true,p2,accepted,,635996444,635998351989332,0
tf_policy_elo_616bc2f2_phase7_d3d6_2026-08-20,animal-cycle-random-7x7_g99_vs_g96.jsonl,animal-cycle-random-7x7,animal-cycle,random-start,7x7,tf:96,tf:99,false,p2,accepted,,635996444,635998351989333,1
tf_policy_elo_616bc2f2_phase7_d3d6_2026-08-20,animal-cycle-random-7x7_g99_vs_g96.jsonl,animal-cycle-random-7x7,animal-cycle,random-start,7x7,tf:99,tf:96,true,p2,accepted,,635996444,635998351989334,2
tf_policy_elo_616bc2f2_phase7_d3d6_2026-08-20,animal-cycle-random-7x7_g99_vs_g96.jsonl,animal-cycle-random-7x7,animal-cycle,random-start,7x7,tf:96,tf:99,false,p2,accepted,,635996444,635998351989335,3
tf_policy_elo_616bc2f2_phase7_d3d6_2026-08-20,animal-cycle-random-7x7_g99_vs_g96.jsonl,animal-cycle-random-7x7,animal-cycle,random-start,7x7,tf:99,tf:96,true,p2,accepted,,635996444,635998351989336,4
tf_policy_elo_616bc2f2_phase7_d3d6_2026-08-20,animal-cycle-random-7x7_g99_vs_g96.jsonl,animal-cycle-random-7x7,animal-cycle,random-start,7x7,tf:96,tf:99,false,p2,accepted,,635996444,635998351989337,5
tf_policy_elo_616bc2f2_phase7_d3d6_2026-08-20,animal-cycle-random-7x7_g99_vs_g96.jsonl,animal-cycle-random-7x7,animal-cycle,random-start,7x7,tf:99,tf:96,true,p2,accepted,,635996444,635998351989338,6
tf_policy_elo_616bc2f2_phase7_d3d6_2026-08-20,animal-cycle-random-7x7_g99_vs_g96.jsonl,animal-cycle-random-7x7,animal-cycle,random-start,7x7,tf:96,tf:99,false,p2,accepted,,635996444,635998351989339,7
tf_policy_elo_616bc2f2_phase7_d3d6_2026-08-20,animal-cycle-random-7x7_g99_vs_g96.jsonl,animal-cycle-random-7x7,animal-cycle,random-start,7x7,tf:99,tf:96,true,p1,accepted,,635996444,635998351989340,8
tf_policy_elo_616bc2f2_phase7_d3d6_2026-08-20,animal-cycle-random-7x7_g99_vs_g96.jsonl,animal-cycle-random-7x7,animal-cycle,random-start,7x7,tf:96,tf:99,false,p2,accepted,,635996444,635998351989341,9
tf_policy_elo_616bc2f2_phase7_d3d6_2026-08-20,animal-cycle-random-7x7_g99_vs_g96.jsonl,animal-cycle-random-7x7,animal-cycle,random-start,7x7,tf:99,tf:96,true,p2,accepted,,635996444,635998351989342,10
tf_policy_elo_616bc2f2_phase7_d3d6_2026-08-20,animal-cycle-random-7x7_g99_vs_g96.jsonl,animal-cycle-random-7x7,animal-cycle,random-start,7x7,tf:96,tf:99,false,p1,accepted,,635996444,635998351989343,11
tf_policy_elo_616bc2f2_phase7_d3d6_2026-08-20,classic-fixed-12x10_g100_vs_g94.jsonl,classic-fixed-12x10,classic,fixed,12x10,tf:100,tf:94,true,p1,accepted,,636094201,636096109282603,0
tf_policy_elo_616bc2f2_phase7_d3d6_2026-08-20,classic-fixed-12x10_g100_vs_g94.jsonl,classic-fixed-12x10,classic,fixed,12x10,tf:94,tf:100,false,p2,accepted,,636094201,636096109282604,1
tf_policy_elo_616bc2f2_phase7_d3d6_2026-08-20,classic-fixed-12x10_g100_vs_g97.jsonl,classic-fixed-12x10,classic,fixed,12x10,tf:100,tf:97,true,p2,accepted,,636097201,636099109291603,0
tf_policy_elo_616bc2f2_phase7_d3d6_2026-08-20,classic-fixed-12x10_g100_vs_g97.jsonl,classic-fixed-12x10,classic,fixed,12x10,tf:97,tf:100,false,p2,accepted,,636097201,636099109291604,1
tf_policy_elo_616bc2f2_phase7_d3d6_2026-08-20,classic-fixed-12x10_g101_vs_g95.jsonl,classic-fixed-12x10,classic,fixed,12x10,tf:101,tf:95,true,p2,accepted,,636195201,636197109585603,0
tf_policy_elo_616bc2f2_phase7_d3d6_2026-08-20,classic-fixed-12x10_g101_vs_g95.jsonl,classic-fixed-12x10,classic,fixed,12x10,tf:95,tf:101,false,p2,accepted,,636195201,636197109585604,1
tf_policy_elo_616bc2f2_phase7_d3d6_2026-08-20,classic-fixed-12x10_g101_vs_g98.jsonl,classic-fixed-12x10,classic,fixed,12x10,tf:101,tf:98,true,p1,accepted,,636198201,636200109594603,0
tf_policy_elo_616bc2f2_phase7_d3d6_2026-08-20,classic-fixed-12x10_g101_vs_g98.jsonl,classic-fixed-12x10,classic,fixed,12x10,tf:98,tf:101,false,p2,accepted,,636198201,636200109594604,1
tf_policy_elo_616bc2f2_phase7_d3d6_2026-08-20,classic-fixed-12x10_g102_vs_g96.jsonl,classic-fixed-12x10,classic,fixed,12x10,tf:102,tf:96,true,p1,accepted,,636296201,636298109888603,0
tf_policy_elo_616bc2f2_phase7_d3d6_2026-08-20,classic-fixed-12x10_g102_vs_g96.jsonl,classic-fixed-12x10,classic,fixed,12x10,tf:96,tf:102,false,p2,accepted,,636296201,636298109888604,1
tf_policy_elo_616bc2f2_phase7_d3d6_2026-08-20,classic-fixed-12x10_g102_vs_g99.jsonl,classic-fixed-12x10,classic,fixed,12x10,tf:102,tf:99,true,p1,accepted,,636299201,636301109897603,0
tf_policy_elo_616bc2f2_phase7_d3d6_2026-08-20,classic-fixed-12x10_g102_vs_g99.jsonl,classic-fixed-12x10,classic,fixed,12x10,tf:99,tf:102,false,p1,accepted,,636299201,636301109897604,1
tf_policy_elo_616bc2f2_phase7_d3d6_2026-08-20,classic-fixed-12x10_g103_vs_g100.jsonl,classic-fixed-12x10,classic,fixed,12x10,tf:103,tf:100,true,p1,accepted,,636400201,636402110200603,0
tf_policy_elo_616bc2f2_phase7_d3d6_2026-08-20,classic-fixed-12x10_g103_vs_g100.jsonl,classic-fixed-12x10,classic,fixed,12x10,tf:100,tf:103,false,p2,accepted,,636400201,636402110200604,1
tf_policy_elo_616bc2f2_phase7_d3d6_2026-08-20,classic-fixed-12x10_g103_vs_g97.jsonl,classic-fixed-12x10,classic,fixed,12x10,tf:103,tf:97,true,p1,accepted,,636397201,636399110191603,0
tf_policy_elo_616bc2f2_phase7_d3d6_2026-08-20,classic-fixed-12x10_g103_vs_g97.jsonl,classic-fixed-12x10,classic,fixed,12x10,tf:97,tf:103,false,p2,accepted,,636397201,636399110191604,1
tf_policy_elo_616bc2f2_phase7_d3d6_2026-08-20,classic-fixed-12x10_g104_vs_g101.jsonl,classic-fixed-12x10,classic,fixed,12x10,tf:104,tf:101,true,p1,accepted,,636501201,636503110503603,0
tf_policy_elo_616bc2f2_phase7_d3d6_2026-08-20,classic-fixed-12x10_g104_vs_g101.jsonl,classic-fixed-12x10,classic,fixed,12x10,tf:101,tf:104,false,p1,accepted,,636501201,636503110503604,1
tf_policy_elo_616bc2f2_phase7_d3d6_2026-08-20,classic-fixed-12x10_g104_vs_g98.jsonl,classic-fixed-12x10,classic,fixed,12x10,tf:104,tf:98,true,p1,accepted,,636498201,636500110494603,0
tf_policy_elo_616bc2f2_phase7_d3d6_2026-08-20,classic-fixed-12x10_g104_vs_g98.jsonl,classic-fixed-12x10,classic,fixed,12x10,tf:98,tf:104,false,p1,accepted,,636498201,636500110494604,1
tf_policy_elo_616bc2f2_phase7_d3d6_2026-08-20,classic-fixed-12x10_g105_vs_g102.jsonl,classic-fixed-12x10,classic,fixed,12x10,tf:105,tf:102,true,p2,accepted,,636602201,636604110806603,0
tf_policy_elo_616bc2f2_phase7_d3d6_2026-08-20,classic-fixed-12x10_g105_vs_g102.jsonl,classic-fixed-12x10,classic,fixed,12x10,tf:102,tf:105,false,p1,accepted,,636602201,636604110806604,1
tf_policy_elo_616bc2f2_phase7_d3d6_2026-08-20,classic-fixed-12x10_g105_vs_g99.jsonl,classic-fixed-12x10,classic,fixed,12x10,tf:105,tf:99,true,p2,accepted,,636599201,636601110797603,0
tf_policy_elo_616bc2f2_phase7_d3d6_2026-08-20,classic-fixed-12x10_g105_vs_g99.jsonl,classic-fixed-12x10,classic,fixed,12x10,tf:99,tf:105,false,p2,accepted,,636599201,636601110797604,1
tf_policy_elo_616bc2f2_phase7_d3d6_2026-08-20,classic-fixed-12x10_g106_vs_g100.jsonl,classic-fixed-12x10,classic,fixed,12x10,tf:106,tf:100,true,p1,accepted,,636700201,636702111100603,0
tf_policy_elo_616bc2f2_phase7_d3d6_2026-08-20,classic-fixed-12x10_g106_vs_g100.jsonl,classic-fixed-12x10,classic,fixed,12x10,tf:100,tf:106,false,p1,accepted,,636700201,636702111100604,1
tf_policy_elo_616bc2f2_phase7_d3d6_2026-08-20,classic-fixed-12x10_g106_vs_g103.jsonl,classic-fixed-12x10,classic,fixed,12x10,tf:106,tf:103,true,p1,accepted,,636703201,636705111109603,0
tf_policy_elo_616bc2f2_phase7_d3d6_2026-08-20,classic-fixed-12x10_g106_vs_g103.jsonl,classic-fixed-12x10,classic,fixed,12x10,tf:103,tf:106,false,p1,accepted,,636703201,636705111109604,1
tf_policy_elo_616bc2f2_phase7_d3d6_2026-08-20,classic-fixed-12x10_g107_vs_g101.jsonl,classic-fixed-12x10,classic,fixed,12x10,tf:107,tf:101,true,p1,accepted,,636801201,636803111403603,0
tf_policy_elo_616bc2f2_phase7_d3d6_2026-08-20,classic-fixed-12x10_g107_vs_g101.jsonl,classic-fixed-12x10,classic,fixed,12x10,tf:101,tf:107,false,p1,accepted,,636801201,636803111403604,1
tf_policy_elo_616bc2f2_phase7_d3d6_2026-08-20,classic-fixed-12x10_g107_vs_g104.jsonl,classic-fixed-12x10,classic,fixed,12x10,tf:107,tf:104,true,p2,accepted,,636804201,636806111412603,0
tf_policy_elo_616bc2f2_phase7_d3d6_2026-08-20,classic-fixed-12x10_g107_vs_g104.jsonl,classic-fixed-12x10,classic,fixed,12x10,tf:104,tf:107,false,p1,accepted,,636804201,636806111412604,1
tf_policy_elo_616bc2f2_phase7_d3d6_2026-08-20,classic-fixed-12x10_g108_vs_g102.jsonl,classic-fixed-12x10,classic,fixed,12x10,tf:108,tf:102,true,p2,accepted,,636902201,636904111706603,0
tf_policy_elo_616bc2f2_phase7_d3d6_2026-08-20,classic-fixed-12x10_g108_vs_g102.jsonl,classic-fixed-12x10,classic,fixed,12x10,tf:102,tf:108,false,p1,accepted,,636902201,636904111706604,1
tf_policy_elo_616bc2f2_phase7_d3d6_2026-08-20,classic-fixed-12x10_g108_vs_g105.jsonl,classic-fixed-12x10,classic,fixed,12x10,tf:108,tf:105,true,p1,accepted,,636905201,636907111715603,0
tf_policy_elo_616bc2f2_phase7_d3d6_2026-08-20,classic-fixed-12x10_g108_vs_g105.jsonl,classic-fixed-12x10,classic,fixed,12x10,tf:105,tf:108,false,p1,accepted,,636905201,636907111715604,1
tf_policy_elo_616bc2f2_phase7_d3d6_2026-08-20,classic-fixed-12x10_g109_vs_g103.jsonl,classic-fixed-12x10,classic,fixed,12x10,tf:109,tf:103,true,p1,accepted,,637003201,637005112009603,0
tf_policy_elo_616bc2f2_phase7_d3d6_2026-08-20,classic-fixed-12x10_g109_vs_g103.jsonl,classic-fixed-12x10,classic,fixed,12x10,tf:103,tf:109,false,p1,accepted,,637003201,637005112009604,1
tf_policy_elo_616bc2f2_phase7_d3d6_2026-08-20,classic-fixed-12x10_g109_vs_g106.jsonl,classic-fixed-12x10,classic,fixed,12x10,tf:109,tf:106,true,p1,accepted,,637006201,637008112018603,0
tf_policy_elo_616bc2f2_phase7_d3d6_2026-08-20,classic-fixed-12x10_g109_vs_g106.jsonl,classic-fixed-12x10,classic,fixed,12x10,tf:106,tf:109,false,p1,accepted,,637006201,637008112018604,1
tf_policy_elo_616bc2f2_phase7_d3d6_2026-08-20,classic-fixed-12x10_g110_vs_g104.jsonl,classic-fixed-12x10,classic,fixed,12x10,tf:110,tf:104,true,p1,accepted,,637104201,637106112312603,0
tf_policy_elo_616bc2f2_phase7_d3d6_2026-08-20,classic-fixed-12x10_g110_vs_g104.jsonl,classic-fixed-12x10,classic,fixed,12x10,tf:104,tf:110,false,p1,accepted,,637104201,637106112312604,1
tf_policy_elo_616bc2f2_phase7_d3d6_2026-08-20,classic-fixed-12x10_g110_vs_g107.jsonl,classic-fixed-12x10,classic,fixed,12x10,tf:110,tf:107,true,p2,accepted,,637107201,637109112321603,0
tf_policy_elo_616bc2f2_phase7_d3d6_2026-08-20,classic-fixed-12x10_g110_vs_g107.jsonl,classic-fixed-12x10,classic,fixed,12x10,tf:107,tf:110,false,p2,accepted,,637107201,637109112321604,1
tf_policy_elo_616bc2f2_phase7_d3d6_2026-08-20,classic-fixed-12x10_g111_vs_g105.jsonl,classic-fixed-12x10,classic,fixed,12x10,tf:111,tf:105,true,p2,accepted,,637205201,637207112615603,0
tf_policy_elo_616bc2f2_phase7_d3d6_2026-08-20,classic-fixed-12x10_g111_vs_g105.jsonl,classic-fixed-12x10,classic,fixed,12x10,tf:105,tf:111,false,p2,accepted,,637205201,637207112615604,1
tf_policy_elo_616bc2f2_phase7_d3d6_2026-08-20,classic-fixed-12x10_g111_vs_g108.jsonl,classic-fixed-12x10,classic,fixed,12x10,tf:111,tf:108,true,p2,accepted,,637208201,637210112624603,0
tf_policy_elo_616bc2f2_phase7_d3d6_2026-08-20,classic-fixed-12x10_g111_vs_g108.jsonl,classic-fixed-12x10,classic,fixed,12x10,tf:108,tf:111,false,p2,accepted,,637208201,637210112624604,1
tf_policy_elo_616bc2f2_phase7_d3d6_2026-08-20,classic-fixed-12x10_g112_vs_g106.jsonl,classic-fixed-12x10,classic,fixed,12x10,tf:112,tf:106,true,p2,accepted,,637306201,637308112918603,0
tf_policy_elo_616bc2f2_phase7_d3d6_2026-08-20,classic-fixed-12x10_g112_vs_g106.jsonl,classic-fixed-12x10,classic,fixed,12x10,tf:106,tf:112,false,p1,accepted,,637306201,637308112918604,1
tf_policy_elo_616bc2f2_phase7_d3d6_2026-08-20,classic-fixed-12x10_g112_vs_g109.jsonl,classic-fixed-12x10,classic,fixed,12x10,tf:112,tf:109,true,p1,accepted,,637309201,637311112927603,0
tf_policy_elo_616bc2f2_phase7_d3d6_2026-08-20,classic-fixed-12x10_g112_vs_g109.jsonl,classic-fixed-12x10,classic,fixed,12x10,tf:109,tf:112,false,p2,accepted,,637309201,637311112927604,1
tf_policy_elo_616bc2f2_phase7_d3d6_2026-08-20,classic-fixed-12x10_g113_vs_g107.jsonl,classic-fixed-12x10,classic,fixed,12x10,tf:113,tf:107,true,p1,accepted,,637407201,637409113221603,0
tf_policy_elo_616bc2f2_phase7_d3d6_2026-08-20,classic-fixed-12x10_g113_vs_g107.jsonl,classic-fixed-12x10,classic,fixed,12x10,tf:107,tf:113,false,p1,accepted,,637407201,637409113221604,1
tf_policy_elo_616bc2f2_phase7_d3d6_2026-08-20,classic-fixed-12x10_g113_vs_g110.jsonl,classic-fixed-12x10,classic,fixed,12x10,tf:113,tf:110,true,p2,accepted,,637410201,637412113230603,0
tf_policy_elo_616bc2f2_phase7_d3d6_2026-08-20,classic-fixed-12x10_g113_vs_g110.jsonl,classic-fixed-12x10,classic,fixed,12x10,tf:110,tf:113,false,p2,accepted,,637410201,637412113230604,1
tf_policy_elo_616bc2f2_phase7_d3d6_2026-08-20,classic-fixed-12x10_g114_vs_g108.jsonl,classic-fixed-12x10,classic,fixed,12x10,tf:114,tf:108,true,p2,accepted,,637508201,637510113524603,0
tf_policy_elo_616bc2f2_phase7_d3d6_2026-08-20,classic-fixed-12x10_g114_vs_g108.jsonl,classic-fixed-12x10,classic,fixed,12x10,tf:108,tf:114,false,p1,accepted,,637508201,637510113524604,1
tf_policy_elo_616bc2f2_phase7_d3d6_2026-08-20,classic-fixed-12x10_g114_vs_g111.jsonl,classic-fixed-12x10,classic,fixed,12x10,tf:114,tf:111,true,p2,accepted,,637511201,637513113533603,0
tf_policy_elo_616bc2f2_phase7_d3d6_2026-08-20,classic-fixed-12x10_g114_vs_g111.jsonl,classic-fixed-12x10,classic,fixed,12x10,tf:111,tf:114,false,p2,accepted,,637511201,637513113533604,1
tf_policy_elo_616bc2f2_phase7_d3d6_2026-08-20,classic-fixed-12x10_g115_vs_g109.jsonl,classic-fixed-12x10,classic,fixed,12x10,tf:115,tf:109,true,p1,accepted,,637609201,637611113827603,0
tf_policy_elo_616bc2f2_phase7_d3d6_2026-08-20,classic-fixed-12x10_g115_vs_g109.jsonl,classic-fixed-12x10,classic,fixed,12x10,tf:109,tf:115,false,p2,accepted,,637609201,637611113827604,1
tf_policy_elo_616bc2f2_phase7_d3d6_2026-08-20,classic-fixed-12x10_g115_vs_g112.jsonl,classic-fixed-12x10,classic,fixed,12x10,tf:115,tf:112,true,p1,accepted,,637612201,637614113836603,0
tf_policy_elo_616bc2f2_phase7_d3d6_2026-08-20,classic-fixed-12x10_g115_vs_g112.jsonl,classic-fixed-12x10,classic,fixed,12x10,tf:112,tf:115,false,p2,accepted,,637612201,637614113836604,1
tf_policy_elo_616bc2f2_phase7_d3d6_2026-08-20,classic-fixed-12x10_g116_vs_g110.jsonl,classic-fixed-12x10,classic,fixed,12x10,tf:116,tf:110,true,p1,accepted,,637710201,637712114130603,0
tf_policy_elo_616bc2f2_phase7_d3d6_2026-08-20,classic-fixed-12x10_g116_vs_g110.jsonl,classic-fixed-12x10,classic,fixed,12x10,tf:110,tf:116,false,p1,accepted,,637710201,637712114130604,1
tf_policy_elo_616bc2f2_phase7_d3d6_2026-08-20,classic-fixed-12x10_g116_vs_g113.jsonl,classic-fixed-12x10,classic,fixed,12x10,tf:116,tf:113,true,p2,accepted,,637713201,637715114139603,0
tf_policy_elo_616bc2f2_phase7_d3d6_2026-08-20,classic-fixed-12x10_g116_vs_g113.jsonl,classic-fixed-12x10,classic,fixed,12x10,tf:113,tf:116,false,p2,accepted,,637713201,637715114139604,1
tf_policy_elo_616bc2f2_phase7_d3d6_2026-08-20,classic-fixed-12x10_g96_vs_g93.jsonl,classic-fixed-12x10,classic,fixed,12x10,tf:96,tf:93,true,p2,accepted,,635693201,635695108079603,0
tf_policy_elo_616bc2f2_phase7_d3d6_2026-08-20,classic-fixed-12x10_g96_vs_g93.jsonl,classic-fixed-12x10,classic,fixed,12x10,tf:93,tf:96,false,p1,accepted,,635693201,635695108079604,1
tf_policy_elo_616bc2f2_phase7_d3d6_2026-08-20,classic-fixed-12x10_g97_vs_g94.jsonl,classic-fixed-12x10,classic,fixed,12x10,tf:97,tf:94,true,p1,accepted,,635794201,635796108382603,0
tf_policy_elo_616bc2f2_phase7_d3d6_2026-08-20,classic-fixed-12x10_g97_vs_g94.jsonl,classic-fixed-12x10,classic,fixed,12x10,tf:94,tf:97,false,p2,accepted,,635794201,635796108382604,1
tf_policy_elo_616bc2f2_phase7_d3d6_2026-08-20,classic-fixed-12x10_g98_vs_g95.jsonl,classic-fixed-12x10,classic,fixed,12x10,tf:98,tf:95,true,p2,accepted,,635895201,635897108685603,0
tf_policy_elo_616bc2f2_phase7_d3d6_2026-08-20,classic-fixed-12x10_g98_vs_g95.jsonl,classic-fixed-12x10,classic,fixed,12x10,tf:95,tf:98,false,p2,accepted,,635895201,635897108685604,1
tf_policy_elo_616bc2f2_phase7_d3d6_2026-08-20,classic-fixed-12x10_g99_vs_g93.jsonl,classic-fixed-12x10,classic,fixed,12x10,tf:99,tf:93,true,p2,accepted,,635993201,635995108979603,0
tf_policy_elo_616bc2f2_phase7_d3d6_2026-08-20,classic-fixed-12x10_g99_vs_g93.jsonl,classic-fixed-12x10,classic,fixed,12x10,tf:93,tf:99,false,p2,accepted,,635993201,635995108979604,1
tf_policy_elo_616bc2f2_phase7_d3d6_2026-08-20,classic-fixed-12x10_g99_vs_g96.jsonl,classic-fixed-12x10,classic,fixed,12x10,tf:99,tf:96,true,p2,accepted,,635996201,635998108988603,0
tf_policy_elo_616bc2f2_phase7_d3d6_2026-08-20,classic-fixed-12x10_g99_vs_g96.jsonl,classic-fixed-12x10,classic,fixed,12x10,tf:96,tf:99,false,p2,accepted,,635996201,635998108988604,1
tf_policy_elo_616bc2f2_phase7_d3d6_2026-08-20,classic-fixed-8x8_g100_vs_g94.jsonl,classic-fixed-8x8,classic,fixed,8x8,tf:100,tf:94,true,p2,accepted,,636094335,636096243283005,0
tf_policy_elo_616bc2f2_phase7_d3d6_2026-08-20,classic-fixed-8x8_g100_vs_g94.jsonl,classic-fixed-8x8,classic,fixed,8x8,tf:94,tf:100,false,p2,accepted,,636094335,636096243283006,1
tf_policy_elo_616bc2f2_phase7_d3d6_2026-08-20,classic-fixed-8x8_g100_vs_g97.jsonl,classic-fixed-8x8,classic,fixed,8x8,tf:100,tf:97,true,p1,accepted,,636097335,636099243292005,0
tf_policy_elo_616bc2f2_phase7_d3d6_2026-08-20,classic-fixed-8x8_g100_vs_g97.jsonl,classic-fixed-8x8,classic,fixed,8x8,tf:97,tf:100,false,p1,accepted,,636097335,636099243292006,1
tf_policy_elo_616bc2f2_phase7_d3d6_2026-08-20,classic-fixed-8x8_g101_vs_g95.jsonl,classic-fixed-8x8,classic,fixed,8x8,tf:101,tf:95,true,p2,accepted,,636195335,636197243586005,0
tf_policy_elo_616bc2f2_phase7_d3d6_2026-08-20,classic-fixed-8x8_g101_vs_g95.jsonl,classic-fixed-8x8,classic,fixed,8x8,tf:95,tf:101,false,p2,accepted,,636195335,636197243586006,1
tf_policy_elo_616bc2f2_phase7_d3d6_2026-08-20,classic-fixed-8x8_g101_vs_g98.jsonl,classic-fixed-8x8,classic,fixed,8x8,tf:101,tf:98,true,p2,accepted,,636198335,636200243595005,0
tf_policy_elo_616bc2f2_phase7_d3d6_2026-08-20,classic-fixed-8x8_g101_vs_g98.jsonl,classic-fixed-8x8,classic,fixed,8x8,tf:98,tf:101,false,p2,accepted,,636198335,636200243595006,1
tf_policy_elo_616bc2f2_phase7_d3d6_2026-08-20,classic-fixed-8x8_g102_vs_g96.jsonl,classic-fixed-8x8,classic,fixed,8x8,tf:102,tf:96,true,p1,accepted,,636296335,636298243889005,0
tf_policy_elo_616bc2f2_phase7_d3d6_2026-08-20,classic-fixed-8x8_g102_vs_g96.jsonl,classic-fixed-8x8,classic,fixed,8x8,tf:96,tf:102,false,p2,accepted,,636296335,636298243889006,1
tf_policy_elo_616bc2f2_phase7_d3d6_2026-08-20,classic-fixed-8x8_g102_vs_g99.jsonl,classic-fixed-8x8,classic,fixed,8x8,tf:102,tf:99,true,p1,accepted,,636299335,636301243898005,0
tf_policy_elo_616bc2f2_phase7_d3d6_2026-08-20,classic-fixed-8x8_g102_vs_g99.jsonl,classic-fixed-8x8,classic,fixed,8x8,tf:99,tf:102,false,p2,accepted,,636299335,636301243898006,1
tf_policy_elo_616bc2f2_phase7_d3d6_2026-08-20,classic-fixed-8x8_g103_vs_g100.jsonl,classic-fixed-8x8,classic,fixed,8x8,tf:103,tf:100,true,p2,accepted,,636400335,636402244201005,0
tf_policy_elo_616bc2f2_phase7_d3d6_2026-08-20,classic-fixed-8x8_g103_vs_g100.jsonl,classic-fixed-8x8,classic,fixed,8x8,tf:100,tf:103,false,p2,accepted,,636400335,636402244201006,1
tf_policy_elo_616bc2f2_phase7_d3d6_2026-08-20,classic-fixed-8x8_g103_vs_g97.jsonl,classic-fixed-8x8,classic,fixed,8x8,tf:103,tf:97,true,p1,accepted,,636397335,636399244192005,0
tf_policy_elo_616bc2f2_phase7_d3d6_2026-08-20,classic-fixed-8x8_g103_vs_g97.jsonl,classic-fixed-8x8,classic,fixed,8x8,tf:97,tf:103,false,p1,accepted,,636397335,636399244192006,1
tf_policy_elo_616bc2f2_phase7_d3d6_2026-08-20,classic-fixed-8x8_g104_vs_g101.jsonl,classic-fixed-8x8,classic,fixed,8x8,tf:104,tf:101,true,p2,accepted,,636501335,636503244504005,0
tf_policy_elo_616bc2f2_phase7_d3d6_2026-08-20,classic-fixed-8x8_g104_vs_g101.jsonl,classic-fixed-8x8,classic,fixed,8x8,tf:101,tf:104,false,p1,accepted,,636501335,636503244504006,1
tf_policy_elo_616bc2f2_phase7_d3d6_2026-08-20,classic-fixed-8x8_g104_vs_g98.jsonl,classic-fixed-8x8,classic,fixed,8x8,tf:104,tf:98,true,p1,accepted,,636498335,636500244495005,0
tf_policy_elo_616bc2f2_phase7_d3d6_2026-08-20,classic-fixed-8x8_g104_vs_g98.jsonl,classic-fixed-8x8,classic,fixed,8x8,tf:98,tf:104,false,p1,accepted,,636498335,636500244495006,1
tf_policy_elo_616bc2f2_phase7_d3d6_2026-08-20,classic-fixed-8x8_g105_vs_g102.jsonl,classic-fixed-8x8,classic,fixed,8x8,tf:105,tf:102,true,p1,accepted,,636602335,636604244807005,0
tf_policy_elo_616bc2f2_phase7_d3d6_2026-08-20,classic-fixed-8x8_g105_vs_g102.jsonl,classic-fixed-8x8,classic,fixed,8x8,tf:102,tf:105,false,p2,accepted,,636602335,636604244807006,1
tf_policy_elo_616bc2f2_phase7_d3d6_2026-08-20,classic-fixed-8x8_g105_vs_g99.jsonl,classic-fixed-8x8,classic,fixed,8x8,tf:105,tf:99,true,p1,accepted,,636599335,636601244798005,0
tf_policy_elo_616bc2f2_phase7_d3d6_2026-08-20,classic-fixed-8x8_g105_vs_g99.jsonl,classic-fixed-8x8,classic,fixed,8x8,tf:99,tf:105,false,p2,accepted,,636599335,636601244798006,1
tf_policy_elo_616bc2f2_phase7_d3d6_2026-08-20,classic-fixed-8x8_g106_vs_g100.jsonl,classic-fixed-8x8,classic,fixed,8x8,tf:106,tf:100,true,p1,accepted,,636700335,636702245101005,0
tf_policy_elo_616bc2f2_phase7_d3d6_2026-08-20,classic-fixed-8x8_g106_vs_g100.jsonl,classic-fixed-8x8,classic,fixed,8x8,tf:100,tf:106,false,p2,accepted,,636700335,636702245101006,1
tf_policy_elo_616bc2f2_phase7_d3d6_2026-08-20,classic-fixed-8x8_g106_vs_g103.jsonl,classic-fixed-8x8,classic,fixed,8x8,tf:106,tf:103,true,p2,accepted,,636703335,636705245110005,0
tf_policy_elo_616bc2f2_phase7_d3d6_2026-08-20,classic-fixed-8x8_g106_vs_g103.jsonl,classic-fixed-8x8,classic,fixed,8x8,tf:103,tf:106,false,p2,accepted,,636703335,636705245110006,1
tf_policy_elo_616bc2f2_phase7_d3d6_2026-08-20,classic-fixed-8x8_g107_vs_g101.jsonl,classic-fixed-8x8,classic,fixed,8x8,tf:107,tf:101,true,p2,accepted,,636801335,636803245404005,0
tf_policy_elo_616bc2f2_phase7_d3d6_2026-08-20,classic-fixed-8x8_g107_vs_g101.jsonl,classic-fixed-8x8,classic,fixed,8x8,tf:101,tf:107,false,p1,accepted,,636801335,636803245404006,1
tf_policy_elo_616bc2f2_phase7_d3d6_2026-08-20,classic-fixed-8x8_g107_vs_g104.jsonl,classic-fixed-8x8,classic,fixed,8x8,tf:107,tf:104,true,p2,accepted,,636804335,636806245413005,0
tf_policy_elo_616bc2f2_phase7_d3d6_2026-08-20,classic-fixed-8x8_g107_vs_g104.jsonl,classic-fixed-8x8,classic,fixed,8x8,tf:104,tf:107,false,p2,accepted,,636804335,636806245413006,1
tf_policy_elo_616bc2f2_phase7_d3d6_2026-08-20,classic-fixed-8x8_g108_vs_g102.jsonl,classic-fixed-8x8,classic,fixed,8x8,tf:108,tf:102,true,p1,accepted,,636902335,636904245707005,0
tf_policy_elo_616bc2f2_phase7_d3d6_2026-08-20,classic-fixed-8x8_g108_vs_g102.jsonl,classic-fixed-8x8,classic,fixed,8x8,tf:102,tf:108,false,p2,accepted,,636902335,636904245707006,1
tf_policy_elo_616bc2f2_phase7_d3d6_2026-08-20,classic-fixed-8x8_g108_vs_g105.jsonl,classic-fixed-8x8,classic,fixed,8x8,tf:108,tf:105,true,p1,accepted,,636905335,636907245716005,0
tf_policy_elo_616bc2f2_phase7_d3d6_2026-08-20,classic-fixed-8x8_g108_vs_g105.jsonl,classic-fixed-8x8,classic,fixed,8x8,tf:105,tf:108,false,p1,accepted,,636905335,636907245716006,1
tf_policy_elo_616bc2f2_phase7_d3d6_2026-08-20,classic-fixed-8x8_g109_vs_g103.jsonl,classic-fixed-8x8,classic,fixed,8x8,tf:109,tf:103,true,p1,accepted,,637003335,637005246010005,0
tf_policy_elo_616bc2f2_phase7_d3d6_2026-08-20,classic-fixed-8x8_g109_vs_g103.jsonl,classic-fixed-8x8,classic,fixed,8x8,tf:103,tf:109,false,p2,accepted,,637003335,637005246010006,1
tf_policy_elo_616bc2f2_phase7_d3d6_2026-08-20,classic-fixed-8x8_g109_vs_g106.jsonl,classic-fixed-8x8,classic,fixed,8x8,tf:109,tf:106,true,p2,accepted,,637006335,637008246019005,0
tf_policy_elo_616bc2f2_phase7_d3d6_2026-08-20,classic-fixed-8x8_g109_vs_g106.jsonl,classic-fixed-8x8,classic,fixed,8x8,tf:106,tf:109,false,p1,accepted,,637006335,637008246019006,1
tf_policy_elo_616bc2f2_phase7_d3d6_2026-08-20,classic-fixed-8x8_g110_vs_g104.jsonl,classic-fixed-8x8,classic,fixed,8x8,tf:110,tf:104,true,p2,accepted,,637104335,637106246313005,0
tf_policy_elo_616bc2f2_phase7_d3d6_2026-08-20,classic-fixed-8x8_g110_vs_g104.jsonl,classic-fixed-8x8,classic,fixed,8x8,tf:104,tf:110,false,p2,accepted,,637104335,637106246313006,1
tf_policy_elo_616bc2f2_phase7_d3d6_2026-08-20,classic-fixed-8x8_g110_vs_g107.jsonl,classic-fixed-8x8,classic,fixed,8x8,tf:110,tf:107,true,p2,accepted,,637107335,637109246322005,0
tf_policy_elo_616bc2f2_phase7_d3d6_2026-08-20,classic-fixed-8x8_g110_vs_g107.jsonl,classic-fixed-8x8,classic,fixed,8x8,tf:107,tf:110,false,p2,accepted,,637107335,637109246322006,1
tf_policy_elo_616bc2f2_phase7_d3d6_2026-08-20,classic-fixed-8x8_g111_vs_g105.jsonl,classic-fixed-8x8,classic,fixed,8x8,tf:111,tf:105,true,p2,accepted,,637205335,637207246616005,0
tf_policy_elo_616bc2f2_phase7_d3d6_2026-08-20,classic-fixed-8x8_g111_vs_g105.jsonl,classic-fixed-8x8,classic,fixed,8x8,tf:105,tf:111,false,p1,accepted,,637205335,637207246616006,1
tf_policy_elo_616bc2f2_phase7_d3d6_2026-08-20,classic-fixed-8x8_g111_vs_g108.jsonl,classic-fixed-8x8,classic,fixed,8x8,tf:111,tf:108,true,p1,accepted,,637208335,637210246625005,0
tf_policy_elo_616bc2f2_phase7_d3d6_2026-08-20,classic-fixed-8x8_g111_vs_g108.jsonl,classic-fixed-8x8,classic,fixed,8x8,tf:108,tf:111,false,p2,accepted,,637208335,637210246625006,1
tf_policy_elo_616bc2f2_phase7_d3d6_2026-08-20,classic-fixed-8x8_g112_vs_g106.jsonl,classic-fixed-8x8,classic,fixed,8x8,tf:112,tf:106,true,p1,accepted,,637306335,637308246919005,0
tf_policy_elo_616bc2f2_phase7_d3d6_2026-08-20,classic-fixed-8x8_g112_vs_g106.jsonl,classic-fixed-8x8,classic,fixed,8x8,tf:106,tf:112,false,p1,accepted,,637306335,637308246919006,1
tf_policy_elo_616bc2f2_phase7_d3d6_2026-08-20,classic-fixed-8x8_g112_vs_g109.jsonl,classic-fixed-8x8,classic,fixed,8x8,tf:112,tf:109,true,p1,accepted,,637309335,637311246928005,0
tf_policy_elo_616bc2f2_phase7_d3d6_2026-08-20,classic-fixed-8x8_g112_vs_g109.jsonl,classic-fixed-8x8,classic,fixed,8x8,tf:109,tf:112,false,p2,accepted,,637309335,637311246928006,1
tf_policy_elo_616bc2f2_phase7_d3d6_2026-08-20,classic-fixed-8x8_g113_vs_g107.jsonl,classic-fixed-8x8,classic,fixed,8x8,tf:113,tf:107,true,p1,accepted,,637407335,637409247222005,0
tf_policy_elo_616bc2f2_phase7_d3d6_2026-08-20,classic-fixed-8x8_g113_vs_g107.jsonl,classic-fixed-8x8,classic,fixed,8x8,tf:107,tf:113,false,p1,accepted,,637407335,637409247222006,1
tf_policy_elo_616bc2f2_phase7_d3d6_2026-08-20,classic-fixed-8x8_g113_vs_g110.jsonl,classic-fixed-8x8,classic,fixed,8x8,tf:113,tf:110,true,p1,accepted,,637410335,637412247231005,0
tf_policy_elo_616bc2f2_phase7_d3d6_2026-08-20,classic-fixed-8x8_g113_vs_g110.jsonl,classic-fixed-8x8,classic,fixed,8x8,tf:110,tf:113,false,p2,accepted,,637410335,637412247231006,1
tf_policy_elo_616bc2f2_phase7_d3d6_2026-08-20,classic-fixed-8x8_g114_vs_g108.jsonl,classic-fixed-8x8,classic,fixed,8x8,tf:114,tf:108,true,p2,accepted,,637508335,637510247525005,0
tf_policy_elo_616bc2f2_phase7_d3d6_2026-08-20,classic-fixed-8x8_g114_vs_g108.jsonl,classic-fixed-8x8,classic,fixed,8x8,tf:108,tf:114,false,p2,accepted,,637508335,637510247525006,1
tf_policy_elo_616bc2f2_phase7_d3d6_2026-08-20,classic-fixed-8x8_g114_vs_g111.jsonl,classic-fixed-8x8,classic,fixed,8x8,tf:114,tf:111,true,p1,accepted,,637511335,637513247534005,0
tf_policy_elo_616bc2f2_phase7_d3d6_2026-08-20,classic-fixed-8x8_g114_vs_g111.jsonl,classic-fixed-8x8,classic,fixed,8x8,tf:111,tf:114,false,p1,accepted,,637511335,637513247534006,1
tf_policy_elo_616bc2f2_phase7_d3d6_2026-08-20,classic-fixed-8x8_g115_vs_g109.jsonl,classic-fixed-8x8,classic,fixed,8x8,tf:115,tf:109,true,p1,accepted,,637609335,637611247828005,0
tf_policy_elo_616bc2f2_phase7_d3d6_2026-08-20,classic-fixed-8x8_g115_vs_g109.jsonl,classic-fixed-8x8,classic,fixed,8x8,tf:109,tf:115,false,p2,accepted,,637609335,637611247828006,1
tf_policy_elo_616bc2f2_phase7_d3d6_2026-08-20,classic-fixed-8x8_g115_vs_g112.jsonl,classic-fixed-8x8,classic,fixed,8x8,tf:115,tf:112,true,p1,accepted,,637612335,637614247837005,0
tf_policy_elo_616bc2f2_phase7_d3d6_2026-08-20,classic-fixed-8x8_g115_vs_g112.jsonl,classic-fixed-8x8,classic,fixed,8x8,tf:112,tf:115,false,p2,accepted,,637612335,637614247837006,1
tf_policy_elo_616bc2f2_phase7_d3d6_2026-08-20,classic-fixed-8x8_g116_vs_g110.jsonl,classic-fixed-8x8,classic,fixed,8x8,tf:116,tf:110,true,p1,accepted,,637710335,637712248131005,0
tf_policy_elo_616bc2f2_phase7_d3d6_2026-08-20,classic-fixed-8x8_g116_vs_g110.jsonl,classic-fixed-8x8,classic,fixed,8x8,tf:110,tf:116,false,p2,accepted,,637710335,637712248131006,1
tf_policy_elo_616bc2f2_phase7_d3d6_2026-08-20,classic-fixed-8x8_g116_vs_g113.jsonl,classic-fixed-8x8,classic,fixed,8x8,tf:116,tf:113,true,p1,accepted,,637713335,637715248140005,0
tf_policy_elo_616bc2f2_phase7_d3d6_2026-08-20,classic-fixed-8x8_g116_vs_g113.jsonl,classic-fixed-8x8,classic,fixed,8x8,tf:113,tf:116,false,p2,accepted,,637713335,637715248140006,1
tf_policy_elo_616bc2f2_phase7_d3d6_2026-08-20,classic-fixed-8x8_g96_vs_g93.jsonl,classic-fixed-8x8,classic,fixed,8x8,tf:96,tf:93,true,p1,accepted,,635693335,635695242080005,0
tf_policy_elo_616bc2f2_phase7_d3d6_2026-08-20,classic-fixed-8x8_g96_vs_g93.jsonl,classic-fixed-8x8,classic,fixed,8x8,tf:93,tf:96,false,p1,accepted,,635693335,635695242080006,1
tf_policy_elo_616bc2f2_phase7_d3d6_2026-08-20,classic-fixed-8x8_g97_vs_g94.jsonl,classic-fixed-8x8,classic,fixed,8x8,tf:97,tf:94,true,p1,accepted,,635794335,635796242383005,0
tf_policy_elo_616bc2f2_phase7_d3d6_2026-08-20,classic-fixed-8x8_g97_vs_g94.jsonl,classic-fixed-8x8,classic,fixed,8x8,tf:94,tf:97,false,p2,accepted,,635794335,635796242383006,1
tf_policy_elo_616bc2f2_phase7_d3d6_2026-08-20,classic-fixed-8x8_g98_vs_g95.jsonl,classic-fixed-8x8,classic,fixed,8x8,tf:98,tf:95,true,p1,accepted,,635895335,635897242686005,0
tf_policy_elo_616bc2f2_phase7_d3d6_2026-08-20,classic-fixed-8x8_g98_vs_g95.jsonl,classic-fixed-8x8,classic,fixed,8x8,tf:95,tf:98,false,p2,accepted,,635895335,635897242686006,1
tf_policy_elo_616bc2f2_phase7_d3d6_2026-08-20,classic-fixed-8x8_g99_vs_g93.jsonl,classic-fixed-8x8,classic,fixed,8x8,tf:99,tf:93,true,p2,accepted,,635993335,635995242980005,0
tf_policy_elo_616bc2f2_phase7_d3d6_2026-08-20,classic-fixed-8x8_g99_vs_g93.jsonl,classic-fixed-8x8,classic,fixed,8x8,tf:93,tf:99,false,p2,accepted,,635993335,635995242980006,1
tf_policy_elo_616bc2f2_phase7_d3d6_2026-08-20,classic-fixed-8x8_g99_vs_g96.jsonl,classic-fixed-8x8,classic,fixed,8x8,tf:99,tf:96,true,p2,accepted,,635996335,635998242989005,0
tf_policy_elo_616bc2f2_phase7_d3d6_2026-08-20,classic-fixed-8x8_g99_vs_g96.jsonl,classic-fixed-8x8,classic,fixed,8x8,tf:96,tf:99,false,p2,accepted,,635996335,635998242989006,1
tf_policy_elo_616bc2f2_phase7_d3d6_2026-08-20,classic-random-8x8_g100_vs_g94.jsonl,classic-random-8x8,classic,random-start,8x8,tf:100,tf:94,true,p2,accepted,,636094058,636095966282174,0
tf_policy_elo_616bc2f2_phase7_d3d6_2026-08-20,classic-random-8x8_g100_vs_g94.jsonl,classic-random-8x8,classic,random-start,8x8,tf:94,tf:100,false,p1,accepted,,636094058,636095966282175,1
tf_policy_elo_616bc2f2_phase7_d3d6_2026-08-20,classic-random-8x8_g100_vs_g94.jsonl,classic-random-8x8,classic,random-start,8x8,tf:100,tf:94,true,p1,accepted,,636094058,636095966282176,2
tf_policy_elo_616bc2f2_phase7_d3d6_2026-08-20,classic-random-8x8_g100_vs_g94.jsonl,classic-random-8x8,classic,random-start,8x8,tf:94,tf:100,false,p1,accepted,,636094058,636095966282177,3
tf_policy_elo_616bc2f2_phase7_d3d6_2026-08-20,classic-random-8x8_g100_vs_g94.jsonl,classic-random-8x8,classic,random-start,8x8,tf:100,tf:94,true,p2,accepted,,636094058,636095966282178,4
tf_policy_elo_616bc2f2_phase7_d3d6_2026-08-20,classic-random-8x8_g100_vs_g94.jsonl,classic-random-8x8,classic,random-start,8x8,tf:94,tf:100,false,p1,accepted,,636094058,636095966282179,5
tf_policy_elo_616bc2f2_phase7_d3d6_2026-08-20,classic-random-8x8_g100_vs_g94.jsonl,classic-random-8x8,classic,random-start,8x8,tf:100,tf:94,true,p1,accepted,,636094058,636095966282180,6
tf_policy_elo_616bc2f2_phase7_d3d6_2026-08-20,classic-random-8x8_g100_vs_g94.jsonl,classic-random-8x8,classic,random-start,8x8,tf:94,tf:100,false,p2,accepted,,636094058,636095966282181,7
tf_policy_elo_616bc2f2_phase7_d3d6_2026-08-20,classic-random-8x8_g100_vs_g94.jsonl,classic-random-8x8,classic,random-start,8x8,tf:100,tf:94,true,p1,accepted,,636094058,636095966282182,8
tf_policy_elo_616bc2f2_phase7_d3d6_2026-08-20,classic-random-8x8_g100_vs_g94.jsonl,classic-random-8x8,classic,random-start,8x8,tf:94,tf:100,false,p2,accepted,,636094058,636095966282183,9
tf_policy_elo_616bc2f2_phase7_d3d6_2026-08-20,classic-random-8x8_g100_vs_g94.jsonl,classic-random-8x8,classic,random-start,8x8,tf:100,tf:94,true,p2,accepted,,636094058,636095966282184,10
tf_policy_elo_616bc2f2_phase7_d3d6_2026-08-20,classic-random-8x8_g100_vs_g94.jsonl,classic-random-8x8,classic,random-start,8x8,tf:94,tf:100,false,p1,accepted,,636094058,636095966282185,11
tf_policy_elo_616bc2f2_phase7_d3d6_2026-08-20,classic-random-8x8_g100_vs_g97.jsonl,classic-random-8x8,classic,random-start,8x8,tf:100,tf:97,true,p1,accepted,,636097058,636098966291174,0
tf_policy_elo_616bc2f2_phase7_d3d6_2026-08-20,classic-random-8x8_g100_vs_g97.jsonl,classic-random-8x8,classic,random-start,8x8,tf:97,tf:100,false,p2,accepted,,636097058,636098966291175,1
tf_policy_elo_616bc2f2_phase7_d3d6_2026-08-20,classic-random-8x8_g100_vs_g97.jsonl,classic-random-8x8,classic,random-start,8x8,tf:100,tf:97,true,p1,accepted,,636097058,636098966291176,2
tf_policy_elo_616bc2f2_phase7_d3d6_2026-08-20,classic-random-8x8_g100_vs_g97.jsonl,classic-random-8x8,classic,random-start,8x8,tf:97,tf:100,false,p2,accepted,,636097058,636098966291177,3
tf_policy_elo_616bc2f2_phase7_d3d6_2026-08-20,classic-random-8x8_g100_vs_g97.jsonl,classic-random-8x8,classic,random-start,8x8,tf:100,tf:97,true,p1,accepted,,636097058,636098966291178,4
tf_policy_elo_616bc2f2_phase7_d3d6_2026-08-20,classic-random-8x8_g100_vs_g97.jsonl,classic-random-8x8,classic,random-start,8x8,tf:97,tf:100,false,p1,accepted,,636097058,636098966291179,5
tf_policy_elo_616bc2f2_phase7_d3d6_2026-08-20,classic-random-8x8_g100_vs_g97.jsonl,classic-random-8x8,classic,random-start,8x8,tf:100,tf:97,true,p1,accepted,,636097058,636098966291180,6
tf_policy_elo_616bc2f2_phase7_d3d6_2026-08-20,classic-random-8x8_g100_vs_g97.jsonl,classic-random-8x8,classic,random-start,8x8,tf:97,tf:100,false,p1,accepted,,636097058,636098966291181,7
tf_policy_elo_616bc2f2_phase7_d3d6_2026-08-20,classic-random-8x8_g100_vs_g97.jsonl,classic-random-8x8,classic,random-start,8x8,tf:100,tf:97,true,p2,accepted,,636097058,636098966291182,8
tf_policy_elo_616bc2f2_phase7_d3d6_2026-08-20,classic-random-8x8_g100_vs_g97.jsonl,classic-random-8x8,classic,random-start,8x8,tf:97,tf:100,false,p1,accepted,,636097058,636098966291183,9
tf_policy_elo_616bc2f2_phase7_d3d6_2026-08-20,classic-random-8x8_g100_vs_g97.jsonl,classic-random-8x8,classic,random-start,8x8,tf:100,tf:97,true,p1,accepted,,636097058,636098966291184,10
tf_policy_elo_616bc2f2_phase7_d3d6_2026-08-20,classic-random-8x8_g100_vs_g97.jsonl,classic-random-8x8,classic,random-start,8x8,tf:97,tf:100,false,p1,accepted,,636097058,636098966291185,11
tf_policy_elo_616bc2f2_phase7_d3d6_2026-08-20,classic-random-8x8_g101_vs_g95.jsonl,classic-random-8x8,classic,random-start,8x8,tf:101,tf:95,true,p1,accepted,,636195058,636196966585174,0
tf_policy_elo_616bc2f2_phase7_d3d6_2026-08-20,classic-random-8x8_g101_vs_g95.jsonl,classic-random-8x8,classic,random-start,8x8,tf:95,tf:101,false,p1,accepted,,636195058,636196966585175,1
tf_policy_elo_616bc2f2_phase7_d3d6_2026-08-20,classic-random-8x8_g101_vs_g95.jsonl,classic-random-8x8,classic,random-start,8x8,tf:101,tf:95,true,p1,accepted,,636195058,636196966585176,2
tf_policy_elo_616bc2f2_phase7_d3d6_2026-08-20,classic-random-8x8_g101_vs_g95.jsonl,classic-random-8x8,classic,random-start,8x8,tf:95,tf:101,false,p1,accepted,,636195058,636196966585177,3
tf_policy_elo_616bc2f2_phase7_d3d6_2026-08-20,classic-random-8x8_g101_vs_g95.jsonl,classic-random-8x8,classic,random-start,8x8,tf:101,tf:95,true,p1,accepted,,636195058,636196966585178,4
tf_policy_elo_616bc2f2_phase7_d3d6_2026-08-20,classic-random-8x8_g101_vs_g95.jsonl,classic-random-8x8,classic,random-start,8x8,tf:95,tf:101,false,p1,accepted,,636195058,636196966585179,5
tf_policy_elo_616bc2f2_phase7_d3d6_2026-08-20,classic-random-8x8_g101_vs_g95.jsonl,classic-random-8x8,classic,random-start,8x8,tf:101,tf:95,true,p1,accepted,,636195058,636196966585180,6
tf_policy_elo_616bc2f2_phase7_d3d6_2026-08-20,classic-random-8x8_g101_vs_g95.jsonl,classic-random-8x8,classic,random-start,8x8,tf:95,tf:101,false,p1,accepted,,636195058,636196966585181,7
tf_policy_elo_616bc2f2_phase7_d3d6_2026-08-20,classic-random-8x8_g101_vs_g95.jsonl,classic-random-8x8,classic,random-start,8x8,tf:101,tf:95,true,p1,accepted,,636195058,636196966585182,8
tf_policy_elo_616bc2f2_phase7_d3d6_2026-08-20,classic-random-8x8_g101_vs_g95.jsonl,classic-random-8x8,classic,random-start,8x8,tf:95,tf:101,false,p1,accepted,,636195058,636196966585183,9
tf_policy_elo_616bc2f2_phase7_d3d6_2026-08-20,classic-random-8x8_g101_vs_g95.jsonl,classic-random-8x8,classic,random-start,8x8,tf:101,tf:95,true,p2,accepted,,636195058,636196966585184,10
tf_policy_elo_616bc2f2_phase7_d3d6_2026-08-20,classic-random-8x8_g101_vs_g95.jsonl,classic-random-8x8,classic,random-start,8x8,tf:95,tf:101,false,p1,accepted,,636195058,636196966585185,11
tf_policy_elo_616bc2f2_phase7_d3d6_2026-08-20,classic-random-8x8_g101_vs_g98.jsonl,classic-random-8x8,classic,random-start,8x8,tf:101,tf:98,true,p2,accepted,,636198058,636199966594174,0
tf_policy_elo_616bc2f2_phase7_d3d6_2026-08-20,classic-random-8x8_g101_vs_g98.jsonl,classic-random-8x8,classic,random-start,8x8,tf:98,tf:101,false,p1,accepted,,636198058,636199966594175,1
tf_policy_elo_616bc2f2_phase7_d3d6_2026-08-20,classic-random-8x8_g101_vs_g98.jsonl,classic-random-8x8,classic,random-start,8x8,tf:101,tf:98,true,p1,accepted,,636198058,636199966594176,2
tf_policy_elo_616bc2f2_phase7_d3d6_2026-08-20,classic-random-8x8_g101_vs_g98.jsonl,classic-random-8x8,classic,random-start,8x8,tf:98,tf:101,false,p2,accepted,,636198058,636199966594177,3
tf_policy_elo_616bc2f2_phase7_d3d6_2026-08-20,classic-random-8x8_g101_vs_g98.jsonl,classic-random-8x8,classic,random-start,8x8,tf:101,tf:98,true,p2,accepted,,636198058,636199966594178,4
tf_policy_elo_616bc2f2_phase7_d3d6_2026-08-20,classic-random-8x8_g101_vs_g98.jsonl,classic-random-8x8,classic,random-start,8x8,tf:98,tf:101,false,p1,accepted,,636198058,636199966594179,5
tf_policy_elo_616bc2f2_phase7_d3d6_2026-08-20,classic-random-8x8_g101_vs_g98.jsonl,classic-random-8x8,classic,random-start,8x8,tf:101,tf:98,true,p1,accepted,,636198058,636199966594180,6
tf_policy_elo_616bc2f2_phase7_d3d6_2026-08-20,classic-random-8x8_g101_vs_g98.jsonl,classic-random-8x8,classic,random-start,8x8,tf:98,tf:101,false,p1,accepted,,636198058,636199966594181,7
tf_policy_elo_616bc2f2_phase7_d3d6_2026-08-20,classic-random-8x8_g101_vs_g98.jsonl,classic-random-8x8,classic,random-start,8x8,tf:101,tf:98,true,p1,accepted,,636198058,636199966594182,8
tf_policy_elo_616bc2f2_phase7_d3d6_2026-08-20,classic-random-8x8_g101_vs_g98.jsonl,classic-random-8x8,classic,random-start,8x8,tf:98,tf:101,false,p1,accepted,,636198058,636199966594183,9
tf_policy_elo_616bc2f2_phase7_d3d6_2026-08-20,classic-random-8x8_g101_vs_g98.jsonl,classic-random-8x8,classic,random-start,8x8,tf:101,tf:98,true,p2,accepted,,636198058,636199966594184,10
tf_policy_elo_616bc2f2_phase7_d3d6_2026-08-20,classic-random-8x8_g101_vs_g98.jsonl,classic-random-8x8,classic,random-start,8x8,tf:98,tf:101,false,p1,accepted,,636198058,636199966594185,11
tf_policy_elo_616bc2f2_phase7_d3d6_2026-08-20,classic-random-8x8_g102_vs_g96.jsonl,classic-random-8x8,classic,random-start,8x8,tf:102,tf:96,true,p1,accepted,,636296058,636297966888174,0
tf_policy_elo_616bc2f2_phase7_d3d6_2026-08-20,classic-random-8x8_g102_vs_g96.jsonl,classic-random-8x8,classic,random-start,8x8,tf:96,tf:102,false,p1,accepted,,636296058,636297966888175,1
tf_policy_elo_616bc2f2_phase7_d3d6_2026-08-20,classic-random-8x8_g102_vs_g96.jsonl,classic-random-8x8,classic,random-start,8x8,tf:102,tf:96,true,p2,accepted,,636296058,636297966888176,2
tf_policy_elo_616bc2f2_phase7_d3d6_2026-08-20,classic-random-8x8_g102_vs_g96.jsonl,classic-random-8x8,classic,random-start,8x8,tf:96,tf:102,false,p1,accepted,,636296058,636297966888177,3
tf_policy_elo_616bc2f2_phase7_d3d6_2026-08-20,classic-random-8x8_g102_vs_g96.jsonl,classic-random-8x8,classic,random-start,8x8,tf:102,tf:96,true,p1,accepted,,636296058,636297966888178,4
tf_policy_elo_616bc2f2_phase7_d3d6_2026-08-20,classic-random-8x8_g102_vs_g96.jsonl,classic-random-8x8,classic,random-start,8x8,tf:96,tf:102,false,p2,accepted,,636296058,636297966888179,5
tf_policy_elo_616bc2f2_phase7_d3d6_2026-08-20,classic-random-8x8_g102_vs_g96.jsonl,classic-random-8x8,classic,random-start,8x8,tf:102,tf:96,true,p1,accepted,,636296058,636297966888180,6
tf_policy_elo_616bc2f2_phase7_d3d6_2026-08-20,classic-random-8x8_g102_vs_g96.jsonl,classic-random-8x8,classic,random-start,8x8,tf:96,tf:102,false,p2,accepted,,636296058,636297966888181,7
tf_policy_elo_616bc2f2_phase7_d3d6_2026-08-20,classic-random-8x8_g102_vs_g96.jsonl,classic-random-8x8,classic,random-start,8x8,tf:102,tf:96,true,p1,accepted,,636296058,636297966888182,8
tf_policy_elo_616bc2f2_phase7_d3d6_2026-08-20,classic-random-8x8_g102_vs_g96.jsonl,classic-random-8x8,classic,random-start,8x8,tf:96,tf:102,false,p1,accepted,,636296058,636297966888183,9
tf_policy_elo_616bc2f2_phase7_d3d6_2026-08-20,classic-random-8x8_g102_vs_g96.jsonl,classic-random-8x8,classic,random-start,8x8,tf:102,tf:96,true,p1,accepted,,636296058,636297966888184,10
tf_policy_elo_616bc2f2_phase7_d3d6_2026-08-20,classic-random-8x8_g102_vs_g96.jsonl,classic-random-8x8,classic,random-start,8x8,tf:96,tf:102,false,p1,accepted,,636296058,636297966888185,11
tf_policy_elo_616bc2f2_phase7_d3d6_2026-08-20,classic-random-8x8_g102_vs_g99.jsonl,classic-random-8x8,classic,random-start,8x8,tf:102,tf:99,true,p1,accepted,,636299058,636300966897174,0
tf_policy_elo_616bc2f2_phase7_d3d6_2026-08-20,classic-random-8x8_g102_vs_g99.jsonl,classic-random-8x8,classic,random-start,8x8,tf:99,tf:102,false,p1,accepted,,636299058,636300966897175,1
tf_policy_elo_616bc2f2_phase7_d3d6_2026-08-20,classic-random-8x8_g102_vs_g99.jsonl,classic-random-8x8,classic,random-start,8x8,tf:102,tf:99,true,p2,accepted,,636299058,636300966897176,2
tf_policy_elo_616bc2f2_phase7_d3d6_2026-08-20,classic-random-8x8_g102_vs_g99.jsonl,classic-random-8x8,classic,random-start,8x8,tf:99,tf:102,false,p2,accepted,,636299058,636300966897177,3
tf_policy_elo_616bc2f2_phase7_d3d6_2026-08-20,classic-random-8x8_g102_vs_g99.jsonl,classic-random-8x8,classic,random-start,8x8,tf:102,tf:99,true,p1,accepted,,636299058,636300966897178,4
tf_policy_elo_616bc2f2_phase7_d3d6_2026-08-20,classic-random-8x8_g102_vs_g99.jsonl,classic-random-8x8,classic,random-start,8x8,tf:99,tf:102,false,p1,accepted,,636299058,636300966897179,5
tf_policy_elo_616bc2f2_phase7_d3d6_2026-08-20,classic-random-8x8_g102_vs_g99.jsonl,classic-random-8x8,classic,random-start,8x8,tf:102,tf:99,true,p1,accepted,,636299058,636300966897180,6
tf_policy_elo_616bc2f2_phase7_d3d6_2026-08-20,classic-random-8x8_g102_vs_g99.jsonl,classic-random-8x8,classic,random-start,8x8,tf:99,tf:102,false,p1,accepted,,636299058,636300966897181,7
tf_policy_elo_616bc2f2_phase7_d3d6_2026-08-20,classic-random-8x8_g102_vs_g99.jsonl,classic-random-8x8,classic,random-start,8x8,tf:102,tf:99,true,p1,accepted,,636299058,636300966897182,8
tf_policy_elo_616bc2f2_phase7_d3d6_2026-08-20,classic-random-8x8_g102_vs_g99.jsonl,classic-random-8x8,classic,random-start,8x8,tf:99,tf:102,false,p2,accepted,,636299058,636300966897183,9
tf_policy_elo_616bc2f2_phase7_d3d6_2026-08-20,classic-random-8x8_g102_vs_g99.jsonl,classic-random-8x8,classic,random-start,8x8,tf:102,tf:99,true,p2,accepted,,636299058,636300966897184,10
tf_policy_elo_616bc2f2_phase7_d3d6_2026-08-20,classic-random-8x8_g102_vs_g99.jsonl,classic-random-8x8,classic,random-start,8x8,tf:99,tf:102,false,p1,accepted,,636299058,636300966897185,11
tf_policy_elo_616bc2f2_phase7_d3d6_2026-08-20,classic-random-8x8_g103_vs_g100.jsonl,classic-random-8x8,classic,random-start,8x8,tf:103,tf:100,true,p1,accepted,,636400058,636401967200174,0
tf_policy_elo_616bc2f2_phase7_d3d6_2026-08-20,classic-random-8x8_g103_vs_g100.jsonl,classic-random-8x8,classic,random-start,8x8,tf:100,tf:103,false,p1,accepted,,636400058,636401967200175,1
tf_policy_elo_616bc2f2_phase7_d3d6_2026-08-20,classic-random-8x8_g103_vs_g100.jsonl,classic-random-8x8,classic,random-start,8x8,tf:103,tf:100,true,p1,accepted,,636400058,636401967200176,2
tf_policy_elo_616bc2f2_phase7_d3d6_2026-08-20,classic-random-8x8_g103_vs_g100.jsonl,classic-random-8x8,classic,random-start,8x8,tf:100,tf:103,false,p1,accepted,,636400058,636401967200177,3
tf_policy_elo_616bc2f2_phase7_d3d6_2026-08-20,classic-random-8x8_g103_vs_g100.jsonl,classic-random-8x8,classic,random-start,8x8,tf:103,tf:100,true,p1,accepted,,636400058,636401967200178,4
tf_policy_elo_616bc2f2_phase7_d3d6_2026-08-20,classic-random-8x8_g103_vs_g100.jsonl,classic-random-8x8,classic,random-start,8x8,tf:100,tf:103,false,p1,accepted,,636400058,636401967200179,5
tf_policy_elo_616bc2f2_phase7_d3d6_2026-08-20,classic-random-8x8_g103_vs_g100.jsonl,classic-random-8x8,classic,random-start,8x8,tf:103,tf:100,true,p1,accepted,,636400058,636401967200180,6
tf_policy_elo_616bc2f2_phase7_d3d6_2026-08-20,classic-random-8x8_g103_vs_g100.jsonl,classic-random-8x8,classic,random-start,8x8,tf:100,tf:103,false,p1,accepted,,636400058,636401967200181,7
tf_policy_elo_616bc2f2_phase7_d3d6_2026-08-20,classic-random-8x8_g103_vs_g100.jsonl,classic-random-8x8,classic,random-start,8x8,tf:103,tf:100,true,p2,accepted,,636400058,636401967200182,8
tf_policy_elo_616bc2f2_phase7_d3d6_2026-08-20,classic-random-8x8_g103_vs_g100.jsonl,classic-random-8x8,classic,random-start,8x8,tf:100,tf:103,false,p2,accepted,,636400058,636401967200183,9
tf_policy_elo_616bc2f2_phase7_d3d6_2026-08-20,classic-random-8x8_g103_vs_g100.jsonl,classic-random-8x8,classic,random-start,8x8,tf:103,tf:100,true,p1,accepted,,636400058,636401967200184,10
tf_policy_elo_616bc2f2_phase7_d3d6_2026-08-20,classic-random-8x8_g103_vs_g100.jsonl,classic-random-8x8,classic,random-start,8x8,tf:100,tf:103,false,p2,accepted,,636400058,636401967200185,11
tf_policy_elo_616bc2f2_phase7_d3d6_2026-08-20,classic-random-8x8_g103_vs_g97.jsonl,classic-random-8x8,classic,random-start,8x8,tf:103,tf:97,true,p1,accepted,,636397058,636398967191174,0
tf_policy_elo_616bc2f2_phase7_d3d6_2026-08-20,classic-random-8x8_g103_vs_g97.jsonl,classic-random-8x8,classic,random-start,8x8,tf:97,tf:103,false,p1,accepted,,636397058,636398967191175,1
tf_policy_elo_616bc2f2_phase7_d3d6_2026-08-20,classic-random-8x8_g103_vs_g97.jsonl,classic-random-8x8,classic,random-start,8x8,tf:103,tf:97,true,p2,accepted,,636397058,636398967191176,2
tf_policy_elo_616bc2f2_phase7_d3d6_2026-08-20,classic-random-8x8_g103_vs_g97.jsonl,classic-random-8x8,classic,random-start,8x8,tf:97,tf:103,false,p1,accepted,,636397058,636398967191177,3
tf_policy_elo_616bc2f2_phase7_d3d6_2026-08-20,classic-random-8x8_g103_vs_g97.jsonl,classic-random-8x8,classic,random-start,8x8,tf:103,tf:97,true,p1,accepted,,636397058,636398967191178,4
tf_policy_elo_616bc2f2_phase7_d3d6_2026-08-20,classic-random-8x8_g103_vs_g97.jsonl,classic-random-8x8,classic,random-start,8x8,tf:97,tf:103,false,p2,accepted,,636397058,636398967191179,5
tf_policy_elo_616bc2f2_phase7_d3d6_2026-08-20,classic-random-8x8_g103_vs_g97.jsonl,classic-random-8x8,classic,random-start,8x8,tf:103,tf:97,true,p2,accepted,,636397058,636398967191180,6
tf_policy_elo_616bc2f2_phase7_d3d6_2026-08-20,classic-random-8x8_g103_vs_g97.jsonl,classic-random-8x8,classic,random-start,8x8,tf:97,tf:103,false,p1,accepted,,636397058,636398967191181,7
tf_policy_elo_616bc2f2_phase7_d3d6_2026-08-20,classic-random-8x8_g103_vs_g97.jsonl,classic-random-8x8,classic,random-start,8x8,tf:103,tf:97,true,p1,accepted,,636397058,636398967191182,8
tf_policy_elo_616bc2f2_phase7_d3d6_2026-08-20,classic-random-8x8_g103_vs_g97.jsonl,classic-random-8x8,classic,random-start,8x8,tf:97,tf:103,false,p1,accepted,,636397058,636398967191183,9
tf_policy_elo_616bc2f2_phase7_d3d6_2026-08-20,classic-random-8x8_g103_vs_g97.jsonl,classic-random-8x8,classic,random-start,8x8,tf:103,tf:97,true,p1,accepted,,636397058,636398967191184,10
tf_policy_elo_616bc2f2_phase7_d3d6_2026-08-20,classic-random-8x8_g103_vs_g97.jsonl,classic-random-8x8,classic,random-start,8x8,tf:97,tf:103,false,p1,accepted,,636397058,636398967191185,11
tf_policy_elo_616bc2f2_phase7_d3d6_2026-08-20,classic-random-8x8_g104_vs_g101.jsonl,classic-random-8x8,classic,random-start,8x8,tf:104,tf:101,true,p2,accepted,,636501058,636502967503174,0
tf_policy_elo_616bc2f2_phase7_d3d6_2026-08-20,classic-random-8x8_g104_vs_g101.jsonl,classic-random-8x8,classic,random-start,8x8,tf:101,tf:104,false,p1,accepted,,636501058,636502967503175,1
tf_policy_elo_616bc2f2_phase7_d3d6_2026-08-20,classic-random-8x8_g104_vs_g101.jsonl,classic-random-8x8,classic,random-start,8x8,tf:104,tf:101,true,p1,accepted,,636501058,636502967503176,2
tf_policy_elo_616bc2f2_phase7_d3d6_2026-08-20,classic-random-8x8_g104_vs_g101.jsonl,classic-random-8x8,classic,random-start,8x8,tf:101,tf:104,false,p2,accepted,,636501058,636502967503177,3
tf_policy_elo_616bc2f2_phase7_d3d6_2026-08-20,classic-random-8x8_g104_vs_g101.jsonl,classic-random-8x8,classic,random-start,8x8,tf:104,tf:101,true,p1,accepted,,636501058,636502967503178,4
tf_policy_elo_616bc2f2_phase7_d3d6_2026-08-20,classic-random-8x8_g104_vs_g101.jsonl,classic-random-8x8,classic,random-start,8x8,tf:101,tf:104,false,p2,accepted,,636501058,636502967503179,5
tf_policy_elo_616bc2f2_phase7_d3d6_2026-08-20,classic-random-8x8_g104_vs_g101.jsonl,classic-random-8x8,classic,random-start,8x8,tf:104,tf:101,true,p1,accepted,,636501058,636502967503180,6
tf_policy_elo_616bc2f2_phase7_d3d6_2026-08-20,classic-random-8x8_g104_vs_g101.jsonl,classic-random-8x8,classic,random-start,8x8,tf:101,tf:104,false,p2,accepted,,636501058,636502967503181,7
tf_policy_elo_616bc2f2_phase7_d3d6_2026-08-20,classic-random-8x8_g104_vs_g101.jsonl,classic-random-8x8,classic,random-start,8x8,tf:104,tf:101,true,p1,accepted,,636501058,636502967503182,8
tf_policy_elo_616bc2f2_phase7_d3d6_2026-08-20,classic-random-8x8_g104_vs_g101.jsonl,classic-random-8x8,classic,random-start,8x8,tf:101,tf:104,false,p2,accepted,,636501058,636502967503183,9
tf_policy_elo_616bc2f2_phase7_d3d6_2026-08-20,classic-random-8x8_g104_vs_g101.jsonl,classic-random-8x8,classic,random-start,8x8,tf:104,tf:101,true,p2,accepted,,636501058,636502967503184,10
tf_policy_elo_616bc2f2_phase7_d3d6_2026-08-20,classic-random-8x8_g104_vs_g101.jsonl,classic-random-8x8,classic,random-start,8x8,tf:101,tf:104,false,p1,accepted,,636501058,636502967503185,11
tf_policy_elo_616bc2f2_phase7_d3d6_2026-08-20,classic-random-8x8_g104_vs_g98.jsonl,classic-random-8x8,classic,random-start,8x8,tf:104,tf:98,true,p1,accepted,,636498058,636499967494174,0
tf_policy_elo_616bc2f2_phase7_d3d6_2026-08-20,classic-random-8x8_g104_vs_g98.jsonl,classic-random-8x8,classic,random-start,8x8,tf:98,tf:104,false,p1,accepted,,636498058,636499967494175,1
tf_policy_elo_616bc2f2_phase7_d3d6_2026-08-20,classic-random-8x8_g104_vs_g98.jsonl,classic-random-8x8,classic,random-start,8x8,tf:104,tf:98,true,p1,accepted,,636498058,636499967494176,2
tf_policy_elo_616bc2f2_phase7_d3d6_2026-08-20,classic-random-8x8_g104_vs_g98.jsonl,classic-random-8x8,classic,random-start,8x8,tf:98,tf:104,false,p1,accepted,,636498058,636499967494177,3
tf_policy_elo_616bc2f2_phase7_d3d6_2026-08-20,classic-random-8x8_g104_vs_g98.jsonl,classic-random-8x8,classic,random-start,8x8,tf:104,tf:98,true,p2,accepted,,636498058,636499967494178,4
tf_policy_elo_616bc2f2_phase7_d3d6_2026-08-20,classic-random-8x8_g104_vs_g98.jsonl,classic-random-8x8,classic,random-start,8x8,tf:98,tf:104,false,p1,accepted,,636498058,636499967494179,5
tf_policy_elo_616bc2f2_phase7_d3d6_2026-08-20,classic-random-8x8_g104_vs_g98.jsonl,classic-random-8x8,classic,random-start,8x8,tf:104,tf:98,true,p2,accepted,,636498058,636499967494180,6
tf_policy_elo_616bc2f2_phase7_d3d6_2026-08-20,classic-random-8x8_g104_vs_g98.jsonl,classic-random-8x8,classic,random-start,8x8,tf:98,tf:104,false,p2,accepted,,636498058,636499967494181,7
tf_policy_elo_616bc2f2_phase7_d3d6_2026-08-20,classic-random-8x8_g104_vs_g98.jsonl,classic-random-8x8,classic,random-start,8x8,tf:104,tf:98,true,p2,accepted,,636498058,636499967494182,8
tf_policy_elo_616bc2f2_phase7_d3d6_2026-08-20,classic-random-8x8_g104_vs_g98.jsonl,classic-random-8x8,classic,random-start,8x8,tf:98,tf:104,false,p1,accepted,,636498058,636499967494183,9
tf_policy_elo_616bc2f2_phase7_d3d6_2026-08-20,classic-random-8x8_g104_vs_g98.jsonl,classic-random-8x8,classic,random-start,8x8,tf:104,tf:98,true,p2,accepted,,636498058,636499967494184,10
tf_policy_elo_616bc2f2_phase7_d3d6_2026-08-20,classic-random-8x8_g104_vs_g98.jsonl,classic-random-8x8,classic,random-start,8x8,tf:98,tf:104,false,p1,accepted,,636498058,636499967494185,11
tf_policy_elo_616bc2f2_phase7_d3d6_2026-08-20,classic-random-8x8_g105_vs_g102.jsonl,classic-random-8x8,classic,random-start,8x8,tf:105,tf:102,true,p1,accepted,,636602058,636603967806174,0
tf_policy_elo_616bc2f2_phase7_d3d6_2026-08-20,classic-random-8x8_g105_vs_g102.jsonl,classic-random-8x8,classic,random-start,8x8,tf:102,tf:105,false,p1,accepted,,636602058,636603967806175,1
tf_policy_elo_616bc2f2_phase7_d3d6_2026-08-20,classic-random-8x8_g105_vs_g102.jsonl,classic-random-8x8,classic,random-start,8x8,tf:105,tf:102,true,p1,accepted,,636602058,636603967806176,2
tf_policy_elo_616bc2f2_phase7_d3d6_2026-08-20,classic-random-8x8_g105_vs_g102.jsonl,classic-random-8x8,classic,random-start,8x8,tf:102,tf:105,false,p1,accepted,,636602058,636603967806177,3
tf_policy_elo_616bc2f2_phase7_d3d6_2026-08-20,classic-random-8x8_g105_vs_g102.jsonl,classic-random-8x8,classic,random-start,8x8,tf:105,tf:102,true,p2,accepted,,636602058,636603967806178,4
tf_policy_elo_616bc2f2_phase7_d3d6_2026-08-20,classic-random-8x8_g105_vs_g102.jsonl,classic-random-8x8,classic,random-start,8x8,tf:102,tf:105,false,p1,accepted,,636602058,636603967806179,5
tf_policy_elo_616bc2f2_phase7_d3d6_2026-08-20,classic-random-8x8_g105_vs_g102.jsonl,classic-random-8x8,classic,random-start,8x8,tf:105,tf:102,true,p1,accepted,,636602058,636603967806180,6
tf_policy_elo_616bc2f2_phase7_d3d6_2026-08-20,classic-random-8x8_g105_vs_g102.jsonl,classic-random-8x8,classic,random-start,8x8,tf:102,tf:105,false,p1,accepted,,636602058,636603967806181,7
tf_policy_elo_616bc2f2_phase7_d3d6_2026-08-20,classic-random-8x8_g105_vs_g102.jsonl,classic-random-8x8,classic,random-start,8x8,tf:105,tf:102,true,p1,accepted,,636602058,636603967806182,8
tf_policy_elo_616bc2f2_phase7_d3d6_2026-08-20,classic-random-8x8_g105_vs_g102.jsonl,classic-random-8x8,classic,random-start,8x8,tf:102,tf:105,false,p2,accepted,,636602058,636603967806183,9
tf_policy_elo_616bc2f2_phase7_d3d6_2026-08-20,classic-random-8x8_g105_vs_g102.jsonl,classic-random-8x8,classic,random-start,8x8,tf:105,tf:102,true,p2,accepted,,636602058,636603967806184,10
tf_policy_elo_616bc2f2_phase7_d3d6_2026-08-20,classic-random-8x8_g105_vs_g102.jsonl,classic-random-8x8,classic,random-start,8x8,tf:102,tf:105,false,p1,accepted,,636602058,636603967806185,11
tf_policy_elo_616bc2f2_phase7_d3d6_2026-08-20,classic-random-8x8_g105_vs_g99.jsonl,classic-random-8x8,classic,random-start,8x8,tf:105,tf:99,true,p1,accepted,,636599058,636600967797174,0
tf_policy_elo_616bc2f2_phase7_d3d6_2026-08-20,classic-random-8x8_g105_vs_g99.jsonl,classic-random-8x8,classic,random-start,8x8,tf:99,tf:105,false,p1,accepted,,636599058,636600967797175,1
tf_policy_elo_616bc2f2_phase7_d3d6_2026-08-20,classic-random-8x8_g105_vs_g99.jsonl,classic-random-8x8,classic,random-start,8x8,tf:105,tf:99,true,p1,accepted,,636599058,636600967797176,2
tf_policy_elo_616bc2f2_phase7_d3d6_2026-08-20,classic-random-8x8_g105_vs_g99.jsonl,classic-random-8x8,classic,random-start,8x8,tf:99,tf:105,false,p2,accepted,,636599058,636600967797177,3
tf_policy_elo_616bc2f2_phase7_d3d6_2026-08-20,classic-random-8x8_g105_vs_g99.jsonl,classic-random-8x8,classic,random-start,8x8,tf:105,tf:99,true,p1,accepted,,636599058,636600967797178,4
tf_policy_elo_616bc2f2_phase7_d3d6_2026-08-20,classic-random-8x8_g105_vs_g99.jsonl,classic-random-8x8,classic,random-start,8x8,tf:99,tf:105,false,p2,accepted,,636599058,636600967797179,5
tf_policy_elo_616bc2f2_phase7_d3d6_2026-08-20,classic-random-8x8_g105_vs_g99.jsonl,classic-random-8x8,classic,random-start,8x8,tf:105,tf:99,true,p1,accepted,,636599058,636600967797180,6
tf_policy_elo_616bc2f2_phase7_d3d6_2026-08-20,classic-random-8x8_g105_vs_g99.jsonl,classic-random-8x8,classic,random-start,8x8,tf:99,tf:105,false,p1,accepted,,636599058,636600967797181,7
tf_policy_elo_616bc2f2_phase7_d3d6_2026-08-20,classic-random-8x8_g105_vs_g99.jsonl,classic-random-8x8,classic,random-start,8x8,tf:105,tf:99,true,p1,accepted,,636599058,636600967797182,8
tf_policy_elo_616bc2f2_phase7_d3d6_2026-08-20,classic-random-8x8_g105_vs_g99.jsonl,classic-random-8x8,classic,random-start,8x8,tf:99,tf:105,false,p1,accepted,,636599058,636600967797183,9
tf_policy_elo_616bc2f2_phase7_d3d6_2026-08-20,classic-random-8x8_g105_vs_g99.jsonl,classic-random-8x8,classic,random-start,8x8,tf:105,tf:99,true,p1,accepted,,636599058,636600967797184,10
tf_policy_elo_616bc2f2_phase7_d3d6_2026-08-20,classic-random-8x8_g105_vs_g99.jsonl,classic-random-8x8,classic,random-start,8x8,tf:99,tf:105,false,p1,accepted,,636599058,636600967797185,11
tf_policy_elo_616bc2f2_phase7_d3d6_2026-08-20,classic-random-8x8_g106_vs_g100.jsonl,classic-random-8x8,classic,random-start,8x8,tf:106,tf:100,true,p1,accepted,,636700058,636701968100174,0
tf_policy_elo_616bc2f2_phase7_d3d6_2026-08-20,classic-random-8x8_g106_vs_g100.jsonl,classic-random-8x8,classic,random-start,8x8,tf:100,tf:106,false,p1,accepted,,636700058,636701968100175,1
tf_policy_elo_616bc2f2_phase7_d3d6_2026-08-20,classic-random-8x8_g106_vs_g100.jsonl,classic-random-8x8,classic,random-start,8x8,tf:106,tf:100,true,p1,accepted,,636700058,636701968100176,2
tf_policy_elo_616bc2f2_phase7_d3d6_2026-08-20,classic-random-8x8_g106_vs_g100.jsonl,classic-random-8x8,classic,random-start,8x8,tf:100,tf:106,false,p2,accepted,,636700058,636701968100177,3
tf_policy_elo_616bc2f2_phase7_d3d6_2026-08-20,classic-random-8x8_g106_vs_g100.jsonl,classic-random-8x8,classic,random-start,8x8,tf:106,tf:100,true,p1,accepted,,636700058,636701968100178,4
tf_policy_elo_616bc2f2_phase7_d3d6_2026-08-20,classic-random-8x8_g106_vs_g100.jsonl,classic-random-8x8,classic,random-start,8x8,tf:100,tf:106,false,p1,accepted,,636700058,636701968100179,5
tf_policy_elo_616bc2f2_phase7_d3d6_2026-08-20,classic-random-8x8_g106_vs_g100.jsonl,classic-random-8x8,classic,random-start,8x8,tf:106,tf:100,true,p2,accepted,,636700058,636701968100180,6
tf_policy_elo_616bc2f2_phase7_d3d6_2026-08-20,classic-random-8x8_g106_vs_g100.jsonl,classic-random-8x8,classic,random-start,8x8,tf:100,tf:106,false,p1,accepted,,636700058,636701968100181,7
tf_policy_elo_616bc2f2_phase7_d3d6_2026-08-20,classic-random-8x8_g106_vs_g100.jsonl,classic-random-8x8,classic,random-start,8x8,tf:106,tf:100,true,p1,accepted,,636700058,636701968100182,8
tf_policy_elo_616bc2f2_phase7_d3d6_2026-08-20,classic-random-8x8_g106_vs_g100.jsonl,classic-random-8x8,classic,random-start,8x8,tf:100,tf:106,false,p1,accepted,,636700058,636701968100183,9
tf_policy_elo_616bc2f2_phase7_d3d6_2026-08-20,classic-random-8x8_g106_vs_g100.jsonl,classic-random-8x8,classic,random-start,8x8,tf:106,tf:100,true,p2,accepted,,636700058,636701968100184,10
tf_policy_elo_616bc2f2_phase7_d3d6_2026-08-20,classic-random-8x8_g106_vs_g100.jsonl,classic-random-8x8,classic,random-start,8x8,tf:100,tf:106,false,p2,accepted,,636700058,636701968100185,11
tf_policy_elo_616bc2f2_phase7_d3d6_2026-08-20,classic-random-8x8_g106_vs_g103.jsonl,classic-random-8x8,classic,random-start,8x8,tf:106,tf:103,true,p1,accepted,,636703058,636704968109174,0
tf_policy_elo_616bc2f2_phase7_d3d6_2026-08-20,classic-random-8x8_g106_vs_g103.jsonl,classic-random-8x8,classic,random-start,8x8,tf:103,tf:106,false,p1,accepted,,636703058,636704968109175,1
tf_policy_elo_616bc2f2_phase7_d3d6_2026-08-20,classic-random-8x8_g106_vs_g103.jsonl,classic-random-8x8,classic,random-start,8x8,tf:106,tf:103,true,p2,accepted,,636703058,636704968109176,2
tf_policy_elo_616bc2f2_phase7_d3d6_2026-08-20,classic-random-8x8_g106_vs_g103.jsonl,classic-random-8x8,classic,random-start,8x8,tf:103,tf:106,false,p2,accepted,,636703058,636704968109177,3
tf_policy_elo_616bc2f2_phase7_d3d6_2026-08-20,classic-random-8x8_g106_vs_g103.jsonl,classic-random-8x8,classic,random-start,8x8,tf:106,tf:103,true,p2,accepted,,636703058,636704968109178,4
tf_policy_elo_616bc2f2_phase7_d3d6_2026-08-20,classic-random-8x8_g106_vs_g103.jsonl,classic-random-8x8,classic,random-start,8x8,tf:103,tf:106,false,p1,accepted,,636703058,636704968109179,5
tf_policy_elo_616bc2f2_phase7_d3d6_2026-08-20,classic-random-8x8_g106_vs_g103.jsonl,classic-random-8x8,classic,random-start,8x8,tf:106,tf:103,true,p2,accepted,,636703058,636704968109180,6
tf_policy_elo_616bc2f2_phase7_d3d6_2026-08-20,classic-random-8x8_g106_vs_g103.jsonl,classic-random-8x8,classic,random-start,8x8,tf:103,tf:106,false,p1,accepted,,636703058,636704968109181,7
tf_policy_elo_616bc2f2_phase7_d3d6_2026-08-20,classic-random-8x8_g106_vs_g103.jsonl,classic-random-8x8,classic,random-start,8x8,tf:106,tf:103,true,p2,accepted,,636703058,636704968109182,8
tf_policy_elo_616bc2f2_phase7_d3d6_2026-08-20,classic-random-8x8_g106_vs_g103.jsonl,classic-random-8x8,classic,random-start,8x8,tf:103,tf:106,false,p1,accepted,,636703058,636704968109183,9
tf_policy_elo_616bc2f2_phase7_d3d6_2026-08-20,classic-random-8x8_g106_vs_g103.jsonl,classic-random-8x8,classic,random-start,8x8,tf:106,tf:103,true,p2,accepted,,636703058,636704968109184,10
tf_policy_elo_616bc2f2_phase7_d3d6_2026-08-20,classic-random-8x8_g106_vs_g103.jsonl,classic-random-8x8,classic,random-start,8x8,tf:103,tf:106,false,p2,accepted,,636703058,636704968109185,11
tf_policy_elo_616bc2f2_phase7_d3d6_2026-08-20,classic-random-8x8_g107_vs_g101.jsonl,classic-random-8x8,classic,random-start,8x8,tf:107,tf:101,true,p1,accepted,,636801058,636802968403174,0
tf_policy_elo_616bc2f2_phase7_d3d6_2026-08-20,classic-random-8x8_g107_vs_g101.jsonl,classic-random-8x8,classic,random-start,8x8,tf:101,tf:107,false,p1,accepted,,636801058,636802968403175,1
tf_policy_elo_616bc2f2_phase7_d3d6_2026-08-20,classic-random-8x8_g107_vs_g101.jsonl,classic-random-8x8,classic,random-start,8x8,tf:107,tf:101,true,p2,accepted,,636801058,636802968403176,2
tf_policy_elo_616bc2f2_phase7_d3d6_2026-08-20,classic-random-8x8_g107_vs_g101.jsonl,classic-random-8x8,classic,random-start,8x8,tf:101,tf:107,false,p1,accepted,,636801058,636802968403177,3
tf_policy_elo_616bc2f2_phase7_d3d6_2026-08-20,classic-random-8x8_g107_vs_g101.jsonl,classic-random-8x8,classic,random-start,8x8,tf:107,tf:101,true,p1,accepted,,636801058,636802968403178,4
tf_policy_elo_616bc2f2_phase7_d3d6_2026-08-20,classic-random-8x8_g107_vs_g101.jsonl,classic-random-8x8,classic,random-start,8x8,tf:101,tf:107,false,p2,accepted,,636801058,636802968403179,5
tf_policy_elo_616bc2f2_phase7_d3d6_2026-08-20,classic-random-8x8_g107_vs_g101.jsonl,classic-random-8x8,classic,random-start,8x8,tf:107,tf:101,true,p1,accepted,,636801058,636802968403180,6
tf_policy_elo_616bc2f2_phase7_d3d6_2026-08-20,classic-random-8x8_g107_vs_g101.jsonl,classic-random-8x8,classic,random-start,8x8,tf:101,tf:107,false,p2,accepted,,636801058,636802968403181,7
tf_policy_elo_616bc2f2_phase7_d3d6_2026-08-20,classic-random-8x8_g107_vs_g101.jsonl,classic-random-8x8,classic,random-start,8x8,tf:107,tf:101,true,p2,accepted,,636801058,636802968403182,8
tf_policy_elo_616bc2f2_phase7_d3d6_2026-08-20,classic-random-8x8_g107_vs_g101.jsonl,classic-random-8x8,classic,random-start,8x8,tf:101,tf:107,false,p1,accepted,,636801058,636802968403183,9
tf_policy_elo_616bc2f2_phase7_d3d6_2026-08-20,classic-random-8x8_g107_vs_g101.jsonl,classic-random-8x8,classic,random-start,8x8,tf:107,tf:101,true,p1,accepted,,636801058,636802968403184,10
tf_policy_elo_616bc2f2_phase7_d3d6_2026-08-20,classic-random-8x8_g107_vs_g101.jsonl,classic-random-8x8,classic,random-start,8x8,tf:101,tf:107,false,p1,accepted,,636801058,636802968403185,11
tf_policy_elo_616bc2f2_phase7_d3d6_2026-08-20,classic-random-8x8_g107_vs_g104.jsonl,classic-random-8x8,classic,random-start,8x8,tf:107,tf:104,true,p2,accepted,,636804058,636805968412174,0
tf_policy_elo_616bc2f2_phase7_d3d6_2026-08-20,classic-random-8x8_g107_vs_g104.jsonl,classic-random-8x8,classic,random-start,8x8,tf:104,tf:107,false,p1,accepted,,636804058,636805968412175,1
tf_policy_elo_616bc2f2_phase7_d3d6_2026-08-20,classic-random-8x8_g107_vs_g104.jsonl,classic-random-8x8,classic,random-start,8x8,tf:107,tf:104,true,p1,accepted,,636804058,636805968412176,2
tf_policy_elo_616bc2f2_phase7_d3d6_2026-08-20,classic-random-8x8_g107_vs_g104.jsonl,classic-random-8x8,classic,random-start,8x8,tf:104,tf:107,false,p1,accepted,,636804058,636805968412177,3
tf_policy_elo_616bc2f2_phase7_d3d6_2026-08-20,classic-random-8x8_g107_vs_g104.jsonl,classic-random-8x8,classic,random-start,8x8,tf:107,tf:104,true,p1,accepted,,636804058,636805968412178,4
tf_policy_elo_616bc2f2_phase7_d3d6_2026-08-20,classic-random-8x8_g107_vs_g104.jsonl,classic-random-8x8,classic,random-start,8x8,tf:104,tf:107,false,p1,accepted,,636804058,636805968412179,5
tf_policy_elo_616bc2f2_phase7_d3d6_2026-08-20,classic-random-8x8_g107_vs_g104.jsonl,classic-random-8x8,classic,random-start,8x8,tf:107,tf:104,true,p1,accepted,,636804058,636805968412180,6
tf_policy_elo_616bc2f2_phase7_d3d6_2026-08-20,classic-random-8x8_g107_vs_g104.jsonl,classic-random-8x8,classic,random-start,8x8,tf:104,tf:107,false,p2,accepted,,636804058,636805968412181,7
tf_policy_elo_616bc2f2_phase7_d3d6_2026-08-20,classic-random-8x8_g107_vs_g104.jsonl,classic-random-8x8,classic,random-start,8x8,tf:107,tf:104,true,p1,accepted,,636804058,636805968412182,8
tf_policy_elo_616bc2f2_phase7_d3d6_2026-08-20,classic-random-8x8_g107_vs_g104.jsonl,classic-random-8x8,classic,random-start,8x8,tf:104,tf:107,false,p1,accepted,,636804058,636805968412183,9
tf_policy_elo_616bc2f2_phase7_d3d6_2026-08-20,classic-random-8x8_g107_vs_g104.jsonl,classic-random-8x8,classic,random-start,8x8,tf:107,tf:104,true,p1,accepted,,636804058,636805968412184,10
tf_policy_elo_616bc2f2_phase7_d3d6_2026-08-20,classic-random-8x8_g107_vs_g104.jsonl,classic-random-8x8,classic,random-start,8x8,tf:104,tf:107,false,p1,accepted,,636804058,636805968412185,11
tf_policy_elo_616bc2f2_phase7_d3d6_2026-08-20,classic-random-8x8_g108_vs_g102.jsonl,classic-random-8x8,classic,random-start,8x8,tf:108,tf:102,true,p1,accepted,,636902058,636903968706174,0
tf_policy_elo_616bc2f2_phase7_d3d6_2026-08-20,classic-random-8x8_g108_vs_g102.jsonl,classic-random-8x8,classic,random-start,8x8,tf:102,tf:108,false,p2,accepted,,636902058,636903968706175,1
tf_policy_elo_616bc2f2_phase7_d3d6_2026-08-20,classic-random-8x8_g108_vs_g102.jsonl,classic-random-8x8,classic,random-start,8x8,tf:108,tf:102,true,p2,accepted,,636902058,636903968706176,2
tf_policy_elo_616bc2f2_phase7_d3d6_2026-08-20,classic-random-8x8_g108_vs_g102.jsonl,classic-random-8x8,classic,random-start,8x8,tf:102,tf:108,false,p1,accepted,,636902058,636903968706177,3
tf_policy_elo_616bc2f2_phase7_d3d6_2026-08-20,classic-random-8x8_g108_vs_g102.jsonl,classic-random-8x8,classic,random-start,8x8,tf:108,tf:102,true,p2,accepted,,636902058,636903968706178,4
tf_policy_elo_616bc2f2_phase7_d3d6_2026-08-20,classic-random-8x8_g108_vs_g102.jsonl,classic-random-8x8,classic,random-start,8x8,tf:102,tf:108,false,p2,accepted,,636902058,636903968706179,5
tf_policy_elo_616bc2f2_phase7_d3d6_2026-08-20,classic-random-8x8_g108_vs_g102.jsonl,classic-random-8x8,classic,random-start,8x8,tf:108,tf:102,true,p1,accepted,,636902058,636903968706180,6
tf_policy_elo_616bc2f2_phase7_d3d6_2026-08-20,classic-random-8x8_g108_vs_g102.jsonl,classic-random-8x8,classic,random-start,8x8,tf:102,tf:108,false,p1,accepted,,636902058,636903968706181,7
tf_policy_elo_616bc2f2_phase7_d3d6_2026-08-20,classic-random-8x8_g108_vs_g102.jsonl,classic-random-8x8,classic,random-start,8x8,tf:108,tf:102,true,p2,accepted,,636902058,636903968706182,8
tf_policy_elo_616bc2f2_phase7_d3d6_2026-08-20,classic-random-8x8_g108_vs_g102.jsonl,classic-random-8x8,classic,random-start,8x8,tf:102,tf:108,false,p1,accepted,,636902058,636903968706183,9
tf_policy_elo_616bc2f2_phase7_d3d6_2026-08-20,classic-random-8x8_g108_vs_g102.jsonl,classic-random-8x8,classic,random-start,8x8,tf:108,tf:102,true,p1,accepted,,636902058,636903968706184,10
tf_policy_elo_616bc2f2_phase7_d3d6_2026-08-20,classic-random-8x8_g108_vs_g102.jsonl,classic-random-8x8,classic,random-start,8x8,tf:102,tf:108,false,p2,accepted,,636902058,636903968706185,11
tf_policy_elo_616bc2f2_phase7_d3d6_2026-08-20,classic-random-8x8_g108_vs_g105.jsonl,classic-random-8x8,classic,random-start,8x8,tf:108,tf:105,true,p1,accepted,,636905058,636906968715174,0
tf_policy_elo_616bc2f2_phase7_d3d6_2026-08-20,classic-random-8x8_g108_vs_g105.jsonl,classic-random-8x8,classic,random-start,8x8,tf:105,tf:108,false,p1,accepted,,636905058,636906968715175,1
tf_policy_elo_616bc2f2_phase7_d3d6_2026-08-20,classic-random-8x8_g108_vs_g105.jsonl,classic-random-8x8,classic,random-start,8x8,tf:108,tf:105,true,p1,accepted,,636905058,636906968715176,2
tf_policy_elo_616bc2f2_phase7_d3d6_2026-08-20,classic-random-8x8_g108_vs_g105.jsonl,classic-random-8x8,classic,random-start,8x8,tf:105,tf:108,false,p1,accepted,,636905058,636906968715177,3
tf_policy_elo_616bc2f2_phase7_d3d6_2026-08-20,classic-random-8x8_g108_vs_g105.jsonl,classic-random-8x8,classic,random-start,8x8,tf:108,tf:105,true,p2,accepted,,636905058,636906968715178,4
tf_policy_elo_616bc2f2_phase7_d3d6_2026-08-20,classic-random-8x8_g108_vs_g105.jsonl,classic-random-8x8,classic,random-start,8x8,tf:105,tf:108,false,p2,accepted,,636905058,636906968715179,5
tf_policy_elo_616bc2f2_phase7_d3d6_2026-08-20,classic-random-8x8_g108_vs_g105.jsonl,classic-random-8x8,classic,random-start,8x8,tf:108,tf:105,true,p1,accepted,,636905058,636906968715180,6
tf_policy_elo_616bc2f2_phase7_d3d6_2026-08-20,classic-random-8x8_g108_vs_g105.jsonl,classic-random-8x8,classic,random-start,8x8,tf:105,tf:108,false,p2,accepted,,636905058,636906968715181,7
tf_policy_elo_616bc2f2_phase7_d3d6_2026-08-20,classic-random-8x8_g108_vs_g105.jsonl,classic-random-8x8,classic,random-start,8x8,tf:108,tf:105,true,p1,accepted,,636905058,636906968715182,8
tf_policy_elo_616bc2f2_phase7_d3d6_2026-08-20,classic-random-8x8_g108_vs_g105.jsonl,classic-random-8x8,classic,random-start,8x8,tf:105,tf:108,false,p1,accepted,,636905058,636906968715183,9
tf_policy_elo_616bc2f2_phase7_d3d6_2026-08-20,classic-random-8x8_g108_vs_g105.jsonl,classic-random-8x8,classic,random-start,8x8,tf:108,tf:105,true,p2,accepted,,636905058,636906968715184,10
tf_policy_elo_616bc2f2_phase7_d3d6_2026-08-20,classic-random-8x8_g108_vs_g105.jsonl,classic-random-8x8,classic,random-start,8x8,tf:105,tf:108,false,p2,accepted,,636905058,636906968715185,11
tf_policy_elo_616bc2f2_phase7_d3d6_2026-08-20,classic-random-8x8_g109_vs_g103.jsonl,classic-random-8x8,classic,random-start,8x8,tf:109,tf:103,true,p2,accepted,,637003058,637004969009174,0
tf_policy_elo_616bc2f2_phase7_d3d6_2026-08-20,classic-random-8x8_g109_vs_g103.jsonl,classic-random-8x8,classic,random-start,8x8,tf:103,tf:109,false,p1,accepted,,637003058,637004969009175,1
tf_policy_elo_616bc2f2_phase7_d3d6_2026-08-20,classic-random-8x8_g109_vs_g103.jsonl,classic-random-8x8,classic,random-start,8x8,tf:109,tf:103,true,p2,accepted,,637003058,637004969009176,2
tf_policy_elo_616bc2f2_phase7_d3d6_2026-08-20,classic-random-8x8_g109_vs_g103.jsonl,classic-random-8x8,classic,random-start,8x8,tf:103,tf:109,false,p2,accepted,,637003058,637004969009177,3
tf_policy_elo_616bc2f2_phase7_d3d6_2026-08-20,classic-random-8x8_g109_vs_g103.jsonl,classic-random-8x8,classic,random-start,8x8,tf:109,tf:103,true,p1,accepted,,637003058,637004969009178,4
tf_policy_elo_616bc2f2_phase7_d3d6_2026-08-20,classic-random-8x8_g109_vs_g103.jsonl,classic-random-8x8,classic,random-start,8x8,tf:103,tf:109,false,p1,accepted,,637003058,637004969009179,5
tf_policy_elo_616bc2f2_phase7_d3d6_2026-08-20,classic-random-8x8_g109_vs_g103.jsonl,classic-random-8x8,classic,random-start,8x8,tf:109,tf:103,true,p2,accepted,,637003058,637004969009180,6
tf_policy_elo_616bc2f2_phase7_d3d6_2026-08-20,classic-random-8x8_g109_vs_g103.jsonl,classic-random-8x8,classic,random-start,8x8,tf:103,tf:109,false,p2,accepted,,637003058,637004969009181,7
tf_policy_elo_616bc2f2_phase7_d3d6_2026-08-20,classic-random-8x8_g109_vs_g103.jsonl,classic-random-8x8,classic,random-start,8x8,tf:109,tf:103,true,p1,accepted,,637003058,637004969009182,8
tf_policy_elo_616bc2f2_phase7_d3d6_2026-08-20,classic-random-8x8_g109_vs_g103.jsonl,classic-random-8x8,classic,random-start,8x8,tf:103,tf:109,false,p1,accepted,,637003058,637004969009183,9
tf_policy_elo_616bc2f2_phase7_d3d6_2026-08-20,classic-random-8x8_g109_vs_g103.jsonl,classic-random-8x8,classic,random-start,8x8,tf:109,tf:103,true,p1,accepted,,637003058,637004969009184,10
tf_policy_elo_616bc2f2_phase7_d3d6_2026-08-20,classic-random-8x8_g109_vs_g103.jsonl,classic-random-8x8,classic,random-start,8x8,tf:103,tf:109,false,p2,accepted,,637003058,637004969009185,11
tf_policy_elo_616bc2f2_phase7_d3d6_2026-08-20,classic-random-8x8_g109_vs_g106.jsonl,classic-random-8x8,classic,random-start,8x8,tf:109,tf:106,true,p1,accepted,,637006058,637007969018174,0
tf_policy_elo_616bc2f2_phase7_d3d6_2026-08-20,classic-random-8x8_g109_vs_g106.jsonl,classic-random-8x8,classic,random-start,8x8,tf:106,tf:109,false,p1,accepted,,637006058,637007969018175,1
tf_policy_elo_616bc2f2_phase7_d3d6_2026-08-20,classic-random-8x8_g109_vs_g106.jsonl,classic-random-8x8,classic,random-start,8x8,tf:109,tf:106,true,p2,accepted,,637006058,637007969018176,2
tf_policy_elo_616bc2f2_phase7_d3d6_2026-08-20,classic-random-8x8_g109_vs_g106.jsonl,classic-random-8x8,classic,random-start,8x8,tf:106,tf:109,false,p2,accepted,,637006058,637007969018177,3
tf_policy_elo_616bc2f2_phase7_d3d6_2026-08-20,classic-random-8x8_g109_vs_g106.jsonl,classic-random-8x8,classic,random-start,8x8,tf:109,tf:106,true,p1,accepted,,637006058,637007969018178,4
tf_policy_elo_616bc2f2_phase7_d3d6_2026-08-20,classic-random-8x8_g109_vs_g106.jsonl,classic-random-8x8,classic,random-start,8x8,tf:106,tf:109,false,p2,accepted,,637006058,637007969018179,5
tf_policy_elo_616bc2f2_phase7_d3d6_2026-08-20,classic-random-8x8_g109_vs_g106.jsonl,classic-random-8x8,classic,random-start,8x8,tf:109,tf:106,true,p1,accepted,,637006058,637007969018180,6
tf_policy_elo_616bc2f2_phase7_d3d6_2026-08-20,classic-random-8x8_g109_vs_g106.jsonl,classic-random-8x8,classic,random-start,8x8,tf:106,tf:109,false,p1,accepted,,637006058,637007969018181,7
tf_policy_elo_616bc2f2_phase7_d3d6_2026-08-20,classic-random-8x8_g109_vs_g106.jsonl,classic-random-8x8,classic,random-start,8x8,tf:109,tf:106,true,p1,accepted,,637006058,637007969018182,8
tf_policy_elo_616bc2f2_phase7_d3d6_2026-08-20,classic-random-8x8_g109_vs_g106.jsonl,classic-random-8x8,classic,random-start,8x8,tf:106,tf:109,false,p1,accepted,,637006058,637007969018183,9
tf_policy_elo_616bc2f2_phase7_d3d6_2026-08-20,classic-random-8x8_g109_vs_g106.jsonl,classic-random-8x8,classic,random-start,8x8,tf:109,tf:106,true,p1,accepted,,637006058,637007969018184,10
tf_policy_elo_616bc2f2_phase7_d3d6_2026-08-20,classic-random-8x8_g109_vs_g106.jsonl,classic-random-8x8,classic,random-start,8x8,tf:106,tf:109,false,p1,accepted,,637006058,637007969018185,11
tf_policy_elo_616bc2f2_phase7_d3d6_2026-08-20,classic-random-8x8_g110_vs_g104.jsonl,classic-random-8x8,classic,random-start,8x8,tf:110,tf:104,true,p1,accepted,,637104058,637105969312174,0
tf_policy_elo_616bc2f2_phase7_d3d6_2026-08-20,classic-random-8x8_g110_vs_g104.jsonl,classic-random-8x8,classic,random-start,8x8,tf:104,tf:110,false,p2,accepted,,637104058,637105969312175,1
tf_policy_elo_616bc2f2_phase7_d3d6_2026-08-20,classic-random-8x8_g110_vs_g104.jsonl,classic-random-8x8,classic,random-start,8x8,tf:110,tf:104,true,p2,accepted,,637104058,637105969312176,2
tf_policy_elo_616bc2f2_phase7_d3d6_2026-08-20,classic-random-8x8_g110_vs_g104.jsonl,classic-random-8x8,classic,random-start,8x8,tf:104,tf:110,false,p1,accepted,,637104058,637105969312177,3
tf_policy_elo_616bc2f2_phase7_d3d6_2026-08-20,classic-random-8x8_g110_vs_g104.jsonl,classic-random-8x8,classic,random-start,8x8,tf:110,tf:104,true,p2,accepted,,637104058,637105969312178,4
tf_policy_elo_616bc2f2_phase7_d3d6_2026-08-20,classic-random-8x8_g110_vs_g104.jsonl,classic-random-8x8,classic,random-start,8x8,tf:104,tf:110,false,p1,accepted,,637104058,637105969312179,5
tf_policy_elo_616bc2f2_phase7_d3d6_2026-08-20,classic-random-8x8_g110_vs_g104.jsonl,classic-random-8x8,classic,random-start,8x8,tf:110,tf:104,true,p2,accepted,,637104058,637105969312180,6
tf_policy_elo_616bc2f2_phase7_d3d6_2026-08-20,classic-random-8x8_g110_vs_g104.jsonl,classic-random-8x8,classic,random-start,8x8,tf:104,tf:110,false,p1,accepted,,637104058,637105969312181,7
tf_policy_elo_616bc2f2_phase7_d3d6_2026-08-20,classic-random-8x8_g110_vs_g104.jsonl,classic-random-8x8,classic,random-start,8x8,tf:110,tf:104,true,p2,accepted,,637104058,637105969312182,8
tf_policy_elo_616bc2f2_phase7_d3d6_2026-08-20,classic-random-8x8_g110_vs_g104.jsonl,classic-random-8x8,classic,random-start,8x8,tf:104,tf:110,false,p1,accepted,,637104058,637105969312183,9
tf_policy_elo_616bc2f2_phase7_d3d6_2026-08-20,classic-random-8x8_g110_vs_g104.jsonl,classic-random-8x8,classic,random-start,8x8,tf:110,tf:104,true,p1,accepted,,637104058,637105969312184,10
tf_policy_elo_616bc2f2_phase7_d3d6_2026-08-20,classic-random-8x8_g110_vs_g104.jsonl,classic-random-8x8,classic,random-start,8x8,tf:104,tf:110,false,p1,accepted,,637104058,637105969312185,11
tf_policy_elo_616bc2f2_phase7_d3d6_2026-08-20,classic-random-8x8_g110_vs_g107.jsonl,classic-random-8x8,classic,random-start,8x8,tf:110,tf:107,true,p1,accepted,,637107058,637108969321174,0
tf_policy_elo_616bc2f2_phase7_d3d6_2026-08-20,classic-random-8x8_g110_vs_g107.jsonl,classic-random-8x8,classic,random-start,8x8,tf:107,tf:110,false,p1,accepted,,637107058,637108969321175,1
tf_policy_elo_616bc2f2_phase7_d3d6_2026-08-20,classic-random-8x8_g110_vs_g107.jsonl,classic-random-8x8,classic,random-start,8x8,tf:110,tf:107,true,p2,accepted,,637107058,637108969321176,2
tf_policy_elo_616bc2f2_phase7_d3d6_2026-08-20,classic-random-8x8_g110_vs_g107.jsonl,classic-random-8x8,classic,random-start,8x8,tf:107,tf:110,false,p1,accepted,,637107058,637108969321177,3
tf_policy_elo_616bc2f2_phase7_d3d6_2026-08-20,classic-random-8x8_g110_vs_g107.jsonl,classic-random-8x8,classic,random-start,8x8,tf:110,tf:107,true,p1,accepted,,637107058,637108969321178,4
tf_policy_elo_616bc2f2_phase7_d3d6_2026-08-20,classic-random-8x8_g110_vs_g107.jsonl,classic-random-8x8,classic,random-start,8x8,tf:107,tf:110,false,p1,accepted,,637107058,637108969321179,5
tf_policy_elo_616bc2f2_phase7_d3d6_2026-08-20,classic-random-8x8_g110_vs_g107.jsonl,classic-random-8x8,classic,random-start,8x8,tf:110,tf:107,true,p2,accepted,,637107058,637108969321180,6
tf_policy_elo_616bc2f2_phase7_d3d6_2026-08-20,classic-random-8x8_g110_vs_g107.jsonl,classic-random-8x8,classic,random-start,8x8,tf:107,tf:110,false,p1,accepted,,637107058,637108969321181,7
tf_policy_elo_616bc2f2_phase7_d3d6_2026-08-20,classic-random-8x8_g110_vs_g107.jsonl,classic-random-8x8,classic,random-start,8x8,tf:110,tf:107,true,p1,accepted,,637107058,637108969321182,8
tf_policy_elo_616bc2f2_phase7_d3d6_2026-08-20,classic-random-8x8_g110_vs_g107.jsonl,classic-random-8x8,classic,random-start,8x8,tf:107,tf:110,false,p1,accepted,,637107058,637108969321183,9
tf_policy_elo_616bc2f2_phase7_d3d6_2026-08-20,classic-random-8x8_g110_vs_g107.jsonl,classic-random-8x8,classic,random-start,8x8,tf:110,tf:107,true,p1,accepted,,637107058,637108969321184,10
tf_policy_elo_616bc2f2_phase7_d3d6_2026-08-20,classic-random-8x8_g110_vs_g107.jsonl,classic-random-8x8,classic,random-start,8x8,tf:107,tf:110,false,p1,accepted,,637107058,637108969321185,11
tf_policy_elo_616bc2f2_phase7_d3d6_2026-08-20,classic-random-8x8_g111_vs_g105.jsonl,classic-random-8x8,classic,random-start,8x8,tf:111,tf:105,true,p2,accepted,,637205058,637206969615174,0
tf_policy_elo_616bc2f2_phase7_d3d6_2026-08-20,classic-random-8x8_g111_vs_g105.jsonl,classic-random-8x8,classic,random-start,8x8,tf:105,tf:111,false,p2,accepted,,637205058,637206969615175,1
tf_policy_elo_616bc2f2_phase7_d3d6_2026-08-20,classic-random-8x8_g111_vs_g105.jsonl,classic-random-8x8,classic,random-start,8x8,tf:111,tf:105,true,p1,accepted,,637205058,637206969615176,2
tf_policy_elo_616bc2f2_phase7_d3d6_2026-08-20,classic-random-8x8_g111_vs_g105.jsonl,classic-random-8x8,classic,random-start,8x8,tf:105,tf:111,false,p2,accepted,,637205058,637206969615177,3
tf_policy_elo_616bc2f2_phase7_d3d6_2026-08-20,classic-random-8x8_g111_vs_g105.jsonl,classic-random-8x8,classic,random-start,8x8,tf:111,tf:105,true,p1,accepted,,637205058,637206969615178,4
tf_policy_elo_616bc2f2_phase7_d3d6_2026-08-20,classic-random-8x8_g111_vs_g105.jsonl,classic-random-8x8,classic,random-start,8x8,tf:105,tf:111,false,p1,accepted,,637205058,637206969615179,5
tf_policy_elo_616bc2f2_phase7_d3d6_2026-08-20,classic-random-8x8_g111_vs_g105.jsonl,classic-random-8x8,classic,random-start,8x8,tf:111,tf:105,true,p1,accepted,,637205058,637206969615180,6
tf_policy_elo_616bc2f2_phase7_d3d6_2026-08-20,classic-random-8x8_g111_vs_g105.jsonl,classic-random-8x8,classic,random-start,8x8,tf:105,tf:111,false,p2,accepted,,637205058,637206969615181,7
tf_policy_elo_616bc2f2_phase7_d3d6_2026-08-20,classic-random-8x8_g111_vs_g105.jsonl,classic-random-8x8,classic,random-start,8x8,tf:111,tf:105,true,p1,accepted,,637205058,637206969615182,8
tf_policy_elo_616bc2f2_phase7_d3d6_2026-08-20,classic-random-8x8_g111_vs_g105.jsonl,classic-random-8x8,classic,random-start,8x8,tf:105,tf:111,false,p2,accepted,,637205058,637206969615183,9
tf_policy_elo_616bc2f2_phase7_d3d6_2026-08-20,classic-random-8x8_g111_vs_g105.jsonl,classic-random-8x8,classic,random-start,8x8,tf:111,tf:105,true,p2,accepted,,637205058,637206969615184,10
tf_policy_elo_616bc2f2_phase7_d3d6_2026-08-20,classic-random-8x8_g111_vs_g105.jsonl,classic-random-8x8,classic,random-start,8x8,tf:105,tf:111,false,p2,accepted,,637205058,637206969615185,11
tf_policy_elo_616bc2f2_phase7_d3d6_2026-08-20,classic-random-8x8_g111_vs_g108.jsonl,classic-random-8x8,classic,random-start,8x8,tf:111,tf:108,true,p1,accepted,,637208058,637209969624174,0
tf_policy_elo_616bc2f2_phase7_d3d6_2026-08-20,classic-random-8x8_g111_vs_g108.jsonl,classic-random-8x8,classic,random-start,8x8,tf:108,tf:111,false,p1,accepted,,637208058,637209969624175,1
tf_policy_elo_616bc2f2_phase7_d3d6_2026-08-20,classic-random-8x8_g111_vs_g108.jsonl,classic-random-8x8,classic,random-start,8x8,tf:111,tf:108,true,p2,accepted,,637208058,637209969624176,2
tf_policy_elo_616bc2f2_phase7_d3d6_2026-08-20,classic-random-8x8_g111_vs_g108.jsonl,classic-random-8x8,classic,random-start,8x8,tf:108,tf:111,false,p2,accepted,,637208058,637209969624177,3
tf_policy_elo_616bc2f2_phase7_d3d6_2026-08-20,classic-random-8x8_g111_vs_g108.jsonl,classic-random-8x8,classic,random-start,8x8,tf:111,tf:108,true,p1,accepted,,637208058,637209969624178,4
tf_policy_elo_616bc2f2_phase7_d3d6_2026-08-20,classic-random-8x8_g111_vs_g108.jsonl,classic-random-8x8,classic,random-start,8x8,tf:108,tf:111,false,p1,accepted,,637208058,637209969624179,5
tf_policy_elo_616bc2f2_phase7_d3d6_2026-08-20,classic-random-8x8_g111_vs_g108.jsonl,classic-random-8x8,classic,random-start,8x8,tf:111,tf:108,true,p1,accepted,,637208058,637209969624180,6
tf_policy_elo_616bc2f2_phase7_d3d6_2026-08-20,classic-random-8x8_g111_vs_g108.jsonl,classic-random-8x8,classic,random-start,8x8,tf:108,tf:111,false,p1,accepted,,637208058,637209969624181,7
tf_policy_elo_616bc2f2_phase7_d3d6_2026-08-20,classic-random-8x8_g111_vs_g108.jsonl,classic-random-8x8,classic,random-start,8x8,tf:111,tf:108,true,p1,accepted,,637208058,637209969624182,8
tf_policy_elo_616bc2f2_phase7_d3d6_2026-08-20,classic-random-8x8_g111_vs_g108.jsonl,classic-random-8x8,classic,random-start,8x8,tf:108,tf:111,false,p2,accepted,,637208058,637209969624183,9
tf_policy_elo_616bc2f2_phase7_d3d6_2026-08-20,classic-random-8x8_g111_vs_g108.jsonl,classic-random-8x8,classic,random-start,8x8,tf:111,tf:108,true,p1,accepted,,637208058,637209969624184,10
tf_policy_elo_616bc2f2_phase7_d3d6_2026-08-20,classic-random-8x8_g111_vs_g108.jsonl,classic-random-8x8,classic,random-start,8x8,tf:108,tf:111,false,p2,accepted,,637208058,637209969624185,11
tf_policy_elo_616bc2f2_phase7_d3d6_2026-08-20,classic-random-8x8_g112_vs_g106.jsonl,classic-random-8x8,classic,random-start,8x8,tf:112,tf:106,true,p1,accepted,,637306058,637307969918174,0
tf_policy_elo_616bc2f2_phase7_d3d6_2026-08-20,classic-random-8x8_g112_vs_g106.jsonl,classic-random-8x8,classic,random-start,8x8,tf:106,tf:112,false,p1,accepted,,637306058,637307969918175,1
tf_policy_elo_616bc2f2_phase7_d3d6_2026-08-20,classic-random-8x8_g112_vs_g106.jsonl,classic-random-8x8,classic,random-start,8x8,tf:112,tf:106,true,p2,accepted,,637306058,637307969918176,2
tf_policy_elo_616bc2f2_phase7_d3d6_2026-08-20,classic-random-8x8_g112_vs_g106.jsonl,classic-random-8x8,classic,random-start,8x8,tf:106,tf:112,false,p1,accepted,,637306058,637307969918177,3
tf_policy_elo_616bc2f2_phase7_d3d6_2026-08-20,classic-random-8x8_g112_vs_g106.jsonl,classic-random-8x8,classic,random-start,8x8,tf:112,tf:106,true,p1,accepted,,637306058,637307969918178,4
tf_policy_elo_616bc2f2_phase7_d3d6_2026-08-20,classic-random-8x8_g112_vs_g106.jsonl,classic-random-8x8,classic,random-start,8x8,tf:106,tf:112,false,p1,accepted,,637306058,637307969918179,5
tf_policy_elo_616bc2f2_phase7_d3d6_2026-08-20,classic-random-8x8_g112_vs_g106.jsonl,classic-random-8x8,classic,random-start,8x8,tf:112,tf:106,true,p2,accepted,,637306058,637307969918180,6
tf_policy_elo_616bc2f2_phase7_d3d6_2026-08-20,classic-random-8x8_g112_vs_g106.jsonl,classic-random-8x8,classic,random-start,8x8,tf:106,tf:112,false,p1,accepted,,637306058,637307969918181,7
tf_policy_elo_616bc2f2_phase7_d3d6_2026-08-20,classic-random-8x8_g112_vs_g106.jsonl,classic-random-8x8,classic,random-start,8x8,tf:112,tf:106,true,p2,accepted,,637306058,637307969918182,8
tf_policy_elo_616bc2f2_phase7_d3d6_2026-08-20,classic-random-8x8_g112_vs_g106.jsonl,classic-random-8x8,classic,random-start,8x8,tf:106,tf:112,false,p1,accepted,,637306058,637307969918183,9
tf_policy_elo_616bc2f2_phase7_d3d6_2026-08-20,classic-random-8x8_g112_vs_g106.jsonl,classic-random-8x8,classic,random-start,8x8,tf:112,tf:106,true,p1,accepted,,637306058,637307969918184,10
tf_policy_elo_616bc2f2_phase7_d3d6_2026-08-20,classic-random-8x8_g112_vs_g106.jsonl,classic-random-8x8,classic,random-start,8x8,tf:106,tf:112,false,p2,accepted,,637306058,637307969918185,11
tf_policy_elo_616bc2f2_phase7_d3d6_2026-08-20,classic-random-8x8_g112_vs_g109.jsonl,classic-random-8x8,classic,random-start,8x8,tf:112,tf:109,true,p1,accepted,,637309058,637310969927174,0
tf_policy_elo_616bc2f2_phase7_d3d6_2026-08-20,classic-random-8x8_g112_vs_g109.jsonl,classic-random-8x8,classic,random-start,8x8,tf:109,tf:112,false,p1,accepted,,637309058,637310969927175,1
tf_policy_elo_616bc2f2_phase7_d3d6_2026-08-20,classic-random-8x8_g112_vs_g109.jsonl,classic-random-8x8,classic,random-start,8x8,tf:112,tf:109,true,p1,accepted,,637309058,637310969927176,2
tf_policy_elo_616bc2f2_phase7_d3d6_2026-08-20,classic-random-8x8_g112_vs_g109.jsonl,classic-random-8x8,classic,random-start,8x8,tf:109,tf:112,false,p1,accepted,,637309058,637310969927177,3
tf_policy_elo_616bc2f2_phase7_d3d6_2026-08-20,classic-random-8x8_g112_vs_g109.jsonl,classic-random-8x8,classic,random-start,8x8,tf:112,tf:109,true,p1,accepted,,637309058,637310969927178,4
tf_policy_elo_616bc2f2_phase7_d3d6_2026-08-20,classic-random-8x8_g112_vs_g109.jsonl,classic-random-8x8,classic,random-start,8x8,tf:109,tf:112,false,p1,accepted,,637309058,637310969927179,5
tf_policy_elo_616bc2f2_phase7_d3d6_2026-08-20,classic-random-8x8_g112_vs_g109.jsonl,classic-random-8x8,classic,random-start,8x8,tf:112,tf:109,true,p1,accepted,,637309058,637310969927180,6
tf_policy_elo_616bc2f2_phase7_d3d6_2026-08-20,classic-random-8x8_g112_vs_g109.jsonl,classic-random-8x8,classic,random-start,8x8,tf:109,tf:112,false,p2,accepted,,637309058,637310969927181,7
tf_policy_elo_616bc2f2_phase7_d3d6_2026-08-20,classic-random-8x8_g112_vs_g109.jsonl,classic-random-8x8,classic,random-start,8x8,tf:112,tf:109,true,p1,accepted,,637309058,637310969927182,8
tf_policy_elo_616bc2f2_phase7_d3d6_2026-08-20,classic-random-8x8_g112_vs_g109.jsonl,classic-random-8x8,classic,random-start,8x8,tf:109,tf:112,false,p2,accepted,,637309058,637310969927183,9
tf_policy_elo_616bc2f2_phase7_d3d6_2026-08-20,classic-random-8x8_g112_vs_g109.jsonl,classic-random-8x8,classic,random-start,8x8,tf:112,tf:109,true,p1,accepted,,637309058,637310969927184,10
tf_policy_elo_616bc2f2_phase7_d3d6_2026-08-20,classic-random-8x8_g112_vs_g109.jsonl,classic-random-8x8,classic,random-start,8x8,tf:109,tf:112,false,p1,accepted,,637309058,637310969927185,11
tf_policy_elo_616bc2f2_phase7_d3d6_2026-08-20,classic-random-8x8_g113_vs_g107.jsonl,classic-random-8x8,classic,random-start,8x8,tf:113,tf:107,true,p1,accepted,,637407058,637408970221174,0
tf_policy_elo_616bc2f2_phase7_d3d6_2026-08-20,classic-random-8x8_g113_vs_g107.jsonl,classic-random-8x8,classic,random-start,8x8,tf:107,tf:113,false,p2,accepted,,637407058,637408970221175,1
tf_policy_elo_616bc2f2_phase7_d3d6_2026-08-20,classic-random-8x8_g113_vs_g107.jsonl,classic-random-8x8,classic,random-start,8x8,tf:113,tf:107,true,p1,accepted,,637407058,637408970221176,2
tf_policy_elo_616bc2f2_phase7_d3d6_2026-08-20,classic-random-8x8_g113_vs_g107.jsonl,classic-random-8x8,classic,random-start,8x8,tf:107,tf:113,false,p1,accepted,,637407058,637408970221177,3
tf_policy_elo_616bc2f2_phase7_d3d6_2026-08-20,classic-random-8x8_g113_vs_g107.jsonl,classic-random-8x8,classic,random-start,8x8,tf:113,tf:107,true,p2,accepted,,637407058,637408970221178,4
tf_policy_elo_616bc2f2_phase7_d3d6_2026-08-20,classic-random-8x8_g113_vs_g107.jsonl,classic-random-8x8,classic,random-start,8x8,tf:107,tf:113,false,p2,accepted,,637407058,637408970221179,5
tf_policy_elo_616bc2f2_phase7_d3d6_2026-08-20,classic-random-8x8_g113_vs_g107.jsonl,classic-random-8x8,classic,random-start,8x8,tf:113,tf:107,true,p1,accepted,,637407058,637408970221180,6
tf_policy_elo_616bc2f2_phase7_d3d6_2026-08-20,classic-random-8x8_g113_vs_g107.jsonl,classic-random-8x8,classic,random-start,8x8,tf:107,tf:113,false,p1,accepted,,637407058,637408970221181,7
tf_policy_elo_616bc2f2_phase7_d3d6_2026-08-20,classic-random-8x8_g113_vs_g107.jsonl,classic-random-8x8,classic,random-start,8x8,tf:113,tf:107,true,p1,accepted,,637407058,637408970221182,8
tf_policy_elo_616bc2f2_phase7_d3d6_2026-08-20,classic-random-8x8_g113_vs_g107.jsonl,classic-random-8x8,classic,random-start,8x8,tf:107,tf:113,false,p1,accepted,,637407058,637408970221183,9
tf_policy_elo_616bc2f2_phase7_d3d6_2026-08-20,classic-random-8x8_g113_vs_g107.jsonl,classic-random-8x8,classic,random-start,8x8,tf:113,tf:107,true,p1,accepted,,637407058,637408970221184,10
tf_policy_elo_616bc2f2_phase7_d3d6_2026-08-20,classic-random-8x8_g113_vs_g107.jsonl,classic-random-8x8,classic,random-start,8x8,tf:107,tf:113,false,p2,accepted,,637407058,637408970221185,11
tf_policy_elo_616bc2f2_phase7_d3d6_2026-08-20,classic-random-8x8_g113_vs_g110.jsonl,classic-random-8x8,classic,random-start,8x8,tf:113,tf:110,true,p2,accepted,,637410058,637411970230174,0
tf_policy_elo_616bc2f2_phase7_d3d6_2026-08-20,classic-random-8x8_g113_vs_g110.jsonl,classic-random-8x8,classic,random-start,8x8,tf:110,tf:113,false,p1,accepted,,637410058,637411970230175,1
tf_policy_elo_616bc2f2_phase7_d3d6_2026-08-20,classic-random-8x8_g113_vs_g110.jsonl,classic-random-8x8,classic,random-start,8x8,tf:113,tf:110,true,p2,accepted,,637410058,637411970230176,2
tf_policy_elo_616bc2f2_phase7_d3d6_2026-08-20,classic-random-8x8_g113_vs_g110.jsonl,classic-random-8x8,classic,random-start,8x8,tf:110,tf:113,false,p2,accepted,,637410058,637411970230177,3
tf_policy_elo_616bc2f2_phase7_d3d6_2026-08-20,classic-random-8x8_g113_vs_g110.jsonl,classic-random-8x8,classic,random-start,8x8,tf:113,tf:110,true,p1,accepted,,637410058,637411970230178,4
tf_policy_elo_616bc2f2_phase7_d3d6_2026-08-20,classic-random-8x8_g113_vs_g110.jsonl,classic-random-8x8,classic,random-start,8x8,tf:110,tf:113,false,p1,accepted,,637410058,637411970230179,5
tf_policy_elo_616bc2f2_phase7_d3d6_2026-08-20,classic-random-8x8_g113_vs_g110.jsonl,classic-random-8x8,classic,random-start,8x8,tf:113,tf:110,true,p2,accepted,,637410058,637411970230180,6
tf_policy_elo_616bc2f2_phase7_d3d6_2026-08-20,classic-random-8x8_g113_vs_g110.jsonl,classic-random-8x8,classic,random-start,8x8,tf:110,tf:113,false,,excluded,no-legal-move,637410058,637411970230181,7
tf_policy_elo_616bc2f2_phase7_d3d6_2026-08-20,classic-random-8x8_g113_vs_g110.jsonl,classic-random-8x8,classic,random-start,8x8,tf:113,tf:110,true,p1,accepted,,637410058,637411970230182,8
tf_policy_elo_616bc2f2_phase7_d3d6_2026-08-20,classic-random-8x8_g113_vs_g110.jsonl,classic-random-8x8,classic,random-start,8x8,tf:110,tf:113,false,p1,accepted,,637410058,637411970230183,9
tf_policy_elo_616bc2f2_phase7_d3d6_2026-08-20,classic-random-8x8_g113_vs_g110.jsonl,classic-random-8x8,classic,random-start,8x8,tf:113,tf:110,true,p1,accepted,,637410058,637411970230184,10
tf_policy_elo_616bc2f2_phase7_d3d6_2026-08-20,classic-random-8x8_g113_vs_g110.jsonl,classic-random-8x8,classic,random-start,8x8,tf:110,tf:113,false,p1,accepted,,637410058,637411970230185,11
tf_policy_elo_616bc2f2_phase7_d3d6_2026-08-20,classic-random-8x8_g114_vs_g108.jsonl,classic-random-8x8,classic,random-start,8x8,tf:114,tf:108,true,p1,accepted,,637508058,637509970524174,0
tf_policy_elo_616bc2f2_phase7_d3d6_2026-08-20,classic-random-8x8_g114_vs_g108.jsonl,classic-random-8x8,classic,random-start,8x8,tf:108,tf:114,false,p2,accepted,,637508058,637509970524175,1
tf_policy_elo_616bc2f2_phase7_d3d6_2026-08-20,classic-random-8x8_g114_vs_g108.jsonl,classic-random-8x8,classic,random-start,8x8,tf:114,tf:108,true,p2,accepted,,637508058,637509970524176,2
tf_policy_elo_616bc2f2_phase7_d3d6_2026-08-20,classic-random-8x8_g114_vs_g108.jsonl,classic-random-8x8,classic,random-start,8x8,tf:108,tf:114,false,p2,accepted,,637508058,637509970524177,3
tf_policy_elo_616bc2f2_phase7_d3d6_2026-08-20,classic-random-8x8_g114_vs_g108.jsonl,classic-random-8x8,classic,random-start,8x8,tf:114,tf:108,true,p1,accepted,,637508058,637509970524178,4
tf_policy_elo_616bc2f2_phase7_d3d6_2026-08-20,classic-random-8x8_g114_vs_g108.jsonl,classic-random-8x8,classic,random-start,8x8,tf:108,tf:114,false,p1,accepted,,637508058,637509970524179,5
tf_policy_elo_616bc2f2_phase7_d3d6_2026-08-20,classic-random-8x8_g114_vs_g108.jsonl,classic-random-8x8,classic,random-start,8x8,tf:114,tf:108,true,p1,accepted,,637508058,637509970524180,6
tf_policy_elo_616bc2f2_phase7_d3d6_2026-08-20,classic-random-8x8_g114_vs_g108.jsonl,classic-random-8x8,classic,random-start,8x8,tf:108,tf:114,false,p1,accepted,,637508058,637509970524181,7
tf_policy_elo_616bc2f2_phase7_d3d6_2026-08-20,classic-random-8x8_g114_vs_g108.jsonl,classic-random-8x8,classic,random-start,8x8,tf:114,tf:108,true,p1,accepted,,637508058,637509970524182,8
tf_policy_elo_616bc2f2_phase7_d3d6_2026-08-20,classic-random-8x8_g114_vs_g108.jsonl,classic-random-8x8,classic,random-start,8x8,tf:108,tf:114,false,p2,accepted,,637508058,637509970524183,9
tf_policy_elo_616bc2f2_phase7_d3d6_2026-08-20,classic-random-8x8_g114_vs_g108.jsonl,classic-random-8x8,classic,random-start,8x8,tf:114,tf:108,true,p2,accepted,,637508058,637509970524184,10
tf_policy_elo_616bc2f2_phase7_d3d6_2026-08-20,classic-random-8x8_g114_vs_g108.jsonl,classic-random-8x8,classic,random-start,8x8,tf:108,tf:114,false,p2,accepted,,637508058,637509970524185,11
tf_policy_elo_616bc2f2_phase7_d3d6_2026-08-20,classic-random-8x8_g114_vs_g111.jsonl,classic-random-8x8,classic,random-start,8x8,tf:114,tf:111,true,p2,accepted,,637511058,637512970533174,0
tf_policy_elo_616bc2f2_phase7_d3d6_2026-08-20,classic-random-8x8_g114_vs_g111.jsonl,classic-random-8x8,classic,random-start,8x8,tf:111,tf:114,false,p2,accepted,,637511058,637512970533175,1
tf_policy_elo_616bc2f2_phase7_d3d6_2026-08-20,classic-random-8x8_g114_vs_g111.jsonl,classic-random-8x8,classic,random-start,8x8,tf:114,tf:111,true,p1,accepted,,637511058,637512970533176,2
tf_policy_elo_616bc2f2_phase7_d3d6_2026-08-20,classic-random-8x8_g114_vs_g111.jsonl,classic-random-8x8,classic,random-start,8x8,tf:111,tf:114,false,p1,accepted,,637511058,637512970533177,3
tf_policy_elo_616bc2f2_phase7_d3d6_2026-08-20,classic-random-8x8_g114_vs_g111.jsonl,classic-random-8x8,classic,random-start,8x8,tf:114,tf:111,true,p1,accepted,,637511058,637512970533178,4
tf_policy_elo_616bc2f2_phase7_d3d6_2026-08-20,classic-random-8x8_g114_vs_g111.jsonl,classic-random-8x8,classic,random-start,8x8,tf:111,tf:114,false,p1,accepted,,637511058,637512970533179,5
tf_policy_elo_616bc2f2_phase7_d3d6_2026-08-20,classic-random-8x8_g114_vs_g111.jsonl,classic-random-8x8,classic,random-start,8x8,tf:114,tf:111,true,p1,accepted,,637511058,637512970533180,6
tf_policy_elo_616bc2f2_phase7_d3d6_2026-08-20,classic-random-8x8_g114_vs_g111.jsonl,classic-random-8x8,classic,random-start,8x8,tf:111,tf:114,false,p2,accepted,,637511058,637512970533181,7
tf_policy_elo_616bc2f2_phase7_d3d6_2026-08-20,classic-random-8x8_g114_vs_g111.jsonl,classic-random-8x8,classic,random-start,8x8,tf:114,tf:111,true,p2,accepted,,637511058,637512970533182,8
tf_policy_elo_616bc2f2_phase7_d3d6_2026-08-20,classic-random-8x8_g114_vs_g111.jsonl,classic-random-8x8,classic,random-start,8x8,tf:111,tf:114,false,p2,accepted,,637511058,637512970533183,9
tf_policy_elo_616bc2f2_phase7_d3d6_2026-08-20,classic-random-8x8_g114_vs_g111.jsonl,classic-random-8x8,classic,random-start,8x8,tf:114,tf:111,true,p2,accepted,,637511058,637512970533184,10
tf_policy_elo_616bc2f2_phase7_d3d6_2026-08-20,classic-random-8x8_g114_vs_g111.jsonl,classic-random-8x8,classic,random-start,8x8,tf:111,tf:114,false,p1,accepted,,637511058,637512970533185,11
tf_policy_elo_616bc2f2_phase7_d3d6_2026-08-20,classic-random-8x8_g115_vs_g109.jsonl,classic-random-8x8,classic,random-start,8x8,tf:115,tf:109,true,p1,accepted,,637609058,637610970827174,0
tf_policy_elo_616bc2f2_phase7_d3d6_2026-08-20,classic-random-8x8_g115_vs_g109.jsonl,classic-random-8x8,classic,random-start,8x8,tf:109,tf:115,false,p1,accepted,,637609058,637610970827175,1
tf_policy_elo_616bc2f2_phase7_d3d6_2026-08-20,classic-random-8x8_g115_vs_g109.jsonl,classic-random-8x8,classic,random-start,8x8,tf:115,tf:109,true,p1,accepted,,637609058,637610970827176,2
tf_policy_elo_616bc2f2_phase7_d3d6_2026-08-20,classic-random-8x8_g115_vs_g109.jsonl,classic-random-8x8,classic,random-start,8x8,tf:109,tf:115,false,p2,accepted,,637609058,637610970827177,3
tf_policy_elo_616bc2f2_phase7_d3d6_2026-08-20,classic-random-8x8_g115_vs_g109.jsonl,classic-random-8x8,classic,random-start,8x8,tf:115,tf:109,true,p1,accepted,,637609058,637610970827178,4
tf_policy_elo_616bc2f2_phase7_d3d6_2026-08-20,classic-random-8x8_g115_vs_g109.jsonl,classic-random-8x8,classic,random-start,8x8,tf:109,tf:115,false,p1,accepted,,637609058,637610970827179,5
tf_policy_elo_616bc2f2_phase7_d3d6_2026-08-20,classic-random-8x8_g115_vs_g109.jsonl,classic-random-8x8,classic,random-start,8x8,tf:115,tf:109,true,p1,accepted,,637609058,637610970827180,6
tf_policy_elo_616bc2f2_phase7_d3d6_2026-08-20,classic-random-8x8_g115_vs_g109.jsonl,classic-random-8x8,classic,random-start,8x8,tf:109,tf:115,false,p1,accepted,,637609058,637610970827181,7
tf_policy_elo_616bc2f2_phase7_d3d6_2026-08-20,classic-random-8x8_g115_vs_g109.jsonl,classic-random-8x8,classic,random-start,8x8,tf:115,tf:109,true,p2,accepted,,637609058,637610970827182,8
tf_policy_elo_616bc2f2_phase7_d3d6_2026-08-20,classic-random-8x8_g115_vs_g109.jsonl,classic-random-8x8,classic,random-start,8x8,tf:109,tf:115,false,p1,accepted,,637609058,637610970827183,9
tf_policy_elo_616bc2f2_phase7_d3d6_2026-08-20,classic-random-8x8_g115_vs_g109.jsonl,classic-random-8x8,classic,random-start,8x8,tf:115,tf:109,true,p1,accepted,,637609058,637610970827184,10
tf_policy_elo_616bc2f2_phase7_d3d6_2026-08-20,classic-random-8x8_g115_vs_g109.jsonl,classic-random-8x8,classic,random-start,8x8,tf:109,tf:115,false,p2,accepted,,637609058,637610970827185,11
tf_policy_elo_616bc2f2_phase7_d3d6_2026-08-20,classic-random-8x8_g115_vs_g112.jsonl,classic-random-8x8,classic,random-start,8x8,tf:115,tf:112,true,p1,accepted,,637612058,637613970836174,0
tf_policy_elo_616bc2f2_phase7_d3d6_2026-08-20,classic-random-8x8_g115_vs_g112.jsonl,classic-random-8x8,classic,random-start,8x8,tf:112,tf:115,false,p2,accepted,,637612058,637613970836175,1
tf_policy_elo_616bc2f2_phase7_d3d6_2026-08-20,classic-random-8x8_g115_vs_g112.jsonl,classic-random-8x8,classic,random-start,8x8,tf:115,tf:112,true,p1,accepted,,637612058,637613970836176,2
tf_policy_elo_616bc2f2_phase7_d3d6_2026-08-20,classic-random-8x8_g115_vs_g112.jsonl,classic-random-8x8,classic,random-start,8x8,tf:112,tf:115,false,p1,accepted,,637612058,637613970836177,3
tf_policy_elo_616bc2f2_phase7_d3d6_2026-08-20,classic-random-8x8_g115_vs_g112.jsonl,classic-random-8x8,classic,random-start,8x8,tf:115,tf:112,true,p1,accepted,,637612058,637613970836178,4
tf_policy_elo_616bc2f2_phase7_d3d6_2026-08-20,classic-random-8x8_g115_vs_g112.jsonl,classic-random-8x8,classic,random-start,8x8,tf:112,tf:115,false,p1,accepted,,637612058,637613970836179,5
tf_policy_elo_616bc2f2_phase7_d3d6_2026-08-20,classic-random-8x8_g115_vs_g112.jsonl,classic-random-8x8,classic,random-start,8x8,tf:115,tf:112,true,p1,accepted,,637612058,637613970836180,6
tf_policy_elo_616bc2f2_phase7_d3d6_2026-08-20,classic-random-8x8_g115_vs_g112.jsonl,classic-random-8x8,classic,random-start,8x8,tf:112,tf:115,false,p1,accepted,,637612058,637613970836181,7
tf_policy_elo_616bc2f2_phase7_d3d6_2026-08-20,classic-random-8x8_g115_vs_g112.jsonl,classic-random-8x8,classic,random-start,8x8,tf:115,tf:112,true,p1,accepted,,637612058,637613970836182,8
tf_policy_elo_616bc2f2_phase7_d3d6_2026-08-20,classic-random-8x8_g115_vs_g112.jsonl,classic-random-8x8,classic,random-start,8x8,tf:112,tf:115,false,p2,accepted,,637612058,637613970836183,9
tf_policy_elo_616bc2f2_phase7_d3d6_2026-08-20,classic-random-8x8_g115_vs_g112.jsonl,classic-random-8x8,classic,random-start,8x8,tf:115,tf:112,true,p1,accepted,,637612058,637613970836184,10
tf_policy_elo_616bc2f2_phase7_d3d6_2026-08-20,classic-random-8x8_g115_vs_g112.jsonl,classic-random-8x8,classic,random-start,8x8,tf:112,tf:115,false,p1,accepted,,637612058,637613970836185,11
tf_policy_elo_616bc2f2_phase7_d3d6_2026-08-20,classic-random-8x8_g116_vs_g110.jsonl,classic-random-8x8,classic,random-start,8x8,tf:116,tf:110,true,p1,accepted,,637710058,637711971130174,0
tf_policy_elo_616bc2f2_phase7_d3d6_2026-08-20,classic-random-8x8_g116_vs_g110.jsonl,classic-random-8x8,classic,random-start,8x8,tf:110,tf:116,false,p1,accepted,,637710058,637711971130175,1
tf_policy_elo_616bc2f2_phase7_d3d6_2026-08-20,classic-random-8x8_g116_vs_g110.jsonl,classic-random-8x8,classic,random-start,8x8,tf:116,tf:110,true,p1,accepted,,637710058,637711971130176,2
tf_policy_elo_616bc2f2_phase7_d3d6_2026-08-20,classic-random-8x8_g116_vs_g110.jsonl,classic-random-8x8,classic,random-start,8x8,tf:110,tf:116,false,p1,accepted,,637710058,637711971130177,3
tf_policy_elo_616bc2f2_phase7_d3d6_2026-08-20,classic-random-8x8_g116_vs_g110.jsonl,classic-random-8x8,classic,random-start,8x8,tf:116,tf:110,true,p2,accepted,,637710058,637711971130178,4
tf_policy_elo_616bc2f2_phase7_d3d6_2026-08-20,classic-random-8x8_g116_vs_g110.jsonl,classic-random-8x8,classic,random-start,8x8,tf:110,tf:116,false,p1,accepted,,637710058,637711971130179,5
tf_policy_elo_616bc2f2_phase7_d3d6_2026-08-20,classic-random-8x8_g116_vs_g110.jsonl,classic-random-8x8,classic,random-start,8x8,tf:116,tf:110,true,p1,accepted,,637710058,637711971130180,6
tf_policy_elo_616bc2f2_phase7_d3d6_2026-08-20,classic-random-8x8_g116_vs_g110.jsonl,classic-random-8x8,classic,random-start,8x8,tf:110,tf:116,false,p1,accepted,,637710058,637711971130181,7
tf_policy_elo_616bc2f2_phase7_d3d6_2026-08-20,classic-random-8x8_g116_vs_g110.jsonl,classic-random-8x8,classic,random-start,8x8,tf:116,tf:110,true,p2,accepted,,637710058,637711971130182,8
tf_policy_elo_616bc2f2_phase7_d3d6_2026-08-20,classic-random-8x8_g116_vs_g110.jsonl,classic-random-8x8,classic,random-start,8x8,tf:110,tf:116,false,p1,accepted,,637710058,637711971130183,9
tf_policy_elo_616bc2f2_phase7_d3d6_2026-08-20,classic-random-8x8_g116_vs_g110.jsonl,classic-random-8x8,classic,random-start,8x8,tf:116,tf:110,true,p1,accepted,,637710058,637711971130184,10
tf_policy_elo_616bc2f2_phase7_d3d6_2026-08-20,classic-random-8x8_g116_vs_g110.jsonl,classic-random-8x8,classic,random-start,8x8,tf:110,tf:116,false,p2,accepted,,637710058,637711971130185,11
tf_policy_elo_616bc2f2_phase7_d3d6_2026-08-20,classic-random-8x8_g116_vs_g113.jsonl,classic-random-8x8,classic,random-start,8x8,tf:116,tf:113,true,p2,accepted,,637713058,637714971139174,0
tf_policy_elo_616bc2f2_phase7_d3d6_2026-08-20,classic-random-8x8_g116_vs_g113.jsonl,classic-random-8x8,classic,random-start,8x8,tf:113,tf:116,false,p2,accepted,,637713058,637714971139175,1
tf_policy_elo_616bc2f2_phase7_d3d6_2026-08-20,classic-random-8x8_g116_vs_g113.jsonl,classic-random-8x8,classic,random-start,8x8,tf:116,tf:113,true,p2,accepted,,637713058,637714971139176,2
tf_policy_elo_616bc2f2_phase7_d3d6_2026-08-20,classic-random-8x8_g116_vs_g113.jsonl,classic-random-8x8,classic,random-start,8x8,tf:113,tf:116,false,p2,accepted,,637713058,637714971139177,3
tf_policy_elo_616bc2f2_phase7_d3d6_2026-08-20,classic-random-8x8_g116_vs_g113.jsonl,classic-random-8x8,classic,random-start,8x8,tf:116,tf:113,true,p2,accepted,,637713058,637714971139178,4
tf_policy_elo_616bc2f2_phase7_d3d6_2026-08-20,classic-random-8x8_g116_vs_g113.jsonl,classic-random-8x8,classic,random-start,8x8,tf:113,tf:116,false,p1,accepted,,637713058,637714971139179,5
tf_policy_elo_616bc2f2_phase7_d3d6_2026-08-20,classic-random-8x8_g116_vs_g113.jsonl,classic-random-8x8,classic,random-start,8x8,tf:116,tf:113,true,p1,accepted,,637713058,637714971139180,6
tf_policy_elo_616bc2f2_phase7_d3d6_2026-08-20,classic-random-8x8_g116_vs_g113.jsonl,classic-random-8x8,classic,random-start,8x8,tf:113,tf:116,false,p2,accepted,,637713058,637714971139181,7
tf_policy_elo_616bc2f2_phase7_d3d6_2026-08-20,classic-random-8x8_g116_vs_g113.jsonl,classic-random-8x8,classic,random-start,8x8,tf:116,tf:113,true,p2,accepted,,637713058,637714971139182,8
tf_policy_elo_616bc2f2_phase7_d3d6_2026-08-20,classic-random-8x8_g116_vs_g113.jsonl,classic-random-8x8,classic,random-start,8x8,tf:113,tf:116,false,p2,accepted,,637713058,637714971139183,9
tf_policy_elo_616bc2f2_phase7_d3d6_2026-08-20,classic-random-8x8_g116_vs_g113.jsonl,classic-random-8x8,classic,random-start,8x8,tf:116,tf:113,true,p1,accepted,,637713058,637714971139184,10
tf_policy_elo_616bc2f2_phase7_d3d6_2026-08-20,classic-random-8x8_g116_vs_g113.jsonl,classic-random-8x8,classic,random-start,8x8,tf:113,tf:116,false,p1,accepted,,637713058,637714971139185,11
tf_policy_elo_616bc2f2_phase7_d3d6_2026-08-20,classic-random-8x8_g96_vs_g93.jsonl,classic-random-8x8,classic,random-start,8x8,tf:96,tf:93,true,p2,accepted,,635693058,635694965079174,0
tf_policy_elo_616bc2f2_phase7_d3d6_2026-08-20,classic-random-8x8_g96_vs_g93.jsonl,classic-random-8x8,classic,random-start,8x8,tf:93,tf:96,false,p2,accepted,,635693058,635694965079175,1
tf_policy_elo_616bc2f2_phase7_d3d6_2026-08-20,classic-random-8x8_g96_vs_g93.jsonl,classic-random-8x8,classic,random-start,8x8,tf:96,tf:93,true,p1,accepted,,635693058,635694965079176,2
tf_policy_elo_616bc2f2_phase7_d3d6_2026-08-20,classic-random-8x8_g96_vs_g93.jsonl,classic-random-8x8,classic,random-start,8x8,tf:93,tf:96,false,p1,accepted,,635693058,635694965079177,3
tf_policy_elo_616bc2f2_phase7_d3d6_2026-08-20,classic-random-8x8_g96_vs_g93.jsonl,classic-random-8x8,classic,random-start,8x8,tf:96,tf:93,true,p1,accepted,,635693058,635694965079178,4
tf_policy_elo_616bc2f2_phase7_d3d6_2026-08-20,classic-random-8x8_g96_vs_g93.jsonl,classic-random-8x8,classic,random-start,8x8,tf:93,tf:96,false,p1,accepted,,635693058,635694965079179,5
tf_policy_elo_616bc2f2_phase7_d3d6_2026-08-20,classic-random-8x8_g96_vs_g93.jsonl,classic-random-8x8,classic,random-start,8x8,tf:96,tf:93,true,p1,accepted,,635693058,635694965079180,6
tf_policy_elo_616bc2f2_phase7_d3d6_2026-08-20,classic-random-8x8_g96_vs_g93.jsonl,classic-random-8x8,classic,random-start,8x8,tf:93,tf:96,false,p1,accepted,,635693058,635694965079181,7
tf_policy_elo_616bc2f2_phase7_d3d6_2026-08-20,classic-random-8x8_g96_vs_g93.jsonl,classic-random-8x8,classic,random-start,8x8,tf:96,tf:93,true,p1,accepted,,635693058,635694965079182,8
tf_policy_elo_616bc2f2_phase7_d3d6_2026-08-20,classic-random-8x8_g96_vs_g93.jsonl,classic-random-8x8,classic,random-start,8x8,tf:93,tf:96,false,p2,accepted,,635693058,635694965079183,9
tf_policy_elo_616bc2f2_phase7_d3d6_2026-08-20,classic-random-8x8_g96_vs_g93.jsonl,classic-random-8x8,classic,random-start,8x8,tf:96,tf:93,true,p1,accepted,,635693058,635694965079184,10
tf_policy_elo_616bc2f2_phase7_d3d6_2026-08-20,classic-random-8x8_g96_vs_g93.jsonl,classic-random-8x8,classic,random-start,8x8,tf:93,tf:96,false,p2,accepted,,635693058,635694965079185,11
tf_policy_elo_616bc2f2_phase7_d3d6_2026-08-20,classic-random-8x8_g97_vs_g94.jsonl,classic-random-8x8,classic,random-start,8x8,tf:97,tf:94,true,p2,accepted,,635794058,635795965382174,0
tf_policy_elo_616bc2f2_phase7_d3d6_2026-08-20,classic-random-8x8_g97_vs_g94.jsonl,classic-random-8x8,classic,random-start,8x8,tf:94,tf:97,false,p2,accepted,,635794058,635795965382175,1
tf_policy_elo_616bc2f2_phase7_d3d6_2026-08-20,classic-random-8x8_g97_vs_g94.jsonl,classic-random-8x8,classic,random-start,8x8,tf:97,tf:94,true,p1,accepted,,635794058,635795965382176,2
tf_policy_elo_616bc2f2_phase7_d3d6_2026-08-20,classic-random-8x8_g97_vs_g94.jsonl,classic-random-8x8,classic,random-start,8x8,tf:94,tf:97,false,p1,accepted,,635794058,635795965382177,3
tf_policy_elo_616bc2f2_phase7_d3d6_2026-08-20,classic-random-8x8_g97_vs_g94.jsonl,classic-random-8x8,classic,random-start,8x8,tf:97,tf:94,true,p1,accepted,,635794058,635795965382178,4
tf_policy_elo_616bc2f2_phase7_d3d6_2026-08-20,classic-random-8x8_g97_vs_g94.jsonl,classic-random-8x8,classic,random-start,8x8,tf:94,tf:97,false,p1,accepted,,635794058,635795965382179,5
tf_policy_elo_616bc2f2_phase7_d3d6_2026-08-20,classic-random-8x8_g97_vs_g94.jsonl,classic-random-8x8,classic,random-start,8x8,tf:97,tf:94,true,p1,accepted,,635794058,635795965382180,6
tf_policy_elo_616bc2f2_phase7_d3d6_2026-08-20,classic-random-8x8_g97_vs_g94.jsonl,classic-random-8x8,classic,random-start,8x8,tf:94,tf:97,false,p1,accepted,,635794058,635795965382181,7
tf_policy_elo_616bc2f2_phase7_d3d6_2026-08-20,classic-random-8x8_g97_vs_g94.jsonl,classic-random-8x8,classic,random-start,8x8,tf:97,tf:94,true,p1,accepted,,635794058,635795965382182,8
tf_policy_elo_616bc2f2_phase7_d3d6_2026-08-20,classic-random-8x8_g97_vs_g94.jsonl,classic-random-8x8,classic,random-start,8x8,tf:94,tf:97,false,p1,accepted,,635794058,635795965382183,9
tf_policy_elo_616bc2f2_phase7_d3d6_2026-08-20,classic-random-8x8_g97_vs_g94.jsonl,classic-random-8x8,classic,random-start,8x8,tf:97,tf:94,true,p1,accepted,,635794058,635795965382184,10
tf_policy_elo_616bc2f2_phase7_d3d6_2026-08-20,classic-random-8x8_g97_vs_g94.jsonl,classic-random-8x8,classic,random-start,8x8,tf:94,tf:97,false,p2,accepted,,635794058,635795965382185,11
tf_policy_elo_616bc2f2_phase7_d3d6_2026-08-20,classic-random-8x8_g98_vs_g95.jsonl,classic-random-8x8,classic,random-start,8x8,tf:98,tf:95,true,p2,accepted,,635895058,635896965685174,0
tf_policy_elo_616bc2f2_phase7_d3d6_2026-08-20,classic-random-8x8_g98_vs_g95.jsonl,classic-random-8x8,classic,random-start,8x8,tf:95,tf:98,false,p1,accepted,,635895058,635896965685175,1
tf_policy_elo_616bc2f2_phase7_d3d6_2026-08-20,classic-random-8x8_g98_vs_g95.jsonl,classic-random-8x8,classic,random-start,8x8,tf:98,tf:95,true,p2,accepted,,635895058,635896965685176,2
tf_policy_elo_616bc2f2_phase7_d3d6_2026-08-20,classic-random-8x8_g98_vs_g95.jsonl,classic-random-8x8,classic,random-start,8x8,tf:95,tf:98,false,p2,accepted,,635895058,635896965685177,3
tf_policy_elo_616bc2f2_phase7_d3d6_2026-08-20,classic-random-8x8_g98_vs_g95.jsonl,classic-random-8x8,classic,random-start,8x8,tf:98,tf:95,true,p2,accepted,,635895058,635896965685178,4
tf_policy_elo_616bc2f2_phase7_d3d6_2026-08-20,classic-random-8x8_g98_vs_g95.jsonl,classic-random-8x8,classic,random-start,8x8,tf:95,tf:98,false,p2,accepted,,635895058,635896965685179,5
tf_policy_elo_616bc2f2_phase7_d3d6_2026-08-20,classic-random-8x8_g98_vs_g95.jsonl,classic-random-8x8,classic,random-start,8x8,tf:98,tf:95,true,p1,accepted,,635895058,635896965685180,6
tf_policy_elo_616bc2f2_phase7_d3d6_2026-08-20,classic-random-8x8_g98_vs_g95.jsonl,classic-random-8x8,classic,random-start,8x8,tf:95,tf:98,false,p1,accepted,,635895058,635896965685181,7
tf_policy_elo_616bc2f2_phase7_d3d6_2026-08-20,classic-random-8x8_g98_vs_g95.jsonl,classic-random-8x8,classic,random-start,8x8,tf:98,tf:95,true,p1,accepted,,635895058,635896965685182,8
tf_policy_elo_616bc2f2_phase7_d3d6_2026-08-20,classic-random-8x8_g98_vs_g95.jsonl,classic-random-8x8,classic,random-start,8x8,tf:95,tf:98,false,p1,accepted,,635895058,635896965685183,9
tf_policy_elo_616bc2f2_phase7_d3d6_2026-08-20,classic-random-8x8_g98_vs_g95.jsonl,classic-random-8x8,classic,random-start,8x8,tf:98,tf:95,true,p1,accepted,,635895058,635896965685184,10
tf_policy_elo_616bc2f2_phase7_d3d6_2026-08-20,classic-random-8x8_g98_vs_g95.jsonl,classic-random-8x8,classic,random-start,8x8,tf:95,tf:98,false,p1,accepted,,635895058,635896965685185,11
tf_policy_elo_616bc2f2_phase7_d3d6_2026-08-20,classic-random-8x8_g99_vs_g93.jsonl,classic-random-8x8,classic,random-start,8x8,tf:99,tf:93,true,p1,accepted,,635993058,635994965979174,0
tf_policy_elo_616bc2f2_phase7_d3d6_2026-08-20,classic-random-8x8_g99_vs_g93.jsonl,classic-random-8x8,classic,random-start,8x8,tf:93,tf:99,false,p1,accepted,,635993058,635994965979175,1
tf_policy_elo_616bc2f2_phase7_d3d6_2026-08-20,classic-random-8x8_g99_vs_g93.jsonl,classic-random-8x8,classic,random-start,8x8,tf:99,tf:93,true,p1,accepted,,635993058,635994965979176,2
tf_policy_elo_616bc2f2_phase7_d3d6_2026-08-20,classic-random-8x8_g99_vs_g93.jsonl,classic-random-8x8,classic,random-start,8x8,tf:93,tf:99,false,p2,accepted,,635993058,635994965979177,3
tf_policy_elo_616bc2f2_phase7_d3d6_2026-08-20,classic-random-8x8_g99_vs_g93.jsonl,classic-random-8x8,classic,random-start,8x8,tf:99,tf:93,true,p1,accepted,,635993058,635994965979178,4
tf_policy_elo_616bc2f2_phase7_d3d6_2026-08-20,classic-random-8x8_g99_vs_g93.jsonl,classic-random-8x8,classic,random-start,8x8,tf:93,tf:99,false,p1,accepted,,635993058,635994965979179,5
tf_policy_elo_616bc2f2_phase7_d3d6_2026-08-20,classic-random-8x8_g99_vs_g93.jsonl,classic-random-8x8,classic,random-start,8x8,tf:99,tf:93,true,p2,accepted,,635993058,635994965979180,6
tf_policy_elo_616bc2f2_phase7_d3d6_2026-08-20,classic-random-8x8_g99_vs_g93.jsonl,classic-random-8x8,classic,random-start,8x8,tf:93,tf:99,false,p1,accepted,,635993058,635994965979181,7
tf_policy_elo_616bc2f2_phase7_d3d6_2026-08-20,classic-random-8x8_g99_vs_g93.jsonl,classic-random-8x8,classic,random-start,8x8,tf:99,tf:93,true,p1,accepted,,635993058,635994965979182,8
tf_policy_elo_616bc2f2_phase7_d3d6_2026-08-20,classic-random-8x8_g99_vs_g93.jsonl,classic-random-8x8,classic,random-start,8x8,tf:93,tf:99,false,p2,accepted,,635993058,635994965979183,9
tf_policy_elo_616bc2f2_phase7_d3d6_2026-08-20,classic-random-8x8_g99_vs_g93.jsonl,classic-random-8x8,classic,random-start,8x8,tf:99,tf:93,true,p1,accepted,,635993058,635994965979184,10
tf_policy_elo_616bc2f2_phase7_d3d6_2026-08-20,classic-random-8x8_g99_vs_g93.jsonl,classic-random-8x8,classic,random-start,8x8,tf:93,tf:99,false,p2,accepted,,635993058,635994965979185,11
tf_policy_elo_616bc2f2_phase7_d3d6_2026-08-20,classic-random-8x8_g99_vs_g96.jsonl,classic-random-8x8,classic,random-start,8x8,tf:99,tf:96,true,p2,accepted,,635996058,635997965988174,0
tf_policy_elo_616bc2f2_phase7_d3d6_2026-08-20,classic-random-8x8_g99_vs_g96.jsonl,classic-random-8x8,classic,random-start,8x8,tf:96,tf:99,false,p1,accepted,,635996058,635997965988175,1
tf_policy_elo_616bc2f2_phase7_d3d6_2026-08-20,classic-random-8x8_g99_vs_g96.jsonl,classic-random-8x8,classic,random-start,8x8,tf:99,tf:96,true,p1,accepted,,635996058,635997965988176,2
tf_policy_elo_616bc2f2_phase7_d3d6_2026-08-20,classic-random-8x8_g99_vs_g96.jsonl,classic-random-8x8,classic,random-start,8x8,tf:96,tf:99,false,p1,accepted,,635996058,635997965988177,3
tf_policy_elo_616bc2f2_phase7_d3d6_2026-08-20,classic-random-8x8_g99_vs_g96.jsonl,classic-random-8x8,classic,random-start,8x8,tf:99,tf:96,true,p2,accepted,,635996058,635997965988178,4
tf_policy_elo_616bc2f2_phase7_d3d6_2026-08-20,classic-random-8x8_g99_vs_g96.jsonl,classic-random-8x8,classic,random-start,8x8,tf:96,tf:99,false,p1,accepted,,635996058,635997965988179,5
tf_policy_elo_616bc2f2_phase7_d3d6_2026-08-20,classic-random-8x8_g99_vs_g96.jsonl,classic-random-8x8,classic,random-start,8x8,tf:99,tf:96,true,p2,accepted,,635996058,635997965988180,6
tf_policy_elo_616bc2f2_phase7_d3d6_2026-08-20,classic-random-8x8_g99_vs_g96.jsonl,classic-random-8x8,classic,random-start,8x8,tf:96,tf:99,false,p1,accepted,,635996058,635997965988181,7
tf_policy_elo_616bc2f2_phase7_d3d6_2026-08-20,classic-random-8x8_g99_vs_g96.jsonl,classic-random-8x8,classic,random-start,8x8,tf:99,tf:96,true,p1,accepted,,635996058,635997965988182,8
tf_policy_elo_616bc2f2_phase7_d3d6_2026-08-20,classic-random-8x8_g99_vs_g96.jsonl,classic-random-8x8,classic,random-start,8x8,tf:96,tf:99,false,p1,accepted,,635996058,635997965988183,9
tf_policy_elo_616bc2f2_phase7_d3d6_2026-08-20,classic-random-8x8_g99_vs_g96.jsonl,classic-random-8x8,classic,random-start,8x8,tf:99,tf:96,true,p2,accepted,,635996058,635997965988184,10
tf_policy_elo_616bc2f2_phase7_d3d6_2026-08-20,classic-random-8x8_g99_vs_g96.jsonl,classic-random-8x8,classic,random-start,8x8,tf:96,tf:99,false,p1,accepted,,635996058,635997965988185,11
tf_policy_elo_616bc2f2_phase7_d3d6_2026-08-20,standard-fixed-12x10_g100_vs_g94.jsonl,standard-fixed-12x10,standard,fixed,12x10,tf:100,tf:94,true,p1,accepted,,636094234,636096142282702,0
tf_policy_elo_616bc2f2_phase7_d3d6_2026-08-20,standard-fixed-12x10_g100_vs_g94.jsonl,standard-fixed-12x10,standard,fixed,12x10,tf:94,tf:100,false,p1,accepted,,636094234,636096142282703,1
tf_policy_elo_616bc2f2_phase7_d3d6_2026-08-20,standard-fixed-12x10_g100_vs_g97.jsonl,standard-fixed-12x10,standard,fixed,12x10,tf:100,tf:97,true,p2,accepted,,636097234,636099142291702,0
tf_policy_elo_616bc2f2_phase7_d3d6_2026-08-20,standard-fixed-12x10_g100_vs_g97.jsonl,standard-fixed-12x10,standard,fixed,12x10,tf:97,tf:100,false,draw,accepted,,636097234,636099142291703,1
tf_policy_elo_616bc2f2_phase7_d3d6_2026-08-20,standard-fixed-12x10_g101_vs_g95.jsonl,standard-fixed-12x10,standard,fixed,12x10,tf:101,tf:95,true,p1,accepted,,636195234,636197142585702,0
tf_policy_elo_616bc2f2_phase7_d3d6_2026-08-20,standard-fixed-12x10_g101_vs_g95.jsonl,standard-fixed-12x10,standard,fixed,12x10,tf:95,tf:101,false,p2,accepted,,636195234,636197142585703,1
tf_policy_elo_616bc2f2_phase7_d3d6_2026-08-20,standard-fixed-12x10_g101_vs_g98.jsonl,standard-fixed-12x10,standard,fixed,12x10,tf:101,tf:98,true,p2,accepted,,636198234,636200142594702,0
tf_policy_elo_616bc2f2_phase7_d3d6_2026-08-20,standard-fixed-12x10_g101_vs_g98.jsonl,standard-fixed-12x10,standard,fixed,12x10,tf:98,tf:101,false,draw,accepted,,636198234,636200142594703,1
tf_policy_elo_616bc2f2_phase7_d3d6_2026-08-20,standard-fixed-12x10_g102_vs_g96.jsonl,standard-fixed-12x10,standard,fixed,12x10,tf:102,tf:96,true,p1,accepted,,636296234,636298142888702,0
tf_policy_elo_616bc2f2_phase7_d3d6_2026-08-20,standard-fixed-12x10_g102_vs_g96.jsonl,standard-fixed-12x10,standard,fixed,12x10,tf:96,tf:102,false,draw,accepted,,636296234,636298142888703,1
tf_policy_elo_616bc2f2_phase7_d3d6_2026-08-20,standard-fixed-12x10_g102_vs_g99.jsonl,standard-fixed-12x10,standard,fixed,12x10,tf:102,tf:99,true,p2,accepted,,636299234,636301142897702,0
tf_policy_elo_616bc2f2_phase7_d3d6_2026-08-20,standard-fixed-12x10_g102_vs_g99.jsonl,standard-fixed-12x10,standard,fixed,12x10,tf:99,tf:102,false,draw,accepted,,636299234,636301142897703,1
tf_policy_elo_616bc2f2_phase7_d3d6_2026-08-20,standard-fixed-12x10_g103_vs_g100.jsonl,standard-fixed-12x10,standard,fixed,12x10,tf:103,tf:100,true,p1,accepted,,636400234,636402143200702,0
tf_policy_elo_616bc2f2_phase7_d3d6_2026-08-20,standard-fixed-12x10_g103_vs_g100.jsonl,standard-fixed-12x10,standard,fixed,12x10,tf:100,tf:103,false,p2,accepted,,636400234,636402143200703,1
tf_policy_elo_616bc2f2_phase7_d3d6_2026-08-20,standard-fixed-12x10_g103_vs_g97.jsonl,standard-fixed-12x10,standard,fixed,12x10,tf:103,tf:97,true,p1,accepted,,636397234,636399143191702,0
tf_policy_elo_616bc2f2_phase7_d3d6_2026-08-20,standard-fixed-12x10_g103_vs_g97.jsonl,standard-fixed-12x10,standard,fixed,12x10,tf:97,tf:103,false,p1,accepted,,636397234,636399143191703,1
tf_policy_elo_616bc2f2_phase7_d3d6_2026-08-20,standard-fixed-12x10_g104_vs_g101.jsonl,standard-fixed-12x10,standard,fixed,12x10,tf:104,tf:101,true,p1,accepted,,636501234,636503143503702,0
tf_policy_elo_616bc2f2_phase7_d3d6_2026-08-20,standard-fixed-12x10_g104_vs_g101.jsonl,standard-fixed-12x10,standard,fixed,12x10,tf:101,tf:104,false,p1,accepted,,636501234,636503143503703,1
tf_policy_elo_616bc2f2_phase7_d3d6_2026-08-20,standard-fixed-12x10_g104_vs_g98.jsonl,standard-fixed-12x10,standard,fixed,12x10,tf:104,tf:98,true,p1,accepted,,636498234,636500143494702,0
tf_policy_elo_616bc2f2_phase7_d3d6_2026-08-20,standard-fixed-12x10_g104_vs_g98.jsonl,standard-fixed-12x10,standard,fixed,12x10,tf:98,tf:104,false,p1,accepted,,636498234,636500143494703,1
tf_policy_elo_616bc2f2_phase7_d3d6_2026-08-20,standard-fixed-12x10_g105_vs_g102.jsonl,standard-fixed-12x10,standard,fixed,12x10,tf:105,tf:102,true,p2,accepted,,636602234,636604143806702,0
tf_policy_elo_616bc2f2_phase7_d3d6_2026-08-20,standard-fixed-12x10_g105_vs_g102.jsonl,standard-fixed-12x10,standard,fixed,12x10,tf:102,tf:105,false,p2,accepted,,636602234,636604143806703,1
tf_policy_elo_616bc2f2_phase7_d3d6_2026-08-20,standard-fixed-12x10_g105_vs_g99.jsonl,standard-fixed-12x10,standard,fixed,12x10,tf:105,tf:99,true,p2,accepted,,636599234,636601143797702,0
tf_policy_elo_616bc2f2_phase7_d3d6_2026-08-20,standard-fixed-12x10_g105_vs_g99.jsonl,standard-fixed-12x10,standard,fixed,12x10,tf:99,tf:105,false,p2,accepted,,636599234,636601143797703,1
tf_policy_elo_616bc2f2_phase7_d3d6_2026-08-20,standard-fixed-12x10_g106_vs_g100.jsonl,standard-fixed-12x10,standard,fixed,12x10,tf:106,tf:100,true,p1,accepted,,636700234,636702144100702,0
tf_policy_elo_616bc2f2_phase7_d3d6_2026-08-20,standard-fixed-12x10_g106_vs_g100.jsonl,standard-fixed-12x10,standard,fixed,12x10,tf:100,tf:106,false,p1,accepted,,636700234,636702144100703,1
tf_policy_elo_616bc2f2_phase7_d3d6_2026-08-20,standard-fixed-12x10_g106_vs_g103.jsonl,standard-fixed-12x10,standard,fixed,12x10,tf:106,tf:103,true,p2,accepted,,636703234,636705144109702,0
tf_policy_elo_616bc2f2_phase7_d3d6_2026-08-20,standard-fixed-12x10_g106_vs_g103.jsonl,standard-fixed-12x10,standard,fixed,12x10,tf:103,tf:106,false,draw,accepted,,636703234,636705144109703,1
tf_policy_elo_616bc2f2_phase7_d3d6_2026-08-20,standard-fixed-12x10_g107_vs_g101.jsonl,standard-fixed-12x10,standard,fixed,12x10,tf:107,tf:101,true,p2,accepted,,636801234,636803144403702,0
tf_policy_elo_616bc2f2_phase7_d3d6_2026-08-20,standard-fixed-12x10_g107_vs_g101.jsonl,standard-fixed-12x10,standard,fixed,12x10,tf:101,tf:107,false,p1,accepted,,636801234,636803144403703,1
tf_policy_elo_616bc2f2_phase7_d3d6_2026-08-20,standard-fixed-12x10_g107_vs_g104.jsonl,standard-fixed-12x10,standard,fixed,12x10,tf:107,tf:104,true,p1,accepted,,636804234,636806144412702,0
tf_policy_elo_616bc2f2_phase7_d3d6_2026-08-20,standard-fixed-12x10_g107_vs_g104.jsonl,standard-fixed-12x10,standard,fixed,12x10,tf:104,tf:107,false,draw,accepted,,636804234,636806144412703,1
tf_policy_elo_616bc2f2_phase7_d3d6_2026-08-20,standard-fixed-12x10_g108_vs_g102.jsonl,standard-fixed-12x10,standard,fixed,12x10,tf:108,tf:102,true,p2,accepted,,636902234,636904144706702,0
tf_policy_elo_616bc2f2_phase7_d3d6_2026-08-20,standard-fixed-12x10_g108_vs_g102.jsonl,standard-fixed-12x10,standard,fixed,12x10,tf:102,tf:108,false,p1,accepted,,636902234,636904144706703,1
tf_policy_elo_616bc2f2_phase7_d3d6_2026-08-20,standard-fixed-12x10_g108_vs_g105.jsonl,standard-fixed-12x10,standard,fixed,12x10,tf:108,tf:105,true,draw,accepted,,636905234,636907144715702,0
tf_policy_elo_616bc2f2_phase7_d3d6_2026-08-20,standard-fixed-12x10_g108_vs_g105.jsonl,standard-fixed-12x10,standard,fixed,12x10,tf:105,tf:108,false,p2,accepted,,636905234,636907144715703,1
tf_policy_elo_616bc2f2_phase7_d3d6_2026-08-20,standard-fixed-12x10_g109_vs_g103.jsonl,standard-fixed-12x10,standard,fixed,12x10,tf:109,tf:103,true,p1,accepted,,637003234,637005145009702,0
tf_policy_elo_616bc2f2_phase7_d3d6_2026-08-20,standard-fixed-12x10_g109_vs_g103.jsonl,standard-fixed-12x10,standard,fixed,12x10,tf:103,tf:109,false,draw,accepted,,637003234,637005145009703,1
tf_policy_elo_616bc2f2_phase7_d3d6_2026-08-20,standard-fixed-12x10_g109_vs_g106.jsonl,standard-fixed-12x10,standard,fixed,12x10,tf:109,tf:106,true,p2,accepted,,637006234,637008145018702,0
tf_policy_elo_616bc2f2_phase7_d3d6_2026-08-20,standard-fixed-12x10_g109_vs_g106.jsonl,standard-fixed-12x10,standard,fixed,12x10,tf:106,tf:109,false,p1,accepted,,637006234,637008145018703,1
tf_policy_elo_616bc2f2_phase7_d3d6_2026-08-20,standard-fixed-12x10_g110_vs_g104.jsonl,standard-fixed-12x10,standard,fixed,12x10,tf:110,tf:104,true,p1,accepted,,637104234,637106145312702,0
tf_policy_elo_616bc2f2_phase7_d3d6_2026-08-20,standard-fixed-12x10_g110_vs_g104.jsonl,standard-fixed-12x10,standard,fixed,12x10,tf:104,tf:110,false,p1,accepted,,637104234,637106145312703,1
tf_policy_elo_616bc2f2_phase7_d3d6_2026-08-20,standard-fixed-12x10_g110_vs_g107.jsonl,standard-fixed-12x10,standard,fixed,12x10,tf:110,tf:107,true,p1,accepted,,637107234,637109145321702,0
tf_policy_elo_616bc2f2_phase7_d3d6_2026-08-20,standard-fixed-12x10_g110_vs_g107.jsonl,standard-fixed-12x10,standard,fixed,12x10,tf:107,tf:110,false,draw,accepted,,637107234,637109145321703,1
tf_policy_elo_616bc2f2_phase7_d3d6_2026-08-20,standard-fixed-12x10_g111_vs_g105.jsonl,standard-fixed-12x10,standard,fixed,12x10,tf:111,tf:105,true,draw,accepted,,637205234,637207145615702,0
tf_policy_elo_616bc2f2_phase7_d3d6_2026-08-20,standard-fixed-12x10_g111_vs_g105.jsonl,standard-fixed-12x10,standard,fixed,12x10,tf:105,tf:111,false,p1,accepted,,637205234,637207145615703,1
tf_policy_elo_616bc2f2_phase7_d3d6_2026-08-20,standard-fixed-12x10_g111_vs_g108.jsonl,standard-fixed-12x10,standard,fixed,12x10,tf:111,tf:108,true,p1,accepted,,637208234,637210145624702,0
tf_policy_elo_616bc2f2_phase7_d3d6_2026-08-20,standard-fixed-12x10_g111_vs_g108.jsonl,standard-fixed-12x10,standard,fixed,12x10,tf:108,tf:111,false,p1,accepted,,637208234,637210145624703,1
tf_policy_elo_616bc2f2_phase7_d3d6_2026-08-20,standard-fixed-12x10_g112_vs_g106.jsonl,standard-fixed-12x10,standard,fixed,12x10,tf:112,tf:106,true,p1,accepted,,637306234,637308145918702,0
tf_policy_elo_616bc2f2_phase7_d3d6_2026-08-20,standard-fixed-12x10_g112_vs_g106.jsonl,standard-fixed-12x10,standard,fixed,12x10,tf:106,tf:112,false,draw,accepted,,637306234,637308145918703,1
tf_policy_elo_616bc2f2_phase7_d3d6_2026-08-20,standard-fixed-12x10_g112_vs_g109.jsonl,standard-fixed-12x10,standard,fixed,12x10,tf:112,tf:109,true,draw,accepted,,637309234,637311145927702,0
tf_policy_elo_616bc2f2_phase7_d3d6_2026-08-20,standard-fixed-12x10_g112_vs_g109.jsonl,standard-fixed-12x10,standard,fixed,12x10,tf:109,tf:112,false,p2,accepted,,637309234,637311145927703,1
tf_policy_elo_616bc2f2_phase7_d3d6_2026-08-20,standard-fixed-12x10_g113_vs_g107.jsonl,standard-fixed-12x10,standard,fixed,12x10,tf:113,tf:107,true,p1,accepted,,637407234,637409146221702,0
tf_policy_elo_616bc2f2_phase7_d3d6_2026-08-20,standard-fixed-12x10_g113_vs_g107.jsonl,standard-fixed-12x10,standard,fixed,12x10,tf:107,tf:113,false,p1,accepted,,637407234,637409146221703,1
tf_policy_elo_616bc2f2_phase7_d3d6_2026-08-20,standard-fixed-12x10_g113_vs_g110.jsonl,standard-fixed-12x10,standard,fixed,12x10,tf:113,tf:110,true,draw,accepted,,637410234,637412146230702,0
tf_policy_elo_616bc2f2_phase7_d3d6_2026-08-20,standard-fixed-12x10_g113_vs_g110.jsonl,standard-fixed-12x10,standard,fixed,12x10,tf:110,tf:113,false,p1,accepted,,637410234,637412146230703,1
tf_policy_elo_616bc2f2_phase7_d3d6_2026-08-20,standard-fixed-12x10_g114_vs_g108.jsonl,standard-fixed-12x10,standard,fixed,12x10,tf:114,tf:108,true,p1,accepted,,637508234,637510146524702,0
tf_policy_elo_616bc2f2_phase7_d3d6_2026-08-20,standard-fixed-12x10_g114_vs_g108.jsonl,standard-fixed-12x10,standard,fixed,12x10,tf:108,tf:114,false,draw,accepted,,637508234,637510146524703,1
tf_policy_elo_616bc2f2_phase7_d3d6_2026-08-20,standard-fixed-12x10_g114_vs_g111.jsonl,standard-fixed-12x10,standard,fixed,12x10,tf:114,tf:111,true,p1,accepted,,637511234,637513146533702,0
tf_policy_elo_616bc2f2_phase7_d3d6_2026-08-20,standard-fixed-12x10_g114_vs_g111.jsonl,standard-fixed-12x10,standard,fixed,12x10,tf:111,tf:114,false,draw,accepted,,637511234,637513146533703,1
tf_policy_elo_616bc2f2_phase7_d3d6_2026-08-20,standard-fixed-12x10_g115_vs_g109.jsonl,standard-fixed-12x10,standard,fixed,12x10,tf:115,tf:109,true,p2,accepted,,637609234,637611146827702,0
tf_policy_elo_616bc2f2_phase7_d3d6_2026-08-20,standard-fixed-12x10_g115_vs_g109.jsonl,standard-fixed-12x10,standard,fixed,12x10,tf:109,tf:115,false,p2,accepted,,637609234,637611146827703,1
tf_policy_elo_616bc2f2_phase7_d3d6_2026-08-20,standard-fixed-12x10_g115_vs_g112.jsonl,standard-fixed-12x10,standard,fixed,12x10,tf:115,tf:112,true,p2,accepted,,637612234,637614146836702,0
tf_policy_elo_616bc2f2_phase7_d3d6_2026-08-20,standard-fixed-12x10_g115_vs_g112.jsonl,standard-fixed-12x10,standard,fixed,12x10,tf:112,tf:115,false,p1,accepted,,637612234,637614146836703,1
tf_policy_elo_616bc2f2_phase7_d3d6_2026-08-20,standard-fixed-12x10_g116_vs_g110.jsonl,standard-fixed-12x10,standard,fixed,12x10,tf:116,tf:110,true,p2,accepted,,637710234,637712147130702,0
tf_policy_elo_616bc2f2_phase7_d3d6_2026-08-20,standard-fixed-12x10_g116_vs_g110.jsonl,standard-fixed-12x10,standard,fixed,12x10,tf:110,tf:116,false,p1,accepted,,637710234,637712147130703,1
tf_policy_elo_616bc2f2_phase7_d3d6_2026-08-20,standard-fixed-12x10_g116_vs_g113.jsonl,standard-fixed-12x10,standard,fixed,12x10,tf:116,tf:113,true,p1,accepted,,637713234,637715147139702,0
tf_policy_elo_616bc2f2_phase7_d3d6_2026-08-20,standard-fixed-12x10_g116_vs_g113.jsonl,standard-fixed-12x10,standard,fixed,12x10,tf:113,tf:116,false,draw,accepted,,637713234,637715147139703,1
tf_policy_elo_616bc2f2_phase7_d3d6_2026-08-20,standard-fixed-12x10_g96_vs_g93.jsonl,standard-fixed-12x10,standard,fixed,12x10,tf:96,tf:93,true,p2,accepted,,635693234,635695141079702,0
tf_policy_elo_616bc2f2_phase7_d3d6_2026-08-20,standard-fixed-12x10_g96_vs_g93.jsonl,standard-fixed-12x10,standard,fixed,12x10,tf:93,tf:96,false,p1,accepted,,635693234,635695141079703,1
tf_policy_elo_616bc2f2_phase7_d3d6_2026-08-20,standard-fixed-12x10_g97_vs_g94.jsonl,standard-fixed-12x10,standard,fixed,12x10,tf:97,tf:94,true,p1,accepted,,635794234,635796141382702,0
tf_policy_elo_616bc2f2_phase7_d3d6_2026-08-20,standard-fixed-12x10_g97_vs_g94.jsonl,standard-fixed-12x10,standard,fixed,12x10,tf:94,tf:97,false,p2,accepted,,635794234,635796141382703,1
tf_policy_elo_616bc2f2_phase7_d3d6_2026-08-20,standard-fixed-12x10_g98_vs_g95.jsonl,standard-fixed-12x10,standard,fixed,12x10,tf:98,tf:95,true,p2,accepted,,635895234,635897141685702,0
tf_policy_elo_616bc2f2_phase7_d3d6_2026-08-20,standard-fixed-12x10_g98_vs_g95.jsonl,standard-fixed-12x10,standard,fixed,12x10,tf:95,tf:98,false,p2,accepted,,635895234,635897141685703,1
tf_policy_elo_616bc2f2_phase7_d3d6_2026-08-20,standard-fixed-12x10_g99_vs_g93.jsonl,standard-fixed-12x10,standard,fixed,12x10,tf:99,tf:93,true,p1,accepted,,635993234,635995141979702,0
tf_policy_elo_616bc2f2_phase7_d3d6_2026-08-20,standard-fixed-12x10_g99_vs_g93.jsonl,standard-fixed-12x10,standard,fixed,12x10,tf:93,tf:99,false,p2,accepted,,635993234,635995141979703,1
tf_policy_elo_616bc2f2_phase7_d3d6_2026-08-20,standard-fixed-12x10_g99_vs_g96.jsonl,standard-fixed-12x10,standard,fixed,12x10,tf:99,tf:96,true,p1,accepted,,635996234,635998141988702,0
tf_policy_elo_616bc2f2_phase7_d3d6_2026-08-20,standard-fixed-12x10_g99_vs_g96.jsonl,standard-fixed-12x10,standard,fixed,12x10,tf:96,tf:99,false,p1,accepted,,635996234,635998141988703,1
tf_policy_elo_616bc2f2_phase7_d3d6_2026-08-20,standard-fixed-8x8_g100_vs_g94.jsonl,standard-fixed-8x8,standard,fixed,8x8,tf:100,tf:94,true,p1,accepted,,636094238,636096146282714,0
tf_policy_elo_616bc2f2_phase7_d3d6_2026-08-20,standard-fixed-8x8_g100_vs_g94.jsonl,standard-fixed-8x8,standard,fixed,8x8,tf:94,tf:100,false,p1,accepted,,636094238,636096146282715,1
tf_policy_elo_616bc2f2_phase7_d3d6_2026-08-20,standard-fixed-8x8_g100_vs_g97.jsonl,standard-fixed-8x8,standard,fixed,8x8,tf:100,tf:97,true,p2,accepted,,636097238,636099146291714,0
tf_policy_elo_616bc2f2_phase7_d3d6_2026-08-20,standard-fixed-8x8_g100_vs_g97.jsonl,standard-fixed-8x8,standard,fixed,8x8,tf:97,tf:100,false,p2,accepted,,636097238,636099146291715,1
tf_policy_elo_616bc2f2_phase7_d3d6_2026-08-20,standard-fixed-8x8_g101_vs_g95.jsonl,standard-fixed-8x8,standard,fixed,8x8,tf:101,tf:95,true,draw,accepted,,636195238,636197146585714,0
tf_policy_elo_616bc2f2_phase7_d3d6_2026-08-20,standard-fixed-8x8_g101_vs_g95.jsonl,standard-fixed-8x8,standard,fixed,8x8,tf:95,tf:101,false,p2,accepted,,636195238,636197146585715,1
tf_policy_elo_616bc2f2_phase7_d3d6_2026-08-20,standard-fixed-8x8_g101_vs_g98.jsonl,standard-fixed-8x8,standard,fixed,8x8,tf:101,tf:98,true,draw,accepted,,636198238,636200146594714,0
tf_policy_elo_616bc2f2_phase7_d3d6_2026-08-20,standard-fixed-8x8_g101_vs_g98.jsonl,standard-fixed-8x8,standard,fixed,8x8,tf:98,tf:101,false,draw,accepted,,636198238,636200146594715,1
tf_policy_elo_616bc2f2_phase7_d3d6_2026-08-20,standard-fixed-8x8_g102_vs_g96.jsonl,standard-fixed-8x8,standard,fixed,8x8,tf:102,tf:96,true,draw,accepted,,636296238,636298146888714,0
tf_policy_elo_616bc2f2_phase7_d3d6_2026-08-20,standard-fixed-8x8_g102_vs_g96.jsonl,standard-fixed-8x8,standard,fixed,8x8,tf:96,tf:102,false,p2,accepted,,636296238,636298146888715,1
tf_policy_elo_616bc2f2_phase7_d3d6_2026-08-20,standard-fixed-8x8_g102_vs_g99.jsonl,standard-fixed-8x8,standard,fixed,8x8,tf:102,tf:99,true,draw,accepted,,636299238,636301146897714,0
tf_policy_elo_616bc2f2_phase7_d3d6_2026-08-20,standard-fixed-8x8_g102_vs_g99.jsonl,standard-fixed-8x8,standard,fixed,8x8,tf:99,tf:102,false,p1,accepted,,636299238,636301146897715,1
tf_policy_elo_616bc2f2_phase7_d3d6_2026-08-20,standard-fixed-8x8_g103_vs_g100.jsonl,standard-fixed-8x8,standard,fixed,8x8,tf:103,tf:100,true,p2,accepted,,636400238,636402147200714,0
tf_policy_elo_616bc2f2_phase7_d3d6_2026-08-20,standard-fixed-8x8_g103_vs_g100.jsonl,standard-fixed-8x8,standard,fixed,8x8,tf:100,tf:103,false,p2,accepted,,636400238,636402147200715,1
tf_policy_elo_616bc2f2_phase7_d3d6_2026-08-20,standard-fixed-8x8_g103_vs_g97.jsonl,standard-fixed-8x8,standard,fixed,8x8,tf:103,tf:97,true,p2,accepted,,636397238,636399147191714,0
tf_policy_elo_616bc2f2_phase7_d3d6_2026-08-20,standard-fixed-8x8_g103_vs_g97.jsonl,standard-fixed-8x8,standard,fixed,8x8,tf:97,tf:103,false,p1,accepted,,636397238,636399147191715,1
tf_policy_elo_616bc2f2_phase7_d3d6_2026-08-20,standard-fixed-8x8_g104_vs_g101.jsonl,standard-fixed-8x8,standard,fixed,8x8,tf:104,tf:101,true,draw,accepted,,636501238,636503147503714,0
tf_policy_elo_616bc2f2_phase7_d3d6_2026-08-20,standard-fixed-8x8_g104_vs_g101.jsonl,standard-fixed-8x8,standard,fixed,8x8,tf:101,tf:104,false,p2,accepted,,636501238,636503147503715,1
tf_policy_elo_616bc2f2_phase7_d3d6_2026-08-20,standard-fixed-8x8_g104_vs_g98.jsonl,standard-fixed-8x8,standard,fixed,8x8,tf:104,tf:98,true,p2,accepted,,636498238,636500147494714,0
tf_policy_elo_616bc2f2_phase7_d3d6_2026-08-20,standard-fixed-8x8_g104_vs_g98.jsonl,standard-fixed-8x8,standard,fixed,8x8,tf:98,tf:104,false,p1,accepted,,636498238,636500147494715,1
tf_policy_elo_616bc2f2_phase7_d3d6_2026-08-20,standard-fixed-8x8_g105_vs_g102.jsonl,standard-fixed-8x8,standard,fixed,8x8,tf:105,tf:102,true,p1,accepted,,636602238,636604147806714,0
tf_policy_elo_616bc2f2_phase7_d3d6_2026-08-20,standard-fixed-8x8_g105_vs_g102.jsonl,standard-fixed-8x8,standard,fixed,8x8,tf:102,tf:105,false,p2,accepted,,636602238,636604147806715,1
tf_policy_elo_616bc2f2_phase7_d3d6_2026-08-20,standard-fixed-8x8_g105_vs_g99.jsonl,standard-fixed-8x8,standard,fixed,8x8,tf:105,tf:99,true,p2,accepted,,636599238,636601147797714,0
tf_policy_elo_616bc2f2_phase7_d3d6_2026-08-20,standard-fixed-8x8_g105_vs_g99.jsonl,standard-fixed-8x8,standard,fixed,8x8,tf:99,tf:105,false,p2,accepted,,636599238,636601147797715,1
tf_policy_elo_616bc2f2_phase7_d3d6_2026-08-20,standard-fixed-8x8_g106_vs_g100.jsonl,standard-fixed-8x8,standard,fixed,8x8,tf:106,tf:100,true,draw,accepted,,636700238,636702148100714,0
tf_policy_elo_616bc2f2_phase7_d3d6_2026-08-20,standard-fixed-8x8_g106_vs_g100.jsonl,standard-fixed-8x8,standard,fixed,8x8,tf:100,tf:106,false,p2,accepted,,636700238,636702148100715,1
tf_policy_elo_616bc2f2_phase7_d3d6_2026-08-20,standard-fixed-8x8_g106_vs_g103.jsonl,standard-fixed-8x8,standard,fixed,8x8,tf:106,tf:103,true,p2,accepted,,636703238,636705148109714,0
tf_policy_elo_616bc2f2_phase7_d3d6_2026-08-20,standard-fixed-8x8_g106_vs_g103.jsonl,standard-fixed-8x8,standard,fixed,8x8,tf:103,tf:106,false,p2,accepted,,636703238,636705148109715,1
tf_policy_elo_616bc2f2_phase7_d3d6_2026-08-20,standard-fixed-8x8_g107_vs_g101.jsonl,standard-fixed-8x8,standard,fixed,8x8,tf:107,tf:101,true,p2,accepted,,636801238,636803148403714,0
tf_policy_elo_616bc2f2_phase7_d3d6_2026-08-20,standard-fixed-8x8_g107_vs_g101.jsonl,standard-fixed-8x8,standard,fixed,8x8,tf:101,tf:107,false,p2,accepted,,636801238,636803148403715,1
tf_policy_elo_616bc2f2_phase7_d3d6_2026-08-20,standard-fixed-8x8_g107_vs_g104.jsonl,standard-fixed-8x8,standard,fixed,8x8,tf:107,tf:104,true,p2,accepted,,636804238,636806148412714,0
tf_policy_elo_616bc2f2_phase7_d3d6_2026-08-20,standard-fixed-8x8_g107_vs_g104.jsonl,standard-fixed-8x8,standard,fixed,8x8,tf:104,tf:107,false,p1,accepted,,636804238,636806148412715,1
tf_policy_elo_616bc2f2_phase7_d3d6_2026-08-20,standard-fixed-8x8_g108_vs_g102.jsonl,standard-fixed-8x8,standard,fixed,8x8,tf:108,tf:102,true,draw,accepted,,636902238,636904148706714,0
tf_policy_elo_616bc2f2_phase7_d3d6_2026-08-20,standard-fixed-8x8_g108_vs_g102.jsonl,standard-fixed-8x8,standard,fixed,8x8,tf:102,tf:108,false,p2,accepted,,636902238,636904148706715,1
tf_policy_elo_616bc2f2_phase7_d3d6_2026-08-20,standard-fixed-8x8_g108_vs_g105.jsonl,standard-fixed-8x8,standard,fixed,8x8,tf:108,tf:105,true,draw,accepted,,636905238,636907148715714,0
tf_policy_elo_616bc2f2_phase7_d3d6_2026-08-20,standard-fixed-8x8_g108_vs_g105.jsonl,standard-fixed-8x8,standard,fixed,8x8,tf:105,tf:108,false,p2,accepted,,636905238,636907148715715,1
tf_policy_elo_616bc2f2_phase7_d3d6_2026-08-20,standard-fixed-8x8_g109_vs_g103.jsonl,standard-fixed-8x8,standard,fixed,8x8,tf:109,tf:103,true,p2,accepted,,637003238,637005149009714,0
tf_policy_elo_616bc2f2_phase7_d3d6_2026-08-20,standard-fixed-8x8_g109_vs_g103.jsonl,standard-fixed-8x8,standard,fixed,8x8,tf:103,tf:109,false,p1,accepted,,637003238,637005149009715,1
tf_policy_elo_616bc2f2_phase7_d3d6_2026-08-20,standard-fixed-8x8_g109_vs_g106.jsonl,standard-fixed-8x8,standard,fixed,8x8,tf:109,tf:106,true,p1,accepted,,637006238,637008149018714,0
tf_policy_elo_616bc2f2_phase7_d3d6_2026-08-20,standard-fixed-8x8_g109_vs_g106.jsonl,standard-fixed-8x8,standard,fixed,8x8,tf:106,tf:109,false,p2,accepted,,637006238,637008149018715,1
tf_policy_elo_616bc2f2_phase7_d3d6_2026-08-20,standard-fixed-8x8_g110_vs_g104.jsonl,standard-fixed-8x8,standard,fixed,8x8,tf:110,tf:104,true,p1,accepted,,637104238,637106149312714,0
tf_policy_elo_616bc2f2_phase7_d3d6_2026-08-20,standard-fixed-8x8_g110_vs_g104.jsonl,standard-fixed-8x8,standard,fixed,8x8,tf:104,tf:110,false,p2,accepted,,637104238,637106149312715,1
tf_policy_elo_616bc2f2_phase7_d3d6_2026-08-20,standard-fixed-8x8_g110_vs_g107.jsonl,standard-fixed-8x8,standard,fixed,8x8,tf:110,tf:107,true,p1,accepted,,637107238,637109149321714,0
tf_policy_elo_616bc2f2_phase7_d3d6_2026-08-20,standard-fixed-8x8_g110_vs_g107.jsonl,standard-fixed-8x8,standard,fixed,8x8,tf:107,tf:110,false,p2,accepted,,637107238,637109149321715,1
tf_policy_elo_616bc2f2_phase7_d3d6_2026-08-20,standard-fixed-8x8_g111_vs_g105.jsonl,standard-fixed-8x8,standard,fixed,8x8,tf:111,tf:105,true,draw,accepted,,637205238,637207149615714,0
tf_policy_elo_616bc2f2_phase7_d3d6_2026-08-20,standard-fixed-8x8_g111_vs_g105.jsonl,standard-fixed-8x8,standard,fixed,8x8,tf:105,tf:111,false,p2,accepted,,637205238,637207149615715,1
tf_policy_elo_616bc2f2_phase7_d3d6_2026-08-20,standard-fixed-8x8_g111_vs_g108.jsonl,standard-fixed-8x8,standard,fixed,8x8,tf:111,tf:108,true,draw,accepted,,637208238,637210149624714,0
tf_policy_elo_616bc2f2_phase7_d3d6_2026-08-20,standard-fixed-8x8_g111_vs_g108.jsonl,standard-fixed-8x8,standard,fixed,8x8,tf:108,tf:111,false,p2,accepted,,637208238,637210149624715,1
tf_policy_elo_616bc2f2_phase7_d3d6_2026-08-20,standard-fixed-8x8_g112_vs_g106.jsonl,standard-fixed-8x8,standard,fixed,8x8,tf:112,tf:106,true,draw,accepted,,637306238,637308149918714,0
tf_policy_elo_616bc2f2_phase7_d3d6_2026-08-20,standard-fixed-8x8_g112_vs_g106.jsonl,standard-fixed-8x8,standard,fixed,8x8,tf:106,tf:112,false,p2,accepted,,637306238,637308149918715,1
tf_policy_elo_616bc2f2_phase7_d3d6_2026-08-20,standard-fixed-8x8_g112_vs_g109.jsonl,standard-fixed-8x8,standard,fixed,8x8,tf:112,tf:109,true,p2,accepted,,637309238,637311149927714,0
tf_policy_elo_616bc2f2_phase7_d3d6_2026-08-20,standard-fixed-8x8_g112_vs_g109.jsonl,standard-fixed-8x8,standard,fixed,8x8,tf:109,tf:112,false,draw,accepted,,637309238,637311149927715,1
tf_policy_elo_616bc2f2_phase7_d3d6_2026-08-20,standard-fixed-8x8_g113_vs_g107.jsonl,standard-fixed-8x8,standard,fixed,8x8,tf:113,tf:107,true,p1,accepted,,637407238,637409150221714,0
tf_policy_elo_616bc2f2_phase7_d3d6_2026-08-20,standard-fixed-8x8_g113_vs_g107.jsonl,standard-fixed-8x8,standard,fixed,8x8,tf:107,tf:113,false,p2,accepted,,637407238,637409150221715,1
tf_policy_elo_616bc2f2_phase7_d3d6_2026-08-20,standard-fixed-8x8_g113_vs_g110.jsonl,standard-fixed-8x8,standard,fixed,8x8,tf:113,tf:110,true,draw,accepted,,637410238,637412150230714,0
tf_policy_elo_616bc2f2_phase7_d3d6_2026-08-20,standard-fixed-8x8_g113_vs_g110.jsonl,standard-fixed-8x8,standard,fixed,8x8,tf:110,tf:113,false,draw,accepted,,637410238,637412150230715,1
tf_policy_elo_616bc2f2_phase7_d3d6_2026-08-20,standard-fixed-8x8_g114_vs_g108.jsonl,standard-fixed-8x8,standard,fixed,8x8,tf:114,tf:108,true,p2,accepted,,637508238,637510150524714,0
tf_policy_elo_616bc2f2_phase7_d3d6_2026-08-20,standard-fixed-8x8_g114_vs_g108.jsonl,standard-fixed-8x8,standard,fixed,8x8,tf:108,tf:114,false,draw,accepted,,637508238,637510150524715,1
tf_policy_elo_616bc2f2_phase7_d3d6_2026-08-20,standard-fixed-8x8_g114_vs_g111.jsonl,standard-fixed-8x8,standard,fixed,8x8,tf:114,tf:111,true,p2,accepted,,637511238,637513150533714,0
tf_policy_elo_616bc2f2_phase7_d3d6_2026-08-20,standard-fixed-8x8_g114_vs_g111.jsonl,standard-fixed-8x8,standard,fixed,8x8,tf:111,tf:114,false,p2,accepted,,637511238,637513150533715,1
tf_policy_elo_616bc2f2_phase7_d3d6_2026-08-20,standard-fixed-8x8_g115_vs_g109.jsonl,standard-fixed-8x8,standard,fixed,8x8,tf:115,tf:109,true,p1,accepted,,637609238,637611150827714,0
tf_policy_elo_616bc2f2_phase7_d3d6_2026-08-20,standard-fixed-8x8_g115_vs_g109.jsonl,standard-fixed-8x8,standard,fixed,8x8,tf:109,tf:115,false,p1,accepted,,637609238,637611150827715,1
tf_policy_elo_616bc2f2_phase7_d3d6_2026-08-20,standard-fixed-8x8_g115_vs_g112.jsonl,standard-fixed-8x8,standard,fixed,8x8,tf:115,tf:112,true,draw,accepted,,637612238,637614150836714,0
tf_policy_elo_616bc2f2_phase7_d3d6_2026-08-20,standard-fixed-8x8_g115_vs_g112.jsonl,standard-fixed-8x8,standard,fixed,8x8,tf:112,tf:115,false,p2,accepted,,637612238,637614150836715,1
tf_policy_elo_616bc2f2_phase7_d3d6_2026-08-20,standard-fixed-8x8_g116_vs_g110.jsonl,standard-fixed-8x8,standard,fixed,8x8,tf:116,tf:110,true,p2,accepted,,637710238,637712151130714,0
tf_policy_elo_616bc2f2_phase7_d3d6_2026-08-20,standard-fixed-8x8_g116_vs_g110.jsonl,standard-fixed-8x8,standard,fixed,8x8,tf:110,tf:116,false,p1,accepted,,637710238,637712151130715,1
tf_policy_elo_616bc2f2_phase7_d3d6_2026-08-20,standard-fixed-8x8_g116_vs_g113.jsonl,standard-fixed-8x8,standard,fixed,8x8,tf:116,tf:113,true,p1,accepted,,637713238,637715151139714,0
tf_policy_elo_616bc2f2_phase7_d3d6_2026-08-20,standard-fixed-8x8_g116_vs_g113.jsonl,standard-fixed-8x8,standard,fixed,8x8,tf:113,tf:116,false,p1,accepted,,637713238,637715151139715,1
tf_policy_elo_616bc2f2_phase7_d3d6_2026-08-20,standard-fixed-8x8_g96_vs_g93.jsonl,standard-fixed-8x8,standard,fixed,8x8,tf:96,tf:93,true,p2,accepted,,635693238,635695145079714,0
tf_policy_elo_616bc2f2_phase7_d3d6_2026-08-20,standard-fixed-8x8_g96_vs_g93.jsonl,standard-fixed-8x8,standard,fixed,8x8,tf:93,tf:96,false,p1,accepted,,635693238,635695145079715,1
tf_policy_elo_616bc2f2_phase7_d3d6_2026-08-20,standard-fixed-8x8_g97_vs_g94.jsonl,standard-fixed-8x8,standard,fixed,8x8,tf:97,tf:94,true,draw,accepted,,635794238,635796145382714,0
tf_policy_elo_616bc2f2_phase7_d3d6_2026-08-20,standard-fixed-8x8_g97_vs_g94.jsonl,standard-fixed-8x8,standard,fixed,8x8,tf:94,tf:97,false,p1,accepted,,635794238,635796145382715,1
tf_policy_elo_616bc2f2_phase7_d3d6_2026-08-20,standard-fixed-8x8_g98_vs_g95.jsonl,standard-fixed-8x8,standard,fixed,8x8,tf:98,tf:95,true,p2,accepted,,635895238,635897145685714,0
tf_policy_elo_616bc2f2_phase7_d3d6_2026-08-20,standard-fixed-8x8_g98_vs_g95.jsonl,standard-fixed-8x8,standard,fixed,8x8,tf:95,tf:98,false,draw,accepted,,635895238,635897145685715,1
tf_policy_elo_616bc2f2_phase7_d3d6_2026-08-20,standard-fixed-8x8_g99_vs_g93.jsonl,standard-fixed-8x8,standard,fixed,8x8,tf:99,tf:93,true,draw,accepted,,635993238,635995145979714,0
tf_policy_elo_616bc2f2_phase7_d3d6_2026-08-20,standard-fixed-8x8_g99_vs_g93.jsonl,standard-fixed-8x8,standard,fixed,8x8,tf:93,tf:99,false,p1,accepted,,635993238,635995145979715,1
tf_policy_elo_616bc2f2_phase7_d3d6_2026-08-20,standard-fixed-8x8_g99_vs_g96.jsonl,standard-fixed-8x8,standard,fixed,8x8,tf:99,tf:96,true,p2,accepted,,635996238,635998145988714,0
tf_policy_elo_616bc2f2_phase7_d3d6_2026-08-20,standard-fixed-8x8_g99_vs_g96.jsonl,standard-fixed-8x8,standard,fixed,8x8,tf:96,tf:99,false,p2,accepted,,635996238,635998145988715,1
