exp,sourceFile,conditionId,variant,setup,board,p1,p2,candidateIsP1,winner,evidenceStatus,exclusionReason,engineSeed,randomStartSeed,game
tf_policy_elo_616bc2f2_phase7_delta1_2026-08-20,animal-cycle-fixed-7x7_g100_vs_g99.jsonl,animal-cycle-fixed-7x7,animal-cycle,fixed,7x7,tf:100,tf:99,true,p1,accepted,,626099041,626100919297123,0
tf_policy_elo_616bc2f2_phase7_delta1_2026-08-20,animal-cycle-fixed-7x7_g100_vs_g99.jsonl,animal-cycle-fixed-7x7,animal-cycle,fixed,7x7,tf:99,tf:100,false,p2,accepted,,626099041,626100919297124,1
tf_policy_elo_616bc2f2_phase7_delta1_2026-08-20,animal-cycle-fixed-7x7_g101_vs_g100.jsonl,animal-cycle-fixed-7x7,animal-cycle,fixed,7x7,tf:101,tf:100,true,p2,accepted,,626200041,626201919600123,0
tf_policy_elo_616bc2f2_phase7_delta1_2026-08-20,animal-cycle-fixed-7x7_g101_vs_g100.jsonl,animal-cycle-fixed-7x7,animal-cycle,fixed,7x7,tf:100,tf:101,false,p1,accepted,,626200041,626201919600124,1
tf_policy_elo_616bc2f2_phase7_delta1_2026-08-20,animal-cycle-fixed-7x7_g102_vs_g101.jsonl,animal-cycle-fixed-7x7,animal-cycle,fixed,7x7,tf:102,tf:101,true,p1,accepted,,626301041,626302919903123,0
tf_policy_elo_616bc2f2_phase7_delta1_2026-08-20,animal-cycle-fixed-7x7_g102_vs_g101.jsonl,animal-cycle-fixed-7x7,animal-cycle,fixed,7x7,tf:101,tf:102,false,p2,accepted,,626301041,626302919903124,1
tf_policy_elo_616bc2f2_phase7_delta1_2026-08-20,animal-cycle-fixed-7x7_g103_vs_g102.jsonl,animal-cycle-fixed-7x7,animal-cycle,fixed,7x7,tf:103,tf:102,true,p1,accepted,,626402041,626403920206123,0
tf_policy_elo_616bc2f2_phase7_delta1_2026-08-20,animal-cycle-fixed-7x7_g103_vs_g102.jsonl,animal-cycle-fixed-7x7,animal-cycle,fixed,7x7,tf:102,tf:103,false,p1,accepted,,626402041,626403920206124,1
tf_policy_elo_616bc2f2_phase7_delta1_2026-08-20,animal-cycle-fixed-7x7_g104_vs_g103.jsonl,animal-cycle-fixed-7x7,animal-cycle,fixed,7x7,tf:104,tf:103,true,p1,accepted,,626503041,626504920509123,0
tf_policy_elo_616bc2f2_phase7_delta1_2026-08-20,animal-cycle-fixed-7x7_g104_vs_g103.jsonl,animal-cycle-fixed-7x7,animal-cycle,fixed,7x7,tf:103,tf:104,false,p1,accepted,,626503041,626504920509124,1
tf_policy_elo_616bc2f2_phase7_delta1_2026-08-20,animal-cycle-fixed-7x7_g105_vs_g104.jsonl,animal-cycle-fixed-7x7,animal-cycle,fixed,7x7,tf:105,tf:104,true,p2,accepted,,626604041,626605920812123,0
tf_policy_elo_616bc2f2_phase7_delta1_2026-08-20,animal-cycle-fixed-7x7_g105_vs_g104.jsonl,animal-cycle-fixed-7x7,animal-cycle,fixed,7x7,tf:104,tf:105,false,p1,accepted,,626604041,626605920812124,1
tf_policy_elo_616bc2f2_phase7_delta1_2026-08-20,animal-cycle-fixed-7x7_g106_vs_g105.jsonl,animal-cycle-fixed-7x7,animal-cycle,fixed,7x7,tf:106,tf:105,true,p1,accepted,,626705041,626706921115123,0
tf_policy_elo_616bc2f2_phase7_delta1_2026-08-20,animal-cycle-fixed-7x7_g106_vs_g105.jsonl,animal-cycle-fixed-7x7,animal-cycle,fixed,7x7,tf:105,tf:106,false,p2,accepted,,626705041,626706921115124,1
tf_policy_elo_616bc2f2_phase7_delta1_2026-08-20,animal-cycle-fixed-7x7_g107_vs_g106.jsonl,animal-cycle-fixed-7x7,animal-cycle,fixed,7x7,tf:107,tf:106,true,p1,accepted,,626806041,626807921418123,0
tf_policy_elo_616bc2f2_phase7_delta1_2026-08-20,animal-cycle-fixed-7x7_g107_vs_g106.jsonl,animal-cycle-fixed-7x7,animal-cycle,fixed,7x7,tf:106,tf:107,false,p1,accepted,,626806041,626807921418124,1
tf_policy_elo_616bc2f2_phase7_delta1_2026-08-20,animal-cycle-fixed-7x7_g108_vs_g107.jsonl,animal-cycle-fixed-7x7,animal-cycle,fixed,7x7,tf:108,tf:107,true,p1,accepted,,626907041,626908921721123,0
tf_policy_elo_616bc2f2_phase7_delta1_2026-08-20,animal-cycle-fixed-7x7_g108_vs_g107.jsonl,animal-cycle-fixed-7x7,animal-cycle,fixed,7x7,tf:107,tf:108,false,p1,accepted,,626907041,626908921721124,1
tf_policy_elo_616bc2f2_phase7_delta1_2026-08-20,animal-cycle-fixed-7x7_g109_vs_g108.jsonl,animal-cycle-fixed-7x7,animal-cycle,fixed,7x7,tf:109,tf:108,true,p1,accepted,,627008041,627009922024123,0
tf_policy_elo_616bc2f2_phase7_delta1_2026-08-20,animal-cycle-fixed-7x7_g109_vs_g108.jsonl,animal-cycle-fixed-7x7,animal-cycle,fixed,7x7,tf:108,tf:109,false,p1,accepted,,627008041,627009922024124,1
tf_policy_elo_616bc2f2_phase7_delta1_2026-08-20,animal-cycle-fixed-7x7_g110_vs_g109.jsonl,animal-cycle-fixed-7x7,animal-cycle,fixed,7x7,tf:110,tf:109,true,p2,accepted,,627109041,627110922327123,0
tf_policy_elo_616bc2f2_phase7_delta1_2026-08-20,animal-cycle-fixed-7x7_g110_vs_g109.jsonl,animal-cycle-fixed-7x7,animal-cycle,fixed,7x7,tf:109,tf:110,false,p2,accepted,,627109041,627110922327124,1
tf_policy_elo_616bc2f2_phase7_delta1_2026-08-20,animal-cycle-fixed-7x7_g111_vs_g110.jsonl,animal-cycle-fixed-7x7,animal-cycle,fixed,7x7,tf:111,tf:110,true,p1,accepted,,627210041,627211922630123,0
tf_policy_elo_616bc2f2_phase7_delta1_2026-08-20,animal-cycle-fixed-7x7_g111_vs_g110.jsonl,animal-cycle-fixed-7x7,animal-cycle,fixed,7x7,tf:110,tf:111,false,p1,accepted,,627210041,627211922630124,1
tf_policy_elo_616bc2f2_phase7_delta1_2026-08-20,animal-cycle-fixed-7x7_g112_vs_g111.jsonl,animal-cycle-fixed-7x7,animal-cycle,fixed,7x7,tf:112,tf:111,true,p1,accepted,,627311041,627312922933123,0
tf_policy_elo_616bc2f2_phase7_delta1_2026-08-20,animal-cycle-fixed-7x7_g112_vs_g111.jsonl,animal-cycle-fixed-7x7,animal-cycle,fixed,7x7,tf:111,tf:112,false,p1,accepted,,627311041,627312922933124,1
tf_policy_elo_616bc2f2_phase7_delta1_2026-08-20,animal-cycle-fixed-7x7_g113_vs_g112.jsonl,animal-cycle-fixed-7x7,animal-cycle,fixed,7x7,tf:113,tf:112,true,p1,accepted,,627412041,627413923236123,0
tf_policy_elo_616bc2f2_phase7_delta1_2026-08-20,animal-cycle-fixed-7x7_g113_vs_g112.jsonl,animal-cycle-fixed-7x7,animal-cycle,fixed,7x7,tf:112,tf:113,false,p1,accepted,,627412041,627413923236124,1
tf_policy_elo_616bc2f2_phase7_delta1_2026-08-20,animal-cycle-fixed-7x7_g114_vs_g113.jsonl,animal-cycle-fixed-7x7,animal-cycle,fixed,7x7,tf:114,tf:113,true,p1,accepted,,627513041,627514923539123,0
tf_policy_elo_616bc2f2_phase7_delta1_2026-08-20,animal-cycle-fixed-7x7_g114_vs_g113.jsonl,animal-cycle-fixed-7x7,animal-cycle,fixed,7x7,tf:113,tf:114,false,p1,accepted,,627513041,627514923539124,1
tf_policy_elo_616bc2f2_phase7_delta1_2026-08-20,animal-cycle-fixed-7x7_g115_vs_g114.jsonl,animal-cycle-fixed-7x7,animal-cycle,fixed,7x7,tf:115,tf:114,true,p1,accepted,,627614041,627615923842123,0
tf_policy_elo_616bc2f2_phase7_delta1_2026-08-20,animal-cycle-fixed-7x7_g115_vs_g114.jsonl,animal-cycle-fixed-7x7,animal-cycle,fixed,7x7,tf:114,tf:115,false,p1,accepted,,627614041,627615923842124,1
tf_policy_elo_616bc2f2_phase7_delta1_2026-08-20,animal-cycle-fixed-7x7_g116_vs_g115.jsonl,animal-cycle-fixed-7x7,animal-cycle,fixed,7x7,tf:116,tf:115,true,p1,accepted,,627715041,627716924145123,0
tf_policy_elo_616bc2f2_phase7_delta1_2026-08-20,animal-cycle-fixed-7x7_g116_vs_g115.jsonl,animal-cycle-fixed-7x7,animal-cycle,fixed,7x7,tf:115,tf:116,false,p1,accepted,,627715041,627716924145124,1
tf_policy_elo_616bc2f2_phase7_delta1_2026-08-20,animal-cycle-fixed-7x7_g94_vs_g93.jsonl,animal-cycle-fixed-7x7,animal-cycle,fixed,7x7,tf:94,tf:93,true,p2,accepted,,625493041,625494917479123,0
tf_policy_elo_616bc2f2_phase7_delta1_2026-08-20,animal-cycle-fixed-7x7_g94_vs_g93.jsonl,animal-cycle-fixed-7x7,animal-cycle,fixed,7x7,tf:93,tf:94,false,p2,accepted,,625493041,625494917479124,1
tf_policy_elo_616bc2f2_phase7_delta1_2026-08-20,animal-cycle-fixed-7x7_g95_vs_g94.jsonl,animal-cycle-fixed-7x7,animal-cycle,fixed,7x7,tf:95,tf:94,true,p2,accepted,,625594041,625595917782123,0
tf_policy_elo_616bc2f2_phase7_delta1_2026-08-20,animal-cycle-fixed-7x7_g95_vs_g94.jsonl,animal-cycle-fixed-7x7,animal-cycle,fixed,7x7,tf:94,tf:95,false,p2,accepted,,625594041,625595917782124,1
tf_policy_elo_616bc2f2_phase7_delta1_2026-08-20,animal-cycle-fixed-7x7_g96_vs_g95.jsonl,animal-cycle-fixed-7x7,animal-cycle,fixed,7x7,tf:96,tf:95,true,p1,accepted,,625695041,625696918085123,0
tf_policy_elo_616bc2f2_phase7_delta1_2026-08-20,animal-cycle-fixed-7x7_g96_vs_g95.jsonl,animal-cycle-fixed-7x7,animal-cycle,fixed,7x7,tf:95,tf:96,false,p2,accepted,,625695041,625696918085124,1
tf_policy_elo_616bc2f2_phase7_delta1_2026-08-20,animal-cycle-fixed-7x7_g97_vs_g96.jsonl,animal-cycle-fixed-7x7,animal-cycle,fixed,7x7,tf:97,tf:96,true,p2,accepted,,625796041,625797918388123,0
tf_policy_elo_616bc2f2_phase7_delta1_2026-08-20,animal-cycle-fixed-7x7_g97_vs_g96.jsonl,animal-cycle-fixed-7x7,animal-cycle,fixed,7x7,tf:96,tf:97,false,p2,accepted,,625796041,625797918388124,1
tf_policy_elo_616bc2f2_phase7_delta1_2026-08-20,animal-cycle-fixed-7x7_g98_vs_g97.jsonl,animal-cycle-fixed-7x7,animal-cycle,fixed,7x7,tf:98,tf:97,true,p1,accepted,,625897041,625898918691123,0
tf_policy_elo_616bc2f2_phase7_delta1_2026-08-20,animal-cycle-fixed-7x7_g98_vs_g97.jsonl,animal-cycle-fixed-7x7,animal-cycle,fixed,7x7,tf:97,tf:98,false,p2,accepted,,625897041,625898918691124,1
tf_policy_elo_616bc2f2_phase7_delta1_2026-08-20,animal-cycle-fixed-7x7_g99_vs_g98.jsonl,animal-cycle-fixed-7x7,animal-cycle,fixed,7x7,tf:99,tf:98,true,p1,accepted,,625998041,625999918994123,0
tf_policy_elo_616bc2f2_phase7_delta1_2026-08-20,animal-cycle-fixed-7x7_g99_vs_g98.jsonl,animal-cycle-fixed-7x7,animal-cycle,fixed,7x7,tf:98,tf:99,false,p2,accepted,,625998041,625999918994124,1
tf_policy_elo_616bc2f2_phase7_delta1_2026-08-20,animal-cycle-random-7x7_g100_vs_g99.jsonl,animal-cycle-random-7x7,animal-cycle,random-start,7x7,tf:100,tf:99,true,p1,accepted,,626099444,626101322298332,0
tf_policy_elo_616bc2f2_phase7_delta1_2026-08-20,animal-cycle-random-7x7_g100_vs_g99.jsonl,animal-cycle-random-7x7,animal-cycle,random-start,7x7,tf:99,tf:100,false,p2,accepted,,626099444,626101322298333,1
tf_policy_elo_616bc2f2_phase7_delta1_2026-08-20,animal-cycle-random-7x7_g100_vs_g99.jsonl,animal-cycle-random-7x7,animal-cycle,random-start,7x7,tf:100,tf:99,true,p2,accepted,,626099444,626101322298334,2
tf_policy_elo_616bc2f2_phase7_delta1_2026-08-20,animal-cycle-random-7x7_g100_vs_g99.jsonl,animal-cycle-random-7x7,animal-cycle,random-start,7x7,tf:99,tf:100,false,p2,accepted,,626099444,626101322298335,3
tf_policy_elo_616bc2f2_phase7_delta1_2026-08-20,animal-cycle-random-7x7_g100_vs_g99.jsonl,animal-cycle-random-7x7,animal-cycle,random-start,7x7,tf:100,tf:99,true,p1,accepted,,626099444,626101322298336,4
tf_policy_elo_616bc2f2_phase7_delta1_2026-08-20,animal-cycle-random-7x7_g100_vs_g99.jsonl,animal-cycle-random-7x7,animal-cycle,random-start,7x7,tf:99,tf:100,false,p2,accepted,,626099444,626101322298337,5
tf_policy_elo_616bc2f2_phase7_delta1_2026-08-20,animal-cycle-random-7x7_g100_vs_g99.jsonl,animal-cycle-random-7x7,animal-cycle,random-start,7x7,tf:100,tf:99,true,p2,accepted,,626099444,626101322298338,6
tf_policy_elo_616bc2f2_phase7_delta1_2026-08-20,animal-cycle-random-7x7_g100_vs_g99.jsonl,animal-cycle-random-7x7,animal-cycle,random-start,7x7,tf:99,tf:100,false,p2,accepted,,626099444,626101322298339,7
tf_policy_elo_616bc2f2_phase7_delta1_2026-08-20,animal-cycle-random-7x7_g100_vs_g99.jsonl,animal-cycle-random-7x7,animal-cycle,random-start,7x7,tf:100,tf:99,true,p1,accepted,,626099444,626101322298340,8
tf_policy_elo_616bc2f2_phase7_delta1_2026-08-20,animal-cycle-random-7x7_g100_vs_g99.jsonl,animal-cycle-random-7x7,animal-cycle,random-start,7x7,tf:99,tf:100,false,p1,accepted,,626099444,626101322298341,9
tf_policy_elo_616bc2f2_phase7_delta1_2026-08-20,animal-cycle-random-7x7_g100_vs_g99.jsonl,animal-cycle-random-7x7,animal-cycle,random-start,7x7,tf:100,tf:99,true,p2,accepted,,626099444,626101322298342,10
tf_policy_elo_616bc2f2_phase7_delta1_2026-08-20,animal-cycle-random-7x7_g100_vs_g99.jsonl,animal-cycle-random-7x7,animal-cycle,random-start,7x7,tf:99,tf:100,false,p1,accepted,,626099444,626101322298343,11
tf_policy_elo_616bc2f2_phase7_delta1_2026-08-20,animal-cycle-random-7x7_g101_vs_g100.jsonl,animal-cycle-random-7x7,animal-cycle,random-start,7x7,tf:101,tf:100,true,p1,accepted,,626200444,626202322601332,0
tf_policy_elo_616bc2f2_phase7_delta1_2026-08-20,animal-cycle-random-7x7_g101_vs_g100.jsonl,animal-cycle-random-7x7,animal-cycle,random-start,7x7,tf:100,tf:101,false,p2,accepted,,626200444,626202322601333,1
tf_policy_elo_616bc2f2_phase7_delta1_2026-08-20,animal-cycle-random-7x7_g101_vs_g100.jsonl,animal-cycle-random-7x7,animal-cycle,random-start,7x7,tf:101,tf:100,true,p2,accepted,,626200444,626202322601334,2
tf_policy_elo_616bc2f2_phase7_delta1_2026-08-20,animal-cycle-random-7x7_g101_vs_g100.jsonl,animal-cycle-random-7x7,animal-cycle,random-start,7x7,tf:100,tf:101,false,p2,accepted,,626200444,626202322601335,3
tf_policy_elo_616bc2f2_phase7_delta1_2026-08-20,animal-cycle-random-7x7_g101_vs_g100.jsonl,animal-cycle-random-7x7,animal-cycle,random-start,7x7,tf:101,tf:100,true,p1,accepted,,626200444,626202322601336,4
tf_policy_elo_616bc2f2_phase7_delta1_2026-08-20,animal-cycle-random-7x7_g101_vs_g100.jsonl,animal-cycle-random-7x7,animal-cycle,random-start,7x7,tf:100,tf:101,false,p1,accepted,,626200444,626202322601337,5
tf_policy_elo_616bc2f2_phase7_delta1_2026-08-20,animal-cycle-random-7x7_g101_vs_g100.jsonl,animal-cycle-random-7x7,animal-cycle,random-start,7x7,tf:101,tf:100,true,p2,accepted,,626200444,626202322601338,6
tf_policy_elo_616bc2f2_phase7_delta1_2026-08-20,animal-cycle-random-7x7_g101_vs_g100.jsonl,animal-cycle-random-7x7,animal-cycle,random-start,7x7,tf:100,tf:101,false,p2,accepted,,626200444,626202322601339,7
tf_policy_elo_616bc2f2_phase7_delta1_2026-08-20,animal-cycle-random-7x7_g101_vs_g100.jsonl,animal-cycle-random-7x7,animal-cycle,random-start,7x7,tf:101,tf:100,true,p1,accepted,,626200444,626202322601340,8
tf_policy_elo_616bc2f2_phase7_delta1_2026-08-20,animal-cycle-random-7x7_g101_vs_g100.jsonl,animal-cycle-random-7x7,animal-cycle,random-start,7x7,tf:100,tf:101,false,p1,accepted,,626200444,626202322601341,9
tf_policy_elo_616bc2f2_phase7_delta1_2026-08-20,animal-cycle-random-7x7_g101_vs_g100.jsonl,animal-cycle-random-7x7,animal-cycle,random-start,7x7,tf:101,tf:100,true,p1,accepted,,626200444,626202322601342,10
tf_policy_elo_616bc2f2_phase7_delta1_2026-08-20,animal-cycle-random-7x7_g101_vs_g100.jsonl,animal-cycle-random-7x7,animal-cycle,random-start,7x7,tf:100,tf:101,false,p2,accepted,,626200444,626202322601343,11
tf_policy_elo_616bc2f2_phase7_delta1_2026-08-20,animal-cycle-random-7x7_g102_vs_g101.jsonl,animal-cycle-random-7x7,animal-cycle,random-start,7x7,tf:102,tf:101,true,p1,accepted,,626301444,626303322904332,0
tf_policy_elo_616bc2f2_phase7_delta1_2026-08-20,animal-cycle-random-7x7_g102_vs_g101.jsonl,animal-cycle-random-7x7,animal-cycle,random-start,7x7,tf:101,tf:102,false,p1,accepted,,626301444,626303322904333,1
tf_policy_elo_616bc2f2_phase7_delta1_2026-08-20,animal-cycle-random-7x7_g102_vs_g101.jsonl,animal-cycle-random-7x7,animal-cycle,random-start,7x7,tf:102,tf:101,true,p1,accepted,,626301444,626303322904334,2
tf_policy_elo_616bc2f2_phase7_delta1_2026-08-20,animal-cycle-random-7x7_g102_vs_g101.jsonl,animal-cycle-random-7x7,animal-cycle,random-start,7x7,tf:101,tf:102,false,p2,accepted,,626301444,626303322904335,3
tf_policy_elo_616bc2f2_phase7_delta1_2026-08-20,animal-cycle-random-7x7_g102_vs_g101.jsonl,animal-cycle-random-7x7,animal-cycle,random-start,7x7,tf:102,tf:101,true,p1,accepted,,626301444,626303322904336,4
tf_policy_elo_616bc2f2_phase7_delta1_2026-08-20,animal-cycle-random-7x7_g102_vs_g101.jsonl,animal-cycle-random-7x7,animal-cycle,random-start,7x7,tf:101,tf:102,false,p1,accepted,,626301444,626303322904337,5
tf_policy_elo_616bc2f2_phase7_delta1_2026-08-20,animal-cycle-random-7x7_g102_vs_g101.jsonl,animal-cycle-random-7x7,animal-cycle,random-start,7x7,tf:102,tf:101,true,p2,accepted,,626301444,626303322904338,6
tf_policy_elo_616bc2f2_phase7_delta1_2026-08-20,animal-cycle-random-7x7_g102_vs_g101.jsonl,animal-cycle-random-7x7,animal-cycle,random-start,7x7,tf:101,tf:102,false,p1,accepted,,626301444,626303322904339,7
tf_policy_elo_616bc2f2_phase7_delta1_2026-08-20,animal-cycle-random-7x7_g102_vs_g101.jsonl,animal-cycle-random-7x7,animal-cycle,random-start,7x7,tf:102,tf:101,true,p2,accepted,,626301444,626303322904340,8
tf_policy_elo_616bc2f2_phase7_delta1_2026-08-20,animal-cycle-random-7x7_g102_vs_g101.jsonl,animal-cycle-random-7x7,animal-cycle,random-start,7x7,tf:101,tf:102,false,p2,accepted,,626301444,626303322904341,9
tf_policy_elo_616bc2f2_phase7_delta1_2026-08-20,animal-cycle-random-7x7_g102_vs_g101.jsonl,animal-cycle-random-7x7,animal-cycle,random-start,7x7,tf:102,tf:101,true,p1,accepted,,626301444,626303322904342,10
tf_policy_elo_616bc2f2_phase7_delta1_2026-08-20,animal-cycle-random-7x7_g102_vs_g101.jsonl,animal-cycle-random-7x7,animal-cycle,random-start,7x7,tf:101,tf:102,false,p1,accepted,,626301444,626303322904343,11
tf_policy_elo_616bc2f2_phase7_delta1_2026-08-20,animal-cycle-random-7x7_g103_vs_g102.jsonl,animal-cycle-random-7x7,animal-cycle,random-start,7x7,tf:103,tf:102,true,p1,accepted,,626402444,626404323207332,0
tf_policy_elo_616bc2f2_phase7_delta1_2026-08-20,animal-cycle-random-7x7_g103_vs_g102.jsonl,animal-cycle-random-7x7,animal-cycle,random-start,7x7,tf:102,tf:103,false,p2,accepted,,626402444,626404323207333,1
tf_policy_elo_616bc2f2_phase7_delta1_2026-08-20,animal-cycle-random-7x7_g103_vs_g102.jsonl,animal-cycle-random-7x7,animal-cycle,random-start,7x7,tf:103,tf:102,true,p1,accepted,,626402444,626404323207334,2
tf_policy_elo_616bc2f2_phase7_delta1_2026-08-20,animal-cycle-random-7x7_g103_vs_g102.jsonl,animal-cycle-random-7x7,animal-cycle,random-start,7x7,tf:102,tf:103,false,p2,accepted,,626402444,626404323207335,3
tf_policy_elo_616bc2f2_phase7_delta1_2026-08-20,animal-cycle-random-7x7_g103_vs_g102.jsonl,animal-cycle-random-7x7,animal-cycle,random-start,7x7,tf:103,tf:102,true,p2,accepted,,626402444,626404323207336,4
tf_policy_elo_616bc2f2_phase7_delta1_2026-08-20,animal-cycle-random-7x7_g103_vs_g102.jsonl,animal-cycle-random-7x7,animal-cycle,random-start,7x7,tf:102,tf:103,false,p1,accepted,,626402444,626404323207337,5
tf_policy_elo_616bc2f2_phase7_delta1_2026-08-20,animal-cycle-random-7x7_g103_vs_g102.jsonl,animal-cycle-random-7x7,animal-cycle,random-start,7x7,tf:103,tf:102,true,p2,accepted,,626402444,626404323207338,6
tf_policy_elo_616bc2f2_phase7_delta1_2026-08-20,animal-cycle-random-7x7_g103_vs_g102.jsonl,animal-cycle-random-7x7,animal-cycle,random-start,7x7,tf:102,tf:103,false,p2,accepted,,626402444,626404323207339,7
tf_policy_elo_616bc2f2_phase7_delta1_2026-08-20,animal-cycle-random-7x7_g103_vs_g102.jsonl,animal-cycle-random-7x7,animal-cycle,random-start,7x7,tf:103,tf:102,true,p2,accepted,,626402444,626404323207340,8
tf_policy_elo_616bc2f2_phase7_delta1_2026-08-20,animal-cycle-random-7x7_g103_vs_g102.jsonl,animal-cycle-random-7x7,animal-cycle,random-start,7x7,tf:102,tf:103,false,p1,accepted,,626402444,626404323207341,9
tf_policy_elo_616bc2f2_phase7_delta1_2026-08-20,animal-cycle-random-7x7_g103_vs_g102.jsonl,animal-cycle-random-7x7,animal-cycle,random-start,7x7,tf:103,tf:102,true,p1,accepted,,626402444,626404323207342,10
tf_policy_elo_616bc2f2_phase7_delta1_2026-08-20,animal-cycle-random-7x7_g103_vs_g102.jsonl,animal-cycle-random-7x7,animal-cycle,random-start,7x7,tf:102,tf:103,false,p1,accepted,,626402444,626404323207343,11
tf_policy_elo_616bc2f2_phase7_delta1_2026-08-20,animal-cycle-random-7x7_g104_vs_g103.jsonl,animal-cycle-random-7x7,animal-cycle,random-start,7x7,tf:104,tf:103,true,p1,accepted,,626503444,626505323510332,0
tf_policy_elo_616bc2f2_phase7_delta1_2026-08-20,animal-cycle-random-7x7_g104_vs_g103.jsonl,animal-cycle-random-7x7,animal-cycle,random-start,7x7,tf:103,tf:104,false,p2,accepted,,626503444,626505323510333,1
tf_policy_elo_616bc2f2_phase7_delta1_2026-08-20,animal-cycle-random-7x7_g104_vs_g103.jsonl,animal-cycle-random-7x7,animal-cycle,random-start,7x7,tf:104,tf:103,true,p1,accepted,,626503444,626505323510334,2
tf_policy_elo_616bc2f2_phase7_delta1_2026-08-20,animal-cycle-random-7x7_g104_vs_g103.jsonl,animal-cycle-random-7x7,animal-cycle,random-start,7x7,tf:103,tf:104,false,p2,accepted,,626503444,626505323510335,3
tf_policy_elo_616bc2f2_phase7_delta1_2026-08-20,animal-cycle-random-7x7_g104_vs_g103.jsonl,animal-cycle-random-7x7,animal-cycle,random-start,7x7,tf:104,tf:103,true,p2,accepted,,626503444,626505323510336,4
tf_policy_elo_616bc2f2_phase7_delta1_2026-08-20,animal-cycle-random-7x7_g104_vs_g103.jsonl,animal-cycle-random-7x7,animal-cycle,random-start,7x7,tf:103,tf:104,false,p1,accepted,,626503444,626505323510337,5
tf_policy_elo_616bc2f2_phase7_delta1_2026-08-20,animal-cycle-random-7x7_g104_vs_g103.jsonl,animal-cycle-random-7x7,animal-cycle,random-start,7x7,tf:104,tf:103,true,p2,accepted,,626503444,626505323510338,6
tf_policy_elo_616bc2f2_phase7_delta1_2026-08-20,animal-cycle-random-7x7_g104_vs_g103.jsonl,animal-cycle-random-7x7,animal-cycle,random-start,7x7,tf:103,tf:104,false,p2,accepted,,626503444,626505323510339,7
tf_policy_elo_616bc2f2_phase7_delta1_2026-08-20,animal-cycle-random-7x7_g104_vs_g103.jsonl,animal-cycle-random-7x7,animal-cycle,random-start,7x7,tf:104,tf:103,true,p1,accepted,,626503444,626505323510340,8
tf_policy_elo_616bc2f2_phase7_delta1_2026-08-20,animal-cycle-random-7x7_g104_vs_g103.jsonl,animal-cycle-random-7x7,animal-cycle,random-start,7x7,tf:103,tf:104,false,p2,accepted,,626503444,626505323510341,9
tf_policy_elo_616bc2f2_phase7_delta1_2026-08-20,animal-cycle-random-7x7_g104_vs_g103.jsonl,animal-cycle-random-7x7,animal-cycle,random-start,7x7,tf:104,tf:103,true,p1,accepted,,626503444,626505323510342,10
tf_policy_elo_616bc2f2_phase7_delta1_2026-08-20,animal-cycle-random-7x7_g104_vs_g103.jsonl,animal-cycle-random-7x7,animal-cycle,random-start,7x7,tf:103,tf:104,false,p1,accepted,,626503444,626505323510343,11
tf_policy_elo_616bc2f2_phase7_delta1_2026-08-20,animal-cycle-random-7x7_g105_vs_g104.jsonl,animal-cycle-random-7x7,animal-cycle,random-start,7x7,tf:105,tf:104,true,p1,accepted,,626604444,626606323813332,0
tf_policy_elo_616bc2f2_phase7_delta1_2026-08-20,animal-cycle-random-7x7_g105_vs_g104.jsonl,animal-cycle-random-7x7,animal-cycle,random-start,7x7,tf:104,tf:105,false,p2,accepted,,626604444,626606323813333,1
tf_policy_elo_616bc2f2_phase7_delta1_2026-08-20,animal-cycle-random-7x7_g105_vs_g104.jsonl,animal-cycle-random-7x7,animal-cycle,random-start,7x7,tf:105,tf:104,true,p1,accepted,,626604444,626606323813334,2
tf_policy_elo_616bc2f2_phase7_delta1_2026-08-20,animal-cycle-random-7x7_g105_vs_g104.jsonl,animal-cycle-random-7x7,animal-cycle,random-start,7x7,tf:104,tf:105,false,p1,accepted,,626604444,626606323813335,3
tf_policy_elo_616bc2f2_phase7_delta1_2026-08-20,animal-cycle-random-7x7_g105_vs_g104.jsonl,animal-cycle-random-7x7,animal-cycle,random-start,7x7,tf:105,tf:104,true,p2,accepted,,626604444,626606323813336,4
tf_policy_elo_616bc2f2_phase7_delta1_2026-08-20,animal-cycle-random-7x7_g105_vs_g104.jsonl,animal-cycle-random-7x7,animal-cycle,random-start,7x7,tf:104,tf:105,false,p2,accepted,,626604444,626606323813337,5
tf_policy_elo_616bc2f2_phase7_delta1_2026-08-20,animal-cycle-random-7x7_g105_vs_g104.jsonl,animal-cycle-random-7x7,animal-cycle,random-start,7x7,tf:105,tf:104,true,p1,accepted,,626604444,626606323813338,6
tf_policy_elo_616bc2f2_phase7_delta1_2026-08-20,animal-cycle-random-7x7_g105_vs_g104.jsonl,animal-cycle-random-7x7,animal-cycle,random-start,7x7,tf:104,tf:105,false,p1,accepted,,626604444,626606323813339,7
tf_policy_elo_616bc2f2_phase7_delta1_2026-08-20,animal-cycle-random-7x7_g105_vs_g104.jsonl,animal-cycle-random-7x7,animal-cycle,random-start,7x7,tf:105,tf:104,true,p1,accepted,,626604444,626606323813340,8
tf_policy_elo_616bc2f2_phase7_delta1_2026-08-20,animal-cycle-random-7x7_g105_vs_g104.jsonl,animal-cycle-random-7x7,animal-cycle,random-start,7x7,tf:104,tf:105,false,p1,accepted,,626604444,626606323813341,9
tf_policy_elo_616bc2f2_phase7_delta1_2026-08-20,animal-cycle-random-7x7_g105_vs_g104.jsonl,animal-cycle-random-7x7,animal-cycle,random-start,7x7,tf:105,tf:104,true,p2,accepted,,626604444,626606323813342,10
tf_policy_elo_616bc2f2_phase7_delta1_2026-08-20,animal-cycle-random-7x7_g105_vs_g104.jsonl,animal-cycle-random-7x7,animal-cycle,random-start,7x7,tf:104,tf:105,false,p1,accepted,,626604444,626606323813343,11
tf_policy_elo_616bc2f2_phase7_delta1_2026-08-20,animal-cycle-random-7x7_g106_vs_g105.jsonl,animal-cycle-random-7x7,animal-cycle,random-start,7x7,tf:106,tf:105,true,p2,accepted,,626705444,626707324116332,0
tf_policy_elo_616bc2f2_phase7_delta1_2026-08-20,animal-cycle-random-7x7_g106_vs_g105.jsonl,animal-cycle-random-7x7,animal-cycle,random-start,7x7,tf:105,tf:106,false,p2,accepted,,626705444,626707324116333,1
tf_policy_elo_616bc2f2_phase7_delta1_2026-08-20,animal-cycle-random-7x7_g106_vs_g105.jsonl,animal-cycle-random-7x7,animal-cycle,random-start,7x7,tf:106,tf:105,true,p1,accepted,,626705444,626707324116334,2
tf_policy_elo_616bc2f2_phase7_delta1_2026-08-20,animal-cycle-random-7x7_g106_vs_g105.jsonl,animal-cycle-random-7x7,animal-cycle,random-start,7x7,tf:105,tf:106,false,p1,accepted,,626705444,626707324116335,3
tf_policy_elo_616bc2f2_phase7_delta1_2026-08-20,animal-cycle-random-7x7_g106_vs_g105.jsonl,animal-cycle-random-7x7,animal-cycle,random-start,7x7,tf:106,tf:105,true,p2,accepted,,626705444,626707324116336,4
tf_policy_elo_616bc2f2_phase7_delta1_2026-08-20,animal-cycle-random-7x7_g106_vs_g105.jsonl,animal-cycle-random-7x7,animal-cycle,random-start,7x7,tf:105,tf:106,false,p2,accepted,,626705444,626707324116337,5
tf_policy_elo_616bc2f2_phase7_delta1_2026-08-20,animal-cycle-random-7x7_g106_vs_g105.jsonl,animal-cycle-random-7x7,animal-cycle,random-start,7x7,tf:106,tf:105,true,p1,accepted,,626705444,626707324116338,6
tf_policy_elo_616bc2f2_phase7_delta1_2026-08-20,animal-cycle-random-7x7_g106_vs_g105.jsonl,animal-cycle-random-7x7,animal-cycle,random-start,7x7,tf:105,tf:106,false,p2,accepted,,626705444,626707324116339,7
tf_policy_elo_616bc2f2_phase7_delta1_2026-08-20,animal-cycle-random-7x7_g106_vs_g105.jsonl,animal-cycle-random-7x7,animal-cycle,random-start,7x7,tf:106,tf:105,true,p1,accepted,,626705444,626707324116340,8
tf_policy_elo_616bc2f2_phase7_delta1_2026-08-20,animal-cycle-random-7x7_g106_vs_g105.jsonl,animal-cycle-random-7x7,animal-cycle,random-start,7x7,tf:105,tf:106,false,p1,accepted,,626705444,626707324116341,9
tf_policy_elo_616bc2f2_phase7_delta1_2026-08-20,animal-cycle-random-7x7_g106_vs_g105.jsonl,animal-cycle-random-7x7,animal-cycle,random-start,7x7,tf:106,tf:105,true,p2,accepted,,626705444,626707324116342,10
tf_policy_elo_616bc2f2_phase7_delta1_2026-08-20,animal-cycle-random-7x7_g106_vs_g105.jsonl,animal-cycle-random-7x7,animal-cycle,random-start,7x7,tf:105,tf:106,false,p2,accepted,,626705444,626707324116343,11
tf_policy_elo_616bc2f2_phase7_delta1_2026-08-20,animal-cycle-random-7x7_g107_vs_g106.jsonl,animal-cycle-random-7x7,animal-cycle,random-start,7x7,tf:107,tf:106,true,p1,accepted,,626806444,626808324419332,0
tf_policy_elo_616bc2f2_phase7_delta1_2026-08-20,animal-cycle-random-7x7_g107_vs_g106.jsonl,animal-cycle-random-7x7,animal-cycle,random-start,7x7,tf:106,tf:107,false,p2,accepted,,626806444,626808324419333,1
tf_policy_elo_616bc2f2_phase7_delta1_2026-08-20,animal-cycle-random-7x7_g107_vs_g106.jsonl,animal-cycle-random-7x7,animal-cycle,random-start,7x7,tf:107,tf:106,true,p2,accepted,,626806444,626808324419334,2
tf_policy_elo_616bc2f2_phase7_delta1_2026-08-20,animal-cycle-random-7x7_g107_vs_g106.jsonl,animal-cycle-random-7x7,animal-cycle,random-start,7x7,tf:106,tf:107,false,p2,accepted,,626806444,626808324419335,3
tf_policy_elo_616bc2f2_phase7_delta1_2026-08-20,animal-cycle-random-7x7_g107_vs_g106.jsonl,animal-cycle-random-7x7,animal-cycle,random-start,7x7,tf:107,tf:106,true,p2,accepted,,626806444,626808324419336,4
tf_policy_elo_616bc2f2_phase7_delta1_2026-08-20,animal-cycle-random-7x7_g107_vs_g106.jsonl,animal-cycle-random-7x7,animal-cycle,random-start,7x7,tf:106,tf:107,false,p2,accepted,,626806444,626808324419337,5
tf_policy_elo_616bc2f2_phase7_delta1_2026-08-20,animal-cycle-random-7x7_g107_vs_g106.jsonl,animal-cycle-random-7x7,animal-cycle,random-start,7x7,tf:107,tf:106,true,p1,accepted,,626806444,626808324419338,6
tf_policy_elo_616bc2f2_phase7_delta1_2026-08-20,animal-cycle-random-7x7_g107_vs_g106.jsonl,animal-cycle-random-7x7,animal-cycle,random-start,7x7,tf:106,tf:107,false,p2,accepted,,626806444,626808324419339,7
tf_policy_elo_616bc2f2_phase7_delta1_2026-08-20,animal-cycle-random-7x7_g107_vs_g106.jsonl,animal-cycle-random-7x7,animal-cycle,random-start,7x7,tf:107,tf:106,true,p2,accepted,,626806444,626808324419340,8
tf_policy_elo_616bc2f2_phase7_delta1_2026-08-20,animal-cycle-random-7x7_g107_vs_g106.jsonl,animal-cycle-random-7x7,animal-cycle,random-start,7x7,tf:106,tf:107,false,p1,accepted,,626806444,626808324419341,9
tf_policy_elo_616bc2f2_phase7_delta1_2026-08-20,animal-cycle-random-7x7_g107_vs_g106.jsonl,animal-cycle-random-7x7,animal-cycle,random-start,7x7,tf:107,tf:106,true,p2,accepted,,626806444,626808324419342,10
tf_policy_elo_616bc2f2_phase7_delta1_2026-08-20,animal-cycle-random-7x7_g107_vs_g106.jsonl,animal-cycle-random-7x7,animal-cycle,random-start,7x7,tf:106,tf:107,false,p1,accepted,,626806444,626808324419343,11
tf_policy_elo_616bc2f2_phase7_delta1_2026-08-20,animal-cycle-random-7x7_g108_vs_g107.jsonl,animal-cycle-random-7x7,animal-cycle,random-start,7x7,tf:108,tf:107,true,p2,accepted,,626907444,626909324722332,0
tf_policy_elo_616bc2f2_phase7_delta1_2026-08-20,animal-cycle-random-7x7_g108_vs_g107.jsonl,animal-cycle-random-7x7,animal-cycle,random-start,7x7,tf:107,tf:108,false,p1,accepted,,626907444,626909324722333,1
tf_policy_elo_616bc2f2_phase7_delta1_2026-08-20,animal-cycle-random-7x7_g108_vs_g107.jsonl,animal-cycle-random-7x7,animal-cycle,random-start,7x7,tf:108,tf:107,true,p1,accepted,,626907444,626909324722334,2
tf_policy_elo_616bc2f2_phase7_delta1_2026-08-20,animal-cycle-random-7x7_g108_vs_g107.jsonl,animal-cycle-random-7x7,animal-cycle,random-start,7x7,tf:107,tf:108,false,p1,accepted,,626907444,626909324722335,3
tf_policy_elo_616bc2f2_phase7_delta1_2026-08-20,animal-cycle-random-7x7_g108_vs_g107.jsonl,animal-cycle-random-7x7,animal-cycle,random-start,7x7,tf:108,tf:107,true,p1,accepted,,626907444,626909324722336,4
tf_policy_elo_616bc2f2_phase7_delta1_2026-08-20,animal-cycle-random-7x7_g108_vs_g107.jsonl,animal-cycle-random-7x7,animal-cycle,random-start,7x7,tf:107,tf:108,false,p2,accepted,,626907444,626909324722337,5
tf_policy_elo_616bc2f2_phase7_delta1_2026-08-20,animal-cycle-random-7x7_g108_vs_g107.jsonl,animal-cycle-random-7x7,animal-cycle,random-start,7x7,tf:108,tf:107,true,p1,accepted,,626907444,626909324722338,6
tf_policy_elo_616bc2f2_phase7_delta1_2026-08-20,animal-cycle-random-7x7_g108_vs_g107.jsonl,animal-cycle-random-7x7,animal-cycle,random-start,7x7,tf:107,tf:108,false,p1,accepted,,626907444,626909324722339,7
tf_policy_elo_616bc2f2_phase7_delta1_2026-08-20,animal-cycle-random-7x7_g108_vs_g107.jsonl,animal-cycle-random-7x7,animal-cycle,random-start,7x7,tf:108,tf:107,true,p2,accepted,,626907444,626909324722340,8
tf_policy_elo_616bc2f2_phase7_delta1_2026-08-20,animal-cycle-random-7x7_g108_vs_g107.jsonl,animal-cycle-random-7x7,animal-cycle,random-start,7x7,tf:107,tf:108,false,p2,accepted,,626907444,626909324722341,9
tf_policy_elo_616bc2f2_phase7_delta1_2026-08-20,animal-cycle-random-7x7_g108_vs_g107.jsonl,animal-cycle-random-7x7,animal-cycle,random-start,7x7,tf:108,tf:107,true,p1,accepted,,626907444,626909324722342,10
tf_policy_elo_616bc2f2_phase7_delta1_2026-08-20,animal-cycle-random-7x7_g108_vs_g107.jsonl,animal-cycle-random-7x7,animal-cycle,random-start,7x7,tf:107,tf:108,false,p1,accepted,,626907444,626909324722343,11
tf_policy_elo_616bc2f2_phase7_delta1_2026-08-20,animal-cycle-random-7x7_g109_vs_g108.jsonl,animal-cycle-random-7x7,animal-cycle,random-start,7x7,tf:109,tf:108,true,p1,accepted,,627008444,627010325025332,0
tf_policy_elo_616bc2f2_phase7_delta1_2026-08-20,animal-cycle-random-7x7_g109_vs_g108.jsonl,animal-cycle-random-7x7,animal-cycle,random-start,7x7,tf:108,tf:109,false,p2,accepted,,627008444,627010325025333,1
tf_policy_elo_616bc2f2_phase7_delta1_2026-08-20,animal-cycle-random-7x7_g109_vs_g108.jsonl,animal-cycle-random-7x7,animal-cycle,random-start,7x7,tf:109,tf:108,true,p2,accepted,,627008444,627010325025334,2
tf_policy_elo_616bc2f2_phase7_delta1_2026-08-20,animal-cycle-random-7x7_g109_vs_g108.jsonl,animal-cycle-random-7x7,animal-cycle,random-start,7x7,tf:108,tf:109,false,p1,accepted,,627008444,627010325025335,3
tf_policy_elo_616bc2f2_phase7_delta1_2026-08-20,animal-cycle-random-7x7_g109_vs_g108.jsonl,animal-cycle-random-7x7,animal-cycle,random-start,7x7,tf:109,tf:108,true,p1,accepted,,627008444,627010325025336,4
tf_policy_elo_616bc2f2_phase7_delta1_2026-08-20,animal-cycle-random-7x7_g109_vs_g108.jsonl,animal-cycle-random-7x7,animal-cycle,random-start,7x7,tf:108,tf:109,false,p2,accepted,,627008444,627010325025337,5
tf_policy_elo_616bc2f2_phase7_delta1_2026-08-20,animal-cycle-random-7x7_g109_vs_g108.jsonl,animal-cycle-random-7x7,animal-cycle,random-start,7x7,tf:109,tf:108,true,p1,accepted,,627008444,627010325025338,6
tf_policy_elo_616bc2f2_phase7_delta1_2026-08-20,animal-cycle-random-7x7_g109_vs_g108.jsonl,animal-cycle-random-7x7,animal-cycle,random-start,7x7,tf:108,tf:109,false,p1,accepted,,627008444,627010325025339,7
tf_policy_elo_616bc2f2_phase7_delta1_2026-08-20,animal-cycle-random-7x7_g109_vs_g108.jsonl,animal-cycle-random-7x7,animal-cycle,random-start,7x7,tf:109,tf:108,true,p1,accepted,,627008444,627010325025340,8
tf_policy_elo_616bc2f2_phase7_delta1_2026-08-20,animal-cycle-random-7x7_g109_vs_g108.jsonl,animal-cycle-random-7x7,animal-cycle,random-start,7x7,tf:108,tf:109,false,p1,accepted,,627008444,627010325025341,9
tf_policy_elo_616bc2f2_phase7_delta1_2026-08-20,animal-cycle-random-7x7_g109_vs_g108.jsonl,animal-cycle-random-7x7,animal-cycle,random-start,7x7,tf:109,tf:108,true,p2,accepted,,627008444,627010325025342,10
tf_policy_elo_616bc2f2_phase7_delta1_2026-08-20,animal-cycle-random-7x7_g109_vs_g108.jsonl,animal-cycle-random-7x7,animal-cycle,random-start,7x7,tf:108,tf:109,false,p2,accepted,,627008444,627010325025343,11
tf_policy_elo_616bc2f2_phase7_delta1_2026-08-20,animal-cycle-random-7x7_g110_vs_g109.jsonl,animal-cycle-random-7x7,animal-cycle,random-start,7x7,tf:110,tf:109,true,p1,accepted,,627109444,627111325328332,0
tf_policy_elo_616bc2f2_phase7_delta1_2026-08-20,animal-cycle-random-7x7_g110_vs_g109.jsonl,animal-cycle-random-7x7,animal-cycle,random-start,7x7,tf:109,tf:110,false,p2,accepted,,627109444,627111325328333,1
tf_policy_elo_616bc2f2_phase7_delta1_2026-08-20,animal-cycle-random-7x7_g110_vs_g109.jsonl,animal-cycle-random-7x7,animal-cycle,random-start,7x7,tf:110,tf:109,true,p2,accepted,,627109444,627111325328334,2
tf_policy_elo_616bc2f2_phase7_delta1_2026-08-20,animal-cycle-random-7x7_g110_vs_g109.jsonl,animal-cycle-random-7x7,animal-cycle,random-start,7x7,tf:109,tf:110,false,p1,accepted,,627109444,627111325328335,3
tf_policy_elo_616bc2f2_phase7_delta1_2026-08-20,animal-cycle-random-7x7_g110_vs_g109.jsonl,animal-cycle-random-7x7,animal-cycle,random-start,7x7,tf:110,tf:109,true,p1,accepted,,627109444,627111325328336,4
tf_policy_elo_616bc2f2_phase7_delta1_2026-08-20,animal-cycle-random-7x7_g110_vs_g109.jsonl,animal-cycle-random-7x7,animal-cycle,random-start,7x7,tf:109,tf:110,false,p2,accepted,,627109444,627111325328337,5
tf_policy_elo_616bc2f2_phase7_delta1_2026-08-20,animal-cycle-random-7x7_g110_vs_g109.jsonl,animal-cycle-random-7x7,animal-cycle,random-start,7x7,tf:110,tf:109,true,p2,accepted,,627109444,627111325328338,6
tf_policy_elo_616bc2f2_phase7_delta1_2026-08-20,animal-cycle-random-7x7_g110_vs_g109.jsonl,animal-cycle-random-7x7,animal-cycle,random-start,7x7,tf:109,tf:110,false,p1,accepted,,627109444,627111325328339,7
tf_policy_elo_616bc2f2_phase7_delta1_2026-08-20,animal-cycle-random-7x7_g110_vs_g109.jsonl,animal-cycle-random-7x7,animal-cycle,random-start,7x7,tf:110,tf:109,true,p1,accepted,,627109444,627111325328340,8
tf_policy_elo_616bc2f2_phase7_delta1_2026-08-20,animal-cycle-random-7x7_g110_vs_g109.jsonl,animal-cycle-random-7x7,animal-cycle,random-start,7x7,tf:109,tf:110,false,p1,accepted,,627109444,627111325328341,9
tf_policy_elo_616bc2f2_phase7_delta1_2026-08-20,animal-cycle-random-7x7_g110_vs_g109.jsonl,animal-cycle-random-7x7,animal-cycle,random-start,7x7,tf:110,tf:109,true,p2,accepted,,627109444,627111325328342,10
tf_policy_elo_616bc2f2_phase7_delta1_2026-08-20,animal-cycle-random-7x7_g110_vs_g109.jsonl,animal-cycle-random-7x7,animal-cycle,random-start,7x7,tf:109,tf:110,false,p1,accepted,,627109444,627111325328343,11
tf_policy_elo_616bc2f2_phase7_delta1_2026-08-20,animal-cycle-random-7x7_g111_vs_g110.jsonl,animal-cycle-random-7x7,animal-cycle,random-start,7x7,tf:111,tf:110,true,p1,accepted,,627210444,627212325631332,0
tf_policy_elo_616bc2f2_phase7_delta1_2026-08-20,animal-cycle-random-7x7_g111_vs_g110.jsonl,animal-cycle-random-7x7,animal-cycle,random-start,7x7,tf:110,tf:111,false,p1,accepted,,627210444,627212325631333,1
tf_policy_elo_616bc2f2_phase7_delta1_2026-08-20,animal-cycle-random-7x7_g111_vs_g110.jsonl,animal-cycle-random-7x7,animal-cycle,random-start,7x7,tf:111,tf:110,true,p1,accepted,,627210444,627212325631334,2
tf_policy_elo_616bc2f2_phase7_delta1_2026-08-20,animal-cycle-random-7x7_g111_vs_g110.jsonl,animal-cycle-random-7x7,animal-cycle,random-start,7x7,tf:110,tf:111,false,p1,accepted,,627210444,627212325631335,3
tf_policy_elo_616bc2f2_phase7_delta1_2026-08-20,animal-cycle-random-7x7_g111_vs_g110.jsonl,animal-cycle-random-7x7,animal-cycle,random-start,7x7,tf:111,tf:110,true,p2,accepted,,627210444,627212325631336,4
tf_policy_elo_616bc2f2_phase7_delta1_2026-08-20,animal-cycle-random-7x7_g111_vs_g110.jsonl,animal-cycle-random-7x7,animal-cycle,random-start,7x7,tf:110,tf:111,false,p1,accepted,,627210444,627212325631337,5
tf_policy_elo_616bc2f2_phase7_delta1_2026-08-20,animal-cycle-random-7x7_g111_vs_g110.jsonl,animal-cycle-random-7x7,animal-cycle,random-start,7x7,tf:111,tf:110,true,p1,accepted,,627210444,627212325631338,6
tf_policy_elo_616bc2f2_phase7_delta1_2026-08-20,animal-cycle-random-7x7_g111_vs_g110.jsonl,animal-cycle-random-7x7,animal-cycle,random-start,7x7,tf:110,tf:111,false,p1,accepted,,627210444,627212325631339,7
tf_policy_elo_616bc2f2_phase7_delta1_2026-08-20,animal-cycle-random-7x7_g111_vs_g110.jsonl,animal-cycle-random-7x7,animal-cycle,random-start,7x7,tf:111,tf:110,true,p1,accepted,,627210444,627212325631340,8
tf_policy_elo_616bc2f2_phase7_delta1_2026-08-20,animal-cycle-random-7x7_g111_vs_g110.jsonl,animal-cycle-random-7x7,animal-cycle,random-start,7x7,tf:110,tf:111,false,p2,accepted,,627210444,627212325631341,9
tf_policy_elo_616bc2f2_phase7_delta1_2026-08-20,animal-cycle-random-7x7_g111_vs_g110.jsonl,animal-cycle-random-7x7,animal-cycle,random-start,7x7,tf:111,tf:110,true,p2,accepted,,627210444,627212325631342,10
tf_policy_elo_616bc2f2_phase7_delta1_2026-08-20,animal-cycle-random-7x7_g111_vs_g110.jsonl,animal-cycle-random-7x7,animal-cycle,random-start,7x7,tf:110,tf:111,false,p1,accepted,,627210444,627212325631343,11
tf_policy_elo_616bc2f2_phase7_delta1_2026-08-20,animal-cycle-random-7x7_g112_vs_g111.jsonl,animal-cycle-random-7x7,animal-cycle,random-start,7x7,tf:112,tf:111,true,p1,accepted,,627311444,627313325934332,0
tf_policy_elo_616bc2f2_phase7_delta1_2026-08-20,animal-cycle-random-7x7_g112_vs_g111.jsonl,animal-cycle-random-7x7,animal-cycle,random-start,7x7,tf:111,tf:112,false,p2,accepted,,627311444,627313325934333,1
tf_policy_elo_616bc2f2_phase7_delta1_2026-08-20,animal-cycle-random-7x7_g112_vs_g111.jsonl,animal-cycle-random-7x7,animal-cycle,random-start,7x7,tf:112,tf:111,true,p1,accepted,,627311444,627313325934334,2
tf_policy_elo_616bc2f2_phase7_delta1_2026-08-20,animal-cycle-random-7x7_g112_vs_g111.jsonl,animal-cycle-random-7x7,animal-cycle,random-start,7x7,tf:111,tf:112,false,p2,accepted,,627311444,627313325934335,3
tf_policy_elo_616bc2f2_phase7_delta1_2026-08-20,animal-cycle-random-7x7_g112_vs_g111.jsonl,animal-cycle-random-7x7,animal-cycle,random-start,7x7,tf:112,tf:111,true,p1,accepted,,627311444,627313325934336,4
tf_policy_elo_616bc2f2_phase7_delta1_2026-08-20,animal-cycle-random-7x7_g112_vs_g111.jsonl,animal-cycle-random-7x7,animal-cycle,random-start,7x7,tf:111,tf:112,false,p2,accepted,,627311444,627313325934337,5
tf_policy_elo_616bc2f2_phase7_delta1_2026-08-20,animal-cycle-random-7x7_g112_vs_g111.jsonl,animal-cycle-random-7x7,animal-cycle,random-start,7x7,tf:112,tf:111,true,p1,accepted,,627311444,627313325934338,6
tf_policy_elo_616bc2f2_phase7_delta1_2026-08-20,animal-cycle-random-7x7_g112_vs_g111.jsonl,animal-cycle-random-7x7,animal-cycle,random-start,7x7,tf:111,tf:112,false,p1,accepted,,627311444,627313325934339,7
tf_policy_elo_616bc2f2_phase7_delta1_2026-08-20,animal-cycle-random-7x7_g112_vs_g111.jsonl,animal-cycle-random-7x7,animal-cycle,random-start,7x7,tf:112,tf:111,true,p1,accepted,,627311444,627313325934340,8
tf_policy_elo_616bc2f2_phase7_delta1_2026-08-20,animal-cycle-random-7x7_g112_vs_g111.jsonl,animal-cycle-random-7x7,animal-cycle,random-start,7x7,tf:111,tf:112,false,p1,accepted,,627311444,627313325934341,9
tf_policy_elo_616bc2f2_phase7_delta1_2026-08-20,animal-cycle-random-7x7_g112_vs_g111.jsonl,animal-cycle-random-7x7,animal-cycle,random-start,7x7,tf:112,tf:111,true,p1,accepted,,627311444,627313325934342,10
tf_policy_elo_616bc2f2_phase7_delta1_2026-08-20,animal-cycle-random-7x7_g112_vs_g111.jsonl,animal-cycle-random-7x7,animal-cycle,random-start,7x7,tf:111,tf:112,false,p2,accepted,,627311444,627313325934343,11
tf_policy_elo_616bc2f2_phase7_delta1_2026-08-20,animal-cycle-random-7x7_g113_vs_g112.jsonl,animal-cycle-random-7x7,animal-cycle,random-start,7x7,tf:113,tf:112,true,p1,accepted,,627412444,627414326237332,0
tf_policy_elo_616bc2f2_phase7_delta1_2026-08-20,animal-cycle-random-7x7_g113_vs_g112.jsonl,animal-cycle-random-7x7,animal-cycle,random-start,7x7,tf:112,tf:113,false,p2,accepted,,627412444,627414326237333,1
tf_policy_elo_616bc2f2_phase7_delta1_2026-08-20,animal-cycle-random-7x7_g113_vs_g112.jsonl,animal-cycle-random-7x7,animal-cycle,random-start,7x7,tf:113,tf:112,true,p1,accepted,,627412444,627414326237334,2
tf_policy_elo_616bc2f2_phase7_delta1_2026-08-20,animal-cycle-random-7x7_g113_vs_g112.jsonl,animal-cycle-random-7x7,animal-cycle,random-start,7x7,tf:112,tf:113,false,p1,accepted,,627412444,627414326237335,3
tf_policy_elo_616bc2f2_phase7_delta1_2026-08-20,animal-cycle-random-7x7_g113_vs_g112.jsonl,animal-cycle-random-7x7,animal-cycle,random-start,7x7,tf:113,tf:112,true,p1,accepted,,627412444,627414326237336,4
tf_policy_elo_616bc2f2_phase7_delta1_2026-08-20,animal-cycle-random-7x7_g113_vs_g112.jsonl,animal-cycle-random-7x7,animal-cycle,random-start,7x7,tf:112,tf:113,false,p2,accepted,,627412444,627414326237337,5
tf_policy_elo_616bc2f2_phase7_delta1_2026-08-20,animal-cycle-random-7x7_g113_vs_g112.jsonl,animal-cycle-random-7x7,animal-cycle,random-start,7x7,tf:113,tf:112,true,p1,accepted,,627412444,627414326237338,6
tf_policy_elo_616bc2f2_phase7_delta1_2026-08-20,animal-cycle-random-7x7_g113_vs_g112.jsonl,animal-cycle-random-7x7,animal-cycle,random-start,7x7,tf:112,tf:113,false,p1,accepted,,627412444,627414326237339,7
tf_policy_elo_616bc2f2_phase7_delta1_2026-08-20,animal-cycle-random-7x7_g113_vs_g112.jsonl,animal-cycle-random-7x7,animal-cycle,random-start,7x7,tf:113,tf:112,true,p2,accepted,,627412444,627414326237340,8
tf_policy_elo_616bc2f2_phase7_delta1_2026-08-20,animal-cycle-random-7x7_g113_vs_g112.jsonl,animal-cycle-random-7x7,animal-cycle,random-start,7x7,tf:112,tf:113,false,p2,accepted,,627412444,627414326237341,9
tf_policy_elo_616bc2f2_phase7_delta1_2026-08-20,animal-cycle-random-7x7_g113_vs_g112.jsonl,animal-cycle-random-7x7,animal-cycle,random-start,7x7,tf:113,tf:112,true,p1,accepted,,627412444,627414326237342,10
tf_policy_elo_616bc2f2_phase7_delta1_2026-08-20,animal-cycle-random-7x7_g113_vs_g112.jsonl,animal-cycle-random-7x7,animal-cycle,random-start,7x7,tf:112,tf:113,false,p1,accepted,,627412444,627414326237343,11
tf_policy_elo_616bc2f2_phase7_delta1_2026-08-20,animal-cycle-random-7x7_g114_vs_g113.jsonl,animal-cycle-random-7x7,animal-cycle,random-start,7x7,tf:114,tf:113,true,p1,accepted,,627513444,627515326540332,0
tf_policy_elo_616bc2f2_phase7_delta1_2026-08-20,animal-cycle-random-7x7_g114_vs_g113.jsonl,animal-cycle-random-7x7,animal-cycle,random-start,7x7,tf:113,tf:114,false,p1,accepted,,627513444,627515326540333,1
tf_policy_elo_616bc2f2_phase7_delta1_2026-08-20,animal-cycle-random-7x7_g114_vs_g113.jsonl,animal-cycle-random-7x7,animal-cycle,random-start,7x7,tf:114,tf:113,true,p2,accepted,,627513444,627515326540334,2
tf_policy_elo_616bc2f2_phase7_delta1_2026-08-20,animal-cycle-random-7x7_g114_vs_g113.jsonl,animal-cycle-random-7x7,animal-cycle,random-start,7x7,tf:113,tf:114,false,p2,accepted,,627513444,627515326540335,3
tf_policy_elo_616bc2f2_phase7_delta1_2026-08-20,animal-cycle-random-7x7_g114_vs_g113.jsonl,animal-cycle-random-7x7,animal-cycle,random-start,7x7,tf:114,tf:113,true,p2,accepted,,627513444,627515326540336,4
tf_policy_elo_616bc2f2_phase7_delta1_2026-08-20,animal-cycle-random-7x7_g114_vs_g113.jsonl,animal-cycle-random-7x7,animal-cycle,random-start,7x7,tf:113,tf:114,false,p1,accepted,,627513444,627515326540337,5
tf_policy_elo_616bc2f2_phase7_delta1_2026-08-20,animal-cycle-random-7x7_g114_vs_g113.jsonl,animal-cycle-random-7x7,animal-cycle,random-start,7x7,tf:114,tf:113,true,p1,accepted,,627513444,627515326540338,6
tf_policy_elo_616bc2f2_phase7_delta1_2026-08-20,animal-cycle-random-7x7_g114_vs_g113.jsonl,animal-cycle-random-7x7,animal-cycle,random-start,7x7,tf:113,tf:114,false,p1,accepted,,627513444,627515326540339,7
tf_policy_elo_616bc2f2_phase7_delta1_2026-08-20,animal-cycle-random-7x7_g114_vs_g113.jsonl,animal-cycle-random-7x7,animal-cycle,random-start,7x7,tf:114,tf:113,true,p2,accepted,,627513444,627515326540340,8
tf_policy_elo_616bc2f2_phase7_delta1_2026-08-20,animal-cycle-random-7x7_g114_vs_g113.jsonl,animal-cycle-random-7x7,animal-cycle,random-start,7x7,tf:113,tf:114,false,p1,accepted,,627513444,627515326540341,9
tf_policy_elo_616bc2f2_phase7_delta1_2026-08-20,animal-cycle-random-7x7_g114_vs_g113.jsonl,animal-cycle-random-7x7,animal-cycle,random-start,7x7,tf:114,tf:113,true,p1,accepted,,627513444,627515326540342,10
tf_policy_elo_616bc2f2_phase7_delta1_2026-08-20,animal-cycle-random-7x7_g114_vs_g113.jsonl,animal-cycle-random-7x7,animal-cycle,random-start,7x7,tf:113,tf:114,false,p1,accepted,,627513444,627515326540343,11
tf_policy_elo_616bc2f2_phase7_delta1_2026-08-20,animal-cycle-random-7x7_g115_vs_g114.jsonl,animal-cycle-random-7x7,animal-cycle,random-start,7x7,tf:115,tf:114,true,p1,accepted,,627614444,627616326843332,0
tf_policy_elo_616bc2f2_phase7_delta1_2026-08-20,animal-cycle-random-7x7_g115_vs_g114.jsonl,animal-cycle-random-7x7,animal-cycle,random-start,7x7,tf:114,tf:115,false,p2,accepted,,627614444,627616326843333,1
tf_policy_elo_616bc2f2_phase7_delta1_2026-08-20,animal-cycle-random-7x7_g115_vs_g114.jsonl,animal-cycle-random-7x7,animal-cycle,random-start,7x7,tf:115,tf:114,true,p2,accepted,,627614444,627616326843334,2
tf_policy_elo_616bc2f2_phase7_delta1_2026-08-20,animal-cycle-random-7x7_g115_vs_g114.jsonl,animal-cycle-random-7x7,animal-cycle,random-start,7x7,tf:114,tf:115,false,p1,accepted,,627614444,627616326843335,3
tf_policy_elo_616bc2f2_phase7_delta1_2026-08-20,animal-cycle-random-7x7_g115_vs_g114.jsonl,animal-cycle-random-7x7,animal-cycle,random-start,7x7,tf:115,tf:114,true,p1,accepted,,627614444,627616326843336,4
tf_policy_elo_616bc2f2_phase7_delta1_2026-08-20,animal-cycle-random-7x7_g115_vs_g114.jsonl,animal-cycle-random-7x7,animal-cycle,random-start,7x7,tf:114,tf:115,false,p1,accepted,,627614444,627616326843337,5
tf_policy_elo_616bc2f2_phase7_delta1_2026-08-20,animal-cycle-random-7x7_g115_vs_g114.jsonl,animal-cycle-random-7x7,animal-cycle,random-start,7x7,tf:115,tf:114,true,p1,accepted,,627614444,627616326843338,6
tf_policy_elo_616bc2f2_phase7_delta1_2026-08-20,animal-cycle-random-7x7_g115_vs_g114.jsonl,animal-cycle-random-7x7,animal-cycle,random-start,7x7,tf:114,tf:115,false,p1,accepted,,627614444,627616326843339,7
tf_policy_elo_616bc2f2_phase7_delta1_2026-08-20,animal-cycle-random-7x7_g115_vs_g114.jsonl,animal-cycle-random-7x7,animal-cycle,random-start,7x7,tf:115,tf:114,true,p2,accepted,,627614444,627616326843340,8
tf_policy_elo_616bc2f2_phase7_delta1_2026-08-20,animal-cycle-random-7x7_g115_vs_g114.jsonl,animal-cycle-random-7x7,animal-cycle,random-start,7x7,tf:114,tf:115,false,p1,accepted,,627614444,627616326843341,9
tf_policy_elo_616bc2f2_phase7_delta1_2026-08-20,animal-cycle-random-7x7_g115_vs_g114.jsonl,animal-cycle-random-7x7,animal-cycle,random-start,7x7,tf:115,tf:114,true,p1,accepted,,627614444,627616326843342,10
tf_policy_elo_616bc2f2_phase7_delta1_2026-08-20,animal-cycle-random-7x7_g115_vs_g114.jsonl,animal-cycle-random-7x7,animal-cycle,random-start,7x7,tf:114,tf:115,false,p1,accepted,,627614444,627616326843343,11
tf_policy_elo_616bc2f2_phase7_delta1_2026-08-20,animal-cycle-random-7x7_g116_vs_g115.jsonl,animal-cycle-random-7x7,animal-cycle,random-start,7x7,tf:116,tf:115,true,p1,accepted,,627715444,627717327146332,0
tf_policy_elo_616bc2f2_phase7_delta1_2026-08-20,animal-cycle-random-7x7_g116_vs_g115.jsonl,animal-cycle-random-7x7,animal-cycle,random-start,7x7,tf:115,tf:116,false,p2,accepted,,627715444,627717327146333,1
tf_policy_elo_616bc2f2_phase7_delta1_2026-08-20,animal-cycle-random-7x7_g116_vs_g115.jsonl,animal-cycle-random-7x7,animal-cycle,random-start,7x7,tf:116,tf:115,true,p1,accepted,,627715444,627717327146334,2
tf_policy_elo_616bc2f2_phase7_delta1_2026-08-20,animal-cycle-random-7x7_g116_vs_g115.jsonl,animal-cycle-random-7x7,animal-cycle,random-start,7x7,tf:115,tf:116,false,p2,accepted,,627715444,627717327146335,3
tf_policy_elo_616bc2f2_phase7_delta1_2026-08-20,animal-cycle-random-7x7_g116_vs_g115.jsonl,animal-cycle-random-7x7,animal-cycle,random-start,7x7,tf:116,tf:115,true,p1,accepted,,627715444,627717327146336,4
tf_policy_elo_616bc2f2_phase7_delta1_2026-08-20,animal-cycle-random-7x7_g116_vs_g115.jsonl,animal-cycle-random-7x7,animal-cycle,random-start,7x7,tf:115,tf:116,false,p2,accepted,,627715444,627717327146337,5
tf_policy_elo_616bc2f2_phase7_delta1_2026-08-20,animal-cycle-random-7x7_g116_vs_g115.jsonl,animal-cycle-random-7x7,animal-cycle,random-start,7x7,tf:116,tf:115,true,p1,accepted,,627715444,627717327146338,6
tf_policy_elo_616bc2f2_phase7_delta1_2026-08-20,animal-cycle-random-7x7_g116_vs_g115.jsonl,animal-cycle-random-7x7,animal-cycle,random-start,7x7,tf:115,tf:116,false,p2,accepted,,627715444,627717327146339,7
tf_policy_elo_616bc2f2_phase7_delta1_2026-08-20,animal-cycle-random-7x7_g116_vs_g115.jsonl,animal-cycle-random-7x7,animal-cycle,random-start,7x7,tf:116,tf:115,true,p1,accepted,,627715444,627717327146340,8
tf_policy_elo_616bc2f2_phase7_delta1_2026-08-20,animal-cycle-random-7x7_g116_vs_g115.jsonl,animal-cycle-random-7x7,animal-cycle,random-start,7x7,tf:115,tf:116,false,p1,accepted,,627715444,627717327146341,9
tf_policy_elo_616bc2f2_phase7_delta1_2026-08-20,animal-cycle-random-7x7_g116_vs_g115.jsonl,animal-cycle-random-7x7,animal-cycle,random-start,7x7,tf:116,tf:115,true,p2,accepted,,627715444,627717327146342,10
tf_policy_elo_616bc2f2_phase7_delta1_2026-08-20,animal-cycle-random-7x7_g116_vs_g115.jsonl,animal-cycle-random-7x7,animal-cycle,random-start,7x7,tf:115,tf:116,false,p1,accepted,,627715444,627717327146343,11
tf_policy_elo_616bc2f2_phase7_delta1_2026-08-20,animal-cycle-random-7x7_g94_vs_g93.jsonl,animal-cycle-random-7x7,animal-cycle,random-start,7x7,tf:94,tf:93,true,p2,accepted,,625493444,625495320480332,0
tf_policy_elo_616bc2f2_phase7_delta1_2026-08-20,animal-cycle-random-7x7_g94_vs_g93.jsonl,animal-cycle-random-7x7,animal-cycle,random-start,7x7,tf:93,tf:94,false,p2,accepted,,625493444,625495320480333,1
tf_policy_elo_616bc2f2_phase7_delta1_2026-08-20,animal-cycle-random-7x7_g94_vs_g93.jsonl,animal-cycle-random-7x7,animal-cycle,random-start,7x7,tf:94,tf:93,true,p2,accepted,,625493444,625495320480334,2
tf_policy_elo_616bc2f2_phase7_delta1_2026-08-20,animal-cycle-random-7x7_g94_vs_g93.jsonl,animal-cycle-random-7x7,animal-cycle,random-start,7x7,tf:93,tf:94,false,p2,accepted,,625493444,625495320480335,3
tf_policy_elo_616bc2f2_phase7_delta1_2026-08-20,animal-cycle-random-7x7_g94_vs_g93.jsonl,animal-cycle-random-7x7,animal-cycle,random-start,7x7,tf:94,tf:93,true,p2,accepted,,625493444,625495320480336,4
tf_policy_elo_616bc2f2_phase7_delta1_2026-08-20,animal-cycle-random-7x7_g94_vs_g93.jsonl,animal-cycle-random-7x7,animal-cycle,random-start,7x7,tf:93,tf:94,false,p1,accepted,,625493444,625495320480337,5
tf_policy_elo_616bc2f2_phase7_delta1_2026-08-20,animal-cycle-random-7x7_g94_vs_g93.jsonl,animal-cycle-random-7x7,animal-cycle,random-start,7x7,tf:94,tf:93,true,p1,accepted,,625493444,625495320480338,6
tf_policy_elo_616bc2f2_phase7_delta1_2026-08-20,animal-cycle-random-7x7_g94_vs_g93.jsonl,animal-cycle-random-7x7,animal-cycle,random-start,7x7,tf:93,tf:94,false,p1,accepted,,625493444,625495320480339,7
tf_policy_elo_616bc2f2_phase7_delta1_2026-08-20,animal-cycle-random-7x7_g94_vs_g93.jsonl,animal-cycle-random-7x7,animal-cycle,random-start,7x7,tf:94,tf:93,true,p2,accepted,,625493444,625495320480340,8
tf_policy_elo_616bc2f2_phase7_delta1_2026-08-20,animal-cycle-random-7x7_g94_vs_g93.jsonl,animal-cycle-random-7x7,animal-cycle,random-start,7x7,tf:93,tf:94,false,p2,accepted,,625493444,625495320480341,9
tf_policy_elo_616bc2f2_phase7_delta1_2026-08-20,animal-cycle-random-7x7_g94_vs_g93.jsonl,animal-cycle-random-7x7,animal-cycle,random-start,7x7,tf:94,tf:93,true,p1,accepted,,625493444,625495320480342,10
tf_policy_elo_616bc2f2_phase7_delta1_2026-08-20,animal-cycle-random-7x7_g94_vs_g93.jsonl,animal-cycle-random-7x7,animal-cycle,random-start,7x7,tf:93,tf:94,false,p2,accepted,,625493444,625495320480343,11
tf_policy_elo_616bc2f2_phase7_delta1_2026-08-20,animal-cycle-random-7x7_g95_vs_g94.jsonl,animal-cycle-random-7x7,animal-cycle,random-start,7x7,tf:95,tf:94,true,p2,accepted,,625594444,625596320783332,0
tf_policy_elo_616bc2f2_phase7_delta1_2026-08-20,animal-cycle-random-7x7_g95_vs_g94.jsonl,animal-cycle-random-7x7,animal-cycle,random-start,7x7,tf:94,tf:95,false,p2,accepted,,625594444,625596320783333,1
tf_policy_elo_616bc2f2_phase7_delta1_2026-08-20,animal-cycle-random-7x7_g95_vs_g94.jsonl,animal-cycle-random-7x7,animal-cycle,random-start,7x7,tf:95,tf:94,true,p1,accepted,,625594444,625596320783334,2
tf_policy_elo_616bc2f2_phase7_delta1_2026-08-20,animal-cycle-random-7x7_g95_vs_g94.jsonl,animal-cycle-random-7x7,animal-cycle,random-start,7x7,tf:94,tf:95,false,p2,accepted,,625594444,625596320783335,3
tf_policy_elo_616bc2f2_phase7_delta1_2026-08-20,animal-cycle-random-7x7_g95_vs_g94.jsonl,animal-cycle-random-7x7,animal-cycle,random-start,7x7,tf:95,tf:94,true,p2,accepted,,625594444,625596320783336,4
tf_policy_elo_616bc2f2_phase7_delta1_2026-08-20,animal-cycle-random-7x7_g95_vs_g94.jsonl,animal-cycle-random-7x7,animal-cycle,random-start,7x7,tf:94,tf:95,false,p2,accepted,,625594444,625596320783337,5
tf_policy_elo_616bc2f2_phase7_delta1_2026-08-20,animal-cycle-random-7x7_g95_vs_g94.jsonl,animal-cycle-random-7x7,animal-cycle,random-start,7x7,tf:95,tf:94,true,p1,accepted,,625594444,625596320783338,6
tf_policy_elo_616bc2f2_phase7_delta1_2026-08-20,animal-cycle-random-7x7_g95_vs_g94.jsonl,animal-cycle-random-7x7,animal-cycle,random-start,7x7,tf:94,tf:95,false,p2,accepted,,625594444,625596320783339,7
tf_policy_elo_616bc2f2_phase7_delta1_2026-08-20,animal-cycle-random-7x7_g95_vs_g94.jsonl,animal-cycle-random-7x7,animal-cycle,random-start,7x7,tf:95,tf:94,true,p2,accepted,,625594444,625596320783340,8
tf_policy_elo_616bc2f2_phase7_delta1_2026-08-20,animal-cycle-random-7x7_g95_vs_g94.jsonl,animal-cycle-random-7x7,animal-cycle,random-start,7x7,tf:94,tf:95,false,p2,accepted,,625594444,625596320783341,9
tf_policy_elo_616bc2f2_phase7_delta1_2026-08-20,animal-cycle-random-7x7_g95_vs_g94.jsonl,animal-cycle-random-7x7,animal-cycle,random-start,7x7,tf:95,tf:94,true,p1,accepted,,625594444,625596320783342,10
tf_policy_elo_616bc2f2_phase7_delta1_2026-08-20,animal-cycle-random-7x7_g95_vs_g94.jsonl,animal-cycle-random-7x7,animal-cycle,random-start,7x7,tf:94,tf:95,false,p2,accepted,,625594444,625596320783343,11
tf_policy_elo_616bc2f2_phase7_delta1_2026-08-20,animal-cycle-random-7x7_g96_vs_g95.jsonl,animal-cycle-random-7x7,animal-cycle,random-start,7x7,tf:96,tf:95,true,p2,accepted,,625695444,625697321086332,0
tf_policy_elo_616bc2f2_phase7_delta1_2026-08-20,animal-cycle-random-7x7_g96_vs_g95.jsonl,animal-cycle-random-7x7,animal-cycle,random-start,7x7,tf:95,tf:96,false,p2,accepted,,625695444,625697321086333,1
tf_policy_elo_616bc2f2_phase7_delta1_2026-08-20,animal-cycle-random-7x7_g96_vs_g95.jsonl,animal-cycle-random-7x7,animal-cycle,random-start,7x7,tf:96,tf:95,true,p2,accepted,,625695444,625697321086334,2
tf_policy_elo_616bc2f2_phase7_delta1_2026-08-20,animal-cycle-random-7x7_g96_vs_g95.jsonl,animal-cycle-random-7x7,animal-cycle,random-start,7x7,tf:95,tf:96,false,p2,accepted,,625695444,625697321086335,3
tf_policy_elo_616bc2f2_phase7_delta1_2026-08-20,animal-cycle-random-7x7_g96_vs_g95.jsonl,animal-cycle-random-7x7,animal-cycle,random-start,7x7,tf:96,tf:95,true,p1,accepted,,625695444,625697321086336,4
tf_policy_elo_616bc2f2_phase7_delta1_2026-08-20,animal-cycle-random-7x7_g96_vs_g95.jsonl,animal-cycle-random-7x7,animal-cycle,random-start,7x7,tf:95,tf:96,false,p2,accepted,,625695444,625697321086337,5
tf_policy_elo_616bc2f2_phase7_delta1_2026-08-20,animal-cycle-random-7x7_g96_vs_g95.jsonl,animal-cycle-random-7x7,animal-cycle,random-start,7x7,tf:96,tf:95,true,p1,accepted,,625695444,625697321086338,6
tf_policy_elo_616bc2f2_phase7_delta1_2026-08-20,animal-cycle-random-7x7_g96_vs_g95.jsonl,animal-cycle-random-7x7,animal-cycle,random-start,7x7,tf:95,tf:96,false,p1,accepted,,625695444,625697321086339,7
tf_policy_elo_616bc2f2_phase7_delta1_2026-08-20,animal-cycle-random-7x7_g96_vs_g95.jsonl,animal-cycle-random-7x7,animal-cycle,random-start,7x7,tf:96,tf:95,true,p2,accepted,,625695444,625697321086340,8
tf_policy_elo_616bc2f2_phase7_delta1_2026-08-20,animal-cycle-random-7x7_g96_vs_g95.jsonl,animal-cycle-random-7x7,animal-cycle,random-start,7x7,tf:95,tf:96,false,p2,accepted,,625695444,625697321086341,9
tf_policy_elo_616bc2f2_phase7_delta1_2026-08-20,animal-cycle-random-7x7_g96_vs_g95.jsonl,animal-cycle-random-7x7,animal-cycle,random-start,7x7,tf:96,tf:95,true,p2,accepted,,625695444,625697321086342,10
tf_policy_elo_616bc2f2_phase7_delta1_2026-08-20,animal-cycle-random-7x7_g96_vs_g95.jsonl,animal-cycle-random-7x7,animal-cycle,random-start,7x7,tf:95,tf:96,false,p2,accepted,,625695444,625697321086343,11
tf_policy_elo_616bc2f2_phase7_delta1_2026-08-20,animal-cycle-random-7x7_g97_vs_g96.jsonl,animal-cycle-random-7x7,animal-cycle,random-start,7x7,tf:97,tf:96,true,p2,accepted,,625796444,625798321389332,0
tf_policy_elo_616bc2f2_phase7_delta1_2026-08-20,animal-cycle-random-7x7_g97_vs_g96.jsonl,animal-cycle-random-7x7,animal-cycle,random-start,7x7,tf:96,tf:97,false,p2,accepted,,625796444,625798321389333,1
tf_policy_elo_616bc2f2_phase7_delta1_2026-08-20,animal-cycle-random-7x7_g97_vs_g96.jsonl,animal-cycle-random-7x7,animal-cycle,random-start,7x7,tf:97,tf:96,true,p1,accepted,,625796444,625798321389334,2
tf_policy_elo_616bc2f2_phase7_delta1_2026-08-20,animal-cycle-random-7x7_g97_vs_g96.jsonl,animal-cycle-random-7x7,animal-cycle,random-start,7x7,tf:96,tf:97,false,p2,accepted,,625796444,625798321389335,3
tf_policy_elo_616bc2f2_phase7_delta1_2026-08-20,animal-cycle-random-7x7_g97_vs_g96.jsonl,animal-cycle-random-7x7,animal-cycle,random-start,7x7,tf:97,tf:96,true,p2,accepted,,625796444,625798321389336,4
tf_policy_elo_616bc2f2_phase7_delta1_2026-08-20,animal-cycle-random-7x7_g97_vs_g96.jsonl,animal-cycle-random-7x7,animal-cycle,random-start,7x7,tf:96,tf:97,false,p2,accepted,,625796444,625798321389337,5
tf_policy_elo_616bc2f2_phase7_delta1_2026-08-20,animal-cycle-random-7x7_g97_vs_g96.jsonl,animal-cycle-random-7x7,animal-cycle,random-start,7x7,tf:97,tf:96,true,p1,accepted,,625796444,625798321389338,6
tf_policy_elo_616bc2f2_phase7_delta1_2026-08-20,animal-cycle-random-7x7_g97_vs_g96.jsonl,animal-cycle-random-7x7,animal-cycle,random-start,7x7,tf:96,tf:97,false,p2,accepted,,625796444,625798321389339,7
tf_policy_elo_616bc2f2_phase7_delta1_2026-08-20,animal-cycle-random-7x7_g97_vs_g96.jsonl,animal-cycle-random-7x7,animal-cycle,random-start,7x7,tf:97,tf:96,true,p2,accepted,,625796444,625798321389340,8
tf_policy_elo_616bc2f2_phase7_delta1_2026-08-20,animal-cycle-random-7x7_g97_vs_g96.jsonl,animal-cycle-random-7x7,animal-cycle,random-start,7x7,tf:96,tf:97,false,p2,accepted,,625796444,625798321389341,9
tf_policy_elo_616bc2f2_phase7_delta1_2026-08-20,animal-cycle-random-7x7_g97_vs_g96.jsonl,animal-cycle-random-7x7,animal-cycle,random-start,7x7,tf:97,tf:96,true,p1,accepted,,625796444,625798321389342,10
tf_policy_elo_616bc2f2_phase7_delta1_2026-08-20,animal-cycle-random-7x7_g97_vs_g96.jsonl,animal-cycle-random-7x7,animal-cycle,random-start,7x7,tf:96,tf:97,false,p1,accepted,,625796444,625798321389343,11
tf_policy_elo_616bc2f2_phase7_delta1_2026-08-20,animal-cycle-random-7x7_g98_vs_g97.jsonl,animal-cycle-random-7x7,animal-cycle,random-start,7x7,tf:98,tf:97,true,p2,accepted,,625897444,625899321692332,0
tf_policy_elo_616bc2f2_phase7_delta1_2026-08-20,animal-cycle-random-7x7_g98_vs_g97.jsonl,animal-cycle-random-7x7,animal-cycle,random-start,7x7,tf:97,tf:98,false,p2,accepted,,625897444,625899321692333,1
tf_policy_elo_616bc2f2_phase7_delta1_2026-08-20,animal-cycle-random-7x7_g98_vs_g97.jsonl,animal-cycle-random-7x7,animal-cycle,random-start,7x7,tf:98,tf:97,true,p1,accepted,,625897444,625899321692334,2
tf_policy_elo_616bc2f2_phase7_delta1_2026-08-20,animal-cycle-random-7x7_g98_vs_g97.jsonl,animal-cycle-random-7x7,animal-cycle,random-start,7x7,tf:97,tf:98,false,p2,accepted,,625897444,625899321692335,3
tf_policy_elo_616bc2f2_phase7_delta1_2026-08-20,animal-cycle-random-7x7_g98_vs_g97.jsonl,animal-cycle-random-7x7,animal-cycle,random-start,7x7,tf:98,tf:97,true,p2,accepted,,625897444,625899321692336,4
tf_policy_elo_616bc2f2_phase7_delta1_2026-08-20,animal-cycle-random-7x7_g98_vs_g97.jsonl,animal-cycle-random-7x7,animal-cycle,random-start,7x7,tf:97,tf:98,false,p2,accepted,,625897444,625899321692337,5
tf_policy_elo_616bc2f2_phase7_delta1_2026-08-20,animal-cycle-random-7x7_g98_vs_g97.jsonl,animal-cycle-random-7x7,animal-cycle,random-start,7x7,tf:98,tf:97,true,p2,accepted,,625897444,625899321692338,6
tf_policy_elo_616bc2f2_phase7_delta1_2026-08-20,animal-cycle-random-7x7_g98_vs_g97.jsonl,animal-cycle-random-7x7,animal-cycle,random-start,7x7,tf:97,tf:98,false,p2,accepted,,625897444,625899321692339,7
tf_policy_elo_616bc2f2_phase7_delta1_2026-08-20,animal-cycle-random-7x7_g98_vs_g97.jsonl,animal-cycle-random-7x7,animal-cycle,random-start,7x7,tf:98,tf:97,true,p2,accepted,,625897444,625899321692340,8
tf_policy_elo_616bc2f2_phase7_delta1_2026-08-20,animal-cycle-random-7x7_g98_vs_g97.jsonl,animal-cycle-random-7x7,animal-cycle,random-start,7x7,tf:97,tf:98,false,p2,accepted,,625897444,625899321692341,9
tf_policy_elo_616bc2f2_phase7_delta1_2026-08-20,animal-cycle-random-7x7_g98_vs_g97.jsonl,animal-cycle-random-7x7,animal-cycle,random-start,7x7,tf:98,tf:97,true,p2,accepted,,625897444,625899321692342,10
tf_policy_elo_616bc2f2_phase7_delta1_2026-08-20,animal-cycle-random-7x7_g98_vs_g97.jsonl,animal-cycle-random-7x7,animal-cycle,random-start,7x7,tf:97,tf:98,false,p1,accepted,,625897444,625899321692343,11
tf_policy_elo_616bc2f2_phase7_delta1_2026-08-20,animal-cycle-random-7x7_g99_vs_g98.jsonl,animal-cycle-random-7x7,animal-cycle,random-start,7x7,tf:99,tf:98,true,p2,accepted,,625998444,626000321995332,0
tf_policy_elo_616bc2f2_phase7_delta1_2026-08-20,animal-cycle-random-7x7_g99_vs_g98.jsonl,animal-cycle-random-7x7,animal-cycle,random-start,7x7,tf:98,tf:99,false,p2,accepted,,625998444,626000321995333,1
tf_policy_elo_616bc2f2_phase7_delta1_2026-08-20,animal-cycle-random-7x7_g99_vs_g98.jsonl,animal-cycle-random-7x7,animal-cycle,random-start,7x7,tf:99,tf:98,true,p2,accepted,,625998444,626000321995334,2
tf_policy_elo_616bc2f2_phase7_delta1_2026-08-20,animal-cycle-random-7x7_g99_vs_g98.jsonl,animal-cycle-random-7x7,animal-cycle,random-start,7x7,tf:98,tf:99,false,p2,accepted,,625998444,626000321995335,3
tf_policy_elo_616bc2f2_phase7_delta1_2026-08-20,animal-cycle-random-7x7_g99_vs_g98.jsonl,animal-cycle-random-7x7,animal-cycle,random-start,7x7,tf:99,tf:98,true,p1,accepted,,625998444,626000321995336,4
tf_policy_elo_616bc2f2_phase7_delta1_2026-08-20,animal-cycle-random-7x7_g99_vs_g98.jsonl,animal-cycle-random-7x7,animal-cycle,random-start,7x7,tf:98,tf:99,false,p2,accepted,,625998444,626000321995337,5
tf_policy_elo_616bc2f2_phase7_delta1_2026-08-20,animal-cycle-random-7x7_g99_vs_g98.jsonl,animal-cycle-random-7x7,animal-cycle,random-start,7x7,tf:99,tf:98,true,p2,accepted,,625998444,626000321995338,6
tf_policy_elo_616bc2f2_phase7_delta1_2026-08-20,animal-cycle-random-7x7_g99_vs_g98.jsonl,animal-cycle-random-7x7,animal-cycle,random-start,7x7,tf:98,tf:99,false,p1,accepted,,625998444,626000321995339,7
tf_policy_elo_616bc2f2_phase7_delta1_2026-08-20,animal-cycle-random-7x7_g99_vs_g98.jsonl,animal-cycle-random-7x7,animal-cycle,random-start,7x7,tf:99,tf:98,true,p1,accepted,,625998444,626000321995340,8
tf_policy_elo_616bc2f2_phase7_delta1_2026-08-20,animal-cycle-random-7x7_g99_vs_g98.jsonl,animal-cycle-random-7x7,animal-cycle,random-start,7x7,tf:98,tf:99,false,p2,accepted,,625998444,626000321995341,9
tf_policy_elo_616bc2f2_phase7_delta1_2026-08-20,animal-cycle-random-7x7_g99_vs_g98.jsonl,animal-cycle-random-7x7,animal-cycle,random-start,7x7,tf:99,tf:98,true,p2,accepted,,625998444,626000321995342,10
tf_policy_elo_616bc2f2_phase7_delta1_2026-08-20,animal-cycle-random-7x7_g99_vs_g98.jsonl,animal-cycle-random-7x7,animal-cycle,random-start,7x7,tf:98,tf:99,false,p2,accepted,,625998444,626000321995343,11
tf_policy_elo_616bc2f2_phase7_delta1_2026-08-20,classic-fixed-12x10_g100_vs_g99.jsonl,classic-fixed-12x10,classic,fixed,12x10,tf:100,tf:99,true,p1,accepted,,626099201,626101079297603,0
tf_policy_elo_616bc2f2_phase7_delta1_2026-08-20,classic-fixed-12x10_g100_vs_g99.jsonl,classic-fixed-12x10,classic,fixed,12x10,tf:99,tf:100,false,p2,accepted,,626099201,626101079297604,1
tf_policy_elo_616bc2f2_phase7_delta1_2026-08-20,classic-fixed-12x10_g101_vs_g100.jsonl,classic-fixed-12x10,classic,fixed,12x10,tf:101,tf:100,true,p2,accepted,,626200201,626202079600603,0
tf_policy_elo_616bc2f2_phase7_delta1_2026-08-20,classic-fixed-12x10_g101_vs_g100.jsonl,classic-fixed-12x10,classic,fixed,12x10,tf:100,tf:101,false,p2,accepted,,626200201,626202079600604,1
tf_policy_elo_616bc2f2_phase7_delta1_2026-08-20,classic-fixed-12x10_g102_vs_g101.jsonl,classic-fixed-12x10,classic,fixed,12x10,tf:102,tf:101,true,p1,accepted,,626301201,626303079903603,0
tf_policy_elo_616bc2f2_phase7_delta1_2026-08-20,classic-fixed-12x10_g102_vs_g101.jsonl,classic-fixed-12x10,classic,fixed,12x10,tf:101,tf:102,false,p2,accepted,,626301201,626303079903604,1
tf_policy_elo_616bc2f2_phase7_delta1_2026-08-20,classic-fixed-12x10_g103_vs_g102.jsonl,classic-fixed-12x10,classic,fixed,12x10,tf:103,tf:102,true,p2,accepted,,626402201,626404080206603,0
tf_policy_elo_616bc2f2_phase7_delta1_2026-08-20,classic-fixed-12x10_g103_vs_g102.jsonl,classic-fixed-12x10,classic,fixed,12x10,tf:102,tf:103,false,p1,accepted,,626402201,626404080206604,1
tf_policy_elo_616bc2f2_phase7_delta1_2026-08-20,classic-fixed-12x10_g104_vs_g103.jsonl,classic-fixed-12x10,classic,fixed,12x10,tf:104,tf:103,true,p1,accepted,,626503201,626505080509603,0
tf_policy_elo_616bc2f2_phase7_delta1_2026-08-20,classic-fixed-12x10_g104_vs_g103.jsonl,classic-fixed-12x10,classic,fixed,12x10,tf:103,tf:104,false,p1,accepted,,626503201,626505080509604,1
tf_policy_elo_616bc2f2_phase7_delta1_2026-08-20,classic-fixed-12x10_g105_vs_g104.jsonl,classic-fixed-12x10,classic,fixed,12x10,tf:105,tf:104,true,p1,accepted,,626604201,626606080812603,0
tf_policy_elo_616bc2f2_phase7_delta1_2026-08-20,classic-fixed-12x10_g105_vs_g104.jsonl,classic-fixed-12x10,classic,fixed,12x10,tf:104,tf:105,false,p1,accepted,,626604201,626606080812604,1
tf_policy_elo_616bc2f2_phase7_delta1_2026-08-20,classic-fixed-12x10_g106_vs_g105.jsonl,classic-fixed-12x10,classic,fixed,12x10,tf:106,tf:105,true,p2,accepted,,626705201,626707081115603,0
tf_policy_elo_616bc2f2_phase7_delta1_2026-08-20,classic-fixed-12x10_g106_vs_g105.jsonl,classic-fixed-12x10,classic,fixed,12x10,tf:105,tf:106,false,p1,accepted,,626705201,626707081115604,1
tf_policy_elo_616bc2f2_phase7_delta1_2026-08-20,classic-fixed-12x10_g107_vs_g106.jsonl,classic-fixed-12x10,classic,fixed,12x10,tf:107,tf:106,true,p1,accepted,,626806201,626808081418603,0
tf_policy_elo_616bc2f2_phase7_delta1_2026-08-20,classic-fixed-12x10_g107_vs_g106.jsonl,classic-fixed-12x10,classic,fixed,12x10,tf:106,tf:107,false,p2,accepted,,626806201,626808081418604,1
tf_policy_elo_616bc2f2_phase7_delta1_2026-08-20,classic-fixed-12x10_g108_vs_g107.jsonl,classic-fixed-12x10,classic,fixed,12x10,tf:108,tf:107,true,p1,accepted,,626907201,626909081721603,0
tf_policy_elo_616bc2f2_phase7_delta1_2026-08-20,classic-fixed-12x10_g108_vs_g107.jsonl,classic-fixed-12x10,classic,fixed,12x10,tf:107,tf:108,false,p1,accepted,,626907201,626909081721604,1
tf_policy_elo_616bc2f2_phase7_delta1_2026-08-20,classic-fixed-12x10_g109_vs_g108.jsonl,classic-fixed-12x10,classic,fixed,12x10,tf:109,tf:108,true,p2,accepted,,627008201,627010082024603,0
tf_policy_elo_616bc2f2_phase7_delta1_2026-08-20,classic-fixed-12x10_g109_vs_g108.jsonl,classic-fixed-12x10,classic,fixed,12x10,tf:108,tf:109,false,p2,accepted,,627008201,627010082024604,1
tf_policy_elo_616bc2f2_phase7_delta1_2026-08-20,classic-fixed-12x10_g110_vs_g109.jsonl,classic-fixed-12x10,classic,fixed,12x10,tf:110,tf:109,true,p1,accepted,,627109201,627111082327603,0
tf_policy_elo_616bc2f2_phase7_delta1_2026-08-20,classic-fixed-12x10_g110_vs_g109.jsonl,classic-fixed-12x10,classic,fixed,12x10,tf:109,tf:110,false,p2,accepted,,627109201,627111082327604,1
tf_policy_elo_616bc2f2_phase7_delta1_2026-08-20,classic-fixed-12x10_g111_vs_g110.jsonl,classic-fixed-12x10,classic,fixed,12x10,tf:111,tf:110,true,p1,accepted,,627210201,627212082630603,0
tf_policy_elo_616bc2f2_phase7_delta1_2026-08-20,classic-fixed-12x10_g111_vs_g110.jsonl,classic-fixed-12x10,classic,fixed,12x10,tf:110,tf:111,false,p1,accepted,,627210201,627212082630604,1
tf_policy_elo_616bc2f2_phase7_delta1_2026-08-20,classic-fixed-12x10_g112_vs_g111.jsonl,classic-fixed-12x10,classic,fixed,12x10,tf:112,tf:111,true,p1,accepted,,627311201,627313082933603,0
tf_policy_elo_616bc2f2_phase7_delta1_2026-08-20,classic-fixed-12x10_g112_vs_g111.jsonl,classic-fixed-12x10,classic,fixed,12x10,tf:111,tf:112,false,p2,accepted,,627311201,627313082933604,1
tf_policy_elo_616bc2f2_phase7_delta1_2026-08-20,classic-fixed-12x10_g113_vs_g112.jsonl,classic-fixed-12x10,classic,fixed,12x10,tf:113,tf:112,true,p1,accepted,,627412201,627414083236603,0
tf_policy_elo_616bc2f2_phase7_delta1_2026-08-20,classic-fixed-12x10_g113_vs_g112.jsonl,classic-fixed-12x10,classic,fixed,12x10,tf:112,tf:113,false,p2,accepted,,627412201,627414083236604,1
tf_policy_elo_616bc2f2_phase7_delta1_2026-08-20,classic-fixed-12x10_g114_vs_g113.jsonl,classic-fixed-12x10,classic,fixed,12x10,tf:114,tf:113,true,p2,accepted,,627513201,627515083539603,0
tf_policy_elo_616bc2f2_phase7_delta1_2026-08-20,classic-fixed-12x10_g114_vs_g113.jsonl,classic-fixed-12x10,classic,fixed,12x10,tf:113,tf:114,false,p1,accepted,,627513201,627515083539604,1
tf_policy_elo_616bc2f2_phase7_delta1_2026-08-20,classic-fixed-12x10_g115_vs_g114.jsonl,classic-fixed-12x10,classic,fixed,12x10,tf:115,tf:114,true,p1,accepted,,627614201,627616083842603,0
tf_policy_elo_616bc2f2_phase7_delta1_2026-08-20,classic-fixed-12x10_g115_vs_g114.jsonl,classic-fixed-12x10,classic,fixed,12x10,tf:114,tf:115,false,p2,accepted,,627614201,627616083842604,1
tf_policy_elo_616bc2f2_phase7_delta1_2026-08-20,classic-fixed-12x10_g116_vs_g115.jsonl,classic-fixed-12x10,classic,fixed,12x10,tf:116,tf:115,true,p1,accepted,,627715201,627717084145603,0
tf_policy_elo_616bc2f2_phase7_delta1_2026-08-20,classic-fixed-12x10_g116_vs_g115.jsonl,classic-fixed-12x10,classic,fixed,12x10,tf:115,tf:116,false,p1,accepted,,627715201,627717084145604,1
tf_policy_elo_616bc2f2_phase7_delta1_2026-08-20,classic-fixed-12x10_g94_vs_g93.jsonl,classic-fixed-12x10,classic,fixed,12x10,tf:94,tf:93,true,p2,accepted,,625493201,625495077479603,0
tf_policy_elo_616bc2f2_phase7_delta1_2026-08-20,classic-fixed-12x10_g94_vs_g93.jsonl,classic-fixed-12x10,classic,fixed,12x10,tf:93,tf:94,false,p2,accepted,,625493201,625495077479604,1
tf_policy_elo_616bc2f2_phase7_delta1_2026-08-20,classic-fixed-12x10_g95_vs_g94.jsonl,classic-fixed-12x10,classic,fixed,12x10,tf:95,tf:94,true,p1,accepted,,625594201,625596077782603,0
tf_policy_elo_616bc2f2_phase7_delta1_2026-08-20,classic-fixed-12x10_g95_vs_g94.jsonl,classic-fixed-12x10,classic,fixed,12x10,tf:94,tf:95,false,p1,accepted,,625594201,625596077782604,1
tf_policy_elo_616bc2f2_phase7_delta1_2026-08-20,classic-fixed-12x10_g96_vs_g95.jsonl,classic-fixed-12x10,classic,fixed,12x10,tf:96,tf:95,true,p1,accepted,,625695201,625697078085603,0
tf_policy_elo_616bc2f2_phase7_delta1_2026-08-20,classic-fixed-12x10_g96_vs_g95.jsonl,classic-fixed-12x10,classic,fixed,12x10,tf:95,tf:96,false,p1,accepted,,625695201,625697078085604,1
tf_policy_elo_616bc2f2_phase7_delta1_2026-08-20,classic-fixed-12x10_g97_vs_g96.jsonl,classic-fixed-12x10,classic,fixed,12x10,tf:97,tf:96,true,p1,accepted,,625796201,625798078388603,0
tf_policy_elo_616bc2f2_phase7_delta1_2026-08-20,classic-fixed-12x10_g97_vs_g96.jsonl,classic-fixed-12x10,classic,fixed,12x10,tf:96,tf:97,false,p1,accepted,,625796201,625798078388604,1
tf_policy_elo_616bc2f2_phase7_delta1_2026-08-20,classic-fixed-12x10_g98_vs_g97.jsonl,classic-fixed-12x10,classic,fixed,12x10,tf:98,tf:97,true,p1,accepted,,625897201,625899078691603,0
tf_policy_elo_616bc2f2_phase7_delta1_2026-08-20,classic-fixed-12x10_g98_vs_g97.jsonl,classic-fixed-12x10,classic,fixed,12x10,tf:97,tf:98,false,p2,accepted,,625897201,625899078691604,1
tf_policy_elo_616bc2f2_phase7_delta1_2026-08-20,classic-fixed-12x10_g99_vs_g98.jsonl,classic-fixed-12x10,classic,fixed,12x10,tf:99,tf:98,true,p1,accepted,,625998201,626000078994603,0
tf_policy_elo_616bc2f2_phase7_delta1_2026-08-20,classic-fixed-12x10_g99_vs_g98.jsonl,classic-fixed-12x10,classic,fixed,12x10,tf:98,tf:99,false,p1,accepted,,625998201,626000078994604,1
tf_policy_elo_616bc2f2_phase7_delta1_2026-08-20,classic-fixed-8x8_g100_vs_g99.jsonl,classic-fixed-8x8,classic,fixed,8x8,tf:100,tf:99,true,p1,accepted,,626099335,626101213298005,0
tf_policy_elo_616bc2f2_phase7_delta1_2026-08-20,classic-fixed-8x8_g100_vs_g99.jsonl,classic-fixed-8x8,classic,fixed,8x8,tf:99,tf:100,false,p2,accepted,,626099335,626101213298006,1
tf_policy_elo_616bc2f2_phase7_delta1_2026-08-20,classic-fixed-8x8_g101_vs_g100.jsonl,classic-fixed-8x8,classic,fixed,8x8,tf:101,tf:100,true,p1,accepted,,626200335,626202213601005,0
tf_policy_elo_616bc2f2_phase7_delta1_2026-08-20,classic-fixed-8x8_g101_vs_g100.jsonl,classic-fixed-8x8,classic,fixed,8x8,tf:100,tf:101,false,p1,accepted,,626200335,626202213601006,1
tf_policy_elo_616bc2f2_phase7_delta1_2026-08-20,classic-fixed-8x8_g102_vs_g101.jsonl,classic-fixed-8x8,classic,fixed,8x8,tf:102,tf:101,true,p2,accepted,,626301335,626303213904005,0
tf_policy_elo_616bc2f2_phase7_delta1_2026-08-20,classic-fixed-8x8_g102_vs_g101.jsonl,classic-fixed-8x8,classic,fixed,8x8,tf:101,tf:102,false,p1,accepted,,626301335,626303213904006,1
tf_policy_elo_616bc2f2_phase7_delta1_2026-08-20,classic-fixed-8x8_g103_vs_g102.jsonl,classic-fixed-8x8,classic,fixed,8x8,tf:103,tf:102,true,p1,accepted,,626402335,626404214207005,0
tf_policy_elo_616bc2f2_phase7_delta1_2026-08-20,classic-fixed-8x8_g103_vs_g102.jsonl,classic-fixed-8x8,classic,fixed,8x8,tf:102,tf:103,false,p2,accepted,,626402335,626404214207006,1
tf_policy_elo_616bc2f2_phase7_delta1_2026-08-20,classic-fixed-8x8_g104_vs_g103.jsonl,classic-fixed-8x8,classic,fixed,8x8,tf:104,tf:103,true,p1,accepted,,626503335,626505214510005,0
tf_policy_elo_616bc2f2_phase7_delta1_2026-08-20,classic-fixed-8x8_g104_vs_g103.jsonl,classic-fixed-8x8,classic,fixed,8x8,tf:103,tf:104,false,p2,accepted,,626503335,626505214510006,1
tf_policy_elo_616bc2f2_phase7_delta1_2026-08-20,classic-fixed-8x8_g105_vs_g104.jsonl,classic-fixed-8x8,classic,fixed,8x8,tf:105,tf:104,true,p1,accepted,,626604335,626606214813005,0
tf_policy_elo_616bc2f2_phase7_delta1_2026-08-20,classic-fixed-8x8_g105_vs_g104.jsonl,classic-fixed-8x8,classic,fixed,8x8,tf:104,tf:105,false,p2,accepted,,626604335,626606214813006,1
tf_policy_elo_616bc2f2_phase7_delta1_2026-08-20,classic-fixed-8x8_g106_vs_g105.jsonl,classic-fixed-8x8,classic,fixed,8x8,tf:106,tf:105,true,p1,accepted,,626705335,626707215116005,0
tf_policy_elo_616bc2f2_phase7_delta1_2026-08-20,classic-fixed-8x8_g106_vs_g105.jsonl,classic-fixed-8x8,classic,fixed,8x8,tf:105,tf:106,false,p1,accepted,,626705335,626707215116006,1
tf_policy_elo_616bc2f2_phase7_delta1_2026-08-20,classic-fixed-8x8_g107_vs_g106.jsonl,classic-fixed-8x8,classic,fixed,8x8,tf:107,tf:106,true,p1,accepted,,626806335,626808215419005,0
tf_policy_elo_616bc2f2_phase7_delta1_2026-08-20,classic-fixed-8x8_g107_vs_g106.jsonl,classic-fixed-8x8,classic,fixed,8x8,tf:106,tf:107,false,p2,accepted,,626806335,626808215419006,1
tf_policy_elo_616bc2f2_phase7_delta1_2026-08-20,classic-fixed-8x8_g108_vs_g107.jsonl,classic-fixed-8x8,classic,fixed,8x8,tf:108,tf:107,true,p2,accepted,,626907335,626909215722005,0
tf_policy_elo_616bc2f2_phase7_delta1_2026-08-20,classic-fixed-8x8_g108_vs_g107.jsonl,classic-fixed-8x8,classic,fixed,8x8,tf:107,tf:108,false,p1,accepted,,626907335,626909215722006,1
tf_policy_elo_616bc2f2_phase7_delta1_2026-08-20,classic-fixed-8x8_g109_vs_g108.jsonl,classic-fixed-8x8,classic,fixed,8x8,tf:109,tf:108,true,p2,accepted,,627008335,627010216025005,0
tf_policy_elo_616bc2f2_phase7_delta1_2026-08-20,classic-fixed-8x8_g109_vs_g108.jsonl,classic-fixed-8x8,classic,fixed,8x8,tf:108,tf:109,false,p2,accepted,,627008335,627010216025006,1
tf_policy_elo_616bc2f2_phase7_delta1_2026-08-20,classic-fixed-8x8_g110_vs_g109.jsonl,classic-fixed-8x8,classic,fixed,8x8,tf:110,tf:109,true,p2,accepted,,627109335,627111216328005,0
tf_policy_elo_616bc2f2_phase7_delta1_2026-08-20,classic-fixed-8x8_g110_vs_g109.jsonl,classic-fixed-8x8,classic,fixed,8x8,tf:109,tf:110,false,p2,accepted,,627109335,627111216328006,1
tf_policy_elo_616bc2f2_phase7_delta1_2026-08-20,classic-fixed-8x8_g111_vs_g110.jsonl,classic-fixed-8x8,classic,fixed,8x8,tf:111,tf:110,true,p1,accepted,,627210335,627212216631005,0
tf_policy_elo_616bc2f2_phase7_delta1_2026-08-20,classic-fixed-8x8_g111_vs_g110.jsonl,classic-fixed-8x8,classic,fixed,8x8,tf:110,tf:111,false,p1,accepted,,627210335,627212216631006,1
tf_policy_elo_616bc2f2_phase7_delta1_2026-08-20,classic-fixed-8x8_g112_vs_g111.jsonl,classic-fixed-8x8,classic,fixed,8x8,tf:112,tf:111,true,p1,accepted,,627311335,627313216934005,0
tf_policy_elo_616bc2f2_phase7_delta1_2026-08-20,classic-fixed-8x8_g112_vs_g111.jsonl,classic-fixed-8x8,classic,fixed,8x8,tf:111,tf:112,false,p1,accepted,,627311335,627313216934006,1
tf_policy_elo_616bc2f2_phase7_delta1_2026-08-20,classic-fixed-8x8_g113_vs_g112.jsonl,classic-fixed-8x8,classic,fixed,8x8,tf:113,tf:112,true,p1,accepted,,627412335,627414217237005,0
tf_policy_elo_616bc2f2_phase7_delta1_2026-08-20,classic-fixed-8x8_g113_vs_g112.jsonl,classic-fixed-8x8,classic,fixed,8x8,tf:112,tf:113,false,p2,accepted,,627412335,627414217237006,1
tf_policy_elo_616bc2f2_phase7_delta1_2026-08-20,classic-fixed-8x8_g114_vs_g113.jsonl,classic-fixed-8x8,classic,fixed,8x8,tf:114,tf:113,true,p1,accepted,,627513335,627515217540005,0
tf_policy_elo_616bc2f2_phase7_delta1_2026-08-20,classic-fixed-8x8_g114_vs_g113.jsonl,classic-fixed-8x8,classic,fixed,8x8,tf:113,tf:114,false,p1,accepted,,627513335,627515217540006,1
tf_policy_elo_616bc2f2_phase7_delta1_2026-08-20,classic-fixed-8x8_g115_vs_g114.jsonl,classic-fixed-8x8,classic,fixed,8x8,tf:115,tf:114,true,p2,accepted,,627614335,627616217843005,0
tf_policy_elo_616bc2f2_phase7_delta1_2026-08-20,classic-fixed-8x8_g115_vs_g114.jsonl,classic-fixed-8x8,classic,fixed,8x8,tf:114,tf:115,false,p2,accepted,,627614335,627616217843006,1
tf_policy_elo_616bc2f2_phase7_delta1_2026-08-20,classic-fixed-8x8_g116_vs_g115.jsonl,classic-fixed-8x8,classic,fixed,8x8,tf:116,tf:115,true,p2,accepted,,627715335,627717218146005,0
tf_policy_elo_616bc2f2_phase7_delta1_2026-08-20,classic-fixed-8x8_g116_vs_g115.jsonl,classic-fixed-8x8,classic,fixed,8x8,tf:115,tf:116,false,p2,accepted,,627715335,627717218146006,1
tf_policy_elo_616bc2f2_phase7_delta1_2026-08-20,classic-fixed-8x8_g94_vs_g93.jsonl,classic-fixed-8x8,classic,fixed,8x8,tf:94,tf:93,true,p1,accepted,,625493335,625495211480005,0
tf_policy_elo_616bc2f2_phase7_delta1_2026-08-20,classic-fixed-8x8_g94_vs_g93.jsonl,classic-fixed-8x8,classic,fixed,8x8,tf:93,tf:94,false,p2,accepted,,625493335,625495211480006,1
tf_policy_elo_616bc2f2_phase7_delta1_2026-08-20,classic-fixed-8x8_g95_vs_g94.jsonl,classic-fixed-8x8,classic,fixed,8x8,tf:95,tf:94,true,p1,accepted,,625594335,625596211783005,0
tf_policy_elo_616bc2f2_phase7_delta1_2026-08-20,classic-fixed-8x8_g95_vs_g94.jsonl,classic-fixed-8x8,classic,fixed,8x8,tf:94,tf:95,false,p2,accepted,,625594335,625596211783006,1
tf_policy_elo_616bc2f2_phase7_delta1_2026-08-20,classic-fixed-8x8_g96_vs_g95.jsonl,classic-fixed-8x8,classic,fixed,8x8,tf:96,tf:95,true,p1,accepted,,625695335,625697212086005,0
tf_policy_elo_616bc2f2_phase7_delta1_2026-08-20,classic-fixed-8x8_g96_vs_g95.jsonl,classic-fixed-8x8,classic,fixed,8x8,tf:95,tf:96,false,p1,accepted,,625695335,625697212086006,1
tf_policy_elo_616bc2f2_phase7_delta1_2026-08-20,classic-fixed-8x8_g97_vs_g96.jsonl,classic-fixed-8x8,classic,fixed,8x8,tf:97,tf:96,true,p1,accepted,,625796335,625798212389005,0
tf_policy_elo_616bc2f2_phase7_delta1_2026-08-20,classic-fixed-8x8_g97_vs_g96.jsonl,classic-fixed-8x8,classic,fixed,8x8,tf:96,tf:97,false,p2,accepted,,625796335,625798212389006,1
tf_policy_elo_616bc2f2_phase7_delta1_2026-08-20,classic-fixed-8x8_g98_vs_g97.jsonl,classic-fixed-8x8,classic,fixed,8x8,tf:98,tf:97,true,p1,accepted,,625897335,625899212692005,0
tf_policy_elo_616bc2f2_phase7_delta1_2026-08-20,classic-fixed-8x8_g98_vs_g97.jsonl,classic-fixed-8x8,classic,fixed,8x8,tf:97,tf:98,false,p1,accepted,,625897335,625899212692006,1
tf_policy_elo_616bc2f2_phase7_delta1_2026-08-20,classic-fixed-8x8_g99_vs_g98.jsonl,classic-fixed-8x8,classic,fixed,8x8,tf:99,tf:98,true,p2,accepted,,625998335,626000212995005,0
tf_policy_elo_616bc2f2_phase7_delta1_2026-08-20,classic-fixed-8x8_g99_vs_g98.jsonl,classic-fixed-8x8,classic,fixed,8x8,tf:98,tf:99,false,p1,accepted,,625998335,626000212995006,1
tf_policy_elo_616bc2f2_phase7_delta1_2026-08-20,classic-random-8x8_g100_vs_g99.jsonl,classic-random-8x8,classic,random-start,8x8,tf:100,tf:99,true,p2,accepted,,626099058,626100936297174,0
tf_policy_elo_616bc2f2_phase7_delta1_2026-08-20,classic-random-8x8_g100_vs_g99.jsonl,classic-random-8x8,classic,random-start,8x8,tf:99,tf:100,false,p1,accepted,,626099058,626100936297175,1
tf_policy_elo_616bc2f2_phase7_delta1_2026-08-20,classic-random-8x8_g100_vs_g99.jsonl,classic-random-8x8,classic,random-start,8x8,tf:100,tf:99,true,p2,accepted,,626099058,626100936297176,2
tf_policy_elo_616bc2f2_phase7_delta1_2026-08-20,classic-random-8x8_g100_vs_g99.jsonl,classic-random-8x8,classic,random-start,8x8,tf:99,tf:100,false,p1,accepted,,626099058,626100936297177,3
tf_policy_elo_616bc2f2_phase7_delta1_2026-08-20,classic-random-8x8_g100_vs_g99.jsonl,classic-random-8x8,classic,random-start,8x8,tf:100,tf:99,true,p2,accepted,,626099058,626100936297178,4
tf_policy_elo_616bc2f2_phase7_delta1_2026-08-20,classic-random-8x8_g100_vs_g99.jsonl,classic-random-8x8,classic,random-start,8x8,tf:99,tf:100,false,p1,accepted,,626099058,626100936297179,5
tf_policy_elo_616bc2f2_phase7_delta1_2026-08-20,classic-random-8x8_g100_vs_g99.jsonl,classic-random-8x8,classic,random-start,8x8,tf:100,tf:99,true,p1,accepted,,626099058,626100936297180,6
tf_policy_elo_616bc2f2_phase7_delta1_2026-08-20,classic-random-8x8_g100_vs_g99.jsonl,classic-random-8x8,classic,random-start,8x8,tf:99,tf:100,false,p1,accepted,,626099058,626100936297181,7
tf_policy_elo_616bc2f2_phase7_delta1_2026-08-20,classic-random-8x8_g100_vs_g99.jsonl,classic-random-8x8,classic,random-start,8x8,tf:100,tf:99,true,p1,accepted,,626099058,626100936297182,8
tf_policy_elo_616bc2f2_phase7_delta1_2026-08-20,classic-random-8x8_g100_vs_g99.jsonl,classic-random-8x8,classic,random-start,8x8,tf:99,tf:100,false,p2,accepted,,626099058,626100936297183,9
tf_policy_elo_616bc2f2_phase7_delta1_2026-08-20,classic-random-8x8_g100_vs_g99.jsonl,classic-random-8x8,classic,random-start,8x8,tf:100,tf:99,true,p2,accepted,,626099058,626100936297184,10
tf_policy_elo_616bc2f2_phase7_delta1_2026-08-20,classic-random-8x8_g100_vs_g99.jsonl,classic-random-8x8,classic,random-start,8x8,tf:99,tf:100,false,p1,accepted,,626099058,626100936297185,11
tf_policy_elo_616bc2f2_phase7_delta1_2026-08-20,classic-random-8x8_g101_vs_g100.jsonl,classic-random-8x8,classic,random-start,8x8,tf:101,tf:100,true,p1,accepted,,626200058,626201936600174,0
tf_policy_elo_616bc2f2_phase7_delta1_2026-08-20,classic-random-8x8_g101_vs_g100.jsonl,classic-random-8x8,classic,random-start,8x8,tf:100,tf:101,false,p1,accepted,,626200058,626201936600175,1
tf_policy_elo_616bc2f2_phase7_delta1_2026-08-20,classic-random-8x8_g101_vs_g100.jsonl,classic-random-8x8,classic,random-start,8x8,tf:101,tf:100,true,p2,accepted,,626200058,626201936600176,2
tf_policy_elo_616bc2f2_phase7_delta1_2026-08-20,classic-random-8x8_g101_vs_g100.jsonl,classic-random-8x8,classic,random-start,8x8,tf:100,tf:101,false,p2,accepted,,626200058,626201936600177,3
tf_policy_elo_616bc2f2_phase7_delta1_2026-08-20,classic-random-8x8_g101_vs_g100.jsonl,classic-random-8x8,classic,random-start,8x8,tf:101,tf:100,true,p1,accepted,,626200058,626201936600178,4
tf_policy_elo_616bc2f2_phase7_delta1_2026-08-20,classic-random-8x8_g101_vs_g100.jsonl,classic-random-8x8,classic,random-start,8x8,tf:100,tf:101,false,p1,accepted,,626200058,626201936600179,5
tf_policy_elo_616bc2f2_phase7_delta1_2026-08-20,classic-random-8x8_g101_vs_g100.jsonl,classic-random-8x8,classic,random-start,8x8,tf:101,tf:100,true,p1,accepted,,626200058,626201936600180,6
tf_policy_elo_616bc2f2_phase7_delta1_2026-08-20,classic-random-8x8_g101_vs_g100.jsonl,classic-random-8x8,classic,random-start,8x8,tf:100,tf:101,false,p1,accepted,,626200058,626201936600181,7
tf_policy_elo_616bc2f2_phase7_delta1_2026-08-20,classic-random-8x8_g101_vs_g100.jsonl,classic-random-8x8,classic,random-start,8x8,tf:101,tf:100,true,p2,accepted,,626200058,626201936600182,8
tf_policy_elo_616bc2f2_phase7_delta1_2026-08-20,classic-random-8x8_g101_vs_g100.jsonl,classic-random-8x8,classic,random-start,8x8,tf:100,tf:101,false,p1,accepted,,626200058,626201936600183,9
tf_policy_elo_616bc2f2_phase7_delta1_2026-08-20,classic-random-8x8_g101_vs_g100.jsonl,classic-random-8x8,classic,random-start,8x8,tf:101,tf:100,true,p1,accepted,,626200058,626201936600184,10
tf_policy_elo_616bc2f2_phase7_delta1_2026-08-20,classic-random-8x8_g101_vs_g100.jsonl,classic-random-8x8,classic,random-start,8x8,tf:100,tf:101,false,p2,accepted,,626200058,626201936600185,11
tf_policy_elo_616bc2f2_phase7_delta1_2026-08-20,classic-random-8x8_g102_vs_g101.jsonl,classic-random-8x8,classic,random-start,8x8,tf:102,tf:101,true,p1,accepted,,626301058,626302936903174,0
tf_policy_elo_616bc2f2_phase7_delta1_2026-08-20,classic-random-8x8_g102_vs_g101.jsonl,classic-random-8x8,classic,random-start,8x8,tf:101,tf:102,false,p2,accepted,,626301058,626302936903175,1
tf_policy_elo_616bc2f2_phase7_delta1_2026-08-20,classic-random-8x8_g102_vs_g101.jsonl,classic-random-8x8,classic,random-start,8x8,tf:102,tf:101,true,p1,accepted,,626301058,626302936903176,2
tf_policy_elo_616bc2f2_phase7_delta1_2026-08-20,classic-random-8x8_g102_vs_g101.jsonl,classic-random-8x8,classic,random-start,8x8,tf:101,tf:102,false,p1,accepted,,626301058,626302936903177,3
tf_policy_elo_616bc2f2_phase7_delta1_2026-08-20,classic-random-8x8_g102_vs_g101.jsonl,classic-random-8x8,classic,random-start,8x8,tf:102,tf:101,true,p1,accepted,,626301058,626302936903178,4
tf_policy_elo_616bc2f2_phase7_delta1_2026-08-20,classic-random-8x8_g102_vs_g101.jsonl,classic-random-8x8,classic,random-start,8x8,tf:101,tf:102,false,p1,accepted,,626301058,626302936903179,5
tf_policy_elo_616bc2f2_phase7_delta1_2026-08-20,classic-random-8x8_g102_vs_g101.jsonl,classic-random-8x8,classic,random-start,8x8,tf:102,tf:101,true,p1,accepted,,626301058,626302936903180,6
tf_policy_elo_616bc2f2_phase7_delta1_2026-08-20,classic-random-8x8_g102_vs_g101.jsonl,classic-random-8x8,classic,random-start,8x8,tf:101,tf:102,false,p1,accepted,,626301058,626302936903181,7
tf_policy_elo_616bc2f2_phase7_delta1_2026-08-20,classic-random-8x8_g102_vs_g101.jsonl,classic-random-8x8,classic,random-start,8x8,tf:102,tf:101,true,p1,accepted,,626301058,626302936903182,8
tf_policy_elo_616bc2f2_phase7_delta1_2026-08-20,classic-random-8x8_g102_vs_g101.jsonl,classic-random-8x8,classic,random-start,8x8,tf:101,tf:102,false,p1,accepted,,626301058,626302936903183,9
tf_policy_elo_616bc2f2_phase7_delta1_2026-08-20,classic-random-8x8_g102_vs_g101.jsonl,classic-random-8x8,classic,random-start,8x8,tf:102,tf:101,true,p1,accepted,,626301058,626302936903184,10
tf_policy_elo_616bc2f2_phase7_delta1_2026-08-20,classic-random-8x8_g102_vs_g101.jsonl,classic-random-8x8,classic,random-start,8x8,tf:101,tf:102,false,p2,accepted,,626301058,626302936903185,11
tf_policy_elo_616bc2f2_phase7_delta1_2026-08-20,classic-random-8x8_g103_vs_g102.jsonl,classic-random-8x8,classic,random-start,8x8,tf:103,tf:102,true,p2,accepted,,626402058,626403937206174,0
tf_policy_elo_616bc2f2_phase7_delta1_2026-08-20,classic-random-8x8_g103_vs_g102.jsonl,classic-random-8x8,classic,random-start,8x8,tf:102,tf:103,false,p2,accepted,,626402058,626403937206175,1
tf_policy_elo_616bc2f2_phase7_delta1_2026-08-20,classic-random-8x8_g103_vs_g102.jsonl,classic-random-8x8,classic,random-start,8x8,tf:103,tf:102,true,p2,accepted,,626402058,626403937206176,2
tf_policy_elo_616bc2f2_phase7_delta1_2026-08-20,classic-random-8x8_g103_vs_g102.jsonl,classic-random-8x8,classic,random-start,8x8,tf:102,tf:103,false,p1,accepted,,626402058,626403937206177,3
tf_policy_elo_616bc2f2_phase7_delta1_2026-08-20,classic-random-8x8_g103_vs_g102.jsonl,classic-random-8x8,classic,random-start,8x8,tf:103,tf:102,true,p1,accepted,,626402058,626403937206178,4
tf_policy_elo_616bc2f2_phase7_delta1_2026-08-20,classic-random-8x8_g103_vs_g102.jsonl,classic-random-8x8,classic,random-start,8x8,tf:102,tf:103,false,p2,accepted,,626402058,626403937206179,5
tf_policy_elo_616bc2f2_phase7_delta1_2026-08-20,classic-random-8x8_g103_vs_g102.jsonl,classic-random-8x8,classic,random-start,8x8,tf:103,tf:102,true,p1,accepted,,626402058,626403937206180,6
tf_policy_elo_616bc2f2_phase7_delta1_2026-08-20,classic-random-8x8_g103_vs_g102.jsonl,classic-random-8x8,classic,random-start,8x8,tf:102,tf:103,false,p1,accepted,,626402058,626403937206181,7
tf_policy_elo_616bc2f2_phase7_delta1_2026-08-20,classic-random-8x8_g103_vs_g102.jsonl,classic-random-8x8,classic,random-start,8x8,tf:103,tf:102,true,p2,accepted,,626402058,626403937206182,8
tf_policy_elo_616bc2f2_phase7_delta1_2026-08-20,classic-random-8x8_g103_vs_g102.jsonl,classic-random-8x8,classic,random-start,8x8,tf:102,tf:103,false,p1,accepted,,626402058,626403937206183,9
tf_policy_elo_616bc2f2_phase7_delta1_2026-08-20,classic-random-8x8_g103_vs_g102.jsonl,classic-random-8x8,classic,random-start,8x8,tf:103,tf:102,true,p1,accepted,,626402058,626403937206184,10
tf_policy_elo_616bc2f2_phase7_delta1_2026-08-20,classic-random-8x8_g103_vs_g102.jsonl,classic-random-8x8,classic,random-start,8x8,tf:102,tf:103,false,p1,accepted,,626402058,626403937206185,11
tf_policy_elo_616bc2f2_phase7_delta1_2026-08-20,classic-random-8x8_g104_vs_g103.jsonl,classic-random-8x8,classic,random-start,8x8,tf:104,tf:103,true,p2,accepted,,626503058,626504937509174,0
tf_policy_elo_616bc2f2_phase7_delta1_2026-08-20,classic-random-8x8_g104_vs_g103.jsonl,classic-random-8x8,classic,random-start,8x8,tf:103,tf:104,false,p2,accepted,,626503058,626504937509175,1
tf_policy_elo_616bc2f2_phase7_delta1_2026-08-20,classic-random-8x8_g104_vs_g103.jsonl,classic-random-8x8,classic,random-start,8x8,tf:104,tf:103,true,p2,accepted,,626503058,626504937509176,2
tf_policy_elo_616bc2f2_phase7_delta1_2026-08-20,classic-random-8x8_g104_vs_g103.jsonl,classic-random-8x8,classic,random-start,8x8,tf:103,tf:104,false,p2,accepted,,626503058,626504937509177,3
tf_policy_elo_616bc2f2_phase7_delta1_2026-08-20,classic-random-8x8_g104_vs_g103.jsonl,classic-random-8x8,classic,random-start,8x8,tf:104,tf:103,true,p2,accepted,,626503058,626504937509178,4
tf_policy_elo_616bc2f2_phase7_delta1_2026-08-20,classic-random-8x8_g104_vs_g103.jsonl,classic-random-8x8,classic,random-start,8x8,tf:103,tf:104,false,p1,accepted,,626503058,626504937509179,5
tf_policy_elo_616bc2f2_phase7_delta1_2026-08-20,classic-random-8x8_g104_vs_g103.jsonl,classic-random-8x8,classic,random-start,8x8,tf:104,tf:103,true,p1,accepted,,626503058,626504937509180,6
tf_policy_elo_616bc2f2_phase7_delta1_2026-08-20,classic-random-8x8_g104_vs_g103.jsonl,classic-random-8x8,classic,random-start,8x8,tf:103,tf:104,false,p1,accepted,,626503058,626504937509181,7
tf_policy_elo_616bc2f2_phase7_delta1_2026-08-20,classic-random-8x8_g104_vs_g103.jsonl,classic-random-8x8,classic,random-start,8x8,tf:104,tf:103,true,p1,accepted,,626503058,626504937509182,8
tf_policy_elo_616bc2f2_phase7_delta1_2026-08-20,classic-random-8x8_g104_vs_g103.jsonl,classic-random-8x8,classic,random-start,8x8,tf:103,tf:104,false,p1,accepted,,626503058,626504937509183,9
tf_policy_elo_616bc2f2_phase7_delta1_2026-08-20,classic-random-8x8_g104_vs_g103.jsonl,classic-random-8x8,classic,random-start,8x8,tf:104,tf:103,true,p1,accepted,,626503058,626504937509184,10
tf_policy_elo_616bc2f2_phase7_delta1_2026-08-20,classic-random-8x8_g104_vs_g103.jsonl,classic-random-8x8,classic,random-start,8x8,tf:103,tf:104,false,p1,accepted,,626503058,626504937509185,11
tf_policy_elo_616bc2f2_phase7_delta1_2026-08-20,classic-random-8x8_g105_vs_g104.jsonl,classic-random-8x8,classic,random-start,8x8,tf:105,tf:104,true,p2,accepted,,626604058,626605937812174,0
tf_policy_elo_616bc2f2_phase7_delta1_2026-08-20,classic-random-8x8_g105_vs_g104.jsonl,classic-random-8x8,classic,random-start,8x8,tf:104,tf:105,false,p1,accepted,,626604058,626605937812175,1
tf_policy_elo_616bc2f2_phase7_delta1_2026-08-20,classic-random-8x8_g105_vs_g104.jsonl,classic-random-8x8,classic,random-start,8x8,tf:105,tf:104,true,p1,accepted,,626604058,626605937812176,2
tf_policy_elo_616bc2f2_phase7_delta1_2026-08-20,classic-random-8x8_g105_vs_g104.jsonl,classic-random-8x8,classic,random-start,8x8,tf:104,tf:105,false,p2,accepted,,626604058,626605937812177,3
tf_policy_elo_616bc2f2_phase7_delta1_2026-08-20,classic-random-8x8_g105_vs_g104.jsonl,classic-random-8x8,classic,random-start,8x8,tf:105,tf:104,true,p2,accepted,,626604058,626605937812178,4
tf_policy_elo_616bc2f2_phase7_delta1_2026-08-20,classic-random-8x8_g105_vs_g104.jsonl,classic-random-8x8,classic,random-start,8x8,tf:104,tf:105,false,p1,accepted,,626604058,626605937812179,5
tf_policy_elo_616bc2f2_phase7_delta1_2026-08-20,classic-random-8x8_g105_vs_g104.jsonl,classic-random-8x8,classic,random-start,8x8,tf:105,tf:104,true,p1,accepted,,626604058,626605937812180,6
tf_policy_elo_616bc2f2_phase7_delta1_2026-08-20,classic-random-8x8_g105_vs_g104.jsonl,classic-random-8x8,classic,random-start,8x8,tf:104,tf:105,false,p2,accepted,,626604058,626605937812181,7
tf_policy_elo_616bc2f2_phase7_delta1_2026-08-20,classic-random-8x8_g105_vs_g104.jsonl,classic-random-8x8,classic,random-start,8x8,tf:105,tf:104,true,p2,accepted,,626604058,626605937812182,8
tf_policy_elo_616bc2f2_phase7_delta1_2026-08-20,classic-random-8x8_g105_vs_g104.jsonl,classic-random-8x8,classic,random-start,8x8,tf:104,tf:105,false,p1,accepted,,626604058,626605937812183,9
tf_policy_elo_616bc2f2_phase7_delta1_2026-08-20,classic-random-8x8_g105_vs_g104.jsonl,classic-random-8x8,classic,random-start,8x8,tf:105,tf:104,true,p2,accepted,,626604058,626605937812184,10
tf_policy_elo_616bc2f2_phase7_delta1_2026-08-20,classic-random-8x8_g105_vs_g104.jsonl,classic-random-8x8,classic,random-start,8x8,tf:104,tf:105,false,p2,accepted,,626604058,626605937812185,11
tf_policy_elo_616bc2f2_phase7_delta1_2026-08-20,classic-random-8x8_g106_vs_g105.jsonl,classic-random-8x8,classic,random-start,8x8,tf:106,tf:105,true,p1,accepted,,626705058,626706938115174,0
tf_policy_elo_616bc2f2_phase7_delta1_2026-08-20,classic-random-8x8_g106_vs_g105.jsonl,classic-random-8x8,classic,random-start,8x8,tf:105,tf:106,false,p1,accepted,,626705058,626706938115175,1
tf_policy_elo_616bc2f2_phase7_delta1_2026-08-20,classic-random-8x8_g106_vs_g105.jsonl,classic-random-8x8,classic,random-start,8x8,tf:106,tf:105,true,p2,accepted,,626705058,626706938115176,2
tf_policy_elo_616bc2f2_phase7_delta1_2026-08-20,classic-random-8x8_g106_vs_g105.jsonl,classic-random-8x8,classic,random-start,8x8,tf:105,tf:106,false,p1,accepted,,626705058,626706938115177,3
tf_policy_elo_616bc2f2_phase7_delta1_2026-08-20,classic-random-8x8_g106_vs_g105.jsonl,classic-random-8x8,classic,random-start,8x8,tf:106,tf:105,true,p1,accepted,,626705058,626706938115178,4
tf_policy_elo_616bc2f2_phase7_delta1_2026-08-20,classic-random-8x8_g106_vs_g105.jsonl,classic-random-8x8,classic,random-start,8x8,tf:105,tf:106,false,p1,accepted,,626705058,626706938115179,5
tf_policy_elo_616bc2f2_phase7_delta1_2026-08-20,classic-random-8x8_g106_vs_g105.jsonl,classic-random-8x8,classic,random-start,8x8,tf:106,tf:105,true,p1,accepted,,626705058,626706938115180,6
tf_policy_elo_616bc2f2_phase7_delta1_2026-08-20,classic-random-8x8_g106_vs_g105.jsonl,classic-random-8x8,classic,random-start,8x8,tf:105,tf:106,false,p2,accepted,,626705058,626706938115181,7
tf_policy_elo_616bc2f2_phase7_delta1_2026-08-20,classic-random-8x8_g106_vs_g105.jsonl,classic-random-8x8,classic,random-start,8x8,tf:106,tf:105,true,p1,accepted,,626705058,626706938115182,8
tf_policy_elo_616bc2f2_phase7_delta1_2026-08-20,classic-random-8x8_g106_vs_g105.jsonl,classic-random-8x8,classic,random-start,8x8,tf:105,tf:106,false,p2,accepted,,626705058,626706938115183,9
tf_policy_elo_616bc2f2_phase7_delta1_2026-08-20,classic-random-8x8_g106_vs_g105.jsonl,classic-random-8x8,classic,random-start,8x8,tf:106,tf:105,true,p1,accepted,,626705058,626706938115184,10
tf_policy_elo_616bc2f2_phase7_delta1_2026-08-20,classic-random-8x8_g106_vs_g105.jsonl,classic-random-8x8,classic,random-start,8x8,tf:105,tf:106,false,p1,accepted,,626705058,626706938115185,11
tf_policy_elo_616bc2f2_phase7_delta1_2026-08-20,classic-random-8x8_g107_vs_g106.jsonl,classic-random-8x8,classic,random-start,8x8,tf:107,tf:106,true,p1,accepted,,626806058,626807938418174,0
tf_policy_elo_616bc2f2_phase7_delta1_2026-08-20,classic-random-8x8_g107_vs_g106.jsonl,classic-random-8x8,classic,random-start,8x8,tf:106,tf:107,false,p1,accepted,,626806058,626807938418175,1
tf_policy_elo_616bc2f2_phase7_delta1_2026-08-20,classic-random-8x8_g107_vs_g106.jsonl,classic-random-8x8,classic,random-start,8x8,tf:107,tf:106,true,p1,accepted,,626806058,626807938418176,2
tf_policy_elo_616bc2f2_phase7_delta1_2026-08-20,classic-random-8x8_g107_vs_g106.jsonl,classic-random-8x8,classic,random-start,8x8,tf:106,tf:107,false,p1,accepted,,626806058,626807938418177,3
tf_policy_elo_616bc2f2_phase7_delta1_2026-08-20,classic-random-8x8_g107_vs_g106.jsonl,classic-random-8x8,classic,random-start,8x8,tf:107,tf:106,true,p1,accepted,,626806058,626807938418178,4
tf_policy_elo_616bc2f2_phase7_delta1_2026-08-20,classic-random-8x8_g107_vs_g106.jsonl,classic-random-8x8,classic,random-start,8x8,tf:106,tf:107,false,p1,accepted,,626806058,626807938418179,5
tf_policy_elo_616bc2f2_phase7_delta1_2026-08-20,classic-random-8x8_g107_vs_g106.jsonl,classic-random-8x8,classic,random-start,8x8,tf:107,tf:106,true,p1,accepted,,626806058,626807938418180,6
tf_policy_elo_616bc2f2_phase7_delta1_2026-08-20,classic-random-8x8_g107_vs_g106.jsonl,classic-random-8x8,classic,random-start,8x8,tf:106,tf:107,false,p1,accepted,,626806058,626807938418181,7
tf_policy_elo_616bc2f2_phase7_delta1_2026-08-20,classic-random-8x8_g107_vs_g106.jsonl,classic-random-8x8,classic,random-start,8x8,tf:107,tf:106,true,p2,accepted,,626806058,626807938418182,8
tf_policy_elo_616bc2f2_phase7_delta1_2026-08-20,classic-random-8x8_g107_vs_g106.jsonl,classic-random-8x8,classic,random-start,8x8,tf:106,tf:107,false,p1,accepted,,626806058,626807938418183,9
tf_policy_elo_616bc2f2_phase7_delta1_2026-08-20,classic-random-8x8_g107_vs_g106.jsonl,classic-random-8x8,classic,random-start,8x8,tf:107,tf:106,true,p2,accepted,,626806058,626807938418184,10
tf_policy_elo_616bc2f2_phase7_delta1_2026-08-20,classic-random-8x8_g107_vs_g106.jsonl,classic-random-8x8,classic,random-start,8x8,tf:106,tf:107,false,p2,accepted,,626806058,626807938418185,11
tf_policy_elo_616bc2f2_phase7_delta1_2026-08-20,classic-random-8x8_g108_vs_g107.jsonl,classic-random-8x8,classic,random-start,8x8,tf:108,tf:107,true,p2,accepted,,626907058,626908938721174,0
tf_policy_elo_616bc2f2_phase7_delta1_2026-08-20,classic-random-8x8_g108_vs_g107.jsonl,classic-random-8x8,classic,random-start,8x8,tf:107,tf:108,false,p2,accepted,,626907058,626908938721175,1
tf_policy_elo_616bc2f2_phase7_delta1_2026-08-20,classic-random-8x8_g108_vs_g107.jsonl,classic-random-8x8,classic,random-start,8x8,tf:108,tf:107,true,p2,accepted,,626907058,626908938721176,2
tf_policy_elo_616bc2f2_phase7_delta1_2026-08-20,classic-random-8x8_g108_vs_g107.jsonl,classic-random-8x8,classic,random-start,8x8,tf:107,tf:108,false,p2,accepted,,626907058,626908938721177,3
tf_policy_elo_616bc2f2_phase7_delta1_2026-08-20,classic-random-8x8_g108_vs_g107.jsonl,classic-random-8x8,classic,random-start,8x8,tf:108,tf:107,true,p1,accepted,,626907058,626908938721178,4
tf_policy_elo_616bc2f2_phase7_delta1_2026-08-20,classic-random-8x8_g108_vs_g107.jsonl,classic-random-8x8,classic,random-start,8x8,tf:107,tf:108,false,p1,accepted,,626907058,626908938721179,5
tf_policy_elo_616bc2f2_phase7_delta1_2026-08-20,classic-random-8x8_g108_vs_g107.jsonl,classic-random-8x8,classic,random-start,8x8,tf:108,tf:107,true,p2,accepted,,626907058,626908938721180,6
tf_policy_elo_616bc2f2_phase7_delta1_2026-08-20,classic-random-8x8_g108_vs_g107.jsonl,classic-random-8x8,classic,random-start,8x8,tf:107,tf:108,false,p1,accepted,,626907058,626908938721181,7
tf_policy_elo_616bc2f2_phase7_delta1_2026-08-20,classic-random-8x8_g108_vs_g107.jsonl,classic-random-8x8,classic,random-start,8x8,tf:108,tf:107,true,p1,accepted,,626907058,626908938721182,8
tf_policy_elo_616bc2f2_phase7_delta1_2026-08-20,classic-random-8x8_g108_vs_g107.jsonl,classic-random-8x8,classic,random-start,8x8,tf:107,tf:108,false,p1,accepted,,626907058,626908938721183,9
tf_policy_elo_616bc2f2_phase7_delta1_2026-08-20,classic-random-8x8_g108_vs_g107.jsonl,classic-random-8x8,classic,random-start,8x8,tf:108,tf:107,true,p1,accepted,,626907058,626908938721184,10
tf_policy_elo_616bc2f2_phase7_delta1_2026-08-20,classic-random-8x8_g108_vs_g107.jsonl,classic-random-8x8,classic,random-start,8x8,tf:107,tf:108,false,p1,accepted,,626907058,626908938721185,11
tf_policy_elo_616bc2f2_phase7_delta1_2026-08-20,classic-random-8x8_g109_vs_g108.jsonl,classic-random-8x8,classic,random-start,8x8,tf:109,tf:108,true,p1,accepted,,627008058,627009939024174,0
tf_policy_elo_616bc2f2_phase7_delta1_2026-08-20,classic-random-8x8_g109_vs_g108.jsonl,classic-random-8x8,classic,random-start,8x8,tf:108,tf:109,false,p2,accepted,,627008058,627009939024175,1
tf_policy_elo_616bc2f2_phase7_delta1_2026-08-20,classic-random-8x8_g109_vs_g108.jsonl,classic-random-8x8,classic,random-start,8x8,tf:109,tf:108,true,p1,accepted,,627008058,627009939024176,2
tf_policy_elo_616bc2f2_phase7_delta1_2026-08-20,classic-random-8x8_g109_vs_g108.jsonl,classic-random-8x8,classic,random-start,8x8,tf:108,tf:109,false,p1,accepted,,627008058,627009939024177,3
tf_policy_elo_616bc2f2_phase7_delta1_2026-08-20,classic-random-8x8_g109_vs_g108.jsonl,classic-random-8x8,classic,random-start,8x8,tf:109,tf:108,true,p1,accepted,,627008058,627009939024178,4
tf_policy_elo_616bc2f2_phase7_delta1_2026-08-20,classic-random-8x8_g109_vs_g108.jsonl,classic-random-8x8,classic,random-start,8x8,tf:108,tf:109,false,p1,accepted,,627008058,627009939024179,5
tf_policy_elo_616bc2f2_phase7_delta1_2026-08-20,classic-random-8x8_g109_vs_g108.jsonl,classic-random-8x8,classic,random-start,8x8,tf:109,tf:108,true,p2,accepted,,627008058,627009939024180,6
tf_policy_elo_616bc2f2_phase7_delta1_2026-08-20,classic-random-8x8_g109_vs_g108.jsonl,classic-random-8x8,classic,random-start,8x8,tf:108,tf:109,false,p1,accepted,,627008058,627009939024181,7
tf_policy_elo_616bc2f2_phase7_delta1_2026-08-20,classic-random-8x8_g109_vs_g108.jsonl,classic-random-8x8,classic,random-start,8x8,tf:109,tf:108,true,p2,accepted,,627008058,627009939024182,8
tf_policy_elo_616bc2f2_phase7_delta1_2026-08-20,classic-random-8x8_g109_vs_g108.jsonl,classic-random-8x8,classic,random-start,8x8,tf:108,tf:109,false,p1,accepted,,627008058,627009939024183,9
tf_policy_elo_616bc2f2_phase7_delta1_2026-08-20,classic-random-8x8_g109_vs_g108.jsonl,classic-random-8x8,classic,random-start,8x8,tf:109,tf:108,true,p1,accepted,,627008058,627009939024184,10
tf_policy_elo_616bc2f2_phase7_delta1_2026-08-20,classic-random-8x8_g109_vs_g108.jsonl,classic-random-8x8,classic,random-start,8x8,tf:108,tf:109,false,p1,accepted,,627008058,627009939024185,11
tf_policy_elo_616bc2f2_phase7_delta1_2026-08-20,classic-random-8x8_g110_vs_g109.jsonl,classic-random-8x8,classic,random-start,8x8,tf:110,tf:109,true,p1,accepted,,627109058,627110939327174,0
tf_policy_elo_616bc2f2_phase7_delta1_2026-08-20,classic-random-8x8_g110_vs_g109.jsonl,classic-random-8x8,classic,random-start,8x8,tf:109,tf:110,false,p2,accepted,,627109058,627110939327175,1
tf_policy_elo_616bc2f2_phase7_delta1_2026-08-20,classic-random-8x8_g110_vs_g109.jsonl,classic-random-8x8,classic,random-start,8x8,tf:110,tf:109,true,p2,accepted,,627109058,627110939327176,2
tf_policy_elo_616bc2f2_phase7_delta1_2026-08-20,classic-random-8x8_g110_vs_g109.jsonl,classic-random-8x8,classic,random-start,8x8,tf:109,tf:110,false,p1,accepted,,627109058,627110939327177,3
tf_policy_elo_616bc2f2_phase7_delta1_2026-08-20,classic-random-8x8_g110_vs_g109.jsonl,classic-random-8x8,classic,random-start,8x8,tf:110,tf:109,true,p2,accepted,,627109058,627110939327178,4
tf_policy_elo_616bc2f2_phase7_delta1_2026-08-20,classic-random-8x8_g110_vs_g109.jsonl,classic-random-8x8,classic,random-start,8x8,tf:109,tf:110,false,p1,accepted,,627109058,627110939327179,5
tf_policy_elo_616bc2f2_phase7_delta1_2026-08-20,classic-random-8x8_g110_vs_g109.jsonl,classic-random-8x8,classic,random-start,8x8,tf:110,tf:109,true,p2,accepted,,627109058,627110939327180,6
tf_policy_elo_616bc2f2_phase7_delta1_2026-08-20,classic-random-8x8_g110_vs_g109.jsonl,classic-random-8x8,classic,random-start,8x8,tf:109,tf:110,false,p1,accepted,,627109058,627110939327181,7
tf_policy_elo_616bc2f2_phase7_delta1_2026-08-20,classic-random-8x8_g110_vs_g109.jsonl,classic-random-8x8,classic,random-start,8x8,tf:110,tf:109,true,p1,accepted,,627109058,627110939327182,8
tf_policy_elo_616bc2f2_phase7_delta1_2026-08-20,classic-random-8x8_g110_vs_g109.jsonl,classic-random-8x8,classic,random-start,8x8,tf:109,tf:110,false,p2,accepted,,627109058,627110939327183,9
tf_policy_elo_616bc2f2_phase7_delta1_2026-08-20,classic-random-8x8_g110_vs_g109.jsonl,classic-random-8x8,classic,random-start,8x8,tf:110,tf:109,true,p1,accepted,,627109058,627110939327184,10
tf_policy_elo_616bc2f2_phase7_delta1_2026-08-20,classic-random-8x8_g110_vs_g109.jsonl,classic-random-8x8,classic,random-start,8x8,tf:109,tf:110,false,p2,accepted,,627109058,627110939327185,11
tf_policy_elo_616bc2f2_phase7_delta1_2026-08-20,classic-random-8x8_g111_vs_g110.jsonl,classic-random-8x8,classic,random-start,8x8,tf:111,tf:110,true,p1,accepted,,627210058,627211939630174,0
tf_policy_elo_616bc2f2_phase7_delta1_2026-08-20,classic-random-8x8_g111_vs_g110.jsonl,classic-random-8x8,classic,random-start,8x8,tf:110,tf:111,false,p1,accepted,,627210058,627211939630175,1
tf_policy_elo_616bc2f2_phase7_delta1_2026-08-20,classic-random-8x8_g111_vs_g110.jsonl,classic-random-8x8,classic,random-start,8x8,tf:111,tf:110,true,p2,accepted,,627210058,627211939630176,2
tf_policy_elo_616bc2f2_phase7_delta1_2026-08-20,classic-random-8x8_g111_vs_g110.jsonl,classic-random-8x8,classic,random-start,8x8,tf:110,tf:111,false,p1,accepted,,627210058,627211939630177,3
tf_policy_elo_616bc2f2_phase7_delta1_2026-08-20,classic-random-8x8_g111_vs_g110.jsonl,classic-random-8x8,classic,random-start,8x8,tf:111,tf:110,true,p2,accepted,,627210058,627211939630178,4
tf_policy_elo_616bc2f2_phase7_delta1_2026-08-20,classic-random-8x8_g111_vs_g110.jsonl,classic-random-8x8,classic,random-start,8x8,tf:110,tf:111,false,p2,accepted,,627210058,627211939630179,5
tf_policy_elo_616bc2f2_phase7_delta1_2026-08-20,classic-random-8x8_g111_vs_g110.jsonl,classic-random-8x8,classic,random-start,8x8,tf:111,tf:110,true,p1,accepted,,627210058,627211939630180,6
tf_policy_elo_616bc2f2_phase7_delta1_2026-08-20,classic-random-8x8_g111_vs_g110.jsonl,classic-random-8x8,classic,random-start,8x8,tf:110,tf:111,false,p1,accepted,,627210058,627211939630181,7
tf_policy_elo_616bc2f2_phase7_delta1_2026-08-20,classic-random-8x8_g111_vs_g110.jsonl,classic-random-8x8,classic,random-start,8x8,tf:111,tf:110,true,p1,accepted,,627210058,627211939630182,8
tf_policy_elo_616bc2f2_phase7_delta1_2026-08-20,classic-random-8x8_g111_vs_g110.jsonl,classic-random-8x8,classic,random-start,8x8,tf:110,tf:111,false,p1,accepted,,627210058,627211939630183,9
tf_policy_elo_616bc2f2_phase7_delta1_2026-08-20,classic-random-8x8_g111_vs_g110.jsonl,classic-random-8x8,classic,random-start,8x8,tf:111,tf:110,true,p1,accepted,,627210058,627211939630184,10
tf_policy_elo_616bc2f2_phase7_delta1_2026-08-20,classic-random-8x8_g111_vs_g110.jsonl,classic-random-8x8,classic,random-start,8x8,tf:110,tf:111,false,p2,accepted,,627210058,627211939630185,11
tf_policy_elo_616bc2f2_phase7_delta1_2026-08-20,classic-random-8x8_g112_vs_g111.jsonl,classic-random-8x8,classic,random-start,8x8,tf:112,tf:111,true,p1,accepted,,627311058,627312939933174,0
tf_policy_elo_616bc2f2_phase7_delta1_2026-08-20,classic-random-8x8_g112_vs_g111.jsonl,classic-random-8x8,classic,random-start,8x8,tf:111,tf:112,false,p2,accepted,,627311058,627312939933175,1
tf_policy_elo_616bc2f2_phase7_delta1_2026-08-20,classic-random-8x8_g112_vs_g111.jsonl,classic-random-8x8,classic,random-start,8x8,tf:112,tf:111,true,p2,accepted,,627311058,627312939933176,2
tf_policy_elo_616bc2f2_phase7_delta1_2026-08-20,classic-random-8x8_g112_vs_g111.jsonl,classic-random-8x8,classic,random-start,8x8,tf:111,tf:112,false,p2,accepted,,627311058,627312939933177,3
tf_policy_elo_616bc2f2_phase7_delta1_2026-08-20,classic-random-8x8_g112_vs_g111.jsonl,classic-random-8x8,classic,random-start,8x8,tf:112,tf:111,true,p2,accepted,,627311058,627312939933178,4
tf_policy_elo_616bc2f2_phase7_delta1_2026-08-20,classic-random-8x8_g112_vs_g111.jsonl,classic-random-8x8,classic,random-start,8x8,tf:111,tf:112,false,p1,accepted,,627311058,627312939933179,5
tf_policy_elo_616bc2f2_phase7_delta1_2026-08-20,classic-random-8x8_g112_vs_g111.jsonl,classic-random-8x8,classic,random-start,8x8,tf:112,tf:111,true,p2,accepted,,627311058,627312939933180,6
tf_policy_elo_616bc2f2_phase7_delta1_2026-08-20,classic-random-8x8_g112_vs_g111.jsonl,classic-random-8x8,classic,random-start,8x8,tf:111,tf:112,false,p2,accepted,,627311058,627312939933181,7
tf_policy_elo_616bc2f2_phase7_delta1_2026-08-20,classic-random-8x8_g112_vs_g111.jsonl,classic-random-8x8,classic,random-start,8x8,tf:112,tf:111,true,p1,accepted,,627311058,627312939933182,8
tf_policy_elo_616bc2f2_phase7_delta1_2026-08-20,classic-random-8x8_g112_vs_g111.jsonl,classic-random-8x8,classic,random-start,8x8,tf:111,tf:112,false,p1,accepted,,627311058,627312939933183,9
tf_policy_elo_616bc2f2_phase7_delta1_2026-08-20,classic-random-8x8_g112_vs_g111.jsonl,classic-random-8x8,classic,random-start,8x8,tf:112,tf:111,true,p1,accepted,,627311058,627312939933184,10
tf_policy_elo_616bc2f2_phase7_delta1_2026-08-20,classic-random-8x8_g112_vs_g111.jsonl,classic-random-8x8,classic,random-start,8x8,tf:111,tf:112,false,p2,accepted,,627311058,627312939933185,11
tf_policy_elo_616bc2f2_phase7_delta1_2026-08-20,classic-random-8x8_g113_vs_g112.jsonl,classic-random-8x8,classic,random-start,8x8,tf:113,tf:112,true,p2,accepted,,627412058,627413940236174,0
tf_policy_elo_616bc2f2_phase7_delta1_2026-08-20,classic-random-8x8_g113_vs_g112.jsonl,classic-random-8x8,classic,random-start,8x8,tf:112,tf:113,false,p1,accepted,,627412058,627413940236175,1
tf_policy_elo_616bc2f2_phase7_delta1_2026-08-20,classic-random-8x8_g113_vs_g112.jsonl,classic-random-8x8,classic,random-start,8x8,tf:113,tf:112,true,p1,accepted,,627412058,627413940236176,2
tf_policy_elo_616bc2f2_phase7_delta1_2026-08-20,classic-random-8x8_g113_vs_g112.jsonl,classic-random-8x8,classic,random-start,8x8,tf:112,tf:113,false,p1,accepted,,627412058,627413940236177,3
tf_policy_elo_616bc2f2_phase7_delta1_2026-08-20,classic-random-8x8_g113_vs_g112.jsonl,classic-random-8x8,classic,random-start,8x8,tf:113,tf:112,true,p1,accepted,,627412058,627413940236178,4
tf_policy_elo_616bc2f2_phase7_delta1_2026-08-20,classic-random-8x8_g113_vs_g112.jsonl,classic-random-8x8,classic,random-start,8x8,tf:112,tf:113,false,p2,accepted,,627412058,627413940236179,5
tf_policy_elo_616bc2f2_phase7_delta1_2026-08-20,classic-random-8x8_g113_vs_g112.jsonl,classic-random-8x8,classic,random-start,8x8,tf:113,tf:112,true,p2,accepted,,627412058,627413940236180,6
tf_policy_elo_616bc2f2_phase7_delta1_2026-08-20,classic-random-8x8_g113_vs_g112.jsonl,classic-random-8x8,classic,random-start,8x8,tf:112,tf:113,false,p1,accepted,,627412058,627413940236181,7
tf_policy_elo_616bc2f2_phase7_delta1_2026-08-20,classic-random-8x8_g113_vs_g112.jsonl,classic-random-8x8,classic,random-start,8x8,tf:113,tf:112,true,p2,accepted,,627412058,627413940236182,8
tf_policy_elo_616bc2f2_phase7_delta1_2026-08-20,classic-random-8x8_g113_vs_g112.jsonl,classic-random-8x8,classic,random-start,8x8,tf:112,tf:113,false,p1,accepted,,627412058,627413940236183,9
tf_policy_elo_616bc2f2_phase7_delta1_2026-08-20,classic-random-8x8_g113_vs_g112.jsonl,classic-random-8x8,classic,random-start,8x8,tf:113,tf:112,true,p1,accepted,,627412058,627413940236184,10
tf_policy_elo_616bc2f2_phase7_delta1_2026-08-20,classic-random-8x8_g113_vs_g112.jsonl,classic-random-8x8,classic,random-start,8x8,tf:112,tf:113,false,p2,accepted,,627412058,627413940236185,11
tf_policy_elo_616bc2f2_phase7_delta1_2026-08-20,classic-random-8x8_g114_vs_g113.jsonl,classic-random-8x8,classic,random-start,8x8,tf:114,tf:113,true,p2,accepted,,627513058,627514940539174,0
tf_policy_elo_616bc2f2_phase7_delta1_2026-08-20,classic-random-8x8_g114_vs_g113.jsonl,classic-random-8x8,classic,random-start,8x8,tf:113,tf:114,false,p2,accepted,,627513058,627514940539175,1
tf_policy_elo_616bc2f2_phase7_delta1_2026-08-20,classic-random-8x8_g114_vs_g113.jsonl,classic-random-8x8,classic,random-start,8x8,tf:114,tf:113,true,p1,accepted,,627513058,627514940539176,2
tf_policy_elo_616bc2f2_phase7_delta1_2026-08-20,classic-random-8x8_g114_vs_g113.jsonl,classic-random-8x8,classic,random-start,8x8,tf:113,tf:114,false,p1,accepted,,627513058,627514940539177,3
tf_policy_elo_616bc2f2_phase7_delta1_2026-08-20,classic-random-8x8_g114_vs_g113.jsonl,classic-random-8x8,classic,random-start,8x8,tf:114,tf:113,true,p2,accepted,,627513058,627514940539178,4
tf_policy_elo_616bc2f2_phase7_delta1_2026-08-20,classic-random-8x8_g114_vs_g113.jsonl,classic-random-8x8,classic,random-start,8x8,tf:113,tf:114,false,p1,accepted,,627513058,627514940539179,5
tf_policy_elo_616bc2f2_phase7_delta1_2026-08-20,classic-random-8x8_g114_vs_g113.jsonl,classic-random-8x8,classic,random-start,8x8,tf:114,tf:113,true,p2,accepted,,627513058,627514940539180,6
tf_policy_elo_616bc2f2_phase7_delta1_2026-08-20,classic-random-8x8_g114_vs_g113.jsonl,classic-random-8x8,classic,random-start,8x8,tf:113,tf:114,false,p2,accepted,,627513058,627514940539181,7
tf_policy_elo_616bc2f2_phase7_delta1_2026-08-20,classic-random-8x8_g114_vs_g113.jsonl,classic-random-8x8,classic,random-start,8x8,tf:114,tf:113,true,p2,accepted,,627513058,627514940539182,8
tf_policy_elo_616bc2f2_phase7_delta1_2026-08-20,classic-random-8x8_g114_vs_g113.jsonl,classic-random-8x8,classic,random-start,8x8,tf:113,tf:114,false,p1,accepted,,627513058,627514940539183,9
tf_policy_elo_616bc2f2_phase7_delta1_2026-08-20,classic-random-8x8_g114_vs_g113.jsonl,classic-random-8x8,classic,random-start,8x8,tf:114,tf:113,true,p2,accepted,,627513058,627514940539184,10
tf_policy_elo_616bc2f2_phase7_delta1_2026-08-20,classic-random-8x8_g114_vs_g113.jsonl,classic-random-8x8,classic,random-start,8x8,tf:113,tf:114,false,p1,accepted,,627513058,627514940539185,11
tf_policy_elo_616bc2f2_phase7_delta1_2026-08-20,classic-random-8x8_g115_vs_g114.jsonl,classic-random-8x8,classic,random-start,8x8,tf:115,tf:114,true,p2,accepted,,627614058,627615940842174,0
tf_policy_elo_616bc2f2_phase7_delta1_2026-08-20,classic-random-8x8_g115_vs_g114.jsonl,classic-random-8x8,classic,random-start,8x8,tf:114,tf:115,false,p1,accepted,,627614058,627615940842175,1
tf_policy_elo_616bc2f2_phase7_delta1_2026-08-20,classic-random-8x8_g115_vs_g114.jsonl,classic-random-8x8,classic,random-start,8x8,tf:115,tf:114,true,p1,accepted,,627614058,627615940842176,2
tf_policy_elo_616bc2f2_phase7_delta1_2026-08-20,classic-random-8x8_g115_vs_g114.jsonl,classic-random-8x8,classic,random-start,8x8,tf:114,tf:115,false,p1,accepted,,627614058,627615940842177,3
tf_policy_elo_616bc2f2_phase7_delta1_2026-08-20,classic-random-8x8_g115_vs_g114.jsonl,classic-random-8x8,classic,random-start,8x8,tf:115,tf:114,true,p2,accepted,,627614058,627615940842178,4
tf_policy_elo_616bc2f2_phase7_delta1_2026-08-20,classic-random-8x8_g115_vs_g114.jsonl,classic-random-8x8,classic,random-start,8x8,tf:114,tf:115,false,p1,accepted,,627614058,627615940842179,5
tf_policy_elo_616bc2f2_phase7_delta1_2026-08-20,classic-random-8x8_g115_vs_g114.jsonl,classic-random-8x8,classic,random-start,8x8,tf:115,tf:114,true,p1,accepted,,627614058,627615940842180,6
tf_policy_elo_616bc2f2_phase7_delta1_2026-08-20,classic-random-8x8_g115_vs_g114.jsonl,classic-random-8x8,classic,random-start,8x8,tf:114,tf:115,false,p2,accepted,,627614058,627615940842181,7
tf_policy_elo_616bc2f2_phase7_delta1_2026-08-20,classic-random-8x8_g115_vs_g114.jsonl,classic-random-8x8,classic,random-start,8x8,tf:115,tf:114,true,p2,accepted,,627614058,627615940842182,8
tf_policy_elo_616bc2f2_phase7_delta1_2026-08-20,classic-random-8x8_g115_vs_g114.jsonl,classic-random-8x8,classic,random-start,8x8,tf:114,tf:115,false,p1,accepted,,627614058,627615940842183,9
tf_policy_elo_616bc2f2_phase7_delta1_2026-08-20,classic-random-8x8_g115_vs_g114.jsonl,classic-random-8x8,classic,random-start,8x8,tf:115,tf:114,true,p1,accepted,,627614058,627615940842184,10
tf_policy_elo_616bc2f2_phase7_delta1_2026-08-20,classic-random-8x8_g115_vs_g114.jsonl,classic-random-8x8,classic,random-start,8x8,tf:114,tf:115,false,p1,accepted,,627614058,627615940842185,11
tf_policy_elo_616bc2f2_phase7_delta1_2026-08-20,classic-random-8x8_g116_vs_g115.jsonl,classic-random-8x8,classic,random-start,8x8,tf:116,tf:115,true,p1,accepted,,627715058,627716941145174,0
tf_policy_elo_616bc2f2_phase7_delta1_2026-08-20,classic-random-8x8_g116_vs_g115.jsonl,classic-random-8x8,classic,random-start,8x8,tf:115,tf:116,false,p1,accepted,,627715058,627716941145175,1
tf_policy_elo_616bc2f2_phase7_delta1_2026-08-20,classic-random-8x8_g116_vs_g115.jsonl,classic-random-8x8,classic,random-start,8x8,tf:116,tf:115,true,p1,accepted,,627715058,627716941145176,2
tf_policy_elo_616bc2f2_phase7_delta1_2026-08-20,classic-random-8x8_g116_vs_g115.jsonl,classic-random-8x8,classic,random-start,8x8,tf:115,tf:116,false,p1,accepted,,627715058,627716941145177,3
tf_policy_elo_616bc2f2_phase7_delta1_2026-08-20,classic-random-8x8_g116_vs_g115.jsonl,classic-random-8x8,classic,random-start,8x8,tf:116,tf:115,true,p1,accepted,,627715058,627716941145178,4
tf_policy_elo_616bc2f2_phase7_delta1_2026-08-20,classic-random-8x8_g116_vs_g115.jsonl,classic-random-8x8,classic,random-start,8x8,tf:115,tf:116,false,p1,accepted,,627715058,627716941145179,5
tf_policy_elo_616bc2f2_phase7_delta1_2026-08-20,classic-random-8x8_g116_vs_g115.jsonl,classic-random-8x8,classic,random-start,8x8,tf:116,tf:115,true,p1,accepted,,627715058,627716941145180,6
tf_policy_elo_616bc2f2_phase7_delta1_2026-08-20,classic-random-8x8_g116_vs_g115.jsonl,classic-random-8x8,classic,random-start,8x8,tf:115,tf:116,false,p1,accepted,,627715058,627716941145181,7
tf_policy_elo_616bc2f2_phase7_delta1_2026-08-20,classic-random-8x8_g116_vs_g115.jsonl,classic-random-8x8,classic,random-start,8x8,tf:116,tf:115,true,p1,accepted,,627715058,627716941145182,8
tf_policy_elo_616bc2f2_phase7_delta1_2026-08-20,classic-random-8x8_g116_vs_g115.jsonl,classic-random-8x8,classic,random-start,8x8,tf:115,tf:116,false,p1,accepted,,627715058,627716941145183,9
tf_policy_elo_616bc2f2_phase7_delta1_2026-08-20,classic-random-8x8_g116_vs_g115.jsonl,classic-random-8x8,classic,random-start,8x8,tf:116,tf:115,true,p2,accepted,,627715058,627716941145184,10
tf_policy_elo_616bc2f2_phase7_delta1_2026-08-20,classic-random-8x8_g116_vs_g115.jsonl,classic-random-8x8,classic,random-start,8x8,tf:115,tf:116,false,p1,accepted,,627715058,627716941145185,11
tf_policy_elo_616bc2f2_phase7_delta1_2026-08-20,classic-random-8x8_g94_vs_g93.jsonl,classic-random-8x8,classic,random-start,8x8,tf:94,tf:93,true,p1,accepted,,625493058,625494934479174,0
tf_policy_elo_616bc2f2_phase7_delta1_2026-08-20,classic-random-8x8_g94_vs_g93.jsonl,classic-random-8x8,classic,random-start,8x8,tf:93,tf:94,false,p1,accepted,,625493058,625494934479175,1
tf_policy_elo_616bc2f2_phase7_delta1_2026-08-20,classic-random-8x8_g94_vs_g93.jsonl,classic-random-8x8,classic,random-start,8x8,tf:94,tf:93,true,p2,accepted,,625493058,625494934479176,2
tf_policy_elo_616bc2f2_phase7_delta1_2026-08-20,classic-random-8x8_g94_vs_g93.jsonl,classic-random-8x8,classic,random-start,8x8,tf:93,tf:94,false,p1,accepted,,625493058,625494934479177,3
tf_policy_elo_616bc2f2_phase7_delta1_2026-08-20,classic-random-8x8_g94_vs_g93.jsonl,classic-random-8x8,classic,random-start,8x8,tf:94,tf:93,true,p1,accepted,,625493058,625494934479178,4
tf_policy_elo_616bc2f2_phase7_delta1_2026-08-20,classic-random-8x8_g94_vs_g93.jsonl,classic-random-8x8,classic,random-start,8x8,tf:93,tf:94,false,p1,accepted,,625493058,625494934479179,5
tf_policy_elo_616bc2f2_phase7_delta1_2026-08-20,classic-random-8x8_g94_vs_g93.jsonl,classic-random-8x8,classic,random-start,8x8,tf:94,tf:93,true,p1,accepted,,625493058,625494934479180,6
tf_policy_elo_616bc2f2_phase7_delta1_2026-08-20,classic-random-8x8_g94_vs_g93.jsonl,classic-random-8x8,classic,random-start,8x8,tf:93,tf:94,false,p2,accepted,,625493058,625494934479181,7
tf_policy_elo_616bc2f2_phase7_delta1_2026-08-20,classic-random-8x8_g94_vs_g93.jsonl,classic-random-8x8,classic,random-start,8x8,tf:94,tf:93,true,p1,accepted,,625493058,625494934479182,8
tf_policy_elo_616bc2f2_phase7_delta1_2026-08-20,classic-random-8x8_g94_vs_g93.jsonl,classic-random-8x8,classic,random-start,8x8,tf:93,tf:94,false,p2,accepted,,625493058,625494934479183,9
tf_policy_elo_616bc2f2_phase7_delta1_2026-08-20,classic-random-8x8_g94_vs_g93.jsonl,classic-random-8x8,classic,random-start,8x8,tf:94,tf:93,true,p1,accepted,,625493058,625494934479184,10
tf_policy_elo_616bc2f2_phase7_delta1_2026-08-20,classic-random-8x8_g94_vs_g93.jsonl,classic-random-8x8,classic,random-start,8x8,tf:93,tf:94,false,p2,accepted,,625493058,625494934479185,11
tf_policy_elo_616bc2f2_phase7_delta1_2026-08-20,classic-random-8x8_g95_vs_g94.jsonl,classic-random-8x8,classic,random-start,8x8,tf:95,tf:94,true,p1,accepted,,625594058,625595934782174,0
tf_policy_elo_616bc2f2_phase7_delta1_2026-08-20,classic-random-8x8_g95_vs_g94.jsonl,classic-random-8x8,classic,random-start,8x8,tf:94,tf:95,false,p1,accepted,,625594058,625595934782175,1
tf_policy_elo_616bc2f2_phase7_delta1_2026-08-20,classic-random-8x8_g95_vs_g94.jsonl,classic-random-8x8,classic,random-start,8x8,tf:95,tf:94,true,p2,accepted,,625594058,625595934782176,2
tf_policy_elo_616bc2f2_phase7_delta1_2026-08-20,classic-random-8x8_g95_vs_g94.jsonl,classic-random-8x8,classic,random-start,8x8,tf:94,tf:95,false,p2,accepted,,625594058,625595934782177,3
tf_policy_elo_616bc2f2_phase7_delta1_2026-08-20,classic-random-8x8_g95_vs_g94.jsonl,classic-random-8x8,classic,random-start,8x8,tf:95,tf:94,true,p1,accepted,,625594058,625595934782178,4
tf_policy_elo_616bc2f2_phase7_delta1_2026-08-20,classic-random-8x8_g95_vs_g94.jsonl,classic-random-8x8,classic,random-start,8x8,tf:94,tf:95,false,p2,accepted,,625594058,625595934782179,5
tf_policy_elo_616bc2f2_phase7_delta1_2026-08-20,classic-random-8x8_g95_vs_g94.jsonl,classic-random-8x8,classic,random-start,8x8,tf:95,tf:94,true,p1,accepted,,625594058,625595934782180,6
tf_policy_elo_616bc2f2_phase7_delta1_2026-08-20,classic-random-8x8_g95_vs_g94.jsonl,classic-random-8x8,classic,random-start,8x8,tf:94,tf:95,false,p1,accepted,,625594058,625595934782181,7
tf_policy_elo_616bc2f2_phase7_delta1_2026-08-20,classic-random-8x8_g95_vs_g94.jsonl,classic-random-8x8,classic,random-start,8x8,tf:95,tf:94,true,p1,accepted,,625594058,625595934782182,8
tf_policy_elo_616bc2f2_phase7_delta1_2026-08-20,classic-random-8x8_g95_vs_g94.jsonl,classic-random-8x8,classic,random-start,8x8,tf:94,tf:95,false,p2,accepted,,625594058,625595934782183,9
tf_policy_elo_616bc2f2_phase7_delta1_2026-08-20,classic-random-8x8_g95_vs_g94.jsonl,classic-random-8x8,classic,random-start,8x8,tf:95,tf:94,true,p1,accepted,,625594058,625595934782184,10
tf_policy_elo_616bc2f2_phase7_delta1_2026-08-20,classic-random-8x8_g95_vs_g94.jsonl,classic-random-8x8,classic,random-start,8x8,tf:94,tf:95,false,p1,accepted,,625594058,625595934782185,11
tf_policy_elo_616bc2f2_phase7_delta1_2026-08-20,classic-random-8x8_g96_vs_g95.jsonl,classic-random-8x8,classic,random-start,8x8,tf:96,tf:95,true,p2,accepted,,625695058,625696935085174,0
tf_policy_elo_616bc2f2_phase7_delta1_2026-08-20,classic-random-8x8_g96_vs_g95.jsonl,classic-random-8x8,classic,random-start,8x8,tf:95,tf:96,false,p2,accepted,,625695058,625696935085175,1
tf_policy_elo_616bc2f2_phase7_delta1_2026-08-20,classic-random-8x8_g96_vs_g95.jsonl,classic-random-8x8,classic,random-start,8x8,tf:96,tf:95,true,p2,accepted,,625695058,625696935085176,2
tf_policy_elo_616bc2f2_phase7_delta1_2026-08-20,classic-random-8x8_g96_vs_g95.jsonl,classic-random-8x8,classic,random-start,8x8,tf:95,tf:96,false,p2,accepted,,625695058,625696935085177,3
tf_policy_elo_616bc2f2_phase7_delta1_2026-08-20,classic-random-8x8_g96_vs_g95.jsonl,classic-random-8x8,classic,random-start,8x8,tf:96,tf:95,true,p2,accepted,,625695058,625696935085178,4
tf_policy_elo_616bc2f2_phase7_delta1_2026-08-20,classic-random-8x8_g96_vs_g95.jsonl,classic-random-8x8,classic,random-start,8x8,tf:95,tf:96,false,p2,accepted,,625695058,625696935085179,5
tf_policy_elo_616bc2f2_phase7_delta1_2026-08-20,classic-random-8x8_g96_vs_g95.jsonl,classic-random-8x8,classic,random-start,8x8,tf:96,tf:95,true,p2,accepted,,625695058,625696935085180,6
tf_policy_elo_616bc2f2_phase7_delta1_2026-08-20,classic-random-8x8_g96_vs_g95.jsonl,classic-random-8x8,classic,random-start,8x8,tf:95,tf:96,false,p1,accepted,,625695058,625696935085181,7
tf_policy_elo_616bc2f2_phase7_delta1_2026-08-20,classic-random-8x8_g96_vs_g95.jsonl,classic-random-8x8,classic,random-start,8x8,tf:96,tf:95,true,p2,accepted,,625695058,625696935085182,8
tf_policy_elo_616bc2f2_phase7_delta1_2026-08-20,classic-random-8x8_g96_vs_g95.jsonl,classic-random-8x8,classic,random-start,8x8,tf:95,tf:96,false,p2,accepted,,625695058,625696935085183,9
tf_policy_elo_616bc2f2_phase7_delta1_2026-08-20,classic-random-8x8_g96_vs_g95.jsonl,classic-random-8x8,classic,random-start,8x8,tf:96,tf:95,true,p2,accepted,,625695058,625696935085184,10
tf_policy_elo_616bc2f2_phase7_delta1_2026-08-20,classic-random-8x8_g96_vs_g95.jsonl,classic-random-8x8,classic,random-start,8x8,tf:95,tf:96,false,p2,accepted,,625695058,625696935085185,11
tf_policy_elo_616bc2f2_phase7_delta1_2026-08-20,classic-random-8x8_g97_vs_g96.jsonl,classic-random-8x8,classic,random-start,8x8,tf:97,tf:96,true,p1,accepted,,625796058,625797935388174,0
tf_policy_elo_616bc2f2_phase7_delta1_2026-08-20,classic-random-8x8_g97_vs_g96.jsonl,classic-random-8x8,classic,random-start,8x8,tf:96,tf:97,false,p1,accepted,,625796058,625797935388175,1
tf_policy_elo_616bc2f2_phase7_delta1_2026-08-20,classic-random-8x8_g97_vs_g96.jsonl,classic-random-8x8,classic,random-start,8x8,tf:97,tf:96,true,p1,accepted,,625796058,625797935388176,2
tf_policy_elo_616bc2f2_phase7_delta1_2026-08-20,classic-random-8x8_g97_vs_g96.jsonl,classic-random-8x8,classic,random-start,8x8,tf:96,tf:97,false,p2,accepted,,625796058,625797935388177,3
tf_policy_elo_616bc2f2_phase7_delta1_2026-08-20,classic-random-8x8_g97_vs_g96.jsonl,classic-random-8x8,classic,random-start,8x8,tf:97,tf:96,true,p1,accepted,,625796058,625797935388178,4
tf_policy_elo_616bc2f2_phase7_delta1_2026-08-20,classic-random-8x8_g97_vs_g96.jsonl,classic-random-8x8,classic,random-start,8x8,tf:96,tf:97,false,p1,accepted,,625796058,625797935388179,5
tf_policy_elo_616bc2f2_phase7_delta1_2026-08-20,classic-random-8x8_g97_vs_g96.jsonl,classic-random-8x8,classic,random-start,8x8,tf:97,tf:96,true,p1,accepted,,625796058,625797935388180,6
tf_policy_elo_616bc2f2_phase7_delta1_2026-08-20,classic-random-8x8_g97_vs_g96.jsonl,classic-random-8x8,classic,random-start,8x8,tf:96,tf:97,false,p1,accepted,,625796058,625797935388181,7
tf_policy_elo_616bc2f2_phase7_delta1_2026-08-20,classic-random-8x8_g97_vs_g96.jsonl,classic-random-8x8,classic,random-start,8x8,tf:97,tf:96,true,p2,accepted,,625796058,625797935388182,8
tf_policy_elo_616bc2f2_phase7_delta1_2026-08-20,classic-random-8x8_g97_vs_g96.jsonl,classic-random-8x8,classic,random-start,8x8,tf:96,tf:97,false,p1,accepted,,625796058,625797935388183,9
tf_policy_elo_616bc2f2_phase7_delta1_2026-08-20,classic-random-8x8_g97_vs_g96.jsonl,classic-random-8x8,classic,random-start,8x8,tf:97,tf:96,true,p2,accepted,,625796058,625797935388184,10
tf_policy_elo_616bc2f2_phase7_delta1_2026-08-20,classic-random-8x8_g97_vs_g96.jsonl,classic-random-8x8,classic,random-start,8x8,tf:96,tf:97,false,p1,accepted,,625796058,625797935388185,11
tf_policy_elo_616bc2f2_phase7_delta1_2026-08-20,classic-random-8x8_g98_vs_g97.jsonl,classic-random-8x8,classic,random-start,8x8,tf:98,tf:97,true,p1,accepted,,625897058,625898935691174,0
tf_policy_elo_616bc2f2_phase7_delta1_2026-08-20,classic-random-8x8_g98_vs_g97.jsonl,classic-random-8x8,classic,random-start,8x8,tf:97,tf:98,false,p1,accepted,,625897058,625898935691175,1
tf_policy_elo_616bc2f2_phase7_delta1_2026-08-20,classic-random-8x8_g98_vs_g97.jsonl,classic-random-8x8,classic,random-start,8x8,tf:98,tf:97,true,p2,accepted,,625897058,625898935691176,2
tf_policy_elo_616bc2f2_phase7_delta1_2026-08-20,classic-random-8x8_g98_vs_g97.jsonl,classic-random-8x8,classic,random-start,8x8,tf:97,tf:98,false,p1,accepted,,625897058,625898935691177,3
tf_policy_elo_616bc2f2_phase7_delta1_2026-08-20,classic-random-8x8_g98_vs_g97.jsonl,classic-random-8x8,classic,random-start,8x8,tf:98,tf:97,true,p2,accepted,,625897058,625898935691178,4
tf_policy_elo_616bc2f2_phase7_delta1_2026-08-20,classic-random-8x8_g98_vs_g97.jsonl,classic-random-8x8,classic,random-start,8x8,tf:97,tf:98,false,p2,accepted,,625897058,625898935691179,5
tf_policy_elo_616bc2f2_phase7_delta1_2026-08-20,classic-random-8x8_g98_vs_g97.jsonl,classic-random-8x8,classic,random-start,8x8,tf:98,tf:97,true,p2,accepted,,625897058,625898935691180,6
tf_policy_elo_616bc2f2_phase7_delta1_2026-08-20,classic-random-8x8_g98_vs_g97.jsonl,classic-random-8x8,classic,random-start,8x8,tf:97,tf:98,false,p1,accepted,,625897058,625898935691181,7
tf_policy_elo_616bc2f2_phase7_delta1_2026-08-20,classic-random-8x8_g98_vs_g97.jsonl,classic-random-8x8,classic,random-start,8x8,tf:98,tf:97,true,p1,accepted,,625897058,625898935691182,8
tf_policy_elo_616bc2f2_phase7_delta1_2026-08-20,classic-random-8x8_g98_vs_g97.jsonl,classic-random-8x8,classic,random-start,8x8,tf:97,tf:98,false,p1,accepted,,625897058,625898935691183,9
tf_policy_elo_616bc2f2_phase7_delta1_2026-08-20,classic-random-8x8_g98_vs_g97.jsonl,classic-random-8x8,classic,random-start,8x8,tf:98,tf:97,true,p2,accepted,,625897058,625898935691184,10
tf_policy_elo_616bc2f2_phase7_delta1_2026-08-20,classic-random-8x8_g98_vs_g97.jsonl,classic-random-8x8,classic,random-start,8x8,tf:97,tf:98,false,p1,accepted,,625897058,625898935691185,11
tf_policy_elo_616bc2f2_phase7_delta1_2026-08-20,classic-random-8x8_g99_vs_g98.jsonl,classic-random-8x8,classic,random-start,8x8,tf:99,tf:98,true,p1,accepted,,625998058,625999935994174,0
tf_policy_elo_616bc2f2_phase7_delta1_2026-08-20,classic-random-8x8_g99_vs_g98.jsonl,classic-random-8x8,classic,random-start,8x8,tf:98,tf:99,false,p1,accepted,,625998058,625999935994175,1
tf_policy_elo_616bc2f2_phase7_delta1_2026-08-20,classic-random-8x8_g99_vs_g98.jsonl,classic-random-8x8,classic,random-start,8x8,tf:99,tf:98,true,p1,accepted,,625998058,625999935994176,2
tf_policy_elo_616bc2f2_phase7_delta1_2026-08-20,classic-random-8x8_g99_vs_g98.jsonl,classic-random-8x8,classic,random-start,8x8,tf:98,tf:99,false,p1,accepted,,625998058,625999935994177,3
tf_policy_elo_616bc2f2_phase7_delta1_2026-08-20,classic-random-8x8_g99_vs_g98.jsonl,classic-random-8x8,classic,random-start,8x8,tf:99,tf:98,true,p2,accepted,,625998058,625999935994178,4
tf_policy_elo_616bc2f2_phase7_delta1_2026-08-20,classic-random-8x8_g99_vs_g98.jsonl,classic-random-8x8,classic,random-start,8x8,tf:98,tf:99,false,p1,accepted,,625998058,625999935994179,5
tf_policy_elo_616bc2f2_phase7_delta1_2026-08-20,classic-random-8x8_g99_vs_g98.jsonl,classic-random-8x8,classic,random-start,8x8,tf:99,tf:98,true,p1,accepted,,625998058,625999935994180,6
tf_policy_elo_616bc2f2_phase7_delta1_2026-08-20,classic-random-8x8_g99_vs_g98.jsonl,classic-random-8x8,classic,random-start,8x8,tf:98,tf:99,false,p2,accepted,,625998058,625999935994181,7
tf_policy_elo_616bc2f2_phase7_delta1_2026-08-20,classic-random-8x8_g99_vs_g98.jsonl,classic-random-8x8,classic,random-start,8x8,tf:99,tf:98,true,p1,accepted,,625998058,625999935994182,8
tf_policy_elo_616bc2f2_phase7_delta1_2026-08-20,classic-random-8x8_g99_vs_g98.jsonl,classic-random-8x8,classic,random-start,8x8,tf:98,tf:99,false,p1,accepted,,625998058,625999935994183,9
tf_policy_elo_616bc2f2_phase7_delta1_2026-08-20,classic-random-8x8_g99_vs_g98.jsonl,classic-random-8x8,classic,random-start,8x8,tf:99,tf:98,true,p1,accepted,,625998058,625999935994184,10
tf_policy_elo_616bc2f2_phase7_delta1_2026-08-20,classic-random-8x8_g99_vs_g98.jsonl,classic-random-8x8,classic,random-start,8x8,tf:98,tf:99,false,p2,accepted,,625998058,625999935994185,11
tf_policy_elo_616bc2f2_phase7_delta1_2026-08-20,standard-fixed-12x10_g100_vs_g99.jsonl,standard-fixed-12x10,standard,fixed,12x10,tf:100,tf:99,true,p2,accepted,,626099234,626101112297702,0
tf_policy_elo_616bc2f2_phase7_delta1_2026-08-20,standard-fixed-12x10_g100_vs_g99.jsonl,standard-fixed-12x10,standard,fixed,12x10,tf:99,tf:100,false,p1,accepted,,626099234,626101112297703,1
tf_policy_elo_616bc2f2_phase7_delta1_2026-08-20,standard-fixed-12x10_g101_vs_g100.jsonl,standard-fixed-12x10,standard,fixed,12x10,tf:101,tf:100,true,p2,accepted,,626200234,626202112600702,0
tf_policy_elo_616bc2f2_phase7_delta1_2026-08-20,standard-fixed-12x10_g101_vs_g100.jsonl,standard-fixed-12x10,standard,fixed,12x10,tf:100,tf:101,false,p2,accepted,,626200234,626202112600703,1
tf_policy_elo_616bc2f2_phase7_delta1_2026-08-20,standard-fixed-12x10_g102_vs_g101.jsonl,standard-fixed-12x10,standard,fixed,12x10,tf:102,tf:101,true,p1,accepted,,626301234,626303112903702,0
tf_policy_elo_616bc2f2_phase7_delta1_2026-08-20,standard-fixed-12x10_g102_vs_g101.jsonl,standard-fixed-12x10,standard,fixed,12x10,tf:101,tf:102,false,p2,accepted,,626301234,626303112903703,1
tf_policy_elo_616bc2f2_phase7_delta1_2026-08-20,standard-fixed-12x10_g103_vs_g102.jsonl,standard-fixed-12x10,standard,fixed,12x10,tf:103,tf:102,true,p2,accepted,,626402234,626404113206702,0
tf_policy_elo_616bc2f2_phase7_delta1_2026-08-20,standard-fixed-12x10_g103_vs_g102.jsonl,standard-fixed-12x10,standard,fixed,12x10,tf:102,tf:103,false,p1,accepted,,626402234,626404113206703,1
tf_policy_elo_616bc2f2_phase7_delta1_2026-08-20,standard-fixed-12x10_g104_vs_g103.jsonl,standard-fixed-12x10,standard,fixed,12x10,tf:104,tf:103,true,draw,accepted,,626503234,626505113509702,0
tf_policy_elo_616bc2f2_phase7_delta1_2026-08-20,standard-fixed-12x10_g104_vs_g103.jsonl,standard-fixed-12x10,standard,fixed,12x10,tf:103,tf:104,false,p1,accepted,,626503234,626505113509703,1
tf_policy_elo_616bc2f2_phase7_delta1_2026-08-20,standard-fixed-12x10_g105_vs_g104.jsonl,standard-fixed-12x10,standard,fixed,12x10,tf:105,tf:104,true,p2,accepted,,626604234,626606113812702,0
tf_policy_elo_616bc2f2_phase7_delta1_2026-08-20,standard-fixed-12x10_g105_vs_g104.jsonl,standard-fixed-12x10,standard,fixed,12x10,tf:104,tf:105,false,p1,accepted,,626604234,626606113812703,1
tf_policy_elo_616bc2f2_phase7_delta1_2026-08-20,standard-fixed-12x10_g106_vs_g105.jsonl,standard-fixed-12x10,standard,fixed,12x10,tf:106,tf:105,true,p2,accepted,,626705234,626707114115702,0
tf_policy_elo_616bc2f2_phase7_delta1_2026-08-20,standard-fixed-12x10_g106_vs_g105.jsonl,standard-fixed-12x10,standard,fixed,12x10,tf:105,tf:106,false,p1,accepted,,626705234,626707114115703,1
tf_policy_elo_616bc2f2_phase7_delta1_2026-08-20,standard-fixed-12x10_g107_vs_g106.jsonl,standard-fixed-12x10,standard,fixed,12x10,tf:107,tf:106,true,p1,accepted,,626806234,626808114418702,0
tf_policy_elo_616bc2f2_phase7_delta1_2026-08-20,standard-fixed-12x10_g107_vs_g106.jsonl,standard-fixed-12x10,standard,fixed,12x10,tf:106,tf:107,false,p2,accepted,,626806234,626808114418703,1
tf_policy_elo_616bc2f2_phase7_delta1_2026-08-20,standard-fixed-12x10_g108_vs_g107.jsonl,standard-fixed-12x10,standard,fixed,12x10,tf:108,tf:107,true,p1,accepted,,626907234,626909114721702,0
tf_policy_elo_616bc2f2_phase7_delta1_2026-08-20,standard-fixed-12x10_g108_vs_g107.jsonl,standard-fixed-12x10,standard,fixed,12x10,tf:107,tf:108,false,p1,accepted,,626907234,626909114721703,1
tf_policy_elo_616bc2f2_phase7_delta1_2026-08-20,standard-fixed-12x10_g109_vs_g108.jsonl,standard-fixed-12x10,standard,fixed,12x10,tf:109,tf:108,true,p1,accepted,,627008234,627010115024702,0
tf_policy_elo_616bc2f2_phase7_delta1_2026-08-20,standard-fixed-12x10_g109_vs_g108.jsonl,standard-fixed-12x10,standard,fixed,12x10,tf:108,tf:109,false,draw,accepted,,627008234,627010115024703,1
tf_policy_elo_616bc2f2_phase7_delta1_2026-08-20,standard-fixed-12x10_g110_vs_g109.jsonl,standard-fixed-12x10,standard,fixed,12x10,tf:110,tf:109,true,p2,accepted,,627109234,627111115327702,0
tf_policy_elo_616bc2f2_phase7_delta1_2026-08-20,standard-fixed-12x10_g110_vs_g109.jsonl,standard-fixed-12x10,standard,fixed,12x10,tf:109,tf:110,false,p2,accepted,,627109234,627111115327703,1
tf_policy_elo_616bc2f2_phase7_delta1_2026-08-20,standard-fixed-12x10_g111_vs_g110.jsonl,standard-fixed-12x10,standard,fixed,12x10,tf:111,tf:110,true,draw,accepted,,627210234,627212115630702,0
tf_policy_elo_616bc2f2_phase7_delta1_2026-08-20,standard-fixed-12x10_g111_vs_g110.jsonl,standard-fixed-12x10,standard,fixed,12x10,tf:110,tf:111,false,p2,accepted,,627210234,627212115630703,1
tf_policy_elo_616bc2f2_phase7_delta1_2026-08-20,standard-fixed-12x10_g112_vs_g111.jsonl,standard-fixed-12x10,standard,fixed,12x10,tf:112,tf:111,true,p1,accepted,,627311234,627313115933702,0
tf_policy_elo_616bc2f2_phase7_delta1_2026-08-20,standard-fixed-12x10_g112_vs_g111.jsonl,standard-fixed-12x10,standard,fixed,12x10,tf:111,tf:112,false,p2,accepted,,627311234,627313115933703,1
tf_policy_elo_616bc2f2_phase7_delta1_2026-08-20,standard-fixed-12x10_g113_vs_g112.jsonl,standard-fixed-12x10,standard,fixed,12x10,tf:113,tf:112,true,draw,accepted,,627412234,627414116236702,0
tf_policy_elo_616bc2f2_phase7_delta1_2026-08-20,standard-fixed-12x10_g113_vs_g112.jsonl,standard-fixed-12x10,standard,fixed,12x10,tf:112,tf:113,false,p1,accepted,,627412234,627414116236703,1
tf_policy_elo_616bc2f2_phase7_delta1_2026-08-20,standard-fixed-12x10_g114_vs_g113.jsonl,standard-fixed-12x10,standard,fixed,12x10,tf:114,tf:113,true,draw,accepted,,627513234,627515116539702,0
tf_policy_elo_616bc2f2_phase7_delta1_2026-08-20,standard-fixed-12x10_g114_vs_g113.jsonl,standard-fixed-12x10,standard,fixed,12x10,tf:113,tf:114,false,p1,accepted,,627513234,627515116539703,1
tf_policy_elo_616bc2f2_phase7_delta1_2026-08-20,standard-fixed-12x10_g115_vs_g114.jsonl,standard-fixed-12x10,standard,fixed,12x10,tf:115,tf:114,true,draw,accepted,,627614234,627616116842702,0
tf_policy_elo_616bc2f2_phase7_delta1_2026-08-20,standard-fixed-12x10_g115_vs_g114.jsonl,standard-fixed-12x10,standard,fixed,12x10,tf:114,tf:115,false,p2,accepted,,627614234,627616116842703,1
tf_policy_elo_616bc2f2_phase7_delta1_2026-08-20,standard-fixed-12x10_g116_vs_g115.jsonl,standard-fixed-12x10,standard,fixed,12x10,tf:116,tf:115,true,p2,accepted,,627715234,627717117145702,0
tf_policy_elo_616bc2f2_phase7_delta1_2026-08-20,standard-fixed-12x10_g116_vs_g115.jsonl,standard-fixed-12x10,standard,fixed,12x10,tf:115,tf:116,false,p1,accepted,,627715234,627717117145703,1
tf_policy_elo_616bc2f2_phase7_delta1_2026-08-20,standard-fixed-12x10_g94_vs_g93.jsonl,standard-fixed-12x10,standard,fixed,12x10,tf:94,tf:93,true,p1,accepted,,625493234,625495110479702,0
tf_policy_elo_616bc2f2_phase7_delta1_2026-08-20,standard-fixed-12x10_g94_vs_g93.jsonl,standard-fixed-12x10,standard,fixed,12x10,tf:93,tf:94,false,p2,accepted,,625493234,625495110479703,1
tf_policy_elo_616bc2f2_phase7_delta1_2026-08-20,standard-fixed-12x10_g95_vs_g94.jsonl,standard-fixed-12x10,standard,fixed,12x10,tf:95,tf:94,true,p2,accepted,,625594234,625596110782702,0
tf_policy_elo_616bc2f2_phase7_delta1_2026-08-20,standard-fixed-12x10_g95_vs_g94.jsonl,standard-fixed-12x10,standard,fixed,12x10,tf:94,tf:95,false,p1,accepted,,625594234,625596110782703,1
tf_policy_elo_616bc2f2_phase7_delta1_2026-08-20,standard-fixed-12x10_g96_vs_g95.jsonl,standard-fixed-12x10,standard,fixed,12x10,tf:96,tf:95,true,p2,accepted,,625695234,625697111085702,0
tf_policy_elo_616bc2f2_phase7_delta1_2026-08-20,standard-fixed-12x10_g96_vs_g95.jsonl,standard-fixed-12x10,standard,fixed,12x10,tf:95,tf:96,false,p1,accepted,,625695234,625697111085703,1
tf_policy_elo_616bc2f2_phase7_delta1_2026-08-20,standard-fixed-12x10_g97_vs_g96.jsonl,standard-fixed-12x10,standard,fixed,12x10,tf:97,tf:96,true,p1,accepted,,625796234,625798111388702,0
tf_policy_elo_616bc2f2_phase7_delta1_2026-08-20,standard-fixed-12x10_g97_vs_g96.jsonl,standard-fixed-12x10,standard,fixed,12x10,tf:96,tf:97,false,p2,accepted,,625796234,625798111388703,1
tf_policy_elo_616bc2f2_phase7_delta1_2026-08-20,standard-fixed-12x10_g98_vs_g97.jsonl,standard-fixed-12x10,standard,fixed,12x10,tf:98,tf:97,true,p1,accepted,,625897234,625899111691702,0
tf_policy_elo_616bc2f2_phase7_delta1_2026-08-20,standard-fixed-12x10_g98_vs_g97.jsonl,standard-fixed-12x10,standard,fixed,12x10,tf:97,tf:98,false,p1,accepted,,625897234,625899111691703,1
tf_policy_elo_616bc2f2_phase7_delta1_2026-08-20,standard-fixed-12x10_g99_vs_g98.jsonl,standard-fixed-12x10,standard,fixed,12x10,tf:99,tf:98,true,draw,accepted,,625998234,626000111994702,0
tf_policy_elo_616bc2f2_phase7_delta1_2026-08-20,standard-fixed-12x10_g99_vs_g98.jsonl,standard-fixed-12x10,standard,fixed,12x10,tf:98,tf:99,false,p1,accepted,,625998234,626000111994703,1
tf_policy_elo_616bc2f2_phase7_delta1_2026-08-20,standard-fixed-8x8_g100_vs_g99.jsonl,standard-fixed-8x8,standard,fixed,8x8,tf:100,tf:99,true,p2,accepted,,626099238,626101116297714,0
tf_policy_elo_616bc2f2_phase7_delta1_2026-08-20,standard-fixed-8x8_g100_vs_g99.jsonl,standard-fixed-8x8,standard,fixed,8x8,tf:99,tf:100,false,p2,accepted,,626099238,626101116297715,1
tf_policy_elo_616bc2f2_phase7_delta1_2026-08-20,standard-fixed-8x8_g101_vs_g100.jsonl,standard-fixed-8x8,standard,fixed,8x8,tf:101,tf:100,true,p2,accepted,,626200238,626202116600714,0
tf_policy_elo_616bc2f2_phase7_delta1_2026-08-20,standard-fixed-8x8_g101_vs_g100.jsonl,standard-fixed-8x8,standard,fixed,8x8,tf:100,tf:101,false,draw,accepted,,626200238,626202116600715,1
tf_policy_elo_616bc2f2_phase7_delta1_2026-08-20,standard-fixed-8x8_g102_vs_g101.jsonl,standard-fixed-8x8,standard,fixed,8x8,tf:102,tf:101,true,p2,accepted,,626301238,626303116903714,0
tf_policy_elo_616bc2f2_phase7_delta1_2026-08-20,standard-fixed-8x8_g102_vs_g101.jsonl,standard-fixed-8x8,standard,fixed,8x8,tf:101,tf:102,false,p1,accepted,,626301238,626303116903715,1
tf_policy_elo_616bc2f2_phase7_delta1_2026-08-20,standard-fixed-8x8_g103_vs_g102.jsonl,standard-fixed-8x8,standard,fixed,8x8,tf:103,tf:102,true,p2,accepted,,626402238,626404117206714,0
tf_policy_elo_616bc2f2_phase7_delta1_2026-08-20,standard-fixed-8x8_g103_vs_g102.jsonl,standard-fixed-8x8,standard,fixed,8x8,tf:102,tf:103,false,p1,accepted,,626402238,626404117206715,1
tf_policy_elo_616bc2f2_phase7_delta1_2026-08-20,standard-fixed-8x8_g104_vs_g103.jsonl,standard-fixed-8x8,standard,fixed,8x8,tf:104,tf:103,true,p2,accepted,,626503238,626505117509714,0
tf_policy_elo_616bc2f2_phase7_delta1_2026-08-20,standard-fixed-8x8_g104_vs_g103.jsonl,standard-fixed-8x8,standard,fixed,8x8,tf:103,tf:104,false,draw,accepted,,626503238,626505117509715,1
tf_policy_elo_616bc2f2_phase7_delta1_2026-08-20,standard-fixed-8x8_g105_vs_g104.jsonl,standard-fixed-8x8,standard,fixed,8x8,tf:105,tf:104,true,draw,accepted,,626604238,626606117812714,0
tf_policy_elo_616bc2f2_phase7_delta1_2026-08-20,standard-fixed-8x8_g105_vs_g104.jsonl,standard-fixed-8x8,standard,fixed,8x8,tf:104,tf:105,false,p2,accepted,,626604238,626606117812715,1
tf_policy_elo_616bc2f2_phase7_delta1_2026-08-20,standard-fixed-8x8_g106_vs_g105.jsonl,standard-fixed-8x8,standard,fixed,8x8,tf:106,tf:105,true,p2,accepted,,626705238,626707118115714,0
tf_policy_elo_616bc2f2_phase7_delta1_2026-08-20,standard-fixed-8x8_g106_vs_g105.jsonl,standard-fixed-8x8,standard,fixed,8x8,tf:105,tf:106,false,p2,accepted,,626705238,626707118115715,1
tf_policy_elo_616bc2f2_phase7_delta1_2026-08-20,standard-fixed-8x8_g107_vs_g106.jsonl,standard-fixed-8x8,standard,fixed,8x8,tf:107,tf:106,true,p2,accepted,,626806238,626808118418714,0
tf_policy_elo_616bc2f2_phase7_delta1_2026-08-20,standard-fixed-8x8_g107_vs_g106.jsonl,standard-fixed-8x8,standard,fixed,8x8,tf:106,tf:107,false,p2,accepted,,626806238,626808118418715,1
tf_policy_elo_616bc2f2_phase7_delta1_2026-08-20,standard-fixed-8x8_g108_vs_g107.jsonl,standard-fixed-8x8,standard,fixed,8x8,tf:108,tf:107,true,p2,accepted,,626907238,626909118721714,0
tf_policy_elo_616bc2f2_phase7_delta1_2026-08-20,standard-fixed-8x8_g108_vs_g107.jsonl,standard-fixed-8x8,standard,fixed,8x8,tf:107,tf:108,false,p2,accepted,,626907238,626909118721715,1
tf_policy_elo_616bc2f2_phase7_delta1_2026-08-20,standard-fixed-8x8_g109_vs_g108.jsonl,standard-fixed-8x8,standard,fixed,8x8,tf:109,tf:108,true,p2,accepted,,627008238,627010119024714,0
tf_policy_elo_616bc2f2_phase7_delta1_2026-08-20,standard-fixed-8x8_g109_vs_g108.jsonl,standard-fixed-8x8,standard,fixed,8x8,tf:108,tf:109,false,draw,accepted,,627008238,627010119024715,1
tf_policy_elo_616bc2f2_phase7_delta1_2026-08-20,standard-fixed-8x8_g110_vs_g109.jsonl,standard-fixed-8x8,standard,fixed,8x8,tf:110,tf:109,true,draw,accepted,,627109238,627111119327714,0
tf_policy_elo_616bc2f2_phase7_delta1_2026-08-20,standard-fixed-8x8_g110_vs_g109.jsonl,standard-fixed-8x8,standard,fixed,8x8,tf:109,tf:110,false,p2,accepted,,627109238,627111119327715,1
tf_policy_elo_616bc2f2_phase7_delta1_2026-08-20,standard-fixed-8x8_g111_vs_g110.jsonl,standard-fixed-8x8,standard,fixed,8x8,tf:111,tf:110,true,draw,accepted,,627210238,627212119630714,0
tf_policy_elo_616bc2f2_phase7_delta1_2026-08-20,standard-fixed-8x8_g111_vs_g110.jsonl,standard-fixed-8x8,standard,fixed,8x8,tf:110,tf:111,false,p2,accepted,,627210238,627212119630715,1
tf_policy_elo_616bc2f2_phase7_delta1_2026-08-20,standard-fixed-8x8_g112_vs_g111.jsonl,standard-fixed-8x8,standard,fixed,8x8,tf:112,tf:111,true,p2,accepted,,627311238,627313119933714,0
tf_policy_elo_616bc2f2_phase7_delta1_2026-08-20,standard-fixed-8x8_g112_vs_g111.jsonl,standard-fixed-8x8,standard,fixed,8x8,tf:111,tf:112,false,p2,accepted,,627311238,627313119933715,1
tf_policy_elo_616bc2f2_phase7_delta1_2026-08-20,standard-fixed-8x8_g113_vs_g112.jsonl,standard-fixed-8x8,standard,fixed,8x8,tf:113,tf:112,true,p1,accepted,,627412238,627414120236714,0
tf_policy_elo_616bc2f2_phase7_delta1_2026-08-20,standard-fixed-8x8_g113_vs_g112.jsonl,standard-fixed-8x8,standard,fixed,8x8,tf:112,tf:113,false,p2,accepted,,627412238,627414120236715,1
tf_policy_elo_616bc2f2_phase7_delta1_2026-08-20,standard-fixed-8x8_g114_vs_g113.jsonl,standard-fixed-8x8,standard,fixed,8x8,tf:114,tf:113,true,p2,accepted,,627513238,627515120539714,0
tf_policy_elo_616bc2f2_phase7_delta1_2026-08-20,standard-fixed-8x8_g114_vs_g113.jsonl,standard-fixed-8x8,standard,fixed,8x8,tf:113,tf:114,false,p1,accepted,,627513238,627515120539715,1
tf_policy_elo_616bc2f2_phase7_delta1_2026-08-20,standard-fixed-8x8_g115_vs_g114.jsonl,standard-fixed-8x8,standard,fixed,8x8,tf:115,tf:114,true,p1,accepted,,627614238,627616120842714,0
tf_policy_elo_616bc2f2_phase7_delta1_2026-08-20,standard-fixed-8x8_g115_vs_g114.jsonl,standard-fixed-8x8,standard,fixed,8x8,tf:114,tf:115,false,p2,accepted,,627614238,627616120842715,1
tf_policy_elo_616bc2f2_phase7_delta1_2026-08-20,standard-fixed-8x8_g116_vs_g115.jsonl,standard-fixed-8x8,standard,fixed,8x8,tf:116,tf:115,true,p2,accepted,,627715238,627717121145714,0
tf_policy_elo_616bc2f2_phase7_delta1_2026-08-20,standard-fixed-8x8_g116_vs_g115.jsonl,standard-fixed-8x8,standard,fixed,8x8,tf:115,tf:116,false,draw,accepted,,627715238,627717121145715,1
tf_policy_elo_616bc2f2_phase7_delta1_2026-08-20,standard-fixed-8x8_g94_vs_g93.jsonl,standard-fixed-8x8,standard,fixed,8x8,tf:94,tf:93,true,p1,accepted,,625493238,625495114479714,0
tf_policy_elo_616bc2f2_phase7_delta1_2026-08-20,standard-fixed-8x8_g94_vs_g93.jsonl,standard-fixed-8x8,standard,fixed,8x8,tf:93,tf:94,false,p1,accepted,,625493238,625495114479715,1
tf_policy_elo_616bc2f2_phase7_delta1_2026-08-20,standard-fixed-8x8_g95_vs_g94.jsonl,standard-fixed-8x8,standard,fixed,8x8,tf:95,tf:94,true,p2,accepted,,625594238,625596114782714,0
tf_policy_elo_616bc2f2_phase7_delta1_2026-08-20,standard-fixed-8x8_g95_vs_g94.jsonl,standard-fixed-8x8,standard,fixed,8x8,tf:94,tf:95,false,p2,accepted,,625594238,625596114782715,1
tf_policy_elo_616bc2f2_phase7_delta1_2026-08-20,standard-fixed-8x8_g96_vs_g95.jsonl,standard-fixed-8x8,standard,fixed,8x8,tf:96,tf:95,true,p2,accepted,,625695238,625697115085714,0
tf_policy_elo_616bc2f2_phase7_delta1_2026-08-20,standard-fixed-8x8_g96_vs_g95.jsonl,standard-fixed-8x8,standard,fixed,8x8,tf:95,tf:96,false,p2,accepted,,625695238,625697115085715,1
tf_policy_elo_616bc2f2_phase7_delta1_2026-08-20,standard-fixed-8x8_g97_vs_g96.jsonl,standard-fixed-8x8,standard,fixed,8x8,tf:97,tf:96,true,draw,accepted,,625796238,625798115388714,0
tf_policy_elo_616bc2f2_phase7_delta1_2026-08-20,standard-fixed-8x8_g97_vs_g96.jsonl,standard-fixed-8x8,standard,fixed,8x8,tf:96,tf:97,false,draw,accepted,,625796238,625798115388715,1
tf_policy_elo_616bc2f2_phase7_delta1_2026-08-20,standard-fixed-8x8_g98_vs_g97.jsonl,standard-fixed-8x8,standard,fixed,8x8,tf:98,tf:97,true,p2,accepted,,625897238,625899115691714,0
tf_policy_elo_616bc2f2_phase7_delta1_2026-08-20,standard-fixed-8x8_g98_vs_g97.jsonl,standard-fixed-8x8,standard,fixed,8x8,tf:97,tf:98,false,p2,accepted,,625897238,625899115691715,1
tf_policy_elo_616bc2f2_phase7_delta1_2026-08-20,standard-fixed-8x8_g99_vs_g98.jsonl,standard-fixed-8x8,standard,fixed,8x8,tf:99,tf:98,true,p2,accepted,,625998238,626000115994714,0
tf_policy_elo_616bc2f2_phase7_delta1_2026-08-20,standard-fixed-8x8_g99_vs_g98.jsonl,standard-fixed-8x8,standard,fixed,8x8,tf:98,tf:99,false,p2,accepted,,625998238,626000115994715,1
