exp,sourceFile,conditionId,variant,setup,board,p1,p2,candidateIsP1,winner,evidenceStatus,exclusionReason,engineSeed,randomStartSeed,game
tf_policy_elo_random_start_continuation_g127_g140_2026-08-26,accepted/animal-cycle-fixed-7x7.jsonl#14b10b86a519150799f9e29c,animal-cycle-fixed-7x7,animal-cycle,fixed,7x7,tf:121,tf:127,true,p1,accepted,,624116997,624118869350991,0
tf_policy_elo_random_start_continuation_g127_g140_2026-08-26,accepted/animal-cycle-fixed-7x7.jsonl#251349febc9f588b955ed869,animal-cycle-fixed-7x7,animal-cycle,fixed,7x7,tf:122,tf:128,true,p2,accepted,,689310767,689312834932301,0
tf_policy_elo_random_start_continuation_g127_g140_2026-08-26,accepted/animal-cycle-fixed-7x7.jsonl#618e1cbd2446c65d2636044a,animal-cycle-fixed-7x7,animal-cycle,fixed,7x7,tf:123,tf:129,true,p2,accepted,,526613265,526614844839795,0
tf_policy_elo_random_start_continuation_g127_g140_2026-08-26,accepted/animal-cycle-fixed-7x7.jsonl#31632a998e340c72eea052f3,animal-cycle-fixed-7x7,animal-cycle,fixed,7x7,tf:124,tf:127,true,p2,accepted,,1552215789,1552220445647367,0
tf_policy_elo_random_start_continuation_g127_g140_2026-08-26,accepted/animal-cycle-fixed-7x7.jsonl#73734af2ef7e87c2cd977f94,animal-cycle-fixed-7x7,animal-cycle,fixed,7x7,tf:124,tf:130,true,p2,accepted,,767271280,767273581813840,0
tf_policy_elo_random_start_continuation_g127_g140_2026-08-26,accepted/animal-cycle-fixed-7x7.jsonl#71a1895ff26ce20e5acd3774,animal-cycle-fixed-7x7,animal-cycle,fixed,7x7,tf:125,tf:128,true,p2,accepted,,167236671,167237172710013,0
tf_policy_elo_random_start_continuation_g127_g140_2026-08-26,accepted/animal-cycle-fixed-7x7.jsonl#731fa16834ed04196848c392,animal-cycle-fixed-7x7,animal-cycle,fixed,7x7,tf:125,tf:131,true,p2,accepted,,2026521135,2026527214563405,0
tf_policy_elo_random_start_continuation_g127_g140_2026-08-26,accepted/animal-cycle-fixed-7x7.jsonl#8cecac8157d66f7cdd095101,animal-cycle-fixed-7x7,animal-cycle,fixed,7x7,tf:126,tf:127,true,p2,accepted,,462027632,462029018082896,0
tf_policy_elo_random_start_continuation_g127_g140_2026-08-26,accepted/animal-cycle-fixed-7x7.jsonl#08e23e056343dcb305057be9,animal-cycle-fixed-7x7,animal-cycle,fixed,7x7,tf:126,tf:129,true,p2,accepted,,342947701,342948729843103,0
tf_policy_elo_random_start_continuation_g127_g140_2026-08-26,accepted/animal-cycle-fixed-7x7.jsonl#f77a84d4f42650dcd9ef5755,animal-cycle-fixed-7x7,animal-cycle,fixed,7x7,tf:126,tf:132,true,p1,accepted,,1471513523,1471517937540569,0
tf_policy_elo_random_start_continuation_g127_g140_2026-08-26,accepted/animal-cycle-fixed-7x7.jsonl#9a17da107f73c0360eb0f4ea,animal-cycle-fixed-7x7,animal-cycle,fixed,7x7,tf:127,tf:121,false,p2,accepted,,624116997,624118869350992,1
tf_policy_elo_random_start_continuation_g127_g140_2026-08-26,accepted/animal-cycle-fixed-7x7.jsonl#d36bca140e27591311c80a86,animal-cycle-fixed-7x7,animal-cycle,fixed,7x7,tf:127,tf:124,false,p1,accepted,,1552215789,1552220445647368,1
tf_policy_elo_random_start_continuation_g127_g140_2026-08-26,accepted/animal-cycle-fixed-7x7.jsonl#58894176f6571cfbf1362fb6,animal-cycle-fixed-7x7,animal-cycle,fixed,7x7,tf:127,tf:126,false,p2,accepted,,462027632,462029018082897,1
tf_policy_elo_random_start_continuation_g127_g140_2026-08-26,accepted/animal-cycle-fixed-7x7.jsonl#e74a73788d04017a5bb7667e,animal-cycle-fixed-7x7,animal-cycle,fixed,7x7,tf:127,tf:128,true,p2,accepted,,871861476,871864091584428,0
tf_policy_elo_random_start_continuation_g127_g140_2026-08-26,accepted/animal-cycle-fixed-7x7.jsonl#f32db0da90017331854dc222,animal-cycle-fixed-7x7,animal-cycle,fixed,7x7,tf:127,tf:130,true,p2,accepted,,1445124407,1445128742373221,0
tf_policy_elo_random_start_continuation_g127_g140_2026-08-26,accepted/animal-cycle-fixed-7x7.jsonl#939c34022065f911651719a8,animal-cycle-fixed-7x7,animal-cycle,fixed,7x7,tf:127,tf:133,true,p2,accepted,,1099219866,1099223163659598,0
tf_policy_elo_random_start_continuation_g127_g140_2026-08-26,accepted/animal-cycle-fixed-7x7.jsonl#b917fc225c8ac3bb53fa5c17,animal-cycle-fixed-7x7,animal-cycle,fixed,7x7,tf:128,tf:122,false,p2,accepted,,689310767,689312834932302,1
tf_policy_elo_random_start_continuation_g127_g140_2026-08-26,accepted/animal-cycle-fixed-7x7.jsonl#71c5eda40416ab0b175cbb56,animal-cycle-fixed-7x7,animal-cycle,fixed,7x7,tf:128,tf:125,false,p2,accepted,,167236671,167237172710014,1
tf_policy_elo_random_start_continuation_g127_g140_2026-08-26,accepted/animal-cycle-fixed-7x7.jsonl#89246dca2f91ab498ba5f9f4,animal-cycle-fixed-7x7,animal-cycle,fixed,7x7,tf:128,tf:127,false,p2,accepted,,871861476,871864091584429,1
tf_policy_elo_random_start_continuation_g127_g140_2026-08-26,accepted/animal-cycle-fixed-7x7.jsonl#1f3ba7e082f0323949fd005f,animal-cycle-fixed-7x7,animal-cycle,fixed,7x7,tf:128,tf:129,true,p2,accepted,,1312374146,1312378083122438,0
tf_policy_elo_random_start_continuation_g127_g140_2026-08-26,accepted/animal-cycle-fixed-7x7.jsonl#b1ad817e878d9fa6d96694b0,animal-cycle-fixed-7x7,animal-cycle,fixed,7x7,tf:128,tf:131,true,p2,accepted,,857657231,857659803971693,0
tf_policy_elo_random_start_continuation_g127_g140_2026-08-26,accepted/animal-cycle-fixed-7x7.jsonl#b4d2cb4bf5f04123e297ee52,animal-cycle-fixed-7x7,animal-cycle,fixed,7x7,tf:128,tf:134,true,p1,accepted,,1504343928,1504348441031784,0
tf_policy_elo_random_start_continuation_g127_g140_2026-08-26,accepted/animal-cycle-fixed-7x7.jsonl#ebcfa081dfe4c7b01f89a1a0,animal-cycle-fixed-7x7,animal-cycle,fixed,7x7,tf:129,tf:123,false,p2,accepted,,526613265,526614844839796,1
tf_policy_elo_random_start_continuation_g127_g140_2026-08-26,accepted/animal-cycle-fixed-7x7.jsonl#3f6b56d25390342bae605a5e,animal-cycle-fixed-7x7,animal-cycle,fixed,7x7,tf:129,tf:126,false,p1,accepted,,342947701,342948729843104,1
tf_policy_elo_random_start_continuation_g127_g140_2026-08-26,accepted/animal-cycle-fixed-7x7.jsonl#6fed1b9ff23e089deb856897,animal-cycle-fixed-7x7,animal-cycle,fixed,7x7,tf:129,tf:128,false,p2,accepted,,1312374146,1312378083122439,1
tf_policy_elo_random_start_continuation_g127_g140_2026-08-26,accepted/animal-cycle-fixed-7x7.jsonl#1b618c941c29645f6c2db115,animal-cycle-fixed-7x7,animal-cycle,fixed,7x7,tf:129,tf:130,true,p2,accepted,,492914665,492916143743995,0
tf_policy_elo_random_start_continuation_g127_g140_2026-08-26,accepted/animal-cycle-fixed-7x7.jsonl#0330a15903356350b57fed8e,animal-cycle-fixed-7x7,animal-cycle,fixed,7x7,tf:129,tf:132,true,p1,accepted,,1234799387,1234803091398161,0
tf_policy_elo_random_start_continuation_g127_g140_2026-08-26,accepted/animal-cycle-fixed-7x7.jsonl#753558cc9c8f186baf334c9d,animal-cycle-fixed-7x7,animal-cycle,fixed,7x7,tf:129,tf:135,true,p1,accepted,,2000266095,2000272095798285,0
tf_policy_elo_random_start_continuation_g127_g140_2026-08-26,accepted/animal-cycle-fixed-7x7.jsonl#4071cc871eddb019e4a74fb6,animal-cycle-fixed-7x7,animal-cycle,fixed,7x7,tf:130,tf:124,false,p1,accepted,,767271280,767273581813841,1
tf_policy_elo_random_start_continuation_g127_g140_2026-08-26,accepted/animal-cycle-fixed-7x7.jsonl#d6fa1257077f8d6a8e146df4,animal-cycle-fixed-7x7,animal-cycle,fixed,7x7,tf:130,tf:127,false,p1,accepted,,1445124407,1445128742373222,1
tf_policy_elo_random_start_continuation_g127_g140_2026-08-26,accepted/animal-cycle-fixed-7x7.jsonl#61c9774d82ae8f55e04d5581,animal-cycle-fixed-7x7,animal-cycle,fixed,7x7,tf:130,tf:129,false,p1,accepted,,492914665,492916143743996,1
tf_policy_elo_random_start_continuation_g127_g140_2026-08-26,accepted/animal-cycle-fixed-7x7.jsonl#b992d7476fc3207d77a4ccda,animal-cycle-fixed-7x7,animal-cycle,fixed,7x7,tf:130,tf:131,true,p1,accepted,,483237053,483238502711159,0
tf_policy_elo_random_start_continuation_g127_g140_2026-08-26,accepted/animal-cycle-fixed-7x7.jsonl#c821b8de085bbe7e6fbe726a,animal-cycle-fixed-7x7,animal-cycle,fixed,7x7,tf:130,tf:133,true,p1,accepted,,1024794995,1024798069384985,0
tf_policy_elo_random_start_continuation_g127_g140_2026-08-26,accepted/animal-cycle-fixed-7x7.jsonl#3d83d053cc6569e2b4bf1f3f,animal-cycle-fixed-7x7,animal-cycle,fixed,7x7,tf:130,tf:136,true,p1,accepted,,1586196608,1586201366589824,0
tf_policy_elo_random_start_continuation_g127_g140_2026-08-26,accepted/animal-cycle-fixed-7x7.jsonl#5ecfbd9bd11fc11f86a64bbb,animal-cycle-fixed-7x7,animal-cycle,fixed,7x7,tf:131,tf:125,false,p2,accepted,,2026521135,2026527214563406,1
tf_policy_elo_random_start_continuation_g127_g140_2026-08-26,accepted/animal-cycle-fixed-7x7.jsonl#74cb5235f3ca435f211613d8,animal-cycle-fixed-7x7,animal-cycle,fixed,7x7,tf:131,tf:128,false,p2,accepted,,857657231,857659803971694,1
tf_policy_elo_random_start_continuation_g127_g140_2026-08-26,accepted/animal-cycle-fixed-7x7.jsonl#df9b3c0ec8c710071c1a84a0,animal-cycle-fixed-7x7,animal-cycle,fixed,7x7,tf:131,tf:130,false,p2,accepted,,483237053,483238502711160,1
tf_policy_elo_random_start_continuation_g127_g140_2026-08-26,accepted/animal-cycle-fixed-7x7.jsonl#72c85ecd3ada68c6c2bd6551,animal-cycle-fixed-7x7,animal-cycle,fixed,7x7,tf:131,tf:132,true,p1,accepted,,450909046,450910398727138,0
tf_policy_elo_random_start_continuation_g127_g140_2026-08-26,accepted/animal-cycle-fixed-7x7.jsonl#6047d21c47c53ca5c608cede,animal-cycle-fixed-7x7,animal-cycle,fixed,7x7,tf:131,tf:134,true,p2,accepted,,1634184812,1634189714554436,0
tf_policy_elo_random_start_continuation_g127_g140_2026-08-26,accepted/animal-cycle-fixed-7x7.jsonl#fb228f3e40085e3931ecbdad,animal-cycle-fixed-7x7,animal-cycle,fixed,7x7,tf:131,tf:137,true,p1,accepted,,1819526877,1819532335580631,0
tf_policy_elo_random_start_continuation_g127_g140_2026-08-26,accepted/animal-cycle-fixed-7x7.jsonl#5582d9a5a4d7760033ec9f8f,animal-cycle-fixed-7x7,animal-cycle,fixed,7x7,tf:132,tf:126,false,p1,accepted,,1471513523,1471517937540570,1
tf_policy_elo_random_start_continuation_g127_g140_2026-08-26,accepted/animal-cycle-fixed-7x7.jsonl#098980e721d9ed6790d3f247,animal-cycle-fixed-7x7,animal-cycle,fixed,7x7,tf:132,tf:129,false,p2,accepted,,1234799387,1234803091398162,1
tf_policy_elo_random_start_continuation_g127_g140_2026-08-26,accepted/animal-cycle-fixed-7x7.jsonl#55790d5c94f1c015cc2d3b77,animal-cycle-fixed-7x7,animal-cycle,fixed,7x7,tf:132,tf:131,false,p2,accepted,,450909046,450910398727139,1
tf_policy_elo_random_start_continuation_g127_g140_2026-08-26,accepted/animal-cycle-fixed-7x7.jsonl#6fc317f1f42e1bd6400460e8,animal-cycle-fixed-7x7,animal-cycle,fixed,7x7,tf:132,tf:133,true,p1,accepted,,235285960,235286665857880,0
tf_policy_elo_random_start_continuation_g127_g140_2026-08-26,accepted/animal-cycle-fixed-7x7.jsonl#2a9ee2e706e1ab6dfcc5f196,animal-cycle-fixed-7x7,animal-cycle,fixed,7x7,tf:132,tf:135,true,p1,accepted,,1880278815,1880284455836445,0
tf_policy_elo_random_start_continuation_g127_g140_2026-08-26,accepted/animal-cycle-fixed-7x7.jsonl#7eaa9b10f8c1c4091aea875c,animal-cycle-fixed-7x7,animal-cycle,fixed,7x7,tf:132,tf:138,true,p1,accepted,,332857314,332858312571942,0
tf_policy_elo_random_start_continuation_g127_g140_2026-08-26,accepted/animal-cycle-fixed-7x7.jsonl#af123e8785547f0c0fd1f44d,animal-cycle-fixed-7x7,animal-cycle,fixed,7x7,tf:133,tf:127,false,p2,accepted,,1099219866,1099223163659599,1
tf_policy_elo_random_start_continuation_g127_g140_2026-08-26,accepted/animal-cycle-fixed-7x7.jsonl#e6326e2c1717ecc4aa1a85d9,animal-cycle-fixed-7x7,animal-cycle,fixed,7x7,tf:133,tf:130,false,p2,accepted,,1024794995,1024798069384986,1
tf_policy_elo_random_start_continuation_g127_g140_2026-08-26,accepted/animal-cycle-fixed-7x7.jsonl#14cc34d9d5c88655bab49642,animal-cycle-fixed-7x7,animal-cycle,fixed,7x7,tf:133,tf:132,false,p1,accepted,,235285960,235286665857881,1
tf_policy_elo_random_start_continuation_g127_g140_2026-08-26,accepted/animal-cycle-fixed-7x7.jsonl#9db96f7a84feb07bf1bc1683,animal-cycle-fixed-7x7,animal-cycle,fixed,7x7,tf:133,tf:134,true,p2,accepted,,1990205716,1990211686617148,0
tf_policy_elo_random_start_continuation_g127_g140_2026-08-26,accepted/animal-cycle-fixed-7x7.jsonl#97fc16f372d7936f32a7e5c9,animal-cycle-fixed-7x7,animal-cycle,fixed,7x7,tf:133,tf:136,true,p2,accepted,,183603048,183603598809144,0
tf_policy_elo_random_start_continuation_g127_g140_2026-08-26,accepted/animal-cycle-fixed-7x7.jsonl#7b6a0a3c7020107f848731e3,animal-cycle-fixed-7x7,animal-cycle,fixed,7x7,tf:133,tf:139,true,p1,accepted,,1674467081,1674472104401243,0
tf_policy_elo_random_start_continuation_g127_g140_2026-08-26,accepted/animal-cycle-fixed-7x7.jsonl#3cc18d038fd44845c3bde694,animal-cycle-fixed-7x7,animal-cycle,fixed,7x7,tf:134,tf:128,false,p2,accepted,,1504343928,1504348441031785,1
tf_policy_elo_random_start_continuation_g127_g140_2026-08-26,accepted/animal-cycle-fixed-7x7.jsonl#019ceea53258e8d0a61873f6,animal-cycle-fixed-7x7,animal-cycle,fixed,7x7,tf:134,tf:131,false,p2,accepted,,1634184812,1634189714554437,1
tf_policy_elo_random_start_continuation_g127_g140_2026-08-26,accepted/animal-cycle-fixed-7x7.jsonl#ee29abc3304ebe19908923c5,animal-cycle-fixed-7x7,animal-cycle,fixed,7x7,tf:134,tf:133,false,p1,accepted,,1990205716,1990211686617149,1
tf_policy_elo_random_start_continuation_g127_g140_2026-08-26,accepted/animal-cycle-fixed-7x7.jsonl#448050643c0c1006b88919b0,animal-cycle-fixed-7x7,animal-cycle,fixed,7x7,tf:134,tf:135,true,p1,accepted,,535981976,535983583945928,0
tf_policy_elo_random_start_continuation_g127_g140_2026-08-26,accepted/animal-cycle-fixed-7x7.jsonl#b4d3082544a7e22e40fe94ea,animal-cycle-fixed-7x7,animal-cycle,fixed,7x7,tf:134,tf:137,true,p1,accepted,,742582195,742584422746585,0
tf_policy_elo_random_start_continuation_g127_g140_2026-08-26,accepted/animal-cycle-fixed-7x7.jsonl#a588122e5b399a3d33fee438,animal-cycle-fixed-7x7,animal-cycle,fixed,7x7,tf:134,tf:140,true,p2,accepted,,41717566,41717691152698,0
tf_policy_elo_random_start_continuation_g127_g140_2026-08-26,accepted/animal-cycle-fixed-7x7.jsonl#701abc6cda7892e5868aae8d,animal-cycle-fixed-7x7,animal-cycle,fixed,7x7,tf:135,tf:129,false,p2,accepted,,2000266095,2000272095798286,1
tf_policy_elo_random_start_continuation_g127_g140_2026-08-26,accepted/animal-cycle-fixed-7x7.jsonl#a8a89d3c3a712b303d53f574,animal-cycle-fixed-7x7,animal-cycle,fixed,7x7,tf:135,tf:132,false,p1,accepted,,1880278815,1880284455836446,1
tf_policy_elo_random_start_continuation_g127_g140_2026-08-26,accepted/animal-cycle-fixed-7x7.jsonl#20fdd2226faf339936b497a1,animal-cycle-fixed-7x7,animal-cycle,fixed,7x7,tf:135,tf:134,false,p2,accepted,,535981976,535983583945929,1
tf_policy_elo_random_start_continuation_g127_g140_2026-08-26,accepted/animal-cycle-fixed-7x7.jsonl#e76d5ee59fc9dcea3bcaf2ef,animal-cycle-fixed-7x7,animal-cycle,fixed,7x7,tf:135,tf:136,true,p2,accepted,,475894438,475895865683314,0
tf_policy_elo_random_start_continuation_g127_g140_2026-08-26,accepted/animal-cycle-fixed-7x7.jsonl#f4393cf7bcf0c1fb64c4b789,animal-cycle-fixed-7x7,animal-cycle,fixed,7x7,tf:135,tf:138,true,p1,accepted,,939368695,939371513106085,0
tf_policy_elo_random_start_continuation_g127_g140_2026-08-26,accepted/animal-cycle-fixed-7x7.jsonl#47bb06e813852287c137f782,animal-cycle-fixed-7x7,animal-cycle,fixed,7x7,tf:136,tf:130,false,p2,accepted,,1586196608,1586201366589825,1
tf_policy_elo_random_start_continuation_g127_g140_2026-08-26,accepted/animal-cycle-fixed-7x7.jsonl#73bd28a18df00fd9728cc673,animal-cycle-fixed-7x7,animal-cycle,fixed,7x7,tf:136,tf:133,false,p1,accepted,,183603048,183603598809145,1
tf_policy_elo_random_start_continuation_g127_g140_2026-08-26,accepted/animal-cycle-fixed-7x7.jsonl#a0619c73d283e39350356a2b,animal-cycle-fixed-7x7,animal-cycle,fixed,7x7,tf:136,tf:135,false,p1,accepted,,475894438,475895865683315,1
tf_policy_elo_random_start_continuation_g127_g140_2026-08-26,accepted/animal-cycle-fixed-7x7.jsonl#96fd9506a6ad1248b3b36bd1,animal-cycle-fixed-7x7,animal-cycle,fixed,7x7,tf:136,tf:137,true,p1,accepted,,1513016188,1513020727048564,0
tf_policy_elo_random_start_continuation_g127_g140_2026-08-26,accepted/animal-cycle-fixed-7x7.jsonl#d106f114a0854429917dfb25,animal-cycle-fixed-7x7,animal-cycle,fixed,7x7,tf:136,tf:139,true,p1,accepted,,1718353927,1718359082061781,0
tf_policy_elo_random_start_continuation_g127_g140_2026-08-26,accepted/animal-cycle-fixed-7x7.jsonl#1b6f9b8cc3bf5252d060a5fb,animal-cycle-fixed-7x7,animal-cycle,fixed,7x7,tf:137,tf:131,false,p2,accepted,,1819526877,1819532335580632,1
tf_policy_elo_random_start_continuation_g127_g140_2026-08-26,accepted/animal-cycle-fixed-7x7.jsonl#2bd3331048d67796be5e75d1,animal-cycle-fixed-7x7,animal-cycle,fixed,7x7,tf:137,tf:134,false,p2,accepted,,742582195,742584422746586,1
tf_policy_elo_random_start_continuation_g127_g140_2026-08-26,accepted/animal-cycle-fixed-7x7.jsonl#88caefa7e5481acb1c952449,animal-cycle-fixed-7x7,animal-cycle,fixed,7x7,tf:137,tf:136,false,p2,accepted,,1513016188,1513020727048565,1
tf_policy_elo_random_start_continuation_g127_g140_2026-08-26,accepted/animal-cycle-fixed-7x7.jsonl#e6f401396716df1edb39bffa,animal-cycle-fixed-7x7,animal-cycle,fixed,7x7,tf:137,tf:138,true,p1,accepted,,688874740,688876806624220,0
tf_policy_elo_random_start_continuation_g127_g140_2026-08-26,accepted/animal-cycle-fixed-7x7.jsonl#ec95812d52b640b703a8d4aa,animal-cycle-fixed-7x7,animal-cycle,fixed,7x7,tf:137,tf:140,true,p2,accepted,,554987570,554989234962710,0
tf_policy_elo_random_start_continuation_g127_g140_2026-08-26,accepted/animal-cycle-fixed-7x7.jsonl#0d91eaef1ea7bd07b65a6e7e,animal-cycle-fixed-7x7,animal-cycle,fixed,7x7,tf:138,tf:132,false,p2,accepted,,332857314,332858312571943,1
tf_policy_elo_random_start_continuation_g127_g140_2026-08-26,accepted/animal-cycle-fixed-7x7.jsonl#98fddcc7a7cae856409c3aff,animal-cycle-fixed-7x7,animal-cycle,fixed,7x7,tf:138,tf:135,false,p1,accepted,,939368695,939371513106086,1
tf_policy_elo_random_start_continuation_g127_g140_2026-08-26,accepted/animal-cycle-fixed-7x7.jsonl#2e146661f8c5f7fa47875605,animal-cycle-fixed-7x7,animal-cycle,fixed,7x7,tf:138,tf:137,false,p1,accepted,,688874740,688876806624221,1
tf_policy_elo_random_start_continuation_g127_g140_2026-08-26,accepted/animal-cycle-fixed-7x7.jsonl#35de4d78f8e4acaa55c5e9a0,animal-cycle-fixed-7x7,animal-cycle,fixed,7x7,tf:138,tf:139,true,p1,accepted,,1450585908,1450590259757724,0
tf_policy_elo_random_start_continuation_g127_g140_2026-08-26,accepted/animal-cycle-fixed-7x7.jsonl#28059a9ef1460f23bb82f731,animal-cycle-fixed-7x7,animal-cycle,fixed,7x7,tf:139,tf:133,false,p1,accepted,,1674467081,1674472104401244,1
tf_policy_elo_random_start_continuation_g127_g140_2026-08-26,accepted/animal-cycle-fixed-7x7.jsonl#6c0bf98f5a38e82f309b7116,animal-cycle-fixed-7x7,animal-cycle,fixed,7x7,tf:139,tf:136,false,p1,accepted,,1718353927,1718359082061782,1
tf_policy_elo_random_start_continuation_g127_g140_2026-08-26,accepted/animal-cycle-fixed-7x7.jsonl#2db20932aaf8ed58572ed329,animal-cycle-fixed-7x7,animal-cycle,fixed,7x7,tf:139,tf:138,false,p1,accepted,,1450585908,1450590259757725,1
tf_policy_elo_random_start_continuation_g127_g140_2026-08-26,accepted/animal-cycle-fixed-7x7.jsonl#4a200bf0a8551a7d4e202294,animal-cycle-fixed-7x7,animal-cycle,fixed,7x7,tf:139,tf:140,true,p2,accepted,,971423177,971426091269531,0
tf_policy_elo_random_start_continuation_g127_g140_2026-08-26,accepted/animal-cycle-fixed-7x7.jsonl#edab91f313edff16000f820b,animal-cycle-fixed-7x7,animal-cycle,fixed,7x7,tf:140,tf:134,false,p2,accepted,,41717566,41717691152699,1
tf_policy_elo_random_start_continuation_g127_g140_2026-08-26,accepted/animal-cycle-fixed-7x7.jsonl#346e84b0c4f1a1159a36f545,animal-cycle-fixed-7x7,animal-cycle,fixed,7x7,tf:140,tf:137,false,p1,accepted,,554987570,554989234962711,1
tf_policy_elo_random_start_continuation_g127_g140_2026-08-26,accepted/animal-cycle-fixed-7x7.jsonl#0ecb28cd5b2258f41bce70e2,animal-cycle-fixed-7x7,animal-cycle,fixed,7x7,tf:140,tf:139,false,p1,accepted,,971423177,971426091269532,1
tf_policy_elo_random_start_continuation_g127_g140_2026-08-26,accepted/animal-cycle-random-7x7.jsonl#c4e6a86e0079f299523dd579,animal-cycle-random-7x7,animal-cycle,random-start,7x7,tf:121,tf:127,true,p1,accepted,,1756988698,1756993968966094,0
tf_policy_elo_random_start_continuation_g127_g140_2026-08-26,accepted/animal-cycle-random-7x7.jsonl#dc92d9efc771c1a250736a61,animal-cycle-random-7x7,animal-cycle,random-start,7x7,tf:121,tf:127,true,p1,accepted,,1756988698,1756993968966096,2
tf_policy_elo_random_start_continuation_g127_g140_2026-08-26,accepted/animal-cycle-random-7x7.jsonl#8ac64f9fb79705887b37dc40,animal-cycle-random-7x7,animal-cycle,random-start,7x7,tf:121,tf:127,true,p2,accepted,,1756988698,1756993968966098,4
tf_policy_elo_random_start_continuation_g127_g140_2026-08-26,accepted/animal-cycle-random-7x7.jsonl#71963b859f833528298bba77,animal-cycle-random-7x7,animal-cycle,random-start,7x7,tf:121,tf:127,true,p1,accepted,,1756988698,1756993968966100,6
tf_policy_elo_random_start_continuation_g127_g140_2026-08-26,accepted/animal-cycle-random-7x7.jsonl#740f2edabf1e80816fd8102a,animal-cycle-random-7x7,animal-cycle,random-start,7x7,tf:121,tf:127,true,p2,accepted,,1756988698,1756993968966102,8
tf_policy_elo_random_start_continuation_g127_g140_2026-08-26,accepted/animal-cycle-random-7x7.jsonl#13e72ee728b8772e0ec64b99,animal-cycle-random-7x7,animal-cycle,random-start,7x7,tf:121,tf:127,true,p1,accepted,,1756988698,1756993968966104,10
tf_policy_elo_random_start_continuation_g127_g140_2026-08-26,accepted/animal-cycle-random-7x7.jsonl#53960d17fae7b97c9f4c49b7,animal-cycle-random-7x7,animal-cycle,random-start,7x7,tf:122,tf:128,true,p2,accepted,,1656210935,1656215903632805,0
tf_policy_elo_random_start_continuation_g127_g140_2026-08-26,accepted/animal-cycle-random-7x7.jsonl#3597c5013722cec1a341fdca,animal-cycle-random-7x7,animal-cycle,random-start,7x7,tf:122,tf:128,true,p2,accepted,,1656210935,1656215903632807,2
tf_policy_elo_random_start_continuation_g127_g140_2026-08-26,accepted/animal-cycle-random-7x7.jsonl#dab9c80a5585e11b21d5b739,animal-cycle-random-7x7,animal-cycle,random-start,7x7,tf:122,tf:128,true,p1,accepted,,1656210935,1656215903632809,4
tf_policy_elo_random_start_continuation_g127_g140_2026-08-26,accepted/animal-cycle-random-7x7.jsonl#af175226b7004a94cd5ab8ef,animal-cycle-random-7x7,animal-cycle,random-start,7x7,tf:122,tf:128,true,p1,accepted,,1656210935,1656215903632811,6
tf_policy_elo_random_start_continuation_g127_g140_2026-08-26,accepted/animal-cycle-random-7x7.jsonl#a980c27e61f37c10fb6fc542,animal-cycle-random-7x7,animal-cycle,random-start,7x7,tf:122,tf:128,true,p2,accepted,,1656210935,1656215903632813,8
tf_policy_elo_random_start_continuation_g127_g140_2026-08-26,accepted/animal-cycle-random-7x7.jsonl#05f5a0dd6c8bb1f2167bf0e4,animal-cycle-random-7x7,animal-cycle,random-start,7x7,tf:122,tf:128,true,p1,accepted,,1656210935,1656215903632815,10
tf_policy_elo_random_start_continuation_g127_g140_2026-08-26,accepted/animal-cycle-random-7x7.jsonl#d45d3841a8c1b3104efe326b,animal-cycle-random-7x7,animal-cycle,random-start,7x7,tf:123,tf:129,true,p1,accepted,,1024120397,1024123469361191,0
tf_policy_elo_random_start_continuation_g127_g140_2026-08-26,accepted/animal-cycle-random-7x7.jsonl#8708eed9d4c027894fb0b32c,animal-cycle-random-7x7,animal-cycle,random-start,7x7,tf:123,tf:129,true,p1,accepted,,1024120397,1024123469361193,2
tf_policy_elo_random_start_continuation_g127_g140_2026-08-26,accepted/animal-cycle-random-7x7.jsonl#0478d200a0f69810b9ae30d6,animal-cycle-random-7x7,animal-cycle,random-start,7x7,tf:123,tf:129,true,p1,accepted,,1024120397,1024123469361195,4
tf_policy_elo_random_start_continuation_g127_g140_2026-08-26,accepted/animal-cycle-random-7x7.jsonl#7a1f349915205b4a3b6f8a7f,animal-cycle-random-7x7,animal-cycle,random-start,7x7,tf:123,tf:129,true,p2,accepted,,1024120397,1024123469361197,6
tf_policy_elo_random_start_continuation_g127_g140_2026-08-26,accepted/animal-cycle-random-7x7.jsonl#ea907c679d7fe609789d5ca7,animal-cycle-random-7x7,animal-cycle,random-start,7x7,tf:123,tf:129,true,p1,accepted,,1024120397,1024123469361199,8
tf_policy_elo_random_start_continuation_g127_g140_2026-08-26,accepted/animal-cycle-random-7x7.jsonl#1e32b0268f9221ddd25018d3,animal-cycle-random-7x7,animal-cycle,random-start,7x7,tf:123,tf:129,true,p2,accepted,,1024120397,1024123469361201,10
tf_policy_elo_random_start_continuation_g127_g140_2026-08-26,accepted/animal-cycle-random-7x7.jsonl#e15258b30bee7cf23dc60f9d,animal-cycle-random-7x7,animal-cycle,random-start,7x7,tf:124,tf:127,true,p1,accepted,,2085847593,2085853850542779,0
tf_policy_elo_random_start_continuation_g127_g140_2026-08-26,accepted/animal-cycle-random-7x7.jsonl#659284dc1fd7f89f3f652d3b,animal-cycle-random-7x7,animal-cycle,random-start,7x7,tf:124,tf:127,true,p1,accepted,,2085847593,2085853850542781,2
tf_policy_elo_random_start_continuation_g127_g140_2026-08-26,accepted/animal-cycle-random-7x7.jsonl#3921f94bbfa8d1d6fedbcb7e,animal-cycle-random-7x7,animal-cycle,random-start,7x7,tf:124,tf:127,true,p1,accepted,,2085847593,2085853850542783,4
tf_policy_elo_random_start_continuation_g127_g140_2026-08-26,accepted/animal-cycle-random-7x7.jsonl#5fe4da522bc76afb3e879613,animal-cycle-random-7x7,animal-cycle,random-start,7x7,tf:124,tf:127,true,p1,accepted,,2085847593,2085853850542785,6
tf_policy_elo_random_start_continuation_g127_g140_2026-08-26,accepted/animal-cycle-random-7x7.jsonl#23c9cdfb81f8a2c0d0f5efb8,animal-cycle-random-7x7,animal-cycle,random-start,7x7,tf:124,tf:127,true,p2,accepted,,2085847593,2085853850542787,8
tf_policy_elo_random_start_continuation_g127_g140_2026-08-26,accepted/animal-cycle-random-7x7.jsonl#b3fd492147a9d5b31fe6d8ca,animal-cycle-random-7x7,animal-cycle,random-start,7x7,tf:124,tf:127,true,p1,accepted,,2085847593,2085853850542789,10
tf_policy_elo_random_start_continuation_g127_g140_2026-08-26,accepted/animal-cycle-random-7x7.jsonl#24b62d2100f2911af3a423c2,animal-cycle-random-7x7,animal-cycle,random-start,7x7,tf:124,tf:130,true,p2,accepted,,899843561,899846260530683,0
tf_policy_elo_random_start_continuation_g127_g140_2026-08-26,accepted/animal-cycle-random-7x7.jsonl#3023af02eaeff578915387e0,animal-cycle-random-7x7,animal-cycle,random-start,7x7,tf:124,tf:130,true,p1,accepted,,899843561,899846260530685,2
tf_policy_elo_random_start_continuation_g127_g140_2026-08-26,accepted/animal-cycle-random-7x7.jsonl#29cfcbb770657fc8c87835d3,animal-cycle-random-7x7,animal-cycle,random-start,7x7,tf:124,tf:130,true,p1,accepted,,899843561,899846260530687,4
tf_policy_elo_random_start_continuation_g127_g140_2026-08-26,accepted/animal-cycle-random-7x7.jsonl#0237de1dbf241a9d003bc6b2,animal-cycle-random-7x7,animal-cycle,random-start,7x7,tf:124,tf:130,true,p1,accepted,,899843561,899846260530689,6
tf_policy_elo_random_start_continuation_g127_g140_2026-08-26,accepted/animal-cycle-random-7x7.jsonl#7ed098248808ae89c527ae49,animal-cycle-random-7x7,animal-cycle,random-start,7x7,tf:124,tf:130,true,p1,accepted,,899843561,899846260530691,8
tf_policy_elo_random_start_continuation_g127_g140_2026-08-26,accepted/animal-cycle-random-7x7.jsonl#4a5e81d7b76d8eb75c091d52,animal-cycle-random-7x7,animal-cycle,random-start,7x7,tf:124,tf:130,true,p1,accepted,,899843561,899846260530693,10
tf_policy_elo_random_start_continuation_g127_g140_2026-08-26,accepted/animal-cycle-random-7x7.jsonl#20f1c5f636975e8e2ce9dce8,animal-cycle-random-7x7,animal-cycle,random-start,7x7,tf:125,tf:128,true,p1,accepted,,562027477,562029163082431,0
tf_policy_elo_random_start_continuation_g127_g140_2026-08-26,accepted/animal-cycle-random-7x7.jsonl#958f4a5fcd00170269170500,animal-cycle-random-7x7,animal-cycle,random-start,7x7,tf:125,tf:128,true,p2,accepted,,562027477,562029163082433,2
tf_policy_elo_random_start_continuation_g127_g140_2026-08-26,accepted/animal-cycle-random-7x7.jsonl#036a43cae759e3382e0fe900,animal-cycle-random-7x7,animal-cycle,random-start,7x7,tf:125,tf:128,true,p1,accepted,,562027477,562029163082435,4
tf_policy_elo_random_start_continuation_g127_g140_2026-08-26,accepted/animal-cycle-random-7x7.jsonl#6fc69300681b121e3336b687,animal-cycle-random-7x7,animal-cycle,random-start,7x7,tf:125,tf:128,true,p1,accepted,,562027477,562029163082437,6
tf_policy_elo_random_start_continuation_g127_g140_2026-08-26,accepted/animal-cycle-random-7x7.jsonl#5bcda15209c6a82e38836fb9,animal-cycle-random-7x7,animal-cycle,random-start,7x7,tf:125,tf:128,true,p1,accepted,,562027477,562029163082439,8
tf_policy_elo_random_start_continuation_g127_g140_2026-08-26,accepted/animal-cycle-random-7x7.jsonl#ec6b464a7ff19673a67cf50f,animal-cycle-random-7x7,animal-cycle,random-start,7x7,tf:125,tf:128,true,p1,accepted,,562027477,562029163082441,10
tf_policy_elo_random_start_continuation_g127_g140_2026-08-26,accepted/animal-cycle-random-7x7.jsonl#14fd7f560fd04225e67d9dd7,animal-cycle-random-7x7,animal-cycle,random-start,7x7,tf:125,tf:131,true,p1,accepted,,1819315350,1819320807946050,0
tf_policy_elo_random_start_continuation_g127_g140_2026-08-26,accepted/animal-cycle-random-7x7.jsonl#3880d759c030ef0dabd65762,animal-cycle-random-7x7,animal-cycle,random-start,7x7,tf:125,tf:131,true,p1,accepted,,1819315350,1819320807946052,2
tf_policy_elo_random_start_continuation_g127_g140_2026-08-26,accepted/animal-cycle-random-7x7.jsonl#09f5575fcd7b8e94d84ebec5,animal-cycle-random-7x7,animal-cycle,random-start,7x7,tf:125,tf:131,true,p1,accepted,,1819315350,1819320807946054,4
tf_policy_elo_random_start_continuation_g127_g140_2026-08-26,accepted/animal-cycle-random-7x7.jsonl#07660eadffa0bd4fdced4957,animal-cycle-random-7x7,animal-cycle,random-start,7x7,tf:125,tf:131,true,p2,accepted,,1819315350,1819320807946056,6
tf_policy_elo_random_start_continuation_g127_g140_2026-08-26,accepted/animal-cycle-random-7x7.jsonl#b612d210bfedb3cb137a967a,animal-cycle-random-7x7,animal-cycle,random-start,7x7,tf:125,tf:131,true,p1,accepted,,1819315350,1819320807946058,8
tf_policy_elo_random_start_continuation_g127_g140_2026-08-26,accepted/animal-cycle-random-7x7.jsonl#42a8febc9a77615e2e6efa61,animal-cycle-random-7x7,animal-cycle,random-start,7x7,tf:125,tf:131,true,p2,accepted,,1819315350,1819320807946060,10
tf_policy_elo_random_start_continuation_g127_g140_2026-08-26,accepted/animal-cycle-random-7x7.jsonl#30ebcbefac25858d24fafda4,animal-cycle-random-7x7,animal-cycle,random-start,7x7,tf:126,tf:127,true,p1,accepted,,1305309538,1305313453928614,0
tf_policy_elo_random_start_continuation_g127_g140_2026-08-26,accepted/animal-cycle-random-7x7.jsonl#7a4e117db65216404a5ff159,animal-cycle-random-7x7,animal-cycle,random-start,7x7,tf:126,tf:127,true,p1,accepted,,1305309538,1305313453928616,2
tf_policy_elo_random_start_continuation_g127_g140_2026-08-26,accepted/animal-cycle-random-7x7.jsonl#78d7b4d2b4685de384905070,animal-cycle-random-7x7,animal-cycle,random-start,7x7,tf:126,tf:127,true,p1,accepted,,1305309538,1305313453928618,4
tf_policy_elo_random_start_continuation_g127_g140_2026-08-26,accepted/animal-cycle-random-7x7.jsonl#e09ab7d4d7a0638c8d03b4da,animal-cycle-random-7x7,animal-cycle,random-start,7x7,tf:126,tf:127,true,p2,accepted,,1305309538,1305313453928620,6
tf_policy_elo_random_start_continuation_g127_g140_2026-08-26,accepted/animal-cycle-random-7x7.jsonl#86c740f84d5a8fb54fd08834,animal-cycle-random-7x7,animal-cycle,random-start,7x7,tf:126,tf:127,true,p1,accepted,,1305309538,1305313453928622,8
tf_policy_elo_random_start_continuation_g127_g140_2026-08-26,accepted/animal-cycle-random-7x7.jsonl#53741cf1530af5356185e8c1,animal-cycle-random-7x7,animal-cycle,random-start,7x7,tf:126,tf:127,true,p1,accepted,,1305309538,1305313453928624,10
tf_policy_elo_random_start_continuation_g127_g140_2026-08-26,accepted/animal-cycle-random-7x7.jsonl#04a75b0ecf0b3b3cdea4ba6a,animal-cycle-random-7x7,animal-cycle,random-start,7x7,tf:126,tf:129,true,p1,accepted,,1239977061,1239980780931183,0
tf_policy_elo_random_start_continuation_g127_g140_2026-08-26,accepted/animal-cycle-random-7x7.jsonl#1a8a9cac0c5b10d6e79194bd,animal-cycle-random-7x7,animal-cycle,random-start,7x7,tf:126,tf:129,true,p1,accepted,,1239977061,1239980780931185,2
tf_policy_elo_random_start_continuation_g127_g140_2026-08-26,accepted/animal-cycle-random-7x7.jsonl#65c38be8378285e1be1fb30e,animal-cycle-random-7x7,animal-cycle,random-start,7x7,tf:126,tf:129,true,p1,accepted,,1239977061,1239980780931187,4
tf_policy_elo_random_start_continuation_g127_g140_2026-08-26,accepted/animal-cycle-random-7x7.jsonl#1461dcba2788be1bd8ee4fbe,animal-cycle-random-7x7,animal-cycle,random-start,7x7,tf:126,tf:129,true,p2,accepted,,1239977061,1239980780931189,6
tf_policy_elo_random_start_continuation_g127_g140_2026-08-26,accepted/animal-cycle-random-7x7.jsonl#94e1cc8340008a35bd9af560,animal-cycle-random-7x7,animal-cycle,random-start,7x7,tf:126,tf:129,true,p1,accepted,,1239977061,1239980780931191,8
tf_policy_elo_random_start_continuation_g127_g140_2026-08-26,accepted/animal-cycle-random-7x7.jsonl#b6b51ab5b486fb9a0afdbb39,animal-cycle-random-7x7,animal-cycle,random-start,7x7,tf:126,tf:129,true,p2,accepted,,1239977061,1239980780931193,10
tf_policy_elo_random_start_continuation_g127_g140_2026-08-26,accepted/animal-cycle-random-7x7.jsonl#4e9a2200fc2bb6bf3cc49b84,animal-cycle-random-7x7,animal-cycle,random-start,7x7,tf:126,tf:132,true,p1,accepted,,1023983810,1023986881951430,0
tf_policy_elo_random_start_continuation_g127_g140_2026-08-26,accepted/animal-cycle-random-7x7.jsonl#08e0cb07659f4b6769ce42d7,animal-cycle-random-7x7,animal-cycle,random-start,7x7,tf:126,tf:132,true,p2,accepted,,1023983810,1023986881951432,2
tf_policy_elo_random_start_continuation_g127_g140_2026-08-26,accepted/animal-cycle-random-7x7.jsonl#82d820f20c1ca8687323913e,animal-cycle-random-7x7,animal-cycle,random-start,7x7,tf:126,tf:132,true,p2,accepted,,1023983810,1023986881951434,4
tf_policy_elo_random_start_continuation_g127_g140_2026-08-26,accepted/animal-cycle-random-7x7.jsonl#bdd3dbb2356b48687bc49ac2,animal-cycle-random-7x7,animal-cycle,random-start,7x7,tf:126,tf:132,true,p2,accepted,,1023983810,1023986881951436,6
tf_policy_elo_random_start_continuation_g127_g140_2026-08-26,accepted/animal-cycle-random-7x7.jsonl#2c811ec5097172d3cef940fe,animal-cycle-random-7x7,animal-cycle,random-start,7x7,tf:126,tf:132,true,p1,accepted,,1023983810,1023986881951438,8
tf_policy_elo_random_start_continuation_g127_g140_2026-08-26,accepted/animal-cycle-random-7x7.jsonl#30da8e89b0da6ae2904f2107,animal-cycle-random-7x7,animal-cycle,random-start,7x7,tf:126,tf:132,true,p1,accepted,,1023983810,1023986881951440,10
tf_policy_elo_random_start_continuation_g127_g140_2026-08-26,accepted/animal-cycle-random-7x7.jsonl#69114ddf4164d79ccf503b88,animal-cycle-random-7x7,animal-cycle,random-start,7x7,tf:127,tf:121,false,p1,accepted,,1756988698,1756993968966095,1
tf_policy_elo_random_start_continuation_g127_g140_2026-08-26,accepted/animal-cycle-random-7x7.jsonl#c5a84e39ae6b0ef50c2d0799,animal-cycle-random-7x7,animal-cycle,random-start,7x7,tf:127,tf:121,false,p1,accepted,,1756988698,1756993968966097,3
tf_policy_elo_random_start_continuation_g127_g140_2026-08-26,accepted/animal-cycle-random-7x7.jsonl#b87443dbd4c476d93c0ae7e7,animal-cycle-random-7x7,animal-cycle,random-start,7x7,tf:127,tf:121,false,p1,accepted,,1756988698,1756993968966099,5
tf_policy_elo_random_start_continuation_g127_g140_2026-08-26,accepted/animal-cycle-random-7x7.jsonl#2ac0ea628ab335ddea43596c,animal-cycle-random-7x7,animal-cycle,random-start,7x7,tf:127,tf:121,false,p1,accepted,,1756988698,1756993968966101,7
tf_policy_elo_random_start_continuation_g127_g140_2026-08-26,accepted/animal-cycle-random-7x7.jsonl#2063dff3c8dc525719f8761a,animal-cycle-random-7x7,animal-cycle,random-start,7x7,tf:127,tf:121,false,p1,accepted,,1756988698,1756993968966103,9
tf_policy_elo_random_start_continuation_g127_g140_2026-08-26,accepted/animal-cycle-random-7x7.jsonl#ee99e7a16e4e68875a94ba23,animal-cycle-random-7x7,animal-cycle,random-start,7x7,tf:127,tf:121,false,p1,accepted,,1756988698,1756993968966105,11
tf_policy_elo_random_start_continuation_g127_g140_2026-08-26,accepted/animal-cycle-random-7x7.jsonl#3814bc6e2ba5428e592eb422,animal-cycle-random-7x7,animal-cycle,random-start,7x7,tf:127,tf:124,false,p1,accepted,,2085847593,2085853850542780,1
tf_policy_elo_random_start_continuation_g127_g140_2026-08-26,accepted/animal-cycle-random-7x7.jsonl#b1c97ef8405b24fdd3b78201,animal-cycle-random-7x7,animal-cycle,random-start,7x7,tf:127,tf:124,false,p1,accepted,,2085847593,2085853850542782,3
tf_policy_elo_random_start_continuation_g127_g140_2026-08-26,accepted/animal-cycle-random-7x7.jsonl#dc2ccc193b899193180cff5d,animal-cycle-random-7x7,animal-cycle,random-start,7x7,tf:127,tf:124,false,p1,accepted,,2085847593,2085853850542784,5
tf_policy_elo_random_start_continuation_g127_g140_2026-08-26,accepted/animal-cycle-random-7x7.jsonl#a37658d55a6c00bef9778f28,animal-cycle-random-7x7,animal-cycle,random-start,7x7,tf:127,tf:124,false,p1,accepted,,2085847593,2085853850542786,7
tf_policy_elo_random_start_continuation_g127_g140_2026-08-26,accepted/animal-cycle-random-7x7.jsonl#735801d25e6bd3227a483e73,animal-cycle-random-7x7,animal-cycle,random-start,7x7,tf:127,tf:124,false,p1,accepted,,2085847593,2085853850542788,9
tf_policy_elo_random_start_continuation_g127_g140_2026-08-26,accepted/animal-cycle-random-7x7.jsonl#d392f43a83c861567b7ad068,animal-cycle-random-7x7,animal-cycle,random-start,7x7,tf:127,tf:124,false,p1,accepted,,2085847593,2085853850542790,11
tf_policy_elo_random_start_continuation_g127_g140_2026-08-26,accepted/animal-cycle-random-7x7.jsonl#8373272499bb2e58c93a9a5c,animal-cycle-random-7x7,animal-cycle,random-start,7x7,tf:127,tf:126,false,p1,accepted,,1305309538,1305313453928615,1
tf_policy_elo_random_start_continuation_g127_g140_2026-08-26,accepted/animal-cycle-random-7x7.jsonl#27d6a87a28718dbe766762dd,animal-cycle-random-7x7,animal-cycle,random-start,7x7,tf:127,tf:126,false,p1,accepted,,1305309538,1305313453928617,3
tf_policy_elo_random_start_continuation_g127_g140_2026-08-26,accepted/animal-cycle-random-7x7.jsonl#17c1efc098d2581814ff3fa0,animal-cycle-random-7x7,animal-cycle,random-start,7x7,tf:127,tf:126,false,p2,accepted,,1305309538,1305313453928619,5
tf_policy_elo_random_start_continuation_g127_g140_2026-08-26,accepted/animal-cycle-random-7x7.jsonl#74e7688560a8d97331d880a5,animal-cycle-random-7x7,animal-cycle,random-start,7x7,tf:127,tf:126,false,p2,accepted,,1305309538,1305313453928621,7
tf_policy_elo_random_start_continuation_g127_g140_2026-08-26,accepted/animal-cycle-random-7x7.jsonl#ffc5c19a9bd8cab6c1145c7a,animal-cycle-random-7x7,animal-cycle,random-start,7x7,tf:127,tf:126,false,p1,accepted,,1305309538,1305313453928623,9
tf_policy_elo_random_start_continuation_g127_g140_2026-08-26,accepted/animal-cycle-random-7x7.jsonl#9b2028d3a7f97f0f8aa557a9,animal-cycle-random-7x7,animal-cycle,random-start,7x7,tf:127,tf:126,false,p1,accepted,,1305309538,1305313453928625,11
tf_policy_elo_random_start_continuation_g127_g140_2026-08-26,accepted/animal-cycle-random-7x7.jsonl#5b99df1bd6747259fb4c9eb8,animal-cycle-random-7x7,animal-cycle,random-start,7x7,tf:127,tf:128,true,p1,accepted,,979579207,979582145737621,0
tf_policy_elo_random_start_continuation_g127_g140_2026-08-26,accepted/animal-cycle-random-7x7.jsonl#e1f3fcebcd4ed817f38273cd,animal-cycle-random-7x7,animal-cycle,random-start,7x7,tf:127,tf:128,true,p1,accepted,,979579207,979582145737623,2
tf_policy_elo_random_start_continuation_g127_g140_2026-08-26,accepted/animal-cycle-random-7x7.jsonl#ea044092d8d125e208b0003f,animal-cycle-random-7x7,animal-cycle,random-start,7x7,tf:127,tf:128,true,p1,accepted,,979579207,979582145737625,4
tf_policy_elo_random_start_continuation_g127_g140_2026-08-26,accepted/animal-cycle-random-7x7.jsonl#2ebd75597db2483a7e12d794,animal-cycle-random-7x7,animal-cycle,random-start,7x7,tf:127,tf:128,true,p1,accepted,,979579207,979582145737627,6
tf_policy_elo_random_start_continuation_g127_g140_2026-08-26,accepted/animal-cycle-random-7x7.jsonl#c89a54439119ecd307460f21,animal-cycle-random-7x7,animal-cycle,random-start,7x7,tf:127,tf:128,true,p1,accepted,,979579207,979582145737629,8
tf_policy_elo_random_start_continuation_g127_g140_2026-08-26,accepted/animal-cycle-random-7x7.jsonl#acfa88620d100b0abfd25939,animal-cycle-random-7x7,animal-cycle,random-start,7x7,tf:127,tf:128,true,p1,accepted,,979579207,979582145737631,10
tf_policy_elo_random_start_continuation_g127_g140_2026-08-26,accepted/animal-cycle-random-7x7.jsonl#b6f5b9c8c9485616edcb3cfa,animal-cycle-random-7x7,animal-cycle,random-start,7x7,tf:127,tf:130,true,p1,accepted,,1198202395,1198205989607185,0
tf_policy_elo_random_start_continuation_g127_g140_2026-08-26,accepted/animal-cycle-random-7x7.jsonl#cbd5f15d2fc7e7e82c11e740,animal-cycle-random-7x7,animal-cycle,random-start,7x7,tf:127,tf:130,true,p1,accepted,,1198202395,1198205989607187,2
tf_policy_elo_random_start_continuation_g127_g140_2026-08-26,accepted/animal-cycle-random-7x7.jsonl#06250c3eab78ffb7afea36ad,animal-cycle-random-7x7,animal-cycle,random-start,7x7,tf:127,tf:130,true,p2,accepted,,1198202395,1198205989607189,4
tf_policy_elo_random_start_continuation_g127_g140_2026-08-26,accepted/animal-cycle-random-7x7.jsonl#b4f3b680e33dd7170445d271,animal-cycle-random-7x7,animal-cycle,random-start,7x7,tf:127,tf:130,true,p2,accepted,,1198202395,1198205989607191,6
tf_policy_elo_random_start_continuation_g127_g140_2026-08-26,accepted/animal-cycle-random-7x7.jsonl#a4b17b664cb6bb3ef542560d,animal-cycle-random-7x7,animal-cycle,random-start,7x7,tf:127,tf:130,true,p1,accepted,,1198202395,1198205989607193,8
tf_policy_elo_random_start_continuation_g127_g140_2026-08-26,accepted/animal-cycle-random-7x7.jsonl#6a9462b473354e9906abcd4d,animal-cycle-random-7x7,animal-cycle,random-start,7x7,tf:127,tf:130,true,p1,accepted,,1198202395,1198205989607195,10
tf_policy_elo_random_start_continuation_g127_g140_2026-08-26,accepted/animal-cycle-random-7x7.jsonl#7a5b516593d86e8af54b49eb,animal-cycle-random-7x7,animal-cycle,random-start,7x7,tf:127,tf:133,true,p1,accepted,,243464918,243465648394754,0
tf_policy_elo_random_start_continuation_g127_g140_2026-08-26,accepted/animal-cycle-random-7x7.jsonl#a6bebf506b1d953205cc87f2,animal-cycle-random-7x7,animal-cycle,random-start,7x7,tf:127,tf:133,true,p1,accepted,,243464918,243465648394756,2
tf_policy_elo_random_start_continuation_g127_g140_2026-08-26,accepted/animal-cycle-random-7x7.jsonl#9349be32f4622d5a75dde17e,animal-cycle-random-7x7,animal-cycle,random-start,7x7,tf:127,tf:133,true,p2,accepted,,243464918,243465648394758,4
tf_policy_elo_random_start_continuation_g127_g140_2026-08-26,accepted/animal-cycle-random-7x7.jsonl#376a6ab8be573b1e67f3b601,animal-cycle-random-7x7,animal-cycle,random-start,7x7,tf:127,tf:133,true,p1,accepted,,243464918,243465648394760,6
tf_policy_elo_random_start_continuation_g127_g140_2026-08-26,accepted/animal-cycle-random-7x7.jsonl#811572ba0186f605522e74a7,animal-cycle-random-7x7,animal-cycle,random-start,7x7,tf:127,tf:133,true,p1,accepted,,243464918,243465648394762,8
tf_policy_elo_random_start_continuation_g127_g140_2026-08-26,accepted/animal-cycle-random-7x7.jsonl#0ac105bef812aecff51462c4,animal-cycle-random-7x7,animal-cycle,random-start,7x7,tf:127,tf:133,true,p1,accepted,,243464918,243465648394764,10
tf_policy_elo_random_start_continuation_g127_g140_2026-08-26,accepted/animal-cycle-random-7x7.jsonl#0e7c67f20155c48b28c70cc2,animal-cycle-random-7x7,animal-cycle,random-start,7x7,tf:128,tf:122,false,p1,accepted,,1656210935,1656215903632806,1
tf_policy_elo_random_start_continuation_g127_g140_2026-08-26,accepted/animal-cycle-random-7x7.jsonl#63a1faa3fe69be810a0ce05a,animal-cycle-random-7x7,animal-cycle,random-start,7x7,tf:128,tf:122,false,p2,accepted,,1656210935,1656215903632808,3
tf_policy_elo_random_start_continuation_g127_g140_2026-08-26,accepted/animal-cycle-random-7x7.jsonl#47910057bcf8971e927dc745,animal-cycle-random-7x7,animal-cycle,random-start,7x7,tf:128,tf:122,false,p1,accepted,,1656210935,1656215903632810,5
tf_policy_elo_random_start_continuation_g127_g140_2026-08-26,accepted/animal-cycle-random-7x7.jsonl#2f8134c778e338fe3de81b50,animal-cycle-random-7x7,animal-cycle,random-start,7x7,tf:128,tf:122,false,p1,accepted,,1656210935,1656215903632812,7
tf_policy_elo_random_start_continuation_g127_g140_2026-08-26,accepted/animal-cycle-random-7x7.jsonl#54862b74bb1c6112f10aafbf,animal-cycle-random-7x7,animal-cycle,random-start,7x7,tf:128,tf:122,false,p2,accepted,,1656210935,1656215903632814,9
tf_policy_elo_random_start_continuation_g127_g140_2026-08-26,accepted/animal-cycle-random-7x7.jsonl#81a5414c58450a450f166b2c,animal-cycle-random-7x7,animal-cycle,random-start,7x7,tf:128,tf:122,false,p1,accepted,,1656210935,1656215903632816,11
tf_policy_elo_random_start_continuation_g127_g140_2026-08-26,accepted/animal-cycle-random-7x7.jsonl#8b8be7da10da9478362db114,animal-cycle-random-7x7,animal-cycle,random-start,7x7,tf:128,tf:125,false,p1,accepted,,562027477,562029163082432,1
tf_policy_elo_random_start_continuation_g127_g140_2026-08-26,accepted/animal-cycle-random-7x7.jsonl#14c95feff14b358c1356faf4,animal-cycle-random-7x7,animal-cycle,random-start,7x7,tf:128,tf:125,false,p1,accepted,,562027477,562029163082434,3
tf_policy_elo_random_start_continuation_g127_g140_2026-08-26,accepted/animal-cycle-random-7x7.jsonl#bce5029fe44ce93be4365a21,animal-cycle-random-7x7,animal-cycle,random-start,7x7,tf:128,tf:125,false,p2,accepted,,562027477,562029163082436,5
tf_policy_elo_random_start_continuation_g127_g140_2026-08-26,accepted/animal-cycle-random-7x7.jsonl#a0c57032941a6681a9abfe5e,animal-cycle-random-7x7,animal-cycle,random-start,7x7,tf:128,tf:125,false,p1,accepted,,562027477,562029163082438,7
tf_policy_elo_random_start_continuation_g127_g140_2026-08-26,accepted/animal-cycle-random-7x7.jsonl#12742a85217bad4bdb04a21d,animal-cycle-random-7x7,animal-cycle,random-start,7x7,tf:128,tf:125,false,p1,accepted,,562027477,562029163082440,9
tf_policy_elo_random_start_continuation_g127_g140_2026-08-26,accepted/animal-cycle-random-7x7.jsonl#42ffbfa61e26f3863b7d3121,animal-cycle-random-7x7,animal-cycle,random-start,7x7,tf:128,tf:125,false,p1,accepted,,562027477,562029163082442,11
tf_policy_elo_random_start_continuation_g127_g140_2026-08-26,accepted/animal-cycle-random-7x7.jsonl#ba550674052d5951e4ede745,animal-cycle-random-7x7,animal-cycle,random-start,7x7,tf:128,tf:127,false,p1,accepted,,979579207,979582145737622,1
tf_policy_elo_random_start_continuation_g127_g140_2026-08-26,accepted/animal-cycle-random-7x7.jsonl#d385691137d00659b8970b6d,animal-cycle-random-7x7,animal-cycle,random-start,7x7,tf:128,tf:127,false,p2,accepted,,979579207,979582145737624,3
tf_policy_elo_random_start_continuation_g127_g140_2026-08-26,accepted/animal-cycle-random-7x7.jsonl#62216e0530a37fdd19d1b58e,animal-cycle-random-7x7,animal-cycle,random-start,7x7,tf:128,tf:127,false,p2,accepted,,979579207,979582145737626,5
tf_policy_elo_random_start_continuation_g127_g140_2026-08-26,accepted/animal-cycle-random-7x7.jsonl#9454d00479f3fd04349c08dd,animal-cycle-random-7x7,animal-cycle,random-start,7x7,tf:128,tf:127,false,p2,accepted,,979579207,979582145737628,7
tf_policy_elo_random_start_continuation_g127_g140_2026-08-26,accepted/animal-cycle-random-7x7.jsonl#05d7b4bba5ddd16eaf4ca769,animal-cycle-random-7x7,animal-cycle,random-start,7x7,tf:128,tf:127,false,p1,accepted,,979579207,979582145737630,9
tf_policy_elo_random_start_continuation_g127_g140_2026-08-26,accepted/animal-cycle-random-7x7.jsonl#faf6c6be0e0339c0f5b6be19,animal-cycle-random-7x7,animal-cycle,random-start,7x7,tf:128,tf:127,false,p1,accepted,,979579207,979582145737632,11
tf_policy_elo_random_start_continuation_g127_g140_2026-08-26,accepted/animal-cycle-random-7x7.jsonl#60cdad33cf35097b8fb3a743,animal-cycle-random-7x7,animal-cycle,random-start,7x7,tf:128,tf:129,true,p1,accepted,,1234988025,1234991729964075,0
tf_policy_elo_random_start_continuation_g127_g140_2026-08-26,accepted/animal-cycle-random-7x7.jsonl#0278fdaecdd33af8cba10a9d,animal-cycle-random-7x7,animal-cycle,random-start,7x7,tf:128,tf:129,true,p2,accepted,,1234988025,1234991729964077,2
tf_policy_elo_random_start_continuation_g127_g140_2026-08-26,accepted/animal-cycle-random-7x7.jsonl#69b90ee082e4c1c01c143d06,animal-cycle-random-7x7,animal-cycle,random-start,7x7,tf:128,tf:129,true,p2,accepted,,1234988025,1234991729964079,4
tf_policy_elo_random_start_continuation_g127_g140_2026-08-26,accepted/animal-cycle-random-7x7.jsonl#551cb87aeeceeed11f122fc8,animal-cycle-random-7x7,animal-cycle,random-start,7x7,tf:128,tf:129,true,p1,accepted,,1234988025,1234991729964081,6
tf_policy_elo_random_start_continuation_g127_g140_2026-08-26,accepted/animal-cycle-random-7x7.jsonl#31f97369f28672c5aa5c1eea,animal-cycle-random-7x7,animal-cycle,random-start,7x7,tf:128,tf:129,true,p2,accepted,,1234988025,1234991729964083,8
tf_policy_elo_random_start_continuation_g127_g140_2026-08-26,accepted/animal-cycle-random-7x7.jsonl#56eb4d8957b43bacef29690a,animal-cycle-random-7x7,animal-cycle,random-start,7x7,tf:128,tf:129,true,p1,accepted,,1234988025,1234991729964085,10
tf_policy_elo_random_start_continuation_g127_g140_2026-08-26,accepted/animal-cycle-random-7x7.jsonl#5d36e2d5daf70ec3c48e42a8,animal-cycle-random-7x7,animal-cycle,random-start,7x7,tf:128,tf:131,true,p2,accepted,,1048170164,1048173308510492,0
tf_policy_elo_random_start_continuation_g127_g140_2026-08-26,accepted/animal-cycle-random-7x7.jsonl#8ed7791669a361f3e35ac6eb,animal-cycle-random-7x7,animal-cycle,random-start,7x7,tf:128,tf:131,true,p2,accepted,,1048170164,1048173308510494,2
tf_policy_elo_random_start_continuation_g127_g140_2026-08-26,accepted/animal-cycle-random-7x7.jsonl#0fb94c0e805e83d42fcbdf1c,animal-cycle-random-7x7,animal-cycle,random-start,7x7,tf:128,tf:131,true,p1,accepted,,1048170164,1048173308510496,4
tf_policy_elo_random_start_continuation_g127_g140_2026-08-26,accepted/animal-cycle-random-7x7.jsonl#a44d623c8a334da8e982195e,animal-cycle-random-7x7,animal-cycle,random-start,7x7,tf:128,tf:131,true,p2,accepted,,1048170164,1048173308510498,6
tf_policy_elo_random_start_continuation_g127_g140_2026-08-26,accepted/animal-cycle-random-7x7.jsonl#6af72f8c9c68f14ceee51d9f,animal-cycle-random-7x7,animal-cycle,random-start,7x7,tf:128,tf:131,true,p1,accepted,,1048170164,1048173308510500,8
tf_policy_elo_random_start_continuation_g127_g140_2026-08-26,accepted/animal-cycle-random-7x7.jsonl#5213ae591e7bf30136c2bd20,animal-cycle-random-7x7,animal-cycle,random-start,7x7,tf:128,tf:131,true,p1,accepted,,1048170164,1048173308510502,10
tf_policy_elo_random_start_continuation_g127_g140_2026-08-26,accepted/animal-cycle-random-7x7.jsonl#e5089ca38bc96eb25af06d47,animal-cycle-random-7x7,animal-cycle,random-start,7x7,tf:128,tf:134,true,p1,accepted,,480707085,480708527121255,0
tf_policy_elo_random_start_continuation_g127_g140_2026-08-26,accepted/animal-cycle-random-7x7.jsonl#6ce9458f286cc8899bec9e7e,animal-cycle-random-7x7,animal-cycle,random-start,7x7,tf:128,tf:134,true,p2,accepted,,480707085,480708527121257,2
tf_policy_elo_random_start_continuation_g127_g140_2026-08-26,accepted/animal-cycle-random-7x7.jsonl#84e40bee86a0e10a3f25bbbf,animal-cycle-random-7x7,animal-cycle,random-start,7x7,tf:128,tf:134,true,p2,accepted,,480707085,480708527121259,4
tf_policy_elo_random_start_continuation_g127_g140_2026-08-26,accepted/animal-cycle-random-7x7.jsonl#2badcd0459144952491d6470,animal-cycle-random-7x7,animal-cycle,random-start,7x7,tf:128,tf:134,true,p2,accepted,,480707085,480708527121261,6
tf_policy_elo_random_start_continuation_g127_g140_2026-08-26,accepted/animal-cycle-random-7x7.jsonl#e092919cd5d3c1923bad7b02,animal-cycle-random-7x7,animal-cycle,random-start,7x7,tf:128,tf:134,true,p1,accepted,,480707085,480708527121263,8
tf_policy_elo_random_start_continuation_g127_g140_2026-08-26,accepted/animal-cycle-random-7x7.jsonl#25bb2c246af2cd15dc2544e7,animal-cycle-random-7x7,animal-cycle,random-start,7x7,tf:128,tf:134,true,p2,accepted,,480707085,480708527121265,10
tf_policy_elo_random_start_continuation_g127_g140_2026-08-26,accepted/animal-cycle-random-7x7.jsonl#ad9c67ee2bc3698e57061bc8,animal-cycle-random-7x7,animal-cycle,random-start,7x7,tf:129,tf:123,false,p1,accepted,,1024120397,1024123469361192,1
tf_policy_elo_random_start_continuation_g127_g140_2026-08-26,accepted/animal-cycle-random-7x7.jsonl#4e940d19a5a9574a8ca8fcbb,animal-cycle-random-7x7,animal-cycle,random-start,7x7,tf:129,tf:123,false,p1,accepted,,1024120397,1024123469361194,3
tf_policy_elo_random_start_continuation_g127_g140_2026-08-26,accepted/animal-cycle-random-7x7.jsonl#979255bdc30135a285d61957,animal-cycle-random-7x7,animal-cycle,random-start,7x7,tf:129,tf:123,false,p1,accepted,,1024120397,1024123469361196,5
tf_policy_elo_random_start_continuation_g127_g140_2026-08-26,accepted/animal-cycle-random-7x7.jsonl#18d590cf17befb1461d313f4,animal-cycle-random-7x7,animal-cycle,random-start,7x7,tf:129,tf:123,false,p1,accepted,,1024120397,1024123469361198,7
tf_policy_elo_random_start_continuation_g127_g140_2026-08-26,accepted/animal-cycle-random-7x7.jsonl#b8ba8756b0218bd6fd8fb54e,animal-cycle-random-7x7,animal-cycle,random-start,7x7,tf:129,tf:123,false,p1,accepted,,1024120397,1024123469361200,9
tf_policy_elo_random_start_continuation_g127_g140_2026-08-26,accepted/animal-cycle-random-7x7.jsonl#f8cab7d5db4e8c02602b49bb,animal-cycle-random-7x7,animal-cycle,random-start,7x7,tf:129,tf:123,false,p1,accepted,,1024120397,1024123469361202,11
tf_policy_elo_random_start_continuation_g127_g140_2026-08-26,accepted/animal-cycle-random-7x7.jsonl#494813ddecd968b5e8ebeac9,animal-cycle-random-7x7,animal-cycle,random-start,7x7,tf:129,tf:126,false,p1,accepted,,1239977061,1239980780931184,1
tf_policy_elo_random_start_continuation_g127_g140_2026-08-26,accepted/animal-cycle-random-7x7.jsonl#05bed7959799a693f30fc8e8,animal-cycle-random-7x7,animal-cycle,random-start,7x7,tf:129,tf:126,false,p1,accepted,,1239977061,1239980780931186,3
tf_policy_elo_random_start_continuation_g127_g140_2026-08-26,accepted/animal-cycle-random-7x7.jsonl#03ef804d2c00ccd19b8c1aff,animal-cycle-random-7x7,animal-cycle,random-start,7x7,tf:129,tf:126,false,p1,accepted,,1239977061,1239980780931188,5
tf_policy_elo_random_start_continuation_g127_g140_2026-08-26,accepted/animal-cycle-random-7x7.jsonl#507e071a36154532bd8e5600,animal-cycle-random-7x7,animal-cycle,random-start,7x7,tf:129,tf:126,false,p1,accepted,,1239977061,1239980780931190,7
tf_policy_elo_random_start_continuation_g127_g140_2026-08-26,accepted/animal-cycle-random-7x7.jsonl#11a0a4f682199923ebbeab44,animal-cycle-random-7x7,animal-cycle,random-start,7x7,tf:129,tf:126,false,p1,accepted,,1239977061,1239980780931192,9
tf_policy_elo_random_start_continuation_g127_g140_2026-08-26,accepted/animal-cycle-random-7x7.jsonl#0358ccdaf6b033549e8d7b23,animal-cycle-random-7x7,animal-cycle,random-start,7x7,tf:129,tf:126,false,p1,accepted,,1239977061,1239980780931194,11
tf_policy_elo_random_start_continuation_g127_g140_2026-08-26,accepted/animal-cycle-random-7x7.jsonl#a10cd3e7188d5c09bebb3f89,animal-cycle-random-7x7,animal-cycle,random-start,7x7,tf:129,tf:128,false,p1,accepted,,1234988025,1234991729964076,1
tf_policy_elo_random_start_continuation_g127_g140_2026-08-26,accepted/animal-cycle-random-7x7.jsonl#b1fc00892ec65a27c2aee20e,animal-cycle-random-7x7,animal-cycle,random-start,7x7,tf:129,tf:128,false,p1,accepted,,1234988025,1234991729964078,3
tf_policy_elo_random_start_continuation_g127_g140_2026-08-26,accepted/animal-cycle-random-7x7.jsonl#3c8cb92d1e944ec59ec43c21,animal-cycle-random-7x7,animal-cycle,random-start,7x7,tf:129,tf:128,false,p1,accepted,,1234988025,1234991729964080,5
tf_policy_elo_random_start_continuation_g127_g140_2026-08-26,accepted/animal-cycle-random-7x7.jsonl#5e833a7af8a48fccfd74fc20,animal-cycle-random-7x7,animal-cycle,random-start,7x7,tf:129,tf:128,false,p1,accepted,,1234988025,1234991729964082,7
tf_policy_elo_random_start_continuation_g127_g140_2026-08-26,accepted/animal-cycle-random-7x7.jsonl#b101eb6502964ef0cf497af4,animal-cycle-random-7x7,animal-cycle,random-start,7x7,tf:129,tf:128,false,p1,accepted,,1234988025,1234991729964084,9
tf_policy_elo_random_start_continuation_g127_g140_2026-08-26,accepted/animal-cycle-random-7x7.jsonl#b3238e6c789d5c64bc7b8a00,animal-cycle-random-7x7,animal-cycle,random-start,7x7,tf:129,tf:128,false,p2,accepted,,1234988025,1234991729964086,11
tf_policy_elo_random_start_continuation_g127_g140_2026-08-26,accepted/animal-cycle-random-7x7.jsonl#54b44afa6d7f1e6ae8de1210,animal-cycle-random-7x7,animal-cycle,random-start,7x7,tf:129,tf:130,true,p2,accepted,,342356238,342357265068714,0
tf_policy_elo_random_start_continuation_g127_g140_2026-08-26,accepted/animal-cycle-random-7x7.jsonl#35074a36fcc1401ac4129e93,animal-cycle-random-7x7,animal-cycle,random-start,7x7,tf:129,tf:130,true,p1,accepted,,342356238,342357265068716,2
tf_policy_elo_random_start_continuation_g127_g140_2026-08-26,accepted/animal-cycle-random-7x7.jsonl#5429d540eb1d30a04a8d7fbe,animal-cycle-random-7x7,animal-cycle,random-start,7x7,tf:129,tf:130,true,p1,accepted,,342356238,342357265068718,4
tf_policy_elo_random_start_continuation_g127_g140_2026-08-26,accepted/animal-cycle-random-7x7.jsonl#0d89a989d3f076299e37a198,animal-cycle-random-7x7,animal-cycle,random-start,7x7,tf:129,tf:130,true,p1,accepted,,342356238,342357265068720,6
tf_policy_elo_random_start_continuation_g127_g140_2026-08-26,accepted/animal-cycle-random-7x7.jsonl#c7088c64cc3c48d8b75b1401,animal-cycle-random-7x7,animal-cycle,random-start,7x7,tf:129,tf:130,true,p1,accepted,,342356238,342357265068722,8
tf_policy_elo_random_start_continuation_g127_g140_2026-08-26,accepted/animal-cycle-random-7x7.jsonl#16bf76e2d4298befb75652a5,animal-cycle-random-7x7,animal-cycle,random-start,7x7,tf:129,tf:130,true,p1,accepted,,342356238,342357265068724,10
tf_policy_elo_random_start_continuation_g127_g140_2026-08-26,accepted/animal-cycle-random-7x7.jsonl#2627a47f2d7beccd53730a67,animal-cycle-random-7x7,animal-cycle,random-start,7x7,tf:129,tf:132,true,p1,accepted,,1151490978,1151494432472934,0
tf_policy_elo_random_start_continuation_g127_g140_2026-08-26,accepted/animal-cycle-random-7x7.jsonl#572a60e0ca600e4f577e9bb6,animal-cycle-random-7x7,animal-cycle,random-start,7x7,tf:129,tf:132,true,p1,accepted,,1151490978,1151494432472936,2
tf_policy_elo_random_start_continuation_g127_g140_2026-08-26,accepted/animal-cycle-random-7x7.jsonl#d2bb0f09ba3806c5471f3a97,animal-cycle-random-7x7,animal-cycle,random-start,7x7,tf:129,tf:132,true,p1,accepted,,1151490978,1151494432472938,4
tf_policy_elo_random_start_continuation_g127_g140_2026-08-26,accepted/animal-cycle-random-7x7.jsonl#81bb3a566de880b9f0a5f10e,animal-cycle-random-7x7,animal-cycle,random-start,7x7,tf:129,tf:132,true,p1,accepted,,1151490978,1151494432472940,6
tf_policy_elo_random_start_continuation_g127_g140_2026-08-26,accepted/animal-cycle-random-7x7.jsonl#fd7de9abc4f2a089ec8948cc,animal-cycle-random-7x7,animal-cycle,random-start,7x7,tf:129,tf:132,true,p2,accepted,,1151490978,1151494432472942,8
tf_policy_elo_random_start_continuation_g127_g140_2026-08-26,accepted/animal-cycle-random-7x7.jsonl#0143585359ae0611507cffda,animal-cycle-random-7x7,animal-cycle,random-start,7x7,tf:129,tf:132,true,p1,accepted,,1151490978,1151494432472944,10
tf_policy_elo_random_start_continuation_g127_g140_2026-08-26,accepted/animal-cycle-random-7x7.jsonl#5c12062879bc576ed155c502,animal-cycle-random-7x7,animal-cycle,random-start,7x7,tf:129,tf:135,true,p2,accepted,,99526643,99526941579929,0
tf_policy_elo_random_start_continuation_g127_g140_2026-08-26,accepted/animal-cycle-random-7x7.jsonl#a5cfee8ecc0007a77a06d678,animal-cycle-random-7x7,animal-cycle,random-start,7x7,tf:129,tf:135,true,p1,accepted,,99526643,99526941579931,2
tf_policy_elo_random_start_continuation_g127_g140_2026-08-26,accepted/animal-cycle-random-7x7.jsonl#b89d74b6dbcf3beb72e8cee7,animal-cycle-random-7x7,animal-cycle,random-start,7x7,tf:129,tf:135,true,p1,accepted,,99526643,99526941579933,4
tf_policy_elo_random_start_continuation_g127_g140_2026-08-26,accepted/animal-cycle-random-7x7.jsonl#280855fc2e84beadbeda3284,animal-cycle-random-7x7,animal-cycle,random-start,7x7,tf:129,tf:135,true,p1,accepted,,99526643,99526941579935,6
tf_policy_elo_random_start_continuation_g127_g140_2026-08-26,accepted/animal-cycle-random-7x7.jsonl#ef1499e07602440c01cc816c,animal-cycle-random-7x7,animal-cycle,random-start,7x7,tf:129,tf:135,true,p1,accepted,,99526643,99526941579937,8
tf_policy_elo_random_start_continuation_g127_g140_2026-08-26,accepted/animal-cycle-random-7x7.jsonl#8ac8ba1639542e983602c2c5,animal-cycle-random-7x7,animal-cycle,random-start,7x7,tf:129,tf:135,true,p1,accepted,,99526643,99526941579939,10
tf_policy_elo_random_start_continuation_g127_g140_2026-08-26,accepted/animal-cycle-random-7x7.jsonl#10003527cfb96fd0b090df6a,animal-cycle-random-7x7,animal-cycle,random-start,7x7,tf:130,tf:124,false,p1,accepted,,899843561,899846260530684,1
tf_policy_elo_random_start_continuation_g127_g140_2026-08-26,accepted/animal-cycle-random-7x7.jsonl#44bff01a3927b7a321c366ef,animal-cycle-random-7x7,animal-cycle,random-start,7x7,tf:130,tf:124,false,p1,accepted,,899843561,899846260530686,3
tf_policy_elo_random_start_continuation_g127_g140_2026-08-26,accepted/animal-cycle-random-7x7.jsonl#0eba8a83519c39214a43c4ef,animal-cycle-random-7x7,animal-cycle,random-start,7x7,tf:130,tf:124,false,p1,accepted,,899843561,899846260530688,5
tf_policy_elo_random_start_continuation_g127_g140_2026-08-26,accepted/animal-cycle-random-7x7.jsonl#0df8baf3b645cdd3e52ad134,animal-cycle-random-7x7,animal-cycle,random-start,7x7,tf:130,tf:124,false,p1,accepted,,899843561,899846260530690,7
tf_policy_elo_random_start_continuation_g127_g140_2026-08-26,accepted/animal-cycle-random-7x7.jsonl#683b1bd61952833139f48141,animal-cycle-random-7x7,animal-cycle,random-start,7x7,tf:130,tf:124,false,p1,accepted,,899843561,899846260530692,9
tf_policy_elo_random_start_continuation_g127_g140_2026-08-26,accepted/animal-cycle-random-7x7.jsonl#c87f358c0fd54b1a15692756,animal-cycle-random-7x7,animal-cycle,random-start,7x7,tf:130,tf:124,false,p2,accepted,,899843561,899846260530694,11
tf_policy_elo_random_start_continuation_g127_g140_2026-08-26,accepted/animal-cycle-random-7x7.jsonl#f31fd794ee2cda734b474280,animal-cycle-random-7x7,animal-cycle,random-start,7x7,tf:130,tf:127,false,p1,accepted,,1198202395,1198205989607186,1
tf_policy_elo_random_start_continuation_g127_g140_2026-08-26,accepted/animal-cycle-random-7x7.jsonl#063a8817881c361db7198c5b,animal-cycle-random-7x7,animal-cycle,random-start,7x7,tf:130,tf:127,false,p1,accepted,,1198202395,1198205989607188,3
tf_policy_elo_random_start_continuation_g127_g140_2026-08-26,accepted/animal-cycle-random-7x7.jsonl#61806cf2f8d1eed7b65fe8a7,animal-cycle-random-7x7,animal-cycle,random-start,7x7,tf:130,tf:127,false,p1,accepted,,1198202395,1198205989607190,5
tf_policy_elo_random_start_continuation_g127_g140_2026-08-26,accepted/animal-cycle-random-7x7.jsonl#8879e8798a3a9b0b5b926e6e,animal-cycle-random-7x7,animal-cycle,random-start,7x7,tf:130,tf:127,false,p1,accepted,,1198202395,1198205989607192,7
tf_policy_elo_random_start_continuation_g127_g140_2026-08-26,accepted/animal-cycle-random-7x7.jsonl#d207de49d9df582153b9efb0,animal-cycle-random-7x7,animal-cycle,random-start,7x7,tf:130,tf:127,false,p1,accepted,,1198202395,1198205989607194,9
tf_policy_elo_random_start_continuation_g127_g140_2026-08-26,accepted/animal-cycle-random-7x7.jsonl#af9815c9b2868758051ee2ad,animal-cycle-random-7x7,animal-cycle,random-start,7x7,tf:130,tf:127,false,p1,accepted,,1198202395,1198205989607196,11
tf_policy_elo_random_start_continuation_g127_g140_2026-08-26,accepted/animal-cycle-random-7x7.jsonl#a25f72c3936a8dbe25a35222,animal-cycle-random-7x7,animal-cycle,random-start,7x7,tf:130,tf:129,false,p1,accepted,,342356238,342357265068715,1
tf_policy_elo_random_start_continuation_g127_g140_2026-08-26,accepted/animal-cycle-random-7x7.jsonl#22b5c2a8b954206c9c09abb2,animal-cycle-random-7x7,animal-cycle,random-start,7x7,tf:130,tf:129,false,p1,accepted,,342356238,342357265068717,3
tf_policy_elo_random_start_continuation_g127_g140_2026-08-26,accepted/animal-cycle-random-7x7.jsonl#66c505619772fa0cbbd7ac1a,animal-cycle-random-7x7,animal-cycle,random-start,7x7,tf:130,tf:129,false,p1,accepted,,342356238,342357265068719,5
tf_policy_elo_random_start_continuation_g127_g140_2026-08-26,accepted/animal-cycle-random-7x7.jsonl#203969d0218a786c4c6ababe,animal-cycle-random-7x7,animal-cycle,random-start,7x7,tf:130,tf:129,false,p1,accepted,,342356238,342357265068721,7
tf_policy_elo_random_start_continuation_g127_g140_2026-08-26,accepted/animal-cycle-random-7x7.jsonl#764d019b3d1b51b3fb900879,animal-cycle-random-7x7,animal-cycle,random-start,7x7,tf:130,tf:129,false,p2,accepted,,342356238,342357265068723,9
tf_policy_elo_random_start_continuation_g127_g140_2026-08-26,accepted/animal-cycle-random-7x7.jsonl#89dba0a8669bf2f15946ecc7,animal-cycle-random-7x7,animal-cycle,random-start,7x7,tf:130,tf:129,false,p2,accepted,,342356238,342357265068725,11
tf_policy_elo_random_start_continuation_g127_g140_2026-08-26,accepted/animal-cycle-random-7x7.jsonl#5d65c304301c93ab602d5a50,animal-cycle-random-7x7,animal-cycle,random-start,7x7,tf:130,tf:131,true,p1,accepted,,1721712327,1721717492136981,0
tf_policy_elo_random_start_continuation_g127_g140_2026-08-26,accepted/animal-cycle-random-7x7.jsonl#7757426dd40c9a0667462804,animal-cycle-random-7x7,animal-cycle,random-start,7x7,tf:130,tf:131,true,p1,accepted,,1721712327,1721717492136983,2
tf_policy_elo_random_start_continuation_g127_g140_2026-08-26,accepted/animal-cycle-random-7x7.jsonl#3433809a97258059d256dda0,animal-cycle-random-7x7,animal-cycle,random-start,7x7,tf:130,tf:131,true,p1,accepted,,1721712327,1721717492136985,4
tf_policy_elo_random_start_continuation_g127_g140_2026-08-26,accepted/animal-cycle-random-7x7.jsonl#28b480010608e64785081b61,animal-cycle-random-7x7,animal-cycle,random-start,7x7,tf:130,tf:131,true,p1,accepted,,1721712327,1721717492136987,6
tf_policy_elo_random_start_continuation_g127_g140_2026-08-26,accepted/animal-cycle-random-7x7.jsonl#d08e20864982d766fb51a3c3,animal-cycle-random-7x7,animal-cycle,random-start,7x7,tf:130,tf:131,true,p1,accepted,,1721712327,1721717492136989,8
tf_policy_elo_random_start_continuation_g127_g140_2026-08-26,accepted/animal-cycle-random-7x7.jsonl#463f2ea529be278cdee5d2c5,animal-cycle-random-7x7,animal-cycle,random-start,7x7,tf:130,tf:131,true,p2,accepted,,1721712327,1721717492136991,10
tf_policy_elo_random_start_continuation_g127_g140_2026-08-26,accepted/animal-cycle-random-7x7.jsonl#06d730e07270dd3ada452cb9,animal-cycle-random-7x7,animal-cycle,random-start,7x7,tf:130,tf:133,true,p1,accepted,,1247515090,1247518832545270,0
tf_policy_elo_random_start_continuation_g127_g140_2026-08-26,accepted/animal-cycle-random-7x7.jsonl#d12fbad7a884ae839d6136a7,animal-cycle-random-7x7,animal-cycle,random-start,7x7,tf:130,tf:133,true,p1,accepted,,1247515090,1247518832545272,2
tf_policy_elo_random_start_continuation_g127_g140_2026-08-26,accepted/animal-cycle-random-7x7.jsonl#bb60f5098a863610df5172cf,animal-cycle-random-7x7,animal-cycle,random-start,7x7,tf:130,tf:133,true,p2,accepted,,1247515090,1247518832545274,4
tf_policy_elo_random_start_continuation_g127_g140_2026-08-26,accepted/animal-cycle-random-7x7.jsonl#916eced47f30224e9ec78c3a,animal-cycle-random-7x7,animal-cycle,random-start,7x7,tf:130,tf:133,true,p2,accepted,,1247515090,1247518832545276,6
tf_policy_elo_random_start_continuation_g127_g140_2026-08-26,accepted/animal-cycle-random-7x7.jsonl#09254365178e575cac1875bf,animal-cycle-random-7x7,animal-cycle,random-start,7x7,tf:130,tf:133,true,p1,accepted,,1247515090,1247518832545278,8
tf_policy_elo_random_start_continuation_g127_g140_2026-08-26,accepted/animal-cycle-random-7x7.jsonl#2199dd8296b324bde9ee0c1e,animal-cycle-random-7x7,animal-cycle,random-start,7x7,tf:130,tf:133,true,p1,accepted,,1247515090,1247518832545280,10
tf_policy_elo_random_start_continuation_g127_g140_2026-08-26,accepted/animal-cycle-random-7x7.jsonl#0f6c6d950931a3065ff232ec,animal-cycle-random-7x7,animal-cycle,random-start,7x7,tf:130,tf:136,true,p2,accepted,,1895964384,1895970071893152,0
tf_policy_elo_random_start_continuation_g127_g140_2026-08-26,accepted/animal-cycle-random-7x7.jsonl#683ff677605cc697a7db4f44,animal-cycle-random-7x7,animal-cycle,random-start,7x7,tf:130,tf:136,true,p1,accepted,,1895964384,1895970071893154,2
tf_policy_elo_random_start_continuation_g127_g140_2026-08-26,accepted/animal-cycle-random-7x7.jsonl#6f23e3080a09b7f4f93170a4,animal-cycle-random-7x7,animal-cycle,random-start,7x7,tf:130,tf:136,true,p1,accepted,,1895964384,1895970071893156,4
tf_policy_elo_random_start_continuation_g127_g140_2026-08-26,accepted/animal-cycle-random-7x7.jsonl#c923bafb1e7291065f4d4e7b,animal-cycle-random-7x7,animal-cycle,random-start,7x7,tf:130,tf:136,true,p1,accepted,,1895964384,1895970071893158,6
tf_policy_elo_random_start_continuation_g127_g140_2026-08-26,accepted/animal-cycle-random-7x7.jsonl#a75e8587534779a056fa5f54,animal-cycle-random-7x7,animal-cycle,random-start,7x7,tf:130,tf:136,true,p1,accepted,,1895964384,1895970071893160,8
tf_policy_elo_random_start_continuation_g127_g140_2026-08-26,accepted/animal-cycle-random-7x7.jsonl#bea43663df927556571bf068,animal-cycle-random-7x7,animal-cycle,random-start,7x7,tf:130,tf:136,true,p1,accepted,,1895964384,1895970071893162,10
tf_policy_elo_random_start_continuation_g127_g140_2026-08-26,accepted/animal-cycle-random-7x7.jsonl#0bde9c065e91ea0f4b9d9d3f,animal-cycle-random-7x7,animal-cycle,random-start,7x7,tf:131,tf:125,false,p1,accepted,,1819315350,1819320807946051,1
tf_policy_elo_random_start_continuation_g127_g140_2026-08-26,accepted/animal-cycle-random-7x7.jsonl#ff1c69a99a0dff79792b7299,animal-cycle-random-7x7,animal-cycle,random-start,7x7,tf:131,tf:125,false,p1,accepted,,1819315350,1819320807946053,3
tf_policy_elo_random_start_continuation_g127_g140_2026-08-26,accepted/animal-cycle-random-7x7.jsonl#d3483d86970e0960aff865f2,animal-cycle-random-7x7,animal-cycle,random-start,7x7,tf:131,tf:125,false,p1,accepted,,1819315350,1819320807946055,5
tf_policy_elo_random_start_continuation_g127_g140_2026-08-26,accepted/animal-cycle-random-7x7.jsonl#d2a7c4cd5b4ed56cd35a62e4,animal-cycle-random-7x7,animal-cycle,random-start,7x7,tf:131,tf:125,false,p2,accepted,,1819315350,1819320807946057,7
tf_policy_elo_random_start_continuation_g127_g140_2026-08-26,accepted/animal-cycle-random-7x7.jsonl#12972f266534d194e3479d07,animal-cycle-random-7x7,animal-cycle,random-start,7x7,tf:131,tf:125,false,p1,accepted,,1819315350,1819320807946059,9
tf_policy_elo_random_start_continuation_g127_g140_2026-08-26,accepted/animal-cycle-random-7x7.jsonl#780e2140757a57dbadefc4c8,animal-cycle-random-7x7,animal-cycle,random-start,7x7,tf:131,tf:125,false,p1,accepted,,1819315350,1819320807946061,11
tf_policy_elo_random_start_continuation_g127_g140_2026-08-26,accepted/animal-cycle-random-7x7.jsonl#fcb7958b132b4f698ef8270c,animal-cycle-random-7x7,animal-cycle,random-start,7x7,tf:131,tf:128,false,p1,accepted,,1048170164,1048173308510493,1
tf_policy_elo_random_start_continuation_g127_g140_2026-08-26,accepted/animal-cycle-random-7x7.jsonl#4d2248232dbbf13242054ca9,animal-cycle-random-7x7,animal-cycle,random-start,7x7,tf:131,tf:128,false,p1,accepted,,1048170164,1048173308510495,3
tf_policy_elo_random_start_continuation_g127_g140_2026-08-26,accepted/animal-cycle-random-7x7.jsonl#65e9643b460d877b4e708d40,animal-cycle-random-7x7,animal-cycle,random-start,7x7,tf:131,tf:128,false,p1,accepted,,1048170164,1048173308510497,5
tf_policy_elo_random_start_continuation_g127_g140_2026-08-26,accepted/animal-cycle-random-7x7.jsonl#8a274da453b6a54e60fcc6e7,animal-cycle-random-7x7,animal-cycle,random-start,7x7,tf:131,tf:128,false,p2,accepted,,1048170164,1048173308510499,7
tf_policy_elo_random_start_continuation_g127_g140_2026-08-26,accepted/animal-cycle-random-7x7.jsonl#2896072c0b2cdb3a1cb1c3ba,animal-cycle-random-7x7,animal-cycle,random-start,7x7,tf:131,tf:128,false,p1,accepted,,1048170164,1048173308510501,9
tf_policy_elo_random_start_continuation_g127_g140_2026-08-26,accepted/animal-cycle-random-7x7.jsonl#24d5461f0762a7e897280da2,animal-cycle-random-7x7,animal-cycle,random-start,7x7,tf:131,tf:128,false,p1,accepted,,1048170164,1048173308510503,11
tf_policy_elo_random_start_continuation_g127_g140_2026-08-26,accepted/animal-cycle-random-7x7.jsonl#96a45fec401f5e5539209ec1,animal-cycle-random-7x7,animal-cycle,random-start,7x7,tf:131,tf:130,false,p1,accepted,,1721712327,1721717492136982,1
tf_policy_elo_random_start_continuation_g127_g140_2026-08-26,accepted/animal-cycle-random-7x7.jsonl#89714e98ee8698058239a858,animal-cycle-random-7x7,animal-cycle,random-start,7x7,tf:131,tf:130,false,p1,accepted,,1721712327,1721717492136984,3
tf_policy_elo_random_start_continuation_g127_g140_2026-08-26,accepted/animal-cycle-random-7x7.jsonl#a22fba824f7fb31cdf0e5b67,animal-cycle-random-7x7,animal-cycle,random-start,7x7,tf:131,tf:130,false,p2,accepted,,1721712327,1721717492136986,5
tf_policy_elo_random_start_continuation_g127_g140_2026-08-26,accepted/animal-cycle-random-7x7.jsonl#fe4a899fa957b427489d0029,animal-cycle-random-7x7,animal-cycle,random-start,7x7,tf:131,tf:130,false,p2,accepted,,1721712327,1721717492136988,7
tf_policy_elo_random_start_continuation_g127_g140_2026-08-26,accepted/animal-cycle-random-7x7.jsonl#6c11d14aeaabfe08063f2b96,animal-cycle-random-7x7,animal-cycle,random-start,7x7,tf:131,tf:130,false,p1,accepted,,1721712327,1721717492136990,9
tf_policy_elo_random_start_continuation_g127_g140_2026-08-26,accepted/animal-cycle-random-7x7.jsonl#7ea71f6b6c585a147a6eead2,animal-cycle-random-7x7,animal-cycle,random-start,7x7,tf:131,tf:130,false,p1,accepted,,1721712327,1721717492136992,11
tf_policy_elo_random_start_continuation_g127_g140_2026-08-26,accepted/animal-cycle-random-7x7.jsonl#568039a6087d92223c5057a9,animal-cycle-random-7x7,animal-cycle,random-start,7x7,tf:131,tf:132,true,p1,accepted,,943930777,943933608792331,0
tf_policy_elo_random_start_continuation_g127_g140_2026-08-26,accepted/animal-cycle-random-7x7.jsonl#ca242e21417e96fc2627d5e1,animal-cycle-random-7x7,animal-cycle,random-start,7x7,tf:131,tf:132,true,p1,accepted,,943930777,943933608792333,2
tf_policy_elo_random_start_continuation_g127_g140_2026-08-26,accepted/animal-cycle-random-7x7.jsonl#ee4c3db417f01ab8cf22e6b1,animal-cycle-random-7x7,animal-cycle,random-start,7x7,tf:131,tf:132,true,p1,accepted,,943930777,943933608792335,4
tf_policy_elo_random_start_continuation_g127_g140_2026-08-26,accepted/animal-cycle-random-7x7.jsonl#3e9eb004b8d16d41384e2313,animal-cycle-random-7x7,animal-cycle,random-start,7x7,tf:131,tf:132,true,p1,accepted,,943930777,943933608792337,6
tf_policy_elo_random_start_continuation_g127_g140_2026-08-26,accepted/animal-cycle-random-7x7.jsonl#53879055cbce9e20b0cab418,animal-cycle-random-7x7,animal-cycle,random-start,7x7,tf:131,tf:132,true,p2,accepted,,943930777,943933608792339,8
tf_policy_elo_random_start_continuation_g127_g140_2026-08-26,accepted/animal-cycle-random-7x7.jsonl#cd3ed851cccf447176140b1f,animal-cycle-random-7x7,animal-cycle,random-start,7x7,tf:131,tf:132,true,p1,accepted,,943930777,943933608792341,10
tf_policy_elo_random_start_continuation_g127_g140_2026-08-26,accepted/animal-cycle-random-7x7.jsonl#923cb8dbb4a43154a2a20bb1,animal-cycle-random-7x7,animal-cycle,random-start,7x7,tf:131,tf:134,true,p1,accepted,,392913073,392914251739219,0
tf_policy_elo_random_start_continuation_g127_g140_2026-08-26,accepted/animal-cycle-random-7x7.jsonl#4cb48915f54871e086227e84,animal-cycle-random-7x7,animal-cycle,random-start,7x7,tf:131,tf:134,true,p1,accepted,,392913073,392914251739221,2
tf_policy_elo_random_start_continuation_g127_g140_2026-08-26,accepted/animal-cycle-random-7x7.jsonl#8fd6ff9ba427d34d624ebf35,animal-cycle-random-7x7,animal-cycle,random-start,7x7,tf:131,tf:134,true,p1,accepted,,392913073,392914251739223,4
tf_policy_elo_random_start_continuation_g127_g140_2026-08-26,accepted/animal-cycle-random-7x7.jsonl#fa43c9bdf3266ed6ca8cdadd,animal-cycle-random-7x7,animal-cycle,random-start,7x7,tf:131,tf:134,true,p1,accepted,,392913073,392914251739225,6
tf_policy_elo_random_start_continuation_g127_g140_2026-08-26,accepted/animal-cycle-random-7x7.jsonl#c3053a2af1ed5a79420a4276,animal-cycle-random-7x7,animal-cycle,random-start,7x7,tf:131,tf:134,true,p1,accepted,,392913073,392914251739227,8
tf_policy_elo_random_start_continuation_g127_g140_2026-08-26,accepted/animal-cycle-random-7x7.jsonl#c160e7d398a839e9e3a0df58,animal-cycle-random-7x7,animal-cycle,random-start,7x7,tf:131,tf:134,true,p1,accepted,,392913073,392914251739229,10
tf_policy_elo_random_start_continuation_g127_g140_2026-08-26,accepted/animal-cycle-random-7x7.jsonl#b20dd8f1b4cdce24b33a11bc,animal-cycle-random-7x7,animal-cycle,random-start,7x7,tf:131,tf:137,true,p1,accepted,,904090227,904092939270681,0
tf_policy_elo_random_start_continuation_g127_g140_2026-08-26,accepted/animal-cycle-random-7x7.jsonl#e353e72d6a72d0d1e8267d0e,animal-cycle-random-7x7,animal-cycle,random-start,7x7,tf:131,tf:137,true,p1,accepted,,904090227,904092939270683,2
tf_policy_elo_random_start_continuation_g127_g140_2026-08-26,accepted/animal-cycle-random-7x7.jsonl#204990ab1367693b266c263e,animal-cycle-random-7x7,animal-cycle,random-start,7x7,tf:131,tf:137,true,p2,accepted,,904090227,904092939270685,4
tf_policy_elo_random_start_continuation_g127_g140_2026-08-26,accepted/animal-cycle-random-7x7.jsonl#740c17bec234b841e17ce6eb,animal-cycle-random-7x7,animal-cycle,random-start,7x7,tf:131,tf:137,true,p2,accepted,,904090227,904092939270687,6
tf_policy_elo_random_start_continuation_g127_g140_2026-08-26,accepted/animal-cycle-random-7x7.jsonl#3f866ec2dfcff33ea94dc7ac,animal-cycle-random-7x7,animal-cycle,random-start,7x7,tf:131,tf:137,true,p2,accepted,,904090227,904092939270689,8
tf_policy_elo_random_start_continuation_g127_g140_2026-08-26,accepted/animal-cycle-random-7x7.jsonl#e3608db9ee99af4b30ccd90b,animal-cycle-random-7x7,animal-cycle,random-start,7x7,tf:131,tf:137,true,p1,accepted,,904090227,904092939270691,10
tf_policy_elo_random_start_continuation_g127_g140_2026-08-26,accepted/animal-cycle-random-7x7.jsonl#c4af6522732a6bbbe0028f97,animal-cycle-random-7x7,animal-cycle,random-start,7x7,tf:132,tf:126,false,p1,accepted,,1023983810,1023986881951431,1
tf_policy_elo_random_start_continuation_g127_g140_2026-08-26,accepted/animal-cycle-random-7x7.jsonl#ccd49142d040e4056e6a5c69,animal-cycle-random-7x7,animal-cycle,random-start,7x7,tf:132,tf:126,false,p1,accepted,,1023983810,1023986881951433,3
tf_policy_elo_random_start_continuation_g127_g140_2026-08-26,accepted/animal-cycle-random-7x7.jsonl#52db52d896ca14b977d5068b,animal-cycle-random-7x7,animal-cycle,random-start,7x7,tf:132,tf:126,false,p1,accepted,,1023983810,1023986881951435,5
tf_policy_elo_random_start_continuation_g127_g140_2026-08-26,accepted/animal-cycle-random-7x7.jsonl#91ff652be48a778b9c07f93a,animal-cycle-random-7x7,animal-cycle,random-start,7x7,tf:132,tf:126,false,p1,accepted,,1023983810,1023986881951437,7
tf_policy_elo_random_start_continuation_g127_g140_2026-08-26,accepted/animal-cycle-random-7x7.jsonl#109a3b64e3a0f118a808a70f,animal-cycle-random-7x7,animal-cycle,random-start,7x7,tf:132,tf:126,false,p2,accepted,,1023983810,1023986881951439,9
tf_policy_elo_random_start_continuation_g127_g140_2026-08-26,accepted/animal-cycle-random-7x7.jsonl#e7a71c332695b3106ed9a6da,animal-cycle-random-7x7,animal-cycle,random-start,7x7,tf:132,tf:126,false,p1,accepted,,1023983810,1023986881951441,11
tf_policy_elo_random_start_continuation_g127_g140_2026-08-26,accepted/animal-cycle-random-7x7.jsonl#f061f7f6a1f5d301b7094522,animal-cycle-random-7x7,animal-cycle,random-start,7x7,tf:132,tf:129,false,p1,accepted,,1151490978,1151494432472935,1
tf_policy_elo_random_start_continuation_g127_g140_2026-08-26,accepted/animal-cycle-random-7x7.jsonl#fcdc88bd33f6ad99cec92304,animal-cycle-random-7x7,animal-cycle,random-start,7x7,tf:132,tf:129,false,p1,accepted,,1151490978,1151494432472937,3
tf_policy_elo_random_start_continuation_g127_g140_2026-08-26,accepted/animal-cycle-random-7x7.jsonl#9e24b2309204830935494999,animal-cycle-random-7x7,animal-cycle,random-start,7x7,tf:132,tf:129,false,p1,accepted,,1151490978,1151494432472939,5
tf_policy_elo_random_start_continuation_g127_g140_2026-08-26,accepted/animal-cycle-random-7x7.jsonl#6de2eb0286e68e44d3b0cefd,animal-cycle-random-7x7,animal-cycle,random-start,7x7,tf:132,tf:129,false,p1,accepted,,1151490978,1151494432472941,7
tf_policy_elo_random_start_continuation_g127_g140_2026-08-26,accepted/animal-cycle-random-7x7.jsonl#fd1d6824e26c4a3630baa956,animal-cycle-random-7x7,animal-cycle,random-start,7x7,tf:132,tf:129,false,p1,accepted,,1151490978,1151494432472943,9
tf_policy_elo_random_start_continuation_g127_g140_2026-08-26,accepted/animal-cycle-random-7x7.jsonl#6ad614392a1e6d01faa9f9c9,animal-cycle-random-7x7,animal-cycle,random-start,7x7,tf:132,tf:129,false,p1,accepted,,1151490978,1151494432472945,11
tf_policy_elo_random_start_continuation_g127_g140_2026-08-26,accepted/animal-cycle-random-7x7.jsonl#d97fe7680a245a03bc9f3229,animal-cycle-random-7x7,animal-cycle,random-start,7x7,tf:132,tf:131,false,p2,accepted,,943930777,943933608792332,1
tf_policy_elo_random_start_continuation_g127_g140_2026-08-26,accepted/animal-cycle-random-7x7.jsonl#af5b5a2eb711cf517386d780,animal-cycle-random-7x7,animal-cycle,random-start,7x7,tf:132,tf:131,false,p1,accepted,,943930777,943933608792334,3
tf_policy_elo_random_start_continuation_g127_g140_2026-08-26,accepted/animal-cycle-random-7x7.jsonl#92a87f75dcaa3b95937cd4d4,animal-cycle-random-7x7,animal-cycle,random-start,7x7,tf:132,tf:131,false,p1,accepted,,943930777,943933608792336,5
tf_policy_elo_random_start_continuation_g127_g140_2026-08-26,accepted/animal-cycle-random-7x7.jsonl#6cb40308734193132d3dedad,animal-cycle-random-7x7,animal-cycle,random-start,7x7,tf:132,tf:131,false,p1,accepted,,943930777,943933608792338,7
tf_policy_elo_random_start_continuation_g127_g140_2026-08-26,accepted/animal-cycle-random-7x7.jsonl#1c9ed679f17de4a6b6792480,animal-cycle-random-7x7,animal-cycle,random-start,7x7,tf:132,tf:131,false,p1,accepted,,943930777,943933608792340,9
tf_policy_elo_random_start_continuation_g127_g140_2026-08-26,accepted/animal-cycle-random-7x7.jsonl#49883ba907f299360ac36ec1,animal-cycle-random-7x7,animal-cycle,random-start,7x7,tf:132,tf:131,false,p1,accepted,,943930777,943933608792342,11
tf_policy_elo_random_start_continuation_g127_g140_2026-08-26,accepted/animal-cycle-random-7x7.jsonl#544a40f541e736014581c732,animal-cycle-random-7x7,animal-cycle,random-start,7x7,tf:132,tf:133,true,p1,accepted,,164062227,164062719186681,0
tf_policy_elo_random_start_continuation_g127_g140_2026-08-26,accepted/animal-cycle-random-7x7.jsonl#e85ccc5a5fc7535f2ab46d9f,animal-cycle-random-7x7,animal-cycle,random-start,7x7,tf:132,tf:133,true,p1,accepted,,164062227,164062719186683,2
tf_policy_elo_random_start_continuation_g127_g140_2026-08-26,accepted/animal-cycle-random-7x7.jsonl#c42790464ab12646dbb44d6b,animal-cycle-random-7x7,animal-cycle,random-start,7x7,tf:132,tf:133,true,p2,accepted,,164062227,164062719186685,4
tf_policy_elo_random_start_continuation_g127_g140_2026-08-26,accepted/animal-cycle-random-7x7.jsonl#2e278d9d91f20209889635dc,animal-cycle-random-7x7,animal-cycle,random-start,7x7,tf:132,tf:133,true,p1,accepted,,164062227,164062719186687,6
tf_policy_elo_random_start_continuation_g127_g140_2026-08-26,accepted/animal-cycle-random-7x7.jsonl#7123706e5633b0a7cbfdfdb1,animal-cycle-random-7x7,animal-cycle,random-start,7x7,tf:132,tf:133,true,p1,accepted,,164062227,164062719186689,8
tf_policy_elo_random_start_continuation_g127_g140_2026-08-26,accepted/animal-cycle-random-7x7.jsonl#010493e522c87a65c6bf7354,animal-cycle-random-7x7,animal-cycle,random-start,7x7,tf:132,tf:133,true,p1,accepted,,164062227,164062719186691,10
tf_policy_elo_random_start_continuation_g127_g140_2026-08-26,accepted/animal-cycle-random-7x7.jsonl#724ee982ace2b1c1b29a2a8e,animal-cycle-random-7x7,animal-cycle,random-start,7x7,tf:132,tf:135,true,p2,accepted,,1546026807,1546031445080421,0
tf_policy_elo_random_start_continuation_g127_g140_2026-08-26,accepted/animal-cycle-random-7x7.jsonl#08788dd34ec9c2bd95bf21b8,animal-cycle-random-7x7,animal-cycle,random-start,7x7,tf:132,tf:135,true,p1,accepted,,1546026807,1546031445080423,2
tf_policy_elo_random_start_continuation_g127_g140_2026-08-26,accepted/animal-cycle-random-7x7.jsonl#c31492d0a2f8660876ce3bf1,animal-cycle-random-7x7,animal-cycle,random-start,7x7,tf:132,tf:135,true,p1,accepted,,1546026807,1546031445080425,4
tf_policy_elo_random_start_continuation_g127_g140_2026-08-26,accepted/animal-cycle-random-7x7.jsonl#3e2908e1851b113726fae6bc,animal-cycle-random-7x7,animal-cycle,random-start,7x7,tf:132,tf:135,true,p1,accepted,,1546026807,1546031445080427,6
tf_policy_elo_random_start_continuation_g127_g140_2026-08-26,accepted/animal-cycle-random-7x7.jsonl#063e41535ff8251f4535eb8d,animal-cycle-random-7x7,animal-cycle,random-start,7x7,tf:132,tf:135,true,p1,accepted,,1546026807,1546031445080429,8
tf_policy_elo_random_start_continuation_g127_g140_2026-08-26,accepted/animal-cycle-random-7x7.jsonl#f116c4f70211051567358358,animal-cycle-random-7x7,animal-cycle,random-start,7x7,tf:132,tf:135,true,p1,accepted,,1546026807,1546031445080431,10
tf_policy_elo_random_start_continuation_g127_g140_2026-08-26,accepted/animal-cycle-random-7x7.jsonl#a5e20e5f2bb94efb08d1a984,animal-cycle-random-7x7,animal-cycle,random-start,7x7,tf:132,tf:138,true,p1,accepted,,819177659,819180116532977,0
tf_policy_elo_random_start_continuation_g127_g140_2026-08-26,accepted/animal-cycle-random-7x7.jsonl#b8a2be8d7b9bf5f6258fb022,animal-cycle-random-7x7,animal-cycle,random-start,7x7,tf:132,tf:138,true,p1,accepted,,819177659,819180116532979,2
tf_policy_elo_random_start_continuation_g127_g140_2026-08-26,accepted/animal-cycle-random-7x7.jsonl#6e0cb49f870ee358f2a8eadf,animal-cycle-random-7x7,animal-cycle,random-start,7x7,tf:132,tf:138,true,p1,accepted,,819177659,819180116532981,4
tf_policy_elo_random_start_continuation_g127_g140_2026-08-26,accepted/animal-cycle-random-7x7.jsonl#ec801f6090f03f3da613b08c,animal-cycle-random-7x7,animal-cycle,random-start,7x7,tf:132,tf:138,true,p2,accepted,,819177659,819180116532983,6
tf_policy_elo_random_start_continuation_g127_g140_2026-08-26,accepted/animal-cycle-random-7x7.jsonl#14f891712382a4da4e6b9e38,animal-cycle-random-7x7,animal-cycle,random-start,7x7,tf:132,tf:138,true,p1,accepted,,819177659,819180116532985,8
tf_policy_elo_random_start_continuation_g127_g140_2026-08-26,accepted/animal-cycle-random-7x7.jsonl#75cb8fb6ee0521aa5b702b25,animal-cycle-random-7x7,animal-cycle,random-start,7x7,tf:132,tf:138,true,p2,accepted,,819177659,819180116532987,10
tf_policy_elo_random_start_continuation_g127_g140_2026-08-26,accepted/animal-cycle-random-7x7.jsonl#8705e66de86a96e0af2de56e,animal-cycle-random-7x7,animal-cycle,random-start,7x7,tf:133,tf:127,false,p1,accepted,,243464918,243465648394755,1
tf_policy_elo_random_start_continuation_g127_g140_2026-08-26,accepted/animal-cycle-random-7x7.jsonl#5076a8c9182da392e5651d75,animal-cycle-random-7x7,animal-cycle,random-start,7x7,tf:133,tf:127,false,p1,accepted,,243464918,243465648394757,3
tf_policy_elo_random_start_continuation_g127_g140_2026-08-26,accepted/animal-cycle-random-7x7.jsonl#05a4e018ca5ddbb7fa5c4bc9,animal-cycle-random-7x7,animal-cycle,random-start,7x7,tf:133,tf:127,false,p1,accepted,,243464918,243465648394759,5
tf_policy_elo_random_start_continuation_g127_g140_2026-08-26,accepted/animal-cycle-random-7x7.jsonl#f702b60c21fddce712637ee9,animal-cycle-random-7x7,animal-cycle,random-start,7x7,tf:133,tf:127,false,p1,accepted,,243464918,243465648394761,7
tf_policy_elo_random_start_continuation_g127_g140_2026-08-26,accepted/animal-cycle-random-7x7.jsonl#a81b7929de2a571bf457841a,animal-cycle-random-7x7,animal-cycle,random-start,7x7,tf:133,tf:127,false,p1,accepted,,243464918,243465648394763,9
tf_policy_elo_random_start_continuation_g127_g140_2026-08-26,accepted/animal-cycle-random-7x7.jsonl#2ed21aa4d0b351e626f3ab30,animal-cycle-random-7x7,animal-cycle,random-start,7x7,tf:133,tf:127,false,p1,accepted,,243464918,243465648394765,11
tf_policy_elo_random_start_continuation_g127_g140_2026-08-26,accepted/animal-cycle-random-7x7.jsonl#b747d6e6a03ab6497ea95ab3,animal-cycle-random-7x7,animal-cycle,random-start,7x7,tf:133,tf:130,false,p2,accepted,,1247515090,1247518832545271,1
tf_policy_elo_random_start_continuation_g127_g140_2026-08-26,accepted/animal-cycle-random-7x7.jsonl#8743ea8b1e211d1f0a9eba6c,animal-cycle-random-7x7,animal-cycle,random-start,7x7,tf:133,tf:130,false,p1,accepted,,1247515090,1247518832545273,3
tf_policy_elo_random_start_continuation_g127_g140_2026-08-26,accepted/animal-cycle-random-7x7.jsonl#a79dd372c9fd1c2e7159fc82,animal-cycle-random-7x7,animal-cycle,random-start,7x7,tf:133,tf:130,false,p2,accepted,,1247515090,1247518832545275,5
tf_policy_elo_random_start_continuation_g127_g140_2026-08-26,accepted/animal-cycle-random-7x7.jsonl#90a47e928a63de398fddff8b,animal-cycle-random-7x7,animal-cycle,random-start,7x7,tf:133,tf:130,false,p1,accepted,,1247515090,1247518832545277,7
tf_policy_elo_random_start_continuation_g127_g140_2026-08-26,accepted/animal-cycle-random-7x7.jsonl#76bcc97a1873c6f936352d61,animal-cycle-random-7x7,animal-cycle,random-start,7x7,tf:133,tf:130,false,p2,accepted,,1247515090,1247518832545279,9
tf_policy_elo_random_start_continuation_g127_g140_2026-08-26,accepted/animal-cycle-random-7x7.jsonl#1cc7a1343964b97aee8dabcf,animal-cycle-random-7x7,animal-cycle,random-start,7x7,tf:133,tf:130,false,p1,accepted,,1247515090,1247518832545281,11
tf_policy_elo_random_start_continuation_g127_g140_2026-08-26,accepted/animal-cycle-random-7x7.jsonl#8b02a3850ad2a9490849cfa6,animal-cycle-random-7x7,animal-cycle,random-start,7x7,tf:133,tf:132,false,p1,accepted,,164062227,164062719186682,1
tf_policy_elo_random_start_continuation_g127_g140_2026-08-26,accepted/animal-cycle-random-7x7.jsonl#32fb26dbedd2b827776cc182,animal-cycle-random-7x7,animal-cycle,random-start,7x7,tf:133,tf:132,false,p1,accepted,,164062227,164062719186684,3
tf_policy_elo_random_start_continuation_g127_g140_2026-08-26,accepted/animal-cycle-random-7x7.jsonl#05f79111d9f43851a55fe2a6,animal-cycle-random-7x7,animal-cycle,random-start,7x7,tf:133,tf:132,false,p2,accepted,,164062227,164062719186686,5
tf_policy_elo_random_start_continuation_g127_g140_2026-08-26,accepted/animal-cycle-random-7x7.jsonl#31b2f7890878515398a8df04,animal-cycle-random-7x7,animal-cycle,random-start,7x7,tf:133,tf:132,false,p1,accepted,,164062227,164062719186688,7
tf_policy_elo_random_start_continuation_g127_g140_2026-08-26,accepted/animal-cycle-random-7x7.jsonl#125c46eaa80a93d251bb0fea,animal-cycle-random-7x7,animal-cycle,random-start,7x7,tf:133,tf:132,false,p1,accepted,,164062227,164062719186690,9
tf_policy_elo_random_start_continuation_g127_g140_2026-08-26,accepted/animal-cycle-random-7x7.jsonl#06e9856924860a2f4d9a89f9,animal-cycle-random-7x7,animal-cycle,random-start,7x7,tf:133,tf:132,false,p1,accepted,,164062227,164062719186692,11
tf_policy_elo_random_start_continuation_g127_g140_2026-08-26,accepted/animal-cycle-random-7x7.jsonl#efe14d234ca26e0ca003ff88,animal-cycle-random-7x7,animal-cycle,random-start,7x7,tf:133,tf:134,true,p1,accepted,,744924459,744926693773377,0
tf_policy_elo_random_start_continuation_g127_g140_2026-08-26,accepted/animal-cycle-random-7x7.jsonl#d540f54a8f14db971db8d181,animal-cycle-random-7x7,animal-cycle,random-start,7x7,tf:133,tf:134,true,p2,accepted,,744924459,744926693773379,2
tf_policy_elo_random_start_continuation_g127_g140_2026-08-26,accepted/animal-cycle-random-7x7.jsonl#56871c5d9ba8c1c7ef0b59aa,animal-cycle-random-7x7,animal-cycle,random-start,7x7,tf:133,tf:134,true,p1,accepted,,744924459,744926693773381,4
tf_policy_elo_random_start_continuation_g127_g140_2026-08-26,accepted/animal-cycle-random-7x7.jsonl#7224853852b2e690e323dd0a,animal-cycle-random-7x7,animal-cycle,random-start,7x7,tf:133,tf:134,true,p1,accepted,,744924459,744926693773383,6
tf_policy_elo_random_start_continuation_g127_g140_2026-08-26,accepted/animal-cycle-random-7x7.jsonl#38374f736ec7fbe07882ff42,animal-cycle-random-7x7,animal-cycle,random-start,7x7,tf:133,tf:134,true,p1,accepted,,744924459,744926693773385,8
tf_policy_elo_random_start_continuation_g127_g140_2026-08-26,accepted/animal-cycle-random-7x7.jsonl#493d0f626a8979dde833dd6b,animal-cycle-random-7x7,animal-cycle,random-start,7x7,tf:133,tf:134,true,p1,accepted,,744924459,744926693773387,10
tf_policy_elo_random_start_continuation_g127_g140_2026-08-26,accepted/animal-cycle-random-7x7.jsonl#bac6b0653d364d74cf2cf698,animal-cycle-random-7x7,animal-cycle,random-start,7x7,tf:133,tf:136,true,p2,accepted,,1385392034,1385396190176102,0
tf_policy_elo_random_start_continuation_g127_g140_2026-08-26,accepted/animal-cycle-random-7x7.jsonl#6b52a9d9118d9fbc7161d7a1,animal-cycle-random-7x7,animal-cycle,random-start,7x7,tf:133,tf:136,true,p2,accepted,,1385392034,1385396190176104,2
tf_policy_elo_random_start_continuation_g127_g140_2026-08-26,accepted/animal-cycle-random-7x7.jsonl#6ca17a41761b1fee0b45b976,animal-cycle-random-7x7,animal-cycle,random-start,7x7,tf:133,tf:136,true,p2,accepted,,1385392034,1385396190176106,4
tf_policy_elo_random_start_continuation_g127_g140_2026-08-26,accepted/animal-cycle-random-7x7.jsonl#6b86eaa751f3e23ead9b0cf2,animal-cycle-random-7x7,animal-cycle,random-start,7x7,tf:133,tf:136,true,p1,accepted,,1385392034,1385396190176108,6
tf_policy_elo_random_start_continuation_g127_g140_2026-08-26,accepted/animal-cycle-random-7x7.jsonl#4221918964ffd09ec6bae3ae,animal-cycle-random-7x7,animal-cycle,random-start,7x7,tf:133,tf:136,true,p2,accepted,,1385392034,1385396190176110,8
tf_policy_elo_random_start_continuation_g127_g140_2026-08-26,accepted/animal-cycle-random-7x7.jsonl#f47148116e26f42ed46d979e,animal-cycle-random-7x7,animal-cycle,random-start,7x7,tf:133,tf:136,true,p1,accepted,,1385392034,1385396190176112,10
tf_policy_elo_random_start_continuation_g127_g140_2026-08-26,accepted/animal-cycle-random-7x7.jsonl#6413bff33f874eb4db5f207f,animal-cycle-random-7x7,animal-cycle,random-start,7x7,tf:133,tf:139,true,p1,accepted,,230177109,230177799531327,0
tf_policy_elo_random_start_continuation_g127_g140_2026-08-26,accepted/animal-cycle-random-7x7.jsonl#2516e36f85ce5dc08cf2b4e5,animal-cycle-random-7x7,animal-cycle,random-start,7x7,tf:133,tf:139,true,p1,accepted,,230177109,230177799531329,2
tf_policy_elo_random_start_continuation_g127_g140_2026-08-26,accepted/animal-cycle-random-7x7.jsonl#f2b39509606b72c539c64ed4,animal-cycle-random-7x7,animal-cycle,random-start,7x7,tf:133,tf:139,true,p2,accepted,,230177109,230177799531331,4
tf_policy_elo_random_start_continuation_g127_g140_2026-08-26,accepted/animal-cycle-random-7x7.jsonl#783e8613a347a6987c0ba9a3,animal-cycle-random-7x7,animal-cycle,random-start,7x7,tf:133,tf:139,true,p1,accepted,,230177109,230177799531333,6
tf_policy_elo_random_start_continuation_g127_g140_2026-08-26,accepted/animal-cycle-random-7x7.jsonl#6645db73839f601cdb4b875b,animal-cycle-random-7x7,animal-cycle,random-start,7x7,tf:133,tf:139,true,p2,accepted,,230177109,230177799531335,8
tf_policy_elo_random_start_continuation_g127_g140_2026-08-26,accepted/animal-cycle-random-7x7.jsonl#95c0a3d76e9ea436a1065fab,animal-cycle-random-7x7,animal-cycle,random-start,7x7,tf:133,tf:139,true,p1,accepted,,230177109,230177799531337,10
tf_policy_elo_random_start_continuation_g127_g140_2026-08-26,accepted/animal-cycle-random-7x7.jsonl#4a4987e5397d3e4bb21734af,animal-cycle-random-7x7,animal-cycle,random-start,7x7,tf:134,tf:128,false,p2,accepted,,480707085,480708527121256,1
tf_policy_elo_random_start_continuation_g127_g140_2026-08-26,accepted/animal-cycle-random-7x7.jsonl#b39a2a7f52c80ae59604f7df,animal-cycle-random-7x7,animal-cycle,random-start,7x7,tf:134,tf:128,false,p1,accepted,,480707085,480708527121258,3
tf_policy_elo_random_start_continuation_g127_g140_2026-08-26,accepted/animal-cycle-random-7x7.jsonl#73c739972e3a102f3671d2f5,animal-cycle-random-7x7,animal-cycle,random-start,7x7,tf:134,tf:128,false,p2,accepted,,480707085,480708527121260,5
tf_policy_elo_random_start_continuation_g127_g140_2026-08-26,accepted/animal-cycle-random-7x7.jsonl#1afd0ed73d8e0a3401f7ee7d,animal-cycle-random-7x7,animal-cycle,random-start,7x7,tf:134,tf:128,false,p2,accepted,,480707085,480708527121262,7
tf_policy_elo_random_start_continuation_g127_g140_2026-08-26,accepted/animal-cycle-random-7x7.jsonl#fd39e038da5ada48908086c2,animal-cycle-random-7x7,animal-cycle,random-start,7x7,tf:134,tf:128,false,p2,accepted,,480707085,480708527121264,9
tf_policy_elo_random_start_continuation_g127_g140_2026-08-26,accepted/animal-cycle-random-7x7.jsonl#4c9305122f7bfba7c9d9a626,animal-cycle-random-7x7,animal-cycle,random-start,7x7,tf:134,tf:128,false,p2,accepted,,480707085,480708527121266,11
tf_policy_elo_random_start_continuation_g127_g140_2026-08-26,accepted/animal-cycle-random-7x7.jsonl#9caceba9331f42beeba9a6fc,animal-cycle-random-7x7,animal-cycle,random-start,7x7,tf:134,tf:131,false,p1,accepted,,392913073,392914251739220,1
tf_policy_elo_random_start_continuation_g127_g140_2026-08-26,accepted/animal-cycle-random-7x7.jsonl#dd0f19934d8dd1c12fa35254,animal-cycle-random-7x7,animal-cycle,random-start,7x7,tf:134,tf:131,false,p1,accepted,,392913073,392914251739222,3
tf_policy_elo_random_start_continuation_g127_g140_2026-08-26,accepted/animal-cycle-random-7x7.jsonl#65906a10ddec4df488ba7c9d,animal-cycle-random-7x7,animal-cycle,random-start,7x7,tf:134,tf:131,false,p1,accepted,,392913073,392914251739224,5
tf_policy_elo_random_start_continuation_g127_g140_2026-08-26,accepted/animal-cycle-random-7x7.jsonl#fea209e7d8017c6b121e4a3d,animal-cycle-random-7x7,animal-cycle,random-start,7x7,tf:134,tf:131,false,p1,accepted,,392913073,392914251739226,7
tf_policy_elo_random_start_continuation_g127_g140_2026-08-26,accepted/animal-cycle-random-7x7.jsonl#e613a04f2f2322ddc5832a13,animal-cycle-random-7x7,animal-cycle,random-start,7x7,tf:134,tf:131,false,p1,accepted,,392913073,392914251739228,9
tf_policy_elo_random_start_continuation_g127_g140_2026-08-26,accepted/animal-cycle-random-7x7.jsonl#f08ecd1266a03fd073e402ff,animal-cycle-random-7x7,animal-cycle,random-start,7x7,tf:134,tf:131,false,p2,accepted,,392913073,392914251739230,11
tf_policy_elo_random_start_continuation_g127_g140_2026-08-26,accepted/animal-cycle-random-7x7.jsonl#3613897538009a557a5c5007,animal-cycle-random-7x7,animal-cycle,random-start,7x7,tf:134,tf:133,false,p1,accepted,,744924459,744926693773378,1
tf_policy_elo_random_start_continuation_g127_g140_2026-08-26,accepted/animal-cycle-random-7x7.jsonl#fada0acb8289cc5223ad148f,animal-cycle-random-7x7,animal-cycle,random-start,7x7,tf:134,tf:133,false,p1,accepted,,744924459,744926693773380,3
tf_policy_elo_random_start_continuation_g127_g140_2026-08-26,accepted/animal-cycle-random-7x7.jsonl#b76f7b418f9ff2076ab7d4aa,animal-cycle-random-7x7,animal-cycle,random-start,7x7,tf:134,tf:133,false,p1,accepted,,744924459,744926693773382,5
tf_policy_elo_random_start_continuation_g127_g140_2026-08-26,accepted/animal-cycle-random-7x7.jsonl#0c74e1764b5aa35d735b9920,animal-cycle-random-7x7,animal-cycle,random-start,7x7,tf:134,tf:133,false,p2,accepted,,744924459,744926693773384,7
tf_policy_elo_random_start_continuation_g127_g140_2026-08-26,accepted/animal-cycle-random-7x7.jsonl#ac6fc27c5e70f8ac12de902f,animal-cycle-random-7x7,animal-cycle,random-start,7x7,tf:134,tf:133,false,p1,accepted,,744924459,744926693773386,9
tf_policy_elo_random_start_continuation_g127_g140_2026-08-26,accepted/animal-cycle-random-7x7.jsonl#f43b8873e0e15c7151e2e695,animal-cycle-random-7x7,animal-cycle,random-start,7x7,tf:134,tf:133,false,p1,accepted,,744924459,744926693773388,11
tf_policy_elo_random_start_continuation_g127_g140_2026-08-26,accepted/animal-cycle-random-7x7.jsonl#d472678adfd7dcc404ac9308,animal-cycle-random-7x7,animal-cycle,random-start,7x7,tf:134,tf:135,true,p1,accepted,,1158168655,1158172129505965,0
tf_policy_elo_random_start_continuation_g127_g140_2026-08-26,accepted/animal-cycle-random-7x7.jsonl#d7f7aa3f58b331eb3d6b6f64,animal-cycle-random-7x7,animal-cycle,random-start,7x7,tf:134,tf:135,true,p1,accepted,,1158168655,1158172129505967,2
tf_policy_elo_random_start_continuation_g127_g140_2026-08-26,accepted/animal-cycle-random-7x7.jsonl#50a7c68b3d470ae57fd56915,animal-cycle-random-7x7,animal-cycle,random-start,7x7,tf:134,tf:135,true,p1,accepted,,1158168655,1158172129505969,4
tf_policy_elo_random_start_continuation_g127_g140_2026-08-26,accepted/animal-cycle-random-7x7.jsonl#61db1c8e792fae44f3732a79,animal-cycle-random-7x7,animal-cycle,random-start,7x7,tf:134,tf:135,true,p1,accepted,,1158168655,1158172129505971,6
tf_policy_elo_random_start_continuation_g127_g140_2026-08-26,accepted/animal-cycle-random-7x7.jsonl#8612ca5e3cabddf939412a9c,animal-cycle-random-7x7,animal-cycle,random-start,7x7,tf:134,tf:135,true,p1,accepted,,1158168655,1158172129505973,8
tf_policy_elo_random_start_continuation_g127_g140_2026-08-26,accepted/animal-cycle-random-7x7.jsonl#7ce1c23b7de73a9a470949f8,animal-cycle-random-7x7,animal-cycle,random-start,7x7,tf:134,tf:135,true,p1,accepted,,1158168655,1158172129505975,10
tf_policy_elo_random_start_continuation_g127_g140_2026-08-26,accepted/animal-cycle-random-7x7.jsonl#76bba47bc1177fc1b39c83dc,animal-cycle-random-7x7,animal-cycle,random-start,7x7,tf:134,tf:137,true,p1,accepted,,779550892,779553230652676,0
tf_policy_elo_random_start_continuation_g127_g140_2026-08-26,accepted/animal-cycle-random-7x7.jsonl#2ff4a05100b50526a9eb97cb,animal-cycle-random-7x7,animal-cycle,random-start,7x7,tf:134,tf:137,true,p2,accepted,,779550892,779553230652678,2
tf_policy_elo_random_start_continuation_g127_g140_2026-08-26,accepted/animal-cycle-random-7x7.jsonl#4f82de2c99093756c56fb56c,animal-cycle-random-7x7,animal-cycle,random-start,7x7,tf:134,tf:137,true,p1,accepted,,779550892,779553230652680,4
tf_policy_elo_random_start_continuation_g127_g140_2026-08-26,accepted/animal-cycle-random-7x7.jsonl#067165a4f94c96f519e65c18,animal-cycle-random-7x7,animal-cycle,random-start,7x7,tf:134,tf:137,true,p1,accepted,,779550892,779553230652682,6
tf_policy_elo_random_start_continuation_g127_g140_2026-08-26,accepted/animal-cycle-random-7x7.jsonl#a2d1bb4ee2ccc05e7c99c1ab,animal-cycle-random-7x7,animal-cycle,random-start,7x7,tf:134,tf:137,true,p2,accepted,,779550892,779553230652684,8
tf_policy_elo_random_start_continuation_g127_g140_2026-08-26,accepted/animal-cycle-random-7x7.jsonl#ab8f34a4522acc46b4768cee,animal-cycle-random-7x7,animal-cycle,random-start,7x7,tf:134,tf:137,true,p1,accepted,,779550892,779553230652686,10
tf_policy_elo_random_start_continuation_g127_g140_2026-08-26,accepted/animal-cycle-random-7x7.jsonl#dbe8b0586a600a21efe9f527,animal-cycle-random-7x7,animal-cycle,random-start,7x7,tf:134,tf:140,true,p1,accepted,,659202702,659204679608106,0
tf_policy_elo_random_start_continuation_g127_g140_2026-08-26,accepted/animal-cycle-random-7x7.jsonl#7485b50d2e11ac1753ffc9b7,animal-cycle-random-7x7,animal-cycle,random-start,7x7,tf:134,tf:140,true,p2,accepted,,659202702,659204679608108,2
tf_policy_elo_random_start_continuation_g127_g140_2026-08-26,accepted/animal-cycle-random-7x7.jsonl#cb7c27f96279e35ea9545fa1,animal-cycle-random-7x7,animal-cycle,random-start,7x7,tf:134,tf:140,true,p1,accepted,,659202702,659204679608110,4
tf_policy_elo_random_start_continuation_g127_g140_2026-08-26,accepted/animal-cycle-random-7x7.jsonl#b5bc243c51812ee43852126c,animal-cycle-random-7x7,animal-cycle,random-start,7x7,tf:134,tf:140,true,p1,accepted,,659202702,659204679608112,6
tf_policy_elo_random_start_continuation_g127_g140_2026-08-26,accepted/animal-cycle-random-7x7.jsonl#dcfca0a30eb998d69fec1cdb,animal-cycle-random-7x7,animal-cycle,random-start,7x7,tf:134,tf:140,true,p2,accepted,,659202702,659204679608114,8
tf_policy_elo_random_start_continuation_g127_g140_2026-08-26,accepted/animal-cycle-random-7x7.jsonl#972f10341f2ec26ec6beb46c,animal-cycle-random-7x7,animal-cycle,random-start,7x7,tf:134,tf:140,true,p1,accepted,,659202702,659204679608116,10
tf_policy_elo_random_start_continuation_g127_g140_2026-08-26,accepted/animal-cycle-random-7x7.jsonl#245441faacea6770140c2261,animal-cycle-random-7x7,animal-cycle,random-start,7x7,tf:135,tf:129,false,p2,accepted,,99526643,99526941579930,1
tf_policy_elo_random_start_continuation_g127_g140_2026-08-26,accepted/animal-cycle-random-7x7.jsonl#9988ec62beb28e8750ce3fa6,animal-cycle-random-7x7,animal-cycle,random-start,7x7,tf:135,tf:129,false,p1,accepted,,99526643,99526941579932,3
tf_policy_elo_random_start_continuation_g127_g140_2026-08-26,accepted/animal-cycle-random-7x7.jsonl#812b4f4b34d481ff39923ef5,animal-cycle-random-7x7,animal-cycle,random-start,7x7,tf:135,tf:129,false,p2,accepted,,99526643,99526941579934,5
tf_policy_elo_random_start_continuation_g127_g140_2026-08-26,accepted/animal-cycle-random-7x7.jsonl#a15d2ee1c85fe82b5cf1918d,animal-cycle-random-7x7,animal-cycle,random-start,7x7,tf:135,tf:129,false,p1,accepted,,99526643,99526941579936,7
tf_policy_elo_random_start_continuation_g127_g140_2026-08-26,accepted/animal-cycle-random-7x7.jsonl#138d41cc120ac40d4fb2c12d,animal-cycle-random-7x7,animal-cycle,random-start,7x7,tf:135,tf:129,false,p1,accepted,,99526643,99526941579938,9
tf_policy_elo_random_start_continuation_g127_g140_2026-08-26,accepted/animal-cycle-random-7x7.jsonl#dd15217dbc67f4d7898ac985,animal-cycle-random-7x7,animal-cycle,random-start,7x7,tf:135,tf:129,false,p1,accepted,,99526643,99526941579940,11
tf_policy_elo_random_start_continuation_g127_g140_2026-08-26,accepted/animal-cycle-random-7x7.jsonl#3e55273aae08582f3a26a765,animal-cycle-random-7x7,animal-cycle,random-start,7x7,tf:135,tf:132,false,p1,accepted,,1546026807,1546031445080422,1
tf_policy_elo_random_start_continuation_g127_g140_2026-08-26,accepted/animal-cycle-random-7x7.jsonl#a244ae5d0261cf5486b44a65,animal-cycle-random-7x7,animal-cycle,random-start,7x7,tf:135,tf:132,false,p1,accepted,,1546026807,1546031445080424,3
tf_policy_elo_random_start_continuation_g127_g140_2026-08-26,accepted/animal-cycle-random-7x7.jsonl#db15dfc077c6e367a6d405da,animal-cycle-random-7x7,animal-cycle,random-start,7x7,tf:135,tf:132,false,p2,accepted,,1546026807,1546031445080426,5
tf_policy_elo_random_start_continuation_g127_g140_2026-08-26,accepted/animal-cycle-random-7x7.jsonl#888d96a448f9b54d0c2aab4a,animal-cycle-random-7x7,animal-cycle,random-start,7x7,tf:135,tf:132,false,p1,accepted,,1546026807,1546031445080428,7
tf_policy_elo_random_start_continuation_g127_g140_2026-08-26,accepted/animal-cycle-random-7x7.jsonl#96f4d1e95e667b96609bd605,animal-cycle-random-7x7,animal-cycle,random-start,7x7,tf:135,tf:132,false,p1,accepted,,1546026807,1546031445080430,9
tf_policy_elo_random_start_continuation_g127_g140_2026-08-26,accepted/animal-cycle-random-7x7.jsonl#da72ce5e0334f6d99463eb62,animal-cycle-random-7x7,animal-cycle,random-start,7x7,tf:135,tf:132,false,p1,accepted,,1546026807,1546031445080432,11
tf_policy_elo_random_start_continuation_g127_g140_2026-08-26,accepted/animal-cycle-random-7x7.jsonl#b888c1f717551dcb64efe9ad,animal-cycle-random-7x7,animal-cycle,random-start,7x7,tf:135,tf:134,false,p1,accepted,,1158168655,1158172129505966,1
tf_policy_elo_random_start_continuation_g127_g140_2026-08-26,accepted/animal-cycle-random-7x7.jsonl#2177ad57279b44de58bf60fc,animal-cycle-random-7x7,animal-cycle,random-start,7x7,tf:135,tf:134,false,p1,accepted,,1158168655,1158172129505968,3
tf_policy_elo_random_start_continuation_g127_g140_2026-08-26,accepted/animal-cycle-random-7x7.jsonl#b80e144f6ae40b92ce35b5ed,animal-cycle-random-7x7,animal-cycle,random-start,7x7,tf:135,tf:134,false,p2,accepted,,1158168655,1158172129505970,5
tf_policy_elo_random_start_continuation_g127_g140_2026-08-26,accepted/animal-cycle-random-7x7.jsonl#766f7f7d350c8d4c98f6f16f,animal-cycle-random-7x7,animal-cycle,random-start,7x7,tf:135,tf:134,false,p1,accepted,,1158168655,1158172129505972,7
tf_policy_elo_random_start_continuation_g127_g140_2026-08-26,accepted/animal-cycle-random-7x7.jsonl#98f22948617365ea1edec1fe,animal-cycle-random-7x7,animal-cycle,random-start,7x7,tf:135,tf:134,false,p2,accepted,,1158168655,1158172129505974,9
tf_policy_elo_random_start_continuation_g127_g140_2026-08-26,accepted/animal-cycle-random-7x7.jsonl#1d741ff1c9bc4aaa304aa833,animal-cycle-random-7x7,animal-cycle,random-start,7x7,tf:135,tf:134,false,p2,accepted,,1158168655,1158172129505976,11
tf_policy_elo_random_start_continuation_g127_g140_2026-08-26,accepted/animal-cycle-random-7x7.jsonl#c8c2b8ee8da7af2e607e4511,animal-cycle-random-7x7,animal-cycle,random-start,7x7,tf:135,tf:136,true,p1,accepted,,909354900,909357628064700,0
tf_policy_elo_random_start_continuation_g127_g140_2026-08-26,accepted/animal-cycle-random-7x7.jsonl#f803bb64c73958b4a1eb6671,animal-cycle-random-7x7,animal-cycle,random-start,7x7,tf:135,tf:136,true,p2,accepted,,909354900,909357628064702,2
tf_policy_elo_random_start_continuation_g127_g140_2026-08-26,accepted/animal-cycle-random-7x7.jsonl#3b8f8fcaa2026761876ce820,animal-cycle-random-7x7,animal-cycle,random-start,7x7,tf:135,tf:136,true,p1,accepted,,909354900,909357628064704,4
tf_policy_elo_random_start_continuation_g127_g140_2026-08-26,accepted/animal-cycle-random-7x7.jsonl#7ca3261ee31420b0577df3c3,animal-cycle-random-7x7,animal-cycle,random-start,7x7,tf:135,tf:136,true,p1,accepted,,909354900,909357628064706,6
tf_policy_elo_random_start_continuation_g127_g140_2026-08-26,accepted/animal-cycle-random-7x7.jsonl#dacb2b22c42d200e3fb92909,animal-cycle-random-7x7,animal-cycle,random-start,7x7,tf:135,tf:136,true,p1,accepted,,909354900,909357628064708,8
tf_policy_elo_random_start_continuation_g127_g140_2026-08-26,accepted/animal-cycle-random-7x7.jsonl#f5ba2baa3ed8e367f94a72b2,animal-cycle-random-7x7,animal-cycle,random-start,7x7,tf:135,tf:136,true,p1,accepted,,909354900,909357628064710,10
tf_policy_elo_random_start_continuation_g127_g140_2026-08-26,accepted/animal-cycle-random-7x7.jsonl#725c4faecfac7aa6f7d3c5cc,animal-cycle-random-7x7,animal-cycle,random-start,7x7,tf:135,tf:138,true,p1,accepted,,742069810,742072036209430,0
tf_policy_elo_random_start_continuation_g127_g140_2026-08-26,accepted/animal-cycle-random-7x7.jsonl#f404a452f7db63e06f4dd7d3,animal-cycle-random-7x7,animal-cycle,random-start,7x7,tf:135,tf:138,true,p1,accepted,,742069810,742072036209432,2
tf_policy_elo_random_start_continuation_g127_g140_2026-08-26,accepted/animal-cycle-random-7x7.jsonl#4f335efd232a93a5fb0eebe4,animal-cycle-random-7x7,animal-cycle,random-start,7x7,tf:135,tf:138,true,p1,accepted,,742069810,742072036209434,4
tf_policy_elo_random_start_continuation_g127_g140_2026-08-26,accepted/animal-cycle-random-7x7.jsonl#0edb3254ceb8b9ac852f9e18,animal-cycle-random-7x7,animal-cycle,random-start,7x7,tf:135,tf:138,true,p1,accepted,,742069810,742072036209436,6
tf_policy_elo_random_start_continuation_g127_g140_2026-08-26,accepted/animal-cycle-random-7x7.jsonl#7bdd9be124600e58a468ae5e,animal-cycle-random-7x7,animal-cycle,random-start,7x7,tf:135,tf:138,true,p1,accepted,,742069810,742072036209438,8
tf_policy_elo_random_start_continuation_g127_g140_2026-08-26,accepted/animal-cycle-random-7x7.jsonl#d10222612eca4f0910156c4b,animal-cycle-random-7x7,animal-cycle,random-start,7x7,tf:135,tf:138,true,p2,accepted,,742069810,742072036209440,10
tf_policy_elo_random_start_continuation_g127_g140_2026-08-26,accepted/animal-cycle-random-7x7.jsonl#dedf74a9b64265d1ea5251f4,animal-cycle-random-7x7,animal-cycle,random-start,7x7,tf:136,tf:130,false,p1,accepted,,1895964384,1895970071893153,1
tf_policy_elo_random_start_continuation_g127_g140_2026-08-26,accepted/animal-cycle-random-7x7.jsonl#34a3e23de11ebd6d7dd31bc2,animal-cycle-random-7x7,animal-cycle,random-start,7x7,tf:136,tf:130,false,p1,accepted,,1895964384,1895970071893155,3
tf_policy_elo_random_start_continuation_g127_g140_2026-08-26,accepted/animal-cycle-random-7x7.jsonl#da5778f681d052ccf58471ad,animal-cycle-random-7x7,animal-cycle,random-start,7x7,tf:136,tf:130,false,p1,accepted,,1895964384,1895970071893157,5
tf_policy_elo_random_start_continuation_g127_g140_2026-08-26,accepted/animal-cycle-random-7x7.jsonl#4979d1ea89141d9ab6e9244b,animal-cycle-random-7x7,animal-cycle,random-start,7x7,tf:136,tf:130,false,p2,accepted,,1895964384,1895970071893159,7
tf_policy_elo_random_start_continuation_g127_g140_2026-08-26,accepted/animal-cycle-random-7x7.jsonl#79c85ca9eb080aa125867c01,animal-cycle-random-7x7,animal-cycle,random-start,7x7,tf:136,tf:130,false,p1,accepted,,1895964384,1895970071893161,9
tf_policy_elo_random_start_continuation_g127_g140_2026-08-26,accepted/animal-cycle-random-7x7.jsonl#7875c4a136622f7cd5e420c8,animal-cycle-random-7x7,animal-cycle,random-start,7x7,tf:136,tf:130,false,p1,accepted,,1895964384,1895970071893163,11
tf_policy_elo_random_start_continuation_g127_g140_2026-08-26,accepted/animal-cycle-random-7x7.jsonl#ab8eb63fbc377fa05d149925,animal-cycle-random-7x7,animal-cycle,random-start,7x7,tf:136,tf:133,false,p1,accepted,,1385392034,1385396190176103,1
tf_policy_elo_random_start_continuation_g127_g140_2026-08-26,accepted/animal-cycle-random-7x7.jsonl#3258b35f52d6bf8f4934c258,animal-cycle-random-7x7,animal-cycle,random-start,7x7,tf:136,tf:133,false,p1,accepted,,1385392034,1385396190176105,3
tf_policy_elo_random_start_continuation_g127_g140_2026-08-26,accepted/animal-cycle-random-7x7.jsonl#c1e5101235bd0011bb74491d,animal-cycle-random-7x7,animal-cycle,random-start,7x7,tf:136,tf:133,false,p1,accepted,,1385392034,1385396190176107,5
tf_policy_elo_random_start_continuation_g127_g140_2026-08-26,accepted/animal-cycle-random-7x7.jsonl#1bab7daef7b4efec01ef2e6a,animal-cycle-random-7x7,animal-cycle,random-start,7x7,tf:136,tf:133,false,p1,accepted,,1385392034,1385396190176109,7
tf_policy_elo_random_start_continuation_g127_g140_2026-08-26,accepted/animal-cycle-random-7x7.jsonl#efa92b4d91fe66216cbaa13e,animal-cycle-random-7x7,animal-cycle,random-start,7x7,tf:136,tf:133,false,p1,accepted,,1385392034,1385396190176111,9
tf_policy_elo_random_start_continuation_g127_g140_2026-08-26,accepted/animal-cycle-random-7x7.jsonl#ccbfac85c621f63f4c5d4a8b,animal-cycle-random-7x7,animal-cycle,random-start,7x7,tf:136,tf:133,false,p1,accepted,,1385392034,1385396190176113,11
tf_policy_elo_random_start_continuation_g127_g140_2026-08-26,accepted/animal-cycle-random-7x7.jsonl#25d1f386cea5139b85657e84,animal-cycle-random-7x7,animal-cycle,random-start,7x7,tf:136,tf:135,false,p1,accepted,,909354900,909357628064701,1
tf_policy_elo_random_start_continuation_g127_g140_2026-08-26,accepted/animal-cycle-random-7x7.jsonl#974a09cb04636b3c68d88410,animal-cycle-random-7x7,animal-cycle,random-start,7x7,tf:136,tf:135,false,p1,accepted,,909354900,909357628064703,3
tf_policy_elo_random_start_continuation_g127_g140_2026-08-26,accepted/animal-cycle-random-7x7.jsonl#dc56d83c51bcd3bb4af8df4a,animal-cycle-random-7x7,animal-cycle,random-start,7x7,tf:136,tf:135,false,p1,accepted,,909354900,909357628064705,5
tf_policy_elo_random_start_continuation_g127_g140_2026-08-26,accepted/animal-cycle-random-7x7.jsonl#f73f737e04c3f8ecb2f5d6b7,animal-cycle-random-7x7,animal-cycle,random-start,7x7,tf:136,tf:135,false,p1,accepted,,909354900,909357628064707,7
tf_policy_elo_random_start_continuation_g127_g140_2026-08-26,accepted/animal-cycle-random-7x7.jsonl#3f18304b4cb09f5a409cf0fa,animal-cycle-random-7x7,animal-cycle,random-start,7x7,tf:136,tf:135,false,p1,accepted,,909354900,909357628064709,9
tf_policy_elo_random_start_continuation_g127_g140_2026-08-26,accepted/animal-cycle-random-7x7.jsonl#8bcbebe6842e330a4d23bcc4,animal-cycle-random-7x7,animal-cycle,random-start,7x7,tf:136,tf:135,false,p1,accepted,,909354900,909357628064711,11
tf_policy_elo_random_start_continuation_g127_g140_2026-08-26,accepted/animal-cycle-random-7x7.jsonl#b08f698838d962775f52aaf8,animal-cycle-random-7x7,animal-cycle,random-start,7x7,tf:136,tf:137,true,p2,accepted,,822717716,822720184153148,0
tf_policy_elo_random_start_continuation_g127_g140_2026-08-26,accepted/animal-cycle-random-7x7.jsonl#337bba798175194492b02778,animal-cycle-random-7x7,animal-cycle,random-start,7x7,tf:136,tf:137,true,p2,accepted,,822717716,822720184153150,2
tf_policy_elo_random_start_continuation_g127_g140_2026-08-26,accepted/animal-cycle-random-7x7.jsonl#0b58357cfd9af4c38eb1aecd,animal-cycle-random-7x7,animal-cycle,random-start,7x7,tf:136,tf:137,true,p1,accepted,,822717716,822720184153152,4
tf_policy_elo_random_start_continuation_g127_g140_2026-08-26,accepted/animal-cycle-random-7x7.jsonl#b9e15b72fa794a450a68070c,animal-cycle-random-7x7,animal-cycle,random-start,7x7,tf:136,tf:137,true,p1,accepted,,822717716,822720184153154,6
tf_policy_elo_random_start_continuation_g127_g140_2026-08-26,accepted/animal-cycle-random-7x7.jsonl#045e41239d0b9d9734905a00,animal-cycle-random-7x7,animal-cycle,random-start,7x7,tf:136,tf:137,true,p1,accepted,,822717716,822720184153156,8
tf_policy_elo_random_start_continuation_g127_g140_2026-08-26,accepted/animal-cycle-random-7x7.jsonl#cba9cf368e1b64e8d84e23a9,animal-cycle-random-7x7,animal-cycle,random-start,7x7,tf:136,tf:137,true,p1,accepted,,822717716,822720184153158,10
tf_policy_elo_random_start_continuation_g127_g140_2026-08-26,accepted/animal-cycle-random-7x7.jsonl#0330c57020cd999e2f0f36e7,animal-cycle-random-7x7,animal-cycle,random-start,7x7,tf:136,tf:139,true,p1,accepted,,1733757333,1733762534271999,0
tf_policy_elo_random_start_continuation_g127_g140_2026-08-26,accepted/animal-cycle-random-7x7.jsonl#f18dd82382bc0d9e5e57e9b2,animal-cycle-random-7x7,animal-cycle,random-start,7x7,tf:136,tf:139,true,p1,accepted,,1733757333,1733762534272001,2
tf_policy_elo_random_start_continuation_g127_g140_2026-08-26,accepted/animal-cycle-random-7x7.jsonl#a74c1aa202a074be59d5fb28,animal-cycle-random-7x7,animal-cycle,random-start,7x7,tf:136,tf:139,true,p2,accepted,,1733757333,1733762534272003,4
tf_policy_elo_random_start_continuation_g127_g140_2026-08-26,accepted/animal-cycle-random-7x7.jsonl#bc97c6951b9424d63a690978,animal-cycle-random-7x7,animal-cycle,random-start,7x7,tf:136,tf:139,true,p1,accepted,,1733757333,1733762534272005,6
tf_policy_elo_random_start_continuation_g127_g140_2026-08-26,accepted/animal-cycle-random-7x7.jsonl#1f128f04d2cf3c3f2abe36f8,animal-cycle-random-7x7,animal-cycle,random-start,7x7,tf:136,tf:139,true,p1,accepted,,1733757333,1733762534272007,8
tf_policy_elo_random_start_continuation_g127_g140_2026-08-26,accepted/animal-cycle-random-7x7.jsonl#99bccc44530f76d5152d21dd,animal-cycle-random-7x7,animal-cycle,random-start,7x7,tf:136,tf:139,true,p1,accepted,,1733757333,1733762534272009,10
tf_policy_elo_random_start_continuation_g127_g140_2026-08-26,accepted/animal-cycle-random-7x7.jsonl#2f6963942c476119382e073f,animal-cycle-random-7x7,animal-cycle,random-start,7x7,tf:137,tf:131,false,p2,accepted,,904090227,904092939270682,1
tf_policy_elo_random_start_continuation_g127_g140_2026-08-26,accepted/animal-cycle-random-7x7.jsonl#873bb9ff2e78d382db52f58e,animal-cycle-random-7x7,animal-cycle,random-start,7x7,tf:137,tf:131,false,p1,accepted,,904090227,904092939270684,3
tf_policy_elo_random_start_continuation_g127_g140_2026-08-26,accepted/animal-cycle-random-7x7.jsonl#a24db3361652212e9d811aad,animal-cycle-random-7x7,animal-cycle,random-start,7x7,tf:137,tf:131,false,p1,accepted,,904090227,904092939270686,5
tf_policy_elo_random_start_continuation_g127_g140_2026-08-26,accepted/animal-cycle-random-7x7.jsonl#f90987f9d77e471fa21842d5,animal-cycle-random-7x7,animal-cycle,random-start,7x7,tf:137,tf:131,false,p1,accepted,,904090227,904092939270688,7
tf_policy_elo_random_start_continuation_g127_g140_2026-08-26,accepted/animal-cycle-random-7x7.jsonl#fbad3bc51fad7dddc61c3960,animal-cycle-random-7x7,animal-cycle,random-start,7x7,tf:137,tf:131,false,p1,accepted,,904090227,904092939270690,9
tf_policy_elo_random_start_continuation_g127_g140_2026-08-26,accepted/animal-cycle-random-7x7.jsonl#e65dbc5272c07e76775bae79,animal-cycle-random-7x7,animal-cycle,random-start,7x7,tf:137,tf:131,false,p1,accepted,,904090227,904092939270692,11
tf_policy_elo_random_start_continuation_g127_g140_2026-08-26,accepted/animal-cycle-random-7x7.jsonl#6c478a118812925547fdeb16,animal-cycle-random-7x7,animal-cycle,random-start,7x7,tf:137,tf:134,false,p1,accepted,,779550892,779553230652677,1
tf_policy_elo_random_start_continuation_g127_g140_2026-08-26,accepted/animal-cycle-random-7x7.jsonl#6549399ef7aedbef3681da96,animal-cycle-random-7x7,animal-cycle,random-start,7x7,tf:137,tf:134,false,p1,accepted,,779550892,779553230652679,3
tf_policy_elo_random_start_continuation_g127_g140_2026-08-26,accepted/animal-cycle-random-7x7.jsonl#8dbfc00ed1f1edf46a3c5461,animal-cycle-random-7x7,animal-cycle,random-start,7x7,tf:137,tf:134,false,p1,accepted,,779550892,779553230652681,5
tf_policy_elo_random_start_continuation_g127_g140_2026-08-26,accepted/animal-cycle-random-7x7.jsonl#f7f6f286f0c32353602c9179,animal-cycle-random-7x7,animal-cycle,random-start,7x7,tf:137,tf:134,false,p1,accepted,,779550892,779553230652683,7
tf_policy_elo_random_start_continuation_g127_g140_2026-08-26,accepted/animal-cycle-random-7x7.jsonl#8f9a6404e4ea0a64cad1fed7,animal-cycle-random-7x7,animal-cycle,random-start,7x7,tf:137,tf:134,false,p2,accepted,,779550892,779553230652685,9
tf_policy_elo_random_start_continuation_g127_g140_2026-08-26,accepted/animal-cycle-random-7x7.jsonl#4e5d7f93b17d221a8b0b818b,animal-cycle-random-7x7,animal-cycle,random-start,7x7,tf:137,tf:134,false,p1,accepted,,779550892,779553230652687,11
tf_policy_elo_random_start_continuation_g127_g140_2026-08-26,accepted/animal-cycle-random-7x7.jsonl#b4ace5e13b777e6855dafa22,animal-cycle-random-7x7,animal-cycle,random-start,7x7,tf:137,tf:136,false,p1,accepted,,822717716,822720184153149,1
tf_policy_elo_random_start_continuation_g127_g140_2026-08-26,accepted/animal-cycle-random-7x7.jsonl#ed1b8b45b9e3092c35c76023,animal-cycle-random-7x7,animal-cycle,random-start,7x7,tf:137,tf:136,false,p1,accepted,,822717716,822720184153151,3
tf_policy_elo_random_start_continuation_g127_g140_2026-08-26,accepted/animal-cycle-random-7x7.jsonl#9d9ba88fe0ebc68365d1c4a5,animal-cycle-random-7x7,animal-cycle,random-start,7x7,tf:137,tf:136,false,p2,accepted,,822717716,822720184153153,5
tf_policy_elo_random_start_continuation_g127_g140_2026-08-26,accepted/animal-cycle-random-7x7.jsonl#7cd03b539cfa75dcb43b7201,animal-cycle-random-7x7,animal-cycle,random-start,7x7,tf:137,tf:136,false,p1,accepted,,822717716,822720184153155,7
tf_policy_elo_random_start_continuation_g127_g140_2026-08-26,accepted/animal-cycle-random-7x7.jsonl#04571a2df91cbcaca8786086,animal-cycle-random-7x7,animal-cycle,random-start,7x7,tf:137,tf:136,false,p1,accepted,,822717716,822720184153157,9
tf_policy_elo_random_start_continuation_g127_g140_2026-08-26,accepted/animal-cycle-random-7x7.jsonl#a8573138bdbd2bc778f2ee65,animal-cycle-random-7x7,animal-cycle,random-start,7x7,tf:137,tf:136,false,p1,accepted,,822717716,822720184153159,11
tf_policy_elo_random_start_continuation_g127_g140_2026-08-26,accepted/animal-cycle-random-7x7.jsonl#0c062c1a251b882b40cceece,animal-cycle-random-7x7,animal-cycle,random-start,7x7,tf:137,tf:138,true,p1,accepted,,830278638,830281128835914,0
tf_policy_elo_random_start_continuation_g127_g140_2026-08-26,accepted/animal-cycle-random-7x7.jsonl#1fe3950ff555738d7d23fccf,animal-cycle-random-7x7,animal-cycle,random-start,7x7,tf:137,tf:138,true,p1,accepted,,830278638,830281128835916,2
tf_policy_elo_random_start_continuation_g127_g140_2026-08-26,accepted/animal-cycle-random-7x7.jsonl#ffb0dcd89002035cf8a8569a,animal-cycle-random-7x7,animal-cycle,random-start,7x7,tf:137,tf:138,true,p2,accepted,,830278638,830281128835918,4
tf_policy_elo_random_start_continuation_g127_g140_2026-08-26,accepted/animal-cycle-random-7x7.jsonl#8bcd641342730ff432f7fef5,animal-cycle-random-7x7,animal-cycle,random-start,7x7,tf:137,tf:138,true,p2,accepted,,830278638,830281128835920,6
tf_policy_elo_random_start_continuation_g127_g140_2026-08-26,accepted/animal-cycle-random-7x7.jsonl#ac874b03877afb1f30701c4c,animal-cycle-random-7x7,animal-cycle,random-start,7x7,tf:137,tf:138,true,p1,accepted,,830278638,830281128835922,8
tf_policy_elo_random_start_continuation_g127_g140_2026-08-26,accepted/animal-cycle-random-7x7.jsonl#78142ac57ec6a35c097097e9,animal-cycle-random-7x7,animal-cycle,random-start,7x7,tf:137,tf:138,true,p1,accepted,,830278638,830281128835924,10
tf_policy_elo_random_start_continuation_g127_g140_2026-08-26,accepted/animal-cycle-random-7x7.jsonl#de7331ebb38cc982c258dfc5,animal-cycle-random-7x7,animal-cycle,random-start,7x7,tf:137,tf:140,true,p1,accepted,,1319394955,1319398913184865,0
tf_policy_elo_random_start_continuation_g127_g140_2026-08-26,accepted/animal-cycle-random-7x7.jsonl#111b04c41af94ea78400bcb8,animal-cycle-random-7x7,animal-cycle,random-start,7x7,tf:137,tf:140,true,p1,accepted,,1319394955,1319398913184867,2
tf_policy_elo_random_start_continuation_g127_g140_2026-08-26,accepted/animal-cycle-random-7x7.jsonl#c9e96d27ec7c9d61af1dfc30,animal-cycle-random-7x7,animal-cycle,random-start,7x7,tf:137,tf:140,true,p1,accepted,,1319394955,1319398913184869,4
tf_policy_elo_random_start_continuation_g127_g140_2026-08-26,accepted/animal-cycle-random-7x7.jsonl#041a864c628670a7c0eae607,animal-cycle-random-7x7,animal-cycle,random-start,7x7,tf:137,tf:140,true,p2,accepted,,1319394955,1319398913184871,6
tf_policy_elo_random_start_continuation_g127_g140_2026-08-26,accepted/animal-cycle-random-7x7.jsonl#b5f781b73ee79a7ca25ac6e8,animal-cycle-random-7x7,animal-cycle,random-start,7x7,tf:137,tf:140,true,p2,accepted,,1319394955,1319398913184873,8
tf_policy_elo_random_start_continuation_g127_g140_2026-08-26,accepted/animal-cycle-random-7x7.jsonl#e62dcebe8bd9420a4518edf5,animal-cycle-random-7x7,animal-cycle,random-start,7x7,tf:137,tf:140,true,p1,accepted,,1319394955,1319398913184875,10
tf_policy_elo_random_start_continuation_g127_g140_2026-08-26,accepted/animal-cycle-random-7x7.jsonl#c7a86bf9ef256e59d86d1d9d,animal-cycle-random-7x7,animal-cycle,random-start,7x7,tf:138,tf:132,false,p1,accepted,,819177659,819180116532978,1
tf_policy_elo_random_start_continuation_g127_g140_2026-08-26,accepted/animal-cycle-random-7x7.jsonl#1eb233f69160969a0d4aa288,animal-cycle-random-7x7,animal-cycle,random-start,7x7,tf:138,tf:132,false,p1,accepted,,819177659,819180116532980,3
tf_policy_elo_random_start_continuation_g127_g140_2026-08-26,accepted/animal-cycle-random-7x7.jsonl#aec2f19fa726953762e8385b,animal-cycle-random-7x7,animal-cycle,random-start,7x7,tf:138,tf:132,false,p1,accepted,,819177659,819180116532982,5
tf_policy_elo_random_start_continuation_g127_g140_2026-08-26,accepted/animal-cycle-random-7x7.jsonl#ab73a4d170e6e10e967be718,animal-cycle-random-7x7,animal-cycle,random-start,7x7,tf:138,tf:132,false,p1,accepted,,819177659,819180116532984,7
tf_policy_elo_random_start_continuation_g127_g140_2026-08-26,accepted/animal-cycle-random-7x7.jsonl#a24507e3ac12b78db044619e,animal-cycle-random-7x7,animal-cycle,random-start,7x7,tf:138,tf:132,false,p2,accepted,,819177659,819180116532986,9
tf_policy_elo_random_start_continuation_g127_g140_2026-08-26,accepted/animal-cycle-random-7x7.jsonl#b299cc0b99da1a32d342f1cd,animal-cycle-random-7x7,animal-cycle,random-start,7x7,tf:138,tf:132,false,p2,accepted,,819177659,819180116532988,11
tf_policy_elo_random_start_continuation_g127_g140_2026-08-26,accepted/animal-cycle-random-7x7.jsonl#dc7dc2175e4d860ca4a3e9d3,animal-cycle-random-7x7,animal-cycle,random-start,7x7,tf:138,tf:135,false,p1,accepted,,742069810,742072036209431,1
tf_policy_elo_random_start_continuation_g127_g140_2026-08-26,accepted/animal-cycle-random-7x7.jsonl#43268d516a653ef52b2cf45a,animal-cycle-random-7x7,animal-cycle,random-start,7x7,tf:138,tf:135,false,p1,accepted,,742069810,742072036209433,3
tf_policy_elo_random_start_continuation_g127_g140_2026-08-26,accepted/animal-cycle-random-7x7.jsonl#4539ca5a99a352cce67c2cb1,animal-cycle-random-7x7,animal-cycle,random-start,7x7,tf:138,tf:135,false,p1,accepted,,742069810,742072036209435,5
tf_policy_elo_random_start_continuation_g127_g140_2026-08-26,accepted/animal-cycle-random-7x7.jsonl#3f06572230fe4dd870b084f4,animal-cycle-random-7x7,animal-cycle,random-start,7x7,tf:138,tf:135,false,p1,accepted,,742069810,742072036209437,7
tf_policy_elo_random_start_continuation_g127_g140_2026-08-26,accepted/animal-cycle-random-7x7.jsonl#ec60ce4f25fc964935139016,animal-cycle-random-7x7,animal-cycle,random-start,7x7,tf:138,tf:135,false,p1,accepted,,742069810,742072036209439,9
tf_policy_elo_random_start_continuation_g127_g140_2026-08-26,accepted/animal-cycle-random-7x7.jsonl#9092e3b0319a98eb0c47fe0c,animal-cycle-random-7x7,animal-cycle,random-start,7x7,tf:138,tf:135,false,p1,accepted,,742069810,742072036209441,11
tf_policy_elo_random_start_continuation_g127_g140_2026-08-26,accepted/animal-cycle-random-7x7.jsonl#4dda4303a87d4b744e2ccd2a,animal-cycle-random-7x7,animal-cycle,random-start,7x7,tf:138,tf:137,false,p2,accepted,,830278638,830281128835915,1
tf_policy_elo_random_start_continuation_g127_g140_2026-08-26,accepted/animal-cycle-random-7x7.jsonl#3ed20b07d67059b30b7d6ec6,animal-cycle-random-7x7,animal-cycle,random-start,7x7,tf:138,tf:137,false,p1,accepted,,830278638,830281128835917,3
tf_policy_elo_random_start_continuation_g127_g140_2026-08-26,accepted/animal-cycle-random-7x7.jsonl#c5587f773da8e9ec5280f7ec,animal-cycle-random-7x7,animal-cycle,random-start,7x7,tf:138,tf:137,false,p1,accepted,,830278638,830281128835919,5
tf_policy_elo_random_start_continuation_g127_g140_2026-08-26,accepted/animal-cycle-random-7x7.jsonl#2f18b13c8f32366836231664,animal-cycle-random-7x7,animal-cycle,random-start,7x7,tf:138,tf:137,false,p1,accepted,,830278638,830281128835921,7
tf_policy_elo_random_start_continuation_g127_g140_2026-08-26,accepted/animal-cycle-random-7x7.jsonl#881155079c5b2a9cd5f0b371,animal-cycle-random-7x7,animal-cycle,random-start,7x7,tf:138,tf:137,false,p1,accepted,,830278638,830281128835923,9
tf_policy_elo_random_start_continuation_g127_g140_2026-08-26,accepted/animal-cycle-random-7x7.jsonl#372236849620a25b516b4046,animal-cycle-random-7x7,animal-cycle,random-start,7x7,tf:138,tf:137,false,p2,accepted,,830278638,830281128835925,11
tf_policy_elo_random_start_continuation_g127_g140_2026-08-26,accepted/animal-cycle-random-7x7.jsonl#a5cd7377aecb9a33723b9a82,animal-cycle-random-7x7,animal-cycle,random-start,7x7,tf:138,tf:139,true,p1,accepted,,1338066641,1338070655199923,0
tf_policy_elo_random_start_continuation_g127_g140_2026-08-26,accepted/animal-cycle-random-7x7.jsonl#0e960174be75e863f5eb2c69,animal-cycle-random-7x7,animal-cycle,random-start,7x7,tf:138,tf:139,true,p1,accepted,,1338066641,1338070655199925,2
tf_policy_elo_random_start_continuation_g127_g140_2026-08-26,accepted/animal-cycle-random-7x7.jsonl#c6748472e7de7d5985bbcf9c,animal-cycle-random-7x7,animal-cycle,random-start,7x7,tf:138,tf:139,true,p1,accepted,,1338066641,1338070655199927,4
tf_policy_elo_random_start_continuation_g127_g140_2026-08-26,accepted/animal-cycle-random-7x7.jsonl#4949f0f6d9f8e424fa2d06e4,animal-cycle-random-7x7,animal-cycle,random-start,7x7,tf:138,tf:139,true,p2,accepted,,1338066641,1338070655199929,6
tf_policy_elo_random_start_continuation_g127_g140_2026-08-26,accepted/animal-cycle-random-7x7.jsonl#0ffa8db32dd4ea0f23917b21,animal-cycle-random-7x7,animal-cycle,random-start,7x7,tf:138,tf:139,true,p2,accepted,,1338066641,1338070655199931,8
tf_policy_elo_random_start_continuation_g127_g140_2026-08-26,accepted/animal-cycle-random-7x7.jsonl#abaed98aa8a682dad567b8b8,animal-cycle-random-7x7,animal-cycle,random-start,7x7,tf:138,tf:139,true,p1,accepted,,1338066641,1338070655199933,10
tf_policy_elo_random_start_continuation_g127_g140_2026-08-26,accepted/animal-cycle-random-7x7.jsonl#9788753b16340b44534364a2,animal-cycle-random-7x7,animal-cycle,random-start,7x7,tf:139,tf:133,false,p2,accepted,,230177109,230177799531328,1
tf_policy_elo_random_start_continuation_g127_g140_2026-08-26,accepted/animal-cycle-random-7x7.jsonl#777b13881067770bfb59c00b,animal-cycle-random-7x7,animal-cycle,random-start,7x7,tf:139,tf:133,false,p1,accepted,,230177109,230177799531330,3
tf_policy_elo_random_start_continuation_g127_g140_2026-08-26,accepted/animal-cycle-random-7x7.jsonl#081debbac452979a4595d070,animal-cycle-random-7x7,animal-cycle,random-start,7x7,tf:139,tf:133,false,p2,accepted,,230177109,230177799531332,5
tf_policy_elo_random_start_continuation_g127_g140_2026-08-26,accepted/animal-cycle-random-7x7.jsonl#9d32401bdb33ff6ab0d711ae,animal-cycle-random-7x7,animal-cycle,random-start,7x7,tf:139,tf:133,false,p2,accepted,,230177109,230177799531334,7
tf_policy_elo_random_start_continuation_g127_g140_2026-08-26,accepted/animal-cycle-random-7x7.jsonl#356ad8ffd81912a0b7cac449,animal-cycle-random-7x7,animal-cycle,random-start,7x7,tf:139,tf:133,false,p1,accepted,,230177109,230177799531336,9
tf_policy_elo_random_start_continuation_g127_g140_2026-08-26,accepted/animal-cycle-random-7x7.jsonl#da3b9ab88933fa9e72a27691,animal-cycle-random-7x7,animal-cycle,random-start,7x7,tf:139,tf:133,false,p1,accepted,,230177109,230177799531338,11
tf_policy_elo_random_start_continuation_g127_g140_2026-08-26,accepted/animal-cycle-random-7x7.jsonl#85f97fcdda4e947592a8dad2,animal-cycle-random-7x7,animal-cycle,random-start,7x7,tf:139,tf:136,false,p2,accepted,,1733757333,1733762534272000,1
tf_policy_elo_random_start_continuation_g127_g140_2026-08-26,accepted/animal-cycle-random-7x7.jsonl#255419a926693103edcabbb5,animal-cycle-random-7x7,animal-cycle,random-start,7x7,tf:139,tf:136,false,p1,accepted,,1733757333,1733762534272002,3
tf_policy_elo_random_start_continuation_g127_g140_2026-08-26,accepted/animal-cycle-random-7x7.jsonl#a16fe34a1078c83d9d329aa2,animal-cycle-random-7x7,animal-cycle,random-start,7x7,tf:139,tf:136,false,p1,accepted,,1733757333,1733762534272004,5
tf_policy_elo_random_start_continuation_g127_g140_2026-08-26,accepted/animal-cycle-random-7x7.jsonl#3c5ab19e37f91eae939be50f,animal-cycle-random-7x7,animal-cycle,random-start,7x7,tf:139,tf:136,false,p2,accepted,,1733757333,1733762534272006,7
tf_policy_elo_random_start_continuation_g127_g140_2026-08-26,accepted/animal-cycle-random-7x7.jsonl#0b0c100daf46afd9a1d8eafe,animal-cycle-random-7x7,animal-cycle,random-start,7x7,tf:139,tf:136,false,p1,accepted,,1733757333,1733762534272008,9
tf_policy_elo_random_start_continuation_g127_g140_2026-08-26,accepted/animal-cycle-random-7x7.jsonl#c75b0d5aebbaeb37c143755a,animal-cycle-random-7x7,animal-cycle,random-start,7x7,tf:139,tf:136,false,p1,accepted,,1733757333,1733762534272010,11
tf_policy_elo_random_start_continuation_g127_g140_2026-08-26,accepted/animal-cycle-random-7x7.jsonl#f1ae22d6e79d1a54c5953a25,animal-cycle-random-7x7,animal-cycle,random-start,7x7,tf:139,tf:138,false,p1,accepted,,1338066641,1338070655199924,1
tf_policy_elo_random_start_continuation_g127_g140_2026-08-26,accepted/animal-cycle-random-7x7.jsonl#ec176fd914559e28bb382d63,animal-cycle-random-7x7,animal-cycle,random-start,7x7,tf:139,tf:138,false,p1,accepted,,1338066641,1338070655199926,3
tf_policy_elo_random_start_continuation_g127_g140_2026-08-26,accepted/animal-cycle-random-7x7.jsonl#94c379cb553d825dbd9045b0,animal-cycle-random-7x7,animal-cycle,random-start,7x7,tf:139,tf:138,false,p1,accepted,,1338066641,1338070655199928,5
tf_policy_elo_random_start_continuation_g127_g140_2026-08-26,accepted/animal-cycle-random-7x7.jsonl#f6da451f8c74aaae591de801,animal-cycle-random-7x7,animal-cycle,random-start,7x7,tf:139,tf:138,false,p2,accepted,,1338066641,1338070655199930,7
tf_policy_elo_random_start_continuation_g127_g140_2026-08-26,accepted/animal-cycle-random-7x7.jsonl#efadc8828bdb258c32d9d4f9,animal-cycle-random-7x7,animal-cycle,random-start,7x7,tf:139,tf:138,false,p2,accepted,,1338066641,1338070655199932,9
tf_policy_elo_random_start_continuation_g127_g140_2026-08-26,accepted/animal-cycle-random-7x7.jsonl#fd535e10d5c453bba520a5f1,animal-cycle-random-7x7,animal-cycle,random-start,7x7,tf:139,tf:138,false,p1,accepted,,1338066641,1338070655199934,11
tf_policy_elo_random_start_continuation_g127_g140_2026-08-26,accepted/animal-cycle-random-7x7.jsonl#b9d4752faec54f1cc10c1a65,animal-cycle-random-7x7,animal-cycle,random-start,7x7,tf:139,tf:140,true,p2,accepted,,1023877092,1023880163631276,0
tf_policy_elo_random_start_continuation_g127_g140_2026-08-26,accepted/animal-cycle-random-7x7.jsonl#1fb8805d45300b7216494ef5,animal-cycle-random-7x7,animal-cycle,random-start,7x7,tf:139,tf:140,true,p1,accepted,,1023877092,1023880163631278,2
tf_policy_elo_random_start_continuation_g127_g140_2026-08-26,accepted/animal-cycle-random-7x7.jsonl#ceaccfbd50f62a60cda8c858,animal-cycle-random-7x7,animal-cycle,random-start,7x7,tf:139,tf:140,true,p1,accepted,,1023877092,1023880163631280,4
tf_policy_elo_random_start_continuation_g127_g140_2026-08-26,accepted/animal-cycle-random-7x7.jsonl#ae4912ebfe1ca5752408a1fb,animal-cycle-random-7x7,animal-cycle,random-start,7x7,tf:139,tf:140,true,p1,accepted,,1023877092,1023880163631282,6
tf_policy_elo_random_start_continuation_g127_g140_2026-08-26,accepted/animal-cycle-random-7x7.jsonl#22bc3cca84a4b9976aea4e05,animal-cycle-random-7x7,animal-cycle,random-start,7x7,tf:139,tf:140,true,p1,accepted,,1023877092,1023880163631284,8
tf_policy_elo_random_start_continuation_g127_g140_2026-08-26,accepted/animal-cycle-random-7x7.jsonl#b114e90d7cb181c4542ae9f3,animal-cycle-random-7x7,animal-cycle,random-start,7x7,tf:139,tf:140,true,p1,accepted,,1023877092,1023880163631286,10
tf_policy_elo_random_start_continuation_g127_g140_2026-08-26,accepted/animal-cycle-random-7x7.jsonl#9787f126bc2ea94e2189def5,animal-cycle-random-7x7,animal-cycle,random-start,7x7,tf:140,tf:134,false,p1,accepted,,659202702,659204679608107,1
tf_policy_elo_random_start_continuation_g127_g140_2026-08-26,accepted/animal-cycle-random-7x7.jsonl#054a79e5d12b20e7b2b48327,animal-cycle-random-7x7,animal-cycle,random-start,7x7,tf:140,tf:134,false,p1,accepted,,659202702,659204679608109,3
tf_policy_elo_random_start_continuation_g127_g140_2026-08-26,accepted/animal-cycle-random-7x7.jsonl#7e9178a8c1a80957c8c437d9,animal-cycle-random-7x7,animal-cycle,random-start,7x7,tf:140,tf:134,false,p2,accepted,,659202702,659204679608111,5
tf_policy_elo_random_start_continuation_g127_g140_2026-08-26,accepted/animal-cycle-random-7x7.jsonl#d686c6f38e10757de1d72512,animal-cycle-random-7x7,animal-cycle,random-start,7x7,tf:140,tf:134,false,p1,accepted,,659202702,659204679608113,7
tf_policy_elo_random_start_continuation_g127_g140_2026-08-26,accepted/animal-cycle-random-7x7.jsonl#3b74f913900a0aff7eef0adb,animal-cycle-random-7x7,animal-cycle,random-start,7x7,tf:140,tf:134,false,p1,accepted,,659202702,659204679608115,9
tf_policy_elo_random_start_continuation_g127_g140_2026-08-26,accepted/animal-cycle-random-7x7.jsonl#17d8e8a579922b5b1762a103,animal-cycle-random-7x7,animal-cycle,random-start,7x7,tf:140,tf:134,false,p1,accepted,,659202702,659204679608117,11
tf_policy_elo_random_start_continuation_g127_g140_2026-08-26,accepted/animal-cycle-random-7x7.jsonl#c1e7551462078568fa3669c3,animal-cycle-random-7x7,animal-cycle,random-start,7x7,tf:140,tf:137,false,p1,accepted,,1319394955,1319398913184866,1
tf_policy_elo_random_start_continuation_g127_g140_2026-08-26,accepted/animal-cycle-random-7x7.jsonl#34d2d707ba40b4ea679eb9da,animal-cycle-random-7x7,animal-cycle,random-start,7x7,tf:140,tf:137,false,p1,accepted,,1319394955,1319398913184868,3
tf_policy_elo_random_start_continuation_g127_g140_2026-08-26,accepted/animal-cycle-random-7x7.jsonl#ad027094ad39df872f0d3c66,animal-cycle-random-7x7,animal-cycle,random-start,7x7,tf:140,tf:137,false,p2,accepted,,1319394955,1319398913184870,5
tf_policy_elo_random_start_continuation_g127_g140_2026-08-26,accepted/animal-cycle-random-7x7.jsonl#1447331e3a067e5d93b113e6,animal-cycle-random-7x7,animal-cycle,random-start,7x7,tf:140,tf:137,false,p1,accepted,,1319394955,1319398913184872,7
tf_policy_elo_random_start_continuation_g127_g140_2026-08-26,accepted/animal-cycle-random-7x7.jsonl#14cb3d3a21e5187cb68c8505,animal-cycle-random-7x7,animal-cycle,random-start,7x7,tf:140,tf:137,false,p1,accepted,,1319394955,1319398913184874,9
tf_policy_elo_random_start_continuation_g127_g140_2026-08-26,accepted/animal-cycle-random-7x7.jsonl#9c55449ff844c9dfae20ad85,animal-cycle-random-7x7,animal-cycle,random-start,7x7,tf:140,tf:137,false,p1,accepted,,1319394955,1319398913184876,11
tf_policy_elo_random_start_continuation_g127_g140_2026-08-26,accepted/animal-cycle-random-7x7.jsonl#30f362d6d654937c248264b2,animal-cycle-random-7x7,animal-cycle,random-start,7x7,tf:140,tf:139,false,p2,accepted,,1023877092,1023880163631277,1
tf_policy_elo_random_start_continuation_g127_g140_2026-08-26,accepted/animal-cycle-random-7x7.jsonl#19af1878b26aa62bc24bf18d,animal-cycle-random-7x7,animal-cycle,random-start,7x7,tf:140,tf:139,false,p1,accepted,,1023877092,1023880163631279,3
tf_policy_elo_random_start_continuation_g127_g140_2026-08-26,accepted/animal-cycle-random-7x7.jsonl#a96b9dd43e0a158f05a61f48,animal-cycle-random-7x7,animal-cycle,random-start,7x7,tf:140,tf:139,false,p1,accepted,,1023877092,1023880163631281,5
tf_policy_elo_random_start_continuation_g127_g140_2026-08-26,accepted/animal-cycle-random-7x7.jsonl#c21c7b501b2f9d2d42f577a9,animal-cycle-random-7x7,animal-cycle,random-start,7x7,tf:140,tf:139,false,p1,accepted,,1023877092,1023880163631283,7
tf_policy_elo_random_start_continuation_g127_g140_2026-08-26,accepted/animal-cycle-random-7x7.jsonl#1cac7a9f1dc6bb15edc85c55,animal-cycle-random-7x7,animal-cycle,random-start,7x7,tf:140,tf:139,false,p2,accepted,,1023877092,1023880163631285,9
tf_policy_elo_random_start_continuation_g127_g140_2026-08-26,accepted/animal-cycle-random-7x7.jsonl#f9bc8c987b6a3fce931aa68a,animal-cycle-random-7x7,animal-cycle,random-start,7x7,tf:140,tf:139,false,p1,accepted,,1023877092,1023880163631287,11
tf_policy_elo_random_start_continuation_g127_g140_2026-08-26,accepted/classic-fixed-12x10.jsonl#ead83319523dba9842e7188b,classic-fixed-12x10,classic,fixed,12x10,tf:121,tf:127,true,p1,accepted,,862184166,862186752552498,0
tf_policy_elo_random_start_continuation_g127_g140_2026-08-26,accepted/classic-fixed-12x10.jsonl#f2f905e5d5197d67849c4ecb,classic-fixed-12x10,classic,fixed,12x10,tf:122,tf:128,true,p2,accepted,,1345349921,1345353957049763,0
tf_policy_elo_random_start_continuation_g127_g140_2026-08-26,accepted/classic-fixed-12x10.jsonl#261be628f18973aa3279b494,classic-fixed-12x10,classic,fixed,12x10,tf:123,tf:129,true,p1,accepted,,74571281,74571504713843,0
tf_policy_elo_random_start_continuation_g127_g140_2026-08-26,accepted/classic-fixed-12x10.jsonl#2b1b5db4f4fb8cf6574ba7d2,classic-fixed-12x10,classic,fixed,12x10,tf:124,tf:127,true,p2,accepted,,219211829,219212486635487,0
tf_policy_elo_random_start_continuation_g127_g140_2026-08-26,accepted/classic-fixed-12x10.jsonl#8577d1f49a27c2899cc25cd6,classic-fixed-12x10,classic,fixed,12x10,tf:124,tf:130,true,p1,accepted,,412989556,412990794968668,0
tf_policy_elo_random_start_continuation_g127_g140_2026-08-26,accepted/classic-fixed-12x10.jsonl#2e687e46478cd7f1db6923ec,classic-fixed-12x10,classic,fixed,12x10,tf:125,tf:128,true,p1,accepted,,1323736336,1323740307209008,0
tf_policy_elo_random_start_continuation_g127_g140_2026-08-26,accepted/classic-fixed-12x10.jsonl#3d9748cac18eccb435c64b29,classic-fixed-12x10,classic,fixed,12x10,tf:125,tf:131,true,p1,accepted,,316059524,316060472178572,0
tf_policy_elo_random_start_continuation_g127_g140_2026-08-26,accepted/classic-fixed-12x10.jsonl#25e1c05b7a690abf6b3c3665,classic-fixed-12x10,classic,fixed,12x10,tf:126,tf:127,true,p2,accepted,,1516645640,1516650189936920,0
tf_policy_elo_random_start_continuation_g127_g140_2026-08-26,accepted/classic-fixed-12x10.jsonl#185db1fe8622744ff8bc9c19,classic-fixed-12x10,classic,fixed,12x10,tf:126,tf:129,true,p2,accepted,,515010677,515012222032031,0
tf_policy_elo_random_start_continuation_g127_g140_2026-08-26,accepted/classic-fixed-12x10.jsonl#a83c67394b91b6eff3d5d340,classic-fixed-12x10,classic,fixed,12x10,tf:126,tf:132,true,p2,accepted,,899596706,899599404790118,0
tf_policy_elo_random_start_continuation_g127_g140_2026-08-26,accepted/classic-fixed-12x10.jsonl#bbe6bcea81fe5bbe79a0b854,classic-fixed-12x10,classic,fixed,12x10,tf:127,tf:121,false,p2,accepted,,862184166,862186752552499,1
tf_policy_elo_random_start_continuation_g127_g140_2026-08-26,accepted/classic-fixed-12x10.jsonl#48392690b5f049d8b1badf7a,classic-fixed-12x10,classic,fixed,12x10,tf:127,tf:124,false,p2,accepted,,219211829,219212486635488,1
tf_policy_elo_random_start_continuation_g127_g140_2026-08-26,accepted/classic-fixed-12x10.jsonl#4001e9c15ba39e8fcddf56be,classic-fixed-12x10,classic,fixed,12x10,tf:127,tf:126,false,p2,accepted,,1516645640,1516650189936921,1
tf_policy_elo_random_start_continuation_g127_g140_2026-08-26,accepted/classic-fixed-12x10.jsonl#5cbee6ea80f3321b737d94f8,classic-fixed-12x10,classic,fixed,12x10,tf:127,tf:128,true,p2,accepted,,244769579,244770313308737,0
tf_policy_elo_random_start_continuation_g127_g140_2026-08-26,accepted/classic-fixed-12x10.jsonl#71f910c319d19a8de345b5e9,classic-fixed-12x10,classic,fixed,12x10,tf:127,tf:130,true,p2,accepted,,1319441661,1319445619324983,0
tf_policy_elo_random_start_continuation_g127_g140_2026-08-26,accepted/classic-fixed-12x10.jsonl#25f331381002577513ee35be,classic-fixed-12x10,classic,fixed,12x10,tf:127,tf:133,true,p2,accepted,,2066040883,2066047081122649,0
tf_policy_elo_random_start_continuation_g127_g140_2026-08-26,accepted/classic-fixed-12x10.jsonl#512a831ac25d54077215c95b,classic-fixed-12x10,classic,fixed,12x10,tf:128,tf:122,false,p2,accepted,,1345349921,1345353957049764,1
tf_policy_elo_random_start_continuation_g127_g140_2026-08-26,accepted/classic-fixed-12x10.jsonl#cbfa8537161fa8199584c56a,classic-fixed-12x10,classic,fixed,12x10,tf:128,tf:125,false,p1,accepted,,1323736336,1323740307209009,1
tf_policy_elo_random_start_continuation_g127_g140_2026-08-26,accepted/classic-fixed-12x10.jsonl#882d30ff1e41e222e456b24b,classic-fixed-12x10,classic,fixed,12x10,tf:128,tf:127,false,p1,accepted,,244769579,244770313308738,1
tf_policy_elo_random_start_continuation_g127_g140_2026-08-26,accepted/classic-fixed-12x10.jsonl#363845937fcc37300492f3c4,classic-fixed-12x10,classic,fixed,12x10,tf:128,tf:129,true,p2,accepted,,2143191577,2143198006574731,0
tf_policy_elo_random_start_continuation_g127_g140_2026-08-26,accepted/classic-fixed-12x10.jsonl#3d4789c8ea65a19ace3fd06a,classic-fixed-12x10,classic,fixed,12x10,tf:128,tf:131,true,p1,accepted,,345315574,345316609946722,0
tf_policy_elo_random_start_continuation_g127_g140_2026-08-26,accepted/classic-fixed-12x10.jsonl#a8160ab5f250fe59961fd528,classic-fixed-12x10,classic,fixed,12x10,tf:128,tf:134,true,p2,accepted,,307287620,307288541862860,0
tf_policy_elo_random_start_continuation_g127_g140_2026-08-26,accepted/classic-fixed-12x10.jsonl#5f58a361fc1d1ddd5ee89ee7,classic-fixed-12x10,classic,fixed,12x10,tf:129,tf:123,false,p2,accepted,,74571281,74571504713844,1
tf_policy_elo_random_start_continuation_g127_g140_2026-08-26,accepted/classic-fixed-12x10.jsonl#b534a2128569f8fe2a3984ce,classic-fixed-12x10,classic,fixed,12x10,tf:129,tf:126,false,p2,accepted,,515010677,515012222032032,1
tf_policy_elo_random_start_continuation_g127_g140_2026-08-26,accepted/classic-fixed-12x10.jsonl#541fbbf3a9360f98add66b69,classic-fixed-12x10,classic,fixed,12x10,tf:129,tf:128,false,p1,accepted,,2143191577,2143198006574732,1
tf_policy_elo_random_start_continuation_g127_g140_2026-08-26,accepted/classic-fixed-12x10.jsonl#993a17d7b7bc233fb50ef1c4,classic-fixed-12x10,classic,fixed,12x10,tf:129,tf:130,true,p1,accepted,,2263261,2263267789783,0
tf_policy_elo_random_start_continuation_g127_g140_2026-08-26,accepted/classic-fixed-12x10.jsonl#a2f327e4fea7a0dc84d0907a,classic-fixed-12x10,classic,fixed,12x10,tf:129,tf:132,true,p1,accepted,,807831317,807833740493951,0
tf_policy_elo_random_start_continuation_g127_g140_2026-08-26,accepted/classic-fixed-12x10.jsonl#8e4e81c9b8866607e32f989b,classic-fixed-12x10,classic,fixed,12x10,tf:129,tf:135,true,p1,accepted,,1724748250,1724753424244750,0
tf_policy_elo_random_start_continuation_g127_g140_2026-08-26,accepted/classic-fixed-12x10.jsonl#c0002128e44c562493ad1ac8,classic-fixed-12x10,classic,fixed,12x10,tf:130,tf:124,false,p2,accepted,,412989556,412990794968669,1
tf_policy_elo_random_start_continuation_g127_g140_2026-08-26,accepted/classic-fixed-12x10.jsonl#d0cbb610724f0133750f3f67,classic-fixed-12x10,classic,fixed,12x10,tf:130,tf:127,false,p1,accepted,,1319441661,1319445619324984,1
tf_policy_elo_random_start_continuation_g127_g140_2026-08-26,accepted/classic-fixed-12x10.jsonl#7b0f80cbc875ce1c14349314,classic-fixed-12x10,classic,fixed,12x10,tf:130,tf:129,false,p1,accepted,,2263261,2263267789784,1
tf_policy_elo_random_start_continuation_g127_g140_2026-08-26,accepted/classic-fixed-12x10.jsonl#90eab3b30a8ea61d801487c5,classic-fixed-12x10,classic,fixed,12x10,tf:130,tf:131,true,p1,accepted,,868511036,868513641533108,0
tf_policy_elo_random_start_continuation_g127_g140_2026-08-26,accepted/classic-fixed-12x10.jsonl#4a50c21be54eb5724358b4e3,classic-fixed-12x10,classic,fixed,12x10,tf:130,tf:133,true,p2,accepted,,928434958,928437743304874,0
tf_policy_elo_random_start_continuation_g127_g140_2026-08-26,accepted/classic-fixed-12x10.jsonl#cde303e69b697a700b770ee5,classic-fixed-12x10,classic,fixed,12x10,tf:130,tf:136,true,p2,accepted,,601891804,601893609675412,0
tf_policy_elo_random_start_continuation_g127_g140_2026-08-26,accepted/classic-fixed-12x10.jsonl#ccdbce4aa08c45c713a00491,classic-fixed-12x10,classic,fixed,12x10,tf:131,tf:125,false,p1,accepted,,316059524,316060472178573,1
tf_policy_elo_random_start_continuation_g127_g140_2026-08-26,accepted/classic-fixed-12x10.jsonl#c09d3020edbc7e991d02c2fd,classic-fixed-12x10,classic,fixed,12x10,tf:131,tf:128,false,p2,accepted,,345315574,345316609946723,1
tf_policy_elo_random_start_continuation_g127_g140_2026-08-26,accepted/classic-fixed-12x10.jsonl#d29bf65d9d4722d8e534da9e,classic-fixed-12x10,classic,fixed,12x10,tf:131,tf:130,false,p2,accepted,,868511036,868513641533109,1
tf_policy_elo_random_start_continuation_g127_g140_2026-08-26,accepted/classic-fixed-12x10.jsonl#86b34cd624534f87e199124f,classic-fixed-12x10,classic,fixed,12x10,tf:131,tf:132,true,p1,accepted,,93108603,93108882325809,0
tf_policy_elo_random_start_continuation_g127_g140_2026-08-26,accepted/classic-fixed-12x10.jsonl#1daea01324388e8663f01793,classic-fixed-12x10,classic,fixed,12x10,tf:131,tf:134,true,p1,accepted,,426978608,426979888935824,0
tf_policy_elo_random_start_continuation_g127_g140_2026-08-26,accepted/classic-fixed-12x10.jsonl#8e8f3f0f3afe4fe75115ab8a,classic-fixed-12x10,classic,fixed,12x10,tf:131,tf:137,true,p2,accepted,,208596737,208597362790211,0
tf_policy_elo_random_start_continuation_g127_g140_2026-08-26,accepted/classic-fixed-12x10.jsonl#2bb3d21258088531f9bd0a77,classic-fixed-12x10,classic,fixed,12x10,tf:132,tf:126,false,p1,accepted,,899596706,899599404790119,1
tf_policy_elo_random_start_continuation_g127_g140_2026-08-26,accepted/classic-fixed-12x10.jsonl#6d46507d05c973ddd877aa4c,classic-fixed-12x10,classic,fixed,12x10,tf:132,tf:129,false,p2,accepted,,807831317,807833740493952,1
tf_policy_elo_random_start_continuation_g127_g140_2026-08-26,accepted/classic-fixed-12x10.jsonl#a61446074ccadf5d3fc0818d,classic-fixed-12x10,classic,fixed,12x10,tf:132,tf:131,false,p1,accepted,,93108603,93108882325810,1
tf_policy_elo_random_start_continuation_g127_g140_2026-08-26,accepted/classic-fixed-12x10.jsonl#aeaaa635c08506a9a712718a,classic-fixed-12x10,classic,fixed,12x10,tf:132,tf:133,true,p2,accepted,,954307365,954310227922095,0
tf_policy_elo_random_start_continuation_g127_g140_2026-08-26,accepted/classic-fixed-12x10.jsonl#498d984fce78c9bb24859cba,classic-fixed-12x10,classic,fixed,12x10,tf:132,tf:135,true,p2,accepted,,767243677,767245978731031,0
tf_policy_elo_random_start_continuation_g127_g140_2026-08-26,accepted/classic-fixed-12x10.jsonl#8b5968b8f4b3a099f670abbe,classic-fixed-12x10,classic,fixed,12x10,tf:132,tf:138,true,p2,accepted,,1747908714,1747913957726142,0
tf_policy_elo_random_start_continuation_g127_g140_2026-08-26,accepted/classic-fixed-12x10.jsonl#196eaeddb60846e467ef409e,classic-fixed-12x10,classic,fixed,12x10,tf:133,tf:127,false,p1,accepted,,2066040883,2066047081122650,1
tf_policy_elo_random_start_continuation_g127_g140_2026-08-26,accepted/classic-fixed-12x10.jsonl#988a631f2a314412ffe034a9,classic-fixed-12x10,classic,fixed,12x10,tf:133,tf:130,false,p1,accepted,,928434958,928437743304875,1
tf_policy_elo_random_start_continuation_g127_g140_2026-08-26,accepted/classic-fixed-12x10.jsonl#030564e677f9d8e7cb0b292b,classic-fixed-12x10,classic,fixed,12x10,tf:133,tf:132,false,p2,accepted,,954307365,954310227922096,1
tf_policy_elo_random_start_continuation_g127_g140_2026-08-26,accepted/classic-fixed-12x10.jsonl#05334b4190fc743181dbde53,classic-fixed-12x10,classic,fixed,12x10,tf:133,tf:134,true,p1,accepted,,1970578561,1970584472735683,0
tf_policy_elo_random_start_continuation_g127_g140_2026-08-26,accepted/classic-fixed-12x10.jsonl#98845f4b7c44c6a0986ae5f2,classic-fixed-12x10,classic,fixed,12x10,tf:133,tf:136,true,p2,accepted,,1179176154,1179179691528462,0
tf_policy_elo_random_start_continuation_g127_g140_2026-08-26,accepted/classic-fixed-12x10.jsonl#1307304a58052e7a78670cc1,classic-fixed-12x10,classic,fixed,12x10,tf:133,tf:139,true,p1,accepted,,2108905418,2108911744716254,0
tf_policy_elo_random_start_continuation_g127_g140_2026-08-26,accepted/classic-fixed-12x10.jsonl#956b15e060766cb7fb6a67ec,classic-fixed-12x10,classic,fixed,12x10,tf:134,tf:128,false,p1,accepted,,307287620,307288541862861,1
tf_policy_elo_random_start_continuation_g127_g140_2026-08-26,accepted/classic-fixed-12x10.jsonl#8dcbf116c7fabba76b4f7d49,classic-fixed-12x10,classic,fixed,12x10,tf:134,tf:131,false,p1,accepted,,426978608,426979888935825,1
tf_policy_elo_random_start_continuation_g127_g140_2026-08-26,accepted/classic-fixed-12x10.jsonl#f092d850237dbc27deec1b81,classic-fixed-12x10,classic,fixed,12x10,tf:134,tf:133,false,p2,accepted,,1970578561,1970584472735684,1
tf_policy_elo_random_start_continuation_g127_g140_2026-08-26,accepted/classic-fixed-12x10.jsonl#edd582c3e72d9a427effeb84,classic-fixed-12x10,classic,fixed,12x10,tf:134,tf:135,true,p1,accepted,,908465643,908468368396929,0
tf_policy_elo_random_start_continuation_g127_g140_2026-08-26,accepted/classic-fixed-12x10.jsonl#1d7d712e724190bae0df457a,classic-fixed-12x10,classic,fixed,12x10,tf:134,tf:137,true,p1,accepted,,1978107032,1978112966321096,0
tf_policy_elo_random_start_continuation_g127_g140_2026-08-26,accepted/classic-fixed-12x10.jsonl#50aa93c6e529faf433b1d407,classic-fixed-12x10,classic,fixed,12x10,tf:134,tf:140,true,p1,accepted,,177546758,177547290640274,0
tf_policy_elo_random_start_continuation_g127_g140_2026-08-26,accepted/classic-fixed-12x10.jsonl#f877604faf795e719a43eb1a,classic-fixed-12x10,classic,fixed,12x10,tf:135,tf:129,false,p1,accepted,,1724748250,1724753424244751,1
tf_policy_elo_random_start_continuation_g127_g140_2026-08-26,accepted/classic-fixed-12x10.jsonl#fe7bf1592303c07cb8460484,classic-fixed-12x10,classic,fixed,12x10,tf:135,tf:132,false,p2,accepted,,767243677,767245978731032,1
tf_policy_elo_random_start_continuation_g127_g140_2026-08-26,accepted/classic-fixed-12x10.jsonl#dafb435d92d814eabe69b402,classic-fixed-12x10,classic,fixed,12x10,tf:135,tf:134,false,p1,accepted,,908465643,908468368396930,1
tf_policy_elo_random_start_continuation_g127_g140_2026-08-26,accepted/classic-fixed-12x10.jsonl#4df99873cd55fceca6533628,classic-fixed-12x10,classic,fixed,12x10,tf:135,tf:136,true,p1,accepted,,1703182749,1703187858548247,0
tf_policy_elo_random_start_continuation_g127_g140_2026-08-26,accepted/classic-fixed-12x10.jsonl#ff232e3000c6e858e3fea4c5,classic-fixed-12x10,classic,fixed,12x10,tf:135,tf:138,true,p1,accepted,,853915785,853918346747355,0
tf_policy_elo_random_start_continuation_g127_g140_2026-08-26,accepted/classic-fixed-12x10.jsonl#7a4e70db545e2d01bc09be46,classic-fixed-12x10,classic,fixed,12x10,tf:136,tf:130,false,p1,accepted,,601891804,601893609675413,1
tf_policy_elo_random_start_continuation_g127_g140_2026-08-26,accepted/classic-fixed-12x10.jsonl#827ed02d0fad3c554867875a,classic-fixed-12x10,classic,fixed,12x10,tf:136,tf:133,false,p1,accepted,,1179176154,1179179691528463,1
tf_policy_elo_random_start_continuation_g127_g140_2026-08-26,accepted/classic-fixed-12x10.jsonl#6006dfe4368cde4cfd783bfb,classic-fixed-12x10,classic,fixed,12x10,tf:136,tf:135,false,p1,accepted,,1703182749,1703187858548248,1
tf_policy_elo_random_start_continuation_g127_g140_2026-08-26,accepted/classic-fixed-12x10.jsonl#98103db707ad7cd460ddab1f,classic-fixed-12x10,classic,fixed,12x10,tf:136,tf:137,true,p2,accepted,,613658406,613660246975218,0
tf_policy_elo_random_start_continuation_g127_g140_2026-08-26,accepted/classic-fixed-12x10.jsonl#fc12f19601b316fca6642110,classic-fixed-12x10,classic,fixed,12x10,tf:136,tf:139,true,p2,accepted,,1299859368,1299863267578104,0
tf_policy_elo_random_start_continuation_g127_g140_2026-08-26,accepted/classic-fixed-12x10.jsonl#a6d34afe3b644141fec38477,classic-fixed-12x10,classic,fixed,12x10,tf:137,tf:131,false,p2,accepted,,208596737,208597362790212,1
tf_policy_elo_random_start_continuation_g127_g140_2026-08-26,accepted/classic-fixed-12x10.jsonl#871acf40891259ea129c757d,classic-fixed-12x10,classic,fixed,12x10,tf:137,tf:134,false,p2,accepted,,1978107032,1978112966321097,1
tf_policy_elo_random_start_continuation_g127_g140_2026-08-26,accepted/classic-fixed-12x10.jsonl#9e4611064ac612a3a1368f4e,classic-fixed-12x10,classic,fixed,12x10,tf:137,tf:136,false,p2,accepted,,613658406,613660246975219,1
tf_policy_elo_random_start_continuation_g127_g140_2026-08-26,accepted/classic-fixed-12x10.jsonl#cfc1a36066df61532bbf95d5,classic-fixed-12x10,classic,fixed,12x10,tf:137,tf:138,true,p2,accepted,,1732510187,1732515384530561,0
tf_policy_elo_random_start_continuation_g127_g140_2026-08-26,accepted/classic-fixed-12x10.jsonl#54b36acc786d45d092033ad9,classic-fixed-12x10,classic,fixed,12x10,tf:137,tf:140,true,p1,accepted,,424702798,424704072108394,0
tf_policy_elo_random_start_continuation_g127_g140_2026-08-26,accepted/classic-fixed-12x10.jsonl#4846b0cd94b7bea289ecbabd,classic-fixed-12x10,classic,fixed,12x10,tf:138,tf:132,false,p1,accepted,,1747908714,1747913957726143,1
tf_policy_elo_random_start_continuation_g127_g140_2026-08-26,accepted/classic-fixed-12x10.jsonl#f57aa8267e09dca81d23e84f,classic-fixed-12x10,classic,fixed,12x10,tf:138,tf:135,false,p1,accepted,,853915785,853918346747356,1
tf_policy_elo_random_start_continuation_g127_g140_2026-08-26,accepted/classic-fixed-12x10.jsonl#03b7c1ab8a97ec2633fc6567,classic-fixed-12x10,classic,fixed,12x10,tf:138,tf:137,false,p1,accepted,,1732510187,1732515384530562,1
tf_policy_elo_random_start_continuation_g127_g140_2026-08-26,accepted/classic-fixed-12x10.jsonl#a05734474ed5385c651538b5,classic-fixed-12x10,classic,fixed,12x10,tf:138,tf:139,true,p1,accepted,,2074312875,2074319097938625,0
tf_policy_elo_random_start_continuation_g127_g140_2026-08-26,accepted/classic-fixed-12x10.jsonl#431dbb5d75e9c1a347892f58,classic-fixed-12x10,classic,fixed,12x10,tf:139,tf:133,false,p2,accepted,,2108905418,2108911744716255,1
tf_policy_elo_random_start_continuation_g127_g140_2026-08-26,accepted/classic-fixed-12x10.jsonl#733a5c1f29eff9ab28027315,classic-fixed-12x10,classic,fixed,12x10,tf:139,tf:136,false,p1,accepted,,1299859368,1299863267578105,1
tf_policy_elo_random_start_continuation_g127_g140_2026-08-26,accepted/classic-fixed-12x10.jsonl#4d6e51980260d77f22653725,classic-fixed-12x10,classic,fixed,12x10,tf:139,tf:138,false,p2,accepted,,2074312875,2074319097938626,1
tf_policy_elo_random_start_continuation_g127_g140_2026-08-26,accepted/classic-fixed-12x10.jsonl#536a135a55ad38bd8b367b34,classic-fixed-12x10,classic,fixed,12x10,tf:139,tf:140,true,p1,accepted,,2117027130,2117033481081390,0
tf_policy_elo_random_start_continuation_g127_g140_2026-08-26,accepted/classic-fixed-12x10.jsonl#1736b3b0aca2b48fd9b3abd5,classic-fixed-12x10,classic,fixed,12x10,tf:140,tf:134,false,p1,accepted,,177546758,177547290640275,1
tf_policy_elo_random_start_continuation_g127_g140_2026-08-26,accepted/classic-fixed-12x10.jsonl#7289c32f2866a005087ebf77,classic-fixed-12x10,classic,fixed,12x10,tf:140,tf:137,false,p1,accepted,,424702798,424704072108395,1
tf_policy_elo_random_start_continuation_g127_g140_2026-08-26,accepted/classic-fixed-12x10.jsonl#97a37320c1461cf503f79030,classic-fixed-12x10,classic,fixed,12x10,tf:140,tf:139,false,p1,accepted,,2117027130,2117033481081391,1
tf_policy_elo_random_start_continuation_g127_g140_2026-08-26,accepted/classic-fixed-8x8.jsonl#d6ac6255e9e8e0e7cc057f0e,classic-fixed-8x8,classic,fixed,8x8,tf:121,tf:127,true,p1,accepted,,756207069,756209337621207,0
tf_policy_elo_random_start_continuation_g127_g140_2026-08-26,accepted/classic-fixed-8x8.jsonl#41bd56f788972165348c3eac,classic-fixed-8x8,classic,fixed,8x8,tf:122,tf:128,true,p2,accepted,,1439604412,1439608730813236,0
tf_policy_elo_random_start_continuation_g127_g140_2026-08-26,accepted/classic-fixed-8x8.jsonl#fca066da0c4904b32936fee5,classic-fixed-8x8,classic,fixed,8x8,tf:123,tf:129,true,p2,accepted,,75194947,75195172584841,0
tf_policy_elo_random_start_continuation_g127_g140_2026-08-26,accepted/classic-fixed-8x8.jsonl#e33ed4d5b1efd236f7c4e471,classic-fixed-8x8,classic,fixed,8x8,tf:124,tf:127,true,p2,accepted,,1081797649,1081800894392947,0
tf_policy_elo_random_start_continuation_g127_g140_2026-08-26,accepted/classic-fixed-8x8.jsonl#ba53d1bab699215a0bf0440d,classic-fixed-8x8,classic,fixed,8x8,tf:124,tf:130,true,p1,accepted,,712869223,712871361607669,0
tf_policy_elo_random_start_continuation_g127_g140_2026-08-26,accepted/classic-fixed-8x8.jsonl#ddbff0978dabcb7fdd9c5b50,classic-fixed-8x8,classic,fixed,8x8,tf:125,tf:128,true,p2,accepted,,373728565,373729686185695,0
tf_policy_elo_random_start_continuation_g127_g140_2026-08-26,accepted/classic-fixed-8x8.jsonl#7d6e37f24508b04114b03ac4,classic-fixed-8x8,classic,fixed,8x8,tf:125,tf:131,true,p2,accepted,,315986096,315987043958288,0
tf_policy_elo_random_start_continuation_g127_g140_2026-08-26,accepted/classic-fixed-8x8.jsonl#0a8c96690b94e7e7c5f24cc1,classic-fixed-8x8,classic,fixed,8x8,tf:126,tf:127,true,p2,accepted,,1264881125,1264884919643375,0
tf_policy_elo_random_start_continuation_g127_g140_2026-08-26,accepted/classic-fixed-8x8.jsonl#337d09c357f03e467fcb3d40,classic-fixed-8x8,classic,fixed,8x8,tf:126,tf:129,true,p2,accepted,,1290494086,1290497957482258,0
tf_policy_elo_random_start_continuation_g127_g140_2026-08-26,accepted/classic-fixed-8x8.jsonl#dcc0c5f04dd67e0658e22461,classic-fixed-8x8,classic,fixed,8x8,tf:126,tf:132,true,p1,accepted,,887148547,887151208445641,0
tf_policy_elo_random_start_continuation_g127_g140_2026-08-26,accepted/classic-fixed-8x8.jsonl#6b3910a0fc116d62e9c27fe6,classic-fixed-8x8,classic,fixed,8x8,tf:127,tf:121,false,p2,accepted,,756207069,756209337621208,1
tf_policy_elo_random_start_continuation_g127_g140_2026-08-26,accepted/classic-fixed-8x8.jsonl#7fecaa9538adc307b7a2d830,classic-fixed-8x8,classic,fixed,8x8,tf:127,tf:124,false,p2,accepted,,1081797649,1081800894392948,1
tf_policy_elo_random_start_continuation_g127_g140_2026-08-26,accepted/classic-fixed-8x8.jsonl#2be4d9bfc041f44e7d460736,classic-fixed-8x8,classic,fixed,8x8,tf:127,tf:126,false,p2,accepted,,1264881125,1264884919643376,1
tf_policy_elo_random_start_continuation_g127_g140_2026-08-26,accepted/classic-fixed-8x8.jsonl#d44740dde8549b921e4b9998,classic-fixed-8x8,classic,fixed,8x8,tf:127,tf:128,true,p2,accepted,,613010766,613012605032298,0
tf_policy_elo_random_start_continuation_g127_g140_2026-08-26,accepted/classic-fixed-8x8.jsonl#3dcd65f5a26081da615ac280,classic-fixed-8x8,classic,fixed,8x8,tf:127,tf:130,true,p2,accepted,,1353804327,1353808388412981,0
tf_policy_elo_random_start_continuation_g127_g140_2026-08-26,accepted/classic-fixed-8x8.jsonl#624c23b464a5996a74fd19b6,classic-fixed-8x8,classic,fixed,8x8,tf:127,tf:133,true,p2,accepted,,1132178484,1132181880535452,0
tf_policy_elo_random_start_continuation_g127_g140_2026-08-26,accepted/classic-fixed-8x8.jsonl#4052df044b24c46e243395a6,classic-fixed-8x8,classic,fixed,8x8,tf:128,tf:122,false,p2,accepted,,1439604412,1439608730813237,1
tf_policy_elo_random_start_continuation_g127_g140_2026-08-26,accepted/classic-fixed-8x8.jsonl#681c532ecc53160871f78592,classic-fixed-8x8,classic,fixed,8x8,tf:128,tf:125,false,p2,accepted,,373728565,373729686185696,1
tf_policy_elo_random_start_continuation_g127_g140_2026-08-26,accepted/classic-fixed-8x8.jsonl#d73c21f3a73bf76f2795f2c7,classic-fixed-8x8,classic,fixed,8x8,tf:128,tf:127,false,p1,accepted,,613010766,613012605032299,1
tf_policy_elo_random_start_continuation_g127_g140_2026-08-26,accepted/classic-fixed-8x8.jsonl#c7169aa4eb7bb7488e13510e,classic-fixed-8x8,classic,fixed,8x8,tf:128,tf:129,true,p2,accepted,,437884931,437886244654793,0
tf_policy_elo_random_start_continuation_g127_g140_2026-08-26,accepted/classic-fixed-8x8.jsonl#57b8e25b702754acb7918f82,classic-fixed-8x8,classic,fixed,8x8,tf:128,tf:131,true,p2,accepted,,1470409416,1470413827228248,0
tf_policy_elo_random_start_continuation_g127_g140_2026-08-26,accepted/classic-fixed-8x8.jsonl#9c8451b7f1866ff6c9a06e90,classic-fixed-8x8,classic,fixed,8x8,tf:128,tf:134,true,p1,accepted,,23176948,23177017530844,0
tf_policy_elo_random_start_continuation_g127_g140_2026-08-26,accepted/classic-fixed-8x8.jsonl#c6793271410db04ae4fe0051,classic-fixed-8x8,classic,fixed,8x8,tf:129,tf:123,false,p1,accepted,,75194947,75195172584842,1
tf_policy_elo_random_start_continuation_g127_g140_2026-08-26,accepted/classic-fixed-8x8.jsonl#8b0de933de1f0175194a1523,classic-fixed-8x8,classic,fixed,8x8,tf:129,tf:126,false,p2,accepted,,1290494086,1290497957482259,1
tf_policy_elo_random_start_continuation_g127_g140_2026-08-26,accepted/classic-fixed-8x8.jsonl#81689f8adf3b69e2979fdc45,classic-fixed-8x8,classic,fixed,8x8,tf:129,tf:128,false,p1,accepted,,437884931,437886244654794,1
tf_policy_elo_random_start_continuation_g127_g140_2026-08-26,accepted/classic-fixed-8x8.jsonl#374f1a0ae06c450e93ea7a6c,classic-fixed-8x8,classic,fixed,8x8,tf:129,tf:130,true,p2,accepted,,48914283,48914429742849,0
tf_policy_elo_random_start_continuation_g127_g140_2026-08-26,accepted/classic-fixed-8x8.jsonl#3e234dadb8999ed782f6cb7c,classic-fixed-8x8,classic,fixed,8x8,tf:129,tf:132,true,p1,accepted,,266584047,266584846752141,0
tf_policy_elo_random_start_continuation_g127_g140_2026-08-26,accepted/classic-fixed-8x8.jsonl#ab532a879878b8c1406ba613,classic-fixed-8x8,classic,fixed,8x8,tf:129,tf:135,true,p2,accepted,,1202230546,1202234152691638,0
tf_policy_elo_random_start_continuation_g127_g140_2026-08-26,accepted/classic-fixed-8x8.jsonl#ebbca57cc3cb11b3b1f693e8,classic-fixed-8x8,classic,fixed,8x8,tf:130,tf:124,false,p1,accepted,,712869223,712871361607670,1
tf_policy_elo_random_start_continuation_g127_g140_2026-08-26,accepted/classic-fixed-8x8.jsonl#99118d2986be78418530f14f,classic-fixed-8x8,classic,fixed,8x8,tf:130,tf:127,false,p2,accepted,,1353804327,1353808388412982,1
tf_policy_elo_random_start_continuation_g127_g140_2026-08-26,accepted/classic-fixed-8x8.jsonl#3f71744cdcf094f64ea56fad,classic-fixed-8x8,classic,fixed,8x8,tf:130,tf:129,false,p1,accepted,,48914283,48914429742850,1
tf_policy_elo_random_start_continuation_g127_g140_2026-08-26,accepted/classic-fixed-8x8.jsonl#8511d104d5a8f3dcdbf2202b,classic-fixed-8x8,classic,fixed,8x8,tf:130,tf:131,true,p1,accepted,,837262442,837264953787326,0
tf_policy_elo_random_start_continuation_g127_g140_2026-08-26,accepted/classic-fixed-8x8.jsonl#259f36a803841008e93088db,classic-fixed-8x8,classic,fixed,8x8,tf:130,tf:133,true,p1,accepted,,1590056323,1590061093168969,0
tf_policy_elo_random_start_continuation_g127_g140_2026-08-26,accepted/classic-fixed-8x8.jsonl#4c807edeade3948824199abe,classic-fixed-8x8,classic,fixed,8x8,tf:130,tf:136,true,p2,accepted,,1533178318,1533182917534954,0
tf_policy_elo_random_start_continuation_g127_g140_2026-08-26,accepted/classic-fixed-8x8.jsonl#73a3d181be60af5cc021b2c2,classic-fixed-8x8,classic,fixed,8x8,tf:131,tf:125,false,p1,accepted,,315986096,315987043958289,1
tf_policy_elo_random_start_continuation_g127_g140_2026-08-26,accepted/classic-fixed-8x8.jsonl#620336efb6168119bb0bc4b2,classic-fixed-8x8,classic,fixed,8x8,tf:131,tf:128,false,p1,accepted,,1470409416,1470413827228249,1
tf_policy_elo_random_start_continuation_g127_g140_2026-08-26,accepted/classic-fixed-8x8.jsonl#915dcc365320dad28f2155f1,classic-fixed-8x8,classic,fixed,8x8,tf:131,tf:130,false,p2,accepted,,837262442,837264953787327,1
tf_policy_elo_random_start_continuation_g127_g140_2026-08-26,accepted/classic-fixed-8x8.jsonl#f5eaa33b02a23ad5ec26ea2f,classic-fixed-8x8,classic,fixed,8x8,tf:131,tf:132,true,p2,accepted,,859433666,859436244300998,0
tf_policy_elo_random_start_continuation_g127_g140_2026-08-26,accepted/classic-fixed-8x8.jsonl#823bbfece833329e799900e3,classic-fixed-8x8,classic,fixed,8x8,tf:131,tf:134,true,p1,accepted,,624880691,624882565642073,0
tf_policy_elo_random_start_continuation_g127_g140_2026-08-26,accepted/classic-fixed-8x8.jsonl#0f9151518d80725992bc45fd,classic-fixed-8x8,classic,fixed,8x8,tf:131,tf:137,true,p2,accepted,,505941915,505943432825745,0
tf_policy_elo_random_start_continuation_g127_g140_2026-08-26,accepted/classic-fixed-8x8.jsonl#5550df686c4a78b2f9ae0004,classic-fixed-8x8,classic,fixed,8x8,tf:132,tf:126,false,p1,accepted,,887148547,887151208445642,1
tf_policy_elo_random_start_continuation_g127_g140_2026-08-26,accepted/classic-fixed-8x8.jsonl#0dc856dc572fda4f4f2cf093,classic-fixed-8x8,classic,fixed,8x8,tf:132,tf:129,false,p1,accepted,,266584047,266584846752142,1
tf_policy_elo_random_start_continuation_g127_g140_2026-08-26,accepted/classic-fixed-8x8.jsonl#9da6da92eddffc94efc66b3c,classic-fixed-8x8,classic,fixed,8x8,tf:132,tf:131,false,p2,accepted,,859433666,859436244300999,1
tf_policy_elo_random_start_continuation_g127_g140_2026-08-26,accepted/classic-fixed-8x8.jsonl#929be3d70b2da43aca043bdf,classic-fixed-8x8,classic,fixed,8x8,tf:132,tf:133,true,p2,accepted,,151028023,151028476084069,0
tf_policy_elo_random_start_continuation_g127_g140_2026-08-26,accepted/classic-fixed-8x8.jsonl#7bb4009b4ce57e38186a1a47,classic-fixed-8x8,classic,fixed,8x8,tf:132,tf:135,true,p1,accepted,,381477266,381478410431798,0
tf_policy_elo_random_start_continuation_g127_g140_2026-08-26,accepted/classic-fixed-8x8.jsonl#ab13f12acce873047a59f3ce,classic-fixed-8x8,classic,fixed,8x8,tf:132,tf:138,true,p1,accepted,,1858213766,1858219340641298,0
tf_policy_elo_random_start_continuation_g127_g140_2026-08-26,accepted/classic-fixed-8x8.jsonl#10794e9dc9c7dd38b092f00e,classic-fixed-8x8,classic,fixed,8x8,tf:133,tf:127,false,p1,accepted,,1132178484,1132181880535453,1
tf_policy_elo_random_start_continuation_g127_g140_2026-08-26,accepted/classic-fixed-8x8.jsonl#75c4608755e4e1845054ec41,classic-fixed-8x8,classic,fixed,8x8,tf:133,tf:130,false,p1,accepted,,1590056323,1590061093168970,1
tf_policy_elo_random_start_continuation_g127_g140_2026-08-26,accepted/classic-fixed-8x8.jsonl#3c6e381367802005557b98d5,classic-fixed-8x8,classic,fixed,8x8,tf:133,tf:132,false,p1,accepted,,151028023,151028476084070,1
tf_policy_elo_random_start_continuation_g127_g140_2026-08-26,accepted/classic-fixed-8x8.jsonl#d04b78d1cf09bbda523a3c5e,classic-fixed-8x8,classic,fixed,8x8,tf:133,tf:134,true,p2,accepted,,1294404950,1294408833214850,0
tf_policy_elo_random_start_continuation_g127_g140_2026-08-26,accepted/classic-fixed-8x8.jsonl#1a47e692c36835cbcb7204c0,classic-fixed-8x8,classic,fixed,8x8,tf:133,tf:136,true,p2,accepted,,445954430,445955767863290,0
tf_policy_elo_random_start_continuation_g127_g140_2026-08-26,accepted/classic-fixed-8x8.jsonl#5908e47da8628e68c94fbe5f,classic-fixed-8x8,classic,fixed,8x8,tf:133,tf:139,true,p1,accepted,,145175603,145176038526809,0
tf_policy_elo_random_start_continuation_g127_g140_2026-08-26,accepted/classic-fixed-8x8.jsonl#38ebd64e8458a9a16f7c7cd8,classic-fixed-8x8,classic,fixed,8x8,tf:134,tf:128,false,p2,accepted,,23176948,23177017530845,1
tf_policy_elo_random_start_continuation_g127_g140_2026-08-26,accepted/classic-fixed-8x8.jsonl#bd4abd764c40570978cfe354,classic-fixed-8x8,classic,fixed,8x8,tf:134,tf:131,false,p1,accepted,,624880691,624882565642074,1
tf_policy_elo_random_start_continuation_g127_g140_2026-08-26,accepted/classic-fixed-8x8.jsonl#c4ec8e404a321ead97d984bc,classic-fixed-8x8,classic,fixed,8x8,tf:134,tf:133,false,p2,accepted,,1294404950,1294408833214851,1
tf_policy_elo_random_start_continuation_g127_g140_2026-08-26,accepted/classic-fixed-8x8.jsonl#4c707fca4e6908adb4de0375,classic-fixed-8x8,classic,fixed,8x8,tf:134,tf:135,true,p1,accepted,,1308221995,1308225919665985,0
tf_policy_elo_random_start_continuation_g127_g140_2026-08-26,accepted/classic-fixed-8x8.jsonl#e34e20281f8fd53f051eaed3,classic-fixed-8x8,classic,fixed,8x8,tf:134,tf:137,true,p1,accepted,,1635463100,1635468006389300,0
tf_policy_elo_random_start_continuation_g127_g140_2026-08-26,accepted/classic-fixed-8x8.jsonl#b5118ff739e17e17e4da6f76,classic-fixed-8x8,classic,fixed,8x8,tf:134,tf:140,true,p2,accepted,,1386307439,1386311597922317,0
tf_policy_elo_random_start_continuation_g127_g140_2026-08-26,accepted/classic-fixed-8x8.jsonl#de881707f0b9963e5d1d64ab,classic-fixed-8x8,classic,fixed,8x8,tf:135,tf:129,false,p1,accepted,,1202230546,1202234152691639,1
tf_policy_elo_random_start_continuation_g127_g140_2026-08-26,accepted/classic-fixed-8x8.jsonl#6064c30e81a8d716c89a956f,classic-fixed-8x8,classic,fixed,8x8,tf:135,tf:132,false,p1,accepted,,381477266,381478410431799,1
tf_policy_elo_random_start_continuation_g127_g140_2026-08-26,accepted/classic-fixed-8x8.jsonl#bbf4dfca1b553a05c920b6f1,classic-fixed-8x8,classic,fixed,8x8,tf:135,tf:134,false,p1,accepted,,1308221995,1308225919665986,1
tf_policy_elo_random_start_continuation_g127_g140_2026-08-26,accepted/classic-fixed-8x8.jsonl#21ceba505473ab00a443b041,classic-fixed-8x8,classic,fixed,8x8,tf:135,tf:136,true,p1,accepted,,2042944797,2042950925834391,0
tf_policy_elo_random_start_continuation_g127_g140_2026-08-26,accepted/classic-fixed-8x8.jsonl#ea082dd7d27d446abe7f6a52,classic-fixed-8x8,classic,fixed,8x8,tf:135,tf:138,true,p1,accepted,,222893312,222893980679936,0
tf_policy_elo_random_start_continuation_g127_g140_2026-08-26,accepted/classic-fixed-8x8.jsonl#0cf6449c199adda79c003353,classic-fixed-8x8,classic,fixed,8x8,tf:136,tf:130,false,p2,accepted,,1533178318,1533182917534955,1
tf_policy_elo_random_start_continuation_g127_g140_2026-08-26,accepted/classic-fixed-8x8.jsonl#36ba3dbe37064b368aa3768e,classic-fixed-8x8,classic,fixed,8x8,tf:136,tf:133,false,p2,accepted,,445954430,445955767863291,1
tf_policy_elo_random_start_continuation_g127_g140_2026-08-26,accepted/classic-fixed-8x8.jsonl#b5205427f5b02eb51a2a32cb,classic-fixed-8x8,classic,fixed,8x8,tf:136,tf:135,false,p1,accepted,,2042944797,2042950925834392,1
tf_policy_elo_random_start_continuation_g127_g140_2026-08-26,accepted/classic-fixed-8x8.jsonl#bd3a7ef614eff018eedda6f2,classic-fixed-8x8,classic,fixed,8x8,tf:136,tf:137,true,p1,accepted,,849357597,849360145072791,0
tf_policy_elo_random_start_continuation_g127_g140_2026-08-26,accepted/classic-fixed-8x8.jsonl#88308a22c07cf6fa51eea039,classic-fixed-8x8,classic,fixed,8x8,tf:136,tf:139,true,p2,accepted,,1243498541,1243502271495623,0
tf_policy_elo_random_start_continuation_g127_g140_2026-08-26,accepted/classic-fixed-8x8.jsonl#e9cd7202ca73352e9a99984f,classic-fixed-8x8,classic,fixed,8x8,tf:137,tf:131,false,p2,accepted,,505941915,505943432825746,1
tf_policy_elo_random_start_continuation_g127_g140_2026-08-26,accepted/classic-fixed-8x8.jsonl#3174e32af0361aa952937866,classic-fixed-8x8,classic,fixed,8x8,tf:137,tf:134,false,p1,accepted,,1635463100,1635468006389301,1
tf_policy_elo_random_start_continuation_g127_g140_2026-08-26,accepted/classic-fixed-8x8.jsonl#c1e9a1a675422c1239ed5a88,classic-fixed-8x8,classic,fixed,8x8,tf:137,tf:136,false,p2,accepted,,849357597,849360145072792,1
tf_policy_elo_random_start_continuation_g127_g140_2026-08-26,accepted/classic-fixed-8x8.jsonl#dc2b7ee258ace6f35e3404db,classic-fixed-8x8,classic,fixed,8x8,tf:137,tf:138,true,p1,accepted,,1679935470,1679940509806410,0
tf_policy_elo_random_start_continuation_g127_g140_2026-08-26,accepted/classic-fixed-8x8.jsonl#6268c337db5a5d39694fc5f6,classic-fixed-8x8,classic,fixed,8x8,tf:137,tf:140,true,p1,accepted,,273817131,273817952451393,0
tf_policy_elo_random_start_continuation_g127_g140_2026-08-26,accepted/classic-fixed-8x8.jsonl#20b5e233115df85eb12bea63,classic-fixed-8x8,classic,fixed,8x8,tf:138,tf:132,false,p1,accepted,,1858213766,1858219340641299,1
tf_policy_elo_random_start_continuation_g127_g140_2026-08-26,accepted/classic-fixed-8x8.jsonl#f1c056755d63cda0af81591a,classic-fixed-8x8,classic,fixed,8x8,tf:138,tf:135,false,p1,accepted,,222893312,222893980679937,1
tf_policy_elo_random_start_continuation_g127_g140_2026-08-26,accepted/classic-fixed-8x8.jsonl#895a49b7fdf52ba22bc0e162,classic-fixed-8x8,classic,fixed,8x8,tf:138,tf:137,false,p1,accepted,,1679935470,1679940509806411,1
tf_policy_elo_random_start_continuation_g127_g140_2026-08-26,accepted/classic-fixed-8x8.jsonl#b0a7ac2997ac8b1aa984d9ec,classic-fixed-8x8,classic,fixed,8x8,tf:138,tf:139,true,p2,accepted,,1987748118,1987754081244354,0
tf_policy_elo_random_start_continuation_g127_g140_2026-08-26,accepted/classic-fixed-8x8.jsonl#e9887fb68c0eaa048c66d8e9,classic-fixed-8x8,classic,fixed,8x8,tf:139,tf:133,false,p1,accepted,,145175603,145176038526810,1
tf_policy_elo_random_start_continuation_g127_g140_2026-08-26,accepted/classic-fixed-8x8.jsonl#d4d6bbff397d804cc39407ff,classic-fixed-8x8,classic,fixed,8x8,tf:139,tf:136,false,p1,accepted,,1243498541,1243502271495624,1
tf_policy_elo_random_start_continuation_g127_g140_2026-08-26,accepted/classic-fixed-8x8.jsonl#36cdf8b5b745fcfee3505728,classic-fixed-8x8,classic,fixed,8x8,tf:139,tf:138,false,p2,accepted,,1987748118,1987754081244355,1
tf_policy_elo_random_start_continuation_g127_g140_2026-08-26,accepted/classic-fixed-8x8.jsonl#f2a9f29c90aec41abb12ceb0,classic-fixed-8x8,classic,fixed,8x8,tf:139,tf:140,true,p1,accepted,,387500236,387501398500708,0
tf_policy_elo_random_start_continuation_g127_g140_2026-08-26,accepted/classic-fixed-8x8.jsonl#d2e61629effe695e3db733b5,classic-fixed-8x8,classic,fixed,8x8,tf:140,tf:134,false,p1,accepted,,1386307439,1386311597922318,1
tf_policy_elo_random_start_continuation_g127_g140_2026-08-26,accepted/classic-fixed-8x8.jsonl#d4a25be1c1f0cac5f6506e9f,classic-fixed-8x8,classic,fixed,8x8,tf:140,tf:137,false,p1,accepted,,273817131,273817952451394,1
tf_policy_elo_random_start_continuation_g127_g140_2026-08-26,accepted/classic-fixed-8x8.jsonl#63cb6caa2b0338601ddbd383,classic-fixed-8x8,classic,fixed,8x8,tf:140,tf:139,false,p1,accepted,,387500236,387501398500709,1
tf_policy_elo_random_start_continuation_g127_g140_2026-08-26,accepted/classic-random-12x10.jsonl#078431018643ed97a3a3b643,classic-random-12x10,classic,random-start,12x10,tf:121,tf:127,true,p1,accepted,,1799440297,1799445695320891,0
tf_policy_elo_random_start_continuation_g127_g140_2026-08-26,accepted/classic-random-12x10.jsonl#022809b75e867761751f9ca0,classic-random-12x10,classic,random-start,12x10,tf:121,tf:127,true,p2,accepted,,1799440297,1799445695320893,2
tf_policy_elo_random_start_continuation_g127_g140_2026-08-26,accepted/classic-random-12x10.jsonl#ef482ca00fa92ae5b8289c45,classic-random-12x10,classic,random-start,12x10,tf:121,tf:127,true,p2,accepted,,1799440297,1799445695320895,4
tf_policy_elo_random_start_continuation_g127_g140_2026-08-26,accepted/classic-random-12x10.jsonl#fd0281f444df4b4b220f7131,classic-random-12x10,classic,random-start,12x10,tf:121,tf:127,true,p1,accepted,,1799440297,1799445695320897,6
tf_policy_elo_random_start_continuation_g127_g140_2026-08-26,accepted/classic-random-12x10.jsonl#66c1e4c5dbb4050fd148bff8,classic-random-12x10,classic,random-start,12x10,tf:121,tf:127,true,p2,accepted,,1799440297,1799445695320899,8
tf_policy_elo_random_start_continuation_g127_g140_2026-08-26,accepted/classic-random-12x10.jsonl#d9b9dba891039dcddb847c0b,classic-random-12x10,classic,random-start,12x10,tf:121,tf:127,true,p1,accepted,,1799440297,1799445695320901,10
tf_policy_elo_random_start_continuation_g127_g140_2026-08-26,accepted/classic-random-12x10.jsonl#de03f047e3571593114e66f2,classic-random-12x10,classic,random-start,12x10,tf:122,tf:128,true,p2,accepted,,349866938,349867987600814,0
tf_policy_elo_random_start_continuation_g127_g140_2026-08-26,accepted/classic-random-12x10.jsonl#7f8a3be165df039333df2899,classic-random-12x10,classic,random-start,12x10,tf:122,tf:128,true,p1,accepted,,349866938,349867987600816,2
tf_policy_elo_random_start_continuation_g127_g140_2026-08-26,accepted/classic-random-12x10.jsonl#8fd5744b7431a71bac015838,classic-random-12x10,classic,random-start,12x10,tf:122,tf:128,true,p1,accepted,,349866938,349867987600818,4
tf_policy_elo_random_start_continuation_g127_g140_2026-08-26,accepted/classic-random-12x10.jsonl#6aedfd76e735058f10ea0491,classic-random-12x10,classic,random-start,12x10,tf:122,tf:128,true,p1,accepted,,349866938,349867987600820,6
tf_policy_elo_random_start_continuation_g127_g140_2026-08-26,accepted/classic-random-12x10.jsonl#60c0138ae62454978fd73f4a,classic-random-12x10,classic,random-start,12x10,tf:122,tf:128,true,p2,accepted,,349866938,349867987600822,8
tf_policy_elo_random_start_continuation_g127_g140_2026-08-26,accepted/classic-random-12x10.jsonl#1791a51e6173c536c10053db,classic-random-12x10,classic,random-start,12x10,tf:122,tf:128,true,p1,accepted,,349866938,349867987600824,10
tf_policy_elo_random_start_continuation_g127_g140_2026-08-26,accepted/classic-random-12x10.jsonl#3ec620f085ea73a74d40e2c0,classic-random-12x10,classic,random-start,12x10,tf:123,tf:129,true,p1,accepted,,185096088,185096643288264,0
tf_policy_elo_random_start_continuation_g127_g140_2026-08-26,accepted/classic-random-12x10.jsonl#97a9e7e165643e0a58b05d58,classic-random-12x10,classic,random-start,12x10,tf:123,tf:129,true,p1,accepted,,185096088,185096643288266,2
tf_policy_elo_random_start_continuation_g127_g140_2026-08-26,accepted/classic-random-12x10.jsonl#47ec6aa5759683babcfcf8ee,classic-random-12x10,classic,random-start,12x10,tf:123,tf:129,true,p1,accepted,,185096088,185096643288268,4
tf_policy_elo_random_start_continuation_g127_g140_2026-08-26,accepted/classic-random-12x10.jsonl#c2188dd0221aab16b2fe9a9c,classic-random-12x10,classic,random-start,12x10,tf:123,tf:129,true,p1,accepted,,185096088,185096643288270,6
tf_policy_elo_random_start_continuation_g127_g140_2026-08-26,accepted/classic-random-12x10.jsonl#9063fad1a10752743470d4b6,classic-random-12x10,classic,random-start,12x10,tf:123,tf:129,true,p1,accepted,,185096088,185096643288272,8
tf_policy_elo_random_start_continuation_g127_g140_2026-08-26,accepted/classic-random-12x10.jsonl#df157aec06d55aee9629c594,classic-random-12x10,classic,random-start,12x10,tf:123,tf:129,true,p2,accepted,,185096088,185096643288274,10
tf_policy_elo_random_start_continuation_g127_g140_2026-08-26,accepted/classic-random-12x10.jsonl#3e1fc6b076fe82fd5d942275,classic-random-12x10,classic,random-start,12x10,tf:124,tf:127,true,p2,accepted,,16420381,16420430261143,0
tf_policy_elo_random_start_continuation_g127_g140_2026-08-26,accepted/classic-random-12x10.jsonl#ddb40ef98bb97b010e63fa6a,classic-random-12x10,classic,random-start,12x10,tf:124,tf:127,true,p2,accepted,,16420381,16420430261145,2
tf_policy_elo_random_start_continuation_g127_g140_2026-08-26,accepted/classic-random-12x10.jsonl#53cd471fc1545d96df52e0b2,classic-random-12x10,classic,random-start,12x10,tf:124,tf:127,true,p1,accepted,,16420381,16420430261147,4
tf_policy_elo_random_start_continuation_g127_g140_2026-08-26,accepted/classic-random-12x10.jsonl#134d3d2d56b8db43e4433ace,classic-random-12x10,classic,random-start,12x10,tf:124,tf:127,true,p2,accepted,,16420381,16420430261149,6
tf_policy_elo_random_start_continuation_g127_g140_2026-08-26,accepted/classic-random-12x10.jsonl#978e96d14c32e7141272d18e,classic-random-12x10,classic,random-start,12x10,tf:124,tf:127,true,p1,accepted,,16420381,16420430261151,8
tf_policy_elo_random_start_continuation_g127_g140_2026-08-26,accepted/classic-random-12x10.jsonl#035fe45c42880d1c0df40f09,classic-random-12x10,classic,random-start,12x10,tf:124,tf:127,true,p2,accepted,,16420381,16420430261153,10
tf_policy_elo_random_start_continuation_g127_g140_2026-08-26,accepted/classic-random-12x10.jsonl#97de11353e15bb6f8811d83b,classic-random-12x10,classic,random-start,12x10,tf:124,tf:130,true,p1,accepted,,1950810426,1950816278431278,0
tf_policy_elo_random_start_continuation_g127_g140_2026-08-26,accepted/classic-random-12x10.jsonl#b51273344c54e0dedfbebee2,classic-random-12x10,classic,random-start,12x10,tf:124,tf:130,true,p2,accepted,,1950810426,1950816278431280,2
tf_policy_elo_random_start_continuation_g127_g140_2026-08-26,accepted/classic-random-12x10.jsonl#bdec478316368f2e331d326c,classic-random-12x10,classic,random-start,12x10,tf:124,tf:130,true,p2,accepted,,1950810426,1950816278431282,4
tf_policy_elo_random_start_continuation_g127_g140_2026-08-26,accepted/classic-random-12x10.jsonl#447743bdc03878e7c63de3ab,classic-random-12x10,classic,random-start,12x10,tf:124,tf:130,true,p2,accepted,,1950810426,1950816278431284,6
tf_policy_elo_random_start_continuation_g127_g140_2026-08-26,accepted/classic-random-12x10.jsonl#ba829c6cefaf20d8d7e3a743,classic-random-12x10,classic,random-start,12x10,tf:124,tf:130,true,p1,accepted,,1950810426,1950816278431286,8
tf_policy_elo_random_start_continuation_g127_g140_2026-08-26,accepted/classic-random-12x10.jsonl#0457014c50b34050b792a847,classic-random-12x10,classic,random-start,12x10,tf:124,tf:130,true,p2,accepted,,1950810426,1950816278431288,10
tf_policy_elo_random_start_continuation_g127_g140_2026-08-26,accepted/classic-random-12x10.jsonl#a6415b26eda250f57d6eaefb,classic-random-12x10,classic,random-start,12x10,tf:125,tf:128,true,p2,accepted,,2075884669,2075890896654007,0
tf_policy_elo_random_start_continuation_g127_g140_2026-08-26,accepted/classic-random-12x10.jsonl#c0816beaabd618aa01a43171,classic-random-12x10,classic,random-start,12x10,tf:125,tf:128,true,p1,accepted,,2075884669,2075890896654009,2
tf_policy_elo_random_start_continuation_g127_g140_2026-08-26,accepted/classic-random-12x10.jsonl#442b3c7703e19b4887126912,classic-random-12x10,classic,random-start,12x10,tf:125,tf:128,true,p2,accepted,,2075884669,2075890896654011,4
tf_policy_elo_random_start_continuation_g127_g140_2026-08-26,accepted/classic-random-12x10.jsonl#ae953f7c0ec232dbf85bad79,classic-random-12x10,classic,random-start,12x10,tf:125,tf:128,true,p2,accepted,,2075884669,2075890896654013,6
tf_policy_elo_random_start_continuation_g127_g140_2026-08-26,accepted/classic-random-12x10.jsonl#7d7b25229f195b19f5228499,classic-random-12x10,classic,random-start,12x10,tf:125,tf:128,true,p1,accepted,,2075884669,2075890896654015,8
tf_policy_elo_random_start_continuation_g127_g140_2026-08-26,accepted/classic-random-12x10.jsonl#47a8ee218abd8e850500d36c,classic-random-12x10,classic,random-start,12x10,tf:125,tf:128,true,p1,accepted,,2075884669,2075890896654017,10
tf_policy_elo_random_start_continuation_g127_g140_2026-08-26,accepted/classic-random-12x10.jsonl#45442e49c2bc32aab1658a1b,classic-random-12x10,classic,random-start,12x10,tf:125,tf:131,true,p2,accepted,,1019579780,1019582838739340,0
tf_policy_elo_random_start_continuation_g127_g140_2026-08-26,accepted/classic-random-12x10.jsonl#a8363f25bf6287d625cd25f1,classic-random-12x10,classic,random-start,12x10,tf:125,tf:131,true,p1,accepted,,1019579780,1019582838739342,2
tf_policy_elo_random_start_continuation_g127_g140_2026-08-26,accepted/classic-random-12x10.jsonl#29a4719138f9b3ef6b15b87c,classic-random-12x10,classic,random-start,12x10,tf:125,tf:131,true,p1,accepted,,1019579780,1019582838739344,4
tf_policy_elo_random_start_continuation_g127_g140_2026-08-26,accepted/classic-random-12x10.jsonl#96a98115f92f3a26c5a282c9,classic-random-12x10,classic,random-start,12x10,tf:125,tf:131,true,p1,accepted,,1019579780,1019582838739346,6
tf_policy_elo_random_start_continuation_g127_g140_2026-08-26,accepted/classic-random-12x10.jsonl#ed1253914275328dfb49d899,classic-random-12x10,classic,random-start,12x10,tf:125,tf:131,true,p1,accepted,,1019579780,1019582838739348,8
tf_policy_elo_random_start_continuation_g127_g140_2026-08-26,accepted/classic-random-12x10.jsonl#6f06ae2eaceb935f671afa01,classic-random-12x10,classic,random-start,12x10,tf:125,tf:131,true,p1,accepted,,1019579780,1019582838739350,10
tf_policy_elo_random_start_continuation_g127_g140_2026-08-26,accepted/classic-random-12x10.jsonl#7890d83f1a5e91d2d3b017c6,classic-random-12x10,classic,random-start,12x10,tf:126,tf:127,true,p1,accepted,,550503290,550504941509870,0
tf_policy_elo_random_start_continuation_g127_g140_2026-08-26,accepted/classic-random-12x10.jsonl#cc6de15d8c2f78352f15c3f4,classic-random-12x10,classic,random-start,12x10,tf:126,tf:127,true,p1,accepted,,550503290,550504941509872,2
tf_policy_elo_random_start_continuation_g127_g140_2026-08-26,accepted/classic-random-12x10.jsonl#76b9f20dbf12c01f87cf5f6b,classic-random-12x10,classic,random-start,12x10,tf:126,tf:127,true,p1,accepted,,550503290,550504941509874,4
tf_policy_elo_random_start_continuation_g127_g140_2026-08-26,accepted/classic-random-12x10.jsonl#e7458fb0f72d04ab9c89d722,classic-random-12x10,classic,random-start,12x10,tf:126,tf:127,true,p2,accepted,,550503290,550504941509876,6
tf_policy_elo_random_start_continuation_g127_g140_2026-08-26,accepted/classic-random-12x10.jsonl#5e3fbf87a56d256440f1c4ef,classic-random-12x10,classic,random-start,12x10,tf:126,tf:127,true,p1,accepted,,550503290,550504941509878,8
tf_policy_elo_random_start_continuation_g127_g140_2026-08-26,accepted/classic-random-12x10.jsonl#3fe946c9e6360a9e9cc79a09,classic-random-12x10,classic,random-start,12x10,tf:126,tf:127,true,p1,accepted,,550503290,550504941509880,10
tf_policy_elo_random_start_continuation_g127_g140_2026-08-26,accepted/classic-random-12x10.jsonl#b2b9c284d221916cbd240cd5,classic-random-12x10,classic,random-start,12x10,tf:126,tf:129,true,p2,accepted,,191430323,191430897290969,0
tf_policy_elo_random_start_continuation_g127_g140_2026-08-26,accepted/classic-random-12x10.jsonl#72baa896df5db5afa0eb9aa7,classic-random-12x10,classic,random-start,12x10,tf:126,tf:129,true,p2,accepted,,191430323,191430897290971,2
tf_policy_elo_random_start_continuation_g127_g140_2026-08-26,accepted/classic-random-12x10.jsonl#6a04e734d8cf6da96ab2a822,classic-random-12x10,classic,random-start,12x10,tf:126,tf:129,true,p1,accepted,,191430323,191430897290973,4
tf_policy_elo_random_start_continuation_g127_g140_2026-08-26,accepted/classic-random-12x10.jsonl#6966555328473d1609192192,classic-random-12x10,classic,random-start,12x10,tf:126,tf:129,true,p2,accepted,,191430323,191430897290975,6
tf_policy_elo_random_start_continuation_g127_g140_2026-08-26,accepted/classic-random-12x10.jsonl#c0e9fe38c29597e531fb53f5,classic-random-12x10,classic,random-start,12x10,tf:126,tf:129,true,p2,accepted,,191430323,191430897290977,8
tf_policy_elo_random_start_continuation_g127_g140_2026-08-26,accepted/classic-random-12x10.jsonl#64dc37730de81b0b47b68acf,classic-random-12x10,classic,random-start,12x10,tf:126,tf:129,true,p1,accepted,,191430323,191430897290979,10
tf_policy_elo_random_start_continuation_g127_g140_2026-08-26,accepted/classic-random-12x10.jsonl#e7b306b9b6e7be30eea30892,classic-random-12x10,classic,random-start,12x10,tf:126,tf:132,true,p1,accepted,,677410767,677412799232301,0
tf_policy_elo_random_start_continuation_g127_g140_2026-08-26,accepted/classic-random-12x10.jsonl#53adf6e30cb9783038617222,classic-random-12x10,classic,random-start,12x10,tf:126,tf:132,true,p2,accepted,,677410767,677412799232303,2
tf_policy_elo_random_start_continuation_g127_g140_2026-08-26,accepted/classic-random-12x10.jsonl#f07fdad0d8035b19d9ac857e,classic-random-12x10,classic,random-start,12x10,tf:126,tf:132,true,p2,accepted,,677410767,677412799232305,4
tf_policy_elo_random_start_continuation_g127_g140_2026-08-26,accepted/classic-random-12x10.jsonl#04318b61f1091cd2df2ba755,classic-random-12x10,classic,random-start,12x10,tf:126,tf:132,true,p1,accepted,,677410767,677412799232307,6
tf_policy_elo_random_start_continuation_g127_g140_2026-08-26,accepted/classic-random-12x10.jsonl#518a1871a6589eed9f05ac5a,classic-random-12x10,classic,random-start,12x10,tf:126,tf:132,true,p2,accepted,,677410767,677412799232309,8
tf_policy_elo_random_start_continuation_g127_g140_2026-08-26,accepted/classic-random-12x10.jsonl#b4c353a380d06ce56de45e1e,classic-random-12x10,classic,random-start,12x10,tf:126,tf:132,true,p2,accepted,,677410767,677412799232311,10
tf_policy_elo_random_start_continuation_g127_g140_2026-08-26,accepted/classic-random-12x10.jsonl#28b3426717b1c0f3f23e2f5c,classic-random-12x10,classic,random-start,12x10,tf:127,tf:121,false,p1,accepted,,1799440297,1799445695320892,1
tf_policy_elo_random_start_continuation_g127_g140_2026-08-26,accepted/classic-random-12x10.jsonl#b7742faeaee9a97fc81f6c06,classic-random-12x10,classic,random-start,12x10,tf:127,tf:121,false,p1,accepted,,1799440297,1799445695320894,3
tf_policy_elo_random_start_continuation_g127_g140_2026-08-26,accepted/classic-random-12x10.jsonl#40ff88147e2fa893a6933ef8,classic-random-12x10,classic,random-start,12x10,tf:127,tf:121,false,p1,accepted,,1799440297,1799445695320896,5
tf_policy_elo_random_start_continuation_g127_g140_2026-08-26,accepted/classic-random-12x10.jsonl#5df43568c9883103eb828d18,classic-random-12x10,classic,random-start,12x10,tf:127,tf:121,false,p1,accepted,,1799440297,1799445695320898,7
tf_policy_elo_random_start_continuation_g127_g140_2026-08-26,accepted/classic-random-12x10.jsonl#e8340e1ce833465f07de46b4,classic-random-12x10,classic,random-start,12x10,tf:127,tf:121,false,p2,accepted,,1799440297,1799445695320900,9
tf_policy_elo_random_start_continuation_g127_g140_2026-08-26,accepted/classic-random-12x10.jsonl#86b8e15fe8769a204f547645,classic-random-12x10,classic,random-start,12x10,tf:127,tf:121,false,p2,accepted,,1799440297,1799445695320902,11
tf_policy_elo_random_start_continuation_g127_g140_2026-08-26,accepted/classic-random-12x10.jsonl#ff8327937ab27685f498d458,classic-random-12x10,classic,random-start,12x10,tf:127,tf:124,false,p1,accepted,,16420381,16420430261144,1
tf_policy_elo_random_start_continuation_g127_g140_2026-08-26,accepted/classic-random-12x10.jsonl#22c81fc0c5c8fb10ef7a6ed5,classic-random-12x10,classic,random-start,12x10,tf:127,tf:124,false,p1,accepted,,16420381,16420430261146,3
tf_policy_elo_random_start_continuation_g127_g140_2026-08-26,accepted/classic-random-12x10.jsonl#f1d7177e1a8b3357c7b4ab19,classic-random-12x10,classic,random-start,12x10,tf:127,tf:124,false,p1,accepted,,16420381,16420430261148,5
tf_policy_elo_random_start_continuation_g127_g140_2026-08-26,accepted/classic-random-12x10.jsonl#5d35ce4fc82ffcf67b68ac29,classic-random-12x10,classic,random-start,12x10,tf:127,tf:124,false,p2,accepted,,16420381,16420430261150,7
tf_policy_elo_random_start_continuation_g127_g140_2026-08-26,accepted/classic-random-12x10.jsonl#bef56b5628df975ed0a8c3d5,classic-random-12x10,classic,random-start,12x10,tf:127,tf:124,false,p1,accepted,,16420381,16420430261152,9
tf_policy_elo_random_start_continuation_g127_g140_2026-08-26,accepted/classic-random-12x10.jsonl#094fac4ba1ce0ad0988c45a3,classic-random-12x10,classic,random-start,12x10,tf:127,tf:124,false,p1,accepted,,16420381,16420430261154,11
tf_policy_elo_random_start_continuation_g127_g140_2026-08-26,accepted/classic-random-12x10.jsonl#25d9e27224edd01c5abe2525,classic-random-12x10,classic,random-start,12x10,tf:127,tf:126,false,p2,accepted,,550503290,550504941509871,1
tf_policy_elo_random_start_continuation_g127_g140_2026-08-26,accepted/classic-random-12x10.jsonl#e804490e209ac4ca706bf1e3,classic-random-12x10,classic,random-start,12x10,tf:127,tf:126,false,p1,accepted,,550503290,550504941509873,3
tf_policy_elo_random_start_continuation_g127_g140_2026-08-26,accepted/classic-random-12x10.jsonl#ac667bfa4927db2eb4e4ac3b,classic-random-12x10,classic,random-start,12x10,tf:127,tf:126,false,p2,accepted,,550503290,550504941509875,5
tf_policy_elo_random_start_continuation_g127_g140_2026-08-26,accepted/classic-random-12x10.jsonl#68d8bcf413de83c493c653a6,classic-random-12x10,classic,random-start,12x10,tf:127,tf:126,false,p1,accepted,,550503290,550504941509877,7
tf_policy_elo_random_start_continuation_g127_g140_2026-08-26,accepted/classic-random-12x10.jsonl#fc307e2706ebe3ec5060f7be,classic-random-12x10,classic,random-start,12x10,tf:127,tf:126,false,p1,accepted,,550503290,550504941509879,9
tf_policy_elo_random_start_continuation_g127_g140_2026-08-26,accepted/classic-random-12x10.jsonl#aff6ab08df54bb02a27f2413,classic-random-12x10,classic,random-start,12x10,tf:127,tf:126,false,p2,accepted,,550503290,550504941509881,11
tf_policy_elo_random_start_continuation_g127_g140_2026-08-26,accepted/classic-random-12x10.jsonl#f59acea810d8040ff11a9647,classic-random-12x10,classic,random-start,12x10,tf:127,tf:128,true,p1,accepted,,1306140005,1306143923420015,0
tf_policy_elo_random_start_continuation_g127_g140_2026-08-26,accepted/classic-random-12x10.jsonl#8b1149ba9b624840635f0f1b,classic-random-12x10,classic,random-start,12x10,tf:127,tf:128,true,p1,accepted,,1306140005,1306143923420017,2
tf_policy_elo_random_start_continuation_g127_g140_2026-08-26,accepted/classic-random-12x10.jsonl#e5380814914297658e2f5735,classic-random-12x10,classic,random-start,12x10,tf:127,tf:128,true,p1,accepted,,1306140005,1306143923420019,4
tf_policy_elo_random_start_continuation_g127_g140_2026-08-26,accepted/classic-random-12x10.jsonl#6a72b89fc8b28c9cbdc64d6e,classic-random-12x10,classic,random-start,12x10,tf:127,tf:128,true,p1,accepted,,1306140005,1306143923420021,6
tf_policy_elo_random_start_continuation_g127_g140_2026-08-26,accepted/classic-random-12x10.jsonl#2e7fa222d16bb0a860b0bc77,classic-random-12x10,classic,random-start,12x10,tf:127,tf:128,true,p1,accepted,,1306140005,1306143923420023,8
tf_policy_elo_random_start_continuation_g127_g140_2026-08-26,accepted/classic-random-12x10.jsonl#0caf407ec4ae7adb1dce2fb4,classic-random-12x10,classic,random-start,12x10,tf:127,tf:128,true,p1,accepted,,1306140005,1306143923420025,10
tf_policy_elo_random_start_continuation_g127_g140_2026-08-26,accepted/classic-random-12x10.jsonl#23120993a65dfdb1a239485b,classic-random-12x10,classic,random-start,12x10,tf:127,tf:130,true,p1,accepted,,847157949,847160490473847,0
tf_policy_elo_random_start_continuation_g127_g140_2026-08-26,accepted/classic-random-12x10.jsonl#9b4fa28962dcaf158c1550da,classic-random-12x10,classic,random-start,12x10,tf:127,tf:130,true,p1,accepted,,847157949,847160490473849,2
tf_policy_elo_random_start_continuation_g127_g140_2026-08-26,accepted/classic-random-12x10.jsonl#e3cb3da1e392481b41a1f3be,classic-random-12x10,classic,random-start,12x10,tf:127,tf:130,true,p1,accepted,,847157949,847160490473851,4
tf_policy_elo_random_start_continuation_g127_g140_2026-08-26,accepted/classic-random-12x10.jsonl#44698d2be80511f695858575,classic-random-12x10,classic,random-start,12x10,tf:127,tf:130,true,p2,accepted,,847157949,847160490473853,6
tf_policy_elo_random_start_continuation_g127_g140_2026-08-26,accepted/classic-random-12x10.jsonl#3636b0282afb40e9bfcdde1f,classic-random-12x10,classic,random-start,12x10,tf:127,tf:130,true,p2,accepted,,847157949,847160490473855,8
tf_policy_elo_random_start_continuation_g127_g140_2026-08-26,accepted/classic-random-12x10.jsonl#11a73a48f8b639bd2d60c3b2,classic-random-12x10,classic,random-start,12x10,tf:127,tf:130,true,p1,accepted,,847157949,847160490473857,10
tf_policy_elo_random_start_continuation_g127_g140_2026-08-26,accepted/classic-random-12x10.jsonl#10104a7869464a5398423d50,classic-random-12x10,classic,random-start,12x10,tf:127,tf:133,true,p2,accepted,,1467589187,1467593589767561,0
tf_policy_elo_random_start_continuation_g127_g140_2026-08-26,accepted/classic-random-12x10.jsonl#5a8eb793fed9d102c5f710fa,classic-random-12x10,classic,random-start,12x10,tf:127,tf:133,true,p1,accepted,,1467589187,1467593589767563,2
tf_policy_elo_random_start_continuation_g127_g140_2026-08-26,accepted/classic-random-12x10.jsonl#4c3518311d655bdc258b1535,classic-random-12x10,classic,random-start,12x10,tf:127,tf:133,true,p1,accepted,,1467589187,1467593589767565,4
tf_policy_elo_random_start_continuation_g127_g140_2026-08-26,accepted/classic-random-12x10.jsonl#c4d577a392d8a69ff78bb5f6,classic-random-12x10,classic,random-start,12x10,tf:127,tf:133,true,p1,accepted,,1467589187,1467593589767567,6
tf_policy_elo_random_start_continuation_g127_g140_2026-08-26,accepted/classic-random-12x10.jsonl#9be0df60562c6ce3d4d01083,classic-random-12x10,classic,random-start,12x10,tf:127,tf:133,true,p2,accepted,,1467589187,1467593589767569,8
tf_policy_elo_random_start_continuation_g127_g140_2026-08-26,accepted/classic-random-12x10.jsonl#241d587355b95192a1c0ce9a,classic-random-12x10,classic,random-start,12x10,tf:127,tf:133,true,p1,accepted,,1467589187,1467593589767571,10
tf_policy_elo_random_start_continuation_g127_g140_2026-08-26,accepted/classic-random-12x10.jsonl#98bf1dda3a1f9dcae4370ecb,classic-random-12x10,classic,random-start,12x10,tf:128,tf:122,false,p1,accepted,,349866938,349867987600815,1
tf_policy_elo_random_start_continuation_g127_g140_2026-08-26,accepted/classic-random-12x10.jsonl#4a76fb21383f1e1d9d04e43c,classic-random-12x10,classic,random-start,12x10,tf:128,tf:122,false,p1,accepted,,349866938,349867987600817,3
tf_policy_elo_random_start_continuation_g127_g140_2026-08-26,accepted/classic-random-12x10.jsonl#8131c8b19c486ccc31c769cc,classic-random-12x10,classic,random-start,12x10,tf:128,tf:122,false,p1,accepted,,349866938,349867987600819,5
tf_policy_elo_random_start_continuation_g127_g140_2026-08-26,accepted/classic-random-12x10.jsonl#bf7d2e814e4cc8af728056bd,classic-random-12x10,classic,random-start,12x10,tf:128,tf:122,false,p2,accepted,,349866938,349867987600821,7
tf_policy_elo_random_start_continuation_g127_g140_2026-08-26,accepted/classic-random-12x10.jsonl#0e75d647cff04f84cd272376,classic-random-12x10,classic,random-start,12x10,tf:128,tf:122,false,p1,accepted,,349866938,349867987600823,9
tf_policy_elo_random_start_continuation_g127_g140_2026-08-26,accepted/classic-random-12x10.jsonl#cd1f36dd28dce6c23500c390,classic-random-12x10,classic,random-start,12x10,tf:128,tf:122,false,p2,accepted,,349866938,349867987600825,11
tf_policy_elo_random_start_continuation_g127_g140_2026-08-26,accepted/classic-random-12x10.jsonl#568885e9f36c6366cf38919f,classic-random-12x10,classic,random-start,12x10,tf:128,tf:125,false,p1,accepted,,2075884669,2075890896654008,1
tf_policy_elo_random_start_continuation_g127_g140_2026-08-26,accepted/classic-random-12x10.jsonl#01abcacdffad73f0cf0ffef0,classic-random-12x10,classic,random-start,12x10,tf:128,tf:125,false,p2,accepted,,2075884669,2075890896654010,3
tf_policy_elo_random_start_continuation_g127_g140_2026-08-26,accepted/classic-random-12x10.jsonl#46dce6cc3d03df219e1427d4,classic-random-12x10,classic,random-start,12x10,tf:128,tf:125,false,p2,accepted,,2075884669,2075890896654012,5
tf_policy_elo_random_start_continuation_g127_g140_2026-08-26,accepted/classic-random-12x10.jsonl#adad18ccc1572552d080ffc4,classic-random-12x10,classic,random-start,12x10,tf:128,tf:125,false,p1,accepted,,2075884669,2075890896654014,7
tf_policy_elo_random_start_continuation_g127_g140_2026-08-26,accepted/classic-random-12x10.jsonl#b02a88bd3c835d7ce455525d,classic-random-12x10,classic,random-start,12x10,tf:128,tf:125,false,p1,accepted,,2075884669,2075890896654016,9
tf_policy_elo_random_start_continuation_g127_g140_2026-08-26,accepted/classic-random-12x10.jsonl#078cad349d8e5e5c6560da7c,classic-random-12x10,classic,random-start,12x10,tf:128,tf:125,false,p2,accepted,,2075884669,2075890896654018,11
tf_policy_elo_random_start_continuation_g127_g140_2026-08-26,accepted/classic-random-12x10.jsonl#762f58297a849fb6fac4116a,classic-random-12x10,classic,random-start,12x10,tf:128,tf:127,false,p1,accepted,,1306140005,1306143923420016,1
tf_policy_elo_random_start_continuation_g127_g140_2026-08-26,accepted/classic-random-12x10.jsonl#32058944318ac89e0a14409d,classic-random-12x10,classic,random-start,12x10,tf:128,tf:127,false,p1,accepted,,1306140005,1306143923420018,3
tf_policy_elo_random_start_continuation_g127_g140_2026-08-26,accepted/classic-random-12x10.jsonl#5dc8d91f86d916d27037987f,classic-random-12x10,classic,random-start,12x10,tf:128,tf:127,false,p1,accepted,,1306140005,1306143923420020,5
tf_policy_elo_random_start_continuation_g127_g140_2026-08-26,accepted/classic-random-12x10.jsonl#69db992c4809d820ae348b38,classic-random-12x10,classic,random-start,12x10,tf:128,tf:127,false,p1,accepted,,1306140005,1306143923420022,7
tf_policy_elo_random_start_continuation_g127_g140_2026-08-26,accepted/classic-random-12x10.jsonl#78e62bb386e97c85d8a340d4,classic-random-12x10,classic,random-start,12x10,tf:128,tf:127,false,p2,accepted,,1306140005,1306143923420024,9
tf_policy_elo_random_start_continuation_g127_g140_2026-08-26,accepted/classic-random-12x10.jsonl#bb97f4561dd2854b39ba24bc,classic-random-12x10,classic,random-start,12x10,tf:128,tf:127,false,p1,accepted,,1306140005,1306143923420026,11
tf_policy_elo_random_start_continuation_g127_g140_2026-08-26,accepted/classic-random-12x10.jsonl#2317b71f1932141974de6673,classic-random-12x10,classic,random-start,12x10,tf:128,tf:129,true,p1,accepted,,385914926,385916083744778,0
tf_policy_elo_random_start_continuation_g127_g140_2026-08-26,accepted/classic-random-12x10.jsonl#2cad4b5e3013e3c3ced4a777,classic-random-12x10,classic,random-start,12x10,tf:128,tf:129,true,p1,accepted,,385914926,385916083744780,2
tf_policy_elo_random_start_continuation_g127_g140_2026-08-26,accepted/classic-random-12x10.jsonl#92376682ab21ab7db6fcbb3e,classic-random-12x10,classic,random-start,12x10,tf:128,tf:129,true,p2,accepted,,385914926,385916083744782,4
tf_policy_elo_random_start_continuation_g127_g140_2026-08-26,accepted/classic-random-12x10.jsonl#ec820fb39b4e384245e39639,classic-random-12x10,classic,random-start,12x10,tf:128,tf:129,true,p1,accepted,,385914926,385916083744784,6
tf_policy_elo_random_start_continuation_g127_g140_2026-08-26,accepted/classic-random-12x10.jsonl#2937a3ef97f73a8cafdb98bd,classic-random-12x10,classic,random-start,12x10,tf:128,tf:129,true,p2,accepted,,385914926,385916083744786,8
tf_policy_elo_random_start_continuation_g127_g140_2026-08-26,accepted/classic-random-12x10.jsonl#aae9a7f7a224e1e429be7bcc,classic-random-12x10,classic,random-start,12x10,tf:128,tf:129,true,p2,accepted,,385914926,385916083744788,10
tf_policy_elo_random_start_continuation_g127_g140_2026-08-26,accepted/classic-random-12x10.jsonl#398f3ba2a49a6f6a4b5b62d9,classic-random-12x10,classic,random-start,12x10,tf:128,tf:131,true,p1,accepted,,713861998,713864139585994,0
tf_policy_elo_random_start_continuation_g127_g140_2026-08-26,accepted/classic-random-12x10.jsonl#2489ebdb34f2c5aecca8367f,classic-random-12x10,classic,random-start,12x10,tf:128,tf:131,true,p1,accepted,,713861998,713864139585996,2
tf_policy_elo_random_start_continuation_g127_g140_2026-08-26,accepted/classic-random-12x10.jsonl#4a5a795d67ada236b1635bf2,classic-random-12x10,classic,random-start,12x10,tf:128,tf:131,true,p2,accepted,,713861998,713864139585998,4
tf_policy_elo_random_start_continuation_g127_g140_2026-08-26,accepted/classic-random-12x10.jsonl#b52e7c79f1485ceec854bb30,classic-random-12x10,classic,random-start,12x10,tf:128,tf:131,true,p2,accepted,,713861998,713864139586000,6
tf_policy_elo_random_start_continuation_g127_g140_2026-08-26,accepted/classic-random-12x10.jsonl#04886de431241640db2b756b,classic-random-12x10,classic,random-start,12x10,tf:128,tf:131,true,p1,accepted,,713861998,713864139586002,8
tf_policy_elo_random_start_continuation_g127_g140_2026-08-26,accepted/classic-random-12x10.jsonl#43ca6b945b835e874bbc5ccc,classic-random-12x10,classic,random-start,12x10,tf:128,tf:131,true,p1,accepted,,713861998,713864139586004,10
tf_policy_elo_random_start_continuation_g127_g140_2026-08-26,accepted/classic-random-12x10.jsonl#f5ff28bc690c473bd72329b7,classic-random-12x10,classic,random-start,12x10,tf:128,tf:134,true,p1,accepted,,837506305,837508817518915,0
tf_policy_elo_random_start_continuation_g127_g140_2026-08-26,accepted/classic-random-12x10.jsonl#0eccdf1dfc9ffe58fa6e00a4,classic-random-12x10,classic,random-start,12x10,tf:128,tf:134,true,p2,accepted,,837506305,837508817518917,2
tf_policy_elo_random_start_continuation_g127_g140_2026-08-26,accepted/classic-random-12x10.jsonl#b27a0b046ee0c0b79086d1e4,classic-random-12x10,classic,random-start,12x10,tf:128,tf:134,true,p2,accepted,,837506305,837508817518919,4
tf_policy_elo_random_start_continuation_g127_g140_2026-08-26,accepted/classic-random-12x10.jsonl#6ce7477195965e56d043e5a0,classic-random-12x10,classic,random-start,12x10,tf:128,tf:134,true,p2,accepted,,837506305,837508817518921,6
tf_policy_elo_random_start_continuation_g127_g140_2026-08-26,accepted/classic-random-12x10.jsonl#a34fb236314c812f4d456326,classic-random-12x10,classic,random-start,12x10,tf:128,tf:134,true,p1,accepted,,837506305,837508817518923,8
tf_policy_elo_random_start_continuation_g127_g140_2026-08-26,accepted/classic-random-12x10.jsonl#6d03fcff8f0bd231f482b55f,classic-random-12x10,classic,random-start,12x10,tf:128,tf:134,true,p1,accepted,,837506305,837508817518925,10
tf_policy_elo_random_start_continuation_g127_g140_2026-08-26,accepted/classic-random-12x10.jsonl#2ad36fafea2fa5d549e9437c,classic-random-12x10,classic,random-start,12x10,tf:129,tf:123,false,p1,accepted,,185096088,185096643288265,1
tf_policy_elo_random_start_continuation_g127_g140_2026-08-26,accepted/classic-random-12x10.jsonl#ec1df13ea3dc341f8f6c359d,classic-random-12x10,classic,random-start,12x10,tf:129,tf:123,false,p1,accepted,,185096088,185096643288267,3
tf_policy_elo_random_start_continuation_g127_g140_2026-08-26,accepted/classic-random-12x10.jsonl#48854afdd3a76ffba733c276,classic-random-12x10,classic,random-start,12x10,tf:129,tf:123,false,p1,accepted,,185096088,185096643288269,5
tf_policy_elo_random_start_continuation_g127_g140_2026-08-26,accepted/classic-random-12x10.jsonl#edc32d8137cc54c9509e11f4,classic-random-12x10,classic,random-start,12x10,tf:129,tf:123,false,p1,accepted,,185096088,185096643288271,7
tf_policy_elo_random_start_continuation_g127_g140_2026-08-26,accepted/classic-random-12x10.jsonl#56ca00b190053980809ce8f5,classic-random-12x10,classic,random-start,12x10,tf:129,tf:123,false,p1,accepted,,185096088,185096643288273,9
tf_policy_elo_random_start_continuation_g127_g140_2026-08-26,accepted/classic-random-12x10.jsonl#195d04e0f8bd8596bbdaa2a9,classic-random-12x10,classic,random-start,12x10,tf:129,tf:123,false,p1,accepted,,185096088,185096643288275,11
tf_policy_elo_random_start_continuation_g127_g140_2026-08-26,accepted/classic-random-12x10.jsonl#060e8f4d9301e8b5154ab0c6,classic-random-12x10,classic,random-start,12x10,tf:129,tf:126,false,p1,accepted,,191430323,191430897290970,1
tf_policy_elo_random_start_continuation_g127_g140_2026-08-26,accepted/classic-random-12x10.jsonl#c55b2f5096f83c29961f65fa,classic-random-12x10,classic,random-start,12x10,tf:129,tf:126,false,p1,accepted,,191430323,191430897290972,3
tf_policy_elo_random_start_continuation_g127_g140_2026-08-26,accepted/classic-random-12x10.jsonl#e67f71789b0dd10aededd4c1,classic-random-12x10,classic,random-start,12x10,tf:129,tf:126,false,p1,accepted,,191430323,191430897290974,5
tf_policy_elo_random_start_continuation_g127_g140_2026-08-26,accepted/classic-random-12x10.jsonl#1323e5242d6385b0e4bdf9d1,classic-random-12x10,classic,random-start,12x10,tf:129,tf:126,false,p1,accepted,,191430323,191430897290976,7
tf_policy_elo_random_start_continuation_g127_g140_2026-08-26,accepted/classic-random-12x10.jsonl#a237f9badbf481a5e308cf9e,classic-random-12x10,classic,random-start,12x10,tf:129,tf:126,false,p2,accepted,,191430323,191430897290978,9
tf_policy_elo_random_start_continuation_g127_g140_2026-08-26,accepted/classic-random-12x10.jsonl#99ce8de3ab171116cae95fa0,classic-random-12x10,classic,random-start,12x10,tf:129,tf:126,false,p1,accepted,,191430323,191430897290980,11
tf_policy_elo_random_start_continuation_g127_g140_2026-08-26,accepted/classic-random-12x10.jsonl#160b538a761c424d1e6ddfae,classic-random-12x10,classic,random-start,12x10,tf:129,tf:128,false,p1,accepted,,385914926,385916083744779,1
tf_policy_elo_random_start_continuation_g127_g140_2026-08-26,accepted/classic-random-12x10.jsonl#66a3dcb89007fc4f46f078c7,classic-random-12x10,classic,random-start,12x10,tf:129,tf:128,false,p2,accepted,,385914926,385916083744781,3
tf_policy_elo_random_start_continuation_g127_g140_2026-08-26,accepted/classic-random-12x10.jsonl#eaf7b16af212491936d36fc7,classic-random-12x10,classic,random-start,12x10,tf:129,tf:128,false,p2,accepted,,385914926,385916083744783,5
tf_policy_elo_random_start_continuation_g127_g140_2026-08-26,accepted/classic-random-12x10.jsonl#7e7bb73e5a1e0cefc0a08eeb,classic-random-12x10,classic,random-start,12x10,tf:129,tf:128,false,p2,accepted,,385914926,385916083744785,7
tf_policy_elo_random_start_continuation_g127_g140_2026-08-26,accepted/classic-random-12x10.jsonl#3b31f8fadf3f69e8c16ea455,classic-random-12x10,classic,random-start,12x10,tf:129,tf:128,false,p1,accepted,,385914926,385916083744787,9
tf_policy_elo_random_start_continuation_g127_g140_2026-08-26,accepted/classic-random-12x10.jsonl#dd67a7807d71196572144c34,classic-random-12x10,classic,random-start,12x10,tf:129,tf:128,false,p1,accepted,,385914926,385916083744789,11
tf_policy_elo_random_start_continuation_g127_g140_2026-08-26,accepted/classic-random-12x10.jsonl#aab0ac477398a7d3899f1aad,classic-random-12x10,classic,random-start,12x10,tf:129,tf:130,true,p1,accepted,,123787089,123787460361267,0
tf_policy_elo_random_start_continuation_g127_g140_2026-08-26,accepted/classic-random-12x10.jsonl#a402622dafc8a2dcfa79c86b,classic-random-12x10,classic,random-start,12x10,tf:129,tf:130,true,p2,accepted,,123787089,123787460361269,2
tf_policy_elo_random_start_continuation_g127_g140_2026-08-26,accepted/classic-random-12x10.jsonl#248ee73c08ee8a0d7f1a5d7c,classic-random-12x10,classic,random-start,12x10,tf:129,tf:130,true,p2,accepted,,123787089,123787460361271,4
tf_policy_elo_random_start_continuation_g127_g140_2026-08-26,accepted/classic-random-12x10.jsonl#01da9ed90429f0a0d9f92dc8,classic-random-12x10,classic,random-start,12x10,tf:129,tf:130,true,p1,accepted,,123787089,123787460361273,6
tf_policy_elo_random_start_continuation_g127_g140_2026-08-26,accepted/classic-random-12x10.jsonl#be9d8d2dc6763b131709423f,classic-random-12x10,classic,random-start,12x10,tf:129,tf:130,true,p2,accepted,,123787089,123787460361275,8
tf_policy_elo_random_start_continuation_g127_g140_2026-08-26,accepted/classic-random-12x10.jsonl#30be8ae1909a8fab7b21ad96,classic-random-12x10,classic,random-start,12x10,tf:129,tf:130,true,p2,accepted,,123787089,123787460361277,10
tf_policy_elo_random_start_continuation_g127_g140_2026-08-26,accepted/classic-random-12x10.jsonl#3896a9bff27a2ef2539378c3,classic-random-12x10,classic,random-start,12x10,tf:129,tf:132,true,p2,accepted,,59484523,59484701453569,0
tf_policy_elo_random_start_continuation_g127_g140_2026-08-26,accepted/classic-random-12x10.jsonl#8c90c90d89b5a835d3e41d9a,classic-random-12x10,classic,random-start,12x10,tf:129,tf:132,true,p1,accepted,,59484523,59484701453571,2
tf_policy_elo_random_start_continuation_g127_g140_2026-08-26,accepted/classic-random-12x10.jsonl#cfd9fac682441c69e09d7d5d,classic-random-12x10,classic,random-start,12x10,tf:129,tf:132,true,p1,accepted,,59484523,59484701453573,4
tf_policy_elo_random_start_continuation_g127_g140_2026-08-26,accepted/classic-random-12x10.jsonl#ac21566f2f93a9ba5187d376,classic-random-12x10,classic,random-start,12x10,tf:129,tf:132,true,p1,accepted,,59484523,59484701453575,6
tf_policy_elo_random_start_continuation_g127_g140_2026-08-26,accepted/classic-random-12x10.jsonl#d756b6a77258a5db81a48f73,classic-random-12x10,classic,random-start,12x10,tf:129,tf:132,true,p1,accepted,,59484523,59484701453577,8
tf_policy_elo_random_start_continuation_g127_g140_2026-08-26,accepted/classic-random-12x10.jsonl#93c4c2c0435fb1fc15987b60,classic-random-12x10,classic,random-start,12x10,tf:129,tf:132,true,p1,accepted,,59484523,59484701453579,10
tf_policy_elo_random_start_continuation_g127_g140_2026-08-26,accepted/classic-random-12x10.jsonl#107c6d93e160da2bd03d1f2b,classic-random-12x10,classic,random-start,12x10,tf:129,tf:135,true,p1,accepted,,363579670,363580760739010,0
tf_policy_elo_random_start_continuation_g127_g140_2026-08-26,accepted/classic-random-12x10.jsonl#207504e521b7f2fff8397995,classic-random-12x10,classic,random-start,12x10,tf:129,tf:135,true,p1,accepted,,363579670,363580760739012,2
tf_policy_elo_random_start_continuation_g127_g140_2026-08-26,accepted/classic-random-12x10.jsonl#e902cc8258f847c9a9c8aefc,classic-random-12x10,classic,random-start,12x10,tf:129,tf:135,true,p1,accepted,,363579670,363580760739014,4
tf_policy_elo_random_start_continuation_g127_g140_2026-08-26,accepted/classic-random-12x10.jsonl#6a63c1610e640652c674f707,classic-random-12x10,classic,random-start,12x10,tf:129,tf:135,true,p1,accepted,,363579670,363580760739016,6
tf_policy_elo_random_start_continuation_g127_g140_2026-08-26,accepted/classic-random-12x10.jsonl#36901896f89e80ac4c4de81c,classic-random-12x10,classic,random-start,12x10,tf:129,tf:135,true,p2,accepted,,363579670,363580760739018,8
tf_policy_elo_random_start_continuation_g127_g140_2026-08-26,accepted/classic-random-12x10.jsonl#30308986ba7905b1d53ed3d6,classic-random-12x10,classic,random-start,12x10,tf:129,tf:135,true,p1,accepted,,363579670,363580760739020,10
tf_policy_elo_random_start_continuation_g127_g140_2026-08-26,accepted/classic-random-12x10.jsonl#daf7d1c8b8903604fffe4e23,classic-random-12x10,classic,random-start,12x10,tf:130,tf:124,false,p1,accepted,,1950810426,1950816278431279,1
tf_policy_elo_random_start_continuation_g127_g140_2026-08-26,accepted/classic-random-12x10.jsonl#543e073d51c1be414f9585cb,classic-random-12x10,classic,random-start,12x10,tf:130,tf:124,false,p1,accepted,,1950810426,1950816278431281,3
tf_policy_elo_random_start_continuation_g127_g140_2026-08-26,accepted/classic-random-12x10.jsonl#350625be4493fe05a1b2a166,classic-random-12x10,classic,random-start,12x10,tf:130,tf:124,false,p1,accepted,,1950810426,1950816278431283,5
tf_policy_elo_random_start_continuation_g127_g140_2026-08-26,accepted/classic-random-12x10.jsonl#922995df94515fd7828fb8f2,classic-random-12x10,classic,random-start,12x10,tf:130,tf:124,false,p2,accepted,,1950810426,1950816278431285,7
tf_policy_elo_random_start_continuation_g127_g140_2026-08-26,accepted/classic-random-12x10.jsonl#48582d728265b1fb6b595962,classic-random-12x10,classic,random-start,12x10,tf:130,tf:124,false,p2,accepted,,1950810426,1950816278431287,9
tf_policy_elo_random_start_continuation_g127_g140_2026-08-26,accepted/classic-random-12x10.jsonl#3749e95033bfb976ef0d84f3,classic-random-12x10,classic,random-start,12x10,tf:130,tf:124,false,p1,accepted,,1950810426,1950816278431289,11
tf_policy_elo_random_start_continuation_g127_g140_2026-08-26,accepted/classic-random-12x10.jsonl#23bf1b80311c3e9230f1489a,classic-random-12x10,classic,random-start,12x10,tf:130,tf:127,false,p2,accepted,,847157949,847160490473848,1
tf_policy_elo_random_start_continuation_g127_g140_2026-08-26,accepted/classic-random-12x10.jsonl#b07373cdae468cf353d23e0c,classic-random-12x10,classic,random-start,12x10,tf:130,tf:127,false,p1,accepted,,847157949,847160490473850,3
tf_policy_elo_random_start_continuation_g127_g140_2026-08-26,accepted/classic-random-12x10.jsonl#65c2429a6ec4d280ff3e059a,classic-random-12x10,classic,random-start,12x10,tf:130,tf:127,false,p1,accepted,,847157949,847160490473852,5
tf_policy_elo_random_start_continuation_g127_g140_2026-08-26,accepted/classic-random-12x10.jsonl#99c571edd9cde403ed9beedd,classic-random-12x10,classic,random-start,12x10,tf:130,tf:127,false,p1,accepted,,847157949,847160490473854,7
tf_policy_elo_random_start_continuation_g127_g140_2026-08-26,accepted/classic-random-12x10.jsonl#447c7fc8619fb8da067c5453,classic-random-12x10,classic,random-start,12x10,tf:130,tf:127,false,p1,accepted,,847157949,847160490473856,9
tf_policy_elo_random_start_continuation_g127_g140_2026-08-26,accepted/classic-random-12x10.jsonl#3a01320ee34c9047a824af06,classic-random-12x10,classic,random-start,12x10,tf:130,tf:127,false,p2,accepted,,847157949,847160490473858,11
tf_policy_elo_random_start_continuation_g127_g140_2026-08-26,accepted/classic-random-12x10.jsonl#3604a7f79cf23d1816cd60d7,classic-random-12x10,classic,random-start,12x10,tf:130,tf:129,false,p1,accepted,,123787089,123787460361268,1
tf_policy_elo_random_start_continuation_g127_g140_2026-08-26,accepted/classic-random-12x10.jsonl#cd5315d5d5d8d11e5ee06c64,classic-random-12x10,classic,random-start,12x10,tf:130,tf:129,false,p1,accepted,,123787089,123787460361270,3
tf_policy_elo_random_start_continuation_g127_g140_2026-08-26,accepted/classic-random-12x10.jsonl#c5877c5d89228009f9d0e14c,classic-random-12x10,classic,random-start,12x10,tf:130,tf:129,false,p1,accepted,,123787089,123787460361272,5
tf_policy_elo_random_start_continuation_g127_g140_2026-08-26,accepted/classic-random-12x10.jsonl#fcbcfb1e8cc32398cf21541d,classic-random-12x10,classic,random-start,12x10,tf:130,tf:129,false,p1,accepted,,123787089,123787460361274,7
tf_policy_elo_random_start_continuation_g127_g140_2026-08-26,accepted/classic-random-12x10.jsonl#6289384fca748ea91e233d55,classic-random-12x10,classic,random-start,12x10,tf:130,tf:129,false,p2,accepted,,123787089,123787460361276,9
tf_policy_elo_random_start_continuation_g127_g140_2026-08-26,accepted/classic-random-12x10.jsonl#09b40825856ba00ddfb12ad3,classic-random-12x10,classic,random-start,12x10,tf:130,tf:129,false,p1,accepted,,123787089,123787460361278,11
tf_policy_elo_random_start_continuation_g127_g140_2026-08-26,accepted/classic-random-12x10.jsonl#fca1f9757aeb6eae5282b02d,classic-random-12x10,classic,random-start,12x10,tf:130,tf:131,true,p1,accepted,,271782642,271783457347926,0
tf_policy_elo_random_start_continuation_g127_g140_2026-08-26,accepted/classic-random-12x10.jsonl#ae6bfdaac1d8d04d8c5110dc,classic-random-12x10,classic,random-start,12x10,tf:130,tf:131,true,p1,accepted,,271782642,271783457347928,2
tf_policy_elo_random_start_continuation_g127_g140_2026-08-26,accepted/classic-random-12x10.jsonl#1c3cbd9eac26e17e1995b6c6,classic-random-12x10,classic,random-start,12x10,tf:130,tf:131,true,p1,accepted,,271782642,271783457347930,4
tf_policy_elo_random_start_continuation_g127_g140_2026-08-26,accepted/classic-random-12x10.jsonl#a3b87c3bf4b31a1a3a8e660e,classic-random-12x10,classic,random-start,12x10,tf:130,tf:131,true,p1,accepted,,271782642,271783457347932,6
tf_policy_elo_random_start_continuation_g127_g140_2026-08-26,accepted/classic-random-12x10.jsonl#87048fff838111f204014fd9,classic-random-12x10,classic,random-start,12x10,tf:130,tf:131,true,p1,accepted,,271782642,271783457347934,8
tf_policy_elo_random_start_continuation_g127_g140_2026-08-26,accepted/classic-random-12x10.jsonl#f90b2af7b6038e5fcc115278,classic-random-12x10,classic,random-start,12x10,tf:130,tf:131,true,p1,accepted,,271782642,271783457347936,10
tf_policy_elo_random_start_continuation_g127_g140_2026-08-26,accepted/classic-random-12x10.jsonl#431265a170493bb41f36d1d7,classic-random-12x10,classic,random-start,12x10,tf:130,tf:133,true,p2,accepted,,2120336783,2120343144010349,0
tf_policy_elo_random_start_continuation_g127_g140_2026-08-26,accepted/classic-random-12x10.jsonl#fb7c60b141291af4f8b62607,classic-random-12x10,classic,random-start,12x10,tf:130,tf:133,true,p1,accepted,,2120336783,2120343144010351,2
tf_policy_elo_random_start_continuation_g127_g140_2026-08-26,accepted/classic-random-12x10.jsonl#59ab0bcc417acba38f41e6f7,classic-random-12x10,classic,random-start,12x10,tf:130,tf:133,true,p1,accepted,,2120336783,2120343144010353,4
tf_policy_elo_random_start_continuation_g127_g140_2026-08-26,accepted/classic-random-12x10.jsonl#703d70f90ec3999c72fa1f0e,classic-random-12x10,classic,random-start,12x10,tf:130,tf:133,true,p2,accepted,,2120336783,2120343144010355,6
tf_policy_elo_random_start_continuation_g127_g140_2026-08-26,accepted/classic-random-12x10.jsonl#4d8009992f9b69cbd2ab1a2e,classic-random-12x10,classic,random-start,12x10,tf:130,tf:133,true,p1,accepted,,2120336783,2120343144010357,8
tf_policy_elo_random_start_continuation_g127_g140_2026-08-26,accepted/classic-random-12x10.jsonl#a854d73a980b686e6146ab55,classic-random-12x10,classic,random-start,12x10,tf:130,tf:133,true,p2,accepted,,2120336783,2120343144010359,10
tf_policy_elo_random_start_continuation_g127_g140_2026-08-26,accepted/classic-random-12x10.jsonl#bcfffbc86b0239e9071590ba,classic-random-12x10,classic,random-start,12x10,tf:130,tf:136,true,p1,accepted,,51676976,51677131030928,0
tf_policy_elo_random_start_continuation_g127_g140_2026-08-26,accepted/classic-random-12x10.jsonl#4d776bd67e3bced273fa61aa,classic-random-12x10,classic,random-start,12x10,tf:130,tf:136,true,p1,accepted,,51676976,51677131030930,2
tf_policy_elo_random_start_continuation_g127_g140_2026-08-26,accepted/classic-random-12x10.jsonl#b97e6f6e30eb7c04f90dfff2,classic-random-12x10,classic,random-start,12x10,tf:130,tf:136,true,p1,accepted,,51676976,51677131030932,4
tf_policy_elo_random_start_continuation_g127_g140_2026-08-26,accepted/classic-random-12x10.jsonl#6e59fe84efa616c29efbfd38,classic-random-12x10,classic,random-start,12x10,tf:130,tf:136,true,p1,accepted,,51676976,51677131030934,6
tf_policy_elo_random_start_continuation_g127_g140_2026-08-26,accepted/classic-random-12x10.jsonl#0f7190f0ea639c6adef8d8a9,classic-random-12x10,classic,random-start,12x10,tf:130,tf:136,true,p2,accepted,,51676976,51677131030936,8
tf_policy_elo_random_start_continuation_g127_g140_2026-08-26,accepted/classic-random-12x10.jsonl#dbd91c513e9afa610869510b,classic-random-12x10,classic,random-start,12x10,tf:130,tf:136,true,p2,accepted,,51676976,51677131030938,10
tf_policy_elo_random_start_continuation_g127_g140_2026-08-26,accepted/classic-random-12x10.jsonl#092c9bf76e07acfe99bd18a1,classic-random-12x10,classic,random-start,12x10,tf:131,tf:125,false,p2,accepted,,1019579780,1019582838739341,1
tf_policy_elo_random_start_continuation_g127_g140_2026-08-26,accepted/classic-random-12x10.jsonl#6f7561d3b25051e6bd60d0a5,classic-random-12x10,classic,random-start,12x10,tf:131,tf:125,false,p1,accepted,,1019579780,1019582838739343,3
tf_policy_elo_random_start_continuation_g127_g140_2026-08-26,accepted/classic-random-12x10.jsonl#de1c9308201cb2027c411491,classic-random-12x10,classic,random-start,12x10,tf:131,tf:125,false,p1,accepted,,1019579780,1019582838739345,5
tf_policy_elo_random_start_continuation_g127_g140_2026-08-26,accepted/classic-random-12x10.jsonl#b3a5966b70da6f4320fb2ae1,classic-random-12x10,classic,random-start,12x10,tf:131,tf:125,false,p1,accepted,,1019579780,1019582838739347,7
tf_policy_elo_random_start_continuation_g127_g140_2026-08-26,accepted/classic-random-12x10.jsonl#d367afed3d75adbd6faa4654,classic-random-12x10,classic,random-start,12x10,tf:131,tf:125,false,p2,accepted,,1019579780,1019582838739349,9
tf_policy_elo_random_start_continuation_g127_g140_2026-08-26,accepted/classic-random-12x10.jsonl#217da4d174a71f9c10d7971c,classic-random-12x10,classic,random-start,12x10,tf:131,tf:125,false,p2,accepted,,1019579780,1019582838739351,11
tf_policy_elo_random_start_continuation_g127_g140_2026-08-26,accepted/classic-random-12x10.jsonl#e349122b6e8483a679673951,classic-random-12x10,classic,random-start,12x10,tf:131,tf:128,false,p1,accepted,,713861998,713864139585995,1
tf_policy_elo_random_start_continuation_g127_g140_2026-08-26,accepted/classic-random-12x10.jsonl#f4a7a30ab16f2130fcff191f,classic-random-12x10,classic,random-start,12x10,tf:131,tf:128,false,p1,accepted,,713861998,713864139585997,3
tf_policy_elo_random_start_continuation_g127_g140_2026-08-26,accepted/classic-random-12x10.jsonl#1213c4540d6570e88d40afb0,classic-random-12x10,classic,random-start,12x10,tf:131,tf:128,false,p2,accepted,,713861998,713864139585999,5
tf_policy_elo_random_start_continuation_g127_g140_2026-08-26,accepted/classic-random-12x10.jsonl#853b8ae7581db4b587f89c4f,classic-random-12x10,classic,random-start,12x10,tf:131,tf:128,false,p1,accepted,,713861998,713864139586001,7
tf_policy_elo_random_start_continuation_g127_g140_2026-08-26,accepted/classic-random-12x10.jsonl#f6c437f10e598e5139391780,classic-random-12x10,classic,random-start,12x10,tf:131,tf:128,false,p2,accepted,,713861998,713864139586003,9
tf_policy_elo_random_start_continuation_g127_g140_2026-08-26,accepted/classic-random-12x10.jsonl#239b8b7372a6e0dab2fb1857,classic-random-12x10,classic,random-start,12x10,tf:131,tf:128,false,p1,accepted,,713861998,713864139586005,11
tf_policy_elo_random_start_continuation_g127_g140_2026-08-26,accepted/classic-random-12x10.jsonl#1b728e00c5f85860ff07a079,classic-random-12x10,classic,random-start,12x10,tf:131,tf:130,false,p1,accepted,,271782642,271783457347927,1
tf_policy_elo_random_start_continuation_g127_g140_2026-08-26,accepted/classic-random-12x10.jsonl#9f22432d0a5d7fddbae74107,classic-random-12x10,classic,random-start,12x10,tf:131,tf:130,false,p2,accepted,,271782642,271783457347929,3
tf_policy_elo_random_start_continuation_g127_g140_2026-08-26,accepted/classic-random-12x10.jsonl#e94c113d50a15aad756a78a8,classic-random-12x10,classic,random-start,12x10,tf:131,tf:130,false,p1,accepted,,271782642,271783457347931,5
tf_policy_elo_random_start_continuation_g127_g140_2026-08-26,accepted/classic-random-12x10.jsonl#fad78d6292de6d63b5d8c30f,classic-random-12x10,classic,random-start,12x10,tf:131,tf:130,false,p1,accepted,,271782642,271783457347933,7
tf_policy_elo_random_start_continuation_g127_g140_2026-08-26,accepted/classic-random-12x10.jsonl#fc6d85e2605c76fc60d11caf,classic-random-12x10,classic,random-start,12x10,tf:131,tf:130,false,p1,accepted,,271782642,271783457347935,9
tf_policy_elo_random_start_continuation_g127_g140_2026-08-26,accepted/classic-random-12x10.jsonl#f64e37d3bd698554e6b9ed6f,classic-random-12x10,classic,random-start,12x10,tf:131,tf:130,false,p1,accepted,,271782642,271783457347937,11
tf_policy_elo_random_start_continuation_g127_g140_2026-08-26,accepted/classic-random-12x10.jsonl#139da6fdaa14b64f3c52d43a,classic-random-12x10,classic,random-start,12x10,tf:131,tf:132,true,p1,accepted,,1544384623,1544389256153869,0
tf_policy_elo_random_start_continuation_g127_g140_2026-08-26,accepted/classic-random-12x10.jsonl#beb17cb6b6b4b12f9db99e7f,classic-random-12x10,classic,random-start,12x10,tf:131,tf:132,true,p2,accepted,,1544384623,1544389256153871,2
tf_policy_elo_random_start_continuation_g127_g140_2026-08-26,accepted/classic-random-12x10.jsonl#e6e753e4dacb59c79eeedcaf,classic-random-12x10,classic,random-start,12x10,tf:131,tf:132,true,p1,accepted,,1544384623,1544389256153873,4
tf_policy_elo_random_start_continuation_g127_g140_2026-08-26,accepted/classic-random-12x10.jsonl#d7f767ec9edfe31bc16e382d,classic-random-12x10,classic,random-start,12x10,tf:131,tf:132,true,p1,accepted,,1544384623,1544389256153875,6
tf_policy_elo_random_start_continuation_g127_g140_2026-08-26,accepted/classic-random-12x10.jsonl#897a36e95572610e55ee996e,classic-random-12x10,classic,random-start,12x10,tf:131,tf:132,true,p2,accepted,,1544384623,1544389256153877,8
tf_policy_elo_random_start_continuation_g127_g140_2026-08-26,accepted/classic-random-12x10.jsonl#3ca977b1be8475150f2951a4,classic-random-12x10,classic,random-start,12x10,tf:131,tf:132,true,p1,accepted,,1544384623,1544389256153879,10
tf_policy_elo_random_start_continuation_g127_g140_2026-08-26,accepted/classic-random-12x10.jsonl#f2621d5d290c2f1e6aec404a,classic-random-12x10,classic,random-start,12x10,tf:131,tf:134,true,p2,accepted,,1098769853,1098773149309559,0
tf_policy_elo_random_start_continuation_g127_g140_2026-08-26,accepted/classic-random-12x10.jsonl#880f3834fbd805b4dc5f01ed,classic-random-12x10,classic,random-start,12x10,tf:131,tf:134,true,p2,accepted,,1098769853,1098773149309561,2
tf_policy_elo_random_start_continuation_g127_g140_2026-08-26,accepted/classic-random-12x10.jsonl#1859bc7f2283195308c5afd4,classic-random-12x10,classic,random-start,12x10,tf:131,tf:134,true,p1,accepted,,1098769853,1098773149309563,4
tf_policy_elo_random_start_continuation_g127_g140_2026-08-26,accepted/classic-random-12x10.jsonl#2f75259da6120be5c0aab624,classic-random-12x10,classic,random-start,12x10,tf:131,tf:134,true,p2,accepted,,1098769853,1098773149309565,6
tf_policy_elo_random_start_continuation_g127_g140_2026-08-26,accepted/classic-random-12x10.jsonl#3097d8c88834ca2f643d722f,classic-random-12x10,classic,random-start,12x10,tf:131,tf:134,true,p2,accepted,,1098769853,1098773149309567,8
tf_policy_elo_random_start_continuation_g127_g140_2026-08-26,accepted/classic-random-12x10.jsonl#18ff994b7ba3fd6e3f394e1e,classic-random-12x10,classic,random-start,12x10,tf:131,tf:134,true,p1,accepted,,1098769853,1098773149309569,10
tf_policy_elo_random_start_continuation_g127_g140_2026-08-26,accepted/classic-random-12x10.jsonl#9d5e2a1231502675af325ea5,classic-random-12x10,classic,random-start,12x10,tf:131,tf:137,true,p2,accepted,,1191256900,1191260473770700,0
tf_policy_elo_random_start_continuation_g127_g140_2026-08-26,accepted/classic-random-12x10.jsonl#f7de72913673d19393b432c3,classic-random-12x10,classic,random-start,12x10,tf:131,tf:137,true,p1,accepted,,1191256900,1191260473770702,2
tf_policy_elo_random_start_continuation_g127_g140_2026-08-26,accepted/classic-random-12x10.jsonl#761562d373c731fe7ac09f7d,classic-random-12x10,classic,random-start,12x10,tf:131,tf:137,true,p2,accepted,,1191256900,1191260473770704,4
tf_policy_elo_random_start_continuation_g127_g140_2026-08-26,accepted/classic-random-12x10.jsonl#abd8a9e99265b0fdec3723d6,classic-random-12x10,classic,random-start,12x10,tf:131,tf:137,true,p2,accepted,,1191256900,1191260473770706,6
tf_policy_elo_random_start_continuation_g127_g140_2026-08-26,accepted/classic-random-12x10.jsonl#345a3229d011842fcc742bee,classic-random-12x10,classic,random-start,12x10,tf:131,tf:137,true,p1,accepted,,1191256900,1191260473770708,8
tf_policy_elo_random_start_continuation_g127_g140_2026-08-26,accepted/classic-random-12x10.jsonl#9a51dae5fe4e7c4c6e1f60c2,classic-random-12x10,classic,random-start,12x10,tf:131,tf:137,true,p1,accepted,,1191256900,1191260473770710,10
tf_policy_elo_random_start_continuation_g127_g140_2026-08-26,accepted/classic-random-12x10.jsonl#e31d246c6a56aadd5ad75b45,classic-random-12x10,classic,random-start,12x10,tf:132,tf:126,false,p1,accepted,,677410767,677412799232302,1
tf_policy_elo_random_start_continuation_g127_g140_2026-08-26,accepted/classic-random-12x10.jsonl#0ef44d90ee4c92a2aca17929,classic-random-12x10,classic,random-start,12x10,tf:132,tf:126,false,p1,accepted,,677410767,677412799232304,3
tf_policy_elo_random_start_continuation_g127_g140_2026-08-26,accepted/classic-random-12x10.jsonl#c12b89126fb996a0dd851e73,classic-random-12x10,classic,random-start,12x10,tf:132,tf:126,false,p2,accepted,,677410767,677412799232306,5
tf_policy_elo_random_start_continuation_g127_g140_2026-08-26,accepted/classic-random-12x10.jsonl#5879fb5f2dd67134821ff069,classic-random-12x10,classic,random-start,12x10,tf:132,tf:126,false,p1,accepted,,677410767,677412799232308,7
tf_policy_elo_random_start_continuation_g127_g140_2026-08-26,accepted/classic-random-12x10.jsonl#60ca3cc67cc615a2096dfc61,classic-random-12x10,classic,random-start,12x10,tf:132,tf:126,false,p1,accepted,,677410767,677412799232310,9
tf_policy_elo_random_start_continuation_g127_g140_2026-08-26,accepted/classic-random-12x10.jsonl#12e8dab222be1d2af6c69c48,classic-random-12x10,classic,random-start,12x10,tf:132,tf:126,false,p1,accepted,,677410767,677412799232312,11
tf_policy_elo_random_start_continuation_g127_g140_2026-08-26,accepted/classic-random-12x10.jsonl#c7c8bf880ad18a53081332f3,classic-random-12x10,classic,random-start,12x10,tf:132,tf:129,false,p2,accepted,,59484523,59484701453570,1
tf_policy_elo_random_start_continuation_g127_g140_2026-08-26,accepted/classic-random-12x10.jsonl#053d9f3d6df77d444d3e79b1,classic-random-12x10,classic,random-start,12x10,tf:132,tf:129,false,p2,accepted,,59484523,59484701453572,3
tf_policy_elo_random_start_continuation_g127_g140_2026-08-26,accepted/classic-random-12x10.jsonl#73df83422b4ca51e24822634,classic-random-12x10,classic,random-start,12x10,tf:132,tf:129,false,p2,accepted,,59484523,59484701453574,5
tf_policy_elo_random_start_continuation_g127_g140_2026-08-26,accepted/classic-random-12x10.jsonl#f42f633a06c01f1bedf1cfae,classic-random-12x10,classic,random-start,12x10,tf:132,tf:129,false,p1,accepted,,59484523,59484701453576,7
tf_policy_elo_random_start_continuation_g127_g140_2026-08-26,accepted/classic-random-12x10.jsonl#59c03bb1e51c1ef39a5ccaae,classic-random-12x10,classic,random-start,12x10,tf:132,tf:129,false,p2,accepted,,59484523,59484701453578,9
tf_policy_elo_random_start_continuation_g127_g140_2026-08-26,accepted/classic-random-12x10.jsonl#d76b54ebbc1c6c20339695c6,classic-random-12x10,classic,random-start,12x10,tf:132,tf:129,false,p1,accepted,,59484523,59484701453580,11
tf_policy_elo_random_start_continuation_g127_g140_2026-08-26,accepted/classic-random-12x10.jsonl#b30f18a25e0e1c132bdedab7,classic-random-12x10,classic,random-start,12x10,tf:132,tf:131,false,p1,accepted,,1544384623,1544389256153870,1
tf_policy_elo_random_start_continuation_g127_g140_2026-08-26,accepted/classic-random-12x10.jsonl#8c5a58f352158fca576a4fcb,classic-random-12x10,classic,random-start,12x10,tf:132,tf:131,false,p1,accepted,,1544384623,1544389256153872,3
tf_policy_elo_random_start_continuation_g127_g140_2026-08-26,accepted/classic-random-12x10.jsonl#e5288a9c415dcce9916d7190,classic-random-12x10,classic,random-start,12x10,tf:132,tf:131,false,p2,accepted,,1544384623,1544389256153874,5
tf_policy_elo_random_start_continuation_g127_g140_2026-08-26,accepted/classic-random-12x10.jsonl#e5a87075cb1802377b028b80,classic-random-12x10,classic,random-start,12x10,tf:132,tf:131,false,p1,accepted,,1544384623,1544389256153876,7
tf_policy_elo_random_start_continuation_g127_g140_2026-08-26,accepted/classic-random-12x10.jsonl#3c629e3993848d2320b9b902,classic-random-12x10,classic,random-start,12x10,tf:132,tf:131,false,p1,accepted,,1544384623,1544389256153878,9
tf_policy_elo_random_start_continuation_g127_g140_2026-08-26,accepted/classic-random-12x10.jsonl#1cb1f71636527efb7cc764e8,classic-random-12x10,classic,random-start,12x10,tf:132,tf:131,false,p2,accepted,,1544384623,1544389256153880,11
tf_policy_elo_random_start_continuation_g127_g140_2026-08-26,accepted/classic-random-12x10.jsonl#3ebfe5835dd0d78f3e2c771b,classic-random-12x10,classic,random-start,12x10,tf:132,tf:133,true,p1,accepted,,67888263,67888466664789,0
tf_policy_elo_random_start_continuation_g127_g140_2026-08-26,accepted/classic-random-12x10.jsonl#7b42794c47ad4eb1f9019e0c,classic-random-12x10,classic,random-start,12x10,tf:132,tf:133,true,p2,accepted,,67888263,67888466664791,2
tf_policy_elo_random_start_continuation_g127_g140_2026-08-26,accepted/classic-random-12x10.jsonl#ca9e3c52e701d015d23ec355,classic-random-12x10,classic,random-start,12x10,tf:132,tf:133,true,p1,accepted,,67888263,67888466664793,4
tf_policy_elo_random_start_continuation_g127_g140_2026-08-26,accepted/classic-random-12x10.jsonl#9ca50095c35f2a6999cfb15b,classic-random-12x10,classic,random-start,12x10,tf:132,tf:133,true,p1,accepted,,67888263,67888466664795,6
tf_policy_elo_random_start_continuation_g127_g140_2026-08-26,accepted/classic-random-12x10.jsonl#a6804c2325f51c0e68e5fc19,classic-random-12x10,classic,random-start,12x10,tf:132,tf:133,true,p1,accepted,,67888263,67888466664797,8
tf_policy_elo_random_start_continuation_g127_g140_2026-08-26,accepted/classic-random-12x10.jsonl#abe4fbd85a8eb5f73ec0c7b7,classic-random-12x10,classic,random-start,12x10,tf:132,tf:133,true,p1,accepted,,67888263,67888466664799,10
tf_policy_elo_random_start_continuation_g127_g140_2026-08-26,accepted/classic-random-12x10.jsonl#9ee0e36c403a94a37194065c,classic-random-12x10,classic,random-start,12x10,tf:132,tf:135,true,p2,accepted,,452414407,452415764243221,0
tf_policy_elo_random_start_continuation_g127_g140_2026-08-26,accepted/classic-random-12x10.jsonl#ca4fb2f84bd36b81a6b19c98,classic-random-12x10,classic,random-start,12x10,tf:132,tf:135,true,p2,accepted,,452414407,452415764243223,2
tf_policy_elo_random_start_continuation_g127_g140_2026-08-26,accepted/classic-random-12x10.jsonl#7be3b2978c1ea65dcda2d73c,classic-random-12x10,classic,random-start,12x10,tf:132,tf:135,true,p1,accepted,,452414407,452415764243225,4
tf_policy_elo_random_start_continuation_g127_g140_2026-08-26,accepted/classic-random-12x10.jsonl#0f91c078b9dd5bb645b741e4,classic-random-12x10,classic,random-start,12x10,tf:132,tf:135,true,p2,accepted,,452414407,452415764243227,6
tf_policy_elo_random_start_continuation_g127_g140_2026-08-26,accepted/classic-random-12x10.jsonl#2c89e1721d162eac8c431026,classic-random-12x10,classic,random-start,12x10,tf:132,tf:135,true,p1,accepted,,452414407,452415764243229,8
tf_policy_elo_random_start_continuation_g127_g140_2026-08-26,accepted/classic-random-12x10.jsonl#a03bbe10893c1c260b3d6b0c,classic-random-12x10,classic,random-start,12x10,tf:132,tf:135,true,p1,accepted,,452414407,452415764243231,10
tf_policy_elo_random_start_continuation_g127_g140_2026-08-26,accepted/classic-random-12x10.jsonl#a571f7f910cb5c02a26aaa48,classic-random-12x10,classic,random-start,12x10,tf:132,tf:138,true,p1,accepted,,235068390,235069095205170,0
tf_policy_elo_random_start_continuation_g127_g140_2026-08-26,accepted/classic-random-12x10.jsonl#0c7e8fbedcdc7a7fb4114474,classic-random-12x10,classic,random-start,12x10,tf:132,tf:138,true,p1,accepted,,235068390,235069095205172,2
tf_policy_elo_random_start_continuation_g127_g140_2026-08-26,accepted/classic-random-12x10.jsonl#4393dae704b48b2176e5ae25,classic-random-12x10,classic,random-start,12x10,tf:132,tf:138,true,p2,accepted,,235068390,235069095205174,4
tf_policy_elo_random_start_continuation_g127_g140_2026-08-26,accepted/classic-random-12x10.jsonl#3c831a3a6baaf4b82801d704,classic-random-12x10,classic,random-start,12x10,tf:132,tf:138,true,p1,accepted,,235068390,235069095205176,6
tf_policy_elo_random_start_continuation_g127_g140_2026-08-26,accepted/classic-random-12x10.jsonl#6ed2cfdc05f243fc567540ca,classic-random-12x10,classic,random-start,12x10,tf:132,tf:138,true,p1,accepted,,235068390,235069095205178,8
tf_policy_elo_random_start_continuation_g127_g140_2026-08-26,accepted/classic-random-12x10.jsonl#953249612ea6df99a77af1b3,classic-random-12x10,classic,random-start,12x10,tf:132,tf:138,true,p1,accepted,,235068390,235069095205180,10
tf_policy_elo_random_start_continuation_g127_g140_2026-08-26,accepted/classic-random-12x10.jsonl#4cdcee6b4a8c28be1dc9b622,classic-random-12x10,classic,random-start,12x10,tf:133,tf:127,false,p1,accepted,,1467589187,1467593589767562,1
tf_policy_elo_random_start_continuation_g127_g140_2026-08-26,accepted/classic-random-12x10.jsonl#f50f06ef1d9814564720ef60,classic-random-12x10,classic,random-start,12x10,tf:133,tf:127,false,p1,accepted,,1467589187,1467593589767564,3
tf_policy_elo_random_start_continuation_g127_g140_2026-08-26,accepted/classic-random-12x10.jsonl#d3faa412870b84be18ba761e,classic-random-12x10,classic,random-start,12x10,tf:133,tf:127,false,p2,accepted,,1467589187,1467593589767566,5
tf_policy_elo_random_start_continuation_g127_g140_2026-08-26,accepted/classic-random-12x10.jsonl#90182ef67fbf30f36dcc4357,classic-random-12x10,classic,random-start,12x10,tf:133,tf:127,false,p1,accepted,,1467589187,1467593589767568,7
tf_policy_elo_random_start_continuation_g127_g140_2026-08-26,accepted/classic-random-12x10.jsonl#a0f9f1511f07a0399ad220f6,classic-random-12x10,classic,random-start,12x10,tf:133,tf:127,false,p1,accepted,,1467589187,1467593589767570,9
tf_policy_elo_random_start_continuation_g127_g140_2026-08-26,accepted/classic-random-12x10.jsonl#cf1449c6e5089740cebf88dd,classic-random-12x10,classic,random-start,12x10,tf:133,tf:127,false,p1,accepted,,1467589187,1467593589767572,11
tf_policy_elo_random_start_continuation_g127_g140_2026-08-26,accepted/classic-random-12x10.jsonl#f2aa65dc181c479ff7b6ec05,classic-random-12x10,classic,random-start,12x10,tf:133,tf:130,false,p2,accepted,,2120336783,2120343144010350,1
tf_policy_elo_random_start_continuation_g127_g140_2026-08-26,accepted/classic-random-12x10.jsonl#51a768e933f561b12977eae1,classic-random-12x10,classic,random-start,12x10,tf:133,tf:130,false,p1,accepted,,2120336783,2120343144010352,3
tf_policy_elo_random_start_continuation_g127_g140_2026-08-26,accepted/classic-random-12x10.jsonl#ca55446c6cfc9fd733b27172,classic-random-12x10,classic,random-start,12x10,tf:133,tf:130,false,p1,accepted,,2120336783,2120343144010354,5
tf_policy_elo_random_start_continuation_g127_g140_2026-08-26,accepted/classic-random-12x10.jsonl#9091b5c5d8083a23198ecf56,classic-random-12x10,classic,random-start,12x10,tf:133,tf:130,false,p1,accepted,,2120336783,2120343144010356,7
tf_policy_elo_random_start_continuation_g127_g140_2026-08-26,accepted/classic-random-12x10.jsonl#dc0e09f4a2ef8e9bbda6e69a,classic-random-12x10,classic,random-start,12x10,tf:133,tf:130,false,p2,accepted,,2120336783,2120343144010358,9
tf_policy_elo_random_start_continuation_g127_g140_2026-08-26,accepted/classic-random-12x10.jsonl#2c91d7f79ad9e603cecd64a6,classic-random-12x10,classic,random-start,12x10,tf:133,tf:130,false,p1,accepted,,2120336783,2120343144010360,11
tf_policy_elo_random_start_continuation_g127_g140_2026-08-26,accepted/classic-random-12x10.jsonl#f2999473908b63d5cb4302ac,classic-random-12x10,classic,random-start,12x10,tf:133,tf:132,false,p1,accepted,,67888263,67888466664790,1
tf_policy_elo_random_start_continuation_g127_g140_2026-08-26,accepted/classic-random-12x10.jsonl#21dca85020e32f86358f783f,classic-random-12x10,classic,random-start,12x10,tf:133,tf:132,false,p2,accepted,,67888263,67888466664792,3
tf_policy_elo_random_start_continuation_g127_g140_2026-08-26,accepted/classic-random-12x10.jsonl#18c68c769254b8b0d40de4d3,classic-random-12x10,classic,random-start,12x10,tf:133,tf:132,false,p1,accepted,,67888263,67888466664794,5
tf_policy_elo_random_start_continuation_g127_g140_2026-08-26,accepted/classic-random-12x10.jsonl#258c48dcfd8a3e1b69f5860b,classic-random-12x10,classic,random-start,12x10,tf:133,tf:132,false,p1,accepted,,67888263,67888466664796,7
tf_policy_elo_random_start_continuation_g127_g140_2026-08-26,accepted/classic-random-12x10.jsonl#9279e365313d680abe5df951,classic-random-12x10,classic,random-start,12x10,tf:133,tf:132,false,p1,accepted,,67888263,67888466664798,9
tf_policy_elo_random_start_continuation_g127_g140_2026-08-26,accepted/classic-random-12x10.jsonl#b30a656ca9a602af1b519674,classic-random-12x10,classic,random-start,12x10,tf:133,tf:132,false,p2,accepted,,67888263,67888466664800,11
tf_policy_elo_random_start_continuation_g127_g140_2026-08-26,accepted/classic-random-12x10.jsonl#8b4f36c5f878179ab4817701,classic-random-12x10,classic,random-start,12x10,tf:133,tf:134,true,p1,accepted,,192923463,192924041770389,0
tf_policy_elo_random_start_continuation_g127_g140_2026-08-26,accepted/classic-random-12x10.jsonl#2234bffdda6cb646cb091000,classic-random-12x10,classic,random-start,12x10,tf:133,tf:134,true,p1,accepted,,192923463,192924041770391,2
tf_policy_elo_random_start_continuation_g127_g140_2026-08-26,accepted/classic-random-12x10.jsonl#3f46d39abc34e7ace25b8d58,classic-random-12x10,classic,random-start,12x10,tf:133,tf:134,true,p2,accepted,,192923463,192924041770393,4
tf_policy_elo_random_start_continuation_g127_g140_2026-08-26,accepted/classic-random-12x10.jsonl#ea29c81ec9b71cab5c2d01fd,classic-random-12x10,classic,random-start,12x10,tf:133,tf:134,true,p1,accepted,,192923463,192924041770395,6
tf_policy_elo_random_start_continuation_g127_g140_2026-08-26,accepted/classic-random-12x10.jsonl#49833b1b48271dea70a8cb71,classic-random-12x10,classic,random-start,12x10,tf:133,tf:134,true,p2,accepted,,192923463,192924041770397,8
tf_policy_elo_random_start_continuation_g127_g140_2026-08-26,accepted/classic-random-12x10.jsonl#8d76b189e75f3ae37ff29d97,classic-random-12x10,classic,random-start,12x10,tf:133,tf:134,true,p1,accepted,,192923463,192924041770399,10
tf_policy_elo_random_start_continuation_g127_g140_2026-08-26,accepted/classic-random-12x10.jsonl#1a4c5e4240672d51bfa0ceed,classic-random-12x10,classic,random-start,12x10,tf:133,tf:136,true,p2,accepted,,1948197489,1948203333592467,0
tf_policy_elo_random_start_continuation_g127_g140_2026-08-26,accepted/classic-random-12x10.jsonl#77c24ddb04309ed83645f557,classic-random-12x10,classic,random-start,12x10,tf:133,tf:136,true,p1,accepted,,1948197489,1948203333592469,2
tf_policy_elo_random_start_continuation_g127_g140_2026-08-26,accepted/classic-random-12x10.jsonl#f254151ab8deb6ecec27d40b,classic-random-12x10,classic,random-start,12x10,tf:133,tf:136,true,p1,accepted,,1948197489,1948203333592471,4
tf_policy_elo_random_start_continuation_g127_g140_2026-08-26,accepted/classic-random-12x10.jsonl#54e4c072b35bd95b43da689a,classic-random-12x10,classic,random-start,12x10,tf:133,tf:136,true,p1,accepted,,1948197489,1948203333592473,6
tf_policy_elo_random_start_continuation_g127_g140_2026-08-26,accepted/classic-random-12x10.jsonl#95f22546d00de5c69b40e211,classic-random-12x10,classic,random-start,12x10,tf:133,tf:136,true,p2,accepted,,1948197489,1948203333592475,8
tf_policy_elo_random_start_continuation_g127_g140_2026-08-26,accepted/classic-random-12x10.jsonl#b55311a08401cdb083d72345,classic-random-12x10,classic,random-start,12x10,tf:133,tf:136,true,p1,accepted,,1948197489,1948203333592477,10
tf_policy_elo_random_start_continuation_g127_g140_2026-08-26,accepted/classic-random-12x10.jsonl#5410fc1a6eb2e3f22f2278e6,classic-random-12x10,classic,random-start,12x10,tf:133,tf:139,true,p1,accepted,,622554996,622556863664988,0
tf_policy_elo_random_start_continuation_g127_g140_2026-08-26,accepted/classic-random-12x10.jsonl#77b8391605d79f784c3c9bc6,classic-random-12x10,classic,random-start,12x10,tf:133,tf:139,true,p2,accepted,,622554996,622556863664990,2
tf_policy_elo_random_start_continuation_g127_g140_2026-08-26,accepted/classic-random-12x10.jsonl#04a22b59d868badde655f67e,classic-random-12x10,classic,random-start,12x10,tf:133,tf:139,true,p2,accepted,,622554996,622556863664992,4
tf_policy_elo_random_start_continuation_g127_g140_2026-08-26,accepted/classic-random-12x10.jsonl#ed164a9b01cae302e70fc935,classic-random-12x10,classic,random-start,12x10,tf:133,tf:139,true,p1,accepted,,622554996,622556863664994,6
tf_policy_elo_random_start_continuation_g127_g140_2026-08-26,accepted/classic-random-12x10.jsonl#9bd77bcd1c25ea248f2da9af,classic-random-12x10,classic,random-start,12x10,tf:133,tf:139,true,p1,accepted,,622554996,622556863664996,8
tf_policy_elo_random_start_continuation_g127_g140_2026-08-26,accepted/classic-random-12x10.jsonl#9ec392681fa0e37fdb012877,classic-random-12x10,classic,random-start,12x10,tf:133,tf:139,true,p2,accepted,,622554996,622556863664998,10
tf_policy_elo_random_start_continuation_g127_g140_2026-08-26,accepted/classic-random-12x10.jsonl#562475d06c711a55df3cecf4,classic-random-12x10,classic,random-start,12x10,tf:134,tf:128,false,p1,accepted,,837506305,837508817518916,1
tf_policy_elo_random_start_continuation_g127_g140_2026-08-26,accepted/classic-random-12x10.jsonl#b31b9b591b3265dcbf690e40,classic-random-12x10,classic,random-start,12x10,tf:134,tf:128,false,p1,accepted,,837506305,837508817518918,3
tf_policy_elo_random_start_continuation_g127_g140_2026-08-26,accepted/classic-random-12x10.jsonl#c9e2893050cc521a108cf1c2,classic-random-12x10,classic,random-start,12x10,tf:134,tf:128,false,p1,accepted,,837506305,837508817518920,5
tf_policy_elo_random_start_continuation_g127_g140_2026-08-26,accepted/classic-random-12x10.jsonl#4599a44accb2db9d749f46dd,classic-random-12x10,classic,random-start,12x10,tf:134,tf:128,false,p1,accepted,,837506305,837508817518922,7
tf_policy_elo_random_start_continuation_g127_g140_2026-08-26,accepted/classic-random-12x10.jsonl#931afaf9c169850e487e5455,classic-random-12x10,classic,random-start,12x10,tf:134,tf:128,false,p1,accepted,,837506305,837508817518924,9
tf_policy_elo_random_start_continuation_g127_g140_2026-08-26,accepted/classic-random-12x10.jsonl#696cafe89e9cb3a09bdf96f7,classic-random-12x10,classic,random-start,12x10,tf:134,tf:128,false,p1,accepted,,837506305,837508817518926,11
tf_policy_elo_random_start_continuation_g127_g140_2026-08-26,accepted/classic-random-12x10.jsonl#76822f3c4a59c31663f5ce17,classic-random-12x10,classic,random-start,12x10,tf:134,tf:131,false,p1,accepted,,1098769853,1098773149309560,1
tf_policy_elo_random_start_continuation_g127_g140_2026-08-26,accepted/classic-random-12x10.jsonl#f66e41cf24e369b8c03b66cb,classic-random-12x10,classic,random-start,12x10,tf:134,tf:131,false,p1,accepted,,1098769853,1098773149309562,3
tf_policy_elo_random_start_continuation_g127_g140_2026-08-26,accepted/classic-random-12x10.jsonl#2de233e684960a569942348c,classic-random-12x10,classic,random-start,12x10,tf:134,tf:131,false,p2,accepted,,1098769853,1098773149309564,5
tf_policy_elo_random_start_continuation_g127_g140_2026-08-26,accepted/classic-random-12x10.jsonl#5660ca369b0b734a709a1ab4,classic-random-12x10,classic,random-start,12x10,tf:134,tf:131,false,p2,accepted,,1098769853,1098773149309566,7
tf_policy_elo_random_start_continuation_g127_g140_2026-08-26,accepted/classic-random-12x10.jsonl#eba04ea972ee2040c9f03392,classic-random-12x10,classic,random-start,12x10,tf:134,tf:131,false,p1,accepted,,1098769853,1098773149309568,9
tf_policy_elo_random_start_continuation_g127_g140_2026-08-26,accepted/classic-random-12x10.jsonl#55ac5edab6fee919a81aae3a,classic-random-12x10,classic,random-start,12x10,tf:134,tf:131,false,p1,accepted,,1098769853,1098773149309570,11
tf_policy_elo_random_start_continuation_g127_g140_2026-08-26,accepted/classic-random-12x10.jsonl#1a54adb41892592305b7292b,classic-random-12x10,classic,random-start,12x10,tf:134,tf:133,false,p2,accepted,,192923463,192924041770390,1
tf_policy_elo_random_start_continuation_g127_g140_2026-08-26,accepted/classic-random-12x10.jsonl#2468378cc51b8371ad50a37f,classic-random-12x10,classic,random-start,12x10,tf:134,tf:133,false,p1,accepted,,192923463,192924041770392,3
tf_policy_elo_random_start_continuation_g127_g140_2026-08-26,accepted/classic-random-12x10.jsonl#9e101f78b2bdfe77bcc6aa34,classic-random-12x10,classic,random-start,12x10,tf:134,tf:133,false,p2,accepted,,192923463,192924041770394,5
tf_policy_elo_random_start_continuation_g127_g140_2026-08-26,accepted/classic-random-12x10.jsonl#5f30f9c153bb52b37946ce2f,classic-random-12x10,classic,random-start,12x10,tf:134,tf:133,false,p1,accepted,,192923463,192924041770396,7
tf_policy_elo_random_start_continuation_g127_g140_2026-08-26,accepted/classic-random-12x10.jsonl#8e54d45dff5f83dc9f3a0611,classic-random-12x10,classic,random-start,12x10,tf:134,tf:133,false,p2,accepted,,192923463,192924041770398,9
tf_policy_elo_random_start_continuation_g127_g140_2026-08-26,accepted/classic-random-12x10.jsonl#5b43ac0ae4e494c1dd74db43,classic-random-12x10,classic,random-start,12x10,tf:134,tf:133,false,p1,accepted,,192923463,192924041770400,11
tf_policy_elo_random_start_continuation_g127_g140_2026-08-26,accepted/classic-random-12x10.jsonl#9da89d49538f46dba8395a92,classic-random-12x10,classic,random-start,12x10,tf:134,tf:135,true,p2,accepted,,729499582,729501770498746,0
tf_policy_elo_random_start_continuation_g127_g140_2026-08-26,accepted/classic-random-12x10.jsonl#cfeb8a30b0136d279faaf5c1,classic-random-12x10,classic,random-start,12x10,tf:134,tf:135,true,p1,accepted,,729499582,729501770498748,2
tf_policy_elo_random_start_continuation_g127_g140_2026-08-26,accepted/classic-random-12x10.jsonl#ae62625d01b245b1259af155,classic-random-12x10,classic,random-start,12x10,tf:134,tf:135,true,p2,accepted,,729499582,729501770498750,4
tf_policy_elo_random_start_continuation_g127_g140_2026-08-26,accepted/classic-random-12x10.jsonl#cbc8cad50705f749e0c3de23,classic-random-12x10,classic,random-start,12x10,tf:134,tf:135,true,p2,accepted,,729499582,729501770498752,6
tf_policy_elo_random_start_continuation_g127_g140_2026-08-26,accepted/classic-random-12x10.jsonl#72dbbe1798a0ad72e4fdeeff,classic-random-12x10,classic,random-start,12x10,tf:134,tf:135,true,p1,accepted,,729499582,729501770498754,8
tf_policy_elo_random_start_continuation_g127_g140_2026-08-26,accepted/classic-random-12x10.jsonl#42a7b091c95af164ce95ac17,classic-random-12x10,classic,random-start,12x10,tf:134,tf:135,true,p1,accepted,,729499582,729501770498756,10
tf_policy_elo_random_start_continuation_g127_g140_2026-08-26,accepted/classic-random-12x10.jsonl#aaa1793319138cbeca793af2,classic-random-12x10,classic,random-start,12x10,tf:134,tf:137,true,p1,accepted,,28747211,28747297241633,0
tf_policy_elo_random_start_continuation_g127_g140_2026-08-26,accepted/classic-random-12x10.jsonl#84bd0583040b841ae69063b9,classic-random-12x10,classic,random-start,12x10,tf:134,tf:137,true,p1,accepted,,28747211,28747297241635,2
tf_policy_elo_random_start_continuation_g127_g140_2026-08-26,accepted/classic-random-12x10.jsonl#5e67d359230f89898fa5f966,classic-random-12x10,classic,random-start,12x10,tf:134,tf:137,true,p1,accepted,,28747211,28747297241637,4
tf_policy_elo_random_start_continuation_g127_g140_2026-08-26,accepted/classic-random-12x10.jsonl#22f6ae1edcd4d4b92b046871,classic-random-12x10,classic,random-start,12x10,tf:134,tf:137,true,p2,accepted,,28747211,28747297241639,6
tf_policy_elo_random_start_continuation_g127_g140_2026-08-26,accepted/classic-random-12x10.jsonl#df78782ed40dd64d49464ffc,classic-random-12x10,classic,random-start,12x10,tf:134,tf:137,true,p2,accepted,,28747211,28747297241641,8
tf_policy_elo_random_start_continuation_g127_g140_2026-08-26,accepted/classic-random-12x10.jsonl#4091ac3216a896729a6c064b,classic-random-12x10,classic,random-start,12x10,tf:134,tf:137,true,p1,accepted,,28747211,28747297241643,10
tf_policy_elo_random_start_continuation_g127_g140_2026-08-26,accepted/classic-random-12x10.jsonl#d73436235f6fb932a67c77b2,classic-random-12x10,classic,random-start,12x10,tf:134,tf:140,true,p2,accepted,,1869358081,1869363689074243,0
tf_policy_elo_random_start_continuation_g127_g140_2026-08-26,accepted/classic-random-12x10.jsonl#51e6c79eba374f1182f8b1f2,classic-random-12x10,classic,random-start,12x10,tf:134,tf:140,true,p1,accepted,,1869358081,1869363689074245,2
tf_policy_elo_random_start_continuation_g127_g140_2026-08-26,accepted/classic-random-12x10.jsonl#620619aed85db3e01ae325b8,classic-random-12x10,classic,random-start,12x10,tf:134,tf:140,true,p2,accepted,,1869358081,1869363689074247,4
tf_policy_elo_random_start_continuation_g127_g140_2026-08-26,accepted/classic-random-12x10.jsonl#c4f567b72f899f6a6aa65eeb,classic-random-12x10,classic,random-start,12x10,tf:134,tf:140,true,p1,accepted,,1869358081,1869363689074249,6
tf_policy_elo_random_start_continuation_g127_g140_2026-08-26,accepted/classic-random-12x10.jsonl#facacca7ce2db0158494fc5d,classic-random-12x10,classic,random-start,12x10,tf:134,tf:140,true,p2,accepted,,1869358081,1869363689074251,8
tf_policy_elo_random_start_continuation_g127_g140_2026-08-26,accepted/classic-random-12x10.jsonl#84639602f7202b9e8c1c5792,classic-random-12x10,classic,random-start,12x10,tf:134,tf:140,true,p1,accepted,,1869358081,1869363689074253,10
tf_policy_elo_random_start_continuation_g127_g140_2026-08-26,accepted/classic-random-12x10.jsonl#f46ceac7cdb49ad25122c178,classic-random-12x10,classic,random-start,12x10,tf:135,tf:129,false,p2,accepted,,363579670,363580760739011,1
tf_policy_elo_random_start_continuation_g127_g140_2026-08-26,accepted/classic-random-12x10.jsonl#b675d1e70216da7b0a84ef38,classic-random-12x10,classic,random-start,12x10,tf:135,tf:129,false,p1,accepted,,363579670,363580760739013,3
tf_policy_elo_random_start_continuation_g127_g140_2026-08-26,accepted/classic-random-12x10.jsonl#b33c876ad7cf3898aa1c62e7,classic-random-12x10,classic,random-start,12x10,tf:135,tf:129,false,p1,accepted,,363579670,363580760739015,5
tf_policy_elo_random_start_continuation_g127_g140_2026-08-26,accepted/classic-random-12x10.jsonl#4d8ac088520db800e2b79b15,classic-random-12x10,classic,random-start,12x10,tf:135,tf:129,false,p1,accepted,,363579670,363580760739017,7
tf_policy_elo_random_start_continuation_g127_g140_2026-08-26,accepted/classic-random-12x10.jsonl#63ee1a0490294001a34dd054,classic-random-12x10,classic,random-start,12x10,tf:135,tf:129,false,p1,accepted,,363579670,363580760739019,9
tf_policy_elo_random_start_continuation_g127_g140_2026-08-26,accepted/classic-random-12x10.jsonl#fc9418bd325a8c4bb03644e7,classic-random-12x10,classic,random-start,12x10,tf:135,tf:129,false,p2,accepted,,363579670,363580760739021,11
tf_policy_elo_random_start_continuation_g127_g140_2026-08-26,accepted/classic-random-12x10.jsonl#93312ddb76e676bb632cb30b,classic-random-12x10,classic,random-start,12x10,tf:135,tf:132,false,p2,accepted,,452414407,452415764243222,1
tf_policy_elo_random_start_continuation_g127_g140_2026-08-26,accepted/classic-random-12x10.jsonl#8b1d3bce7a945e42adb0a598,classic-random-12x10,classic,random-start,12x10,tf:135,tf:132,false,p1,accepted,,452414407,452415764243224,3
tf_policy_elo_random_start_continuation_g127_g140_2026-08-26,accepted/classic-random-12x10.jsonl#fa2b16861122d36b9662e40c,classic-random-12x10,classic,random-start,12x10,tf:135,tf:132,false,p2,accepted,,452414407,452415764243226,5
tf_policy_elo_random_start_continuation_g127_g140_2026-08-26,accepted/classic-random-12x10.jsonl#915514df93c3ffafe4e06bbc,classic-random-12x10,classic,random-start,12x10,tf:135,tf:132,false,p1,accepted,,452414407,452415764243228,7
tf_policy_elo_random_start_continuation_g127_g140_2026-08-26,accepted/classic-random-12x10.jsonl#a95fa471d4dfb98d439334cb,classic-random-12x10,classic,random-start,12x10,tf:135,tf:132,false,p2,accepted,,452414407,452415764243230,9
tf_policy_elo_random_start_continuation_g127_g140_2026-08-26,accepted/classic-random-12x10.jsonl#9c72e215fb6c840d61ea501e,classic-random-12x10,classic,random-start,12x10,tf:135,tf:132,false,p1,accepted,,452414407,452415764243232,11
tf_policy_elo_random_start_continuation_g127_g140_2026-08-26,accepted/classic-random-12x10.jsonl#44262c05a296d23da1f20048,classic-random-12x10,classic,random-start,12x10,tf:135,tf:134,false,p2,accepted,,729499582,729501770498747,1
tf_policy_elo_random_start_continuation_g127_g140_2026-08-26,accepted/classic-random-12x10.jsonl#68ccf79960026ed8835e28be,classic-random-12x10,classic,random-start,12x10,tf:135,tf:134,false,p1,accepted,,729499582,729501770498749,3
tf_policy_elo_random_start_continuation_g127_g140_2026-08-26,accepted/classic-random-12x10.jsonl#df24ac84732cecfa7876af49,classic-random-12x10,classic,random-start,12x10,tf:135,tf:134,false,p2,accepted,,729499582,729501770498751,5
tf_policy_elo_random_start_continuation_g127_g140_2026-08-26,accepted/classic-random-12x10.jsonl#793d6ec21ed4a57cc0a2159d,classic-random-12x10,classic,random-start,12x10,tf:135,tf:134,false,p2,accepted,,729499582,729501770498753,7
tf_policy_elo_random_start_continuation_g127_g140_2026-08-26,accepted/classic-random-12x10.jsonl#ef2171f5533b1a9c92b4557d,classic-random-12x10,classic,random-start,12x10,tf:135,tf:134,false,p1,accepted,,729499582,729501770498755,9
tf_policy_elo_random_start_continuation_g127_g140_2026-08-26,accepted/classic-random-12x10.jsonl#f4af42f34b9c79e43fcb482f,classic-random-12x10,classic,random-start,12x10,tf:135,tf:134,false,p1,accepted,,729499582,729501770498757,11
tf_policy_elo_random_start_continuation_g127_g140_2026-08-26,accepted/classic-random-12x10.jsonl#59bbd460ee2a5da7b93cdd45,classic-random-12x10,classic,random-start,12x10,tf:135,tf:136,true,p2,accepted,,453147187,453148546441561,0
tf_policy_elo_random_start_continuation_g127_g140_2026-08-26,accepted/classic-random-12x10.jsonl#a66e54ef9ca5ce714eb82fcf,classic-random-12x10,classic,random-start,12x10,tf:135,tf:136,true,p1,accepted,,453147187,453148546441563,2
tf_policy_elo_random_start_continuation_g127_g140_2026-08-26,accepted/classic-random-12x10.jsonl#b9c2747e97a7608aee64c8c5,classic-random-12x10,classic,random-start,12x10,tf:135,tf:136,true,p1,accepted,,453147187,453148546441565,4
tf_policy_elo_random_start_continuation_g127_g140_2026-08-26,accepted/classic-random-12x10.jsonl#a6505552c0e031ab54ed77ed,classic-random-12x10,classic,random-start,12x10,tf:135,tf:136,true,p1,accepted,,453147187,453148546441567,6
tf_policy_elo_random_start_continuation_g127_g140_2026-08-26,accepted/classic-random-12x10.jsonl#94e7c64e385b1f26991ee600,classic-random-12x10,classic,random-start,12x10,tf:135,tf:136,true,p2,accepted,,453147187,453148546441569,8
tf_policy_elo_random_start_continuation_g127_g140_2026-08-26,accepted/classic-random-12x10.jsonl#0568378c5308be4090371941,classic-random-12x10,classic,random-start,12x10,tf:135,tf:136,true,p2,accepted,,453147187,453148546441571,10
tf_policy_elo_random_start_continuation_g127_g140_2026-08-26,accepted/classic-random-12x10.jsonl#845e316e117ad55407ae484c,classic-random-12x10,classic,random-start,12x10,tf:135,tf:138,true,p1,accepted,,1324615778,1324619751847334,0
tf_policy_elo_random_start_continuation_g127_g140_2026-08-26,accepted/classic-random-12x10.jsonl#9d6c92a32e43660ee1935a1a,classic-random-12x10,classic,random-start,12x10,tf:135,tf:138,true,p2,accepted,,1324615778,1324619751847336,2
tf_policy_elo_random_start_continuation_g127_g140_2026-08-26,accepted/classic-random-12x10.jsonl#d79120f047ffb2ed742c181e,classic-random-12x10,classic,random-start,12x10,tf:135,tf:138,true,p2,accepted,,1324615778,1324619751847338,4
tf_policy_elo_random_start_continuation_g127_g140_2026-08-26,accepted/classic-random-12x10.jsonl#06636519bc4718eb46508fe0,classic-random-12x10,classic,random-start,12x10,tf:135,tf:138,true,p1,accepted,,1324615778,1324619751847340,6
tf_policy_elo_random_start_continuation_g127_g140_2026-08-26,accepted/classic-random-12x10.jsonl#e8cab7c984718c3ca907eb5a,classic-random-12x10,classic,random-start,12x10,tf:135,tf:138,true,p1,accepted,,1324615778,1324619751847342,8
tf_policy_elo_random_start_continuation_g127_g140_2026-08-26,accepted/classic-random-12x10.jsonl#4ed567e1b3a5748853b435ab,classic-random-12x10,classic,random-start,12x10,tf:135,tf:138,true,p1,accepted,,1324615778,1324619751847344,10
tf_policy_elo_random_start_continuation_g127_g140_2026-08-26,accepted/classic-random-12x10.jsonl#b7d66b2106c77817263d1bc2,classic-random-12x10,classic,random-start,12x10,tf:136,tf:130,false,p1,accepted,,51676976,51677131030929,1
tf_policy_elo_random_start_continuation_g127_g140_2026-08-26,accepted/classic-random-12x10.jsonl#0b74911d697e01c26d982c2d,classic-random-12x10,classic,random-start,12x10,tf:136,tf:130,false,p1,accepted,,51676976,51677131030931,3
tf_policy_elo_random_start_continuation_g127_g140_2026-08-26,accepted/classic-random-12x10.jsonl#dc05a694ac03317c73663312,classic-random-12x10,classic,random-start,12x10,tf:136,tf:130,false,p1,accepted,,51676976,51677131030933,5
tf_policy_elo_random_start_continuation_g127_g140_2026-08-26,accepted/classic-random-12x10.jsonl#7ff54eb8a0b7f696b0d137fd,classic-random-12x10,classic,random-start,12x10,tf:136,tf:130,false,p1,accepted,,51676976,51677131030935,7
tf_policy_elo_random_start_continuation_g127_g140_2026-08-26,accepted/classic-random-12x10.jsonl#c3a4082f087f72b252719b2f,classic-random-12x10,classic,random-start,12x10,tf:136,tf:130,false,p1,accepted,,51676976,51677131030937,9
tf_policy_elo_random_start_continuation_g127_g140_2026-08-26,accepted/classic-random-12x10.jsonl#4161d25e2a98d7177453241d,classic-random-12x10,classic,random-start,12x10,tf:136,tf:130,false,p2,accepted,,51676976,51677131030939,11
tf_policy_elo_random_start_continuation_g127_g140_2026-08-26,accepted/classic-random-12x10.jsonl#3bc25bea60231d3074ef6374,classic-random-12x10,classic,random-start,12x10,tf:136,tf:133,false,p1,accepted,,1948197489,1948203333592468,1
tf_policy_elo_random_start_continuation_g127_g140_2026-08-26,accepted/classic-random-12x10.jsonl#0154c88ae4b4adad9c08f300,classic-random-12x10,classic,random-start,12x10,tf:136,tf:133,false,p1,accepted,,1948197489,1948203333592470,3
tf_policy_elo_random_start_continuation_g127_g140_2026-08-26,accepted/classic-random-12x10.jsonl#63d7f8a97ee508cb7fe7d446,classic-random-12x10,classic,random-start,12x10,tf:136,tf:133,false,p1,accepted,,1948197489,1948203333592472,5
tf_policy_elo_random_start_continuation_g127_g140_2026-08-26,accepted/classic-random-12x10.jsonl#acd7bc09751da6960f495cbc,classic-random-12x10,classic,random-start,12x10,tf:136,tf:133,false,p1,accepted,,1948197489,1948203333592474,7
tf_policy_elo_random_start_continuation_g127_g140_2026-08-26,accepted/classic-random-12x10.jsonl#c0dba39a76f5e55890ac3527,classic-random-12x10,classic,random-start,12x10,tf:136,tf:133,false,p1,accepted,,1948197489,1948203333592476,9
tf_policy_elo_random_start_continuation_g127_g140_2026-08-26,accepted/classic-random-12x10.jsonl#f79390a7c3ffe935ca508ce1,classic-random-12x10,classic,random-start,12x10,tf:136,tf:133,false,p2,accepted,,1948197489,1948203333592478,11
tf_policy_elo_random_start_continuation_g127_g140_2026-08-26,accepted/classic-random-12x10.jsonl#b1a13429afbea4116a09941e,classic-random-12x10,classic,random-start,12x10,tf:136,tf:135,false,p2,accepted,,453147187,453148546441562,1
tf_policy_elo_random_start_continuation_g127_g140_2026-08-26,accepted/classic-random-12x10.jsonl#63bc2885fc41c7a75ec21f19,classic-random-12x10,classic,random-start,12x10,tf:136,tf:135,false,p1,accepted,,453147187,453148546441564,3
tf_policy_elo_random_start_continuation_g127_g140_2026-08-26,accepted/classic-random-12x10.jsonl#6007aaafc087f288fc094ae8,classic-random-12x10,classic,random-start,12x10,tf:136,tf:135,false,p2,accepted,,453147187,453148546441566,5
tf_policy_elo_random_start_continuation_g127_g140_2026-08-26,accepted/classic-random-12x10.jsonl#b6f21eec7af958666e781c5b,classic-random-12x10,classic,random-start,12x10,tf:136,tf:135,false,p2,accepted,,453147187,453148546441568,7
tf_policy_elo_random_start_continuation_g127_g140_2026-08-26,accepted/classic-random-12x10.jsonl#2004bdbf5bcd140c4bb548e6,classic-random-12x10,classic,random-start,12x10,tf:136,tf:135,false,p1,accepted,,453147187,453148546441570,9
tf_policy_elo_random_start_continuation_g127_g140_2026-08-26,accepted/classic-random-12x10.jsonl#9f715d552689ebefcc3f77c1,classic-random-12x10,classic,random-start,12x10,tf:136,tf:135,false,p1,accepted,,453147187,453148546441572,11
tf_policy_elo_random_start_continuation_g127_g140_2026-08-26,accepted/classic-random-12x10.jsonl#97703a8b45fe277c9e06b3ba,classic-random-12x10,classic,random-start,12x10,tf:136,tf:137,true,p2,accepted,,630791606,630793498374818,0
tf_policy_elo_random_start_continuation_g127_g140_2026-08-26,accepted/classic-random-12x10.jsonl#39ea7a95a9e0d20ff10feafe,classic-random-12x10,classic,random-start,12x10,tf:136,tf:137,true,p1,accepted,,630791606,630793498374820,2
tf_policy_elo_random_start_continuation_g127_g140_2026-08-26,accepted/classic-random-12x10.jsonl#4fa8810f00a2a587073c9e99,classic-random-12x10,classic,random-start,12x10,tf:136,tf:137,true,p1,accepted,,630791606,630793498374822,4
tf_policy_elo_random_start_continuation_g127_g140_2026-08-26,accepted/classic-random-12x10.jsonl#8e6de16056d62190b02b6c3c,classic-random-12x10,classic,random-start,12x10,tf:136,tf:137,true,p1,accepted,,630791606,630793498374824,6
tf_policy_elo_random_start_continuation_g127_g140_2026-08-26,accepted/classic-random-12x10.jsonl#24bd20876ec55c930d903da3,classic-random-12x10,classic,random-start,12x10,tf:136,tf:137,true,p1,accepted,,630791606,630793498374826,8
tf_policy_elo_random_start_continuation_g127_g140_2026-08-26,accepted/classic-random-12x10.jsonl#dd9b16427e880a18198d3131,classic-random-12x10,classic,random-start,12x10,tf:136,tf:137,true,p1,accepted,,630791606,630793498374828,10
tf_policy_elo_random_start_continuation_g127_g140_2026-08-26,accepted/classic-random-12x10.jsonl#7d5d2469607b39803061fb26,classic-random-12x10,classic,random-start,12x10,tf:136,tf:139,true,p1,accepted,,2004338270,2004344283014810,0
tf_policy_elo_random_start_continuation_g127_g140_2026-08-26,accepted/classic-random-12x10.jsonl#24d90c1f0d58c3eba40213a0,classic-random-12x10,classic,random-start,12x10,tf:136,tf:139,true,p2,accepted,,2004338270,2004344283014812,2
tf_policy_elo_random_start_continuation_g127_g140_2026-08-26,accepted/classic-random-12x10.jsonl#18ef16023328246e0074ebbb,classic-random-12x10,classic,random-start,12x10,tf:136,tf:139,true,p1,accepted,,2004338270,2004344283014814,4
tf_policy_elo_random_start_continuation_g127_g140_2026-08-26,accepted/classic-random-12x10.jsonl#4119a096b4fa0b4f0ad60af3,classic-random-12x10,classic,random-start,12x10,tf:136,tf:139,true,p2,accepted,,2004338270,2004344283014816,6
tf_policy_elo_random_start_continuation_g127_g140_2026-08-26,accepted/classic-random-12x10.jsonl#07aa34dec7cea684fa9d5e06,classic-random-12x10,classic,random-start,12x10,tf:136,tf:139,true,p2,accepted,,2004338270,2004344283014818,8
tf_policy_elo_random_start_continuation_g127_g140_2026-08-26,accepted/classic-random-12x10.jsonl#223bcd9b1b0880ee7ba599dc,classic-random-12x10,classic,random-start,12x10,tf:136,tf:139,true,p2,accepted,,2004338270,2004344283014820,10
tf_policy_elo_random_start_continuation_g127_g140_2026-08-26,accepted/classic-random-12x10.jsonl#fdef540c9c77ec655bd73c65,classic-random-12x10,classic,random-start,12x10,tf:137,tf:131,false,p1,accepted,,1191256900,1191260473770701,1
tf_policy_elo_random_start_continuation_g127_g140_2026-08-26,accepted/classic-random-12x10.jsonl#5f5b67c069cd4d22968abe3e,classic-random-12x10,classic,random-start,12x10,tf:137,tf:131,false,p1,accepted,,1191256900,1191260473770703,3
tf_policy_elo_random_start_continuation_g127_g140_2026-08-26,accepted/classic-random-12x10.jsonl#6af346f238aa8f9cf1cd1f95,classic-random-12x10,classic,random-start,12x10,tf:137,tf:131,false,p1,accepted,,1191256900,1191260473770705,5
tf_policy_elo_random_start_continuation_g127_g140_2026-08-26,accepted/classic-random-12x10.jsonl#25ef4a8af3ec80d97e9185b1,classic-random-12x10,classic,random-start,12x10,tf:137,tf:131,false,p1,accepted,,1191256900,1191260473770707,7
tf_policy_elo_random_start_continuation_g127_g140_2026-08-26,accepted/classic-random-12x10.jsonl#9471b2fa559ecac04dcfd296,classic-random-12x10,classic,random-start,12x10,tf:137,tf:131,false,p2,accepted,,1191256900,1191260473770709,9
tf_policy_elo_random_start_continuation_g127_g140_2026-08-26,accepted/classic-random-12x10.jsonl#4284827c87a572dba3cc4a3f,classic-random-12x10,classic,random-start,12x10,tf:137,tf:131,false,p1,accepted,,1191256900,1191260473770711,11
tf_policy_elo_random_start_continuation_g127_g140_2026-08-26,accepted/classic-random-12x10.jsonl#79c4d4142d94f3c79dd53f56,classic-random-12x10,classic,random-start,12x10,tf:137,tf:134,false,p1,accepted,,28747211,28747297241634,1
tf_policy_elo_random_start_continuation_g127_g140_2026-08-26,accepted/classic-random-12x10.jsonl#498c67583dda6115f4a57664,classic-random-12x10,classic,random-start,12x10,tf:137,tf:134,false,p1,accepted,,28747211,28747297241636,3
tf_policy_elo_random_start_continuation_g127_g140_2026-08-26,accepted/classic-random-12x10.jsonl#ea86f0664c664775e54c6e9c,classic-random-12x10,classic,random-start,12x10,tf:137,tf:134,false,p2,accepted,,28747211,28747297241638,5
tf_policy_elo_random_start_continuation_g127_g140_2026-08-26,accepted/classic-random-12x10.jsonl#e787f6b5e2697ad03ee98899,classic-random-12x10,classic,random-start,12x10,tf:137,tf:134,false,p1,accepted,,28747211,28747297241640,7
tf_policy_elo_random_start_continuation_g127_g140_2026-08-26,accepted/classic-random-12x10.jsonl#5913cfcbe998be2dda566e24,classic-random-12x10,classic,random-start,12x10,tf:137,tf:134,false,p2,accepted,,28747211,28747297241642,9
tf_policy_elo_random_start_continuation_g127_g140_2026-08-26,accepted/classic-random-12x10.jsonl#d8362c69b38e32d96b08cd40,classic-random-12x10,classic,random-start,12x10,tf:137,tf:134,false,p1,accepted,,28747211,28747297241644,11
tf_policy_elo_random_start_continuation_g127_g140_2026-08-26,accepted/classic-random-12x10.jsonl#e341265fa473b3155b218373,classic-random-12x10,classic,random-start,12x10,tf:137,tf:136,false,p1,accepted,,630791606,630793498374819,1
tf_policy_elo_random_start_continuation_g127_g140_2026-08-26,accepted/classic-random-12x10.jsonl#0ab06a3fa597f9981d2f94bf,classic-random-12x10,classic,random-start,12x10,tf:137,tf:136,false,p1,accepted,,630791606,630793498374821,3
tf_policy_elo_random_start_continuation_g127_g140_2026-08-26,accepted/classic-random-12x10.jsonl#ec982ecf502858a750e62c6a,classic-random-12x10,classic,random-start,12x10,tf:137,tf:136,false,p2,accepted,,630791606,630793498374823,5
tf_policy_elo_random_start_continuation_g127_g140_2026-08-26,accepted/classic-random-12x10.jsonl#107f60f144b9322a119064ea,classic-random-12x10,classic,random-start,12x10,tf:137,tf:136,false,p1,accepted,,630791606,630793498374825,7
tf_policy_elo_random_start_continuation_g127_g140_2026-08-26,accepted/classic-random-12x10.jsonl#651d7cbcf4ade37b77a98092,classic-random-12x10,classic,random-start,12x10,tf:137,tf:136,false,p1,accepted,,630791606,630793498374827,9
tf_policy_elo_random_start_continuation_g127_g140_2026-08-26,accepted/classic-random-12x10.jsonl#46147eb02423e58e77733580,classic-random-12x10,classic,random-start,12x10,tf:137,tf:136,false,p1,accepted,,630791606,630793498374829,11
tf_policy_elo_random_start_continuation_g127_g140_2026-08-26,accepted/classic-random-12x10.jsonl#44d1b673cd2730a41db55b30,classic-random-12x10,classic,random-start,12x10,tf:137,tf:138,true,p2,accepted,,1345765619,1345769656296857,0
tf_policy_elo_random_start_continuation_g127_g140_2026-08-26,accepted/classic-random-12x10.jsonl#4b4875b3392deab2d06b337a,classic-random-12x10,classic,random-start,12x10,tf:137,tf:138,true,p1,accepted,,1345765619,1345769656296859,2
tf_policy_elo_random_start_continuation_g127_g140_2026-08-26,accepted/classic-random-12x10.jsonl#f609aa9ad4b1924ad06d22c1,classic-random-12x10,classic,random-start,12x10,tf:137,tf:138,true,p1,accepted,,1345765619,1345769656296861,4
tf_policy_elo_random_start_continuation_g127_g140_2026-08-26,accepted/classic-random-12x10.jsonl#364446d18ead8f1669f4c354,classic-random-12x10,classic,random-start,12x10,tf:137,tf:138,true,p2,accepted,,1345765619,1345769656296863,6
tf_policy_elo_random_start_continuation_g127_g140_2026-08-26,accepted/classic-random-12x10.jsonl#8860fb779f08b45ef0e2873e,classic-random-12x10,classic,random-start,12x10,tf:137,tf:138,true,p2,accepted,,1345765619,1345769656296865,8
tf_policy_elo_random_start_continuation_g127_g140_2026-08-26,accepted/classic-random-12x10.jsonl#3b9920a1d1b6694e5cfbd416,classic-random-12x10,classic,random-start,12x10,tf:137,tf:138,true,p2,accepted,,1345765619,1345769656296867,10
tf_policy_elo_random_start_continuation_g127_g140_2026-08-26,accepted/classic-random-12x10.jsonl#ec21be454932c4d6c4232e8c,classic-random-12x10,classic,random-start,12x10,tf:137,tf:140,true,p2,accepted,,149250635,149251082751905,0
tf_policy_elo_random_start_continuation_g127_g140_2026-08-26,accepted/classic-random-12x10.jsonl#76bb7372606aafd1e11c43b4,classic-random-12x10,classic,random-start,12x10,tf:137,tf:140,true,p1,accepted,,149250635,149251082751907,2
tf_policy_elo_random_start_continuation_g127_g140_2026-08-26,accepted/classic-random-12x10.jsonl#6c28ca02d777ea4706509729,classic-random-12x10,classic,random-start,12x10,tf:137,tf:140,true,p1,accepted,,149250635,149251082751909,4
tf_policy_elo_random_start_continuation_g127_g140_2026-08-26,accepted/classic-random-12x10.jsonl#c7711cedf86e6139b7d5889c,classic-random-12x10,classic,random-start,12x10,tf:137,tf:140,true,p1,accepted,,149250635,149251082751911,6
tf_policy_elo_random_start_continuation_g127_g140_2026-08-26,accepted/classic-random-12x10.jsonl#d2ca328e2e4e85ec8dfd1368,classic-random-12x10,classic,random-start,12x10,tf:137,tf:140,true,p2,accepted,,149250635,149251082751913,8
tf_policy_elo_random_start_continuation_g127_g140_2026-08-26,accepted/classic-random-12x10.jsonl#77529703f16615b78489d70e,classic-random-12x10,classic,random-start,12x10,tf:137,tf:140,true,p1,accepted,,149250635,149251082751915,10
tf_policy_elo_random_start_continuation_g127_g140_2026-08-26,accepted/classic-random-12x10.jsonl#b02326f11a72e29666ea0989,classic-random-12x10,classic,random-start,12x10,tf:138,tf:132,false,p2,accepted,,235068390,235069095205171,1
tf_policy_elo_random_start_continuation_g127_g140_2026-08-26,accepted/classic-random-12x10.jsonl#b098d7f3da5fca874f595ee2,classic-random-12x10,classic,random-start,12x10,tf:138,tf:132,false,p1,accepted,,235068390,235069095205173,3
tf_policy_elo_random_start_continuation_g127_g140_2026-08-26,accepted/classic-random-12x10.jsonl#560e3795e9e45f263ffdfdb0,classic-random-12x10,classic,random-start,12x10,tf:138,tf:132,false,p1,accepted,,235068390,235069095205175,5
tf_policy_elo_random_start_continuation_g127_g140_2026-08-26,accepted/classic-random-12x10.jsonl#95cf97a8567d8fecc1b84388,classic-random-12x10,classic,random-start,12x10,tf:138,tf:132,false,p1,accepted,,235068390,235069095205177,7
tf_policy_elo_random_start_continuation_g127_g140_2026-08-26,accepted/classic-random-12x10.jsonl#98adf2b42698e95635d6b6cb,classic-random-12x10,classic,random-start,12x10,tf:138,tf:132,false,p2,accepted,,235068390,235069095205179,9
tf_policy_elo_random_start_continuation_g127_g140_2026-08-26,accepted/classic-random-12x10.jsonl#6759ca599d9628f1c42441b3,classic-random-12x10,classic,random-start,12x10,tf:138,tf:132,false,p1,accepted,,235068390,235069095205181,11
tf_policy_elo_random_start_continuation_g127_g140_2026-08-26,accepted/classic-random-12x10.jsonl#59dae191edb6ea1df75d6b83,classic-random-12x10,classic,random-start,12x10,tf:138,tf:135,false,p1,accepted,,1324615778,1324619751847335,1
tf_policy_elo_random_start_continuation_g127_g140_2026-08-26,accepted/classic-random-12x10.jsonl#3590efb8c7c66f031ff6a48c,classic-random-12x10,classic,random-start,12x10,tf:138,tf:135,false,p1,accepted,,1324615778,1324619751847337,3
tf_policy_elo_random_start_continuation_g127_g140_2026-08-26,accepted/classic-random-12x10.jsonl#7ec7128906cf5be591401461,classic-random-12x10,classic,random-start,12x10,tf:138,tf:135,false,p1,accepted,,1324615778,1324619751847339,5
tf_policy_elo_random_start_continuation_g127_g140_2026-08-26,accepted/classic-random-12x10.jsonl#0123a3a35bbc70023dd06ba5,classic-random-12x10,classic,random-start,12x10,tf:138,tf:135,false,p2,accepted,,1324615778,1324619751847341,7
tf_policy_elo_random_start_continuation_g127_g140_2026-08-26,accepted/classic-random-12x10.jsonl#137ed39add252853c1b33e0f,classic-random-12x10,classic,random-start,12x10,tf:138,tf:135,false,p2,accepted,,1324615778,1324619751847343,9
tf_policy_elo_random_start_continuation_g127_g140_2026-08-26,accepted/classic-random-12x10.jsonl#dd0ec87e2db5ae87ff333adf,classic-random-12x10,classic,random-start,12x10,tf:138,tf:135,false,p1,accepted,,1324615778,1324619751847345,11
tf_policy_elo_random_start_continuation_g127_g140_2026-08-26,accepted/classic-random-12x10.jsonl#6c9f50743c392ba6599cc37e,classic-random-12x10,classic,random-start,12x10,tf:138,tf:137,false,p1,accepted,,1345765619,1345769656296858,1
tf_policy_elo_random_start_continuation_g127_g140_2026-08-26,accepted/classic-random-12x10.jsonl#0a5d772e0d3d109d57c95114,classic-random-12x10,classic,random-start,12x10,tf:138,tf:137,false,p2,accepted,,1345765619,1345769656296860,3
tf_policy_elo_random_start_continuation_g127_g140_2026-08-26,accepted/classic-random-12x10.jsonl#73308c634f105e4e1127d6de,classic-random-12x10,classic,random-start,12x10,tf:138,tf:137,false,p1,accepted,,1345765619,1345769656296862,5
tf_policy_elo_random_start_continuation_g127_g140_2026-08-26,accepted/classic-random-12x10.jsonl#9cacb55ad401716a1319d561,classic-random-12x10,classic,random-start,12x10,tf:138,tf:137,false,p1,accepted,,1345765619,1345769656296864,7
tf_policy_elo_random_start_continuation_g127_g140_2026-08-26,accepted/classic-random-12x10.jsonl#535c96b9d107189100087e12,classic-random-12x10,classic,random-start,12x10,tf:138,tf:137,false,p2,accepted,,1345765619,1345769656296866,9
tf_policy_elo_random_start_continuation_g127_g140_2026-08-26,accepted/classic-random-12x10.jsonl#6d0e206ff5a0559c56895212,classic-random-12x10,classic,random-start,12x10,tf:138,tf:137,false,p1,accepted,,1345765619,1345769656296868,11
tf_policy_elo_random_start_continuation_g127_g140_2026-08-26,accepted/classic-random-12x10.jsonl#4a9444032d94ecaca00dd090,classic-random-12x10,classic,random-start,12x10,tf:138,tf:139,true,p1,accepted,,398866429,398867625599287,0
tf_policy_elo_random_start_continuation_g127_g140_2026-08-26,accepted/classic-random-12x10.jsonl#9716dbaab12ab817df72a09e,classic-random-12x10,classic,random-start,12x10,tf:138,tf:139,true,p1,accepted,,398866429,398867625599289,2
tf_policy_elo_random_start_continuation_g127_g140_2026-08-26,accepted/classic-random-12x10.jsonl#6b5f4ee7748da741eb63f744,classic-random-12x10,classic,random-start,12x10,tf:138,tf:139,true,p1,accepted,,398866429,398867625599291,4
tf_policy_elo_random_start_continuation_g127_g140_2026-08-26,accepted/classic-random-12x10.jsonl#7de690a58218c543202e3bda,classic-random-12x10,classic,random-start,12x10,tf:138,tf:139,true,p1,accepted,,398866429,398867625599293,6
tf_policy_elo_random_start_continuation_g127_g140_2026-08-26,accepted/classic-random-12x10.jsonl#b3cd6e80a23011c2a03c9564,classic-random-12x10,classic,random-start,12x10,tf:138,tf:139,true,p1,accepted,,398866429,398867625599295,8
tf_policy_elo_random_start_continuation_g127_g140_2026-08-26,accepted/classic-random-12x10.jsonl#05a09fa770479f9f3e6f3184,classic-random-12x10,classic,random-start,12x10,tf:138,tf:139,true,p1,accepted,,398866429,398867625599297,10
tf_policy_elo_random_start_continuation_g127_g140_2026-08-26,accepted/classic-random-12x10.jsonl#22e505ca174b6559eea4aa73,classic-random-12x10,classic,random-start,12x10,tf:139,tf:133,false,p1,accepted,,622554996,622556863664989,1
tf_policy_elo_random_start_continuation_g127_g140_2026-08-26,accepted/classic-random-12x10.jsonl#66606c53637c084e396ebe6b,classic-random-12x10,classic,random-start,12x10,tf:139,tf:133,false,p2,accepted,,622554996,622556863664991,3
tf_policy_elo_random_start_continuation_g127_g140_2026-08-26,accepted/classic-random-12x10.jsonl#73fa2486e8dcf9090b0ad714,classic-random-12x10,classic,random-start,12x10,tf:139,tf:133,false,p1,accepted,,622554996,622556863664993,5
tf_policy_elo_random_start_continuation_g127_g140_2026-08-26,accepted/classic-random-12x10.jsonl#1dda4fed422e4ab2fcacc790,classic-random-12x10,classic,random-start,12x10,tf:139,tf:133,false,p1,accepted,,622554996,622556863664995,7
tf_policy_elo_random_start_continuation_g127_g140_2026-08-26,accepted/classic-random-12x10.jsonl#e572f801deefbfb91cf47eb8,classic-random-12x10,classic,random-start,12x10,tf:139,tf:133,false,p2,accepted,,622554996,622556863664997,9
tf_policy_elo_random_start_continuation_g127_g140_2026-08-26,accepted/classic-random-12x10.jsonl#7e10071e82d51dc60f8c8930,classic-random-12x10,classic,random-start,12x10,tf:139,tf:133,false,p2,accepted,,622554996,622556863664999,11
tf_policy_elo_random_start_continuation_g127_g140_2026-08-26,accepted/classic-random-12x10.jsonl#018c2fcd6fe2374929ffe2bd,classic-random-12x10,classic,random-start,12x10,tf:139,tf:136,false,p1,accepted,,2004338270,2004344283014811,1
tf_policy_elo_random_start_continuation_g127_g140_2026-08-26,accepted/classic-random-12x10.jsonl#c7f1e5277f9cbff8c389b3eb,classic-random-12x10,classic,random-start,12x10,tf:139,tf:136,false,p2,accepted,,2004338270,2004344283014813,3
tf_policy_elo_random_start_continuation_g127_g140_2026-08-26,accepted/classic-random-12x10.jsonl#fe54ab549217083badee8347,classic-random-12x10,classic,random-start,12x10,tf:139,tf:136,false,p2,accepted,,2004338270,2004344283014815,5
tf_policy_elo_random_start_continuation_g127_g140_2026-08-26,accepted/classic-random-12x10.jsonl#9d6f1e3c119fefa0394cfaf2,classic-random-12x10,classic,random-start,12x10,tf:139,tf:136,false,p2,accepted,,2004338270,2004344283014817,7
tf_policy_elo_random_start_continuation_g127_g140_2026-08-26,accepted/classic-random-12x10.jsonl#5a7de5049673841b309e3f5a,classic-random-12x10,classic,random-start,12x10,tf:139,tf:136,false,p1,accepted,,2004338270,2004344283014819,9
tf_policy_elo_random_start_continuation_g127_g140_2026-08-26,accepted/classic-random-12x10.jsonl#0b6e1043d72d1540cba6046c,classic-random-12x10,classic,random-start,12x10,tf:139,tf:136,false,p1,accepted,,2004338270,2004344283014821,11
tf_policy_elo_random_start_continuation_g127_g140_2026-08-26,accepted/classic-random-12x10.jsonl#4115d3cde80db15f5f4699e5,classic-random-12x10,classic,random-start,12x10,tf:139,tf:138,false,p1,accepted,,398866429,398867625599288,1
tf_policy_elo_random_start_continuation_g127_g140_2026-08-26,accepted/classic-random-12x10.jsonl#e12d371bff77cffc7971f9a2,classic-random-12x10,classic,random-start,12x10,tf:139,tf:138,false,p1,accepted,,398866429,398867625599290,3
tf_policy_elo_random_start_continuation_g127_g140_2026-08-26,accepted/classic-random-12x10.jsonl#540014f5118d151438d4552b,classic-random-12x10,classic,random-start,12x10,tf:139,tf:138,false,p2,accepted,,398866429,398867625599292,5
tf_policy_elo_random_start_continuation_g127_g140_2026-08-26,accepted/classic-random-12x10.jsonl#1a0fd6d3be261399a5541a2d,classic-random-12x10,classic,random-start,12x10,tf:139,tf:138,false,p1,accepted,,398866429,398867625599294,7
tf_policy_elo_random_start_continuation_g127_g140_2026-08-26,accepted/classic-random-12x10.jsonl#29f9113bdaef1f06f1b4b0c6,classic-random-12x10,classic,random-start,12x10,tf:139,tf:138,false,p1,accepted,,398866429,398867625599296,9
tf_policy_elo_random_start_continuation_g127_g140_2026-08-26,accepted/classic-random-12x10.jsonl#3c32ba078b18018a375dbaec,classic-random-12x10,classic,random-start,12x10,tf:139,tf:138,false,p1,accepted,,398866429,398867625599298,11
tf_policy_elo_random_start_continuation_g127_g140_2026-08-26,accepted/classic-random-12x10.jsonl#14b4a4055082bcf8afdcc98b,classic-random-12x10,classic,random-start,12x10,tf:139,tf:140,true,p1,accepted,,568587204,568588909761612,0
tf_policy_elo_random_start_continuation_g127_g140_2026-08-26,accepted/classic-random-12x10.jsonl#482acb7c34aea8f25f803f34,classic-random-12x10,classic,random-start,12x10,tf:139,tf:140,true,p1,accepted,,568587204,568588909761614,2
tf_policy_elo_random_start_continuation_g127_g140_2026-08-26,accepted/classic-random-12x10.jsonl#96c3e2c4bbb6626d412df01a,classic-random-12x10,classic,random-start,12x10,tf:139,tf:140,true,p2,accepted,,568587204,568588909761616,4
tf_policy_elo_random_start_continuation_g127_g140_2026-08-26,accepted/classic-random-12x10.jsonl#6b4059fd8cbb089bbbebf5b3,classic-random-12x10,classic,random-start,12x10,tf:139,tf:140,true,p2,accepted,,568587204,568588909761618,6
tf_policy_elo_random_start_continuation_g127_g140_2026-08-26,accepted/classic-random-12x10.jsonl#9b91eab15e503a950d4f596b,classic-random-12x10,classic,random-start,12x10,tf:139,tf:140,true,p2,accepted,,568587204,568588909761620,8
tf_policy_elo_random_start_continuation_g127_g140_2026-08-26,accepted/classic-random-12x10.jsonl#ec08758f9516c4d73c4283f3,classic-random-12x10,classic,random-start,12x10,tf:139,tf:140,true,p2,accepted,,568587204,568588909761622,10
tf_policy_elo_random_start_continuation_g127_g140_2026-08-26,accepted/classic-random-12x10.jsonl#83ad24b552043b6fa3448048,classic-random-12x10,classic,random-start,12x10,tf:140,tf:134,false,p1,accepted,,1869358081,1869363689074244,1
tf_policy_elo_random_start_continuation_g127_g140_2026-08-26,accepted/classic-random-12x10.jsonl#6182ba372bb38dd2ec48b287,classic-random-12x10,classic,random-start,12x10,tf:140,tf:134,false,p2,accepted,,1869358081,1869363689074246,3
tf_policy_elo_random_start_continuation_g127_g140_2026-08-26,accepted/classic-random-12x10.jsonl#6fd7c158b2e85d41451bd29e,classic-random-12x10,classic,random-start,12x10,tf:140,tf:134,false,p2,accepted,,1869358081,1869363689074248,5
tf_policy_elo_random_start_continuation_g127_g140_2026-08-26,accepted/classic-random-12x10.jsonl#25f14556fea1065d5283e41f,classic-random-12x10,classic,random-start,12x10,tf:140,tf:134,false,p1,accepted,,1869358081,1869363689074250,7
tf_policy_elo_random_start_continuation_g127_g140_2026-08-26,accepted/classic-random-12x10.jsonl#846f0ae7fc4ffd1a3e1f3cb8,classic-random-12x10,classic,random-start,12x10,tf:140,tf:134,false,p2,accepted,,1869358081,1869363689074252,9
tf_policy_elo_random_start_continuation_g127_g140_2026-08-26,accepted/classic-random-12x10.jsonl#7f906e47b5c26bc547c47968,classic-random-12x10,classic,random-start,12x10,tf:140,tf:134,false,p1,accepted,,1869358081,1869363689074254,11
tf_policy_elo_random_start_continuation_g127_g140_2026-08-26,accepted/classic-random-12x10.jsonl#3422d9db6a10546404a9757f,classic-random-12x10,classic,random-start,12x10,tf:140,tf:137,false,p1,accepted,,149250635,149251082751906,1
tf_policy_elo_random_start_continuation_g127_g140_2026-08-26,accepted/classic-random-12x10.jsonl#e39a4d0c5ac10fb65fe06661,classic-random-12x10,classic,random-start,12x10,tf:140,tf:137,false,p2,accepted,,149250635,149251082751908,3
tf_policy_elo_random_start_continuation_g127_g140_2026-08-26,accepted/classic-random-12x10.jsonl#f8140c4884fb34f86bbd3890,classic-random-12x10,classic,random-start,12x10,tf:140,tf:137,false,p1,accepted,,149250635,149251082751910,5
tf_policy_elo_random_start_continuation_g127_g140_2026-08-26,accepted/classic-random-12x10.jsonl#6451cc5ad9dbc5f8ada22c58,classic-random-12x10,classic,random-start,12x10,tf:140,tf:137,false,p1,accepted,,149250635,149251082751912,7
tf_policy_elo_random_start_continuation_g127_g140_2026-08-26,accepted/classic-random-12x10.jsonl#b05d47b8aac0e661948243af,classic-random-12x10,classic,random-start,12x10,tf:140,tf:137,false,p2,accepted,,149250635,149251082751914,9
tf_policy_elo_random_start_continuation_g127_g140_2026-08-26,accepted/classic-random-12x10.jsonl#a42e78b9d33c88900d136764,classic-random-12x10,classic,random-start,12x10,tf:140,tf:137,false,p2,accepted,,149250635,149251082751916,11
tf_policy_elo_random_start_continuation_g127_g140_2026-08-26,accepted/classic-random-12x10.jsonl#3ee27de2fbc1d5cb96db4714,classic-random-12x10,classic,random-start,12x10,tf:140,tf:139,false,p1,accepted,,568587204,568588909761613,1
tf_policy_elo_random_start_continuation_g127_g140_2026-08-26,accepted/classic-random-12x10.jsonl#14a09f368bb818f65dc558b3,classic-random-12x10,classic,random-start,12x10,tf:140,tf:139,false,p1,accepted,,568587204,568588909761615,3
tf_policy_elo_random_start_continuation_g127_g140_2026-08-26,accepted/classic-random-12x10.jsonl#34e1ca3eac404e1621ef7040,classic-random-12x10,classic,random-start,12x10,tf:140,tf:139,false,p2,accepted,,568587204,568588909761617,5
tf_policy_elo_random_start_continuation_g127_g140_2026-08-26,accepted/classic-random-12x10.jsonl#35f671789b8a7cc7bec09051,classic-random-12x10,classic,random-start,12x10,tf:140,tf:139,false,p1,accepted,,568587204,568588909761619,7
tf_policy_elo_random_start_continuation_g127_g140_2026-08-26,accepted/classic-random-12x10.jsonl#9000e966ba5fcb7d3278ad71,classic-random-12x10,classic,random-start,12x10,tf:140,tf:139,false,p2,accepted,,568587204,568588909761621,9
tf_policy_elo_random_start_continuation_g127_g140_2026-08-26,accepted/classic-random-12x10.jsonl#d13bd9ff7c14e8ec7723773a,classic-random-12x10,classic,random-start,12x10,tf:140,tf:139,false,p1,accepted,,568587204,568588909761623,11
tf_policy_elo_random_start_continuation_g127_g140_2026-08-26,accepted/classic-random-8x8.jsonl#a0ca61c5ecf62e2bf91c03c0,classic-random-8x8,classic,random-start,8x8,tf:121,tf:127,true,p1,accepted,,1024695954,1024699028087862,0
tf_policy_elo_random_start_continuation_g127_g140_2026-08-26,accepted/classic-random-8x8.jsonl#4b8bbc33effebf93d4c8965b,classic-random-8x8,classic,random-start,8x8,tf:121,tf:127,true,p2,accepted,,1024695954,1024699028087864,2
tf_policy_elo_random_start_continuation_g127_g140_2026-08-26,accepted/classic-random-8x8.jsonl#5ed562d04cf50dbc13972ab1,classic-random-8x8,classic,random-start,8x8,tf:121,tf:127,true,p1,accepted,,1024695954,1024699028087866,4
tf_policy_elo_random_start_continuation_g127_g140_2026-08-26,accepted/classic-random-8x8.jsonl#49bad28445618dffc22adb2d,classic-random-8x8,classic,random-start,8x8,tf:121,tf:127,true,p2,accepted,,1024695954,1024699028087868,6
tf_policy_elo_random_start_continuation_g127_g140_2026-08-26,accepted/classic-random-8x8.jsonl#f24ac78ae165a2cff62d7af3,classic-random-8x8,classic,random-start,8x8,tf:121,tf:127,true,p1,accepted,,1024695954,1024699028087870,8
tf_policy_elo_random_start_continuation_g127_g140_2026-08-26,accepted/classic-random-8x8.jsonl#699dfc4e4b9fa64ab4edf97a,classic-random-8x8,classic,random-start,8x8,tf:121,tf:127,true,p1,accepted,,1024695954,1024699028087872,10
tf_policy_elo_random_start_continuation_g127_g140_2026-08-26,accepted/classic-random-8x8.jsonl#32daa29946c5f3a006a65b09,classic-random-8x8,classic,random-start,8x8,tf:122,tf:128,true,p1,accepted,,892725042,892727720175126,0
tf_policy_elo_random_start_continuation_g127_g140_2026-08-26,accepted/classic-random-8x8.jsonl#3eda21dc829c033fd87b8c5d,classic-random-8x8,classic,random-start,8x8,tf:122,tf:128,true,p2,accepted,,892725042,892727720175128,2
tf_policy_elo_random_start_continuation_g127_g140_2026-08-26,accepted/classic-random-8x8.jsonl#5f6d75f419a6b53553587990,classic-random-8x8,classic,random-start,8x8,tf:122,tf:128,true,p1,accepted,,892725042,892727720175130,4
tf_policy_elo_random_start_continuation_g127_g140_2026-08-26,accepted/classic-random-8x8.jsonl#c4dac5e70e1a0f48ac8d3766,classic-random-8x8,classic,random-start,8x8,tf:122,tf:128,true,p2,accepted,,892725042,892727720175132,6
tf_policy_elo_random_start_continuation_g127_g140_2026-08-26,accepted/classic-random-8x8.jsonl#b57fe3fc19d49061774e48f9,classic-random-8x8,classic,random-start,8x8,tf:122,tf:128,true,p1,accepted,,892725042,892727720175134,8
tf_policy_elo_random_start_continuation_g127_g140_2026-08-26,accepted/classic-random-8x8.jsonl#63f39190c45699833d0bbc89,classic-random-8x8,classic,random-start,8x8,tf:122,tf:128,true,p1,accepted,,892725042,892727720175136,10
tf_policy_elo_random_start_continuation_g127_g140_2026-08-26,accepted/classic-random-8x8.jsonl#78c7c5cc48bfec9877362373,classic-random-8x8,classic,random-start,8x8,tf:123,tf:129,true,p2,accepted,,1559753615,1559758294260845,0
tf_policy_elo_random_start_continuation_g127_g140_2026-08-26,accepted/classic-random-8x8.jsonl#30b5254bf434b9ae103688d6,classic-random-8x8,classic,random-start,8x8,tf:123,tf:129,true,p2,accepted,,1559753615,1559758294260847,2
tf_policy_elo_random_start_continuation_g127_g140_2026-08-26,accepted/classic-random-8x8.jsonl#1ba0086e3e8e9e25da9142ce,classic-random-8x8,classic,random-start,8x8,tf:123,tf:129,true,p2,accepted,,1559753615,1559758294260849,4
tf_policy_elo_random_start_continuation_g127_g140_2026-08-26,accepted/classic-random-8x8.jsonl#e363f660ab52c9b0dfb627b7,classic-random-8x8,classic,random-start,8x8,tf:123,tf:129,true,p1,accepted,,1559753615,1559758294260851,6
tf_policy_elo_random_start_continuation_g127_g140_2026-08-26,accepted/classic-random-8x8.jsonl#829cc9aa870f2a319000eb67,classic-random-8x8,classic,random-start,8x8,tf:123,tf:129,true,p2,accepted,,1559753615,1559758294260853,8
tf_policy_elo_random_start_continuation_g127_g140_2026-08-26,accepted/classic-random-8x8.jsonl#aa26a3e1be9d6802e694cd53,classic-random-8x8,classic,random-start,8x8,tf:123,tf:129,true,p2,accepted,,1559753615,1559758294260855,10
tf_policy_elo_random_start_continuation_g127_g140_2026-08-26,accepted/classic-random-8x8.jsonl#57c2f491bfa8bf184fefe0af,classic-random-8x8,classic,random-start,8x8,tf:124,tf:127,true,p1,accepted,,161409672,161410156229016,0
tf_policy_elo_random_start_continuation_g127_g140_2026-08-26,accepted/classic-random-8x8.jsonl#7ca61affa98cb7e19fe92ee9,classic-random-8x8,classic,random-start,8x8,tf:124,tf:127,true,p1,accepted,,161409672,161410156229018,2
tf_policy_elo_random_start_continuation_g127_g140_2026-08-26,accepted/classic-random-8x8.jsonl#7a9ad435b2eb39efcffeb058,classic-random-8x8,classic,random-start,8x8,tf:124,tf:127,true,p2,accepted,,161409672,161410156229020,4
tf_policy_elo_random_start_continuation_g127_g140_2026-08-26,accepted/classic-random-8x8.jsonl#a6c7f6ae548c89812e5fac9f,classic-random-8x8,classic,random-start,8x8,tf:124,tf:127,true,p1,accepted,,161409672,161410156229022,6
tf_policy_elo_random_start_continuation_g127_g140_2026-08-26,accepted/classic-random-8x8.jsonl#767ab76c55e5663950ded988,classic-random-8x8,classic,random-start,8x8,tf:124,tf:127,true,p2,accepted,,161409672,161410156229024,8
tf_policy_elo_random_start_continuation_g127_g140_2026-08-26,accepted/classic-random-8x8.jsonl#3515a83a716af11f502da3ca,classic-random-8x8,classic,random-start,8x8,tf:124,tf:127,true,p2,accepted,,161409672,161410156229026,10
tf_policy_elo_random_start_continuation_g127_g140_2026-08-26,accepted/classic-random-8x8.jsonl#2c104cbdb3aa42cdcc0e7332,classic-random-8x8,classic,random-start,8x8,tf:124,tf:130,true,p1,accepted,,666351326,666353325053978,0
tf_policy_elo_random_start_continuation_g127_g140_2026-08-26,accepted/classic-random-8x8.jsonl#e9166d0790b4392643ccbf9c,classic-random-8x8,classic,random-start,8x8,tf:124,tf:130,true,p1,accepted,,666351326,666353325053980,2
tf_policy_elo_random_start_continuation_g127_g140_2026-08-26,accepted/classic-random-8x8.jsonl#115af5cd6b533cb29da05c7d,classic-random-8x8,classic,random-start,8x8,tf:124,tf:130,true,p2,accepted,,666351326,666353325053982,4
tf_policy_elo_random_start_continuation_g127_g140_2026-08-26,accepted/classic-random-8x8.jsonl#e96983199b156f248e88b265,classic-random-8x8,classic,random-start,8x8,tf:124,tf:130,true,p1,accepted,,666351326,666353325053984,6
tf_policy_elo_random_start_continuation_g127_g140_2026-08-26,accepted/classic-random-8x8.jsonl#3e8f8e7b08f65edc4127201e,classic-random-8x8,classic,random-start,8x8,tf:124,tf:130,true,p1,accepted,,666351326,666353325053986,8
tf_policy_elo_random_start_continuation_g127_g140_2026-08-26,accepted/classic-random-8x8.jsonl#63f995c2dfcee9c55878253f,classic-random-8x8,classic,random-start,8x8,tf:124,tf:130,true,p1,accepted,,666351326,666353325053988,10
tf_policy_elo_random_start_continuation_g127_g140_2026-08-26,accepted/classic-random-8x8.jsonl#306bd8cbdd7eabfe4e466429,classic-random-8x8,classic,random-start,8x8,tf:125,tf:128,true,p1,accepted,,1101253252,1101256555759756,0
tf_policy_elo_random_start_continuation_g127_g140_2026-08-26,accepted/classic-random-8x8.jsonl#8fe2207b5067e0a7a134c4eb,classic-random-8x8,classic,random-start,8x8,tf:125,tf:128,true,p1,accepted,,1101253252,1101256555759758,2
tf_policy_elo_random_start_continuation_g127_g140_2026-08-26,accepted/classic-random-8x8.jsonl#93eb9d4be96a544cf2a46355,classic-random-8x8,classic,random-start,8x8,tf:125,tf:128,true,p2,accepted,,1101253252,1101256555759760,4
tf_policy_elo_random_start_continuation_g127_g140_2026-08-26,accepted/classic-random-8x8.jsonl#6d2d03dc301f8bc4b2ebea99,classic-random-8x8,classic,random-start,8x8,tf:125,tf:128,true,p2,accepted,,1101253252,1101256555759762,6
tf_policy_elo_random_start_continuation_g127_g140_2026-08-26,accepted/classic-random-8x8.jsonl#1ba34d104366bc1c8ca70e82,classic-random-8x8,classic,random-start,8x8,tf:125,tf:128,true,p1,accepted,,1101253252,1101256555759764,8
tf_policy_elo_random_start_continuation_g127_g140_2026-08-26,accepted/classic-random-8x8.jsonl#c564a39a9f5e1ddec83d6033,classic-random-8x8,classic,random-start,8x8,tf:125,tf:128,true,p1,accepted,,1101253252,1101256555759766,10
tf_policy_elo_random_start_continuation_g127_g140_2026-08-26,accepted/classic-random-8x8.jsonl#faaf62cef1deae6e56768ab6,classic-random-8x8,classic,random-start,8x8,tf:125,tf:131,true,p1,accepted,,674321399,674323421964197,0
tf_policy_elo_random_start_continuation_g127_g140_2026-08-26,accepted/classic-random-8x8.jsonl#aea39b1ae139091ebac9f055,classic-random-8x8,classic,random-start,8x8,tf:125,tf:131,true,p2,accepted,,674321399,674323421964199,2
tf_policy_elo_random_start_continuation_g127_g140_2026-08-26,accepted/classic-random-8x8.jsonl#cccee24bfff9ea1371411405,classic-random-8x8,classic,random-start,8x8,tf:125,tf:131,true,p1,accepted,,674321399,674323421964201,4
tf_policy_elo_random_start_continuation_g127_g140_2026-08-26,accepted/classic-random-8x8.jsonl#abb4d8476f871f8bc387c33c,classic-random-8x8,classic,random-start,8x8,tf:125,tf:131,true,p1,accepted,,674321399,674323421964203,6
tf_policy_elo_random_start_continuation_g127_g140_2026-08-26,accepted/classic-random-8x8.jsonl#0e1f46022fca1ea6b67c1e91,classic-random-8x8,classic,random-start,8x8,tf:125,tf:131,true,p2,accepted,,674321399,674323421964205,8
tf_policy_elo_random_start_continuation_g127_g140_2026-08-26,accepted/classic-random-8x8.jsonl#a620571cdd975fb09ff25a3e,classic-random-8x8,classic,random-start,8x8,tf:125,tf:131,true,p1,accepted,,674321399,674323421964207,10
tf_policy_elo_random_start_continuation_g127_g140_2026-08-26,accepted/classic-random-8x8.jsonl#24c70b1e21db9198918f5f10,classic-random-8x8,classic,random-start,8x8,tf:126,tf:127,true,p1,accepted,,1402418763,1402422970256289,0
tf_policy_elo_random_start_continuation_g127_g140_2026-08-26,accepted/classic-random-8x8.jsonl#8a2ea548879e4cce0f2e270b,classic-random-8x8,classic,random-start,8x8,tf:126,tf:127,true,p1,accepted,,1402418763,1402422970256291,2
tf_policy_elo_random_start_continuation_g127_g140_2026-08-26,accepted/classic-random-8x8.jsonl#36b8d10de20106eef591a890,classic-random-8x8,classic,random-start,8x8,tf:126,tf:127,true,p1,accepted,,1402418763,1402422970256293,4
tf_policy_elo_random_start_continuation_g127_g140_2026-08-26,accepted/classic-random-8x8.jsonl#757ac479572978555c84d6ae,classic-random-8x8,classic,random-start,8x8,tf:126,tf:127,true,p2,accepted,,1402418763,1402422970256295,6
tf_policy_elo_random_start_continuation_g127_g140_2026-08-26,accepted/classic-random-8x8.jsonl#332c773c89d00d1c90499c44,classic-random-8x8,classic,random-start,8x8,tf:126,tf:127,true,p2,accepted,,1402418763,1402422970256297,8
tf_policy_elo_random_start_continuation_g127_g140_2026-08-26,accepted/classic-random-8x8.jsonl#6ce50750eebf1e95af6aacfc,classic-random-8x8,classic,random-start,8x8,tf:126,tf:127,true,p1,accepted,,1402418763,1402422970256299,10
tf_policy_elo_random_start_continuation_g127_g140_2026-08-26,accepted/classic-random-8x8.jsonl#17cd3b1d9b534934facb8745,classic-random-8x8,classic,random-start,8x8,tf:126,tf:129,true,p1,accepted,,1522214292,1522218858642876,0
tf_policy_elo_random_start_continuation_g127_g140_2026-08-26,accepted/classic-random-8x8.jsonl#cda8006df1c02b856fbc95cc,classic-random-8x8,classic,random-start,8x8,tf:126,tf:129,true,p1,accepted,,1522214292,1522218858642878,2
tf_policy_elo_random_start_continuation_g127_g140_2026-08-26,accepted/classic-random-8x8.jsonl#4de4c5c9ffc363c1b0390833,classic-random-8x8,classic,random-start,8x8,tf:126,tf:129,true,p1,accepted,,1522214292,1522218858642880,4
tf_policy_elo_random_start_continuation_g127_g140_2026-08-26,accepted/classic-random-8x8.jsonl#805413623bc701aea649ccee,classic-random-8x8,classic,random-start,8x8,tf:126,tf:129,true,p2,accepted,,1522214292,1522218858642882,6
tf_policy_elo_random_start_continuation_g127_g140_2026-08-26,accepted/classic-random-8x8.jsonl#4665d099609a0444192b3e6a,classic-random-8x8,classic,random-start,8x8,tf:126,tf:129,true,p1,accepted,,1522214292,1522218858642884,8
tf_policy_elo_random_start_continuation_g127_g140_2026-08-26,accepted/classic-random-8x8.jsonl#8ed510e92a8c5ad3723130cc,classic-random-8x8,classic,random-start,8x8,tf:126,tf:129,true,p2,accepted,,1522214292,1522218858642886,10
tf_policy_elo_random_start_continuation_g127_g140_2026-08-26,accepted/classic-random-8x8.jsonl#8a13e893231f91e7d47971af,classic-random-8x8,classic,random-start,8x8,tf:126,tf:132,true,p1,accepted,,1710778826,1710783958336478,0
tf_policy_elo_random_start_continuation_g127_g140_2026-08-26,accepted/classic-random-8x8.jsonl#4faa108efeb286e43ae1bfe8,classic-random-8x8,classic,random-start,8x8,tf:126,tf:132,true,p1,accepted,,1710778826,1710783958336480,2
tf_policy_elo_random_start_continuation_g127_g140_2026-08-26,accepted/classic-random-8x8.jsonl#bcf372bdc8d1fd7f9fb1bde7,classic-random-8x8,classic,random-start,8x8,tf:126,tf:132,true,p2,accepted,,1710778826,1710783958336482,4
tf_policy_elo_random_start_continuation_g127_g140_2026-08-26,accepted/classic-random-8x8.jsonl#46568f76ac4c21ad8361f115,classic-random-8x8,classic,random-start,8x8,tf:126,tf:132,true,p1,accepted,,1710778826,1710783958336484,6
tf_policy_elo_random_start_continuation_g127_g140_2026-08-26,accepted/classic-random-8x8.jsonl#ab9b51a1ced57999ebae4050,classic-random-8x8,classic,random-start,8x8,tf:126,tf:132,true,p1,accepted,,1710778826,1710783958336486,8
tf_policy_elo_random_start_continuation_g127_g140_2026-08-26,accepted/classic-random-8x8.jsonl#85727ddfcf65988c0bef1a59,classic-random-8x8,classic,random-start,8x8,tf:126,tf:132,true,p2,accepted,,1710778826,1710783958336488,10
tf_policy_elo_random_start_continuation_g127_g140_2026-08-26,accepted/classic-random-8x8.jsonl#971f0bcaa0db68fefde7daf5,classic-random-8x8,classic,random-start,8x8,tf:127,tf:121,false,p1,accepted,,1024695954,1024699028087863,1
tf_policy_elo_random_start_continuation_g127_g140_2026-08-26,accepted/classic-random-8x8.jsonl#4aa8fb1aac688b3f2340cd47,classic-random-8x8,classic,random-start,8x8,tf:127,tf:121,false,p1,accepted,,1024695954,1024699028087865,3
tf_policy_elo_random_start_continuation_g127_g140_2026-08-26,accepted/classic-random-8x8.jsonl#adc96fe647cec4402073fdab,classic-random-8x8,classic,random-start,8x8,tf:127,tf:121,false,p1,accepted,,1024695954,1024699028087867,5
tf_policy_elo_random_start_continuation_g127_g140_2026-08-26,accepted/classic-random-8x8.jsonl#db0de0fe173a9573eb02f101,classic-random-8x8,classic,random-start,8x8,tf:127,tf:121,false,p2,accepted,,1024695954,1024699028087869,7
tf_policy_elo_random_start_continuation_g127_g140_2026-08-26,accepted/classic-random-8x8.jsonl#8a91101770d05e9f84d50559,classic-random-8x8,classic,random-start,8x8,tf:127,tf:121,false,p1,accepted,,1024695954,1024699028087871,9
tf_policy_elo_random_start_continuation_g127_g140_2026-08-26,accepted/classic-random-8x8.jsonl#5d7690499b4483405825678c,classic-random-8x8,classic,random-start,8x8,tf:127,tf:121,false,p1,accepted,,1024695954,1024699028087873,11
tf_policy_elo_random_start_continuation_g127_g140_2026-08-26,accepted/classic-random-8x8.jsonl#eb5c0040a4502fd968972bb4,classic-random-8x8,classic,random-start,8x8,tf:127,tf:124,false,p1,accepted,,161409672,161410156229017,1
tf_policy_elo_random_start_continuation_g127_g140_2026-08-26,accepted/classic-random-8x8.jsonl#a883e2e983f17900c08d4013,classic-random-8x8,classic,random-start,8x8,tf:127,tf:124,false,p1,accepted,,161409672,161410156229019,3
tf_policy_elo_random_start_continuation_g127_g140_2026-08-26,accepted/classic-random-8x8.jsonl#cc1c1ef0b6219fa274ac4dd3,classic-random-8x8,classic,random-start,8x8,tf:127,tf:124,false,p1,accepted,,161409672,161410156229021,5
tf_policy_elo_random_start_continuation_g127_g140_2026-08-26,accepted/classic-random-8x8.jsonl#3f8b3948278da86248007ce5,classic-random-8x8,classic,random-start,8x8,tf:127,tf:124,false,p1,accepted,,161409672,161410156229023,7
tf_policy_elo_random_start_continuation_g127_g140_2026-08-26,accepted/classic-random-8x8.jsonl#52aca101635628948a439422,classic-random-8x8,classic,random-start,8x8,tf:127,tf:124,false,p1,accepted,,161409672,161410156229025,9
tf_policy_elo_random_start_continuation_g127_g140_2026-08-26,accepted/classic-random-8x8.jsonl#9232f9d169d7c573ece28ff8,classic-random-8x8,classic,random-start,8x8,tf:127,tf:124,false,p2,accepted,,161409672,161410156229027,11
tf_policy_elo_random_start_continuation_g127_g140_2026-08-26,accepted/classic-random-8x8.jsonl#99a24aa272838ccd05c35595,classic-random-8x8,classic,random-start,8x8,tf:127,tf:126,false,p1,accepted,,1402418763,1402422970256290,1
tf_policy_elo_random_start_continuation_g127_g140_2026-08-26,accepted/classic-random-8x8.jsonl#bb0878fef6b7c43735634ed2,classic-random-8x8,classic,random-start,8x8,tf:127,tf:126,false,p1,accepted,,1402418763,1402422970256292,3
tf_policy_elo_random_start_continuation_g127_g140_2026-08-26,accepted/classic-random-8x8.jsonl#67a835aa3651a0bb77eed670,classic-random-8x8,classic,random-start,8x8,tf:127,tf:126,false,p1,accepted,,1402418763,1402422970256294,5
tf_policy_elo_random_start_continuation_g127_g140_2026-08-26,accepted/classic-random-8x8.jsonl#e7d87e9137492149abfa2767,classic-random-8x8,classic,random-start,8x8,tf:127,tf:126,false,p2,accepted,,1402418763,1402422970256296,7
tf_policy_elo_random_start_continuation_g127_g140_2026-08-26,accepted/classic-random-8x8.jsonl#fe4dae01d985a92c4c07003b,classic-random-8x8,classic,random-start,8x8,tf:127,tf:126,false,p1,accepted,,1402418763,1402422970256298,9
tf_policy_elo_random_start_continuation_g127_g140_2026-08-26,accepted/classic-random-8x8.jsonl#55f1edda927f5b6afdbc7135,classic-random-8x8,classic,random-start,8x8,tf:127,tf:126,false,p2,accepted,,1402418763,1402422970256300,11
tf_policy_elo_random_start_continuation_g127_g140_2026-08-26,accepted/classic-random-8x8.jsonl#bc5832a3e86794856f81b37a,classic-random-8x8,classic,random-start,8x8,tf:127,tf:128,true,p1,accepted,,309215323,309216250645969,0
tf_policy_elo_random_start_continuation_g127_g140_2026-08-26,accepted/classic-random-8x8.jsonl#235319c32620b1fbe2e6dfc8,classic-random-8x8,classic,random-start,8x8,tf:127,tf:128,true,p1,accepted,,309215323,309216250645971,2
tf_policy_elo_random_start_continuation_g127_g140_2026-08-26,accepted/classic-random-8x8.jsonl#ae41ed0e27630641e68a0dce,classic-random-8x8,classic,random-start,8x8,tf:127,tf:128,true,p2,accepted,,309215323,309216250645973,4
tf_policy_elo_random_start_continuation_g127_g140_2026-08-26,accepted/classic-random-8x8.jsonl#1d37a1bc3cb7136f736a1924,classic-random-8x8,classic,random-start,8x8,tf:127,tf:128,true,p2,accepted,,309215323,309216250645975,6
tf_policy_elo_random_start_continuation_g127_g140_2026-08-26,accepted/classic-random-8x8.jsonl#036cb2fc209966860a3c9670,classic-random-8x8,classic,random-start,8x8,tf:127,tf:128,true,p2,accepted,,309215323,309216250645977,8
tf_policy_elo_random_start_continuation_g127_g140_2026-08-26,accepted/classic-random-8x8.jsonl#af3b21351b8828e203c42b3f,classic-random-8x8,classic,random-start,8x8,tf:127,tf:128,true,p1,accepted,,309215323,309216250645979,10
tf_policy_elo_random_start_continuation_g127_g140_2026-08-26,accepted/classic-random-8x8.jsonl#93d078dd47644045ecee1561,classic-random-8x8,classic,random-start,8x8,tf:127,tf:130,true,p1,accepted,,787846314,787848677538942,0
tf_policy_elo_random_start_continuation_g127_g140_2026-08-26,accepted/classic-random-8x8.jsonl#d4ecc73724f33466e861c026,classic-random-8x8,classic,random-start,8x8,tf:127,tf:130,true,p2,accepted,,787846314,787848677538944,2
tf_policy_elo_random_start_continuation_g127_g140_2026-08-26,accepted/classic-random-8x8.jsonl#2f25847ff59c79f5fd2a8333,classic-random-8x8,classic,random-start,8x8,tf:127,tf:130,true,p1,accepted,,787846314,787848677538946,4
tf_policy_elo_random_start_continuation_g127_g140_2026-08-26,accepted/classic-random-8x8.jsonl#2a7b3f9fa4f9fdac1d4fa291,classic-random-8x8,classic,random-start,8x8,tf:127,tf:130,true,p1,accepted,,787846314,787848677538948,6
tf_policy_elo_random_start_continuation_g127_g140_2026-08-26,accepted/classic-random-8x8.jsonl#bfc4bca5edcb0d8d3345b0c2,classic-random-8x8,classic,random-start,8x8,tf:127,tf:130,true,p2,accepted,,787846314,787848677538950,8
tf_policy_elo_random_start_continuation_g127_g140_2026-08-26,accepted/classic-random-8x8.jsonl#a3eb0fd5b043f44b13c1feac,classic-random-8x8,classic,random-start,8x8,tf:127,tf:130,true,p1,accepted,,787846314,787848677538952,10
tf_policy_elo_random_start_continuation_g127_g140_2026-08-26,accepted/classic-random-8x8.jsonl#3a219db8a47403b0c12c086a,classic-random-8x8,classic,random-start,8x8,tf:127,tf:133,true,p1,accepted,,933041984,933044783125952,0
tf_policy_elo_random_start_continuation_g127_g140_2026-08-26,accepted/classic-random-8x8.jsonl#9344f30a33fbcf414386c958,classic-random-8x8,classic,random-start,8x8,tf:127,tf:133,true,p1,accepted,,933041984,933044783125954,2
tf_policy_elo_random_start_continuation_g127_g140_2026-08-26,accepted/classic-random-8x8.jsonl#2dee11012a4d0d66ab28cf5f,classic-random-8x8,classic,random-start,8x8,tf:127,tf:133,true,p1,accepted,,933041984,933044783125956,4
tf_policy_elo_random_start_continuation_g127_g140_2026-08-26,accepted/classic-random-8x8.jsonl#0a0b833dd5659ce468781745,classic-random-8x8,classic,random-start,8x8,tf:127,tf:133,true,p2,accepted,,933041984,933044783125958,6
tf_policy_elo_random_start_continuation_g127_g140_2026-08-26,accepted/classic-random-8x8.jsonl#94be8c45d642048d394791fa,classic-random-8x8,classic,random-start,8x8,tf:127,tf:133,true,p1,accepted,,933041984,933044783125960,8
tf_policy_elo_random_start_continuation_g127_g140_2026-08-26,accepted/classic-random-8x8.jsonl#ae66ef81d38d4b83c22b743c,classic-random-8x8,classic,random-start,8x8,tf:127,tf:133,true,p1,accepted,,933041984,933044783125962,10
tf_policy_elo_random_start_continuation_g127_g140_2026-08-26,accepted/classic-random-8x8.jsonl#3024a848f53f536910a30b46,classic-random-8x8,classic,random-start,8x8,tf:128,tf:122,false,p1,accepted,,892725042,892727720175127,1
tf_policy_elo_random_start_continuation_g127_g140_2026-08-26,accepted/classic-random-8x8.jsonl#05e087c0a7ed36c1e1544bfa,classic-random-8x8,classic,random-start,8x8,tf:128,tf:122,false,p1,accepted,,892725042,892727720175129,3
tf_policy_elo_random_start_continuation_g127_g140_2026-08-26,accepted/classic-random-8x8.jsonl#f954c141c544f1513922142a,classic-random-8x8,classic,random-start,8x8,tf:128,tf:122,false,p1,accepted,,892725042,892727720175131,5
tf_policy_elo_random_start_continuation_g127_g140_2026-08-26,accepted/classic-random-8x8.jsonl#385d07bce3d8019b2db2ccdc,classic-random-8x8,classic,random-start,8x8,tf:128,tf:122,false,p1,accepted,,892725042,892727720175133,7
tf_policy_elo_random_start_continuation_g127_g140_2026-08-26,accepted/classic-random-8x8.jsonl#fe3d42eacc51007f2e928291,classic-random-8x8,classic,random-start,8x8,tf:128,tf:122,false,p1,accepted,,892725042,892727720175135,9
tf_policy_elo_random_start_continuation_g127_g140_2026-08-26,accepted/classic-random-8x8.jsonl#52458021946066da945f1944,classic-random-8x8,classic,random-start,8x8,tf:128,tf:122,false,p1,accepted,,892725042,892727720175137,11
tf_policy_elo_random_start_continuation_g127_g140_2026-08-26,accepted/classic-random-8x8.jsonl#7abdde5a3190659bd76dca10,classic-random-8x8,classic,random-start,8x8,tf:128,tf:125,false,p2,accepted,,1101253252,1101256555759757,1
tf_policy_elo_random_start_continuation_g127_g140_2026-08-26,accepted/classic-random-8x8.jsonl#36a4e045a9f4e41d1fdaa185,classic-random-8x8,classic,random-start,8x8,tf:128,tf:125,false,p1,accepted,,1101253252,1101256555759759,3
tf_policy_elo_random_start_continuation_g127_g140_2026-08-26,accepted/classic-random-8x8.jsonl#bcce2d217a7351e9cc9c4d2a,classic-random-8x8,classic,random-start,8x8,tf:128,tf:125,false,p1,accepted,,1101253252,1101256555759761,5
tf_policy_elo_random_start_continuation_g127_g140_2026-08-26,accepted/classic-random-8x8.jsonl#9e8b97abee44964066c0515f,classic-random-8x8,classic,random-start,8x8,tf:128,tf:125,false,p1,accepted,,1101253252,1101256555759763,7
tf_policy_elo_random_start_continuation_g127_g140_2026-08-26,accepted/classic-random-8x8.jsonl#1cff1257cbb436266fa40dbe,classic-random-8x8,classic,random-start,8x8,tf:128,tf:125,false,draw,accepted,,1101253252,1101256555759765,9
tf_policy_elo_random_start_continuation_g127_g140_2026-08-26,accepted/classic-random-8x8.jsonl#a95fd691eb1b41310841ec39,classic-random-8x8,classic,random-start,8x8,tf:128,tf:125,false,p1,accepted,,1101253252,1101256555759767,11
tf_policy_elo_random_start_continuation_g127_g140_2026-08-26,accepted/classic-random-8x8.jsonl#bbcc7e8578b07322ea4c9ab5,classic-random-8x8,classic,random-start,8x8,tf:128,tf:127,false,p1,accepted,,309215323,309216250645970,1
tf_policy_elo_random_start_continuation_g127_g140_2026-08-26,accepted/classic-random-8x8.jsonl#b2fa4760b541f23e5a0c2152,classic-random-8x8,classic,random-start,8x8,tf:128,tf:127,false,p1,accepted,,309215323,309216250645972,3
tf_policy_elo_random_start_continuation_g127_g140_2026-08-26,accepted/classic-random-8x8.jsonl#bec897bcd6b806f11102af79,classic-random-8x8,classic,random-start,8x8,tf:128,tf:127,false,p2,accepted,,309215323,309216250645974,5
tf_policy_elo_random_start_continuation_g127_g140_2026-08-26,accepted/classic-random-8x8.jsonl#ea918a285a064a2e05f1a4c4,classic-random-8x8,classic,random-start,8x8,tf:128,tf:127,false,p1,accepted,,309215323,309216250645976,7
tf_policy_elo_random_start_continuation_g127_g140_2026-08-26,accepted/classic-random-8x8.jsonl#95234df2dcc77358c67b7d40,classic-random-8x8,classic,random-start,8x8,tf:128,tf:127,false,p1,accepted,,309215323,309216250645978,9
tf_policy_elo_random_start_continuation_g127_g140_2026-08-26,accepted/classic-random-8x8.jsonl#7f845085371d097558ad84d1,classic-random-8x8,classic,random-start,8x8,tf:128,tf:127,false,p1,accepted,,309215323,309216250645980,11
tf_policy_elo_random_start_continuation_g127_g140_2026-08-26,accepted/classic-random-8x8.jsonl#d67c7c2e4c8f230dc22f81d4,classic-random-8x8,classic,random-start,8x8,tf:128,tf:129,true,p1,accepted,,2120026143,2120032503078429,0
tf_policy_elo_random_start_continuation_g127_g140_2026-08-26,accepted/classic-random-8x8.jsonl#5206dd83b8024e2d05e39854,classic-random-8x8,classic,random-start,8x8,tf:128,tf:129,true,p1,accepted,,2120026143,2120032503078431,2
tf_policy_elo_random_start_continuation_g127_g140_2026-08-26,accepted/classic-random-8x8.jsonl#635f43457d19e5c2e795048d,classic-random-8x8,classic,random-start,8x8,tf:128,tf:129,true,p2,accepted,,2120026143,2120032503078433,4
tf_policy_elo_random_start_continuation_g127_g140_2026-08-26,accepted/classic-random-8x8.jsonl#02607c74648d0c332aebe429,classic-random-8x8,classic,random-start,8x8,tf:128,tf:129,true,p2,accepted,,2120026143,2120032503078435,6
tf_policy_elo_random_start_continuation_g127_g140_2026-08-26,accepted/classic-random-8x8.jsonl#cec58636ac79ad223e761398,classic-random-8x8,classic,random-start,8x8,tf:128,tf:129,true,p2,accepted,,2120026143,2120032503078437,8
tf_policy_elo_random_start_continuation_g127_g140_2026-08-26,accepted/classic-random-8x8.jsonl#5a9969280264b58709222b04,classic-random-8x8,classic,random-start,8x8,tf:128,tf:129,true,p2,accepted,,2120026143,2120032503078439,10
tf_policy_elo_random_start_continuation_g127_g140_2026-08-26,accepted/classic-random-8x8.jsonl#2f30dba61a08d3ea622bea42,classic-random-8x8,classic,random-start,8x8,tf:128,tf:131,true,p1,accepted,,1674267903,1674272925803709,0
tf_policy_elo_random_start_continuation_g127_g140_2026-08-26,accepted/classic-random-8x8.jsonl#75ec1e8b2669dd1cddd9b653,classic-random-8x8,classic,random-start,8x8,tf:128,tf:131,true,p2,accepted,,1674267903,1674272925803711,2
tf_policy_elo_random_start_continuation_g127_g140_2026-08-26,accepted/classic-random-8x8.jsonl#73030a8e1693f2749aa23f22,classic-random-8x8,classic,random-start,8x8,tf:128,tf:131,true,p2,accepted,,1674267903,1674272925803713,4
tf_policy_elo_random_start_continuation_g127_g140_2026-08-26,accepted/classic-random-8x8.jsonl#3538a453e00fa33dc2e94823,classic-random-8x8,classic,random-start,8x8,tf:128,tf:131,true,p1,accepted,,1674267903,1674272925803715,6
tf_policy_elo_random_start_continuation_g127_g140_2026-08-26,accepted/classic-random-8x8.jsonl#4be4cbbb5a461d87be7d533b,classic-random-8x8,classic,random-start,8x8,tf:128,tf:131,true,p2,accepted,,1674267903,1674272925803717,8
tf_policy_elo_random_start_continuation_g127_g140_2026-08-26,accepted/classic-random-8x8.jsonl#2fae0a89e206860026ec7cb9,classic-random-8x8,classic,random-start,8x8,tf:128,tf:131,true,p1,accepted,,1674267903,1674272925803719,10
tf_policy_elo_random_start_continuation_g127_g140_2026-08-26,accepted/classic-random-8x8.jsonl#0267ef5f169ca83bdd38c5b1,classic-random-8x8,classic,random-start,8x8,tf:128,tf:134,true,p1,accepted,,278128992,278129826386976,0
tf_policy_elo_random_start_continuation_g127_g140_2026-08-26,accepted/classic-random-8x8.jsonl#4fc4a5d46fd73940e390488c,classic-random-8x8,classic,random-start,8x8,tf:128,tf:134,true,p1,accepted,,278128992,278129826386978,2
tf_policy_elo_random_start_continuation_g127_g140_2026-08-26,accepted/classic-random-8x8.jsonl#d502753d4eaab778f75dadee,classic-random-8x8,classic,random-start,8x8,tf:128,tf:134,true,p1,accepted,,278128992,278129826386980,4
tf_policy_elo_random_start_continuation_g127_g140_2026-08-26,accepted/classic-random-8x8.jsonl#d6e7b2ad68a2e956c63334b6,classic-random-8x8,classic,random-start,8x8,tf:128,tf:134,true,p1,accepted,,278128992,278129826386982,6
tf_policy_elo_random_start_continuation_g127_g140_2026-08-26,accepted/classic-random-8x8.jsonl#594fd334a9a409a89e550193,classic-random-8x8,classic,random-start,8x8,tf:128,tf:134,true,p1,accepted,,278128992,278129826386984,8
tf_policy_elo_random_start_continuation_g127_g140_2026-08-26,accepted/classic-random-8x8.jsonl#30bc02e28131709648b923cc,classic-random-8x8,classic,random-start,8x8,tf:128,tf:134,true,p1,accepted,,278128992,278129826386986,10
tf_policy_elo_random_start_continuation_g127_g140_2026-08-26,accepted/classic-random-8x8.jsonl#684b291caa295cfc71e58ecb,classic-random-8x8,classic,random-start,8x8,tf:129,tf:123,false,p1,accepted,,1559753615,1559758294260846,1
tf_policy_elo_random_start_continuation_g127_g140_2026-08-26,accepted/classic-random-8x8.jsonl#51341e45546b5657f38661e3,classic-random-8x8,classic,random-start,8x8,tf:129,tf:123,false,p2,accepted,,1559753615,1559758294260848,3
tf_policy_elo_random_start_continuation_g127_g140_2026-08-26,accepted/classic-random-8x8.jsonl#11593070eb87b130152a887b,classic-random-8x8,classic,random-start,8x8,tf:129,tf:123,false,p1,accepted,,1559753615,1559758294260850,5
tf_policy_elo_random_start_continuation_g127_g140_2026-08-26,accepted/classic-random-8x8.jsonl#fc32f8011f3cd86342b0f411,classic-random-8x8,classic,random-start,8x8,tf:129,tf:123,false,p1,accepted,,1559753615,1559758294260852,7
tf_policy_elo_random_start_continuation_g127_g140_2026-08-26,accepted/classic-random-8x8.jsonl#b27e2429bfb3b34d4a18dcf7,classic-random-8x8,classic,random-start,8x8,tf:129,tf:123,false,p1,accepted,,1559753615,1559758294260854,9
tf_policy_elo_random_start_continuation_g127_g140_2026-08-26,accepted/classic-random-8x8.jsonl#3973d4f550741b3a155c5543,classic-random-8x8,classic,random-start,8x8,tf:129,tf:123,false,p1,accepted,,1559753615,1559758294260856,11
tf_policy_elo_random_start_continuation_g127_g140_2026-08-26,accepted/classic-random-8x8.jsonl#2a82535d660b021b0f738632,classic-random-8x8,classic,random-start,8x8,tf:129,tf:126,false,p1,accepted,,1522214292,1522218858642877,1
tf_policy_elo_random_start_continuation_g127_g140_2026-08-26,accepted/classic-random-8x8.jsonl#a0d14f93f87ad7b49c18aab2,classic-random-8x8,classic,random-start,8x8,tf:129,tf:126,false,p1,accepted,,1522214292,1522218858642879,3
tf_policy_elo_random_start_continuation_g127_g140_2026-08-26,accepted/classic-random-8x8.jsonl#425e4f14a017f99c149adcd2,classic-random-8x8,classic,random-start,8x8,tf:129,tf:126,false,p1,accepted,,1522214292,1522218858642881,5
tf_policy_elo_random_start_continuation_g127_g140_2026-08-26,accepted/classic-random-8x8.jsonl#2be9e1c08ea5ae8a1544fe1a,classic-random-8x8,classic,random-start,8x8,tf:129,tf:126,false,p2,accepted,,1522214292,1522218858642883,7
tf_policy_elo_random_start_continuation_g127_g140_2026-08-26,accepted/classic-random-8x8.jsonl#d81a4c780e6b0baa2686843f,classic-random-8x8,classic,random-start,8x8,tf:129,tf:126,false,p1,accepted,,1522214292,1522218858642885,9
tf_policy_elo_random_start_continuation_g127_g140_2026-08-26,accepted/classic-random-8x8.jsonl#799d71dbd7d42a6874f0bf1a,classic-random-8x8,classic,random-start,8x8,tf:129,tf:126,false,p2,accepted,,1522214292,1522218858642887,11
tf_policy_elo_random_start_continuation_g127_g140_2026-08-26,accepted/classic-random-8x8.jsonl#c12f896716947ef7cce2725b,classic-random-8x8,classic,random-start,8x8,tf:129,tf:128,false,p2,accepted,,2120026143,2120032503078430,1
tf_policy_elo_random_start_continuation_g127_g140_2026-08-26,accepted/classic-random-8x8.jsonl#2e378d6bc465f525ba1f10a4,classic-random-8x8,classic,random-start,8x8,tf:129,tf:128,false,p2,accepted,,2120026143,2120032503078432,3
tf_policy_elo_random_start_continuation_g127_g140_2026-08-26,accepted/classic-random-8x8.jsonl#154c6596be7d68803e9d0165,classic-random-8x8,classic,random-start,8x8,tf:129,tf:128,false,p2,accepted,,2120026143,2120032503078434,5
tf_policy_elo_random_start_continuation_g127_g140_2026-08-26,accepted/classic-random-8x8.jsonl#c6065f0b9c26f7e9301036c2,classic-random-8x8,classic,random-start,8x8,tf:129,tf:128,false,p1,accepted,,2120026143,2120032503078436,7
tf_policy_elo_random_start_continuation_g127_g140_2026-08-26,accepted/classic-random-8x8.jsonl#ded41a75bade7a530957386c,classic-random-8x8,classic,random-start,8x8,tf:129,tf:128,false,p2,accepted,,2120026143,2120032503078438,9
tf_policy_elo_random_start_continuation_g127_g140_2026-08-26,accepted/classic-random-8x8.jsonl#6235bc80072a76971b64525b,classic-random-8x8,classic,random-start,8x8,tf:129,tf:128,false,p1,accepted,,2120026143,2120032503078440,11
tf_policy_elo_random_start_continuation_g127_g140_2026-08-26,accepted/classic-random-8x8.jsonl#0448b8cf32b973b0bb4215ec,classic-random-8x8,classic,random-start,8x8,tf:129,tf:130,true,p2,accepted,,1975396607,1975402533189821,0
tf_policy_elo_random_start_continuation_g127_g140_2026-08-26,accepted/classic-random-8x8.jsonl#e0d4ad1fa3cddf56a1202eea,classic-random-8x8,classic,random-start,8x8,tf:129,tf:130,true,p1,accepted,,1975396607,1975402533189823,2
tf_policy_elo_random_start_continuation_g127_g140_2026-08-26,accepted/classic-random-8x8.jsonl#3208287a0bdc63b01324cf2f,classic-random-8x8,classic,random-start,8x8,tf:129,tf:130,true,p1,accepted,,1975396607,1975402533189825,4
tf_policy_elo_random_start_continuation_g127_g140_2026-08-26,accepted/classic-random-8x8.jsonl#a5a64ff09dd8bfccd372b47a,classic-random-8x8,classic,random-start,8x8,tf:129,tf:130,true,p1,accepted,,1975396607,1975402533189827,6
tf_policy_elo_random_start_continuation_g127_g140_2026-08-26,accepted/classic-random-8x8.jsonl#1558263a8bb4608648fdd0f8,classic-random-8x8,classic,random-start,8x8,tf:129,tf:130,true,p2,accepted,,1975396607,1975402533189829,8
tf_policy_elo_random_start_continuation_g127_g140_2026-08-26,accepted/classic-random-8x8.jsonl#d55f6c152d7899166aa08314,classic-random-8x8,classic,random-start,8x8,tf:129,tf:130,true,p2,accepted,,1975396607,1975402533189831,10
tf_policy_elo_random_start_continuation_g127_g140_2026-08-26,accepted/classic-random-8x8.jsonl#1391ac472e3702d051bb94dd,classic-random-8x8,classic,random-start,8x8,tf:129,tf:132,true,p1,accepted,,1754844821,1754850085534463,0
tf_policy_elo_random_start_continuation_g127_g140_2026-08-26,accepted/classic-random-8x8.jsonl#7a95c9941c58ae33f74e3169,classic-random-8x8,classic,random-start,8x8,tf:129,tf:132,true,p2,accepted,,1754844821,1754850085534465,2
tf_policy_elo_random_start_continuation_g127_g140_2026-08-26,accepted/classic-random-8x8.jsonl#6f8fdf3911b0cb78618c4355,classic-random-8x8,classic,random-start,8x8,tf:129,tf:132,true,p2,accepted,,1754844821,1754850085534467,4
tf_policy_elo_random_start_continuation_g127_g140_2026-08-26,accepted/classic-random-8x8.jsonl#ca9f37440f867adbfa9956a1,classic-random-8x8,classic,random-start,8x8,tf:129,tf:132,true,p1,accepted,,1754844821,1754850085534469,6
tf_policy_elo_random_start_continuation_g127_g140_2026-08-26,accepted/classic-random-8x8.jsonl#b077725f4ecb86177b50622f,classic-random-8x8,classic,random-start,8x8,tf:129,tf:132,true,p1,accepted,,1754844821,1754850085534471,8
tf_policy_elo_random_start_continuation_g127_g140_2026-08-26,accepted/classic-random-8x8.jsonl#c29ca6cc30d1bd7303e0f95e,classic-random-8x8,classic,random-start,8x8,tf:129,tf:132,true,p1,accepted,,1754844821,1754850085534473,10
tf_policy_elo_random_start_continuation_g127_g140_2026-08-26,accepted/classic-random-8x8.jsonl#8665b7ae4913e0d18027cff6,classic-random-8x8,classic,random-start,8x8,tf:129,tf:135,true,p2,accepted,,1226768709,1226772389306127,0
tf_policy_elo_random_start_continuation_g127_g140_2026-08-26,accepted/classic-random-8x8.jsonl#4f1c785ecd409f39c126a07a,classic-random-8x8,classic,random-start,8x8,tf:129,tf:135,true,p1,accepted,,1226768709,1226772389306129,2
tf_policy_elo_random_start_continuation_g127_g140_2026-08-26,accepted/classic-random-8x8.jsonl#487a40beab47128a2ce1d8aa,classic-random-8x8,classic,random-start,8x8,tf:129,tf:135,true,p1,accepted,,1226768709,1226772389306131,4
tf_policy_elo_random_start_continuation_g127_g140_2026-08-26,accepted/classic-random-8x8.jsonl#a001a6d47ff4cedbe97349de,classic-random-8x8,classic,random-start,8x8,tf:129,tf:135,true,p1,accepted,,1226768709,1226772389306133,6
tf_policy_elo_random_start_continuation_g127_g140_2026-08-26,accepted/classic-random-8x8.jsonl#64bacf30d75cfa59c3706ecb,classic-random-8x8,classic,random-start,8x8,tf:129,tf:135,true,p1,accepted,,1226768709,1226772389306135,8
tf_policy_elo_random_start_continuation_g127_g140_2026-08-26,accepted/classic-random-8x8.jsonl#90cdfcdaf5a0ccb02470bdf7,classic-random-8x8,classic,random-start,8x8,tf:129,tf:135,true,p2,accepted,,1226768709,1226772389306137,10
tf_policy_elo_random_start_continuation_g127_g140_2026-08-26,accepted/classic-random-8x8.jsonl#c1ea18a337db079212243a23,classic-random-8x8,classic,random-start,8x8,tf:130,tf:124,false,p1,accepted,,666351326,666353325053979,1
tf_policy_elo_random_start_continuation_g127_g140_2026-08-26,accepted/classic-random-8x8.jsonl#f0b4e541037991998a12c994,classic-random-8x8,classic,random-start,8x8,tf:130,tf:124,false,p2,accepted,,666351326,666353325053981,3
tf_policy_elo_random_start_continuation_g127_g140_2026-08-26,accepted/classic-random-8x8.jsonl#278cc172ce8292312e0631a5,classic-random-8x8,classic,random-start,8x8,tf:130,tf:124,false,p1,accepted,,666351326,666353325053983,5
tf_policy_elo_random_start_continuation_g127_g140_2026-08-26,accepted/classic-random-8x8.jsonl#f199401ba7789472596758fc,classic-random-8x8,classic,random-start,8x8,tf:130,tf:124,false,p1,accepted,,666351326,666353325053985,7
tf_policy_elo_random_start_continuation_g127_g140_2026-08-26,accepted/classic-random-8x8.jsonl#367de165131fa0334da1333c,classic-random-8x8,classic,random-start,8x8,tf:130,tf:124,false,p1,accepted,,666351326,666353325053987,9
tf_policy_elo_random_start_continuation_g127_g140_2026-08-26,accepted/classic-random-8x8.jsonl#07e4bcc9cd126e46dea68549,classic-random-8x8,classic,random-start,8x8,tf:130,tf:124,false,p1,accepted,,666351326,666353325053989,11
tf_policy_elo_random_start_continuation_g127_g140_2026-08-26,accepted/classic-random-8x8.jsonl#ba39167ea7d003ed5898bdb9,classic-random-8x8,classic,random-start,8x8,tf:130,tf:127,false,p1,accepted,,787846314,787848677538943,1
tf_policy_elo_random_start_continuation_g127_g140_2026-08-26,accepted/classic-random-8x8.jsonl#98ccbb9ecb442e3bd0b3d0d0,classic-random-8x8,classic,random-start,8x8,tf:130,tf:127,false,p2,accepted,,787846314,787848677538945,3
tf_policy_elo_random_start_continuation_g127_g140_2026-08-26,accepted/classic-random-8x8.jsonl#2f1d2dcaf6157537e059d2da,classic-random-8x8,classic,random-start,8x8,tf:130,tf:127,false,p2,accepted,,787846314,787848677538947,5
tf_policy_elo_random_start_continuation_g127_g140_2026-08-26,accepted/classic-random-8x8.jsonl#4720083171690553defca0bc,classic-random-8x8,classic,random-start,8x8,tf:130,tf:127,false,p1,accepted,,787846314,787848677538949,7
tf_policy_elo_random_start_continuation_g127_g140_2026-08-26,accepted/classic-random-8x8.jsonl#9936ca8f3cc5a399770ad1b2,classic-random-8x8,classic,random-start,8x8,tf:130,tf:127,false,draw,accepted,,787846314,787848677538951,9
tf_policy_elo_random_start_continuation_g127_g140_2026-08-26,accepted/classic-random-8x8.jsonl#b782cc372d590901694fff30,classic-random-8x8,classic,random-start,8x8,tf:130,tf:127,false,p1,accepted,,787846314,787848677538953,11
tf_policy_elo_random_start_continuation_g127_g140_2026-08-26,accepted/classic-random-8x8.jsonl#26da6de1717f78bc4a39261f,classic-random-8x8,classic,random-start,8x8,tf:130,tf:129,false,p2,accepted,,1975396607,1975402533189822,1
tf_policy_elo_random_start_continuation_g127_g140_2026-08-26,accepted/classic-random-8x8.jsonl#af3fd935082d696a07a90972,classic-random-8x8,classic,random-start,8x8,tf:130,tf:129,false,p1,accepted,,1975396607,1975402533189824,3
tf_policy_elo_random_start_continuation_g127_g140_2026-08-26,accepted/classic-random-8x8.jsonl#7985ad20200e42a0202b2b6c,classic-random-8x8,classic,random-start,8x8,tf:130,tf:129,false,p2,accepted,,1975396607,1975402533189826,5
tf_policy_elo_random_start_continuation_g127_g140_2026-08-26,accepted/classic-random-8x8.jsonl#bcc171c41a375cbbc7dc8712,classic-random-8x8,classic,random-start,8x8,tf:130,tf:129,false,p1,accepted,,1975396607,1975402533189828,7
tf_policy_elo_random_start_continuation_g127_g140_2026-08-26,accepted/classic-random-8x8.jsonl#2ead11649083e771b4e14217,classic-random-8x8,classic,random-start,8x8,tf:130,tf:129,false,p1,accepted,,1975396607,1975402533189830,9
tf_policy_elo_random_start_continuation_g127_g140_2026-08-26,accepted/classic-random-8x8.jsonl#f0844de3f628404eef0dc254,classic-random-8x8,classic,random-start,8x8,tf:130,tf:129,false,p2,accepted,,1975396607,1975402533189832,11
tf_policy_elo_random_start_continuation_g127_g140_2026-08-26,accepted/classic-random-8x8.jsonl#706496fb78430491cebcd850,classic-random-8x8,classic,random-start,8x8,tf:130,tf:131,true,p1,accepted,,1618414365,1618419220243095,0
tf_policy_elo_random_start_continuation_g127_g140_2026-08-26,accepted/classic-random-8x8.jsonl#8f851ff6bc35129585bcbfc7,classic-random-8x8,classic,random-start,8x8,tf:130,tf:131,true,p1,accepted,,1618414365,1618419220243097,2
tf_policy_elo_random_start_continuation_g127_g140_2026-08-26,accepted/classic-random-8x8.jsonl#a4bb0dfe786feee3a9b73f81,classic-random-8x8,classic,random-start,8x8,tf:130,tf:131,true,p1,accepted,,1618414365,1618419220243099,4
tf_policy_elo_random_start_continuation_g127_g140_2026-08-26,accepted/classic-random-8x8.jsonl#d689ead3d268dd1d1158635f,classic-random-8x8,classic,random-start,8x8,tf:130,tf:131,true,p1,accepted,,1618414365,1618419220243101,6
tf_policy_elo_random_start_continuation_g127_g140_2026-08-26,accepted/classic-random-8x8.jsonl#7e348ded6182d0fefb04cb24,classic-random-8x8,classic,random-start,8x8,tf:130,tf:131,true,p1,accepted,,1618414365,1618419220243103,8
tf_policy_elo_random_start_continuation_g127_g140_2026-08-26,accepted/classic-random-8x8.jsonl#73e559b58f6444386d869f44,classic-random-8x8,classic,random-start,8x8,tf:130,tf:131,true,p1,accepted,,1618414365,1618419220243105,10
tf_policy_elo_random_start_continuation_g127_g140_2026-08-26,accepted/classic-random-8x8.jsonl#07a2f623697dc3cd3c9af0fd,classic-random-8x8,classic,random-start,8x8,tf:130,tf:133,true,p1,accepted,,1829011695,1829017182035085,0
tf_policy_elo_random_start_continuation_g127_g140_2026-08-26,accepted/classic-random-8x8.jsonl#e15a5589224e3e5f93e125d4,classic-random-8x8,classic,random-start,8x8,tf:130,tf:133,true,p1,accepted,,1829011695,1829017182035087,2
tf_policy_elo_random_start_continuation_g127_g140_2026-08-26,accepted/classic-random-8x8.jsonl#e80df8b5c3d118365ff00815,classic-random-8x8,classic,random-start,8x8,tf:130,tf:133,true,p1,accepted,,1829011695,1829017182035089,4
tf_policy_elo_random_start_continuation_g127_g140_2026-08-26,accepted/classic-random-8x8.jsonl#0fce67dbef4f9b47fe5e2683,classic-random-8x8,classic,random-start,8x8,tf:130,tf:133,true,p1,accepted,,1829011695,1829017182035091,6
tf_policy_elo_random_start_continuation_g127_g140_2026-08-26,accepted/classic-random-8x8.jsonl#f43f412e1d0e0a8c8482919e,classic-random-8x8,classic,random-start,8x8,tf:130,tf:133,true,p1,accepted,,1829011695,1829017182035093,8
tf_policy_elo_random_start_continuation_g127_g140_2026-08-26,accepted/classic-random-8x8.jsonl#6dd98c4850d73758ae135c01,classic-random-8x8,classic,random-start,8x8,tf:130,tf:133,true,p1,accepted,,1829011695,1829017182035095,10
tf_policy_elo_random_start_continuation_g127_g140_2026-08-26,accepted/classic-random-8x8.jsonl#9ba3d432cc89be13a544bb3d,classic-random-8x8,classic,random-start,8x8,tf:130,tf:136,true,p2,accepted,,1518888696,1518893252666088,0
tf_policy_elo_random_start_continuation_g127_g140_2026-08-26,accepted/classic-random-8x8.jsonl#dd3679c4327859c038424ea2,classic-random-8x8,classic,random-start,8x8,tf:130,tf:136,true,p1,accepted,,1518888696,1518893252666090,2
tf_policy_elo_random_start_continuation_g127_g140_2026-08-26,accepted/classic-random-8x8.jsonl#0f8549c4439f3703339a00a6,classic-random-8x8,classic,random-start,8x8,tf:130,tf:136,true,p1,accepted,,1518888696,1518893252666092,4
tf_policy_elo_random_start_continuation_g127_g140_2026-08-26,accepted/classic-random-8x8.jsonl#29555fce15ef4d7f49b9348b,classic-random-8x8,classic,random-start,8x8,tf:130,tf:136,true,p1,accepted,,1518888696,1518893252666094,6
tf_policy_elo_random_start_continuation_g127_g140_2026-08-26,accepted/classic-random-8x8.jsonl#794dd849706f59ca75ff5966,classic-random-8x8,classic,random-start,8x8,tf:130,tf:136,true,p2,accepted,,1518888696,1518893252666096,8
tf_policy_elo_random_start_continuation_g127_g140_2026-08-26,accepted/classic-random-8x8.jsonl#db8b61b983a07824c81b6f3e,classic-random-8x8,classic,random-start,8x8,tf:130,tf:136,true,p1,accepted,,1518888696,1518893252666098,10
tf_policy_elo_random_start_continuation_g127_g140_2026-08-26,accepted/classic-random-8x8.jsonl#4229535843cbdfbde9f0402a,classic-random-8x8,classic,random-start,8x8,tf:131,tf:125,false,p1,accepted,,674321399,674323421964198,1
tf_policy_elo_random_start_continuation_g127_g140_2026-08-26,accepted/classic-random-8x8.jsonl#3718b5f75f7f6e415ce18abd,classic-random-8x8,classic,random-start,8x8,tf:131,tf:125,false,p1,accepted,,674321399,674323421964200,3
tf_policy_elo_random_start_continuation_g127_g140_2026-08-26,accepted/classic-random-8x8.jsonl#dc06107e39426b5c3fe4a429,classic-random-8x8,classic,random-start,8x8,tf:131,tf:125,false,p1,accepted,,674321399,674323421964202,5
tf_policy_elo_random_start_continuation_g127_g140_2026-08-26,accepted/classic-random-8x8.jsonl#a87ee736b69472ab0bf6cefa,classic-random-8x8,classic,random-start,8x8,tf:131,tf:125,false,p2,accepted,,674321399,674323421964204,7
tf_policy_elo_random_start_continuation_g127_g140_2026-08-26,accepted/classic-random-8x8.jsonl#51e616e4ba64c40b1835d690,classic-random-8x8,classic,random-start,8x8,tf:131,tf:125,false,p2,accepted,,674321399,674323421964206,9
tf_policy_elo_random_start_continuation_g127_g140_2026-08-26,accepted/classic-random-8x8.jsonl#dc728a45daac94017459137b,classic-random-8x8,classic,random-start,8x8,tf:131,tf:125,false,p1,accepted,,674321399,674323421964208,11
tf_policy_elo_random_start_continuation_g127_g140_2026-08-26,accepted/classic-random-8x8.jsonl#c00357a5d03578904889944c,classic-random-8x8,classic,random-start,8x8,tf:131,tf:128,false,p2,accepted,,1674267903,1674272925803710,1
tf_policy_elo_random_start_continuation_g127_g140_2026-08-26,accepted/classic-random-8x8.jsonl#3c83810c88b6370bf6010833,classic-random-8x8,classic,random-start,8x8,tf:131,tf:128,false,p2,accepted,,1674267903,1674272925803712,3
tf_policy_elo_random_start_continuation_g127_g140_2026-08-26,accepted/classic-random-8x8.jsonl#822c381ca6fb5896e59c340f,classic-random-8x8,classic,random-start,8x8,tf:131,tf:128,false,p1,accepted,,1674267903,1674272925803714,5
tf_policy_elo_random_start_continuation_g127_g140_2026-08-26,accepted/classic-random-8x8.jsonl#3ba46cd919bba86a606a8ec4,classic-random-8x8,classic,random-start,8x8,tf:131,tf:128,false,p2,accepted,,1674267903,1674272925803716,7
tf_policy_elo_random_start_continuation_g127_g140_2026-08-26,accepted/classic-random-8x8.jsonl#2257c6f0efa5d82f5a35bb42,classic-random-8x8,classic,random-start,8x8,tf:131,tf:128,false,p2,accepted,,1674267903,1674272925803718,9
tf_policy_elo_random_start_continuation_g127_g140_2026-08-26,accepted/classic-random-8x8.jsonl#5d2dee91dc70d41dd8e3268b,classic-random-8x8,classic,random-start,8x8,tf:131,tf:128,false,p1,accepted,,1674267903,1674272925803720,11
tf_policy_elo_random_start_continuation_g127_g140_2026-08-26,accepted/classic-random-8x8.jsonl#1ef44a68473a2bb306d5204a,classic-random-8x8,classic,random-start,8x8,tf:131,tf:130,false,p1,accepted,,1618414365,1618419220243096,1
tf_policy_elo_random_start_continuation_g127_g140_2026-08-26,accepted/classic-random-8x8.jsonl#20bb48bee6d147c57e55e9bd,classic-random-8x8,classic,random-start,8x8,tf:131,tf:130,false,p1,accepted,,1618414365,1618419220243098,3
tf_policy_elo_random_start_continuation_g127_g140_2026-08-26,accepted/classic-random-8x8.jsonl#50e4b2c932064846b94e2e3f,classic-random-8x8,classic,random-start,8x8,tf:131,tf:130,false,p1,accepted,,1618414365,1618419220243100,5
tf_policy_elo_random_start_continuation_g127_g140_2026-08-26,accepted/classic-random-8x8.jsonl#3920bbd4d09325c9985feec7,classic-random-8x8,classic,random-start,8x8,tf:131,tf:130,false,p1,accepted,,1618414365,1618419220243102,7
tf_policy_elo_random_start_continuation_g127_g140_2026-08-26,accepted/classic-random-8x8.jsonl#516cb62e7adc7361ce06919f,classic-random-8x8,classic,random-start,8x8,tf:131,tf:130,false,p1,accepted,,1618414365,1618419220243104,9
tf_policy_elo_random_start_continuation_g127_g140_2026-08-26,accepted/classic-random-8x8.jsonl#329951ab18a60e32c03e3d4d,classic-random-8x8,classic,random-start,8x8,tf:131,tf:130,false,p1,accepted,,1618414365,1618419220243106,11
tf_policy_elo_random_start_continuation_g127_g140_2026-08-26,accepted/classic-random-8x8.jsonl#c16c6d7d2f689e4df487286e,classic-random-8x8,classic,random-start,8x8,tf:131,tf:132,true,p1,accepted,,1493643820,1493648300931460,0
tf_policy_elo_random_start_continuation_g127_g140_2026-08-26,accepted/classic-random-8x8.jsonl#3b4c2a5ecc7a7fb680490cad,classic-random-8x8,classic,random-start,8x8,tf:131,tf:132,true,p2,accepted,,1493643820,1493648300931462,2
tf_policy_elo_random_start_continuation_g127_g140_2026-08-26,accepted/classic-random-8x8.jsonl#e4d9662bce36050cf95c344b,classic-random-8x8,classic,random-start,8x8,tf:131,tf:132,true,p2,accepted,,1493643820,1493648300931464,4
tf_policy_elo_random_start_continuation_g127_g140_2026-08-26,accepted/classic-random-8x8.jsonl#2e3920a43dda357ceacab8db,classic-random-8x8,classic,random-start,8x8,tf:131,tf:132,true,p1,accepted,,1493643820,1493648300931466,6
tf_policy_elo_random_start_continuation_g127_g140_2026-08-26,accepted/classic-random-8x8.jsonl#79ad389c939833a03a7f9d06,classic-random-8x8,classic,random-start,8x8,tf:131,tf:132,true,p1,accepted,,1493643820,1493648300931468,8
tf_policy_elo_random_start_continuation_g127_g140_2026-08-26,accepted/classic-random-8x8.jsonl#1e779a87c2ab8d335aae1a28,classic-random-8x8,classic,random-start,8x8,tf:131,tf:132,true,p1,accepted,,1493643820,1493648300931470,10
tf_policy_elo_random_start_continuation_g127_g140_2026-08-26,accepted/classic-random-8x8.jsonl#6666b51607da787831736772,classic-random-8x8,classic,random-start,8x8,tf:131,tf:134,true,p2,accepted,,576852912,576854642558736,0
tf_policy_elo_random_start_continuation_g127_g140_2026-08-26,accepted/classic-random-8x8.jsonl#40f70e1e39b8866da26d232c,classic-random-8x8,classic,random-start,8x8,tf:131,tf:134,true,p1,accepted,,576852912,576854642558738,2
tf_policy_elo_random_start_continuation_g127_g140_2026-08-26,accepted/classic-random-8x8.jsonl#2537eda940c1ec223be69dfb,classic-random-8x8,classic,random-start,8x8,tf:131,tf:134,true,p1,accepted,,576852912,576854642558740,4
tf_policy_elo_random_start_continuation_g127_g140_2026-08-26,accepted/classic-random-8x8.jsonl#268fd0f55d99752434aaa2aa,classic-random-8x8,classic,random-start,8x8,tf:131,tf:134,true,p1,accepted,,576852912,576854642558742,6
tf_policy_elo_random_start_continuation_g127_g140_2026-08-26,accepted/classic-random-8x8.jsonl#0a4f5bb0dffec4bd998d600f,classic-random-8x8,classic,random-start,8x8,tf:131,tf:134,true,p1,accepted,,576852912,576854642558744,8
tf_policy_elo_random_start_continuation_g127_g140_2026-08-26,accepted/classic-random-8x8.jsonl#69a5a79e1d750469b18a9569,classic-random-8x8,classic,random-start,8x8,tf:131,tf:134,true,p1,accepted,,576852912,576854642558746,10
tf_policy_elo_random_start_continuation_g127_g140_2026-08-26,accepted/classic-random-8x8.jsonl#20824c7cf294cf9fce8e1dfb,classic-random-8x8,classic,random-start,8x8,tf:131,tf:137,true,p1,accepted,,536166333,536167941498999,0
tf_policy_elo_random_start_continuation_g127_g140_2026-08-26,accepted/classic-random-8x8.jsonl#a5aea9477035845a1273de7e,classic-random-8x8,classic,random-start,8x8,tf:131,tf:137,true,p1,accepted,,536166333,536167941499001,2
tf_policy_elo_random_start_continuation_g127_g140_2026-08-26,accepted/classic-random-8x8.jsonl#2ffe4a277712df8f2bfc80d9,classic-random-8x8,classic,random-start,8x8,tf:131,tf:137,true,p1,accepted,,536166333,536167941499003,4
tf_policy_elo_random_start_continuation_g127_g140_2026-08-26,accepted/classic-random-8x8.jsonl#10efb885e9e3e0d7f041c5d8,classic-random-8x8,classic,random-start,8x8,tf:131,tf:137,true,p1,accepted,,536166333,536167941499005,6
tf_policy_elo_random_start_continuation_g127_g140_2026-08-26,accepted/classic-random-8x8.jsonl#761114a27ce643a44c9d9633,classic-random-8x8,classic,random-start,8x8,tf:131,tf:137,true,p2,accepted,,536166333,536167941499007,8
tf_policy_elo_random_start_continuation_g127_g140_2026-08-26,accepted/classic-random-8x8.jsonl#b5289b71b086fda02c44ac7c,classic-random-8x8,classic,random-start,8x8,tf:131,tf:137,true,p1,accepted,,536166333,536167941499009,10
tf_policy_elo_random_start_continuation_g127_g140_2026-08-26,accepted/classic-random-8x8.jsonl#9b54c380de0a097cd74e3998,classic-random-8x8,classic,random-start,8x8,tf:132,tf:126,false,p1,accepted,,1710778826,1710783958336479,1
tf_policy_elo_random_start_continuation_g127_g140_2026-08-26,accepted/classic-random-8x8.jsonl#312ea11139c8690d45353e10,classic-random-8x8,classic,random-start,8x8,tf:132,tf:126,false,p1,accepted,,1710778826,1710783958336481,3
tf_policy_elo_random_start_continuation_g127_g140_2026-08-26,accepted/classic-random-8x8.jsonl#3f7de98b4333ba28352fa777,classic-random-8x8,classic,random-start,8x8,tf:132,tf:126,false,p1,accepted,,1710778826,1710783958336483,5
tf_policy_elo_random_start_continuation_g127_g140_2026-08-26,accepted/classic-random-8x8.jsonl#5096c7ac2a14f969ca585deb,classic-random-8x8,classic,random-start,8x8,tf:132,tf:126,false,p1,accepted,,1710778826,1710783958336485,7
tf_policy_elo_random_start_continuation_g127_g140_2026-08-26,accepted/classic-random-8x8.jsonl#dcd040ad9843db915aa65569,classic-random-8x8,classic,random-start,8x8,tf:132,tf:126,false,p1,accepted,,1710778826,1710783958336487,9
tf_policy_elo_random_start_continuation_g127_g140_2026-08-26,accepted/classic-random-8x8.jsonl#04f5b933facedd4b3d238bf5,classic-random-8x8,classic,random-start,8x8,tf:132,tf:126,false,p1,accepted,,1710778826,1710783958336489,11
tf_policy_elo_random_start_continuation_g127_g140_2026-08-26,accepted/classic-random-8x8.jsonl#8a966f6600ecd65437b4e778,classic-random-8x8,classic,random-start,8x8,tf:132,tf:129,false,p2,accepted,,1754844821,1754850085534464,1
tf_policy_elo_random_start_continuation_g127_g140_2026-08-26,accepted/classic-random-8x8.jsonl#2adc7b58b0864061389a6606,classic-random-8x8,classic,random-start,8x8,tf:132,tf:129,false,p1,accepted,,1754844821,1754850085534466,3
tf_policy_elo_random_start_continuation_g127_g140_2026-08-26,accepted/classic-random-8x8.jsonl#7702dbad86b29f8f06c08fc5,classic-random-8x8,classic,random-start,8x8,tf:132,tf:129,false,p2,accepted,,1754844821,1754850085534468,5
tf_policy_elo_random_start_continuation_g127_g140_2026-08-26,accepted/classic-random-8x8.jsonl#4eacb07b9a1a9a498470cf8c,classic-random-8x8,classic,random-start,8x8,tf:132,tf:129,false,p1,accepted,,1754844821,1754850085534470,7
tf_policy_elo_random_start_continuation_g127_g140_2026-08-26,accepted/classic-random-8x8.jsonl#4fb7d782e6650a0edefc55ef,classic-random-8x8,classic,random-start,8x8,tf:132,tf:129,false,p1,accepted,,1754844821,1754850085534472,9
tf_policy_elo_random_start_continuation_g127_g140_2026-08-26,accepted/classic-random-8x8.jsonl#c223e51c3330858a033e4855,classic-random-8x8,classic,random-start,8x8,tf:132,tf:129,false,p1,accepted,,1754844821,1754850085534474,11
tf_policy_elo_random_start_continuation_g127_g140_2026-08-26,accepted/classic-random-8x8.jsonl#c02d6140def72a771223aeff,classic-random-8x8,classic,random-start,8x8,tf:132,tf:131,false,p1,accepted,,1493643820,1493648300931461,1
tf_policy_elo_random_start_continuation_g127_g140_2026-08-26,accepted/classic-random-8x8.jsonl#2855c423f701a596de56116d,classic-random-8x8,classic,random-start,8x8,tf:132,tf:131,false,p1,accepted,,1493643820,1493648300931463,3
tf_policy_elo_random_start_continuation_g127_g140_2026-08-26,accepted/classic-random-8x8.jsonl#dfa9d881dfa94c8af662f676,classic-random-8x8,classic,random-start,8x8,tf:132,tf:131,false,p2,accepted,,1493643820,1493648300931465,5
tf_policy_elo_random_start_continuation_g127_g140_2026-08-26,accepted/classic-random-8x8.jsonl#eaf69d1f7f8f45806adbfda2,classic-random-8x8,classic,random-start,8x8,tf:132,tf:131,false,p1,accepted,,1493643820,1493648300931467,7
tf_policy_elo_random_start_continuation_g127_g140_2026-08-26,accepted/classic-random-8x8.jsonl#f024e33f73d103ffcc50b7f7,classic-random-8x8,classic,random-start,8x8,tf:132,tf:131,false,p1,accepted,,1493643820,1493648300931469,9
tf_policy_elo_random_start_continuation_g127_g140_2026-08-26,accepted/classic-random-8x8.jsonl#2270d45c52021e40b41617b7,classic-random-8x8,classic,random-start,8x8,tf:132,tf:131,false,p2,accepted,,1493643820,1493648300931471,11
tf_policy_elo_random_start_continuation_g127_g140_2026-08-26,accepted/classic-random-8x8.jsonl#e18962e9ed66a27928649ece,classic-random-8x8,classic,random-start,8x8,tf:132,tf:133,true,p1,accepted,,2016422241,2016428290266723,0
tf_policy_elo_random_start_continuation_g127_g140_2026-08-26,accepted/classic-random-8x8.jsonl#9374cb97826d2eed16dda988,classic-random-8x8,classic,random-start,8x8,tf:132,tf:133,true,p2,accepted,,2016422241,2016428290266725,2
tf_policy_elo_random_start_continuation_g127_g140_2026-08-26,accepted/classic-random-8x8.jsonl#dd9c910d9ade23e9131d1699,classic-random-8x8,classic,random-start,8x8,tf:132,tf:133,true,p1,accepted,,2016422241,2016428290266727,4
tf_policy_elo_random_start_continuation_g127_g140_2026-08-26,accepted/classic-random-8x8.jsonl#339579d34f7ac7df26484e1c,classic-random-8x8,classic,random-start,8x8,tf:132,tf:133,true,p1,accepted,,2016422241,2016428290266729,6
tf_policy_elo_random_start_continuation_g127_g140_2026-08-26,accepted/classic-random-8x8.jsonl#a8e5a08aff020843efa5fda5,classic-random-8x8,classic,random-start,8x8,tf:132,tf:133,true,p1,accepted,,2016422241,2016428290266731,8
tf_policy_elo_random_start_continuation_g127_g140_2026-08-26,accepted/classic-random-8x8.jsonl#b732a46d6d9fff974020c58d,classic-random-8x8,classic,random-start,8x8,tf:132,tf:133,true,p2,accepted,,2016422241,2016428290266733,10
tf_policy_elo_random_start_continuation_g127_g140_2026-08-26,accepted/classic-random-8x8.jsonl#4f8d2a2af3ea5bacaa073626,classic-random-8x8,classic,random-start,8x8,tf:132,tf:135,true,p2,accepted,,834810680,834813184432040,0
tf_policy_elo_random_start_continuation_g127_g140_2026-08-26,accepted/classic-random-8x8.jsonl#fb7e56d0299046d3675daefb,classic-random-8x8,classic,random-start,8x8,tf:132,tf:135,true,p1,accepted,,834810680,834813184432042,2
tf_policy_elo_random_start_continuation_g127_g140_2026-08-26,accepted/classic-random-8x8.jsonl#96d5bd28a6acbc2cf73ae194,classic-random-8x8,classic,random-start,8x8,tf:132,tf:135,true,p1,accepted,,834810680,834813184432044,4
tf_policy_elo_random_start_continuation_g127_g140_2026-08-26,accepted/classic-random-8x8.jsonl#2e13cba2553ed1788b1b7d28,classic-random-8x8,classic,random-start,8x8,tf:132,tf:135,true,p1,accepted,,834810680,834813184432046,6
tf_policy_elo_random_start_continuation_g127_g140_2026-08-26,accepted/classic-random-8x8.jsonl#b827415b4a24fc26c12f5e06,classic-random-8x8,classic,random-start,8x8,tf:132,tf:135,true,p1,accepted,,834810680,834813184432048,8
tf_policy_elo_random_start_continuation_g127_g140_2026-08-26,accepted/classic-random-8x8.jsonl#9e668038822d3de148f0b71b,classic-random-8x8,classic,random-start,8x8,tf:132,tf:135,true,p1,accepted,,834810680,834813184432050,10
tf_policy_elo_random_start_continuation_g127_g140_2026-08-26,accepted/classic-random-8x8.jsonl#2fe601f697f89a6b01646aef,classic-random-8x8,classic,random-start,8x8,tf:132,tf:138,true,p1,accepted,,465939954,465941351819862,0
tf_policy_elo_random_start_continuation_g127_g140_2026-08-26,accepted/classic-random-8x8.jsonl#0ee5c5efd0d2c47b132f0be8,classic-random-8x8,classic,random-start,8x8,tf:132,tf:138,true,p1,accepted,,465939954,465941351819864,2
tf_policy_elo_random_start_continuation_g127_g140_2026-08-26,accepted/classic-random-8x8.jsonl#8480cd6bc0c82fb3a887e109,classic-random-8x8,classic,random-start,8x8,tf:132,tf:138,true,p1,accepted,,465939954,465941351819866,4
tf_policy_elo_random_start_continuation_g127_g140_2026-08-26,accepted/classic-random-8x8.jsonl#79d91eea609d249d30ffddaf,classic-random-8x8,classic,random-start,8x8,tf:132,tf:138,true,p1,accepted,,465939954,465941351819868,6
tf_policy_elo_random_start_continuation_g127_g140_2026-08-26,accepted/classic-random-8x8.jsonl#a74fa8565b0737342d14d21e,classic-random-8x8,classic,random-start,8x8,tf:132,tf:138,true,p1,accepted,,465939954,465941351819870,8
tf_policy_elo_random_start_continuation_g127_g140_2026-08-26,accepted/classic-random-8x8.jsonl#8fcbe98c514b3ed1ba5dbcc2,classic-random-8x8,classic,random-start,8x8,tf:132,tf:138,true,p1,accepted,,465939954,465941351819872,10
tf_policy_elo_random_start_continuation_g127_g140_2026-08-26,accepted/classic-random-8x8.jsonl#4ebbb542ec547f66196528ae,classic-random-8x8,classic,random-start,8x8,tf:133,tf:127,false,p1,accepted,,933041984,933044783125953,1
tf_policy_elo_random_start_continuation_g127_g140_2026-08-26,accepted/classic-random-8x8.jsonl#c817716ab3bd809bc225967f,classic-random-8x8,classic,random-start,8x8,tf:133,tf:127,false,p1,accepted,,933041984,933044783125955,3
tf_policy_elo_random_start_continuation_g127_g140_2026-08-26,accepted/classic-random-8x8.jsonl#54c1eaddf64f4d5ee7f4bc0a,classic-random-8x8,classic,random-start,8x8,tf:133,tf:127,false,p1,accepted,,933041984,933044783125957,5
tf_policy_elo_random_start_continuation_g127_g140_2026-08-26,accepted/classic-random-8x8.jsonl#b884c3d13ed6b6b16ffb76e8,classic-random-8x8,classic,random-start,8x8,tf:133,tf:127,false,p2,accepted,,933041984,933044783125959,7
tf_policy_elo_random_start_continuation_g127_g140_2026-08-26,accepted/classic-random-8x8.jsonl#75763d0ce7f1741338f3cf63,classic-random-8x8,classic,random-start,8x8,tf:133,tf:127,false,p1,accepted,,933041984,933044783125961,9
tf_policy_elo_random_start_continuation_g127_g140_2026-08-26,accepted/classic-random-8x8.jsonl#cd749f517263b8ff897f5839,classic-random-8x8,classic,random-start,8x8,tf:133,tf:127,false,p1,accepted,,933041984,933044783125963,11
tf_policy_elo_random_start_continuation_g127_g140_2026-08-26,accepted/classic-random-8x8.jsonl#5f09609bf369b3c893cba15f,classic-random-8x8,classic,random-start,8x8,tf:133,tf:130,false,p1,accepted,,1829011695,1829017182035086,1
tf_policy_elo_random_start_continuation_g127_g140_2026-08-26,accepted/classic-random-8x8.jsonl#78152f5b1899de22637090c7,classic-random-8x8,classic,random-start,8x8,tf:133,tf:130,false,p1,accepted,,1829011695,1829017182035088,3
tf_policy_elo_random_start_continuation_g127_g140_2026-08-26,accepted/classic-random-8x8.jsonl#1f12b6d5054c104b89c05baa,classic-random-8x8,classic,random-start,8x8,tf:133,tf:130,false,p2,accepted,,1829011695,1829017182035090,5
tf_policy_elo_random_start_continuation_g127_g140_2026-08-26,accepted/classic-random-8x8.jsonl#e80073dc1b1f89deb28088d2,classic-random-8x8,classic,random-start,8x8,tf:133,tf:130,false,p1,accepted,,1829011695,1829017182035092,7
tf_policy_elo_random_start_continuation_g127_g140_2026-08-26,accepted/classic-random-8x8.jsonl#cc11e83f0492b58a754d8b1e,classic-random-8x8,classic,random-start,8x8,tf:133,tf:130,false,p1,accepted,,1829011695,1829017182035094,9
tf_policy_elo_random_start_continuation_g127_g140_2026-08-26,accepted/classic-random-8x8.jsonl#1cfd5d633529c04508883eb4,classic-random-8x8,classic,random-start,8x8,tf:133,tf:130,false,p1,accepted,,1829011695,1829017182035096,11
tf_policy_elo_random_start_continuation_g127_g140_2026-08-26,accepted/classic-random-8x8.jsonl#32fd61f1f59c241e3b4007b3,classic-random-8x8,classic,random-start,8x8,tf:133,tf:132,false,p1,accepted,,2016422241,2016428290266724,1
tf_policy_elo_random_start_continuation_g127_g140_2026-08-26,accepted/classic-random-8x8.jsonl#3009319d9da57011ad638474,classic-random-8x8,classic,random-start,8x8,tf:133,tf:132,false,p1,accepted,,2016422241,2016428290266726,3
tf_policy_elo_random_start_continuation_g127_g140_2026-08-26,accepted/classic-random-8x8.jsonl#5d6d02dd6e2317e7d6af47c6,classic-random-8x8,classic,random-start,8x8,tf:133,tf:132,false,p2,accepted,,2016422241,2016428290266728,5
tf_policy_elo_random_start_continuation_g127_g140_2026-08-26,accepted/classic-random-8x8.jsonl#bf1cb18d09a81c448deb74dd,classic-random-8x8,classic,random-start,8x8,tf:133,tf:132,false,p1,accepted,,2016422241,2016428290266730,7
tf_policy_elo_random_start_continuation_g127_g140_2026-08-26,accepted/classic-random-8x8.jsonl#44e267a68b260f4f8f2e7af3,classic-random-8x8,classic,random-start,8x8,tf:133,tf:132,false,p1,accepted,,2016422241,2016428290266732,9
tf_policy_elo_random_start_continuation_g127_g140_2026-08-26,accepted/classic-random-8x8.jsonl#786712eefb9000a264c9f890,classic-random-8x8,classic,random-start,8x8,tf:133,tf:132,false,p1,accepted,,2016422241,2016428290266734,11
tf_policy_elo_random_start_continuation_g127_g140_2026-08-26,accepted/classic-random-8x8.jsonl#82ddcb7dd3799e2f43f85ed5,classic-random-8x8,classic,random-start,8x8,tf:133,tf:134,true,p2,accepted,,1295754627,1295758514263881,0
tf_policy_elo_random_start_continuation_g127_g140_2026-08-26,accepted/classic-random-8x8.jsonl#48de891ac1f56fb2835798c7,classic-random-8x8,classic,random-start,8x8,tf:133,tf:134,true,p1,accepted,,1295754627,1295758514263883,2
tf_policy_elo_random_start_continuation_g127_g140_2026-08-26,accepted/classic-random-8x8.jsonl#e8cce0a17a0b01d8a87aa94a,classic-random-8x8,classic,random-start,8x8,tf:133,tf:134,true,p2,accepted,,1295754627,1295758514263885,4
tf_policy_elo_random_start_continuation_g127_g140_2026-08-26,accepted/classic-random-8x8.jsonl#80e35e4ab44a7baa1adc33e3,classic-random-8x8,classic,random-start,8x8,tf:133,tf:134,true,p1,accepted,,1295754627,1295758514263887,6
tf_policy_elo_random_start_continuation_g127_g140_2026-08-26,accepted/classic-random-8x8.jsonl#e530d7f51783297215a49e9a,classic-random-8x8,classic,random-start,8x8,tf:133,tf:134,true,p2,accepted,,1295754627,1295758514263889,8
tf_policy_elo_random_start_continuation_g127_g140_2026-08-26,accepted/classic-random-8x8.jsonl#3b450d0a7cb89c4bd34cd199,classic-random-8x8,classic,random-start,8x8,tf:133,tf:134,true,p1,accepted,,1295754627,1295758514263891,10
tf_policy_elo_random_start_continuation_g127_g140_2026-08-26,accepted/classic-random-8x8.jsonl#7bd63cc5f154db413ceba1a5,classic-random-8x8,classic,random-start,8x8,tf:133,tf:136,true,p1,accepted,,2032766742,2032772840300226,0
tf_policy_elo_random_start_continuation_g127_g140_2026-08-26,accepted/classic-random-8x8.jsonl#32266a6e07faab360cfb5b9a,classic-random-8x8,classic,random-start,8x8,tf:133,tf:136,true,p1,accepted,,2032766742,2032772840300228,2
tf_policy_elo_random_start_continuation_g127_g140_2026-08-26,accepted/classic-random-8x8.jsonl#2d9127f52f091f3ed7617fd5,classic-random-8x8,classic,random-start,8x8,tf:133,tf:136,true,p1,accepted,,2032766742,2032772840300230,4
tf_policy_elo_random_start_continuation_g127_g140_2026-08-26,accepted/classic-random-8x8.jsonl#792cc041cce83b5ec8d37856,classic-random-8x8,classic,random-start,8x8,tf:133,tf:136,true,p1,accepted,,2032766742,2032772840300232,6
tf_policy_elo_random_start_continuation_g127_g140_2026-08-26,accepted/classic-random-8x8.jsonl#9822386736a275a4d2b60358,classic-random-8x8,classic,random-start,8x8,tf:133,tf:136,true,p1,accepted,,2032766742,2032772840300234,8
tf_policy_elo_random_start_continuation_g127_g140_2026-08-26,accepted/classic-random-8x8.jsonl#52748484aa19c7e9c5e062c4,classic-random-8x8,classic,random-start,8x8,tf:133,tf:136,true,p1,accepted,,2032766742,2032772840300236,10
tf_policy_elo_random_start_continuation_g127_g140_2026-08-26,accepted/classic-random-8x8.jsonl#8ad3018a71d015b8751b6453,classic-random-8x8,classic,random-start,8x8,tf:133,tf:139,true,p1,accepted,,436476789,436478098430367,0
tf_policy_elo_random_start_continuation_g127_g140_2026-08-26,accepted/classic-random-8x8.jsonl#ac977d42fd267c1612804d18,classic-random-8x8,classic,random-start,8x8,tf:133,tf:139,true,p2,accepted,,436476789,436478098430369,2
tf_policy_elo_random_start_continuation_g127_g140_2026-08-26,accepted/classic-random-8x8.jsonl#d26aaca9d1a470dd87dedcff,classic-random-8x8,classic,random-start,8x8,tf:133,tf:139,true,p2,accepted,,436476789,436478098430371,4
tf_policy_elo_random_start_continuation_g127_g140_2026-08-26,accepted/classic-random-8x8.jsonl#db205c63302a04293e0a5274,classic-random-8x8,classic,random-start,8x8,tf:133,tf:139,true,p2,accepted,,436476789,436478098430373,6
tf_policy_elo_random_start_continuation_g127_g140_2026-08-26,accepted/classic-random-8x8.jsonl#e90eaa8fda0bed9ac6f7eef4,classic-random-8x8,classic,random-start,8x8,tf:133,tf:139,true,p2,accepted,,436476789,436478098430375,8
tf_policy_elo_random_start_continuation_g127_g140_2026-08-26,accepted/classic-random-8x8.jsonl#4b2020f442db1767ff720c7f,classic-random-8x8,classic,random-start,8x8,tf:133,tf:139,true,p2,accepted,,436476789,436478098430377,10
tf_policy_elo_random_start_continuation_g127_g140_2026-08-26,accepted/classic-random-8x8.jsonl#14dde350a951d7f70e627056,classic-random-8x8,classic,random-start,8x8,tf:134,tf:128,false,p1,accepted,,278128992,278129826386977,1
tf_policy_elo_random_start_continuation_g127_g140_2026-08-26,accepted/classic-random-8x8.jsonl#2e0a94b9a2c918f8a811ac47,classic-random-8x8,classic,random-start,8x8,tf:134,tf:128,false,p1,accepted,,278128992,278129826386979,3
tf_policy_elo_random_start_continuation_g127_g140_2026-08-26,accepted/classic-random-8x8.jsonl#831f796628c650f9faa7e89a,classic-random-8x8,classic,random-start,8x8,tf:134,tf:128,false,p2,accepted,,278128992,278129826386981,5
tf_policy_elo_random_start_continuation_g127_g140_2026-08-26,accepted/classic-random-8x8.jsonl#23f3a73e9084a2d1d5e5f439,classic-random-8x8,classic,random-start,8x8,tf:134,tf:128,false,p1,accepted,,278128992,278129826386983,7
tf_policy_elo_random_start_continuation_g127_g140_2026-08-26,accepted/classic-random-8x8.jsonl#267923cc8f25690eefffb453,classic-random-8x8,classic,random-start,8x8,tf:134,tf:128,false,p2,accepted,,278128992,278129826386985,9
tf_policy_elo_random_start_continuation_g127_g140_2026-08-26,accepted/classic-random-8x8.jsonl#203d503bfac92c14d6118281,classic-random-8x8,classic,random-start,8x8,tf:134,tf:128,false,p1,accepted,,278128992,278129826386987,11
tf_policy_elo_random_start_continuation_g127_g140_2026-08-26,accepted/classic-random-8x8.jsonl#4503ca86abe86a6d95ece3bc,classic-random-8x8,classic,random-start,8x8,tf:134,tf:131,false,p2,accepted,,576852912,576854642558737,1
tf_policy_elo_random_start_continuation_g127_g140_2026-08-26,accepted/classic-random-8x8.jsonl#68611ad3eef6ccee4fe3fcad,classic-random-8x8,classic,random-start,8x8,tf:134,tf:131,false,p1,accepted,,576852912,576854642558739,3
tf_policy_elo_random_start_continuation_g127_g140_2026-08-26,accepted/classic-random-8x8.jsonl#8d6658aab53058b15cafda8c,classic-random-8x8,classic,random-start,8x8,tf:134,tf:131,false,p1,accepted,,576852912,576854642558741,5
tf_policy_elo_random_start_continuation_g127_g140_2026-08-26,accepted/classic-random-8x8.jsonl#a2872c9a777d349dd6fde859,classic-random-8x8,classic,random-start,8x8,tf:134,tf:131,false,p2,accepted,,576852912,576854642558743,7
tf_policy_elo_random_start_continuation_g127_g140_2026-08-26,accepted/classic-random-8x8.jsonl#6454f8cb691fc50ee41ba612,classic-random-8x8,classic,random-start,8x8,tf:134,tf:131,false,p2,accepted,,576852912,576854642558745,9
tf_policy_elo_random_start_continuation_g127_g140_2026-08-26,accepted/classic-random-8x8.jsonl#b9600ddf9e8f50bdb5adc3bb,classic-random-8x8,classic,random-start,8x8,tf:134,tf:131,false,p1,accepted,,576852912,576854642558747,11
tf_policy_elo_random_start_continuation_g127_g140_2026-08-26,accepted/classic-random-8x8.jsonl#f3321ac457c6cb8218d64e18,classic-random-8x8,classic,random-start,8x8,tf:134,tf:133,false,p1,accepted,,1295754627,1295758514263882,1
tf_policy_elo_random_start_continuation_g127_g140_2026-08-26,accepted/classic-random-8x8.jsonl#d56078929f31906f91460529,classic-random-8x8,classic,random-start,8x8,tf:134,tf:133,false,p1,accepted,,1295754627,1295758514263884,3
tf_policy_elo_random_start_continuation_g127_g140_2026-08-26,accepted/classic-random-8x8.jsonl#c64bf6be76c101547b99ef75,classic-random-8x8,classic,random-start,8x8,tf:134,tf:133,false,p1,accepted,,1295754627,1295758514263886,5
tf_policy_elo_random_start_continuation_g127_g140_2026-08-26,accepted/classic-random-8x8.jsonl#0c913d5ad9db8d628b826455,classic-random-8x8,classic,random-start,8x8,tf:134,tf:133,false,p1,accepted,,1295754627,1295758514263888,7
tf_policy_elo_random_start_continuation_g127_g140_2026-08-26,accepted/classic-random-8x8.jsonl#7301b8c22c609adc4d3f0967,classic-random-8x8,classic,random-start,8x8,tf:134,tf:133,false,p2,accepted,,1295754627,1295758514263890,9
tf_policy_elo_random_start_continuation_g127_g140_2026-08-26,accepted/classic-random-8x8.jsonl#6549a905854da9f5d233cf45,classic-random-8x8,classic,random-start,8x8,tf:134,tf:133,false,p1,accepted,,1295754627,1295758514263892,11
tf_policy_elo_random_start_continuation_g127_g140_2026-08-26,accepted/classic-random-8x8.jsonl#6fb7cb61622e4974dd69b3e0,classic-random-8x8,classic,random-start,8x8,tf:134,tf:135,true,p1,accepted,,265899402,265900199698206,0
tf_policy_elo_random_start_continuation_g127_g140_2026-08-26,accepted/classic-random-8x8.jsonl#faebd72c45daceb9fb2658cc,classic-random-8x8,classic,random-start,8x8,tf:134,tf:135,true,p1,accepted,,265899402,265900199698208,2
tf_policy_elo_random_start_continuation_g127_g140_2026-08-26,accepted/classic-random-8x8.jsonl#687e57b121dfe403dc428fcc,classic-random-8x8,classic,random-start,8x8,tf:134,tf:135,true,p1,accepted,,265899402,265900199698210,4
tf_policy_elo_random_start_continuation_g127_g140_2026-08-26,accepted/classic-random-8x8.jsonl#3e1b48e87ad4b69e2dfc450b,classic-random-8x8,classic,random-start,8x8,tf:134,tf:135,true,p1,accepted,,265899402,265900199698212,6
tf_policy_elo_random_start_continuation_g127_g140_2026-08-26,accepted/classic-random-8x8.jsonl#e3d22a2f1665b81f65c722c5,classic-random-8x8,classic,random-start,8x8,tf:134,tf:135,true,p1,accepted,,265899402,265900199698214,8
tf_policy_elo_random_start_continuation_g127_g140_2026-08-26,accepted/classic-random-8x8.jsonl#70fdeff7c2baadc40e1660ed,classic-random-8x8,classic,random-start,8x8,tf:134,tf:135,true,p2,accepted,,265899402,265900199698216,10
tf_policy_elo_random_start_continuation_g127_g140_2026-08-26,accepted/classic-random-8x8.jsonl#aec88c368ea4f0ed2d8e9aeb,classic-random-8x8,classic,random-start,8x8,tf:134,tf:137,true,p2,accepted,,254372019,254372782116057,0
tf_policy_elo_random_start_continuation_g127_g140_2026-08-26,accepted/classic-random-8x8.jsonl#458f76a773a16fd00075d655,classic-random-8x8,classic,random-start,8x8,tf:134,tf:137,true,p2,accepted,,254372019,254372782116059,2
tf_policy_elo_random_start_continuation_g127_g140_2026-08-26,accepted/classic-random-8x8.jsonl#05f88957565bbe18ec32c9be,classic-random-8x8,classic,random-start,8x8,tf:134,tf:137,true,p2,accepted,,254372019,254372782116061,4
tf_policy_elo_random_start_continuation_g127_g140_2026-08-26,accepted/classic-random-8x8.jsonl#4ca8bea2929b0aede4f2ab5f,classic-random-8x8,classic,random-start,8x8,tf:134,tf:137,true,p1,accepted,,254372019,254372782116063,6
tf_policy_elo_random_start_continuation_g127_g140_2026-08-26,accepted/classic-random-8x8.jsonl#f2c30b79120c90f2d2c06ef5,classic-random-8x8,classic,random-start,8x8,tf:134,tf:137,true,p1,accepted,,254372019,254372782116065,8
tf_policy_elo_random_start_continuation_g127_g140_2026-08-26,accepted/classic-random-8x8.jsonl#68ed003684d240ec09eec9ec,classic-random-8x8,classic,random-start,8x8,tf:134,tf:137,true,p2,accepted,,254372019,254372782116067,10
tf_policy_elo_random_start_continuation_g127_g140_2026-08-26,accepted/classic-random-8x8.jsonl#e94803faba6012a6f9672988,classic-random-8x8,classic,random-start,8x8,tf:134,tf:140,true,p1,accepted,,409653947,409655175961841,0
tf_policy_elo_random_start_continuation_g127_g140_2026-08-26,accepted/classic-random-8x8.jsonl#9c0fd288c3024878fbbc4ba1,classic-random-8x8,classic,random-start,8x8,tf:134,tf:140,true,p1,accepted,,409653947,409655175961843,2
tf_policy_elo_random_start_continuation_g127_g140_2026-08-26,accepted/classic-random-8x8.jsonl#5407156dd4c65830c7bc0d56,classic-random-8x8,classic,random-start,8x8,tf:134,tf:140,true,p2,accepted,,409653947,409655175961845,4
tf_policy_elo_random_start_continuation_g127_g140_2026-08-26,accepted/classic-random-8x8.jsonl#1fd91a95cac7014ce9ed0f84,classic-random-8x8,classic,random-start,8x8,tf:134,tf:140,true,p1,accepted,,409653947,409655175961847,6
tf_policy_elo_random_start_continuation_g127_g140_2026-08-26,accepted/classic-random-8x8.jsonl#c10d2b5a1f67e95debc9a52e,classic-random-8x8,classic,random-start,8x8,tf:134,tf:140,true,p2,accepted,,409653947,409655175961849,8
tf_policy_elo_random_start_continuation_g127_g140_2026-08-26,accepted/classic-random-8x8.jsonl#a960fb085c77cf4a4d59d63c,classic-random-8x8,classic,random-start,8x8,tf:134,tf:140,true,p2,accepted,,409653947,409655175961851,10
tf_policy_elo_random_start_continuation_g127_g140_2026-08-26,accepted/classic-random-8x8.jsonl#1bd3d802d41e42b7f6b23979,classic-random-8x8,classic,random-start,8x8,tf:135,tf:129,false,p1,accepted,,1226768709,1226772389306128,1
tf_policy_elo_random_start_continuation_g127_g140_2026-08-26,accepted/classic-random-8x8.jsonl#14f617231fbc19025ee200e7,classic-random-8x8,classic,random-start,8x8,tf:135,tf:129,false,p1,accepted,,1226768709,1226772389306130,3
tf_policy_elo_random_start_continuation_g127_g140_2026-08-26,accepted/classic-random-8x8.jsonl#112bf43f1f5a1224c7531767,classic-random-8x8,classic,random-start,8x8,tf:135,tf:129,false,p2,accepted,,1226768709,1226772389306132,5
tf_policy_elo_random_start_continuation_g127_g140_2026-08-26,accepted/classic-random-8x8.jsonl#b67d97163711cc3afc214217,classic-random-8x8,classic,random-start,8x8,tf:135,tf:129,false,p1,accepted,,1226768709,1226772389306134,7
tf_policy_elo_random_start_continuation_g127_g140_2026-08-26,accepted/classic-random-8x8.jsonl#f7ffe14fb8a2320e3731ca05,classic-random-8x8,classic,random-start,8x8,tf:135,tf:129,false,p2,accepted,,1226768709,1226772389306136,9
tf_policy_elo_random_start_continuation_g127_g140_2026-08-26,accepted/classic-random-8x8.jsonl#be80588a5630e107e21eea90,classic-random-8x8,classic,random-start,8x8,tf:135,tf:129,false,p2,accepted,,1226768709,1226772389306138,11
tf_policy_elo_random_start_continuation_g127_g140_2026-08-26,accepted/classic-random-8x8.jsonl#769ad8bb50533b9da2a1bdeb,classic-random-8x8,classic,random-start,8x8,tf:135,tf:132,false,p1,accepted,,834810680,834813184432041,1
tf_policy_elo_random_start_continuation_g127_g140_2026-08-26,accepted/classic-random-8x8.jsonl#6f636a82bfd9739fbe68e44e,classic-random-8x8,classic,random-start,8x8,tf:135,tf:132,false,p1,accepted,,834810680,834813184432043,3
tf_policy_elo_random_start_continuation_g127_g140_2026-08-26,accepted/classic-random-8x8.jsonl#055114c0b4f8597e802f3dbc,classic-random-8x8,classic,random-start,8x8,tf:135,tf:132,false,p1,accepted,,834810680,834813184432045,5
tf_policy_elo_random_start_continuation_g127_g140_2026-08-26,accepted/classic-random-8x8.jsonl#5adc12ff3d3f2e69d6ee76d1,classic-random-8x8,classic,random-start,8x8,tf:135,tf:132,false,p1,accepted,,834810680,834813184432047,7
tf_policy_elo_random_start_continuation_g127_g140_2026-08-26,accepted/classic-random-8x8.jsonl#e3e1aa98f1d3f22e686ff091,classic-random-8x8,classic,random-start,8x8,tf:135,tf:132,false,p1,accepted,,834810680,834813184432049,9
tf_policy_elo_random_start_continuation_g127_g140_2026-08-26,accepted/classic-random-8x8.jsonl#26090e6f69d6277da9b9a3ba,classic-random-8x8,classic,random-start,8x8,tf:135,tf:132,false,p2,accepted,,834810680,834813184432051,11
tf_policy_elo_random_start_continuation_g127_g140_2026-08-26,accepted/classic-random-8x8.jsonl#3f04bfe25e2c7c90f0885966,classic-random-8x8,classic,random-start,8x8,tf:135,tf:134,false,p1,accepted,,265899402,265900199698207,1
tf_policy_elo_random_start_continuation_g127_g140_2026-08-26,accepted/classic-random-8x8.jsonl#d50b2a0f20009adab9c4119d,classic-random-8x8,classic,random-start,8x8,tf:135,tf:134,false,p2,accepted,,265899402,265900199698209,3
tf_policy_elo_random_start_continuation_g127_g140_2026-08-26,accepted/classic-random-8x8.jsonl#4b417cff28bb6e22168804e0,classic-random-8x8,classic,random-start,8x8,tf:135,tf:134,false,p1,accepted,,265899402,265900199698211,5
tf_policy_elo_random_start_continuation_g127_g140_2026-08-26,accepted/classic-random-8x8.jsonl#8ccc3e888a44c3e6ca5e0b1b,classic-random-8x8,classic,random-start,8x8,tf:135,tf:134,false,p1,accepted,,265899402,265900199698213,7
tf_policy_elo_random_start_continuation_g127_g140_2026-08-26,accepted/classic-random-8x8.jsonl#7d659e1afe3ae6e664b927bf,classic-random-8x8,classic,random-start,8x8,tf:135,tf:134,false,p1,accepted,,265899402,265900199698215,9
tf_policy_elo_random_start_continuation_g127_g140_2026-08-26,accepted/classic-random-8x8.jsonl#74c9d9fa2746b1c95c79086f,classic-random-8x8,classic,random-start,8x8,tf:135,tf:134,false,p1,accepted,,265899402,265900199698217,11
tf_policy_elo_random_start_continuation_g127_g140_2026-08-26,accepted/classic-random-8x8.jsonl#2665147cd7629ac61aae6888,classic-random-8x8,classic,random-start,8x8,tf:135,tf:136,true,p1,accepted,,395196120,395197305588360,0
tf_policy_elo_random_start_continuation_g127_g140_2026-08-26,accepted/classic-random-8x8.jsonl#44465c68a79feda62b7ef17c,classic-random-8x8,classic,random-start,8x8,tf:135,tf:136,true,p1,accepted,,395196120,395197305588362,2
tf_policy_elo_random_start_continuation_g127_g140_2026-08-26,accepted/classic-random-8x8.jsonl#0fbc2677af9e5cabcfbe93df,classic-random-8x8,classic,random-start,8x8,tf:135,tf:136,true,p1,accepted,,395196120,395197305588364,4
tf_policy_elo_random_start_continuation_g127_g140_2026-08-26,accepted/classic-random-8x8.jsonl#6f9271ad421b168eb5092e3e,classic-random-8x8,classic,random-start,8x8,tf:135,tf:136,true,p2,accepted,,395196120,395197305588366,6
tf_policy_elo_random_start_continuation_g127_g140_2026-08-26,accepted/classic-random-8x8.jsonl#ed4f06e4cc203f2944d0e61b,classic-random-8x8,classic,random-start,8x8,tf:135,tf:136,true,p2,accepted,,395196120,395197305588368,8
tf_policy_elo_random_start_continuation_g127_g140_2026-08-26,accepted/classic-random-8x8.jsonl#7910bd6989bbc35f1fc42457,classic-random-8x8,classic,random-start,8x8,tf:135,tf:136,true,p2,accepted,,395196120,395197305588370,10
tf_policy_elo_random_start_continuation_g127_g140_2026-08-26,accepted/classic-random-8x8.jsonl#b5caf58ba37a77772cc96d8d,classic-random-8x8,classic,random-start,8x8,tf:135,tf:138,true,p2,accepted,,1702369777,1702374884109331,0
tf_policy_elo_random_start_continuation_g127_g140_2026-08-26,accepted/classic-random-8x8.jsonl#6a3c7c29af592ea78f415e09,classic-random-8x8,classic,random-start,8x8,tf:135,tf:138,true,p1,accepted,,1702369777,1702374884109333,2
tf_policy_elo_random_start_continuation_g127_g140_2026-08-26,accepted/classic-random-8x8.jsonl#72c572240c75797788391f64,classic-random-8x8,classic,random-start,8x8,tf:135,tf:138,true,p1,accepted,,1702369777,1702374884109335,4
tf_policy_elo_random_start_continuation_g127_g140_2026-08-26,accepted/classic-random-8x8.jsonl#ca78f4e35d2398b2c7131d20,classic-random-8x8,classic,random-start,8x8,tf:135,tf:138,true,p1,accepted,,1702369777,1702374884109337,6
tf_policy_elo_random_start_continuation_g127_g140_2026-08-26,accepted/classic-random-8x8.jsonl#20207ee17a3bfaa9c9edff08,classic-random-8x8,classic,random-start,8x8,tf:135,tf:138,true,p1,accepted,,1702369777,1702374884109339,8
tf_policy_elo_random_start_continuation_g127_g140_2026-08-26,accepted/classic-random-8x8.jsonl#43aa894842ac13c70eeb042d,classic-random-8x8,classic,random-start,8x8,tf:135,tf:138,true,p1,accepted,,1702369777,1702374884109341,10
tf_policy_elo_random_start_continuation_g127_g140_2026-08-26,accepted/classic-random-8x8.jsonl#4341881545c5917f3eb3626b,classic-random-8x8,classic,random-start,8x8,tf:136,tf:130,false,p1,accepted,,1518888696,1518893252666089,1
tf_policy_elo_random_start_continuation_g127_g140_2026-08-26,accepted/classic-random-8x8.jsonl#6b569b275d3fd383f1cb582f,classic-random-8x8,classic,random-start,8x8,tf:136,tf:130,false,p1,accepted,,1518888696,1518893252666091,3
tf_policy_elo_random_start_continuation_g127_g140_2026-08-26,accepted/classic-random-8x8.jsonl#6df324f4b950c24087e7bcb9,classic-random-8x8,classic,random-start,8x8,tf:136,tf:130,false,p1,accepted,,1518888696,1518893252666093,5
tf_policy_elo_random_start_continuation_g127_g140_2026-08-26,accepted/classic-random-8x8.jsonl#60d208de18ff8a168fdb70f7,classic-random-8x8,classic,random-start,8x8,tf:136,tf:130,false,p1,accepted,,1518888696,1518893252666095,7
tf_policy_elo_random_start_continuation_g127_g140_2026-08-26,accepted/classic-random-8x8.jsonl#d07d7b793e99a325566198a5,classic-random-8x8,classic,random-start,8x8,tf:136,tf:130,false,p1,accepted,,1518888696,1518893252666097,9
tf_policy_elo_random_start_continuation_g127_g140_2026-08-26,accepted/classic-random-8x8.jsonl#e82d4e577e14e9124a18971e,classic-random-8x8,classic,random-start,8x8,tf:136,tf:130,false,p2,accepted,,1518888696,1518893252666099,11
tf_policy_elo_random_start_continuation_g127_g140_2026-08-26,accepted/classic-random-8x8.jsonl#4c65f35bab4d500052aaf9ba,classic-random-8x8,classic,random-start,8x8,tf:136,tf:133,false,p2,accepted,,2032766742,2032772840300227,1
tf_policy_elo_random_start_continuation_g127_g140_2026-08-26,accepted/classic-random-8x8.jsonl#16d07a9fd9309da67069d360,classic-random-8x8,classic,random-start,8x8,tf:136,tf:133,false,p1,accepted,,2032766742,2032772840300229,3
tf_policy_elo_random_start_continuation_g127_g140_2026-08-26,accepted/classic-random-8x8.jsonl#67db5bf6bb5b9d9c5e3155ef,classic-random-8x8,classic,random-start,8x8,tf:136,tf:133,false,p1,accepted,,2032766742,2032772840300231,5
tf_policy_elo_random_start_continuation_g127_g140_2026-08-26,accepted/classic-random-8x8.jsonl#68ac246c7f7d83ba3b328505,classic-random-8x8,classic,random-start,8x8,tf:136,tf:133,false,p1,accepted,,2032766742,2032772840300233,7
tf_policy_elo_random_start_continuation_g127_g140_2026-08-26,accepted/classic-random-8x8.jsonl#e50b68cbeb81a2f55a602b3e,classic-random-8x8,classic,random-start,8x8,tf:136,tf:133,false,p1,accepted,,2032766742,2032772840300235,9
tf_policy_elo_random_start_continuation_g127_g140_2026-08-26,accepted/classic-random-8x8.jsonl#58e0ca0d4039f2df4790f9b8,classic-random-8x8,classic,random-start,8x8,tf:136,tf:133,false,p1,accepted,,2032766742,2032772840300237,11
tf_policy_elo_random_start_continuation_g127_g140_2026-08-26,accepted/classic-random-8x8.jsonl#f6247f353e9ec78f8515b9b0,classic-random-8x8,classic,random-start,8x8,tf:136,tf:135,false,p1,accepted,,395196120,395197305588361,1
tf_policy_elo_random_start_continuation_g127_g140_2026-08-26,accepted/classic-random-8x8.jsonl#e2c747e116e4a9a921184cf8,classic-random-8x8,classic,random-start,8x8,tf:136,tf:135,false,p2,accepted,,395196120,395197305588363,3
tf_policy_elo_random_start_continuation_g127_g140_2026-08-26,accepted/classic-random-8x8.jsonl#879d700a1d63ad49ecab472f,classic-random-8x8,classic,random-start,8x8,tf:136,tf:135,false,p1,accepted,,395196120,395197305588365,5
tf_policy_elo_random_start_continuation_g127_g140_2026-08-26,accepted/classic-random-8x8.jsonl#a3f39616fdb19a1872a3dcc0,classic-random-8x8,classic,random-start,8x8,tf:136,tf:135,false,p1,accepted,,395196120,395197305588367,7
tf_policy_elo_random_start_continuation_g127_g140_2026-08-26,accepted/classic-random-8x8.jsonl#fe9139a2baa8bb97edd48a71,classic-random-8x8,classic,random-start,8x8,tf:136,tf:135,false,p1,accepted,,395196120,395197305588369,9
tf_policy_elo_random_start_continuation_g127_g140_2026-08-26,accepted/classic-random-8x8.jsonl#19209811e3ebb7e360d07eb1,classic-random-8x8,classic,random-start,8x8,tf:136,tf:135,false,p1,accepted,,395196120,395197305588371,11
tf_policy_elo_random_start_continuation_g127_g140_2026-08-26,accepted/classic-random-8x8.jsonl#be21866ccf34d5fa1a0c6e62,classic-random-8x8,classic,random-start,8x8,tf:136,tf:137,true,p2,accepted,,514403586,514405129210758,0
tf_policy_elo_random_start_continuation_g127_g140_2026-08-26,accepted/classic-random-8x8.jsonl#e6b80aafcdcf8e97300147d1,classic-random-8x8,classic,random-start,8x8,tf:136,tf:137,true,p1,accepted,,514403586,514405129210760,2
tf_policy_elo_random_start_continuation_g127_g140_2026-08-26,accepted/classic-random-8x8.jsonl#3aa20a8d589a25b3682684c0,classic-random-8x8,classic,random-start,8x8,tf:136,tf:137,true,p1,accepted,,514403586,514405129210762,4
tf_policy_elo_random_start_continuation_g127_g140_2026-08-26,accepted/classic-random-8x8.jsonl#de0645a35c5cb4c4ebe46e8f,classic-random-8x8,classic,random-start,8x8,tf:136,tf:137,true,p1,accepted,,514403586,514405129210764,6
tf_policy_elo_random_start_continuation_g127_g140_2026-08-26,accepted/classic-random-8x8.jsonl#9a2aae7ae454cf0094a55a7b,classic-random-8x8,classic,random-start,8x8,tf:136,tf:137,true,p1,accepted,,514403586,514405129210766,8
tf_policy_elo_random_start_continuation_g127_g140_2026-08-26,accepted/classic-random-8x8.jsonl#921ca7bf7f6398b84500ead0,classic-random-8x8,classic,random-start,8x8,tf:136,tf:137,true,p2,accepted,,514403586,514405129210768,10
tf_policy_elo_random_start_continuation_g127_g140_2026-08-26,accepted/classic-random-8x8.jsonl#e233d2588fe04e412f66799c,classic-random-8x8,classic,random-start,8x8,tf:136,tf:139,true,p1,accepted,,385453076,385454232359228,0
tf_policy_elo_random_start_continuation_g127_g140_2026-08-26,accepted/classic-random-8x8.jsonl#6dafd8fe8ad84c01a0cdd546,classic-random-8x8,classic,random-start,8x8,tf:136,tf:139,true,p2,accepted,,385453076,385454232359230,2
tf_policy_elo_random_start_continuation_g127_g140_2026-08-26,accepted/classic-random-8x8.jsonl#b7397a3dbad0c78aa9d72cb9,classic-random-8x8,classic,random-start,8x8,tf:136,tf:139,true,p1,accepted,,385453076,385454232359232,4
tf_policy_elo_random_start_continuation_g127_g140_2026-08-26,accepted/classic-random-8x8.jsonl#983259a1079a9a52bee5f5e7,classic-random-8x8,classic,random-start,8x8,tf:136,tf:139,true,p1,accepted,,385453076,385454232359234,6
tf_policy_elo_random_start_continuation_g127_g140_2026-08-26,accepted/classic-random-8x8.jsonl#73069ee06a72ad31aba129ca,classic-random-8x8,classic,random-start,8x8,tf:136,tf:139,true,p1,accepted,,385453076,385454232359236,8
tf_policy_elo_random_start_continuation_g127_g140_2026-08-26,accepted/classic-random-8x8.jsonl#806db0ef3a7e21ae5cc8120e,classic-random-8x8,classic,random-start,8x8,tf:136,tf:139,true,p1,accepted,,385453076,385454232359238,10
tf_policy_elo_random_start_continuation_g127_g140_2026-08-26,accepted/classic-random-8x8.jsonl#3f8fe97785e7ffc57ea13929,classic-random-8x8,classic,random-start,8x8,tf:137,tf:131,false,p1,accepted,,536166333,536167941499000,1
tf_policy_elo_random_start_continuation_g127_g140_2026-08-26,accepted/classic-random-8x8.jsonl#26993effa947482c36cbe674,classic-random-8x8,classic,random-start,8x8,tf:137,tf:131,false,p1,accepted,,536166333,536167941499002,3
tf_policy_elo_random_start_continuation_g127_g140_2026-08-26,accepted/classic-random-8x8.jsonl#d97b94b398e5e988e68304b8,classic-random-8x8,classic,random-start,8x8,tf:137,tf:131,false,p2,accepted,,536166333,536167941499004,5
tf_policy_elo_random_start_continuation_g127_g140_2026-08-26,accepted/classic-random-8x8.jsonl#1f4056e294be4be9afded238,classic-random-8x8,classic,random-start,8x8,tf:137,tf:131,false,p2,accepted,,536166333,536167941499006,7
tf_policy_elo_random_start_continuation_g127_g140_2026-08-26,accepted/classic-random-8x8.jsonl#73c83ec4dc324d8c70cc720b,classic-random-8x8,classic,random-start,8x8,tf:137,tf:131,false,p2,accepted,,536166333,536167941499008,9
tf_policy_elo_random_start_continuation_g127_g140_2026-08-26,accepted/classic-random-8x8.jsonl#8b1e2a02e0c0a16c9f3f6940,classic-random-8x8,classic,random-start,8x8,tf:137,tf:131,false,p1,accepted,,536166333,536167941499010,11
tf_policy_elo_random_start_continuation_g127_g140_2026-08-26,accepted/classic-random-8x8.jsonl#8303d6b0dd4c16e80c63c19d,classic-random-8x8,classic,random-start,8x8,tf:137,tf:134,false,p1,accepted,,254372019,254372782116058,1
tf_policy_elo_random_start_continuation_g127_g140_2026-08-26,accepted/classic-random-8x8.jsonl#9af71235aeee584432b86df9,classic-random-8x8,classic,random-start,8x8,tf:137,tf:134,false,p1,accepted,,254372019,254372782116060,3
tf_policy_elo_random_start_continuation_g127_g140_2026-08-26,accepted/classic-random-8x8.jsonl#7c3ae366557903312ed23a9e,classic-random-8x8,classic,random-start,8x8,tf:137,tf:134,false,p1,accepted,,254372019,254372782116062,5
tf_policy_elo_random_start_continuation_g127_g140_2026-08-26,accepted/classic-random-8x8.jsonl#e21fb51f90dbf2a5e226c844,classic-random-8x8,classic,random-start,8x8,tf:137,tf:134,false,p1,accepted,,254372019,254372782116064,7
tf_policy_elo_random_start_continuation_g127_g140_2026-08-26,accepted/classic-random-8x8.jsonl#c37668facacd05a50eb32f9c,classic-random-8x8,classic,random-start,8x8,tf:137,tf:134,false,p1,accepted,,254372019,254372782116066,9
tf_policy_elo_random_start_continuation_g127_g140_2026-08-26,accepted/classic-random-8x8.jsonl#14005ef91233ab4aa745a231,classic-random-8x8,classic,random-start,8x8,tf:137,tf:134,false,p1,accepted,,254372019,254372782116068,11
tf_policy_elo_random_start_continuation_g127_g140_2026-08-26,accepted/classic-random-8x8.jsonl#6e0d2e84e706fbb028466671,classic-random-8x8,classic,random-start,8x8,tf:137,tf:136,false,p1,accepted,,514403586,514405129210759,1
tf_policy_elo_random_start_continuation_g127_g140_2026-08-26,accepted/classic-random-8x8.jsonl#7a7d2c0cbe3b6bf1f4d0772a,classic-random-8x8,classic,random-start,8x8,tf:137,tf:136,false,p1,accepted,,514403586,514405129210761,3
tf_policy_elo_random_start_continuation_g127_g140_2026-08-26,accepted/classic-random-8x8.jsonl#8f1239f6a99c72073a1984e2,classic-random-8x8,classic,random-start,8x8,tf:137,tf:136,false,p1,accepted,,514403586,514405129210763,5
tf_policy_elo_random_start_continuation_g127_g140_2026-08-26,accepted/classic-random-8x8.jsonl#b81d36497f5ddae5de396a78,classic-random-8x8,classic,random-start,8x8,tf:137,tf:136,false,p1,accepted,,514403586,514405129210765,7
tf_policy_elo_random_start_continuation_g127_g140_2026-08-26,accepted/classic-random-8x8.jsonl#3bc89959eb39d8baa69df0b5,classic-random-8x8,classic,random-start,8x8,tf:137,tf:136,false,p1,accepted,,514403586,514405129210767,9
tf_policy_elo_random_start_continuation_g127_g140_2026-08-26,accepted/classic-random-8x8.jsonl#ea88e5adb188dfd3b1cf81b6,classic-random-8x8,classic,random-start,8x8,tf:137,tf:136,false,p1,accepted,,514403586,514405129210769,11
tf_policy_elo_random_start_continuation_g127_g140_2026-08-26,accepted/classic-random-8x8.jsonl#5a6c9f395a70034fac421af6,classic-random-8x8,classic,random-start,8x8,tf:137,tf:138,true,p1,accepted,,2102559817,2102566124679451,0
tf_policy_elo_random_start_continuation_g127_g140_2026-08-26,accepted/classic-random-8x8.jsonl#776b3841fcaf46dfe6365e7b,classic-random-8x8,classic,random-start,8x8,tf:137,tf:138,true,p2,accepted,,2102559817,2102566124679453,2
tf_policy_elo_random_start_continuation_g127_g140_2026-08-26,accepted/classic-random-8x8.jsonl#a6c3a52ac9b8f6a91ba26478,classic-random-8x8,classic,random-start,8x8,tf:137,tf:138,true,p1,accepted,,2102559817,2102566124679455,4
tf_policy_elo_random_start_continuation_g127_g140_2026-08-26,accepted/classic-random-8x8.jsonl#ca364f1d8c5888aeae8e8296,classic-random-8x8,classic,random-start,8x8,tf:137,tf:138,true,p1,accepted,,2102559817,2102566124679457,6
tf_policy_elo_random_start_continuation_g127_g140_2026-08-26,accepted/classic-random-8x8.jsonl#e032c0e64a678daeb03791f2,classic-random-8x8,classic,random-start,8x8,tf:137,tf:138,true,p2,accepted,,2102559817,2102566124679459,8
tf_policy_elo_random_start_continuation_g127_g140_2026-08-26,accepted/classic-random-8x8.jsonl#0940c3e8a039b5dc9b0ba283,classic-random-8x8,classic,random-start,8x8,tf:137,tf:138,true,p1,accepted,,2102559817,2102566124679461,10
tf_policy_elo_random_start_continuation_g127_g140_2026-08-26,accepted/classic-random-8x8.jsonl#8bd8d1af74b736c28ca0c70c,classic-random-8x8,classic,random-start,8x8,tf:137,tf:140,true,p1,accepted,,486290620,486292078871860,0
tf_policy_elo_random_start_continuation_g127_g140_2026-08-26,accepted/classic-random-8x8.jsonl#2a007e9eaa9ebad8006016f3,classic-random-8x8,classic,random-start,8x8,tf:137,tf:140,true,p1,accepted,,486290620,486292078871862,2
tf_policy_elo_random_start_continuation_g127_g140_2026-08-26,accepted/classic-random-8x8.jsonl#04ec3100c12127f879e9d97d,classic-random-8x8,classic,random-start,8x8,tf:137,tf:140,true,p1,accepted,,486290620,486292078871864,4
tf_policy_elo_random_start_continuation_g127_g140_2026-08-26,accepted/classic-random-8x8.jsonl#c4742010403e10b03b190c88,classic-random-8x8,classic,random-start,8x8,tf:137,tf:140,true,p1,accepted,,486290620,486292078871866,6
tf_policy_elo_random_start_continuation_g127_g140_2026-08-26,accepted/classic-random-8x8.jsonl#762ce64ea30ca4179e779d5e,classic-random-8x8,classic,random-start,8x8,tf:137,tf:140,true,p2,accepted,,486290620,486292078871868,8
tf_policy_elo_random_start_continuation_g127_g140_2026-08-26,accepted/classic-random-8x8.jsonl#be75935759e0941c63c2f0aa,classic-random-8x8,classic,random-start,8x8,tf:137,tf:140,true,p2,accepted,,486290620,486292078871870,10
tf_policy_elo_random_start_continuation_g127_g140_2026-08-26,accepted/classic-random-8x8.jsonl#a558807c1598b7b525d21868,classic-random-8x8,classic,random-start,8x8,tf:138,tf:132,false,p1,accepted,,465939954,465941351819863,1
tf_policy_elo_random_start_continuation_g127_g140_2026-08-26,accepted/classic-random-8x8.jsonl#7b39b9b37057c67bde35213b,classic-random-8x8,classic,random-start,8x8,tf:138,tf:132,false,p1,accepted,,465939954,465941351819865,3
tf_policy_elo_random_start_continuation_g127_g140_2026-08-26,accepted/classic-random-8x8.jsonl#d9e15b0c522e711862d6463e,classic-random-8x8,classic,random-start,8x8,tf:138,tf:132,false,p1,accepted,,465939954,465941351819867,5
tf_policy_elo_random_start_continuation_g127_g140_2026-08-26,accepted/classic-random-8x8.jsonl#94098ec8d1b343dbad1926d3,classic-random-8x8,classic,random-start,8x8,tf:138,tf:132,false,p1,accepted,,465939954,465941351819869,7
tf_policy_elo_random_start_continuation_g127_g140_2026-08-26,accepted/classic-random-8x8.jsonl#c150f18652a15cf3956ce6b9,classic-random-8x8,classic,random-start,8x8,tf:138,tf:132,false,p2,accepted,,465939954,465941351819871,9
tf_policy_elo_random_start_continuation_g127_g140_2026-08-26,accepted/classic-random-8x8.jsonl#ef37568c6dc9f4d94f51d653,classic-random-8x8,classic,random-start,8x8,tf:138,tf:132,false,p2,accepted,,465939954,465941351819873,11
tf_policy_elo_random_start_continuation_g127_g140_2026-08-26,accepted/classic-random-8x8.jsonl#b50aada5294fb3e76bcf55fc,classic-random-8x8,classic,random-start,8x8,tf:138,tf:135,false,p1,accepted,,1702369777,1702374884109332,1
tf_policy_elo_random_start_continuation_g127_g140_2026-08-26,accepted/classic-random-8x8.jsonl#bc6df7c27a9ba3d18e3e30f1,classic-random-8x8,classic,random-start,8x8,tf:138,tf:135,false,p2,accepted,,1702369777,1702374884109334,3
tf_policy_elo_random_start_continuation_g127_g140_2026-08-26,accepted/classic-random-8x8.jsonl#3d48a8548fc2e42d80694d5a,classic-random-8x8,classic,random-start,8x8,tf:138,tf:135,false,p1,accepted,,1702369777,1702374884109336,5
tf_policy_elo_random_start_continuation_g127_g140_2026-08-26,accepted/classic-random-8x8.jsonl#c00e0df637a8aa24cb9437ac,classic-random-8x8,classic,random-start,8x8,tf:138,tf:135,false,p1,accepted,,1702369777,1702374884109338,7
tf_policy_elo_random_start_continuation_g127_g140_2026-08-26,accepted/classic-random-8x8.jsonl#886e22a9fc808b58b5965501,classic-random-8x8,classic,random-start,8x8,tf:138,tf:135,false,p1,accepted,,1702369777,1702374884109340,9
tf_policy_elo_random_start_continuation_g127_g140_2026-08-26,accepted/classic-random-8x8.jsonl#c0d867e4bb3441b69431fceb,classic-random-8x8,classic,random-start,8x8,tf:138,tf:135,false,p2,accepted,,1702369777,1702374884109342,11
tf_policy_elo_random_start_continuation_g127_g140_2026-08-26,accepted/classic-random-8x8.jsonl#27240e4c0c31d330a80f6474,classic-random-8x8,classic,random-start,8x8,tf:138,tf:137,false,p2,accepted,,2102559817,2102566124679452,1
tf_policy_elo_random_start_continuation_g127_g140_2026-08-26,accepted/classic-random-8x8.jsonl#15616695f2fdfd55d80fd12a,classic-random-8x8,classic,random-start,8x8,tf:138,tf:137,false,p2,accepted,,2102559817,2102566124679454,3
tf_policy_elo_random_start_continuation_g127_g140_2026-08-26,accepted/classic-random-8x8.jsonl#5daf8f271f4728340542389e,classic-random-8x8,classic,random-start,8x8,tf:138,tf:137,false,p1,accepted,,2102559817,2102566124679456,5
tf_policy_elo_random_start_continuation_g127_g140_2026-08-26,accepted/classic-random-8x8.jsonl#eb52937ce084bc5790e46fcf,classic-random-8x8,classic,random-start,8x8,tf:138,tf:137,false,p1,accepted,,2102559817,2102566124679458,7
tf_policy_elo_random_start_continuation_g127_g140_2026-08-26,accepted/classic-random-8x8.jsonl#0d57fc5c1936af1b086ab877,classic-random-8x8,classic,random-start,8x8,tf:138,tf:137,false,p1,accepted,,2102559817,2102566124679460,9
tf_policy_elo_random_start_continuation_g127_g140_2026-08-26,accepted/classic-random-8x8.jsonl#d39e12c681435904bdfcfff3,classic-random-8x8,classic,random-start,8x8,tf:138,tf:137,false,p1,accepted,,2102559817,2102566124679462,11
tf_policy_elo_random_start_continuation_g127_g140_2026-08-26,accepted/classic-random-8x8.jsonl#d1272b7d64d2c50111fa7824,classic-random-8x8,classic,random-start,8x8,tf:138,tf:139,true,p1,accepted,,1367340909,1367345011022727,0
tf_policy_elo_random_start_continuation_g127_g140_2026-08-26,accepted/classic-random-8x8.jsonl#12d8f2173f4f1a6d532636f7,classic-random-8x8,classic,random-start,8x8,tf:138,tf:139,true,p1,accepted,,1367340909,1367345011022729,2
tf_policy_elo_random_start_continuation_g127_g140_2026-08-26,accepted/classic-random-8x8.jsonl#a255e9ad964e446000d00dc0,classic-random-8x8,classic,random-start,8x8,tf:138,tf:139,true,p1,accepted,,1367340909,1367345011022731,4
tf_policy_elo_random_start_continuation_g127_g140_2026-08-26,accepted/classic-random-8x8.jsonl#52cd5469b26f57f894339ba9,classic-random-8x8,classic,random-start,8x8,tf:138,tf:139,true,p2,accepted,,1367340909,1367345011022733,6
tf_policy_elo_random_start_continuation_g127_g140_2026-08-26,accepted/classic-random-8x8.jsonl#06707d4e83efb1011802b9a8,classic-random-8x8,classic,random-start,8x8,tf:138,tf:139,true,p2,accepted,,1367340909,1367345011022735,8
tf_policy_elo_random_start_continuation_g127_g140_2026-08-26,accepted/classic-random-8x8.jsonl#21c65b1212ca05abe7f59954,classic-random-8x8,classic,random-start,8x8,tf:138,tf:139,true,p2,accepted,,1367340909,1367345011022737,10
tf_policy_elo_random_start_continuation_g127_g140_2026-08-26,accepted/classic-random-8x8.jsonl#dd91e0ad7bd60e14f13a23a5,classic-random-8x8,classic,random-start,8x8,tf:139,tf:133,false,p1,accepted,,436476789,436478098430368,1
tf_policy_elo_random_start_continuation_g127_g140_2026-08-26,accepted/classic-random-8x8.jsonl#8c0fae0bcb16ebc610b72f82,classic-random-8x8,classic,random-start,8x8,tf:139,tf:133,false,p1,accepted,,436476789,436478098430370,3
tf_policy_elo_random_start_continuation_g127_g140_2026-08-26,accepted/classic-random-8x8.jsonl#84749e394cc5cf59f78cbecf,classic-random-8x8,classic,random-start,8x8,tf:139,tf:133,false,p1,accepted,,436476789,436478098430372,5
tf_policy_elo_random_start_continuation_g127_g140_2026-08-26,accepted/classic-random-8x8.jsonl#d5b4f99c58759f479597bbca,classic-random-8x8,classic,random-start,8x8,tf:139,tf:133,false,p1,accepted,,436476789,436478098430374,7
tf_policy_elo_random_start_continuation_g127_g140_2026-08-26,accepted/classic-random-8x8.jsonl#9f9dc445cf5d18e814f84eaf,classic-random-8x8,classic,random-start,8x8,tf:139,tf:133,false,p1,accepted,,436476789,436478098430376,9
tf_policy_elo_random_start_continuation_g127_g140_2026-08-26,accepted/classic-random-8x8.jsonl#2dfe96604620c5a8d5453fee,classic-random-8x8,classic,random-start,8x8,tf:139,tf:133,false,p2,accepted,,436476789,436478098430378,11
tf_policy_elo_random_start_continuation_g127_g140_2026-08-26,accepted/classic-random-8x8.jsonl#e6e3995d6d9f1e5324a081c6,classic-random-8x8,classic,random-start,8x8,tf:139,tf:136,false,p2,accepted,,385453076,385454232359229,1
tf_policy_elo_random_start_continuation_g127_g140_2026-08-26,accepted/classic-random-8x8.jsonl#ca0552fe69d1cfc0368470ec,classic-random-8x8,classic,random-start,8x8,tf:139,tf:136,false,p1,accepted,,385453076,385454232359231,3
tf_policy_elo_random_start_continuation_g127_g140_2026-08-26,accepted/classic-random-8x8.jsonl#65fbfaba2377f4eb0a028170,classic-random-8x8,classic,random-start,8x8,tf:139,tf:136,false,p1,accepted,,385453076,385454232359233,5
tf_policy_elo_random_start_continuation_g127_g140_2026-08-26,accepted/classic-random-8x8.jsonl#193a06641512f66a0da93566,classic-random-8x8,classic,random-start,8x8,tf:139,tf:136,false,p1,accepted,,385453076,385454232359235,7
tf_policy_elo_random_start_continuation_g127_g140_2026-08-26,accepted/classic-random-8x8.jsonl#4b55a052b40e9cc4d13c2472,classic-random-8x8,classic,random-start,8x8,tf:139,tf:136,false,p1,accepted,,385453076,385454232359237,9
tf_policy_elo_random_start_continuation_g127_g140_2026-08-26,accepted/classic-random-8x8.jsonl#5ab78b9f3ffee843503e1eab,classic-random-8x8,classic,random-start,8x8,tf:139,tf:136,false,p1,accepted,,385453076,385454232359239,11
tf_policy_elo_random_start_continuation_g127_g140_2026-08-26,accepted/classic-random-8x8.jsonl#87b508406f6c5f7472071127,classic-random-8x8,classic,random-start,8x8,tf:139,tf:138,false,p1,accepted,,1367340909,1367345011022728,1
tf_policy_elo_random_start_continuation_g127_g140_2026-08-26,accepted/classic-random-8x8.jsonl#92d5f6327fe719c8b6f4cbf1,classic-random-8x8,classic,random-start,8x8,tf:139,tf:138,false,p2,accepted,,1367340909,1367345011022730,3
tf_policy_elo_random_start_continuation_g127_g140_2026-08-26,accepted/classic-random-8x8.jsonl#619e599b3b9f45d76ba31ea4,classic-random-8x8,classic,random-start,8x8,tf:139,tf:138,false,p1,accepted,,1367340909,1367345011022732,5
tf_policy_elo_random_start_continuation_g127_g140_2026-08-26,accepted/classic-random-8x8.jsonl#3ab93b5ff2e0d642022fd934,classic-random-8x8,classic,random-start,8x8,tf:139,tf:138,false,p2,accepted,,1367340909,1367345011022734,7
tf_policy_elo_random_start_continuation_g127_g140_2026-08-26,accepted/classic-random-8x8.jsonl#534d1e78bebd4c419722ce95,classic-random-8x8,classic,random-start,8x8,tf:139,tf:138,false,p1,accepted,,1367340909,1367345011022736,9
tf_policy_elo_random_start_continuation_g127_g140_2026-08-26,accepted/classic-random-8x8.jsonl#fa33a04cf768310c9814ce5e,classic-random-8x8,classic,random-start,8x8,tf:139,tf:138,false,p1,accepted,,1367340909,1367345011022738,11
tf_policy_elo_random_start_continuation_g127_g140_2026-08-26,accepted/classic-random-8x8.jsonl#7a65c0c6cc1761c8e775d700,classic-random-8x8,classic,random-start,8x8,tf:139,tf:140,true,p2,accepted,,2022634664,2022640731903992,0
tf_policy_elo_random_start_continuation_g127_g140_2026-08-26,accepted/classic-random-8x8.jsonl#245fabfa8b268419a9fd4073,classic-random-8x8,classic,random-start,8x8,tf:139,tf:140,true,p1,accepted,,2022634664,2022640731903994,2
tf_policy_elo_random_start_continuation_g127_g140_2026-08-26,accepted/classic-random-8x8.jsonl#53568a7e3246b215f788e9be,classic-random-8x8,classic,random-start,8x8,tf:139,tf:140,true,p1,accepted,,2022634664,2022640731903996,4
tf_policy_elo_random_start_continuation_g127_g140_2026-08-26,accepted/classic-random-8x8.jsonl#9b1d07027c21d0e8dda8ffe5,classic-random-8x8,classic,random-start,8x8,tf:139,tf:140,true,p1,accepted,,2022634664,2022640731903998,6
tf_policy_elo_random_start_continuation_g127_g140_2026-08-26,accepted/classic-random-8x8.jsonl#d63db8756616141a1bdfdfdf,classic-random-8x8,classic,random-start,8x8,tf:139,tf:140,true,p2,accepted,,2022634664,2022640731904000,8
tf_policy_elo_random_start_continuation_g127_g140_2026-08-26,accepted/classic-random-8x8.jsonl#91a72841123368c61d2db416,classic-random-8x8,classic,random-start,8x8,tf:139,tf:140,true,p1,accepted,,2022634664,2022640731904002,10
tf_policy_elo_random_start_continuation_g127_g140_2026-08-26,accepted/classic-random-8x8.jsonl#e0285f46e7c43a6481889dfb,classic-random-8x8,classic,random-start,8x8,tf:140,tf:134,false,p1,accepted,,409653947,409655175961842,1
tf_policy_elo_random_start_continuation_g127_g140_2026-08-26,accepted/classic-random-8x8.jsonl#7abf34405be5aef0bf632432,classic-random-8x8,classic,random-start,8x8,tf:140,tf:134,false,p2,accepted,,409653947,409655175961844,3
tf_policy_elo_random_start_continuation_g127_g140_2026-08-26,accepted/classic-random-8x8.jsonl#379b0f85e230863e8c1de657,classic-random-8x8,classic,random-start,8x8,tf:140,tf:134,false,p1,accepted,,409653947,409655175961846,5
tf_policy_elo_random_start_continuation_g127_g140_2026-08-26,accepted/classic-random-8x8.jsonl#e44b53e2d8464124ce2640cf,classic-random-8x8,classic,random-start,8x8,tf:140,tf:134,false,p2,accepted,,409653947,409655175961848,7
tf_policy_elo_random_start_continuation_g127_g140_2026-08-26,accepted/classic-random-8x8.jsonl#613f7f1958f3574ed29b07c5,classic-random-8x8,classic,random-start,8x8,tf:140,tf:134,false,p1,accepted,,409653947,409655175961850,9
tf_policy_elo_random_start_continuation_g127_g140_2026-08-26,accepted/classic-random-8x8.jsonl#beae9d54db7bc81e5c78892c,classic-random-8x8,classic,random-start,8x8,tf:140,tf:134,false,p2,accepted,,409653947,409655175961852,11
tf_policy_elo_random_start_continuation_g127_g140_2026-08-26,accepted/classic-random-8x8.jsonl#afcf36321b75700cbb5d4d34,classic-random-8x8,classic,random-start,8x8,tf:140,tf:137,false,p1,accepted,,486290620,486292078871861,1
tf_policy_elo_random_start_continuation_g127_g140_2026-08-26,accepted/classic-random-8x8.jsonl#ea790a1eeeda27919961789c,classic-random-8x8,classic,random-start,8x8,tf:140,tf:137,false,p1,accepted,,486290620,486292078871863,3
tf_policy_elo_random_start_continuation_g127_g140_2026-08-26,accepted/classic-random-8x8.jsonl#87c7a7ee3fb8ed2a952a1a27,classic-random-8x8,classic,random-start,8x8,tf:140,tf:137,false,p2,accepted,,486290620,486292078871865,5
tf_policy_elo_random_start_continuation_g127_g140_2026-08-26,accepted/classic-random-8x8.jsonl#ff2b857e492d8c2d95be037e,classic-random-8x8,classic,random-start,8x8,tf:140,tf:137,false,p2,accepted,,486290620,486292078871867,7
tf_policy_elo_random_start_continuation_g127_g140_2026-08-26,accepted/classic-random-8x8.jsonl#c007de2a3e1d9164e437b0b1,classic-random-8x8,classic,random-start,8x8,tf:140,tf:137,false,p1,accepted,,486290620,486292078871869,9
tf_policy_elo_random_start_continuation_g127_g140_2026-08-26,accepted/classic-random-8x8.jsonl#f13d0cc69311a1cb5ff409ef,classic-random-8x8,classic,random-start,8x8,tf:140,tf:137,false,p1,accepted,,486290620,486292078871871,11
tf_policy_elo_random_start_continuation_g127_g140_2026-08-26,accepted/classic-random-8x8.jsonl#ba47de2ceab6924cbec2d880,classic-random-8x8,classic,random-start,8x8,tf:140,tf:139,false,p1,accepted,,2022634664,2022640731903993,1
tf_policy_elo_random_start_continuation_g127_g140_2026-08-26,accepted/classic-random-8x8.jsonl#417bb173add63ad4dda20d23,classic-random-8x8,classic,random-start,8x8,tf:140,tf:139,false,p1,accepted,,2022634664,2022640731903995,3
tf_policy_elo_random_start_continuation_g127_g140_2026-08-26,accepted/classic-random-8x8.jsonl#f8dae8297dc72c905fb48368,classic-random-8x8,classic,random-start,8x8,tf:140,tf:139,false,p2,accepted,,2022634664,2022640731903997,5
tf_policy_elo_random_start_continuation_g127_g140_2026-08-26,accepted/classic-random-8x8.jsonl#f77479ae3135f6e18e261a8a,classic-random-8x8,classic,random-start,8x8,tf:140,tf:139,false,p1,accepted,,2022634664,2022640731903999,7
tf_policy_elo_random_start_continuation_g127_g140_2026-08-26,accepted/classic-random-8x8.jsonl#43519519af5f54f5710f6190,classic-random-8x8,classic,random-start,8x8,tf:140,tf:139,false,p1,accepted,,2022634664,2022640731904001,9
tf_policy_elo_random_start_continuation_g127_g140_2026-08-26,accepted/classic-random-8x8.jsonl#29acc3066ecda710fccafbee,classic-random-8x8,classic,random-start,8x8,tf:140,tf:139,false,p1,accepted,,2022634664,2022640731904003,11
tf_policy_elo_random_start_continuation_g127_g140_2026-08-26,accepted/standard-fixed-12x10.jsonl#1cbbd2b47f5858594aca323d,standard-fixed-12x10,standard,fixed,12x10,tf:121,tf:127,true,p1,accepted,,819257421,819259878772263,0
tf_policy_elo_random_start_continuation_g127_g140_2026-08-26,accepted/standard-fixed-12x10.jsonl#6bea04099863376b9adce099,standard-fixed-12x10,standard,fixed,12x10,tf:122,tf:128,true,p1,accepted,,1942471183,1942477010413549,0
tf_policy_elo_random_start_continuation_g127_g140_2026-08-26,accepted/standard-fixed-12x10.jsonl#b5b0e67055f751a39db867ae,standard-fixed-12x10,standard,fixed,12x10,tf:123,tf:129,true,p1,accepted,,1717167418,1717172569502254,0
tf_policy_elo_random_start_continuation_g127_g140_2026-08-26,accepted/standard-fixed-12x10.jsonl#01d8204c7e2850fbcb1cf2f7,standard-fixed-12x10,standard,fixed,12x10,tf:124,tf:127,true,draw,accepted,,1484535292,1484539745605876,0
tf_policy_elo_random_start_continuation_g127_g140_2026-08-26,accepted/standard-fixed-12x10.jsonl#ab8af2d0f52308e3712a40a3,standard-fixed-12x10,standard,fixed,12x10,tf:124,tf:130,true,p2,accepted,,732847983,732850181543949,0
tf_policy_elo_random_start_continuation_g127_g140_2026-08-26,accepted/standard-fixed-12x10.jsonl#3a4864c45c60c8b98d37fb47,standard-fixed-12x10,standard,fixed,12x10,tf:125,tf:128,true,p2,accepted,,344216669,344217701650007,0
tf_policy_elo_random_start_continuation_g127_g140_2026-08-26,accepted/standard-fixed-12x10.jsonl#d40a6639ac07cc53086a885c,standard-fixed-12x10,standard,fixed,12x10,tf:125,tf:131,true,p2,accepted,,1654399272,1654404235197816,0
tf_policy_elo_random_start_continuation_g127_g140_2026-08-26,accepted/standard-fixed-12x10.jsonl#78155a418dc30dfd5dad522f,standard-fixed-12x10,standard,fixed,12x10,tf:126,tf:127,true,p2,accepted,,331589216,331590210767648,0
tf_policy_elo_random_start_continuation_g127_g140_2026-08-26,accepted/standard-fixed-12x10.jsonl#80faca9f68abf3a474192f6e,standard-fixed-12x10,standard,fixed,12x10,tf:126,tf:129,true,p1,accepted,,1092133700,1092136976401100,0
tf_policy_elo_random_start_continuation_g127_g140_2026-08-26,accepted/standard-fixed-12x10.jsonl#9ee2293fdcf4a8c8591f0130,standard-fixed-12x10,standard,fixed,12x10,tf:126,tf:132,true,p1,accepted,,2009792940,2009798969378820,0
tf_policy_elo_random_start_continuation_g127_g140_2026-08-26,accepted/standard-fixed-12x10.jsonl#4710033ad4c2f369e6b5e2f4,standard-fixed-12x10,standard,fixed,12x10,tf:127,tf:121,false,p1,accepted,,819257421,819259878772264,1
tf_policy_elo_random_start_continuation_g127_g140_2026-08-26,accepted/standard-fixed-12x10.jsonl#f69bea70a03784e3eb5186b9,standard-fixed-12x10,standard,fixed,12x10,tf:127,tf:124,false,p1,accepted,,1484535292,1484539745605877,1
tf_policy_elo_random_start_continuation_g127_g140_2026-08-26,accepted/standard-fixed-12x10.jsonl#2f2e9e035182e8dfdbfca29e,standard-fixed-12x10,standard,fixed,12x10,tf:127,tf:126,false,p1,accepted,,331589216,331590210767649,1
tf_policy_elo_random_start_continuation_g127_g140_2026-08-26,accepted/standard-fixed-12x10.jsonl#c67aa7b0afe4259b04e0e214,standard-fixed-12x10,standard,fixed,12x10,tf:127,tf:128,true,p1,accepted,,1591432365,1591437139297095,0
tf_policy_elo_random_start_continuation_g127_g140_2026-08-26,accepted/standard-fixed-12x10.jsonl#a8c8a5509e63bbe6e4c4c1c6,standard-fixed-12x10,standard,fixed,12x10,tf:127,tf:130,true,p1,accepted,,53117559,53117718352677,0
tf_policy_elo_random_start_continuation_g127_g140_2026-08-26,accepted/standard-fixed-12x10.jsonl#86061b528a987c0869728bed,standard-fixed-12x10,standard,fixed,12x10,tf:127,tf:133,true,p1,accepted,,1550882451,1550887103647353,0
tf_policy_elo_random_start_continuation_g127_g140_2026-08-26,accepted/standard-fixed-12x10.jsonl#a2a74041656a0a8e95be6e1e,standard-fixed-12x10,standard,fixed,12x10,tf:128,tf:122,false,p1,accepted,,1942471183,1942477010413550,1
tf_policy_elo_random_start_continuation_g127_g140_2026-08-26,accepted/standard-fixed-12x10.jsonl#f555fb63bcaad5119efa6b5d,standard-fixed-12x10,standard,fixed,12x10,tf:128,tf:125,false,p2,accepted,,344216669,344217701650008,1
tf_policy_elo_random_start_continuation_g127_g140_2026-08-26,accepted/standard-fixed-12x10.jsonl#17fe9d585fc5831cba378043,standard-fixed-12x10,standard,fixed,12x10,tf:128,tf:127,false,draw,accepted,,1591432365,1591437139297096,1
tf_policy_elo_random_start_continuation_g127_g140_2026-08-26,accepted/standard-fixed-12x10.jsonl#de1d44e9e8b83996ff6b4abe,standard-fixed-12x10,standard,fixed,12x10,tf:128,tf:129,true,p1,accepted,,1736635316,1736640525905948,0
tf_policy_elo_random_start_continuation_g127_g140_2026-08-26,accepted/standard-fixed-12x10.jsonl#01d8b39e9e693aa75a70d530,standard-fixed-12x10,standard,fixed,12x10,tf:128,tf:131,true,p1,accepted,,371516555,371517669549665,0
tf_policy_elo_random_start_continuation_g127_g140_2026-08-26,accepted/standard-fixed-12x10.jsonl#308d397e89cfa692ede88880,standard-fixed-12x10,standard,fixed,12x10,tf:128,tf:134,true,p1,accepted,,1447771936,1447776279315808,0
tf_policy_elo_random_start_continuation_g127_g140_2026-08-26,accepted/standard-fixed-12x10.jsonl#9985fc4fa052d9db1a9cfa93,standard-fixed-12x10,standard,fixed,12x10,tf:129,tf:123,false,p1,accepted,,1717167418,1717172569502255,1
tf_policy_elo_random_start_continuation_g127_g140_2026-08-26,accepted/standard-fixed-12x10.jsonl#7a3efb16b0fd1f955c281fea,standard-fixed-12x10,standard,fixed,12x10,tf:129,tf:126,false,p1,accepted,,1092133700,1092136976401101,1
tf_policy_elo_random_start_continuation_g127_g140_2026-08-26,accepted/standard-fixed-12x10.jsonl#4a19a9d4a042341ec72bbcfb,standard-fixed-12x10,standard,fixed,12x10,tf:129,tf:128,false,p1,accepted,,1736635316,1736640525905949,1
tf_policy_elo_random_start_continuation_g127_g140_2026-08-26,accepted/standard-fixed-12x10.jsonl#9f7e4b305c7d80ab7fc39b84,standard-fixed-12x10,standard,fixed,12x10,tf:129,tf:130,true,p1,accepted,,572286561,572288277859683,0
tf_policy_elo_random_start_continuation_g127_g140_2026-08-26,accepted/standard-fixed-12x10.jsonl#95516cb5117ba1a5387418e5,standard-fixed-12x10,standard,fixed,12x10,tf:129,tf:132,true,p1,accepted,,829254748,829257235764244,0
tf_policy_elo_random_start_continuation_g127_g140_2026-08-26,accepted/standard-fixed-12x10.jsonl#20493753456492efd5d46924,standard-fixed-12x10,standard,fixed,12x10,tf:129,tf:135,true,p1,accepted,,1845430445,1845435981291335,0
tf_policy_elo_random_start_continuation_g127_g140_2026-08-26,accepted/standard-fixed-12x10.jsonl#b1519a229deac80c833cbf60,standard-fixed-12x10,standard,fixed,12x10,tf:130,tf:124,false,p1,accepted,,732847983,732850181543950,1
tf_policy_elo_random_start_continuation_g127_g140_2026-08-26,accepted/standard-fixed-12x10.jsonl#2eef976b099ccd277be8a88d,standard-fixed-12x10,standard,fixed,12x10,tf:130,tf:127,false,p2,accepted,,53117559,53117718352678,1
tf_policy_elo_random_start_continuation_g127_g140_2026-08-26,accepted/standard-fixed-12x10.jsonl#71635ba9a12cd344bf85d91a,standard-fixed-12x10,standard,fixed,12x10,tf:130,tf:129,false,p1,accepted,,572286561,572288277859684,1
tf_policy_elo_random_start_continuation_g127_g140_2026-08-26,accepted/standard-fixed-12x10.jsonl#c439517847fd34009ad4d562,standard-fixed-12x10,standard,fixed,12x10,tf:130,tf:131,true,p1,accepted,,1893195447,1893201126586341,0
tf_policy_elo_random_start_continuation_g127_g140_2026-08-26,accepted/standard-fixed-12x10.jsonl#a064a4387cf1696d3e40c852,standard-fixed-12x10,standard,fixed,12x10,tf:130,tf:133,true,p2,accepted,,1047969608,1047972751908824,0
tf_policy_elo_random_start_continuation_g127_g140_2026-08-26,accepted/standard-fixed-12x10.jsonl#9d3986b8c25146f702c86302,standard-fixed-12x10,standard,fixed,12x10,tf:130,tf:136,true,p2,accepted,,155776961,155777428330883,0
tf_policy_elo_random_start_continuation_g127_g140_2026-08-26,accepted/standard-fixed-12x10.jsonl#8522aa36e5d300bd5de8ba06,standard-fixed-12x10,standard,fixed,12x10,tf:131,tf:125,false,p1,accepted,,1654399272,1654404235197817,1
tf_policy_elo_random_start_continuation_g127_g140_2026-08-26,accepted/standard-fixed-12x10.jsonl#a28d99245eb00b4d1d3880f5,standard-fixed-12x10,standard,fixed,12x10,tf:131,tf:128,false,draw,accepted,,371516555,371517669549666,1
tf_policy_elo_random_start_continuation_g127_g140_2026-08-26,accepted/standard-fixed-12x10.jsonl#57a947f222f215854cf135df,standard-fixed-12x10,standard,fixed,12x10,tf:131,tf:130,false,p1,accepted,,1893195447,1893201126586342,1
tf_policy_elo_random_start_continuation_g127_g140_2026-08-26,accepted/standard-fixed-12x10.jsonl#a021f0fb231d3170668ce0c3,standard-fixed-12x10,standard,fixed,12x10,tf:131,tf:132,true,draw,accepted,,2005926776,2005932793780328,0
tf_policy_elo_random_start_continuation_g127_g140_2026-08-26,accepted/standard-fixed-12x10.jsonl#a4f619bc91e0f10cfcf100b4,standard-fixed-12x10,standard,fixed,12x10,tf:131,tf:134,true,p1,accepted,,2080833276,2080839518499828,0
tf_policy_elo_random_start_continuation_g127_g140_2026-08-26,accepted/standard-fixed-12x10.jsonl#e5455227786344a417c519f0,standard-fixed-12x10,standard,fixed,12x10,tf:131,tf:137,true,p2,accepted,,264451028,264451821353084,0
tf_policy_elo_random_start_continuation_g127_g140_2026-08-26,accepted/standard-fixed-12x10.jsonl#1bf841746389ad10ce4bfd50,standard-fixed-12x10,standard,fixed,12x10,tf:132,tf:126,false,p1,accepted,,2009792940,2009798969378821,1
tf_policy_elo_random_start_continuation_g127_g140_2026-08-26,accepted/standard-fixed-12x10.jsonl#0e74cb1a5bbf21bea93c75c2,standard-fixed-12x10,standard,fixed,12x10,tf:132,tf:129,false,p1,accepted,,829254748,829257235764245,1
tf_policy_elo_random_start_continuation_g127_g140_2026-08-26,accepted/standard-fixed-12x10.jsonl#bca7865463190f83fab2904d,standard-fixed-12x10,standard,fixed,12x10,tf:132,tf:131,false,draw,accepted,,2005926776,2005932793780329,1
tf_policy_elo_random_start_continuation_g127_g140_2026-08-26,accepted/standard-fixed-12x10.jsonl#74f3dd1e9ed15960154b0343,standard-fixed-12x10,standard,fixed,12x10,tf:132,tf:133,true,p1,accepted,,1469334124,1469338532002372,0
tf_policy_elo_random_start_continuation_g127_g140_2026-08-26,accepted/standard-fixed-12x10.jsonl#19c64b96f595add9875d05ce,standard-fixed-12x10,standard,fixed,12x10,tf:132,tf:135,true,draw,accepted,,103722163,103722474166489,0
tf_policy_elo_random_start_continuation_g127_g140_2026-08-26,accepted/standard-fixed-12x10.jsonl#b287dac2a7f46ecec827d650,standard-fixed-12x10,standard,fixed,12x10,tf:132,tf:138,true,p1,accepted,,733300431,733302630901293,0
tf_policy_elo_random_start_continuation_g127_g140_2026-08-26,accepted/standard-fixed-12x10.jsonl#6d5b4c31de8b58b4555a38c6,standard-fixed-12x10,standard,fixed,12x10,tf:133,tf:127,false,p1,accepted,,1550882451,1550887103647354,1
tf_policy_elo_random_start_continuation_g127_g140_2026-08-26,accepted/standard-fixed-12x10.jsonl#7d1df293c91ff16239851f40,standard-fixed-12x10,standard,fixed,12x10,tf:133,tf:130,false,p1,accepted,,1047969608,1047972751908825,1
tf_policy_elo_random_start_continuation_g127_g140_2026-08-26,accepted/standard-fixed-12x10.jsonl#20d4be8432a2cdc9f7b71373,standard-fixed-12x10,standard,fixed,12x10,tf:133,tf:132,false,draw,accepted,,1469334124,1469338532002373,1
tf_policy_elo_random_start_continuation_g127_g140_2026-08-26,accepted/standard-fixed-12x10.jsonl#13bebe50f043a8ef71f98986,standard-fixed-12x10,standard,fixed,12x10,tf:133,tf:134,true,p1,accepted,,628438209,628440094314627,0
tf_policy_elo_random_start_continuation_g127_g140_2026-08-26,accepted/standard-fixed-12x10.jsonl#354a1d0e7477200bfc823d3d,standard-fixed-12x10,standard,fixed,12x10,tf:133,tf:136,true,p2,accepted,,1528748620,1528753206245860,0
tf_policy_elo_random_start_continuation_g127_g140_2026-08-26,accepted/standard-fixed-12x10.jsonl#e27bedb0bfbc44d461717aeb,standard-fixed-12x10,standard,fixed,12x10,tf:133,tf:139,true,p1,accepted,,1810990507,1810995939971521,0
tf_policy_elo_random_start_continuation_g127_g140_2026-08-26,accepted/standard-fixed-12x10.jsonl#aefcc99d7be79840811cf106,standard-fixed-12x10,standard,fixed,12x10,tf:134,tf:128,false,p1,accepted,,1447771936,1447776279315809,1
tf_policy_elo_random_start_continuation_g127_g140_2026-08-26,accepted/standard-fixed-12x10.jsonl#5e2ba64e913fa8b1b36ee9e6,standard-fixed-12x10,standard,fixed,12x10,tf:134,tf:131,false,p1,accepted,,2080833276,2080839518499829,1
tf_policy_elo_random_start_continuation_g127_g140_2026-08-26,accepted/standard-fixed-12x10.jsonl#4b440e896501c9464f03536d,standard-fixed-12x10,standard,fixed,12x10,tf:134,tf:133,false,p1,accepted,,628438209,628440094314628,1
tf_policy_elo_random_start_continuation_g127_g140_2026-08-26,accepted/standard-fixed-12x10.jsonl#b40d75003579652e7635db86,standard-fixed-12x10,standard,fixed,12x10,tf:134,tf:135,true,p1,accepted,,831375866,831378360127598,0
tf_policy_elo_random_start_continuation_g127_g140_2026-08-26,accepted/standard-fixed-12x10.jsonl#f84333ba2c296e3c0382d2a4,standard-fixed-12x10,standard,fixed,12x10,tf:134,tf:137,true,p2,accepted,,964602081,964604974806243,0
tf_policy_elo_random_start_continuation_g127_g140_2026-08-26,accepted/standard-fixed-12x10.jsonl#dec5bbbc87e65a6f213b18a4,standard-fixed-12x10,standard,fixed,12x10,tf:134,tf:140,true,p1,accepted,,513078028,513079567234084,0
tf_policy_elo_random_start_continuation_g127_g140_2026-08-26,accepted/standard-fixed-12x10.jsonl#851c6b289cc0fd1bbe58d9a5,standard-fixed-12x10,standard,fixed,12x10,tf:135,tf:129,false,p2,accepted,,1845430445,1845435981291336,1
tf_policy_elo_random_start_continuation_g127_g140_2026-08-26,accepted/standard-fixed-12x10.jsonl#f3f7eaa0c83a7d00d1079ab5,standard-fixed-12x10,standard,fixed,12x10,tf:135,tf:132,false,p1,accepted,,103722163,103722474166490,1
tf_policy_elo_random_start_continuation_g127_g140_2026-08-26,accepted/standard-fixed-12x10.jsonl#e9581f8df36419f5e38e8f0e,standard-fixed-12x10,standard,fixed,12x10,tf:135,tf:134,false,draw,accepted,,831375866,831378360127599,1
tf_policy_elo_random_start_continuation_g127_g140_2026-08-26,accepted/standard-fixed-12x10.jsonl#78bed8f73ef5a87cac1be3b5,standard-fixed-12x10,standard,fixed,12x10,tf:135,tf:136,true,p2,accepted,,2027317453,2027323534952359,0
tf_policy_elo_random_start_continuation_g127_g140_2026-08-26,accepted/standard-fixed-12x10.jsonl#494465b8a4467b276d749282,standard-fixed-12x10,standard,fixed,12x10,tf:135,tf:138,true,p1,accepted,,1225768176,1225771853304528,0
tf_policy_elo_random_start_continuation_g127_g140_2026-08-26,accepted/standard-fixed-12x10.jsonl#4776f6a619f2f33082d1adf4,standard-fixed-12x10,standard,fixed,12x10,tf:136,tf:130,false,draw,accepted,,155776961,155777428330884,1
tf_policy_elo_random_start_continuation_g127_g140_2026-08-26,accepted/standard-fixed-12x10.jsonl#e16ab3503654dfe11ceb57d9,standard-fixed-12x10,standard,fixed,12x10,tf:136,tf:133,false,p2,accepted,,1528748620,1528753206245861,1
tf_policy_elo_random_start_continuation_g127_g140_2026-08-26,accepted/standard-fixed-12x10.jsonl#537dcc5ae1a1a1f3a2b381d5,standard-fixed-12x10,standard,fixed,12x10,tf:136,tf:135,false,p2,accepted,,2027317453,2027323534952360,1
tf_policy_elo_random_start_continuation_g127_g140_2026-08-26,accepted/standard-fixed-12x10.jsonl#d64ba346bded54165e72b351,standard-fixed-12x10,standard,fixed,12x10,tf:136,tf:137,true,p1,accepted,,511567057,511568591701171,0
tf_policy_elo_random_start_continuation_g127_g140_2026-08-26,accepted/standard-fixed-12x10.jsonl#0a405cb2a275ff2903096129,standard-fixed-12x10,standard,fixed,12x10,tf:136,tf:139,true,p2,accepted,,1000482547,1000485548447641,0
tf_policy_elo_random_start_continuation_g127_g140_2026-08-26,accepted/standard-fixed-12x10.jsonl#ea55249a674c6c3c55da5a41,standard-fixed-12x10,standard,fixed,12x10,tf:137,tf:131,false,p2,accepted,,264451028,264451821353085,1
tf_policy_elo_random_start_continuation_g127_g140_2026-08-26,accepted/standard-fixed-12x10.jsonl#7502d0f48bd1774294fede5a,standard-fixed-12x10,standard,fixed,12x10,tf:137,tf:134,false,p2,accepted,,964602081,964604974806244,1
tf_policy_elo_random_start_continuation_g127_g140_2026-08-26,accepted/standard-fixed-12x10.jsonl#8d3a64687bcf6f2f259ae3e2,standard-fixed-12x10,standard,fixed,12x10,tf:137,tf:136,false,p1,accepted,,511567057,511568591701172,1
tf_policy_elo_random_start_continuation_g127_g140_2026-08-26,accepted/standard-fixed-12x10.jsonl#71b0b4fa09194132d0b8a688,standard-fixed-12x10,standard,fixed,12x10,tf:137,tf:138,true,p1,accepted,,426126724,426128002380172,0
tf_policy_elo_random_start_continuation_g127_g140_2026-08-26,accepted/standard-fixed-12x10.jsonl#d8b296036a4529883ac2b4cc,standard-fixed-12x10,standard,fixed,12x10,tf:137,tf:140,true,p1,accepted,,1226244778,1226248456734334,0
tf_policy_elo_random_start_continuation_g127_g140_2026-08-26,accepted/standard-fixed-12x10.jsonl#a5330e95b919861479db685b,standard-fixed-12x10,standard,fixed,12x10,tf:138,tf:132,false,p2,accepted,,733300431,733302630901294,1
tf_policy_elo_random_start_continuation_g127_g140_2026-08-26,accepted/standard-fixed-12x10.jsonl#be8e4b4c6f0e1ae4e0b71853,standard-fixed-12x10,standard,fixed,12x10,tf:138,tf:135,false,p1,accepted,,1225768176,1225771853304529,1
tf_policy_elo_random_start_continuation_g127_g140_2026-08-26,accepted/standard-fixed-12x10.jsonl#1b4ad08fe5f2787915796061,standard-fixed-12x10,standard,fixed,12x10,tf:138,tf:137,false,p2,accepted,,426126724,426128002380173,1
tf_policy_elo_random_start_continuation_g127_g140_2026-08-26,accepted/standard-fixed-12x10.jsonl#2cc6b255648caed9eec15b75,standard-fixed-12x10,standard,fixed,12x10,tf:138,tf:139,true,p1,accepted,,1040664569,1040667690993707,0
tf_policy_elo_random_start_continuation_g127_g140_2026-08-26,accepted/standard-fixed-12x10.jsonl#aefaf917a9991e611e84b4bb,standard-fixed-12x10,standard,fixed,12x10,tf:139,tf:133,false,p1,accepted,,1810990507,1810995939971522,1
tf_policy_elo_random_start_continuation_g127_g140_2026-08-26,accepted/standard-fixed-12x10.jsonl#d8d71ebd697af7e5bcd6744f,standard-fixed-12x10,standard,fixed,12x10,tf:139,tf:136,false,draw,accepted,,1000482547,1000485548447642,1
tf_policy_elo_random_start_continuation_g127_g140_2026-08-26,accepted/standard-fixed-12x10.jsonl#0f52fe09fa1fea189f2f984d,standard-fixed-12x10,standard,fixed,12x10,tf:139,tf:138,false,p1,accepted,,1040664569,1040667690993708,1
tf_policy_elo_random_start_continuation_g127_g140_2026-08-26,accepted/standard-fixed-12x10.jsonl#5cf98faa5817a8741167b983,standard-fixed-12x10,standard,fixed,12x10,tf:139,tf:140,true,p1,accepted,,1451748971,1451753326246913,0
tf_policy_elo_random_start_continuation_g127_g140_2026-08-26,accepted/standard-fixed-12x10.jsonl#043bc8445b76173f17a50045,standard-fixed-12x10,standard,fixed,12x10,tf:140,tf:134,false,draw,accepted,,513078028,513079567234085,1
tf_policy_elo_random_start_continuation_g127_g140_2026-08-26,accepted/standard-fixed-12x10.jsonl#af33252e00d9d6cbc71d815c,standard-fixed-12x10,standard,fixed,12x10,tf:140,tf:137,false,p1,accepted,,1226244778,1226248456734335,1
tf_policy_elo_random_start_continuation_g127_g140_2026-08-26,accepted/standard-fixed-12x10.jsonl#e9c96b572435e74121545792,standard-fixed-12x10,standard,fixed,12x10,tf:140,tf:139,false,p2,accepted,,1451748971,1451753326246914,1
tf_policy_elo_random_start_continuation_g127_g140_2026-08-26,accepted/standard-fixed-8x8.jsonl#ba5b4e7168c13d53f90b746b,standard-fixed-8x8,standard,fixed,8x8,tf:121,tf:127,true,p1,accepted,,1413283778,1413288017851334,0
tf_policy_elo_random_start_continuation_g127_g140_2026-08-26,accepted/standard-fixed-8x8.jsonl#cfa9125f1b947283922ae4d4,standard-fixed-8x8,standard,fixed,8x8,tf:122,tf:128,true,draw,accepted,,422589963,422591230769889,0
tf_policy_elo_random_start_continuation_g127_g140_2026-08-26,accepted/standard-fixed-8x8.jsonl#8829a58c3c1f6bd6f2f78aa7,standard-fixed-8x8,standard,fixed,8x8,tf:123,tf:129,true,p2,accepted,,1314793719,1314797663381157,0
tf_policy_elo_random_start_continuation_g127_g140_2026-08-26,accepted/standard-fixed-8x8.jsonl#7176fa35a7a0f4c5ef174cda,standard-fixed-8x8,standard,fixed,8x8,tf:124,tf:127,true,p2,accepted,,7675253,7675276025759,0
tf_policy_elo_random_start_continuation_g127_g140_2026-08-26,accepted/standard-fixed-8x8.jsonl#cea980028d12210535d5aa2c,standard-fixed-8x8,standard,fixed,8x8,tf:124,tf:130,true,p2,accepted,,1770523571,1770528882570713,0
tf_policy_elo_random_start_continuation_g127_g140_2026-08-26,accepted/standard-fixed-8x8.jsonl#7646f59cc8d5db9b06df1abf,standard-fixed-8x8,standard,fixed,8x8,tf:125,tf:128,true,draw,accepted,,602727890,602729698183670,0
tf_policy_elo_random_start_continuation_g127_g140_2026-08-26,accepted/standard-fixed-8x8.jsonl#d7204de74e86166137573863,standard-fixed-8x8,standard,fixed,8x8,tf:125,tf:131,true,draw,accepted,,1590937879,1590942651813637,0
tf_policy_elo_random_start_continuation_g127_g140_2026-08-26,accepted/standard-fixed-8x8.jsonl#2886b177ddc7c06dbc76934a,standard-fixed-8x8,standard,fixed,8x8,tf:126,tf:127,true,draw,accepted,,178059490,178060024178470,0
tf_policy_elo_random_start_continuation_g127_g140_2026-08-26,accepted/standard-fixed-8x8.jsonl#f18ad85d21653856c83e4d2a,standard-fixed-8x8,standard,fixed,8x8,tf:126,tf:129,true,p2,accepted,,629964911,629966800894733,0
tf_policy_elo_random_start_continuation_g127_g140_2026-08-26,accepted/standard-fixed-8x8.jsonl#763c14ba30e54cc1eef3f366,standard-fixed-8x8,standard,fixed,8x8,tf:126,tf:132,true,p2,accepted,,1847261365,1847266906784095,0
tf_policy_elo_random_start_continuation_g127_g140_2026-08-26,accepted/standard-fixed-8x8.jsonl#6a03942f6cec1a8b18f95d43,standard-fixed-8x8,standard,fixed,8x8,tf:127,tf:121,false,p1,accepted,,1413283778,1413288017851335,1
tf_policy_elo_random_start_continuation_g127_g140_2026-08-26,accepted/standard-fixed-8x8.jsonl#fbbee071690f0e2b05a134be,standard-fixed-8x8,standard,fixed,8x8,tf:127,tf:124,false,p2,accepted,,7675253,7675276025760,1
tf_policy_elo_random_start_continuation_g127_g140_2026-08-26,accepted/standard-fixed-8x8.jsonl#cfb282c74ff2f92b10f3c6d5,standard-fixed-8x8,standard,fixed,8x8,tf:127,tf:126,false,p2,accepted,,178059490,178060024178471,1
tf_policy_elo_random_start_continuation_g127_g140_2026-08-26,accepted/standard-fixed-8x8.jsonl#6709a0d492778f586ceedb76,standard-fixed-8x8,standard,fixed,8x8,tf:127,tf:128,true,draw,accepted,,600802490,600804292407470,0
tf_policy_elo_random_start_continuation_g127_g140_2026-08-26,accepted/standard-fixed-8x8.jsonl#ee205ee41bb205b690b3bb07,standard-fixed-8x8,standard,fixed,8x8,tf:127,tf:130,true,p2,accepted,,879003040,879005677009120,0
tf_policy_elo_random_start_continuation_g127_g140_2026-08-26,accepted/standard-fixed-8x8.jsonl#d6ddb3217db06c75b823ca62,standard-fixed-8x8,standard,fixed,8x8,tf:127,tf:133,true,draw,accepted,,525224111,525225686672333,0
tf_policy_elo_random_start_continuation_g127_g140_2026-08-26,accepted/standard-fixed-8x8.jsonl#c5609fdce5778d46b81984d4,standard-fixed-8x8,standard,fixed,8x8,tf:128,tf:122,false,p2,accepted,,422589963,422591230769890,1
tf_policy_elo_random_start_continuation_g127_g140_2026-08-26,accepted/standard-fixed-8x8.jsonl#e5ac99a3751e517408f95dcd,standard-fixed-8x8,standard,fixed,8x8,tf:128,tf:125,false,p2,accepted,,602727890,602729698183671,1
tf_policy_elo_random_start_continuation_g127_g140_2026-08-26,accepted/standard-fixed-8x8.jsonl#5852c65f1253ee807ef9acc9,standard-fixed-8x8,standard,fixed,8x8,tf:128,tf:127,false,p2,accepted,,600802490,600804292407471,1
tf_policy_elo_random_start_continuation_g127_g140_2026-08-26,accepted/standard-fixed-8x8.jsonl#7921a74ec46f63d98ca881ec,standard-fixed-8x8,standard,fixed,8x8,tf:128,tf:129,true,draw,accepted,,1436667611,1436671921002833,0
tf_policy_elo_random_start_continuation_g127_g140_2026-08-26,accepted/standard-fixed-8x8.jsonl#4e7c21476d894ed6a395cf51,standard-fixed-8x8,standard,fixed,8x8,tf:128,tf:131,true,draw,accepted,,978669878,978672814009634,0
tf_policy_elo_random_start_continuation_g127_g140_2026-08-26,accepted/standard-fixed-8x8.jsonl#58f05d202e6bf109b5755fc3,standard-fixed-8x8,standard,fixed,8x8,tf:128,tf:134,true,p2,accepted,,1934544972,1934550775634916,0
tf_policy_elo_random_start_continuation_g127_g140_2026-08-26,accepted/standard-fixed-8x8.jsonl#af87c6522e83cc8dbbb378c2,standard-fixed-8x8,standard,fixed,8x8,tf:129,tf:123,false,draw,accepted,,1314793719,1314797663381158,1
tf_policy_elo_random_start_continuation_g127_g140_2026-08-26,accepted/standard-fixed-8x8.jsonl#5271e7beebba1a84f431d782,standard-fixed-8x8,standard,fixed,8x8,tf:129,tf:126,false,p2,accepted,,629964911,629966800894734,1
tf_policy_elo_random_start_continuation_g127_g140_2026-08-26,accepted/standard-fixed-8x8.jsonl#b61ba22875988ddfe197073c,standard-fixed-8x8,standard,fixed,8x8,tf:129,tf:128,false,p1,accepted,,1436667611,1436671921002834,1
tf_policy_elo_random_start_continuation_g127_g140_2026-08-26,accepted/standard-fixed-8x8.jsonl#ca6733d0c959ee66e828bc20,standard-fixed-8x8,standard,fixed,8x8,tf:129,tf:130,true,p2,accepted,,661912920,661914905738760,0
tf_policy_elo_random_start_continuation_g127_g140_2026-08-26,accepted/standard-fixed-8x8.jsonl#2d17b2ed50504e03529734ef,standard-fixed-8x8,standard,fixed,8x8,tf:129,tf:132,true,draw,accepted,,2014688547,2014694591065641,0
tf_policy_elo_random_start_continuation_g127_g140_2026-08-26,accepted/standard-fixed-8x8.jsonl#b6bc6e187a7af6ac3098663e,standard-fixed-8x8,standard,fixed,8x8,tf:129,tf:135,true,p2,accepted,,978077311,978080245231933,0
tf_policy_elo_random_start_continuation_g127_g140_2026-08-26,accepted/standard-fixed-8x8.jsonl#5b138ff8649493097cc8ae55,standard-fixed-8x8,standard,fixed,8x8,tf:130,tf:124,false,draw,accepted,,1770523571,1770528882570714,1
tf_policy_elo_random_start_continuation_g127_g140_2026-08-26,accepted/standard-fixed-8x8.jsonl#285e013b4bbd1195ecf43945,standard-fixed-8x8,standard,fixed,8x8,tf:130,tf:127,false,p1,accepted,,879003040,879005677009121,1
tf_policy_elo_random_start_continuation_g127_g140_2026-08-26,accepted/standard-fixed-8x8.jsonl#71e64a7a77fdbc18fb2cddbf,standard-fixed-8x8,standard,fixed,8x8,tf:130,tf:129,false,p1,accepted,,661912920,661914905738761,1
tf_policy_elo_random_start_continuation_g127_g140_2026-08-26,accepted/standard-fixed-8x8.jsonl#816c16b67e606868792d11fb,standard-fixed-8x8,standard,fixed,8x8,tf:130,tf:131,true,p1,accepted,,1804057311,1804062723171933,0
tf_policy_elo_random_start_continuation_g127_g140_2026-08-26,accepted/standard-fixed-8x8.jsonl#b17a73af06080c6138376f97,standard-fixed-8x8,standard,fixed,8x8,tf:130,tf:133,true,p1,accepted,,1673397832,1673402852193496,0
tf_policy_elo_random_start_continuation_g127_g140_2026-08-26,accepted/standard-fixed-8x8.jsonl#f1e3729c3a9e9485a00650d3,standard-fixed-8x8,standard,fixed,8x8,tf:130,tf:136,true,p2,accepted,,883134772,883137421404316,0
tf_policy_elo_random_start_continuation_g127_g140_2026-08-26,accepted/standard-fixed-8x8.jsonl#7c2fd26bfd28bd3480bcbce7,standard-fixed-8x8,standard,fixed,8x8,tf:131,tf:125,false,p1,accepted,,1590937879,1590942651813638,1
tf_policy_elo_random_start_continuation_g127_g140_2026-08-26,accepted/standard-fixed-8x8.jsonl#08fc2df9a881e0fada559b24,standard-fixed-8x8,standard,fixed,8x8,tf:131,tf:128,false,p1,accepted,,978669878,978672814009635,1
tf_policy_elo_random_start_continuation_g127_g140_2026-08-26,accepted/standard-fixed-8x8.jsonl#a85796f7a41644e8550b9fb9,standard-fixed-8x8,standard,fixed,8x8,tf:131,tf:130,false,p1,accepted,,1804057311,1804062723171934,1
tf_policy_elo_random_start_continuation_g127_g140_2026-08-26,accepted/standard-fixed-8x8.jsonl#e2aa4177adfcd5f31da10325,standard-fixed-8x8,standard,fixed,8x8,tf:131,tf:132,true,p2,accepted,,2027113820,2027119901341460,0
tf_policy_elo_random_start_continuation_g127_g140_2026-08-26,accepted/standard-fixed-8x8.jsonl#54c131f64a09e84a10efd399,standard-fixed-8x8,standard,fixed,8x8,tf:131,tf:134,true,p2,accepted,,751972925,751975180918775,0
tf_policy_elo_random_start_continuation_g127_g140_2026-08-26,accepted/standard-fixed-8x8.jsonl#d64b7dc1be5ffdc837a70e10,standard-fixed-8x8,standard,fixed,8x8,tf:131,tf:137,true,draw,accepted,,961259427,961262310778281,0
tf_policy_elo_random_start_continuation_g127_g140_2026-08-26,accepted/standard-fixed-8x8.jsonl#3f307149fbd4a99cb606b9f0,standard-fixed-8x8,standard,fixed,8x8,tf:132,tf:126,false,p1,accepted,,1847261365,1847266906784096,1
tf_policy_elo_random_start_continuation_g127_g140_2026-08-26,accepted/standard-fixed-8x8.jsonl#ce0d8c5e2793d0068c826005,standard-fixed-8x8,standard,fixed,8x8,tf:132,tf:129,false,p1,accepted,,2014688547,2014694591065642,1
tf_policy_elo_random_start_continuation_g127_g140_2026-08-26,accepted/standard-fixed-8x8.jsonl#bfe43336bdcd2cb03ebef64d,standard-fixed-8x8,standard,fixed,8x8,tf:132,tf:131,false,p1,accepted,,2027113820,2027119901341461,1
tf_policy_elo_random_start_continuation_g127_g140_2026-08-26,accepted/standard-fixed-8x8.jsonl#7b9a0d1f6e44a45d4db2394e,standard-fixed-8x8,standard,fixed,8x8,tf:132,tf:133,true,draw,accepted,,750210961,750213211632883,0
tf_policy_elo_random_start_continuation_g127_g140_2026-08-26,accepted/standard-fixed-8x8.jsonl#570f42de99e0a740ecdb2285,standard-fixed-8x8,standard,fixed,8x8,tf:132,tf:135,true,p2,accepted,,1563690427,1563695118071281,0
tf_policy_elo_random_start_continuation_g127_g140_2026-08-26,accepted/standard-fixed-8x8.jsonl#18a19c6954e1cd6fd986b4b9,standard-fixed-8x8,standard,fixed,8x8,tf:132,tf:138,true,p2,accepted,,1911647217,1911652951941651,0
tf_policy_elo_random_start_continuation_g127_g140_2026-08-26,accepted/standard-fixed-8x8.jsonl#522d1ab6ce20811423b634dd,standard-fixed-8x8,standard,fixed,8x8,tf:133,tf:127,false,draw,accepted,,525224111,525225686672334,1
tf_policy_elo_random_start_continuation_g127_g140_2026-08-26,accepted/standard-fixed-8x8.jsonl#1d15bfafbf095aab2046607c,standard-fixed-8x8,standard,fixed,8x8,tf:133,tf:130,false,p1,accepted,,1673397832,1673402852193497,1
tf_policy_elo_random_start_continuation_g127_g140_2026-08-26,accepted/standard-fixed-8x8.jsonl#0343df6debe529dbf5d25ce2,standard-fixed-8x8,standard,fixed,8x8,tf:133,tf:132,false,p1,accepted,,750210961,750213211632884,1
tf_policy_elo_random_start_continuation_g127_g140_2026-08-26,accepted/standard-fixed-8x8.jsonl#4b03d47563301ed3b938555e,standard-fixed-8x8,standard,fixed,8x8,tf:133,tf:134,true,draw,accepted,,1385381168,1385385324143504,0
tf_policy_elo_random_start_continuation_g127_g140_2026-08-26,accepted/standard-fixed-8x8.jsonl#f79b5dd07c113315a6a2b582,standard-fixed-8x8,standard,fixed,8x8,tf:133,tf:136,true,p2,accepted,,1784339632,1784344985018896,0
tf_policy_elo_random_start_continuation_g127_g140_2026-08-26,accepted/standard-fixed-8x8.jsonl#73c2db6496e7cb84c22089d0,standard-fixed-8x8,standard,fixed,8x8,tf:133,tf:139,true,p2,accepted,,776002190,776004518006570,0
tf_policy_elo_random_start_continuation_g127_g140_2026-08-26,accepted/standard-fixed-8x8.jsonl#82811f1128a3ab52d1adfa65,standard-fixed-8x8,standard,fixed,8x8,tf:134,tf:128,false,p2,accepted,,1934544972,1934550775634917,1
tf_policy_elo_random_start_continuation_g127_g140_2026-08-26,accepted/standard-fixed-8x8.jsonl#bfe13d780d4de1be911d6f06,standard-fixed-8x8,standard,fixed,8x8,tf:134,tf:131,false,p1,accepted,,751972925,751975180918776,1
tf_policy_elo_random_start_continuation_g127_g140_2026-08-26,accepted/standard-fixed-8x8.jsonl#0cdd5a11f74d1537858c1323,standard-fixed-8x8,standard,fixed,8x8,tf:134,tf:133,false,p2,accepted,,1385381168,1385385324143505,1
tf_policy_elo_random_start_continuation_g127_g140_2026-08-26,accepted/standard-fixed-8x8.jsonl#8dae10466eb9d539c581cdae,standard-fixed-8x8,standard,fixed,8x8,tf:134,tf:135,true,p2,accepted,,819415710,819418168247130,0
tf_policy_elo_random_start_continuation_g127_g140_2026-08-26,accepted/standard-fixed-8x8.jsonl#873be70b95acd9e80e316a55,standard-fixed-8x8,standard,fixed,8x8,tf:134,tf:137,true,p2,accepted,,318985682,318986638957046,0
tf_policy_elo_random_start_continuation_g127_g140_2026-08-26,accepted/standard-fixed-8x8.jsonl#f606ab59e342a7fced491891,standard-fixed-8x8,standard,fixed,8x8,tf:134,tf:140,true,p2,accepted,,78593206,78593441779618,0
tf_policy_elo_random_start_continuation_g127_g140_2026-08-26,accepted/standard-fixed-8x8.jsonl#e763feddd34b7df6967f6541,standard-fixed-8x8,standard,fixed,8x8,tf:135,tf:129,false,p2,accepted,,978077311,978080245231934,1
tf_policy_elo_random_start_continuation_g127_g140_2026-08-26,accepted/standard-fixed-8x8.jsonl#585729779dda1c79650fd514,standard-fixed-8x8,standard,fixed,8x8,tf:135,tf:132,false,p2,accepted,,1563690427,1563695118071282,1
tf_policy_elo_random_start_continuation_g127_g140_2026-08-26,accepted/standard-fixed-8x8.jsonl#83896fe94156879697566a37,standard-fixed-8x8,standard,fixed,8x8,tf:135,tf:134,false,draw,accepted,,819415710,819418168247131,1
tf_policy_elo_random_start_continuation_g127_g140_2026-08-26,accepted/standard-fixed-8x8.jsonl#c0d097d151710a72a2c5375f,standard-fixed-8x8,standard,fixed,8x8,tf:135,tf:136,true,p1,accepted,,1911980817,1911986552942451,0
tf_policy_elo_random_start_continuation_g127_g140_2026-08-26,accepted/standard-fixed-8x8.jsonl#bd979de3a29b0e6f645bf206,standard-fixed-8x8,standard,fixed,8x8,tf:135,tf:138,true,draw,accepted,,1073820357,1073823578461071,0
tf_policy_elo_random_start_continuation_g127_g140_2026-08-26,accepted/standard-fixed-8x8.jsonl#d501938f0ef36867a633acd0,standard-fixed-8x8,standard,fixed,8x8,tf:136,tf:130,false,p1,accepted,,883134772,883137421404317,1
tf_policy_elo_random_start_continuation_g127_g140_2026-08-26,accepted/standard-fixed-8x8.jsonl#189962e16be5cdc2b5a9119e,standard-fixed-8x8,standard,fixed,8x8,tf:136,tf:133,false,p2,accepted,,1784339632,1784344985018897,1
tf_policy_elo_random_start_continuation_g127_g140_2026-08-26,accepted/standard-fixed-8x8.jsonl#707dbbbfea89d38b0956db7b,standard-fixed-8x8,standard,fixed,8x8,tf:136,tf:135,false,p1,accepted,,1911980817,1911986552942452,1
tf_policy_elo_random_start_continuation_g127_g140_2026-08-26,accepted/standard-fixed-8x8.jsonl#a29100ee357a06ac215d3083,standard-fixed-8x8,standard,fixed,8x8,tf:136,tf:137,true,draw,accepted,,1663018216,1663023205054648,0
tf_policy_elo_random_start_continuation_g127_g140_2026-08-26,accepted/standard-fixed-8x8.jsonl#7987d9ad83f5f992383d3b7a,standard-fixed-8x8,standard,fixed,8x8,tf:136,tf:139,true,draw,accepted,,734424175,734426378272525,0
tf_policy_elo_random_start_continuation_g127_g140_2026-08-26,accepted/standard-fixed-8x8.jsonl#ed5fd1be862f46f9b87ba567,standard-fixed-8x8,standard,fixed,8x8,tf:137,tf:131,false,p1,accepted,,961259427,961262310778282,1
tf_policy_elo_random_start_continuation_g127_g140_2026-08-26,accepted/standard-fixed-8x8.jsonl#ad044101dacc3c6e29a308ff,standard-fixed-8x8,standard,fixed,8x8,tf:137,tf:134,false,p1,accepted,,318985682,318986638957047,1
tf_policy_elo_random_start_continuation_g127_g140_2026-08-26,accepted/standard-fixed-8x8.jsonl#6ee33b121e11e705fed13903,standard-fixed-8x8,standard,fixed,8x8,tf:137,tf:136,false,p1,accepted,,1663018216,1663023205054649,1
tf_policy_elo_random_start_continuation_g127_g140_2026-08-26,accepted/standard-fixed-8x8.jsonl#098d0058239f621212d43806,standard-fixed-8x8,standard,fixed,8x8,tf:137,tf:138,true,p1,accepted,,79564054,79564292692162,0
tf_policy_elo_random_start_continuation_g127_g140_2026-08-26,accepted/standard-fixed-8x8.jsonl#cf0afb34de71b3edbe8098f0,standard-fixed-8x8,standard,fixed,8x8,tf:137,tf:140,true,p1,accepted,,529187013,529188600561039,0
tf_policy_elo_random_start_continuation_g127_g140_2026-08-26,accepted/standard-fixed-8x8.jsonl#2cc2cc859b3f9a0a8ce7ff43,standard-fixed-8x8,standard,fixed,8x8,tf:138,tf:132,false,p2,accepted,,1911647217,1911652951941652,1
tf_policy_elo_random_start_continuation_g127_g140_2026-08-26,accepted/standard-fixed-8x8.jsonl#729a577ff14c46217472f447,standard-fixed-8x8,standard,fixed,8x8,tf:138,tf:135,false,p1,accepted,,1073820357,1073823578461072,1
tf_policy_elo_random_start_continuation_g127_g140_2026-08-26,accepted/standard-fixed-8x8.jsonl#b6dfd081df3fadf6e19fe350,standard-fixed-8x8,standard,fixed,8x8,tf:138,tf:137,false,p1,accepted,,79564054,79564292692163,1
tf_policy_elo_random_start_continuation_g127_g140_2026-08-26,accepted/standard-fixed-8x8.jsonl#fbc5e63bb9a1bafa24c827d6,standard-fixed-8x8,standard,fixed,8x8,tf:138,tf:139,true,p1,accepted,,1471916948,1471921363750844,0
tf_policy_elo_random_start_continuation_g127_g140_2026-08-26,accepted/standard-fixed-8x8.jsonl#a148e4443a67e52a3b4a8ef8,standard-fixed-8x8,standard,fixed,8x8,tf:139,tf:133,false,p2,accepted,,776002190,776004518006571,1
tf_policy_elo_random_start_continuation_g127_g140_2026-08-26,accepted/standard-fixed-8x8.jsonl#e282e1166d71c651507f1198,standard-fixed-8x8,standard,fixed,8x8,tf:139,tf:136,false,p1,accepted,,734424175,734426378272526,1
tf_policy_elo_random_start_continuation_g127_g140_2026-08-26,accepted/standard-fixed-8x8.jsonl#cc64470776185409331a8586,standard-fixed-8x8,standard,fixed,8x8,tf:139,tf:138,false,p1,accepted,,1471916948,1471921363750845,1
tf_policy_elo_random_start_continuation_g127_g140_2026-08-26,accepted/standard-fixed-8x8.jsonl#03a315a73dac8e8aa7d3acb8,standard-fixed-8x8,standard,fixed,8x8,tf:139,tf:140,true,p1,accepted,,842510704,842513231532112,0
tf_policy_elo_random_start_continuation_g127_g140_2026-08-26,accepted/standard-fixed-8x8.jsonl#1874a6871f909845a1156b7c,standard-fixed-8x8,standard,fixed,8x8,tf:140,tf:134,false,p2,accepted,,78593206,78593441779619,1
tf_policy_elo_random_start_continuation_g127_g140_2026-08-26,accepted/standard-fixed-8x8.jsonl#be47fde00a89000e299891c9,standard-fixed-8x8,standard,fixed,8x8,tf:140,tf:137,false,p2,accepted,,529187013,529188600561040,1
tf_policy_elo_random_start_continuation_g127_g140_2026-08-26,accepted/standard-fixed-8x8.jsonl#0f8b87451a159a05172968cc,standard-fixed-8x8,standard,fixed,8x8,tf:140,tf:139,false,p2,accepted,,842510704,842513231532113,1
tf_policy_elo_random_start_continuation_g127_g140_2026-08-26,accepted/standard-random-12x10.jsonl#83794de3c30c00248fd35274,standard-random-12x10,standard,random-start,12x10,tf:121,tf:127,true,p2,accepted,,592040017,592041793120051,0
tf_policy_elo_random_start_continuation_g127_g140_2026-08-26,accepted/standard-random-12x10.jsonl#a461e6785caea98ece9bcc0f,standard-random-12x10,standard,random-start,12x10,tf:121,tf:127,true,p1,accepted,,592040017,592041793120053,2
tf_policy_elo_random_start_continuation_g127_g140_2026-08-26,accepted/standard-random-12x10.jsonl#c43122099f40ebad44de256f,standard-random-12x10,standard,random-start,12x10,tf:121,tf:127,true,p1,accepted,,592040017,592041793120055,4
tf_policy_elo_random_start_continuation_g127_g140_2026-08-26,accepted/standard-random-12x10.jsonl#c50338746b1632ae1ad8d90c,standard-random-12x10,standard,random-start,12x10,tf:121,tf:127,true,p1,accepted,,592040017,592041793120057,6
tf_policy_elo_random_start_continuation_g127_g140_2026-08-26,accepted/standard-random-12x10.jsonl#a179fb8bc288605555653ac1,standard-random-12x10,standard,random-start,12x10,tf:121,tf:127,true,p2,accepted,,592040017,592041793120059,8
tf_policy_elo_random_start_continuation_g127_g140_2026-08-26,accepted/standard-random-12x10.jsonl#b793f7a64960c9b6caaec5ac,standard-random-12x10,standard,random-start,12x10,tf:121,tf:127,true,p1,accepted,,592040017,592041793120061,10
tf_policy_elo_random_start_continuation_g127_g140_2026-08-26,accepted/standard-random-12x10.jsonl#a8e891384ab9490e89940cae,standard-random-12x10,standard,random-start,12x10,tf:122,tf:128,true,p1,accepted,,1568416100,1568420805248300,0
tf_policy_elo_random_start_continuation_g127_g140_2026-08-26,accepted/standard-random-12x10.jsonl#5bbe3a4390f1fee4a26afead,standard-random-12x10,standard,random-start,12x10,tf:122,tf:128,true,p2,accepted,,1568416100,1568420805248302,2
tf_policy_elo_random_start_continuation_g127_g140_2026-08-26,accepted/standard-random-12x10.jsonl#7a7ef0283b423b2bce9fd9c5,standard-random-12x10,standard,random-start,12x10,tf:122,tf:128,true,p2,accepted,,1568416100,1568420805248304,4
tf_policy_elo_random_start_continuation_g127_g140_2026-08-26,accepted/standard-random-12x10.jsonl#a2509a316926c9f8d692154e,standard-random-12x10,standard,random-start,12x10,tf:122,tf:128,true,p1,accepted,,1568416100,1568420805248306,6
tf_policy_elo_random_start_continuation_g127_g140_2026-08-26,accepted/standard-random-12x10.jsonl#0cca2763125d1a949db58797,standard-random-12x10,standard,random-start,12x10,tf:122,tf:128,true,p2,accepted,,1568416100,1568420805248308,8
tf_policy_elo_random_start_continuation_g127_g140_2026-08-26,accepted/standard-random-12x10.jsonl#692fce06a38d679ca9fd56d4,standard-random-12x10,standard,random-start,12x10,tf:122,tf:128,true,p1,accepted,,1568416100,1568420805248310,10
tf_policy_elo_random_start_continuation_g127_g140_2026-08-26,accepted/standard-random-12x10.jsonl#819df51e36a435d43d861f92,standard-random-12x10,standard,random-start,12x10,tf:123,tf:129,true,draw,accepted,,1478755693,1478760129267079,0
tf_policy_elo_random_start_continuation_g127_g140_2026-08-26,accepted/standard-random-12x10.jsonl#3a4d8eadb732f76aaf977f2f,standard-random-12x10,standard,random-start,12x10,tf:123,tf:129,true,p2,accepted,,1478755693,1478760129267081,2
tf_policy_elo_random_start_continuation_g127_g140_2026-08-26,accepted/standard-random-12x10.jsonl#ce3560dfa49f430274532f76,standard-random-12x10,standard,random-start,12x10,tf:123,tf:129,true,p1,accepted,,1478755693,1478760129267083,4
tf_policy_elo_random_start_continuation_g127_g140_2026-08-26,accepted/standard-random-12x10.jsonl#31768197e4238c344b19b53b,standard-random-12x10,standard,random-start,12x10,tf:123,tf:129,true,p2,accepted,,1478755693,1478760129267085,6
tf_policy_elo_random_start_continuation_g127_g140_2026-08-26,accepted/standard-random-12x10.jsonl#2bac1ce108343872fd8716cf,standard-random-12x10,standard,random-start,12x10,tf:123,tf:129,true,p1,accepted,,1478755693,1478760129267087,8
tf_policy_elo_random_start_continuation_g127_g140_2026-08-26,accepted/standard-random-12x10.jsonl#11247e3b34ff9efc5450f78e,standard-random-12x10,standard,random-start,12x10,tf:123,tf:129,true,p1,accepted,,1478755693,1478760129267089,10
tf_policy_elo_random_start_continuation_g127_g140_2026-08-26,accepted/standard-random-12x10.jsonl#2900779532e4816dab6728c0,standard-random-12x10,standard,random-start,12x10,tf:124,tf:127,true,p1,accepted,,1672529089,1672534106587267,0
tf_policy_elo_random_start_continuation_g127_g140_2026-08-26,accepted/standard-random-12x10.jsonl#34eb7db133393ae5812754b6,standard-random-12x10,standard,random-start,12x10,tf:124,tf:127,true,p2,accepted,,1672529089,1672534106587269,2
tf_policy_elo_random_start_continuation_g127_g140_2026-08-26,accepted/standard-random-12x10.jsonl#8c99cf2985688c8993a22037,standard-random-12x10,standard,random-start,12x10,tf:124,tf:127,true,draw,accepted,,1672529089,1672534106587271,4
tf_policy_elo_random_start_continuation_g127_g140_2026-08-26,accepted/standard-random-12x10.jsonl#0b4600bf7a4d981f74cd9680,standard-random-12x10,standard,random-start,12x10,tf:124,tf:127,true,p2,accepted,,1672529089,1672534106587273,6
tf_policy_elo_random_start_continuation_g127_g140_2026-08-26,accepted/standard-random-12x10.jsonl#d05a50ee717871ac7e8e1fad,standard-random-12x10,standard,random-start,12x10,tf:124,tf:127,true,draw,accepted,,1672529089,1672534106587275,8
tf_policy_elo_random_start_continuation_g127_g140_2026-08-26,accepted/standard-random-12x10.jsonl#02a5580d4ab22f6af0c6f14e,standard-random-12x10,standard,random-start,12x10,tf:124,tf:127,true,p1,accepted,,1672529089,1672534106587277,10
tf_policy_elo_random_start_continuation_g127_g140_2026-08-26,accepted/standard-random-12x10.jsonl#a31ad9f05c9e17d93e08b5a5,standard-random-12x10,standard,random-start,12x10,tf:124,tf:130,true,draw,accepted,,1392800413,1392804591401239,0
tf_policy_elo_random_start_continuation_g127_g140_2026-08-26,accepted/standard-random-12x10.jsonl#a5d2d71df131707dbd4f68cf,standard-random-12x10,standard,random-start,12x10,tf:124,tf:130,true,draw,accepted,,1392800413,1392804591401241,2
tf_policy_elo_random_start_continuation_g127_g140_2026-08-26,accepted/standard-random-12x10.jsonl#1810fbff0c506cede1a82327,standard-random-12x10,standard,random-start,12x10,tf:124,tf:130,true,draw,accepted,,1392800413,1392804591401243,4
tf_policy_elo_random_start_continuation_g127_g140_2026-08-26,accepted/standard-random-12x10.jsonl#6d56787c97d857c86bebd426,standard-random-12x10,standard,random-start,12x10,tf:124,tf:130,true,p2,accepted,,1392800413,1392804591401245,6
tf_policy_elo_random_start_continuation_g127_g140_2026-08-26,accepted/standard-random-12x10.jsonl#56dd94cb85d601607f7f70ad,standard-random-12x10,standard,random-start,12x10,tf:124,tf:130,true,p1,accepted,,1392800413,1392804591401247,8
tf_policy_elo_random_start_continuation_g127_g140_2026-08-26,accepted/standard-random-12x10.jsonl#fa18c87697b0d9acd5b5bc1b,standard-random-12x10,standard,random-start,12x10,tf:124,tf:130,true,p1,accepted,,1392800413,1392804591401249,10
tf_policy_elo_random_start_continuation_g127_g140_2026-08-26,accepted/standard-random-12x10.jsonl#91e231f00ef7f7ced773ae32,standard-random-12x10,standard,random-start,12x10,tf:125,tf:128,true,draw,accepted,,5159650,5159665478950,0
tf_policy_elo_random_start_continuation_g127_g140_2026-08-26,accepted/standard-random-12x10.jsonl#68532364923c759a67b02e0c,standard-random-12x10,standard,random-start,12x10,tf:125,tf:128,true,p2,accepted,,5159650,5159665478952,2
tf_policy_elo_random_start_continuation_g127_g140_2026-08-26,accepted/standard-random-12x10.jsonl#0f68de4e96650fbfd3d82555,standard-random-12x10,standard,random-start,12x10,tf:125,tf:128,true,p1,accepted,,5159650,5159665478954,4
tf_policy_elo_random_start_continuation_g127_g140_2026-08-26,accepted/standard-random-12x10.jsonl#31c6b809416246615995d661,standard-random-12x10,standard,random-start,12x10,tf:125,tf:128,true,draw,accepted,,5159650,5159665478956,6
tf_policy_elo_random_start_continuation_g127_g140_2026-08-26,accepted/standard-random-12x10.jsonl#358f53823cb9686222496498,standard-random-12x10,standard,random-start,12x10,tf:125,tf:128,true,p1,accepted,,5159650,5159665478958,8
tf_policy_elo_random_start_continuation_g127_g140_2026-08-26,accepted/standard-random-12x10.jsonl#bdf635db9a3393b297fb8dfd,standard-random-12x10,standard,random-start,12x10,tf:125,tf:128,true,p1,accepted,,5159650,5159665478960,10
tf_policy_elo_random_start_continuation_g127_g140_2026-08-26,accepted/standard-random-12x10.jsonl#3f966a6bcec5d038d6bb3c97,standard-random-12x10,standard,random-start,12x10,tf:125,tf:131,true,p1,accepted,,886216202,886218860648606,0
tf_policy_elo_random_start_continuation_g127_g140_2026-08-26,accepted/standard-random-12x10.jsonl#e3b68765017e46c0999fa2a8,standard-random-12x10,standard,random-start,12x10,tf:125,tf:131,true,p2,accepted,,886216202,886218860648608,2
tf_policy_elo_random_start_continuation_g127_g140_2026-08-26,accepted/standard-random-12x10.jsonl#4214c5ec27a9e52b3fd2655d,standard-random-12x10,standard,random-start,12x10,tf:125,tf:131,true,p1,accepted,,886216202,886218860648610,4
tf_policy_elo_random_start_continuation_g127_g140_2026-08-26,accepted/standard-random-12x10.jsonl#3575e9ff7d8e5b16ebe8a5ae,standard-random-12x10,standard,random-start,12x10,tf:125,tf:131,true,p2,accepted,,886216202,886218860648612,6
tf_policy_elo_random_start_continuation_g127_g140_2026-08-26,accepted/standard-random-12x10.jsonl#d8026001de5f482d8a8ad090,standard-random-12x10,standard,random-start,12x10,tf:125,tf:131,true,draw,accepted,,886216202,886218860648614,8
tf_policy_elo_random_start_continuation_g127_g140_2026-08-26,accepted/standard-random-12x10.jsonl#35a2d64a31d859c1fa84d20a,standard-random-12x10,standard,random-start,12x10,tf:125,tf:131,true,p2,accepted,,886216202,886218860648616,10
tf_policy_elo_random_start_continuation_g127_g140_2026-08-26,accepted/standard-random-12x10.jsonl#281d66c1f2ab2ed13d669deb,standard-random-12x10,standard,random-start,12x10,tf:126,tf:127,true,p1,accepted,,1056810323,1056813493430969,0
tf_policy_elo_random_start_continuation_g127_g140_2026-08-26,accepted/standard-random-12x10.jsonl#0867fa6c2f80df246aa2b82e,standard-random-12x10,standard,random-start,12x10,tf:126,tf:127,true,p1,accepted,,1056810323,1056813493430971,2
tf_policy_elo_random_start_continuation_g127_g140_2026-08-26,accepted/standard-random-12x10.jsonl#42f8f6edd9daa3e030936429,standard-random-12x10,standard,random-start,12x10,tf:126,tf:127,true,draw,accepted,,1056810323,1056813493430973,4
tf_policy_elo_random_start_continuation_g127_g140_2026-08-26,accepted/standard-random-12x10.jsonl#6b95b6813ca4be6df048a24a,standard-random-12x10,standard,random-start,12x10,tf:126,tf:127,true,p1,accepted,,1056810323,1056813493430975,6
tf_policy_elo_random_start_continuation_g127_g140_2026-08-26,accepted/standard-random-12x10.jsonl#4a4f63800c175c38ba065aaa,standard-random-12x10,standard,random-start,12x10,tf:126,tf:127,true,p1,accepted,,1056810323,1056813493430977,8
tf_policy_elo_random_start_continuation_g127_g140_2026-08-26,accepted/standard-random-12x10.jsonl#76b406f5746aecbd4b1cd575,standard-random-12x10,standard,random-start,12x10,tf:126,tf:127,true,p2,accepted,,1056810323,1056813493430979,10
tf_policy_elo_random_start_continuation_g127_g140_2026-08-26,accepted/standard-random-12x10.jsonl#a647db673afa98058c95874e,standard-random-12x10,standard,random-start,12x10,tf:126,tf:129,true,p1,accepted,,850378187,850380738134561,0
tf_policy_elo_random_start_continuation_g127_g140_2026-08-26,accepted/standard-random-12x10.jsonl#915e815c2da35eb81dca3f17,standard-random-12x10,standard,random-start,12x10,tf:126,tf:129,true,p1,accepted,,850378187,850380738134563,2
tf_policy_elo_random_start_continuation_g127_g140_2026-08-26,accepted/standard-random-12x10.jsonl#e2cd6fc3192d0b62f7eebb22,standard-random-12x10,standard,random-start,12x10,tf:126,tf:129,true,p1,accepted,,850378187,850380738134565,4
tf_policy_elo_random_start_continuation_g127_g140_2026-08-26,accepted/standard-random-12x10.jsonl#7aaf5e3770e610724687bb86,standard-random-12x10,standard,random-start,12x10,tf:126,tf:129,true,draw,accepted,,850378187,850380738134567,6
tf_policy_elo_random_start_continuation_g127_g140_2026-08-26,accepted/standard-random-12x10.jsonl#7f22d78b04af00ab98e063c4,standard-random-12x10,standard,random-start,12x10,tf:126,tf:129,true,p2,accepted,,850378187,850380738134569,8
tf_policy_elo_random_start_continuation_g127_g140_2026-08-26,accepted/standard-random-12x10.jsonl#a133bd39f98dc577c17705f0,standard-random-12x10,standard,random-start,12x10,tf:126,tf:129,true,p2,accepted,,850378187,850380738134571,10
tf_policy_elo_random_start_continuation_g127_g140_2026-08-26,accepted/standard-random-12x10.jsonl#d8c515648ef5c927319f8e6b,standard-random-12x10,standard,random-start,12x10,tf:126,tf:132,true,p2,accepted,,591775872,591777647327616,0
tf_policy_elo_random_start_continuation_g127_g140_2026-08-26,accepted/standard-random-12x10.jsonl#01db514941ff8b1a0cdfa03a,standard-random-12x10,standard,random-start,12x10,tf:126,tf:132,true,p2,accepted,,591775872,591777647327618,2
tf_policy_elo_random_start_continuation_g127_g140_2026-08-26,accepted/standard-random-12x10.jsonl#6175cafaad4638d73105f214,standard-random-12x10,standard,random-start,12x10,tf:126,tf:132,true,p2,accepted,,591775872,591777647327620,4
tf_policy_elo_random_start_continuation_g127_g140_2026-08-26,accepted/standard-random-12x10.jsonl#7700da27c0b023c685b03173,standard-random-12x10,standard,random-start,12x10,tf:126,tf:132,true,p2,accepted,,591775872,591777647327622,6
tf_policy_elo_random_start_continuation_g127_g140_2026-08-26,accepted/standard-random-12x10.jsonl#3759d0ef617007db2f9cd043,standard-random-12x10,standard,random-start,12x10,tf:126,tf:132,true,p1,accepted,,591775872,591777647327624,8
tf_policy_elo_random_start_continuation_g127_g140_2026-08-26,accepted/standard-random-12x10.jsonl#6a31e20add0583c08fd1f85e,standard-random-12x10,standard,random-start,12x10,tf:126,tf:132,true,p2,accepted,,591775872,591777647327626,10
tf_policy_elo_random_start_continuation_g127_g140_2026-08-26,accepted/standard-random-12x10.jsonl#43f780309da4c388563198ba,standard-random-12x10,standard,random-start,12x10,tf:127,tf:121,false,draw,accepted,,592040017,592041793120052,1
tf_policy_elo_random_start_continuation_g127_g140_2026-08-26,accepted/standard-random-12x10.jsonl#044dd5e14e1e31fc0d24cfe7,standard-random-12x10,standard,random-start,12x10,tf:127,tf:121,false,p2,accepted,,592040017,592041793120054,3
tf_policy_elo_random_start_continuation_g127_g140_2026-08-26,accepted/standard-random-12x10.jsonl#312dc608781928ad4319ea1e,standard-random-12x10,standard,random-start,12x10,tf:127,tf:121,false,p2,accepted,,592040017,592041793120056,5
tf_policy_elo_random_start_continuation_g127_g140_2026-08-26,accepted/standard-random-12x10.jsonl#5794c161970266e1689fe5da,standard-random-12x10,standard,random-start,12x10,tf:127,tf:121,false,p1,accepted,,592040017,592041793120058,7
tf_policy_elo_random_start_continuation_g127_g140_2026-08-26,accepted/standard-random-12x10.jsonl#d49e184ec74a6008684bade5,standard-random-12x10,standard,random-start,12x10,tf:127,tf:121,false,p1,accepted,,592040017,592041793120060,9
tf_policy_elo_random_start_continuation_g127_g140_2026-08-26,accepted/standard-random-12x10.jsonl#a0d4df2b6e60b9140e527647,standard-random-12x10,standard,random-start,12x10,tf:127,tf:121,false,p2,accepted,,592040017,592041793120062,11
tf_policy_elo_random_start_continuation_g127_g140_2026-08-26,accepted/standard-random-12x10.jsonl#afc59000b620e148c09bbab3,standard-random-12x10,standard,random-start,12x10,tf:127,tf:124,false,p2,accepted,,1672529089,1672534106587268,1
tf_policy_elo_random_start_continuation_g127_g140_2026-08-26,accepted/standard-random-12x10.jsonl#955b0011326f595287ebd635,standard-random-12x10,standard,random-start,12x10,tf:127,tf:124,false,p1,accepted,,1672529089,1672534106587270,3
tf_policy_elo_random_start_continuation_g127_g140_2026-08-26,accepted/standard-random-12x10.jsonl#2b05fd9ca5d1f825ee9316a1,standard-random-12x10,standard,random-start,12x10,tf:127,tf:124,false,p2,accepted,,1672529089,1672534106587272,5
tf_policy_elo_random_start_continuation_g127_g140_2026-08-26,accepted/standard-random-12x10.jsonl#5ce6add1c8d83d59dcb43c35,standard-random-12x10,standard,random-start,12x10,tf:127,tf:124,false,p1,accepted,,1672529089,1672534106587274,7
tf_policy_elo_random_start_continuation_g127_g140_2026-08-26,accepted/standard-random-12x10.jsonl#29f393e471c41b3c5fb7598f,standard-random-12x10,standard,random-start,12x10,tf:127,tf:124,false,p2,accepted,,1672529089,1672534106587276,9
tf_policy_elo_random_start_continuation_g127_g140_2026-08-26,accepted/standard-random-12x10.jsonl#437aba92fab71e6d9c3503ec,standard-random-12x10,standard,random-start,12x10,tf:127,tf:124,false,p1,accepted,,1672529089,1672534106587278,11
tf_policy_elo_random_start_continuation_g127_g140_2026-08-26,accepted/standard-random-12x10.jsonl#0c575b926a84226001ed7d61,standard-random-12x10,standard,random-start,12x10,tf:127,tf:126,false,draw,accepted,,1056810323,1056813493430970,1
tf_policy_elo_random_start_continuation_g127_g140_2026-08-26,accepted/standard-random-12x10.jsonl#5d1eb2dce9b6fd0c2efefa0f,standard-random-12x10,standard,random-start,12x10,tf:127,tf:126,false,p1,accepted,,1056810323,1056813493430972,3
tf_policy_elo_random_start_continuation_g127_g140_2026-08-26,accepted/standard-random-12x10.jsonl#37af4832251aceefdf80193b,standard-random-12x10,standard,random-start,12x10,tf:127,tf:126,false,p1,accepted,,1056810323,1056813493430974,5
tf_policy_elo_random_start_continuation_g127_g140_2026-08-26,accepted/standard-random-12x10.jsonl#24f29de35f108ebd58b5d8ee,standard-random-12x10,standard,random-start,12x10,tf:127,tf:126,false,p2,accepted,,1056810323,1056813493430976,7
tf_policy_elo_random_start_continuation_g127_g140_2026-08-26,accepted/standard-random-12x10.jsonl#a9efce1b327f656fa89e84e1,standard-random-12x10,standard,random-start,12x10,tf:127,tf:126,false,p1,accepted,,1056810323,1056813493430978,9
tf_policy_elo_random_start_continuation_g127_g140_2026-08-26,accepted/standard-random-12x10.jsonl#cb0e08aed9f62653d0b2d848,standard-random-12x10,standard,random-start,12x10,tf:127,tf:126,false,p1,accepted,,1056810323,1056813493430980,11
tf_policy_elo_random_start_continuation_g127_g140_2026-08-26,accepted/standard-random-12x10.jsonl#538a4492699675e30a413457,standard-random-12x10,standard,random-start,12x10,tf:127,tf:128,true,p2,accepted,,552233103,552234759699309,0
tf_policy_elo_random_start_continuation_g127_g140_2026-08-26,accepted/standard-random-12x10.jsonl#5a112e5edea78ab598288552,standard-random-12x10,standard,random-start,12x10,tf:127,tf:128,true,p1,accepted,,552233103,552234759699311,2
tf_policy_elo_random_start_continuation_g127_g140_2026-08-26,accepted/standard-random-12x10.jsonl#d4e276f6792ad84850f0146b,standard-random-12x10,standard,random-start,12x10,tf:127,tf:128,true,p1,accepted,,552233103,552234759699313,4
tf_policy_elo_random_start_continuation_g127_g140_2026-08-26,accepted/standard-random-12x10.jsonl#cad6fa83a622891df54c97fb,standard-random-12x10,standard,random-start,12x10,tf:127,tf:128,true,p2,accepted,,552233103,552234759699315,6
tf_policy_elo_random_start_continuation_g127_g140_2026-08-26,accepted/standard-random-12x10.jsonl#e6c06710be35efaadfa79d71,standard-random-12x10,standard,random-start,12x10,tf:127,tf:128,true,p1,accepted,,552233103,552234759699317,8
tf_policy_elo_random_start_continuation_g127_g140_2026-08-26,accepted/standard-random-12x10.jsonl#6fd9ee9c205d93fd83062da6,standard-random-12x10,standard,random-start,12x10,tf:127,tf:128,true,p2,accepted,,552233103,552234759699319,10
tf_policy_elo_random_start_continuation_g127_g140_2026-08-26,accepted/standard-random-12x10.jsonl#be136b0a118483fb299e7ecd,standard-random-12x10,standard,random-start,12x10,tf:127,tf:130,true,p1,accepted,,1061107733,1061110916323199,0
tf_policy_elo_random_start_continuation_g127_g140_2026-08-26,accepted/standard-random-12x10.jsonl#9d8ac7ac891518a1b329b692,standard-random-12x10,standard,random-start,12x10,tf:127,tf:130,true,p2,accepted,,1061107733,1061110916323201,2
tf_policy_elo_random_start_continuation_g127_g140_2026-08-26,accepted/standard-random-12x10.jsonl#2f000e4bf3557c299b3ea780,standard-random-12x10,standard,random-start,12x10,tf:127,tf:130,true,p1,accepted,,1061107733,1061110916323203,4
tf_policy_elo_random_start_continuation_g127_g140_2026-08-26,accepted/standard-random-12x10.jsonl#cceee8c566a84e794c37e128,standard-random-12x10,standard,random-start,12x10,tf:127,tf:130,true,p1,accepted,,1061107733,1061110916323205,6
tf_policy_elo_random_start_continuation_g127_g140_2026-08-26,accepted/standard-random-12x10.jsonl#19d2ac7c7ac1473c53bf7cb0,standard-random-12x10,standard,random-start,12x10,tf:127,tf:130,true,p1,accepted,,1061107733,1061110916323207,8
tf_policy_elo_random_start_continuation_g127_g140_2026-08-26,accepted/standard-random-12x10.jsonl#6f63eee9af0fd79084a7ad51,standard-random-12x10,standard,random-start,12x10,tf:127,tf:130,true,p2,accepted,,1061107733,1061110916323209,10
tf_policy_elo_random_start_continuation_g127_g140_2026-08-26,accepted/standard-random-12x10.jsonl#1ae68a35ce1870a052c10a4a,standard-random-12x10,standard,random-start,12x10,tf:127,tf:133,true,p1,accepted,,706240146,706242264720438,0
tf_policy_elo_random_start_continuation_g127_g140_2026-08-26,accepted/standard-random-12x10.jsonl#89182184426b20b4d6f8edc4,standard-random-12x10,standard,random-start,12x10,tf:127,tf:133,true,p2,accepted,,706240146,706242264720440,2
tf_policy_elo_random_start_continuation_g127_g140_2026-08-26,accepted/standard-random-12x10.jsonl#66b7369b74436f45dfee1212,standard-random-12x10,standard,random-start,12x10,tf:127,tf:133,true,draw,accepted,,706240146,706242264720442,4
tf_policy_elo_random_start_continuation_g127_g140_2026-08-26,accepted/standard-random-12x10.jsonl#8790e03d3f15da52b461f49c,standard-random-12x10,standard,random-start,12x10,tf:127,tf:133,true,p2,accepted,,706240146,706242264720444,6
tf_policy_elo_random_start_continuation_g127_g140_2026-08-26,accepted/standard-random-12x10.jsonl#b6b668b99737a3cdc9535fb5,standard-random-12x10,standard,random-start,12x10,tf:127,tf:133,true,draw,accepted,,706240146,706242264720446,8
tf_policy_elo_random_start_continuation_g127_g140_2026-08-26,accepted/standard-random-12x10.jsonl#5c65482811b93b4944ccc3b1,standard-random-12x10,standard,random-start,12x10,tf:127,tf:133,true,p2,accepted,,706240146,706242264720448,10
tf_policy_elo_random_start_continuation_g127_g140_2026-08-26,accepted/standard-random-12x10.jsonl#c6380f0e199d75fbe8d6d473,standard-random-12x10,standard,random-start,12x10,tf:128,tf:122,false,p2,accepted,,1568416100,1568420805248301,1
tf_policy_elo_random_start_continuation_g127_g140_2026-08-26,accepted/standard-random-12x10.jsonl#fef160f01bc780a158851b83,standard-random-12x10,standard,random-start,12x10,tf:128,tf:122,false,p2,accepted,,1568416100,1568420805248303,3
tf_policy_elo_random_start_continuation_g127_g140_2026-08-26,accepted/standard-random-12x10.jsonl#f2552cf68e497f4a6afc5ddb,standard-random-12x10,standard,random-start,12x10,tf:128,tf:122,false,p1,accepted,,1568416100,1568420805248305,5
tf_policy_elo_random_start_continuation_g127_g140_2026-08-26,accepted/standard-random-12x10.jsonl#b4b8a3499d7342e89f2c0bc3,standard-random-12x10,standard,random-start,12x10,tf:128,tf:122,false,p1,accepted,,1568416100,1568420805248307,7
tf_policy_elo_random_start_continuation_g127_g140_2026-08-26,accepted/standard-random-12x10.jsonl#5104f3a1ab309844c48e22b2,standard-random-12x10,standard,random-start,12x10,tf:128,tf:122,false,p1,accepted,,1568416100,1568420805248309,9
tf_policy_elo_random_start_continuation_g127_g140_2026-08-26,accepted/standard-random-12x10.jsonl#d8fd869026781019c4b9e59e,standard-random-12x10,standard,random-start,12x10,tf:128,tf:122,false,draw,accepted,,1568416100,1568420805248311,11
tf_policy_elo_random_start_continuation_g127_g140_2026-08-26,accepted/standard-random-12x10.jsonl#b670a4ac0a6dd08201279db9,standard-random-12x10,standard,random-start,12x10,tf:128,tf:125,false,p2,accepted,,5159650,5159665478951,1
tf_policy_elo_random_start_continuation_g127_g140_2026-08-26,accepted/standard-random-12x10.jsonl#7224f690bc429ba3f5958ea1,standard-random-12x10,standard,random-start,12x10,tf:128,tf:125,false,p2,accepted,,5159650,5159665478953,3
tf_policy_elo_random_start_continuation_g127_g140_2026-08-26,accepted/standard-random-12x10.jsonl#5e6c07c78a6bd726db37d065,standard-random-12x10,standard,random-start,12x10,tf:128,tf:125,false,p2,accepted,,5159650,5159665478955,5
tf_policy_elo_random_start_continuation_g127_g140_2026-08-26,accepted/standard-random-12x10.jsonl#3dc6c95cf694f78a3bf16186,standard-random-12x10,standard,random-start,12x10,tf:128,tf:125,false,draw,accepted,,5159650,5159665478957,7
tf_policy_elo_random_start_continuation_g127_g140_2026-08-26,accepted/standard-random-12x10.jsonl#e221652adb0b7721ce37da06,standard-random-12x10,standard,random-start,12x10,tf:128,tf:125,false,p2,accepted,,5159650,5159665478959,9
tf_policy_elo_random_start_continuation_g127_g140_2026-08-26,accepted/standard-random-12x10.jsonl#e653335eb58045087498e6cc,standard-random-12x10,standard,random-start,12x10,tf:128,tf:125,false,p1,accepted,,5159650,5159665478961,11
tf_policy_elo_random_start_continuation_g127_g140_2026-08-26,accepted/standard-random-12x10.jsonl#2477800c1d17a657f6778026,standard-random-12x10,standard,random-start,12x10,tf:128,tf:127,false,p2,accepted,,552233103,552234759699310,1
tf_policy_elo_random_start_continuation_g127_g140_2026-08-26,accepted/standard-random-12x10.jsonl#0fd689699ce5dc3314848845,standard-random-12x10,standard,random-start,12x10,tf:128,tf:127,false,draw,accepted,,552233103,552234759699312,3
tf_policy_elo_random_start_continuation_g127_g140_2026-08-26,accepted/standard-random-12x10.jsonl#5dc69170a9a40f00080876ac,standard-random-12x10,standard,random-start,12x10,tf:128,tf:127,false,p1,accepted,,552233103,552234759699314,5
tf_policy_elo_random_start_continuation_g127_g140_2026-08-26,accepted/standard-random-12x10.jsonl#dc4c3a3aad7eaaccbf8022da,standard-random-12x10,standard,random-start,12x10,tf:128,tf:127,false,p1,accepted,,552233103,552234759699316,7
tf_policy_elo_random_start_continuation_g127_g140_2026-08-26,accepted/standard-random-12x10.jsonl#98611843997c2676653f8a50,standard-random-12x10,standard,random-start,12x10,tf:128,tf:127,false,p1,accepted,,552233103,552234759699318,9
tf_policy_elo_random_start_continuation_g127_g140_2026-08-26,accepted/standard-random-12x10.jsonl#0529814bcf4ca99a52f8144d,standard-random-12x10,standard,random-start,12x10,tf:128,tf:127,false,p1,accepted,,552233103,552234759699320,11
tf_policy_elo_random_start_continuation_g127_g140_2026-08-26,accepted/standard-random-12x10.jsonl#39557cdad64ffc04cf7bb341,standard-random-12x10,standard,random-start,12x10,tf:128,tf:129,true,p2,accepted,,78757526,78757762272578,0
tf_policy_elo_random_start_continuation_g127_g140_2026-08-26,accepted/standard-random-12x10.jsonl#c27be7458ce84518ad1a6c07,standard-random-12x10,standard,random-start,12x10,tf:128,tf:129,true,p1,accepted,,78757526,78757762272580,2
tf_policy_elo_random_start_continuation_g127_g140_2026-08-26,accepted/standard-random-12x10.jsonl#bbd6692b7ec7e0c1b94c1fb2,standard-random-12x10,standard,random-start,12x10,tf:128,tf:129,true,p1,accepted,,78757526,78757762272582,4
tf_policy_elo_random_start_continuation_g127_g140_2026-08-26,accepted/standard-random-12x10.jsonl#6d3fef9f4032c4a194254f87,standard-random-12x10,standard,random-start,12x10,tf:128,tf:129,true,p1,accepted,,78757526,78757762272584,6
tf_policy_elo_random_start_continuation_g127_g140_2026-08-26,accepted/standard-random-12x10.jsonl#fba40325ccbe1c8e5a51d897,standard-random-12x10,standard,random-start,12x10,tf:128,tf:129,true,p2,accepted,,78757526,78757762272586,8
tf_policy_elo_random_start_continuation_g127_g140_2026-08-26,accepted/standard-random-12x10.jsonl#07b340ceede7fc2b5dbbc7db,standard-random-12x10,standard,random-start,12x10,tf:128,tf:129,true,p2,accepted,,78757526,78757762272588,10
tf_policy_elo_random_start_continuation_g127_g140_2026-08-26,accepted/standard-random-12x10.jsonl#1324483bc32c750904b703ef,standard-random-12x10,standard,random-start,12x10,tf:128,tf:131,true,draw,accepted,,677677859,677679892033577,0
tf_policy_elo_random_start_continuation_g127_g140_2026-08-26,accepted/standard-random-12x10.jsonl#70024cb8d34e51dd2b3f4b40,standard-random-12x10,standard,random-start,12x10,tf:128,tf:131,true,draw,accepted,,677677859,677679892033579,2
tf_policy_elo_random_start_continuation_g127_g140_2026-08-26,accepted/standard-random-12x10.jsonl#ba7027e1f3c703e80ca77644,standard-random-12x10,standard,random-start,12x10,tf:128,tf:131,true,p2,accepted,,677677859,677679892033581,4
tf_policy_elo_random_start_continuation_g127_g140_2026-08-26,accepted/standard-random-12x10.jsonl#fc1455ff9663516e9e8e9395,standard-random-12x10,standard,random-start,12x10,tf:128,tf:131,true,p2,accepted,,677677859,677679892033583,6
tf_policy_elo_random_start_continuation_g127_g140_2026-08-26,accepted/standard-random-12x10.jsonl#870a2d100bcdf9958cea90ac,standard-random-12x10,standard,random-start,12x10,tf:128,tf:131,true,p1,accepted,,677677859,677679892033585,8
tf_policy_elo_random_start_continuation_g127_g140_2026-08-26,accepted/standard-random-12x10.jsonl#7853a738e77dab454e0ce9fc,standard-random-12x10,standard,random-start,12x10,tf:128,tf:131,true,p2,accepted,,677677859,677679892033587,10
tf_policy_elo_random_start_continuation_g127_g140_2026-08-26,accepted/standard-random-12x10.jsonl#7ba2e1e9f130c3870dab3751,standard-random-12x10,standard,random-start,12x10,tf:128,tf:134,true,p2,accepted,,2119849915,2119856274549745,0
tf_policy_elo_random_start_continuation_g127_g140_2026-08-26,accepted/standard-random-12x10.jsonl#c0d50afcdf42e9e43f93f299,standard-random-12x10,standard,random-start,12x10,tf:128,tf:134,true,draw,accepted,,2119849915,2119856274549747,2
tf_policy_elo_random_start_continuation_g127_g140_2026-08-26,accepted/standard-random-12x10.jsonl#75657e8efb40f6d46f047f77,standard-random-12x10,standard,random-start,12x10,tf:128,tf:134,true,p1,accepted,,2119849915,2119856274549749,4
tf_policy_elo_random_start_continuation_g127_g140_2026-08-26,accepted/standard-random-12x10.jsonl#2f5f1347f02e56211f51e6dc,standard-random-12x10,standard,random-start,12x10,tf:128,tf:134,true,p2,accepted,,2119849915,2119856274549751,6
tf_policy_elo_random_start_continuation_g127_g140_2026-08-26,accepted/standard-random-12x10.jsonl#22a9075885cf33d1a34a1f7a,standard-random-12x10,standard,random-start,12x10,tf:128,tf:134,true,draw,accepted,,2119849915,2119856274549753,8
tf_policy_elo_random_start_continuation_g127_g140_2026-08-26,accepted/standard-random-12x10.jsonl#752e44d9515fe1dddf4f0fa0,standard-random-12x10,standard,random-start,12x10,tf:128,tf:134,true,p1,accepted,,2119849915,2119856274549755,10
tf_policy_elo_random_start_continuation_g127_g140_2026-08-26,accepted/standard-random-12x10.jsonl#a8d411de2c43b833ca51b210,standard-random-12x10,standard,random-start,12x10,tf:129,tf:123,false,p2,accepted,,1478755693,1478760129267080,1
tf_policy_elo_random_start_continuation_g127_g140_2026-08-26,accepted/standard-random-12x10.jsonl#cf23880f7a6b2410dcc9a835,standard-random-12x10,standard,random-start,12x10,tf:129,tf:123,false,p1,accepted,,1478755693,1478760129267082,3
tf_policy_elo_random_start_continuation_g127_g140_2026-08-26,accepted/standard-random-12x10.jsonl#772edf9dc5c1747b6d22a775,standard-random-12x10,standard,random-start,12x10,tf:129,tf:123,false,p1,accepted,,1478755693,1478760129267084,5
tf_policy_elo_random_start_continuation_g127_g140_2026-08-26,accepted/standard-random-12x10.jsonl#51a76ba20c74d94d51233a20,standard-random-12x10,standard,random-start,12x10,tf:129,tf:123,false,p1,accepted,,1478755693,1478760129267086,7
tf_policy_elo_random_start_continuation_g127_g140_2026-08-26,accepted/standard-random-12x10.jsonl#771260a29eb6e3133757036d,standard-random-12x10,standard,random-start,12x10,tf:129,tf:123,false,p2,accepted,,1478755693,1478760129267088,9
tf_policy_elo_random_start_continuation_g127_g140_2026-08-26,accepted/standard-random-12x10.jsonl#0e69039cb423cc2275e288bb,standard-random-12x10,standard,random-start,12x10,tf:129,tf:123,false,draw,accepted,,1478755693,1478760129267090,11
tf_policy_elo_random_start_continuation_g127_g140_2026-08-26,accepted/standard-random-12x10.jsonl#301a84687a954c538537341d,standard-random-12x10,standard,random-start,12x10,tf:129,tf:126,false,draw,accepted,,850378187,850380738134562,1
tf_policy_elo_random_start_continuation_g127_g140_2026-08-26,accepted/standard-random-12x10.jsonl#d577e245019fde95d0a50d64,standard-random-12x10,standard,random-start,12x10,tf:129,tf:126,false,p1,accepted,,850378187,850380738134564,3
tf_policy_elo_random_start_continuation_g127_g140_2026-08-26,accepted/standard-random-12x10.jsonl#02390fd5b1f84c8a7361e877,standard-random-12x10,standard,random-start,12x10,tf:129,tf:126,false,p1,accepted,,850378187,850380738134566,5
tf_policy_elo_random_start_continuation_g127_g140_2026-08-26,accepted/standard-random-12x10.jsonl#7ec8b7602f06cf03262a8bf3,standard-random-12x10,standard,random-start,12x10,tf:129,tf:126,false,p1,accepted,,850378187,850380738134568,7
tf_policy_elo_random_start_continuation_g127_g140_2026-08-26,accepted/standard-random-12x10.jsonl#3a6fef946af79b5f7a6827aa,standard-random-12x10,standard,random-start,12x10,tf:129,tf:126,false,p1,accepted,,850378187,850380738134570,9
tf_policy_elo_random_start_continuation_g127_g140_2026-08-26,accepted/standard-random-12x10.jsonl#ff611bebb9d0f110832786fc,standard-random-12x10,standard,random-start,12x10,tf:129,tf:126,false,draw,accepted,,850378187,850380738134572,11
tf_policy_elo_random_start_continuation_g127_g140_2026-08-26,accepted/standard-random-12x10.jsonl#f78e471a9fb5e580ff7d22b4,standard-random-12x10,standard,random-start,12x10,tf:129,tf:128,false,draw,accepted,,78757526,78757762272579,1
tf_policy_elo_random_start_continuation_g127_g140_2026-08-26,accepted/standard-random-12x10.jsonl#7b862c9e2d9af1e4ea3d65f3,standard-random-12x10,standard,random-start,12x10,tf:129,tf:128,false,p2,accepted,,78757526,78757762272581,3
tf_policy_elo_random_start_continuation_g127_g140_2026-08-26,accepted/standard-random-12x10.jsonl#12e518095f079640d9e8a792,standard-random-12x10,standard,random-start,12x10,tf:129,tf:128,false,draw,accepted,,78757526,78757762272583,5
tf_policy_elo_random_start_continuation_g127_g140_2026-08-26,accepted/standard-random-12x10.jsonl#fa9ca43c133a27c882a06be1,standard-random-12x10,standard,random-start,12x10,tf:129,tf:128,false,p1,accepted,,78757526,78757762272585,7
tf_policy_elo_random_start_continuation_g127_g140_2026-08-26,accepted/standard-random-12x10.jsonl#764ad247427d1c30bf84aef4,standard-random-12x10,standard,random-start,12x10,tf:129,tf:128,false,p1,accepted,,78757526,78757762272587,9
tf_policy_elo_random_start_continuation_g127_g140_2026-08-26,accepted/standard-random-12x10.jsonl#afca0b5d1b82d9c6489b7662,standard-random-12x10,standard,random-start,12x10,tf:129,tf:128,false,p1,accepted,,78757526,78757762272589,11
tf_policy_elo_random_start_continuation_g127_g140_2026-08-26,accepted/standard-random-12x10.jsonl#2970dde18b3f5aad9893cab1,standard-random-12x10,standard,random-start,12x10,tf:129,tf:130,true,draw,accepted,,874978928,874981552936784,0
tf_policy_elo_random_start_continuation_g127_g140_2026-08-26,accepted/standard-random-12x10.jsonl#92b441a4b964f378678eb002,standard-random-12x10,standard,random-start,12x10,tf:129,tf:130,true,draw,accepted,,874978928,874981552936786,2
tf_policy_elo_random_start_continuation_g127_g140_2026-08-26,accepted/standard-random-12x10.jsonl#e946eb6ba3da545101ced77a,standard-random-12x10,standard,random-start,12x10,tf:129,tf:130,true,p2,accepted,,874978928,874981552936788,4
tf_policy_elo_random_start_continuation_g127_g140_2026-08-26,accepted/standard-random-12x10.jsonl#643aec46e82fb97e3deddeff,standard-random-12x10,standard,random-start,12x10,tf:129,tf:130,true,p2,accepted,,874978928,874981552936790,6
tf_policy_elo_random_start_continuation_g127_g140_2026-08-26,accepted/standard-random-12x10.jsonl#3b13d65d61d5ad563486175e,standard-random-12x10,standard,random-start,12x10,tf:129,tf:130,true,p2,accepted,,874978928,874981552936792,8
tf_policy_elo_random_start_continuation_g127_g140_2026-08-26,accepted/standard-random-12x10.jsonl#8af828694dab14dc631e2ffe,standard-random-12x10,standard,random-start,12x10,tf:129,tf:130,true,p1,accepted,,874978928,874981552936794,10
tf_policy_elo_random_start_continuation_g127_g140_2026-08-26,accepted/standard-random-12x10.jsonl#248d728ca51c2318394bf140,standard-random-12x10,standard,random-start,12x10,tf:129,tf:132,true,p1,accepted,,1356724280,1356728350172840,0
tf_policy_elo_random_start_continuation_g127_g140_2026-08-26,accepted/standard-random-12x10.jsonl#78f43645ab71419fdd44b0be,standard-random-12x10,standard,random-start,12x10,tf:129,tf:132,true,p1,accepted,,1356724280,1356728350172842,2
tf_policy_elo_random_start_continuation_g127_g140_2026-08-26,accepted/standard-random-12x10.jsonl#c3c73166f18dc0edddd4fce4,standard-random-12x10,standard,random-start,12x10,tf:129,tf:132,true,draw,accepted,,1356724280,1356728350172844,4
tf_policy_elo_random_start_continuation_g127_g140_2026-08-26,accepted/standard-random-12x10.jsonl#45d2b7f4e7a1991bec7fa286,standard-random-12x10,standard,random-start,12x10,tf:129,tf:132,true,p1,accepted,,1356724280,1356728350172846,6
tf_policy_elo_random_start_continuation_g127_g140_2026-08-26,accepted/standard-random-12x10.jsonl#cba6bc0ed71862d8992f468b,standard-random-12x10,standard,random-start,12x10,tf:129,tf:132,true,p2,accepted,,1356724280,1356728350172848,8
tf_policy_elo_random_start_continuation_g127_g140_2026-08-26,accepted/standard-random-12x10.jsonl#da4161320372da0e33ca7695,standard-random-12x10,standard,random-start,12x10,tf:129,tf:132,true,p1,accepted,,1356724280,1356728350172850,10
tf_policy_elo_random_start_continuation_g127_g140_2026-08-26,accepted/standard-random-12x10.jsonl#24a66cd86670d035bc40dbe7,standard-random-12x10,standard,random-start,12x10,tf:129,tf:135,true,p1,accepted,,1160628372,1160631853885116,0
tf_policy_elo_random_start_continuation_g127_g140_2026-08-26,accepted/standard-random-12x10.jsonl#0c5a45a023b6988c3e074b20,standard-random-12x10,standard,random-start,12x10,tf:129,tf:135,true,p2,accepted,,1160628372,1160631853885118,2
tf_policy_elo_random_start_continuation_g127_g140_2026-08-26,accepted/standard-random-12x10.jsonl#1d4d3635e2837b811c114cd2,standard-random-12x10,standard,random-start,12x10,tf:129,tf:135,true,p1,accepted,,1160628372,1160631853885120,4
tf_policy_elo_random_start_continuation_g127_g140_2026-08-26,accepted/standard-random-12x10.jsonl#1d0e08ac5ae389f8f9df4acf,standard-random-12x10,standard,random-start,12x10,tf:129,tf:135,true,p2,accepted,,1160628372,1160631853885122,6
tf_policy_elo_random_start_continuation_g127_g140_2026-08-26,accepted/standard-random-12x10.jsonl#eca0917167df97ece13a95e5,standard-random-12x10,standard,random-start,12x10,tf:129,tf:135,true,p2,accepted,,1160628372,1160631853885124,8
tf_policy_elo_random_start_continuation_g127_g140_2026-08-26,accepted/standard-random-12x10.jsonl#51a46b9ce30662ee731a9290,standard-random-12x10,standard,random-start,12x10,tf:129,tf:135,true,p1,accepted,,1160628372,1160631853885126,10
tf_policy_elo_random_start_continuation_g127_g140_2026-08-26,accepted/standard-random-12x10.jsonl#b437a3f638b3f4f3bd033d02,standard-random-12x10,standard,random-start,12x10,tf:130,tf:124,false,p1,accepted,,1392800413,1392804591401240,1
tf_policy_elo_random_start_continuation_g127_g140_2026-08-26,accepted/standard-random-12x10.jsonl#849e37a4e8fcf7e8ce0d99ac,standard-random-12x10,standard,random-start,12x10,tf:130,tf:124,false,p2,accepted,,1392800413,1392804591401242,3
tf_policy_elo_random_start_continuation_g127_g140_2026-08-26,accepted/standard-random-12x10.jsonl#44cb918f6d107cb466fe605b,standard-random-12x10,standard,random-start,12x10,tf:130,tf:124,false,p2,accepted,,1392800413,1392804591401244,5
tf_policy_elo_random_start_continuation_g127_g140_2026-08-26,accepted/standard-random-12x10.jsonl#8b805f82858cb724d8636aaa,standard-random-12x10,standard,random-start,12x10,tf:130,tf:124,false,p1,accepted,,1392800413,1392804591401246,7
tf_policy_elo_random_start_continuation_g127_g140_2026-08-26,accepted/standard-random-12x10.jsonl#6c878928afdefde3cc5bf52d,standard-random-12x10,standard,random-start,12x10,tf:130,tf:124,false,p1,accepted,,1392800413,1392804591401248,9
tf_policy_elo_random_start_continuation_g127_g140_2026-08-26,accepted/standard-random-12x10.jsonl#02bc76b4be23fce7672865f3,standard-random-12x10,standard,random-start,12x10,tf:130,tf:124,false,p1,accepted,,1392800413,1392804591401250,11
tf_policy_elo_random_start_continuation_g127_g140_2026-08-26,accepted/standard-random-12x10.jsonl#e13e31ac2bc2b57a57d53f4b,standard-random-12x10,standard,random-start,12x10,tf:130,tf:127,false,draw,accepted,,1061107733,1061110916323200,1
tf_policy_elo_random_start_continuation_g127_g140_2026-08-26,accepted/standard-random-12x10.jsonl#e5d799d09b6f65951928d6bb,standard-random-12x10,standard,random-start,12x10,tf:130,tf:127,false,p2,accepted,,1061107733,1061110916323202,3
tf_policy_elo_random_start_continuation_g127_g140_2026-08-26,accepted/standard-random-12x10.jsonl#43731f0f226805cd00631017,standard-random-12x10,standard,random-start,12x10,tf:130,tf:127,false,p2,accepted,,1061107733,1061110916323204,5
tf_policy_elo_random_start_continuation_g127_g140_2026-08-26,accepted/standard-random-12x10.jsonl#ddcc078ed9b1164380fb816f,standard-random-12x10,standard,random-start,12x10,tf:130,tf:127,false,p1,accepted,,1061107733,1061110916323206,7
tf_policy_elo_random_start_continuation_g127_g140_2026-08-26,accepted/standard-random-12x10.jsonl#a50945a79413368e3bab6b3a,standard-random-12x10,standard,random-start,12x10,tf:130,tf:127,false,p2,accepted,,1061107733,1061110916323208,9
tf_policy_elo_random_start_continuation_g127_g140_2026-08-26,accepted/standard-random-12x10.jsonl#1719e367a396d9a7afbe93fe,standard-random-12x10,standard,random-start,12x10,tf:130,tf:127,false,p2,accepted,,1061107733,1061110916323210,11
tf_policy_elo_random_start_continuation_g127_g140_2026-08-26,accepted/standard-random-12x10.jsonl#97219a6fe3598937d5877ace,standard-random-12x10,standard,random-start,12x10,tf:130,tf:129,false,p2,accepted,,874978928,874981552936785,1
tf_policy_elo_random_start_continuation_g127_g140_2026-08-26,accepted/standard-random-12x10.jsonl#6fbf826ca4e7b868e6b9662d,standard-random-12x10,standard,random-start,12x10,tf:130,tf:129,false,p1,accepted,,874978928,874981552936787,3
tf_policy_elo_random_start_continuation_g127_g140_2026-08-26,accepted/standard-random-12x10.jsonl#b1fd5ff7b26ce8cd4f85fc8a,standard-random-12x10,standard,random-start,12x10,tf:130,tf:129,false,p1,accepted,,874978928,874981552936789,5
tf_policy_elo_random_start_continuation_g127_g140_2026-08-26,accepted/standard-random-12x10.jsonl#8bc4beabd4a26051e2d4826c,standard-random-12x10,standard,random-start,12x10,tf:130,tf:129,false,draw,accepted,,874978928,874981552936791,7
tf_policy_elo_random_start_continuation_g127_g140_2026-08-26,accepted/standard-random-12x10.jsonl#7e6b093f4428a3bcb3ea3ccb,standard-random-12x10,standard,random-start,12x10,tf:130,tf:129,false,p2,accepted,,874978928,874981552936793,9
tf_policy_elo_random_start_continuation_g127_g140_2026-08-26,accepted/standard-random-12x10.jsonl#2e797ab6005c2d0a9fd3c887,standard-random-12x10,standard,random-start,12x10,tf:130,tf:129,false,p2,accepted,,874978928,874981552936795,11
tf_policy_elo_random_start_continuation_g127_g140_2026-08-26,accepted/standard-random-12x10.jsonl#e3976885e3cba22186bea1d7,standard-random-12x10,standard,random-start,12x10,tf:130,tf:131,true,p2,accepted,,856926318,856928888778954,0
tf_policy_elo_random_start_continuation_g127_g140_2026-08-26,accepted/standard-random-12x10.jsonl#522ce87bef37de63f79a83d2,standard-random-12x10,standard,random-start,12x10,tf:130,tf:131,true,p1,accepted,,856926318,856928888778956,2
tf_policy_elo_random_start_continuation_g127_g140_2026-08-26,accepted/standard-random-12x10.jsonl#5f8d9e2d9ee4a96b6863c48e,standard-random-12x10,standard,random-start,12x10,tf:130,tf:131,true,p1,accepted,,856926318,856928888778958,4
tf_policy_elo_random_start_continuation_g127_g140_2026-08-26,accepted/standard-random-12x10.jsonl#9e50aff4c014d36a604ad20a,standard-random-12x10,standard,random-start,12x10,tf:130,tf:131,true,p2,accepted,,856926318,856928888778960,6
tf_policy_elo_random_start_continuation_g127_g140_2026-08-26,accepted/standard-random-12x10.jsonl#cc4d8f181d6704da925cc020,standard-random-12x10,standard,random-start,12x10,tf:130,tf:131,true,p2,accepted,,856926318,856928888778962,8
tf_policy_elo_random_start_continuation_g127_g140_2026-08-26,accepted/standard-random-12x10.jsonl#583a09db7ca460424101c725,standard-random-12x10,standard,random-start,12x10,tf:130,tf:131,true,p1,accepted,,856926318,856928888778964,10
tf_policy_elo_random_start_continuation_g127_g140_2026-08-26,accepted/standard-random-12x10.jsonl#4ed8e9c9e89398c4701b7ba0,standard-random-12x10,standard,random-start,12x10,tf:130,tf:133,true,p2,accepted,,154308811,154309273926433,0
tf_policy_elo_random_start_continuation_g127_g140_2026-08-26,accepted/standard-random-12x10.jsonl#f37497b5c0406cc3d74c4529,standard-random-12x10,standard,random-start,12x10,tf:130,tf:133,true,p1,accepted,,154308811,154309273926435,2
tf_policy_elo_random_start_continuation_g127_g140_2026-08-26,accepted/standard-random-12x10.jsonl#3115c496b3e75af156de786f,standard-random-12x10,standard,random-start,12x10,tf:130,tf:133,true,p2,accepted,,154308811,154309273926437,4
tf_policy_elo_random_start_continuation_g127_g140_2026-08-26,accepted/standard-random-12x10.jsonl#cbab1bfcd4b25091a4bbd277,standard-random-12x10,standard,random-start,12x10,tf:130,tf:133,true,p1,accepted,,154308811,154309273926439,6
tf_policy_elo_random_start_continuation_g127_g140_2026-08-26,accepted/standard-random-12x10.jsonl#af29d327b5ac96198ae4c93b,standard-random-12x10,standard,random-start,12x10,tf:130,tf:133,true,p1,accepted,,154308811,154309273926441,8
tf_policy_elo_random_start_continuation_g127_g140_2026-08-26,accepted/standard-random-12x10.jsonl#167748f27ba94e52ab8264ba,standard-random-12x10,standard,random-start,12x10,tf:130,tf:133,true,p1,accepted,,154308811,154309273926443,10
tf_policy_elo_random_start_continuation_g127_g140_2026-08-26,accepted/standard-random-12x10.jsonl#300a66874591b82d02c86b95,standard-random-12x10,standard,random-start,12x10,tf:130,tf:136,true,p2,accepted,,1859337896,1859343474013688,0
tf_policy_elo_random_start_continuation_g127_g140_2026-08-26,accepted/standard-random-12x10.jsonl#0e7e0077eb478c1cc023e36b,standard-random-12x10,standard,random-start,12x10,tf:130,tf:136,true,p2,accepted,,1859337896,1859343474013690,2
tf_policy_elo_random_start_continuation_g127_g140_2026-08-26,accepted/standard-random-12x10.jsonl#030258eab0b0a19c31af17ec,standard-random-12x10,standard,random-start,12x10,tf:130,tf:136,true,p2,accepted,,1859337896,1859343474013692,4
tf_policy_elo_random_start_continuation_g127_g140_2026-08-26,accepted/standard-random-12x10.jsonl#d60fdb9b3b85a473ec2aad36,standard-random-12x10,standard,random-start,12x10,tf:130,tf:136,true,draw,accepted,,1859337896,1859343474013694,6
tf_policy_elo_random_start_continuation_g127_g140_2026-08-26,accepted/standard-random-12x10.jsonl#57e4c969fc96cefc26c16600,standard-random-12x10,standard,random-start,12x10,tf:130,tf:136,true,p2,accepted,,1859337896,1859343474013696,8
tf_policy_elo_random_start_continuation_g127_g140_2026-08-26,accepted/standard-random-12x10.jsonl#7f83f9bd757b36726299097a,standard-random-12x10,standard,random-start,12x10,tf:130,tf:136,true,p1,accepted,,1859337896,1859343474013698,10
tf_policy_elo_random_start_continuation_g127_g140_2026-08-26,accepted/standard-random-12x10.jsonl#e136ecd21dec06cea07c57f8,standard-random-12x10,standard,random-start,12x10,tf:131,tf:125,false,p2,accepted,,886216202,886218860648607,1
tf_policy_elo_random_start_continuation_g127_g140_2026-08-26,accepted/standard-random-12x10.jsonl#fce5bf8ce3e1d2bbd1f2f87a,standard-random-12x10,standard,random-start,12x10,tf:131,tf:125,false,draw,accepted,,886216202,886218860648609,3
tf_policy_elo_random_start_continuation_g127_g140_2026-08-26,accepted/standard-random-12x10.jsonl#37924f49169f3373bd47cef4,standard-random-12x10,standard,random-start,12x10,tf:131,tf:125,false,p2,accepted,,886216202,886218860648611,5
tf_policy_elo_random_start_continuation_g127_g140_2026-08-26,accepted/standard-random-12x10.jsonl#3650df11db111bd67ddcd1a7,standard-random-12x10,standard,random-start,12x10,tf:131,tf:125,false,p1,accepted,,886216202,886218860648613,7
tf_policy_elo_random_start_continuation_g127_g140_2026-08-26,accepted/standard-random-12x10.jsonl#bb27294cde10250f3f1fdda0,standard-random-12x10,standard,random-start,12x10,tf:131,tf:125,false,p2,accepted,,886216202,886218860648615,9
tf_policy_elo_random_start_continuation_g127_g140_2026-08-26,accepted/standard-random-12x10.jsonl#d3ed5f4a1638a6fb4d8e7972,standard-random-12x10,standard,random-start,12x10,tf:131,tf:125,false,p1,accepted,,886216202,886218860648617,11
tf_policy_elo_random_start_continuation_g127_g140_2026-08-26,accepted/standard-random-12x10.jsonl#256164419adee62dee5e2114,standard-random-12x10,standard,random-start,12x10,tf:131,tf:128,false,p2,accepted,,677677859,677679892033578,1
tf_policy_elo_random_start_continuation_g127_g140_2026-08-26,accepted/standard-random-12x10.jsonl#a2384b5ff81b681f20997bc0,standard-random-12x10,standard,random-start,12x10,tf:131,tf:128,false,draw,accepted,,677677859,677679892033580,3
tf_policy_elo_random_start_continuation_g127_g140_2026-08-26,accepted/standard-random-12x10.jsonl#f59b9b800b5f7aad02e7c665,standard-random-12x10,standard,random-start,12x10,tf:131,tf:128,false,p1,accepted,,677677859,677679892033582,5
tf_policy_elo_random_start_continuation_g127_g140_2026-08-26,accepted/standard-random-12x10.jsonl#2a8b642b62347687f1ee7f45,standard-random-12x10,standard,random-start,12x10,tf:131,tf:128,false,p1,accepted,,677677859,677679892033584,7
tf_policy_elo_random_start_continuation_g127_g140_2026-08-26,accepted/standard-random-12x10.jsonl#dc3e084608f015f0eb6fe1a4,standard-random-12x10,standard,random-start,12x10,tf:131,tf:128,false,p2,accepted,,677677859,677679892033586,9
tf_policy_elo_random_start_continuation_g127_g140_2026-08-26,accepted/standard-random-12x10.jsonl#d99aa3ba5fc9cdc7adf812b3,standard-random-12x10,standard,random-start,12x10,tf:131,tf:128,false,p2,accepted,,677677859,677679892033588,11
tf_policy_elo_random_start_continuation_g127_g140_2026-08-26,accepted/standard-random-12x10.jsonl#4e5e9bad3a938e93c9a08e56,standard-random-12x10,standard,random-start,12x10,tf:131,tf:130,false,p1,accepted,,856926318,856928888778955,1
tf_policy_elo_random_start_continuation_g127_g140_2026-08-26,accepted/standard-random-12x10.jsonl#69ce61400ca69a486033501c,standard-random-12x10,standard,random-start,12x10,tf:131,tf:130,false,p2,accepted,,856926318,856928888778957,3
tf_policy_elo_random_start_continuation_g127_g140_2026-08-26,accepted/standard-random-12x10.jsonl#1175fbb70a9350afec97618f,standard-random-12x10,standard,random-start,12x10,tf:131,tf:130,false,draw,accepted,,856926318,856928888778959,5
tf_policy_elo_random_start_continuation_g127_g140_2026-08-26,accepted/standard-random-12x10.jsonl#3c66fab922d9255b28ef8c53,standard-random-12x10,standard,random-start,12x10,tf:131,tf:130,false,p2,accepted,,856926318,856928888778961,7
tf_policy_elo_random_start_continuation_g127_g140_2026-08-26,accepted/standard-random-12x10.jsonl#19e38abe6d6661865dd0e476,standard-random-12x10,standard,random-start,12x10,tf:131,tf:130,false,p2,accepted,,856926318,856928888778963,9
tf_policy_elo_random_start_continuation_g127_g140_2026-08-26,accepted/standard-random-12x10.jsonl#6f1690ad4abb129519617aaa,standard-random-12x10,standard,random-start,12x10,tf:131,tf:130,false,p1,accepted,,856926318,856928888778965,11
tf_policy_elo_random_start_continuation_g127_g140_2026-08-26,accepted/standard-random-12x10.jsonl#668653811e03821cf73b7e6b,standard-random-12x10,standard,random-start,12x10,tf:131,tf:132,true,p1,accepted,,2089670308,2089676577010924,0
tf_policy_elo_random_start_continuation_g127_g140_2026-08-26,accepted/standard-random-12x10.jsonl#b13e3f1198bb8cf658c108a3,standard-random-12x10,standard,random-start,12x10,tf:131,tf:132,true,p1,accepted,,2089670308,2089676577010926,2
tf_policy_elo_random_start_continuation_g127_g140_2026-08-26,accepted/standard-random-12x10.jsonl#0dddbdcfee19e3b4bbcabef3,standard-random-12x10,standard,random-start,12x10,tf:131,tf:132,true,p1,accepted,,2089670308,2089676577010928,4
tf_policy_elo_random_start_continuation_g127_g140_2026-08-26,accepted/standard-random-12x10.jsonl#a4faa74187935b1d6a39cfce,standard-random-12x10,standard,random-start,12x10,tf:131,tf:132,true,p1,accepted,,2089670308,2089676577010930,6
tf_policy_elo_random_start_continuation_g127_g140_2026-08-26,accepted/standard-random-12x10.jsonl#a920cdbf3d09a058863cfe08,standard-random-12x10,standard,random-start,12x10,tf:131,tf:132,true,p1,accepted,,2089670308,2089676577010932,8
tf_policy_elo_random_start_continuation_g127_g140_2026-08-26,accepted/standard-random-12x10.jsonl#d56968ef09bd7a7c5f915bf4,standard-random-12x10,standard,random-start,12x10,tf:131,tf:132,true,p1,accepted,,2089670308,2089676577010934,10
tf_policy_elo_random_start_continuation_g127_g140_2026-08-26,accepted/standard-random-12x10.jsonl#d617b7df2d7108a76929100f,standard-random-12x10,standard,random-start,12x10,tf:131,tf:134,true,p1,accepted,,1200360179,1200363780080537,0
tf_policy_elo_random_start_continuation_g127_g140_2026-08-26,accepted/standard-random-12x10.jsonl#457cb710b592ca4fbb1cc7ef,standard-random-12x10,standard,random-start,12x10,tf:131,tf:134,true,p1,accepted,,1200360179,1200363780080539,2
tf_policy_elo_random_start_continuation_g127_g140_2026-08-26,accepted/standard-random-12x10.jsonl#8f6e484345bbed123a0a719a,standard-random-12x10,standard,random-start,12x10,tf:131,tf:134,true,p1,accepted,,1200360179,1200363780080541,4
tf_policy_elo_random_start_continuation_g127_g140_2026-08-26,accepted/standard-random-12x10.jsonl#7c5cbf05bb404e70793e568d,standard-random-12x10,standard,random-start,12x10,tf:131,tf:134,true,p2,accepted,,1200360179,1200363780080543,6
tf_policy_elo_random_start_continuation_g127_g140_2026-08-26,accepted/standard-random-12x10.jsonl#7771594981df218d1e5c39e1,standard-random-12x10,standard,random-start,12x10,tf:131,tf:134,true,p2,accepted,,1200360179,1200363780080545,8
tf_policy_elo_random_start_continuation_g127_g140_2026-08-26,accepted/standard-random-12x10.jsonl#99ad74c94c5e8b9b1c416f7f,standard-random-12x10,standard,random-start,12x10,tf:131,tf:134,true,p1,accepted,,1200360179,1200363780080547,10
tf_policy_elo_random_start_continuation_g127_g140_2026-08-26,accepted/standard-random-12x10.jsonl#3dc00e9a458408f548430bb8,standard-random-12x10,standard,random-start,12x10,tf:131,tf:137,true,draw,accepted,,1969759550,1969765459278650,0
tf_policy_elo_random_start_continuation_g127_g140_2026-08-26,accepted/standard-random-12x10.jsonl#abadc5d62a51e0620ed47ee7,standard-random-12x10,standard,random-start,12x10,tf:131,tf:137,true,p1,accepted,,1969759550,1969765459278652,2
tf_policy_elo_random_start_continuation_g127_g140_2026-08-26,accepted/standard-random-12x10.jsonl#83cb0754fa8809a51b50ede5,standard-random-12x10,standard,random-start,12x10,tf:131,tf:137,true,draw,accepted,,1969759550,1969765459278654,4
tf_policy_elo_random_start_continuation_g127_g140_2026-08-26,accepted/standard-random-12x10.jsonl#3ff84ab74ee901c8ea59d27f,standard-random-12x10,standard,random-start,12x10,tf:131,tf:137,true,p2,accepted,,1969759550,1969765459278656,6
tf_policy_elo_random_start_continuation_g127_g140_2026-08-26,accepted/standard-random-12x10.jsonl#871454db68fa8400ee4374f4,standard-random-12x10,standard,random-start,12x10,tf:131,tf:137,true,p1,accepted,,1969759550,1969765459278658,8
tf_policy_elo_random_start_continuation_g127_g140_2026-08-26,accepted/standard-random-12x10.jsonl#8013e25702d7deed2268f361,standard-random-12x10,standard,random-start,12x10,tf:131,tf:137,true,p2,accepted,,1969759550,1969765459278660,10
tf_policy_elo_random_start_continuation_g127_g140_2026-08-26,accepted/standard-random-12x10.jsonl#e3616f59b59f39255f703006,standard-random-12x10,standard,random-start,12x10,tf:132,tf:126,false,p2,accepted,,591775872,591777647327617,1
tf_policy_elo_random_start_continuation_g127_g140_2026-08-26,accepted/standard-random-12x10.jsonl#b4fad5d36b28e51ee66b8496,standard-random-12x10,standard,random-start,12x10,tf:132,tf:126,false,p1,accepted,,591775872,591777647327619,3
tf_policy_elo_random_start_continuation_g127_g140_2026-08-26,accepted/standard-random-12x10.jsonl#61066d8c88c50dc7ce7a71a5,standard-random-12x10,standard,random-start,12x10,tf:132,tf:126,false,p2,accepted,,591775872,591777647327621,5
tf_policy_elo_random_start_continuation_g127_g140_2026-08-26,accepted/standard-random-12x10.jsonl#8ffbe234f60a2f5fd52fa8bf,standard-random-12x10,standard,random-start,12x10,tf:132,tf:126,false,p2,accepted,,591775872,591777647327623,7
tf_policy_elo_random_start_continuation_g127_g140_2026-08-26,accepted/standard-random-12x10.jsonl#ee11c244b801f791b547e5e9,standard-random-12x10,standard,random-start,12x10,tf:132,tf:126,false,p1,accepted,,591775872,591777647327625,9
tf_policy_elo_random_start_continuation_g127_g140_2026-08-26,accepted/standard-random-12x10.jsonl#6f13193973119521254f373d,standard-random-12x10,standard,random-start,12x10,tf:132,tf:126,false,p1,accepted,,591775872,591777647327627,11
tf_policy_elo_random_start_continuation_g127_g140_2026-08-26,accepted/standard-random-12x10.jsonl#cea1c85a938fdc559c20dc7e,standard-random-12x10,standard,random-start,12x10,tf:132,tf:129,false,p1,accepted,,1356724280,1356728350172841,1
tf_policy_elo_random_start_continuation_g127_g140_2026-08-26,accepted/standard-random-12x10.jsonl#d13618a77cf81bf29aa516c3,standard-random-12x10,standard,random-start,12x10,tf:132,tf:129,false,p2,accepted,,1356724280,1356728350172843,3
tf_policy_elo_random_start_continuation_g127_g140_2026-08-26,accepted/standard-random-12x10.jsonl#6cd3af0eed8533a9f757b6d0,standard-random-12x10,standard,random-start,12x10,tf:132,tf:129,false,p1,accepted,,1356724280,1356728350172845,5
tf_policy_elo_random_start_continuation_g127_g140_2026-08-26,accepted/standard-random-12x10.jsonl#000e8a8238687d3e689f7a28,standard-random-12x10,standard,random-start,12x10,tf:132,tf:129,false,draw,accepted,,1356724280,1356728350172847,7
tf_policy_elo_random_start_continuation_g127_g140_2026-08-26,accepted/standard-random-12x10.jsonl#71bdb4de149bb035e7fd7bb3,standard-random-12x10,standard,random-start,12x10,tf:132,tf:129,false,p1,accepted,,1356724280,1356728350172849,9
tf_policy_elo_random_start_continuation_g127_g140_2026-08-26,accepted/standard-random-12x10.jsonl#b214ac67176d769c2a6fff24,standard-random-12x10,standard,random-start,12x10,tf:132,tf:129,false,p1,accepted,,1356724280,1356728350172851,11
tf_policy_elo_random_start_continuation_g127_g140_2026-08-26,accepted/standard-random-12x10.jsonl#92c18b86115be965a3b8c847,standard-random-12x10,standard,random-start,12x10,tf:132,tf:131,false,p1,accepted,,2089670308,2089676577010925,1
tf_policy_elo_random_start_continuation_g127_g140_2026-08-26,accepted/standard-random-12x10.jsonl#61af68516673c2d9124205f0,standard-random-12x10,standard,random-start,12x10,tf:132,tf:131,false,draw,accepted,,2089670308,2089676577010927,3
tf_policy_elo_random_start_continuation_g127_g140_2026-08-26,accepted/standard-random-12x10.jsonl#6c20e534ada027276c00175c,standard-random-12x10,standard,random-start,12x10,tf:132,tf:131,false,p1,accepted,,2089670308,2089676577010929,5
tf_policy_elo_random_start_continuation_g127_g140_2026-08-26,accepted/standard-random-12x10.jsonl#d0723bee637920827c3b13d2,standard-random-12x10,standard,random-start,12x10,tf:132,tf:131,false,p1,accepted,,2089670308,2089676577010931,7
tf_policy_elo_random_start_continuation_g127_g140_2026-08-26,accepted/standard-random-12x10.jsonl#0d0555fc34d79602a55aa4e2,standard-random-12x10,standard,random-start,12x10,tf:132,tf:131,false,draw,accepted,,2089670308,2089676577010933,9
tf_policy_elo_random_start_continuation_g127_g140_2026-08-26,accepted/standard-random-12x10.jsonl#651e8953f52d5595c03e8331,standard-random-12x10,standard,random-start,12x10,tf:132,tf:131,false,p2,accepted,,2089670308,2089676577010935,11
tf_policy_elo_random_start_continuation_g127_g140_2026-08-26,accepted/standard-random-12x10.jsonl#c3595ad38adf9155f989ec3e,standard-random-12x10,standard,random-start,12x10,tf:132,tf:133,true,p1,accepted,,1629326839,1629331726980517,0
tf_policy_elo_random_start_continuation_g127_g140_2026-08-26,accepted/standard-random-12x10.jsonl#70b9af484463ddbbc25a7216,standard-random-12x10,standard,random-start,12x10,tf:132,tf:133,true,draw,accepted,,1629326839,1629331726980519,2
tf_policy_elo_random_start_continuation_g127_g140_2026-08-26,accepted/standard-random-12x10.jsonl#02b35d898ec5926aa4b3ff40,standard-random-12x10,standard,random-start,12x10,tf:132,tf:133,true,p2,accepted,,1629326839,1629331726980521,4
tf_policy_elo_random_start_continuation_g127_g140_2026-08-26,accepted/standard-random-12x10.jsonl#e1bf5120593ce18c5bf1cd66,standard-random-12x10,standard,random-start,12x10,tf:132,tf:133,true,p1,accepted,,1629326839,1629331726980523,6
tf_policy_elo_random_start_continuation_g127_g140_2026-08-26,accepted/standard-random-12x10.jsonl#7aa0d2a99bb25cc21018c700,standard-random-12x10,standard,random-start,12x10,tf:132,tf:133,true,p2,accepted,,1629326839,1629331726980525,8
tf_policy_elo_random_start_continuation_g127_g140_2026-08-26,accepted/standard-random-12x10.jsonl#80a61e4eb38ed34460d46c90,standard-random-12x10,standard,random-start,12x10,tf:132,tf:133,true,p1,accepted,,1629326839,1629331726980527,10
tf_policy_elo_random_start_continuation_g127_g140_2026-08-26,accepted/standard-random-12x10.jsonl#35c8d4ef2e663d8239ab24fe,standard-random-12x10,standard,random-start,12x10,tf:132,tf:135,true,p2,accepted,,1342564044,1342568071692132,0
tf_policy_elo_random_start_continuation_g127_g140_2026-08-26,accepted/standard-random-12x10.jsonl#acf6c91c7d6d1eaacbec7054,standard-random-12x10,standard,random-start,12x10,tf:132,tf:135,true,p1,accepted,,1342564044,1342568071692134,2
tf_policy_elo_random_start_continuation_g127_g140_2026-08-26,accepted/standard-random-12x10.jsonl#3d6d7d726ef4c179d3e4f3eb,standard-random-12x10,standard,random-start,12x10,tf:132,tf:135,true,draw,accepted,,1342564044,1342568071692136,4
tf_policy_elo_random_start_continuation_g127_g140_2026-08-26,accepted/standard-random-12x10.jsonl#7a2866fa57c27b9738a9280d,standard-random-12x10,standard,random-start,12x10,tf:132,tf:135,true,draw,accepted,,1342564044,1342568071692138,6
tf_policy_elo_random_start_continuation_g127_g140_2026-08-26,accepted/standard-random-12x10.jsonl#85e74310e95bcb9ea2654c74,standard-random-12x10,standard,random-start,12x10,tf:132,tf:135,true,draw,accepted,,1342564044,1342568071692140,8
tf_policy_elo_random_start_continuation_g127_g140_2026-08-26,accepted/standard-random-12x10.jsonl#5743da4389d52d85669a7c21,standard-random-12x10,standard,random-start,12x10,tf:132,tf:135,true,p2,accepted,,1342564044,1342568071692142,10
tf_policy_elo_random_start_continuation_g127_g140_2026-08-26,accepted/standard-random-12x10.jsonl#5be67d99ff835cba87fab61c,standard-random-12x10,standard,random-start,12x10,tf:132,tf:138,true,p1,accepted,,1844002965,1844008497008895,0
tf_policy_elo_random_start_continuation_g127_g140_2026-08-26,accepted/standard-random-12x10.jsonl#d293a175539c60cd2d7a5122,standard-random-12x10,standard,random-start,12x10,tf:132,tf:138,true,p1,accepted,,1844002965,1844008497008897,2
tf_policy_elo_random_start_continuation_g127_g140_2026-08-26,accepted/standard-random-12x10.jsonl#742e4dc79d971405ab6e9371,standard-random-12x10,standard,random-start,12x10,tf:132,tf:138,true,draw,accepted,,1844002965,1844008497008899,4
tf_policy_elo_random_start_continuation_g127_g140_2026-08-26,accepted/standard-random-12x10.jsonl#8361f8ac30fed14e245c4fc4,standard-random-12x10,standard,random-start,12x10,tf:132,tf:138,true,p2,accepted,,1844002965,1844008497008901,6
tf_policy_elo_random_start_continuation_g127_g140_2026-08-26,accepted/standard-random-12x10.jsonl#37ab96a2e95b962749edcb2a,standard-random-12x10,standard,random-start,12x10,tf:132,tf:138,true,p2,accepted,,1844002965,1844008497008903,8
tf_policy_elo_random_start_continuation_g127_g140_2026-08-26,accepted/standard-random-12x10.jsonl#7f563555486e2d08922d1a3b,standard-random-12x10,standard,random-start,12x10,tf:132,tf:138,true,p2,accepted,,1844002965,1844008497008905,10
tf_policy_elo_random_start_continuation_g127_g140_2026-08-26,accepted/standard-random-12x10.jsonl#170f4c9a903e07cc54a31d22,standard-random-12x10,standard,random-start,12x10,tf:133,tf:127,false,p1,accepted,,706240146,706242264720439,1
tf_policy_elo_random_start_continuation_g127_g140_2026-08-26,accepted/standard-random-12x10.jsonl#bf0139e56e33720ca7df984c,standard-random-12x10,standard,random-start,12x10,tf:133,tf:127,false,p1,accepted,,706240146,706242264720441,3
tf_policy_elo_random_start_continuation_g127_g140_2026-08-26,accepted/standard-random-12x10.jsonl#41252eb7cc9d70981713e072,standard-random-12x10,standard,random-start,12x10,tf:133,tf:127,false,p1,accepted,,706240146,706242264720443,5
tf_policy_elo_random_start_continuation_g127_g140_2026-08-26,accepted/standard-random-12x10.jsonl#8aa7d394c60d302c20608875,standard-random-12x10,standard,random-start,12x10,tf:133,tf:127,false,p2,accepted,,706240146,706242264720445,7
tf_policy_elo_random_start_continuation_g127_g140_2026-08-26,accepted/standard-random-12x10.jsonl#cabbad4dd551cf35bfbdb15d,standard-random-12x10,standard,random-start,12x10,tf:133,tf:127,false,p1,accepted,,706240146,706242264720447,9
tf_policy_elo_random_start_continuation_g127_g140_2026-08-26,accepted/standard-random-12x10.jsonl#5807556b3a5aa4fe9bc4b711,standard-random-12x10,standard,random-start,12x10,tf:133,tf:127,false,draw,accepted,,706240146,706242264720449,11
tf_policy_elo_random_start_continuation_g127_g140_2026-08-26,accepted/standard-random-12x10.jsonl#ed4df33caf18dad2ef1b37fb,standard-random-12x10,standard,random-start,12x10,tf:133,tf:130,false,p2,accepted,,154308811,154309273926434,1
tf_policy_elo_random_start_continuation_g127_g140_2026-08-26,accepted/standard-random-12x10.jsonl#543e6d7a1d5a43af9f69f55b,standard-random-12x10,standard,random-start,12x10,tf:133,tf:130,false,p2,accepted,,154308811,154309273926436,3
tf_policy_elo_random_start_continuation_g127_g140_2026-08-26,accepted/standard-random-12x10.jsonl#d1a6968f830a18d9285b70db,standard-random-12x10,standard,random-start,12x10,tf:133,tf:130,false,p1,accepted,,154308811,154309273926438,5
tf_policy_elo_random_start_continuation_g127_g140_2026-08-26,accepted/standard-random-12x10.jsonl#091cfadffa42f0360c94aeb9,standard-random-12x10,standard,random-start,12x10,tf:133,tf:130,false,p2,accepted,,154308811,154309273926440,7
tf_policy_elo_random_start_continuation_g127_g140_2026-08-26,accepted/standard-random-12x10.jsonl#cf8bfa796a5bec2c76526d0e,standard-random-12x10,standard,random-start,12x10,tf:133,tf:130,false,p1,accepted,,154308811,154309273926442,9
tf_policy_elo_random_start_continuation_g127_g140_2026-08-26,accepted/standard-random-12x10.jsonl#673169a298bbbc19d0a67f3d,standard-random-12x10,standard,random-start,12x10,tf:133,tf:130,false,p1,accepted,,154308811,154309273926444,11
tf_policy_elo_random_start_continuation_g127_g140_2026-08-26,accepted/standard-random-12x10.jsonl#b83efebf2f16e4d1e7dffd2a,standard-random-12x10,standard,random-start,12x10,tf:133,tf:132,false,p1,accepted,,1629326839,1629331726980518,1
tf_policy_elo_random_start_continuation_g127_g140_2026-08-26,accepted/standard-random-12x10.jsonl#607d549a94622689fb810337,standard-random-12x10,standard,random-start,12x10,tf:133,tf:132,false,draw,accepted,,1629326839,1629331726980520,3
tf_policy_elo_random_start_continuation_g127_g140_2026-08-26,accepted/standard-random-12x10.jsonl#0609c9aef0f2098d1bfa0d52,standard-random-12x10,standard,random-start,12x10,tf:133,tf:132,false,p2,accepted,,1629326839,1629331726980522,5
tf_policy_elo_random_start_continuation_g127_g140_2026-08-26,accepted/standard-random-12x10.jsonl#6dc8f32dc06227d244e92d2e,standard-random-12x10,standard,random-start,12x10,tf:133,tf:132,false,draw,accepted,,1629326839,1629331726980524,7
tf_policy_elo_random_start_continuation_g127_g140_2026-08-26,accepted/standard-random-12x10.jsonl#2ebad50319b527a01504995d,standard-random-12x10,standard,random-start,12x10,tf:133,tf:132,false,p2,accepted,,1629326839,1629331726980526,9
tf_policy_elo_random_start_continuation_g127_g140_2026-08-26,accepted/standard-random-12x10.jsonl#023cd75502d7f4db11346f74,standard-random-12x10,standard,random-start,12x10,tf:133,tf:132,false,p2,accepted,,1629326839,1629331726980528,11
tf_policy_elo_random_start_continuation_g127_g140_2026-08-26,accepted/standard-random-12x10.jsonl#80b0027fe32d884267b27a84,standard-random-12x10,standard,random-start,12x10,tf:133,tf:134,true,p1,accepted,,1807417165,1807422587251495,0
tf_policy_elo_random_start_continuation_g127_g140_2026-08-26,accepted/standard-random-12x10.jsonl#f97c67901e4ce24e655a8f8f,standard-random-12x10,standard,random-start,12x10,tf:133,tf:134,true,draw,accepted,,1807417165,1807422587251497,2
tf_policy_elo_random_start_continuation_g127_g140_2026-08-26,accepted/standard-random-12x10.jsonl#ed880f5d0d5626835fbbae6d,standard-random-12x10,standard,random-start,12x10,tf:133,tf:134,true,p2,accepted,,1807417165,1807422587251499,4
tf_policy_elo_random_start_continuation_g127_g140_2026-08-26,accepted/standard-random-12x10.jsonl#d9f5991cf4ddd316572c2f7b,standard-random-12x10,standard,random-start,12x10,tf:133,tf:134,true,p1,accepted,,1807417165,1807422587251501,6
tf_policy_elo_random_start_continuation_g127_g140_2026-08-26,accepted/standard-random-12x10.jsonl#25677bffa84f4d0f66963cfc,standard-random-12x10,standard,random-start,12x10,tf:133,tf:134,true,p2,accepted,,1807417165,1807422587251503,8
tf_policy_elo_random_start_continuation_g127_g140_2026-08-26,accepted/standard-random-12x10.jsonl#46661c13423c7ca97dd13823,standard-random-12x10,standard,random-start,12x10,tf:133,tf:134,true,p1,accepted,,1807417165,1807422587251505,10
tf_policy_elo_random_start_continuation_g127_g140_2026-08-26,accepted/standard-random-12x10.jsonl#4c092e4404556b56659d8a8e,standard-random-12x10,standard,random-start,12x10,tf:133,tf:136,true,p1,accepted,,28423245,28423330269735,0
tf_policy_elo_random_start_continuation_g127_g140_2026-08-26,accepted/standard-random-12x10.jsonl#a3d1d4816d557e8621a9b7e3,standard-random-12x10,standard,random-start,12x10,tf:133,tf:136,true,p1,accepted,,28423245,28423330269737,2
tf_policy_elo_random_start_continuation_g127_g140_2026-08-26,accepted/standard-random-12x10.jsonl#e982bef5b5dd63b9f7548b02,standard-random-12x10,standard,random-start,12x10,tf:133,tf:136,true,draw,accepted,,28423245,28423330269739,4
tf_policy_elo_random_start_continuation_g127_g140_2026-08-26,accepted/standard-random-12x10.jsonl#3082f43faa93e8da68a2b9b3,standard-random-12x10,standard,random-start,12x10,tf:133,tf:136,true,p1,accepted,,28423245,28423330269741,6
tf_policy_elo_random_start_continuation_g127_g140_2026-08-26,accepted/standard-random-12x10.jsonl#5fe23e3d77150dcbeaac0fb8,standard-random-12x10,standard,random-start,12x10,tf:133,tf:136,true,p2,accepted,,28423245,28423330269743,8
tf_policy_elo_random_start_continuation_g127_g140_2026-08-26,accepted/standard-random-12x10.jsonl#cc2979ab7915ffb633eb254e,standard-random-12x10,standard,random-start,12x10,tf:133,tf:136,true,p2,accepted,,28423245,28423330269745,10
tf_policy_elo_random_start_continuation_g127_g140_2026-08-26,accepted/standard-random-12x10.jsonl#3adfaa8735db0aeb420cb8b9,standard-random-12x10,standard,random-start,12x10,tf:133,tf:139,true,p1,accepted,,1708598034,1708603159794102,0
tf_policy_elo_random_start_continuation_g127_g140_2026-08-26,accepted/standard-random-12x10.jsonl#4c8925c7e713d4251bea4585,standard-random-12x10,standard,random-start,12x10,tf:133,tf:139,true,p1,accepted,,1708598034,1708603159794104,2
tf_policy_elo_random_start_continuation_g127_g140_2026-08-26,accepted/standard-random-12x10.jsonl#0c5fd43ea3d092cb098704c0,standard-random-12x10,standard,random-start,12x10,tf:133,tf:139,true,p2,accepted,,1708598034,1708603159794106,4
tf_policy_elo_random_start_continuation_g127_g140_2026-08-26,accepted/standard-random-12x10.jsonl#a0175f3533cc448ebd57fb51,standard-random-12x10,standard,random-start,12x10,tf:133,tf:139,true,p1,accepted,,1708598034,1708603159794108,6
tf_policy_elo_random_start_continuation_g127_g140_2026-08-26,accepted/standard-random-12x10.jsonl#5e31c754d1839b5982c46be2,standard-random-12x10,standard,random-start,12x10,tf:133,tf:139,true,p2,accepted,,1708598034,1708603159794110,8
tf_policy_elo_random_start_continuation_g127_g140_2026-08-26,accepted/standard-random-12x10.jsonl#562b45c8e97d17c84cff9a5a,standard-random-12x10,standard,random-start,12x10,tf:133,tf:139,true,p2,accepted,,1708598034,1708603159794112,10
tf_policy_elo_random_start_continuation_g127_g140_2026-08-26,accepted/standard-random-12x10.jsonl#ce65121a53735d126ed73f2c,standard-random-12x10,standard,random-start,12x10,tf:134,tf:128,false,p2,accepted,,2119849915,2119856274549746,1
tf_policy_elo_random_start_continuation_g127_g140_2026-08-26,accepted/standard-random-12x10.jsonl#2bbb29e9057f9b071d1310c7,standard-random-12x10,standard,random-start,12x10,tf:134,tf:128,false,draw,accepted,,2119849915,2119856274549748,3
tf_policy_elo_random_start_continuation_g127_g140_2026-08-26,accepted/standard-random-12x10.jsonl#a7eb44638bd8fa3703efaaff,standard-random-12x10,standard,random-start,12x10,tf:134,tf:128,false,p1,accepted,,2119849915,2119856274549750,5
tf_policy_elo_random_start_continuation_g127_g140_2026-08-26,accepted/standard-random-12x10.jsonl#f561e3a9a838c4b2e80ef2bc,standard-random-12x10,standard,random-start,12x10,tf:134,tf:128,false,p2,accepted,,2119849915,2119856274549752,7
tf_policy_elo_random_start_continuation_g127_g140_2026-08-26,accepted/standard-random-12x10.jsonl#41ff4193c485b8ae08b7612d,standard-random-12x10,standard,random-start,12x10,tf:134,tf:128,false,p1,accepted,,2119849915,2119856274549754,9
tf_policy_elo_random_start_continuation_g127_g140_2026-08-26,accepted/standard-random-12x10.jsonl#41a33eb0e65d6a6354e530d3,standard-random-12x10,standard,random-start,12x10,tf:134,tf:128,false,draw,accepted,,2119849915,2119856274549756,11
tf_policy_elo_random_start_continuation_g127_g140_2026-08-26,accepted/standard-random-12x10.jsonl#ea0dffea3df359c805fe3af1,standard-random-12x10,standard,random-start,12x10,tf:134,tf:131,false,p1,accepted,,1200360179,1200363780080538,1
tf_policy_elo_random_start_continuation_g127_g140_2026-08-26,accepted/standard-random-12x10.jsonl#ad3785de65319d7b9974afd5,standard-random-12x10,standard,random-start,12x10,tf:134,tf:131,false,p1,accepted,,1200360179,1200363780080540,3
tf_policy_elo_random_start_continuation_g127_g140_2026-08-26,accepted/standard-random-12x10.jsonl#2c8239315ee45662d24a6e40,standard-random-12x10,standard,random-start,12x10,tf:134,tf:131,false,p2,accepted,,1200360179,1200363780080542,5
tf_policy_elo_random_start_continuation_g127_g140_2026-08-26,accepted/standard-random-12x10.jsonl#98522def5d1cce39c84a8253,standard-random-12x10,standard,random-start,12x10,tf:134,tf:131,false,p2,accepted,,1200360179,1200363780080544,7
tf_policy_elo_random_start_continuation_g127_g140_2026-08-26,accepted/standard-random-12x10.jsonl#8472264dd2b6eeb7eb353fc9,standard-random-12x10,standard,random-start,12x10,tf:134,tf:131,false,p1,accepted,,1200360179,1200363780080546,9
tf_policy_elo_random_start_continuation_g127_g140_2026-08-26,accepted/standard-random-12x10.jsonl#c18f59cda3aaf56ee24d7b6f,standard-random-12x10,standard,random-start,12x10,tf:134,tf:131,false,p1,accepted,,1200360179,1200363780080548,11
tf_policy_elo_random_start_continuation_g127_g140_2026-08-26,accepted/standard-random-12x10.jsonl#aada9d85078290e1da6befbb,standard-random-12x10,standard,random-start,12x10,tf:134,tf:133,false,p2,accepted,,1807417165,1807422587251496,1
tf_policy_elo_random_start_continuation_g127_g140_2026-08-26,accepted/standard-random-12x10.jsonl#c50aa16596390bae6911c1b4,standard-random-12x10,standard,random-start,12x10,tf:134,tf:133,false,p1,accepted,,1807417165,1807422587251498,3
tf_policy_elo_random_start_continuation_g127_g140_2026-08-26,accepted/standard-random-12x10.jsonl#2a2a0e6f99b013a707b0b6a3,standard-random-12x10,standard,random-start,12x10,tf:134,tf:133,false,p1,accepted,,1807417165,1807422587251500,5
tf_policy_elo_random_start_continuation_g127_g140_2026-08-26,accepted/standard-random-12x10.jsonl#ad238920405db36484ec34c3,standard-random-12x10,standard,random-start,12x10,tf:134,tf:133,false,p1,accepted,,1807417165,1807422587251502,7
tf_policy_elo_random_start_continuation_g127_g140_2026-08-26,accepted/standard-random-12x10.jsonl#209fe26bebe5d30c4b83e6a1,standard-random-12x10,standard,random-start,12x10,tf:134,tf:133,false,p1,accepted,,1807417165,1807422587251504,9
tf_policy_elo_random_start_continuation_g127_g140_2026-08-26,accepted/standard-random-12x10.jsonl#dbe4792eba2e6ff09dfaf750,standard-random-12x10,standard,random-start,12x10,tf:134,tf:133,false,p1,accepted,,1807417165,1807422587251506,11
tf_policy_elo_random_start_continuation_g127_g140_2026-08-26,accepted/standard-random-12x10.jsonl#ba5705c23b97d5d0123dce7e,standard-random-12x10,standard,random-start,12x10,tf:134,tf:135,true,p2,accepted,,383078011,383079160234033,0
tf_policy_elo_random_start_continuation_g127_g140_2026-08-26,accepted/standard-random-12x10.jsonl#a1ba37ad9f7578a2460d37dc,standard-random-12x10,standard,random-start,12x10,tf:134,tf:135,true,p2,accepted,,383078011,383079160234035,2
tf_policy_elo_random_start_continuation_g127_g140_2026-08-26,accepted/standard-random-12x10.jsonl#e170d097a7eeccde79030cdc,standard-random-12x10,standard,random-start,12x10,tf:134,tf:135,true,draw,accepted,,383078011,383079160234037,4
tf_policy_elo_random_start_continuation_g127_g140_2026-08-26,accepted/standard-random-12x10.jsonl#415703117ec93efa6d24d0c3,standard-random-12x10,standard,random-start,12x10,tf:134,tf:135,true,p1,accepted,,383078011,383079160234039,6
tf_policy_elo_random_start_continuation_g127_g140_2026-08-26,accepted/standard-random-12x10.jsonl#aaf78de04adb24049ef10c2c,standard-random-12x10,standard,random-start,12x10,tf:134,tf:135,true,p1,accepted,,383078011,383079160234041,8
tf_policy_elo_random_start_continuation_g127_g140_2026-08-26,accepted/standard-random-12x10.jsonl#dc7ce4addc16e73d8d5831a1,standard-random-12x10,standard,random-start,12x10,tf:134,tf:135,true,p1,accepted,,383078011,383079160234043,10
tf_policy_elo_random_start_continuation_g127_g140_2026-08-26,accepted/standard-random-12x10.jsonl#4e56d284fd7e8474ed331a21,standard-random-12x10,standard,random-start,12x10,tf:134,tf:137,true,draw,accepted,,1677141713,1677146744425139,0
tf_policy_elo_random_start_continuation_g127_g140_2026-08-26,accepted/standard-random-12x10.jsonl#38f5d7a19468b75eebda0cbb,standard-random-12x10,standard,random-start,12x10,tf:134,tf:137,true,p2,accepted,,1677141713,1677146744425141,2
tf_policy_elo_random_start_continuation_g127_g140_2026-08-26,accepted/standard-random-12x10.jsonl#1bde2d4a7c70eb28914cf5e0,standard-random-12x10,standard,random-start,12x10,tf:134,tf:137,true,p2,accepted,,1677141713,1677146744425143,4
tf_policy_elo_random_start_continuation_g127_g140_2026-08-26,accepted/standard-random-12x10.jsonl#589b489d6b158201ba17012f,standard-random-12x10,standard,random-start,12x10,tf:134,tf:137,true,draw,accepted,,1677141713,1677146744425145,6
tf_policy_elo_random_start_continuation_g127_g140_2026-08-26,accepted/standard-random-12x10.jsonl#ec1f2970b20320d4afddc211,standard-random-12x10,standard,random-start,12x10,tf:134,tf:137,true,draw,accepted,,1677141713,1677146744425147,8
tf_policy_elo_random_start_continuation_g127_g140_2026-08-26,accepted/standard-random-12x10.jsonl#2dafeda0cbc424da4fb801ae,standard-random-12x10,standard,random-start,12x10,tf:134,tf:137,true,p1,accepted,,1677141713,1677146744425149,10
tf_policy_elo_random_start_continuation_g127_g140_2026-08-26,accepted/standard-random-12x10.jsonl#6c8175ef824f4a7617f49fe4,standard-random-12x10,standard,random-start,12x10,tf:134,tf:140,true,p1,accepted,,704094975,704097087284925,0
tf_policy_elo_random_start_continuation_g127_g140_2026-08-26,accepted/standard-random-12x10.jsonl#d12e53b17da78eef9d330fc5,standard-random-12x10,standard,random-start,12x10,tf:134,tf:140,true,p2,accepted,,704094975,704097087284927,2
tf_policy_elo_random_start_continuation_g127_g140_2026-08-26,accepted/standard-random-12x10.jsonl#a69ed074481b4533a8f13d4b,standard-random-12x10,standard,random-start,12x10,tf:134,tf:140,true,p2,accepted,,704094975,704097087284929,4
tf_policy_elo_random_start_continuation_g127_g140_2026-08-26,accepted/standard-random-12x10.jsonl#5f6882c631df47e22249207c,standard-random-12x10,standard,random-start,12x10,tf:134,tf:140,true,draw,accepted,,704094975,704097087284931,6
tf_policy_elo_random_start_continuation_g127_g140_2026-08-26,accepted/standard-random-12x10.jsonl#22b249e3ded06943bce497db,standard-random-12x10,standard,random-start,12x10,tf:134,tf:140,true,p2,accepted,,704094975,704097087284933,8
tf_policy_elo_random_start_continuation_g127_g140_2026-08-26,accepted/standard-random-12x10.jsonl#ab4423f2158a525cb99863d2,standard-random-12x10,standard,random-start,12x10,tf:134,tf:140,true,p2,accepted,,704094975,704097087284935,10
tf_policy_elo_random_start_continuation_g127_g140_2026-08-26,accepted/standard-random-12x10.jsonl#f9bd59703ec8db77260ef510,standard-random-12x10,standard,random-start,12x10,tf:135,tf:129,false,p1,accepted,,1160628372,1160631853885117,1
tf_policy_elo_random_start_continuation_g127_g140_2026-08-26,accepted/standard-random-12x10.jsonl#ff3b766f370f72012434f186,standard-random-12x10,standard,random-start,12x10,tf:135,tf:129,false,p1,accepted,,1160628372,1160631853885119,3
tf_policy_elo_random_start_continuation_g127_g140_2026-08-26,accepted/standard-random-12x10.jsonl#42b096ba8e89d52770679558,standard-random-12x10,standard,random-start,12x10,tf:135,tf:129,false,p1,accepted,,1160628372,1160631853885121,5
tf_policy_elo_random_start_continuation_g127_g140_2026-08-26,accepted/standard-random-12x10.jsonl#57db47e33fec4cd4f548e61a,standard-random-12x10,standard,random-start,12x10,tf:135,tf:129,false,p1,accepted,,1160628372,1160631853885123,7
tf_policy_elo_random_start_continuation_g127_g140_2026-08-26,accepted/standard-random-12x10.jsonl#dab59f41d10a978040afe2c9,standard-random-12x10,standard,random-start,12x10,tf:135,tf:129,false,draw,accepted,,1160628372,1160631853885125,9
tf_policy_elo_random_start_continuation_g127_g140_2026-08-26,accepted/standard-random-12x10.jsonl#cbcca680017f435c32efcf54,standard-random-12x10,standard,random-start,12x10,tf:135,tf:129,false,p1,accepted,,1160628372,1160631853885127,11
tf_policy_elo_random_start_continuation_g127_g140_2026-08-26,accepted/standard-random-12x10.jsonl#a2a233578de47c083f95f3e6,standard-random-12x10,standard,random-start,12x10,tf:135,tf:132,false,p1,accepted,,1342564044,1342568071692133,1
tf_policy_elo_random_start_continuation_g127_g140_2026-08-26,accepted/standard-random-12x10.jsonl#2562305454e4e9f0b9c5baea,standard-random-12x10,standard,random-start,12x10,tf:135,tf:132,false,p2,accepted,,1342564044,1342568071692135,3
tf_policy_elo_random_start_continuation_g127_g140_2026-08-26,accepted/standard-random-12x10.jsonl#cae16477b17a60f102375b67,standard-random-12x10,standard,random-start,12x10,tf:135,tf:132,false,p2,accepted,,1342564044,1342568071692137,5
tf_policy_elo_random_start_continuation_g127_g140_2026-08-26,accepted/standard-random-12x10.jsonl#6676ab15eb065f4ece28f967,standard-random-12x10,standard,random-start,12x10,tf:135,tf:132,false,p1,accepted,,1342564044,1342568071692139,7
tf_policy_elo_random_start_continuation_g127_g140_2026-08-26,accepted/standard-random-12x10.jsonl#daf7c713e8a3518a51f4b8cc,standard-random-12x10,standard,random-start,12x10,tf:135,tf:132,false,p2,accepted,,1342564044,1342568071692141,9
tf_policy_elo_random_start_continuation_g127_g140_2026-08-26,accepted/standard-random-12x10.jsonl#ce35ce13cfe8c03137e743f5,standard-random-12x10,standard,random-start,12x10,tf:135,tf:132,false,draw,accepted,,1342564044,1342568071692143,11
tf_policy_elo_random_start_continuation_g127_g140_2026-08-26,accepted/standard-random-12x10.jsonl#fe80114646d5d0ae9a67d71c,standard-random-12x10,standard,random-start,12x10,tf:135,tf:134,false,p2,accepted,,383078011,383079160234034,1
tf_policy_elo_random_start_continuation_g127_g140_2026-08-26,accepted/standard-random-12x10.jsonl#9f8dd4e427bda64a5ac83fd6,standard-random-12x10,standard,random-start,12x10,tf:135,tf:134,false,p2,accepted,,383078011,383079160234036,3
tf_policy_elo_random_start_continuation_g127_g140_2026-08-26,accepted/standard-random-12x10.jsonl#2183885943202fe7aefb6941,standard-random-12x10,standard,random-start,12x10,tf:135,tf:134,false,p1,accepted,,383078011,383079160234038,5
tf_policy_elo_random_start_continuation_g127_g140_2026-08-26,accepted/standard-random-12x10.jsonl#5ba2f61821d4554f8b16eb8f,standard-random-12x10,standard,random-start,12x10,tf:135,tf:134,false,p1,accepted,,383078011,383079160234040,7
tf_policy_elo_random_start_continuation_g127_g140_2026-08-26,accepted/standard-random-12x10.jsonl#fa1ab57f3dfac3c20485d9e7,standard-random-12x10,standard,random-start,12x10,tf:135,tf:134,false,p1,accepted,,383078011,383079160234042,9
tf_policy_elo_random_start_continuation_g127_g140_2026-08-26,accepted/standard-random-12x10.jsonl#cfbd80251d014821763197e7,standard-random-12x10,standard,random-start,12x10,tf:135,tf:134,false,draw,accepted,,383078011,383079160234044,11
tf_policy_elo_random_start_continuation_g127_g140_2026-08-26,accepted/standard-random-12x10.jsonl#5d2ed47e01211c110200a2f1,standard-random-12x10,standard,random-start,12x10,tf:135,tf:136,true,p2,accepted,,707409034,707411156227102,0
tf_policy_elo_random_start_continuation_g127_g140_2026-08-26,accepted/standard-random-12x10.jsonl#f3b316e9770f859ca29aa6ba,standard-random-12x10,standard,random-start,12x10,tf:135,tf:136,true,p1,accepted,,707409034,707411156227104,2
tf_policy_elo_random_start_continuation_g127_g140_2026-08-26,accepted/standard-random-12x10.jsonl#a6a40b63f6690c7eb23f58f9,standard-random-12x10,standard,random-start,12x10,tf:135,tf:136,true,p2,accepted,,707409034,707411156227106,4
tf_policy_elo_random_start_continuation_g127_g140_2026-08-26,accepted/standard-random-12x10.jsonl#1ad410030efdc826c7156082,standard-random-12x10,standard,random-start,12x10,tf:135,tf:136,true,p2,accepted,,707409034,707411156227108,6
tf_policy_elo_random_start_continuation_g127_g140_2026-08-26,accepted/standard-random-12x10.jsonl#9800e071c874bc0aad705315,standard-random-12x10,standard,random-start,12x10,tf:135,tf:136,true,draw,accepted,,707409034,707411156227110,8
tf_policy_elo_random_start_continuation_g127_g140_2026-08-26,accepted/standard-random-12x10.jsonl#1f5b1fadb94d66f94b70ff44,standard-random-12x10,standard,random-start,12x10,tf:135,tf:136,true,p2,accepted,,707409034,707411156227112,10
tf_policy_elo_random_start_continuation_g127_g140_2026-08-26,accepted/standard-random-12x10.jsonl#8575a27e0dd1b334cb08452d,standard-random-12x10,standard,random-start,12x10,tf:135,tf:138,true,p1,accepted,,2055776613,2055782780329839,0
tf_policy_elo_random_start_continuation_g127_g140_2026-08-26,accepted/standard-random-12x10.jsonl#e5aa2800970bdbaaed800ff2,standard-random-12x10,standard,random-start,12x10,tf:135,tf:138,true,p1,accepted,,2055776613,2055782780329841,2
tf_policy_elo_random_start_continuation_g127_g140_2026-08-26,accepted/standard-random-12x10.jsonl#cadc8304aa7681041f837d69,standard-random-12x10,standard,random-start,12x10,tf:135,tf:138,true,p1,accepted,,2055776613,2055782780329843,4
tf_policy_elo_random_start_continuation_g127_g140_2026-08-26,accepted/standard-random-12x10.jsonl#d02fd9d218889cb4c7f57026,standard-random-12x10,standard,random-start,12x10,tf:135,tf:138,true,draw,accepted,,2055776613,2055782780329845,6
tf_policy_elo_random_start_continuation_g127_g140_2026-08-26,accepted/standard-random-12x10.jsonl#4fd3d73660aeee1a7153a973,standard-random-12x10,standard,random-start,12x10,tf:135,tf:138,true,p1,accepted,,2055776613,2055782780329847,8
tf_policy_elo_random_start_continuation_g127_g140_2026-08-26,accepted/standard-random-12x10.jsonl#cd36176eabd88db4185bf309,standard-random-12x10,standard,random-start,12x10,tf:135,tf:138,true,p1,accepted,,2055776613,2055782780329849,10
tf_policy_elo_random_start_continuation_g127_g140_2026-08-26,accepted/standard-random-12x10.jsonl#aaabcc5230b1baab9b91bf3a,standard-random-12x10,standard,random-start,12x10,tf:136,tf:130,false,p1,accepted,,1859337896,1859343474013689,1
tf_policy_elo_random_start_continuation_g127_g140_2026-08-26,accepted/standard-random-12x10.jsonl#8bdbc5cbefaa3eb379606a3e,standard-random-12x10,standard,random-start,12x10,tf:136,tf:130,false,draw,accepted,,1859337896,1859343474013691,3
tf_policy_elo_random_start_continuation_g127_g140_2026-08-26,accepted/standard-random-12x10.jsonl#b087ef2206f153b5bd27c3a2,standard-random-12x10,standard,random-start,12x10,tf:136,tf:130,false,p1,accepted,,1859337896,1859343474013693,5
tf_policy_elo_random_start_continuation_g127_g140_2026-08-26,accepted/standard-random-12x10.jsonl#fc8f9d0cac6e608a454cb48f,standard-random-12x10,standard,random-start,12x10,tf:136,tf:130,false,p1,accepted,,1859337896,1859343474013695,7
tf_policy_elo_random_start_continuation_g127_g140_2026-08-26,accepted/standard-random-12x10.jsonl#5f02d2630053a1c8bcce53b8,standard-random-12x10,standard,random-start,12x10,tf:136,tf:130,false,p1,accepted,,1859337896,1859343474013697,9
tf_policy_elo_random_start_continuation_g127_g140_2026-08-26,accepted/standard-random-12x10.jsonl#b02069ee4755bd80c5d80efd,standard-random-12x10,standard,random-start,12x10,tf:136,tf:130,false,draw,accepted,,1859337896,1859343474013699,11
tf_policy_elo_random_start_continuation_g127_g140_2026-08-26,accepted/standard-random-12x10.jsonl#d585d8c5d145ae10c8adab1d,standard-random-12x10,standard,random-start,12x10,tf:136,tf:133,false,p1,accepted,,28423245,28423330269736,1
tf_policy_elo_random_start_continuation_g127_g140_2026-08-26,accepted/standard-random-12x10.jsonl#2311000cdd32b8d5bacdf664,standard-random-12x10,standard,random-start,12x10,tf:136,tf:133,false,p1,accepted,,28423245,28423330269738,3
tf_policy_elo_random_start_continuation_g127_g140_2026-08-26,accepted/standard-random-12x10.jsonl#6dfb89c4a02eb5f0fa6eb8e9,standard-random-12x10,standard,random-start,12x10,tf:136,tf:133,false,p1,accepted,,28423245,28423330269740,5
tf_policy_elo_random_start_continuation_g127_g140_2026-08-26,accepted/standard-random-12x10.jsonl#9e2cd1fca9730d1ccdc77d52,standard-random-12x10,standard,random-start,12x10,tf:136,tf:133,false,draw,accepted,,28423245,28423330269742,7
tf_policy_elo_random_start_continuation_g127_g140_2026-08-26,accepted/standard-random-12x10.jsonl#1883320c729cc54f19bb2bb6,standard-random-12x10,standard,random-start,12x10,tf:136,tf:133,false,draw,accepted,,28423245,28423330269744,9
tf_policy_elo_random_start_continuation_g127_g140_2026-08-26,accepted/standard-random-12x10.jsonl#3871980467b48ac86eac1d89,standard-random-12x10,standard,random-start,12x10,tf:136,tf:133,false,p2,accepted,,28423245,28423330269746,11
tf_policy_elo_random_start_continuation_g127_g140_2026-08-26,accepted/standard-random-12x10.jsonl#60ee6bc5f4a5e2552342fb01,standard-random-12x10,standard,random-start,12x10,tf:136,tf:135,false,draw,accepted,,707409034,707411156227103,1
tf_policy_elo_random_start_continuation_g127_g140_2026-08-26,accepted/standard-random-12x10.jsonl#3755923df1a3a810e09c5cb9,standard-random-12x10,standard,random-start,12x10,tf:136,tf:135,false,p2,accepted,,707409034,707411156227105,3
tf_policy_elo_random_start_continuation_g127_g140_2026-08-26,accepted/standard-random-12x10.jsonl#ffee7312ae6409d4a33ff4ab,standard-random-12x10,standard,random-start,12x10,tf:136,tf:135,false,p1,accepted,,707409034,707411156227107,5
tf_policy_elo_random_start_continuation_g127_g140_2026-08-26,accepted/standard-random-12x10.jsonl#7d722ca18509ea98e6282452,standard-random-12x10,standard,random-start,12x10,tf:136,tf:135,false,p1,accepted,,707409034,707411156227109,7
tf_policy_elo_random_start_continuation_g127_g140_2026-08-26,accepted/standard-random-12x10.jsonl#296fa14ae2e250a7674bc41d,standard-random-12x10,standard,random-start,12x10,tf:136,tf:135,false,p1,accepted,,707409034,707411156227111,9
tf_policy_elo_random_start_continuation_g127_g140_2026-08-26,accepted/standard-random-12x10.jsonl#3b029779b2f2bbc13125158e,standard-random-12x10,standard,random-start,12x10,tf:136,tf:135,false,p2,accepted,,707409034,707411156227113,11
tf_policy_elo_random_start_continuation_g127_g140_2026-08-26,accepted/standard-random-12x10.jsonl#0506167ba2aa520fd5f1c731,standard-random-12x10,standard,random-start,12x10,tf:136,tf:137,true,p2,accepted,,243316271,243317000948813,0
tf_policy_elo_random_start_continuation_g127_g140_2026-08-26,accepted/standard-random-12x10.jsonl#5fba9b489e7255ea1240b999,standard-random-12x10,standard,random-start,12x10,tf:136,tf:137,true,p2,accepted,,243316271,243317000948815,2
tf_policy_elo_random_start_continuation_g127_g140_2026-08-26,accepted/standard-random-12x10.jsonl#66110ec24a8fe8000b62b6a0,standard-random-12x10,standard,random-start,12x10,tf:136,tf:137,true,p1,accepted,,243316271,243317000948817,4
tf_policy_elo_random_start_continuation_g127_g140_2026-08-26,accepted/standard-random-12x10.jsonl#6bbece2b30beb558863ccaf2,standard-random-12x10,standard,random-start,12x10,tf:136,tf:137,true,p2,accepted,,243316271,243317000948819,6
tf_policy_elo_random_start_continuation_g127_g140_2026-08-26,accepted/standard-random-12x10.jsonl#6023e3713848156f6549c153,standard-random-12x10,standard,random-start,12x10,tf:136,tf:137,true,p2,accepted,,243316271,243317000948821,8
tf_policy_elo_random_start_continuation_g127_g140_2026-08-26,accepted/standard-random-12x10.jsonl#1acd7bfa0ac39a84181b636e,standard-random-12x10,standard,random-start,12x10,tf:136,tf:137,true,p1,accepted,,243316271,243317000948823,10
tf_policy_elo_random_start_continuation_g127_g140_2026-08-26,accepted/standard-random-12x10.jsonl#7244b67941699f6c6e05eae4,standard-random-12x10,standard,random-start,12x10,tf:136,tf:139,true,p1,accepted,,420503828,420505089511484,0
tf_policy_elo_random_start_continuation_g127_g140_2026-08-26,accepted/standard-random-12x10.jsonl#9c2d07a5f601000ae009e637,standard-random-12x10,standard,random-start,12x10,tf:136,tf:139,true,p2,accepted,,420503828,420505089511486,2
tf_policy_elo_random_start_continuation_g127_g140_2026-08-26,accepted/standard-random-12x10.jsonl#45fea383d7d2dd97014379c3,standard-random-12x10,standard,random-start,12x10,tf:136,tf:139,true,p2,accepted,,420503828,420505089511488,4
tf_policy_elo_random_start_continuation_g127_g140_2026-08-26,accepted/standard-random-12x10.jsonl#483d2db83c3d3a55cc202eeb,standard-random-12x10,standard,random-start,12x10,tf:136,tf:139,true,p1,accepted,,420503828,420505089511490,6
tf_policy_elo_random_start_continuation_g127_g140_2026-08-26,accepted/standard-random-12x10.jsonl#744230e61e4d46e5824cdbaa,standard-random-12x10,standard,random-start,12x10,tf:136,tf:139,true,p1,accepted,,420503828,420505089511492,8
tf_policy_elo_random_start_continuation_g127_g140_2026-08-26,accepted/standard-random-12x10.jsonl#2ef08a36a9ec71d91e121a4c,standard-random-12x10,standard,random-start,12x10,tf:136,tf:139,true,p1,accepted,,420503828,420505089511494,10
tf_policy_elo_random_start_continuation_g127_g140_2026-08-26,accepted/standard-random-12x10.jsonl#71fc696c1e0c162a52386307,standard-random-12x10,standard,random-start,12x10,tf:137,tf:131,false,p2,accepted,,1969759550,1969765459278651,1
tf_policy_elo_random_start_continuation_g127_g140_2026-08-26,accepted/standard-random-12x10.jsonl#3c1d1eade6246d327a38944d,standard-random-12x10,standard,random-start,12x10,tf:137,tf:131,false,p2,accepted,,1969759550,1969765459278653,3
tf_policy_elo_random_start_continuation_g127_g140_2026-08-26,accepted/standard-random-12x10.jsonl#41b21fe1f261efb1ea21da0f,standard-random-12x10,standard,random-start,12x10,tf:137,tf:131,false,draw,accepted,,1969759550,1969765459278655,5
tf_policy_elo_random_start_continuation_g127_g140_2026-08-26,accepted/standard-random-12x10.jsonl#7abb104f0c7a3a2c7333e693,standard-random-12x10,standard,random-start,12x10,tf:137,tf:131,false,p1,accepted,,1969759550,1969765459278657,7
tf_policy_elo_random_start_continuation_g127_g140_2026-08-26,accepted/standard-random-12x10.jsonl#ef74ae5266acad0598cefe42,standard-random-12x10,standard,random-start,12x10,tf:137,tf:131,false,p1,accepted,,1969759550,1969765459278659,9
tf_policy_elo_random_start_continuation_g127_g140_2026-08-26,accepted/standard-random-12x10.jsonl#ebb121137c5ddec4ca5eb2c9,standard-random-12x10,standard,random-start,12x10,tf:137,tf:131,false,p1,accepted,,1969759550,1969765459278661,11
tf_policy_elo_random_start_continuation_g127_g140_2026-08-26,accepted/standard-random-12x10.jsonl#68625e081b43b53a9221caf8,standard-random-12x10,standard,random-start,12x10,tf:137,tf:134,false,p2,accepted,,1677141713,1677146744425140,1
tf_policy_elo_random_start_continuation_g127_g140_2026-08-26,accepted/standard-random-12x10.jsonl#54da571c35d5a4747f2388a5,standard-random-12x10,standard,random-start,12x10,tf:137,tf:134,false,p2,accepted,,1677141713,1677146744425142,3
tf_policy_elo_random_start_continuation_g127_g140_2026-08-26,accepted/standard-random-12x10.jsonl#088bb625bca198beca93561b,standard-random-12x10,standard,random-start,12x10,tf:137,tf:134,false,p2,accepted,,1677141713,1677146744425144,5
tf_policy_elo_random_start_continuation_g127_g140_2026-08-26,accepted/standard-random-12x10.jsonl#f1cff3acf6e614a509863e63,standard-random-12x10,standard,random-start,12x10,tf:137,tf:134,false,p2,accepted,,1677141713,1677146744425146,7
tf_policy_elo_random_start_continuation_g127_g140_2026-08-26,accepted/standard-random-12x10.jsonl#77bfc79f3b7cea28ba102214,standard-random-12x10,standard,random-start,12x10,tf:137,tf:134,false,p1,accepted,,1677141713,1677146744425148,9
tf_policy_elo_random_start_continuation_g127_g140_2026-08-26,accepted/standard-random-12x10.jsonl#613cf6229b0dcb74af4cde04,standard-random-12x10,standard,random-start,12x10,tf:137,tf:134,false,p1,accepted,,1677141713,1677146744425150,11
tf_policy_elo_random_start_continuation_g127_g140_2026-08-26,accepted/standard-random-12x10.jsonl#50c7057eccc2122b69959afb,standard-random-12x10,standard,random-start,12x10,tf:137,tf:136,false,draw,accepted,,243316271,243317000948814,1
tf_policy_elo_random_start_continuation_g127_g140_2026-08-26,accepted/standard-random-12x10.jsonl#8664c6aa911a3a5a2bd6ee38,standard-random-12x10,standard,random-start,12x10,tf:137,tf:136,false,p2,accepted,,243316271,243317000948816,3
tf_policy_elo_random_start_continuation_g127_g140_2026-08-26,accepted/standard-random-12x10.jsonl#51a6190d15a830f58987a690,standard-random-12x10,standard,random-start,12x10,tf:137,tf:136,false,p1,accepted,,243316271,243317000948818,5
tf_policy_elo_random_start_continuation_g127_g140_2026-08-26,accepted/standard-random-12x10.jsonl#9bd9d2a997eba232e7e6e45c,standard-random-12x10,standard,random-start,12x10,tf:137,tf:136,false,draw,accepted,,243316271,243317000948820,7
tf_policy_elo_random_start_continuation_g127_g140_2026-08-26,accepted/standard-random-12x10.jsonl#891764f7ba3058fb478dd430,standard-random-12x10,standard,random-start,12x10,tf:137,tf:136,false,p2,accepted,,243316271,243317000948822,9
tf_policy_elo_random_start_continuation_g127_g140_2026-08-26,accepted/standard-random-12x10.jsonl#8521e192133ea0134bad35d7,standard-random-12x10,standard,random-start,12x10,tf:137,tf:136,false,p2,accepted,,243316271,243317000948824,11
tf_policy_elo_random_start_continuation_g127_g140_2026-08-26,accepted/standard-random-12x10.jsonl#160963e424c6f8b6012d5761,standard-random-12x10,standard,random-start,12x10,tf:137,tf:138,true,p1,accepted,,1920902091,1920907853706273,0
tf_policy_elo_random_start_continuation_g127_g140_2026-08-26,accepted/standard-random-12x10.jsonl#c273f198fccd618785ec3a7d,standard-random-12x10,standard,random-start,12x10,tf:137,tf:138,true,p1,accepted,,1920902091,1920907853706275,2
tf_policy_elo_random_start_continuation_g127_g140_2026-08-26,accepted/standard-random-12x10.jsonl#8028165823181ddd77697ab5,standard-random-12x10,standard,random-start,12x10,tf:137,tf:138,true,p2,accepted,,1920902091,1920907853706277,4
tf_policy_elo_random_start_continuation_g127_g140_2026-08-26,accepted/standard-random-12x10.jsonl#46da62d64a594438f4bcf576,standard-random-12x10,standard,random-start,12x10,tf:137,tf:138,true,p2,accepted,,1920902091,1920907853706279,6
tf_policy_elo_random_start_continuation_g127_g140_2026-08-26,accepted/standard-random-12x10.jsonl#8a1f09bd804bf9e54e7e6343,standard-random-12x10,standard,random-start,12x10,tf:137,tf:138,true,p2,accepted,,1920902091,1920907853706281,8
tf_policy_elo_random_start_continuation_g127_g140_2026-08-26,accepted/standard-random-12x10.jsonl#d1f5b61da56a53d11268f108,standard-random-12x10,standard,random-start,12x10,tf:137,tf:138,true,p1,accepted,,1920902091,1920907853706283,10
tf_policy_elo_random_start_continuation_g127_g140_2026-08-26,accepted/standard-random-12x10.jsonl#3f11c44cc3751655c35d1e77,standard-random-12x10,standard,random-start,12x10,tf:137,tf:140,true,p1,accepted,,1653220300,1653225259660900,0
tf_policy_elo_random_start_continuation_g127_g140_2026-08-26,accepted/standard-random-12x10.jsonl#ae11f6af7d0475f162697b7d,standard-random-12x10,standard,random-start,12x10,tf:137,tf:140,true,p1,accepted,,1653220300,1653225259660902,2
tf_policy_elo_random_start_continuation_g127_g140_2026-08-26,accepted/standard-random-12x10.jsonl#ed59ca33cee8b7dc1e1f44a6,standard-random-12x10,standard,random-start,12x10,tf:137,tf:140,true,p2,accepted,,1653220300,1653225259660904,4
tf_policy_elo_random_start_continuation_g127_g140_2026-08-26,accepted/standard-random-12x10.jsonl#d1144feb9780592592c94656,standard-random-12x10,standard,random-start,12x10,tf:137,tf:140,true,p2,accepted,,1653220300,1653225259660906,6
tf_policy_elo_random_start_continuation_g127_g140_2026-08-26,accepted/standard-random-12x10.jsonl#132e3e3d6da06897a5ce1791,standard-random-12x10,standard,random-start,12x10,tf:137,tf:140,true,p2,accepted,,1653220300,1653225259660908,8
tf_policy_elo_random_start_continuation_g127_g140_2026-08-26,accepted/standard-random-12x10.jsonl#0ca176a892b756b92bbfcd05,standard-random-12x10,standard,random-start,12x10,tf:137,tf:140,true,p1,accepted,,1653220300,1653225259660910,10
tf_policy_elo_random_start_continuation_g127_g140_2026-08-26,accepted/standard-random-12x10.jsonl#c7bf1602657bb704de95ba72,standard-random-12x10,standard,random-start,12x10,tf:138,tf:132,false,p1,accepted,,1844002965,1844008497008896,1
tf_policy_elo_random_start_continuation_g127_g140_2026-08-26,accepted/standard-random-12x10.jsonl#0d2b176f7d11e4e75b50c36d,standard-random-12x10,standard,random-start,12x10,tf:138,tf:132,false,p1,accepted,,1844002965,1844008497008898,3
tf_policy_elo_random_start_continuation_g127_g140_2026-08-26,accepted/standard-random-12x10.jsonl#82480088d6002d1c4818d972,standard-random-12x10,standard,random-start,12x10,tf:138,tf:132,false,p2,accepted,,1844002965,1844008497008900,5
tf_policy_elo_random_start_continuation_g127_g140_2026-08-26,accepted/standard-random-12x10.jsonl#54474b1a03eca3ab249f5efd,standard-random-12x10,standard,random-start,12x10,tf:138,tf:132,false,p1,accepted,,1844002965,1844008497008902,7
tf_policy_elo_random_start_continuation_g127_g140_2026-08-26,accepted/standard-random-12x10.jsonl#1d830cccf8baf9bbd3861798,standard-random-12x10,standard,random-start,12x10,tf:138,tf:132,false,draw,accepted,,1844002965,1844008497008904,9
tf_policy_elo_random_start_continuation_g127_g140_2026-08-26,accepted/standard-random-12x10.jsonl#4d08be55de83f1a4cedd4481,standard-random-12x10,standard,random-start,12x10,tf:138,tf:132,false,draw,accepted,,1844002965,1844008497008906,11
tf_policy_elo_random_start_continuation_g127_g140_2026-08-26,accepted/standard-random-12x10.jsonl#c0df4f4e39881a7bb7ca0d96,standard-random-12x10,standard,random-start,12x10,tf:138,tf:135,false,p2,accepted,,2055776613,2055782780329840,1
tf_policy_elo_random_start_continuation_g127_g140_2026-08-26,accepted/standard-random-12x10.jsonl#8748546a56f1c5a30199975c,standard-random-12x10,standard,random-start,12x10,tf:138,tf:135,false,draw,accepted,,2055776613,2055782780329842,3
tf_policy_elo_random_start_continuation_g127_g140_2026-08-26,accepted/standard-random-12x10.jsonl#1dfe24e003e97144e40746e7,standard-random-12x10,standard,random-start,12x10,tf:138,tf:135,false,p1,accepted,,2055776613,2055782780329844,5
tf_policy_elo_random_start_continuation_g127_g140_2026-08-26,accepted/standard-random-12x10.jsonl#bd7d2708477db41f62a26f0d,standard-random-12x10,standard,random-start,12x10,tf:138,tf:135,false,p1,accepted,,2055776613,2055782780329846,7
tf_policy_elo_random_start_continuation_g127_g140_2026-08-26,accepted/standard-random-12x10.jsonl#a51ea88b10fb1ee1f79f4a8a,standard-random-12x10,standard,random-start,12x10,tf:138,tf:135,false,p1,accepted,,2055776613,2055782780329848,9
tf_policy_elo_random_start_continuation_g127_g140_2026-08-26,accepted/standard-random-12x10.jsonl#a35d20ad9c71131516239dd8,standard-random-12x10,standard,random-start,12x10,tf:138,tf:135,false,p1,accepted,,2055776613,2055782780329850,11
tf_policy_elo_random_start_continuation_g127_g140_2026-08-26,accepted/standard-random-12x10.jsonl#8354ce1c9c547dae9e621f7f,standard-random-12x10,standard,random-start,12x10,tf:138,tf:137,false,p2,accepted,,1920902091,1920907853706274,1
tf_policy_elo_random_start_continuation_g127_g140_2026-08-26,accepted/standard-random-12x10.jsonl#9e2e0be46f5936a205cc3999,standard-random-12x10,standard,random-start,12x10,tf:138,tf:137,false,p1,accepted,,1920902091,1920907853706276,3
tf_policy_elo_random_start_continuation_g127_g140_2026-08-26,accepted/standard-random-12x10.jsonl#baffe44c38fb03b69fb3f509,standard-random-12x10,standard,random-start,12x10,tf:138,tf:137,false,p2,accepted,,1920902091,1920907853706278,5
tf_policy_elo_random_start_continuation_g127_g140_2026-08-26,accepted/standard-random-12x10.jsonl#caec794995c55e64d4a8a22e,standard-random-12x10,standard,random-start,12x10,tf:138,tf:137,false,p2,accepted,,1920902091,1920907853706280,7
tf_policy_elo_random_start_continuation_g127_g140_2026-08-26,accepted/standard-random-12x10.jsonl#aa13ab52c4b1c3d0f146d381,standard-random-12x10,standard,random-start,12x10,tf:138,tf:137,false,p1,accepted,,1920902091,1920907853706282,9
tf_policy_elo_random_start_continuation_g127_g140_2026-08-26,accepted/standard-random-12x10.jsonl#b725f3ea03e92037bda00425,standard-random-12x10,standard,random-start,12x10,tf:138,tf:137,false,p1,accepted,,1920902091,1920907853706284,11
tf_policy_elo_random_start_continuation_g127_g140_2026-08-26,accepted/standard-random-12x10.jsonl#ad09ef2c6e5bfc0818cd24d0,standard-random-12x10,standard,random-start,12x10,tf:138,tf:139,true,p2,accepted,,1380277177,1380281317831531,0
tf_policy_elo_random_start_continuation_g127_g140_2026-08-26,accepted/standard-random-12x10.jsonl#73f33855b64e1d4589916939,standard-random-12x10,standard,random-start,12x10,tf:138,tf:139,true,p2,accepted,,1380277177,1380281317831533,2
tf_policy_elo_random_start_continuation_g127_g140_2026-08-26,accepted/standard-random-12x10.jsonl#e92117328d276d3035256617,standard-random-12x10,standard,random-start,12x10,tf:138,tf:139,true,p1,accepted,,1380277177,1380281317831535,4
tf_policy_elo_random_start_continuation_g127_g140_2026-08-26,accepted/standard-random-12x10.jsonl#89b41e195bdf07a80d8e0e73,standard-random-12x10,standard,random-start,12x10,tf:138,tf:139,true,p1,accepted,,1380277177,1380281317831537,6
tf_policy_elo_random_start_continuation_g127_g140_2026-08-26,accepted/standard-random-12x10.jsonl#a82db4dc41ee0fa1f21f8f56,standard-random-12x10,standard,random-start,12x10,tf:138,tf:139,true,p2,accepted,,1380277177,1380281317831539,8
tf_policy_elo_random_start_continuation_g127_g140_2026-08-26,accepted/standard-random-12x10.jsonl#c6f9bfa30d94ae5f322eed5d,standard-random-12x10,standard,random-start,12x10,tf:138,tf:139,true,p1,accepted,,1380277177,1380281317831541,10
tf_policy_elo_random_start_continuation_g127_g140_2026-08-26,accepted/standard-random-12x10.jsonl#4e0a26285bf2ffe9cfa65b42,standard-random-12x10,standard,random-start,12x10,tf:139,tf:133,false,draw,accepted,,1708598034,1708603159794103,1
tf_policy_elo_random_start_continuation_g127_g140_2026-08-26,accepted/standard-random-12x10.jsonl#f6d7e77ffaee8cdd646326fe,standard-random-12x10,standard,random-start,12x10,tf:139,tf:133,false,draw,accepted,,1708598034,1708603159794105,3
tf_policy_elo_random_start_continuation_g127_g140_2026-08-26,accepted/standard-random-12x10.jsonl#f8fe2716b4b43e51c2d3fd57,standard-random-12x10,standard,random-start,12x10,tf:139,tf:133,false,p2,accepted,,1708598034,1708603159794107,5
tf_policy_elo_random_start_continuation_g127_g140_2026-08-26,accepted/standard-random-12x10.jsonl#7b521c279088be2d8160721c,standard-random-12x10,standard,random-start,12x10,tf:139,tf:133,false,p1,accepted,,1708598034,1708603159794109,7
tf_policy_elo_random_start_continuation_g127_g140_2026-08-26,accepted/standard-random-12x10.jsonl#678ae2f677ac30b53786964b,standard-random-12x10,standard,random-start,12x10,tf:139,tf:133,false,p1,accepted,,1708598034,1708603159794111,9
tf_policy_elo_random_start_continuation_g127_g140_2026-08-26,accepted/standard-random-12x10.jsonl#7efb451ca63ae91a2fa8f7ac,standard-random-12x10,standard,random-start,12x10,tf:139,tf:133,false,p1,accepted,,1708598034,1708603159794113,11
tf_policy_elo_random_start_continuation_g127_g140_2026-08-26,accepted/standard-random-12x10.jsonl#0522c3d9a2381debaedd1ed2,standard-random-12x10,standard,random-start,12x10,tf:139,tf:136,false,p1,accepted,,420503828,420505089511485,1
tf_policy_elo_random_start_continuation_g127_g140_2026-08-26,accepted/standard-random-12x10.jsonl#71e0c023754ff33fed6bf943,standard-random-12x10,standard,random-start,12x10,tf:139,tf:136,false,p1,accepted,,420503828,420505089511487,3
tf_policy_elo_random_start_continuation_g127_g140_2026-08-26,accepted/standard-random-12x10.jsonl#c8f8b54ca3a590bf01286cac,standard-random-12x10,standard,random-start,12x10,tf:139,tf:136,false,p1,accepted,,420503828,420505089511489,5
tf_policy_elo_random_start_continuation_g127_g140_2026-08-26,accepted/standard-random-12x10.jsonl#bbb17bedd64c9c18fdff6d9a,standard-random-12x10,standard,random-start,12x10,tf:139,tf:136,false,p2,accepted,,420503828,420505089511491,7
tf_policy_elo_random_start_continuation_g127_g140_2026-08-26,accepted/standard-random-12x10.jsonl#dc75222773802db4e91a5504,standard-random-12x10,standard,random-start,12x10,tf:139,tf:136,false,p2,accepted,,420503828,420505089511493,9
tf_policy_elo_random_start_continuation_g127_g140_2026-08-26,accepted/standard-random-12x10.jsonl#17be78deaebf92c1def71d18,standard-random-12x10,standard,random-start,12x10,tf:139,tf:136,false,p1,accepted,,420503828,420505089511495,11
tf_policy_elo_random_start_continuation_g127_g140_2026-08-26,accepted/standard-random-12x10.jsonl#ac84aabdfedc779955e1fcc9,standard-random-12x10,standard,random-start,12x10,tf:139,tf:138,false,p1,accepted,,1380277177,1380281317831532,1
tf_policy_elo_random_start_continuation_g127_g140_2026-08-26,accepted/standard-random-12x10.jsonl#79a685d01457c8afe90607d1,standard-random-12x10,standard,random-start,12x10,tf:139,tf:138,false,p1,accepted,,1380277177,1380281317831534,3
tf_policy_elo_random_start_continuation_g127_g140_2026-08-26,accepted/standard-random-12x10.jsonl#9dc718367d7702677963d1c8,standard-random-12x10,standard,random-start,12x10,tf:139,tf:138,false,p2,accepted,,1380277177,1380281317831536,5
tf_policy_elo_random_start_continuation_g127_g140_2026-08-26,accepted/standard-random-12x10.jsonl#c168ae3bcaffbd311b14905e,standard-random-12x10,standard,random-start,12x10,tf:139,tf:138,false,draw,accepted,,1380277177,1380281317831538,7
tf_policy_elo_random_start_continuation_g127_g140_2026-08-26,accepted/standard-random-12x10.jsonl#c8fe14df369f9226585f0f7d,standard-random-12x10,standard,random-start,12x10,tf:139,tf:138,false,p2,accepted,,1380277177,1380281317831540,9
tf_policy_elo_random_start_continuation_g127_g140_2026-08-26,accepted/standard-random-12x10.jsonl#6896c15b1e984cd6882801b7,standard-random-12x10,standard,random-start,12x10,tf:139,tf:138,false,p1,accepted,,1380277177,1380281317831542,11
tf_policy_elo_random_start_continuation_g127_g140_2026-08-26,accepted/standard-random-12x10.jsonl#27f8fad85abbba5f7508cb09,standard-random-12x10,standard,random-start,12x10,tf:139,tf:140,true,draw,accepted,,381533637,381534781600911,0
tf_policy_elo_random_start_continuation_g127_g140_2026-08-26,accepted/standard-random-12x10.jsonl#46af4a07a62d1e6f909e93fd,standard-random-12x10,standard,random-start,12x10,tf:139,tf:140,true,p1,accepted,,381533637,381534781600913,2
tf_policy_elo_random_start_continuation_g127_g140_2026-08-26,accepted/standard-random-12x10.jsonl#7ed9c590369d63e2ff748d00,standard-random-12x10,standard,random-start,12x10,tf:139,tf:140,true,p2,accepted,,381533637,381534781600915,4
tf_policy_elo_random_start_continuation_g127_g140_2026-08-26,accepted/standard-random-12x10.jsonl#a426b87feaa50faa30a917b1,standard-random-12x10,standard,random-start,12x10,tf:139,tf:140,true,p1,accepted,,381533637,381534781600917,6
tf_policy_elo_random_start_continuation_g127_g140_2026-08-26,accepted/standard-random-12x10.jsonl#03544681beca51b0fcfe7068,standard-random-12x10,standard,random-start,12x10,tf:139,tf:140,true,p2,accepted,,381533637,381534781600919,8
tf_policy_elo_random_start_continuation_g127_g140_2026-08-26,accepted/standard-random-12x10.jsonl#b06148e9c1fd0d6d0de13813,standard-random-12x10,standard,random-start,12x10,tf:139,tf:140,true,p1,accepted,,381533637,381534781600921,10
tf_policy_elo_random_start_continuation_g127_g140_2026-08-26,accepted/standard-random-12x10.jsonl#d0de11ac14eaf0ad9ddcf73f,standard-random-12x10,standard,random-start,12x10,tf:140,tf:134,false,p2,accepted,,704094975,704097087284926,1
tf_policy_elo_random_start_continuation_g127_g140_2026-08-26,accepted/standard-random-12x10.jsonl#d351442a726d9db8b75d676b,standard-random-12x10,standard,random-start,12x10,tf:140,tf:134,false,p2,accepted,,704094975,704097087284928,3
tf_policy_elo_random_start_continuation_g127_g140_2026-08-26,accepted/standard-random-12x10.jsonl#a70b1ca662616dca00636169,standard-random-12x10,standard,random-start,12x10,tf:140,tf:134,false,p2,accepted,,704094975,704097087284930,5
tf_policy_elo_random_start_continuation_g127_g140_2026-08-26,accepted/standard-random-12x10.jsonl#b1328e771bebd627681a29cf,standard-random-12x10,standard,random-start,12x10,tf:140,tf:134,false,p2,accepted,,704094975,704097087284932,7
tf_policy_elo_random_start_continuation_g127_g140_2026-08-26,accepted/standard-random-12x10.jsonl#ba0e5f73b4ad7f4d5eb927ff,standard-random-12x10,standard,random-start,12x10,tf:140,tf:134,false,draw,accepted,,704094975,704097087284934,9
tf_policy_elo_random_start_continuation_g127_g140_2026-08-26,accepted/standard-random-12x10.jsonl#3b2ad26bc0685fd100768aa6,standard-random-12x10,standard,random-start,12x10,tf:140,tf:134,false,p1,accepted,,704094975,704097087284936,11
tf_policy_elo_random_start_continuation_g127_g140_2026-08-26,accepted/standard-random-12x10.jsonl#31b9bfdc0ceee020ea482f66,standard-random-12x10,standard,random-start,12x10,tf:140,tf:137,false,p1,accepted,,1653220300,1653225259660901,1
tf_policy_elo_random_start_continuation_g127_g140_2026-08-26,accepted/standard-random-12x10.jsonl#23c8653d5a2459ecd150295c,standard-random-12x10,standard,random-start,12x10,tf:140,tf:137,false,p2,accepted,,1653220300,1653225259660903,3
tf_policy_elo_random_start_continuation_g127_g140_2026-08-26,accepted/standard-random-12x10.jsonl#05f598221abb792fa75ce2cd,standard-random-12x10,standard,random-start,12x10,tf:140,tf:137,false,p2,accepted,,1653220300,1653225259660905,5
tf_policy_elo_random_start_continuation_g127_g140_2026-08-26,accepted/standard-random-12x10.jsonl#168e1c9842094270a0fa4605,standard-random-12x10,standard,random-start,12x10,tf:140,tf:137,false,p1,accepted,,1653220300,1653225259660907,7
tf_policy_elo_random_start_continuation_g127_g140_2026-08-26,accepted/standard-random-12x10.jsonl#51f1d48863ca470baccd048b,standard-random-12x10,standard,random-start,12x10,tf:140,tf:137,false,p1,accepted,,1653220300,1653225259660909,9
tf_policy_elo_random_start_continuation_g127_g140_2026-08-26,accepted/standard-random-12x10.jsonl#df86ee252a4578094419b29e,standard-random-12x10,standard,random-start,12x10,tf:140,tf:137,false,p2,accepted,,1653220300,1653225259660911,11
tf_policy_elo_random_start_continuation_g127_g140_2026-08-26,accepted/standard-random-12x10.jsonl#145cc2b62cf993e3362e64b3,standard-random-12x10,standard,random-start,12x10,tf:140,tf:139,false,p2,accepted,,381533637,381534781600912,1
tf_policy_elo_random_start_continuation_g127_g140_2026-08-26,accepted/standard-random-12x10.jsonl#ca61004b315619d3616c27de,standard-random-12x10,standard,random-start,12x10,tf:140,tf:139,false,draw,accepted,,381533637,381534781600914,3
tf_policy_elo_random_start_continuation_g127_g140_2026-08-26,accepted/standard-random-12x10.jsonl#e920fe9cd598de6830cc62c2,standard-random-12x10,standard,random-start,12x10,tf:140,tf:139,false,p2,accepted,,381533637,381534781600916,5
tf_policy_elo_random_start_continuation_g127_g140_2026-08-26,accepted/standard-random-12x10.jsonl#1ff1407834eac2de813c7cfe,standard-random-12x10,standard,random-start,12x10,tf:140,tf:139,false,p1,accepted,,381533637,381534781600918,7
tf_policy_elo_random_start_continuation_g127_g140_2026-08-26,accepted/standard-random-12x10.jsonl#9d1b8bce71237daa1d8ff871,standard-random-12x10,standard,random-start,12x10,tf:140,tf:139,false,p1,accepted,,381533637,381534781600920,9
tf_policy_elo_random_start_continuation_g127_g140_2026-08-26,accepted/standard-random-12x10.jsonl#c74a15d242570e2c130bc6c6,standard-random-12x10,standard,random-start,12x10,tf:140,tf:139,false,p1,accepted,,381533637,381534781600922,11
tf_policy_elo_random_start_continuation_g127_g140_2026-08-26,accepted/standard-random-8x8.jsonl#c76774ad2a085de807dc85e8,standard-random-8x8,standard,random-start,8x8,tf:121,tf:127,true,p1,accepted,,1847347665,1847353207042995,0
tf_policy_elo_random_start_continuation_g127_g140_2026-08-26,accepted/standard-random-8x8.jsonl#92f7090fc4c58571819a5470,standard-random-8x8,standard,random-start,8x8,tf:121,tf:127,true,p2,accepted,,1847347665,1847353207042997,2
tf_policy_elo_random_start_continuation_g127_g140_2026-08-26,accepted/standard-random-8x8.jsonl#a9776a6ec0300f15a797a7a0,standard-random-8x8,standard,random-start,8x8,tf:121,tf:127,true,p2,accepted,,1847347665,1847353207042999,4
tf_policy_elo_random_start_continuation_g127_g140_2026-08-26,accepted/standard-random-8x8.jsonl#2d088f00216546e596f42ca1,standard-random-8x8,standard,random-start,8x8,tf:121,tf:127,true,draw,accepted,,1847347665,1847353207043001,6
tf_policy_elo_random_start_continuation_g127_g140_2026-08-26,accepted/standard-random-8x8.jsonl#b5dc78c4e71a699409c92758,standard-random-8x8,standard,random-start,8x8,tf:121,tf:127,true,draw,accepted,,1847347665,1847353207043003,8
tf_policy_elo_random_start_continuation_g127_g140_2026-08-26,accepted/standard-random-8x8.jsonl#b836019a7ec60423914939cc,standard-random-8x8,standard,random-start,8x8,tf:121,tf:127,true,p1,accepted,,1847347665,1847353207043005,10
tf_policy_elo_random_start_continuation_g127_g140_2026-08-26,accepted/standard-random-8x8.jsonl#e4a233a40c1584a4e3a822dd,standard-random-8x8,standard,random-start,8x8,tf:122,tf:128,true,p1,accepted,,1184104857,1184108409314571,0
tf_policy_elo_random_start_continuation_g127_g140_2026-08-26,accepted/standard-random-8x8.jsonl#4a477b8bb8446ab5c2292e08,standard-random-8x8,standard,random-start,8x8,tf:122,tf:128,true,draw,accepted,,1184104857,1184108409314573,2
tf_policy_elo_random_start_continuation_g127_g140_2026-08-26,accepted/standard-random-8x8.jsonl#c3438f82e07cbc2aaa76995b,standard-random-8x8,standard,random-start,8x8,tf:122,tf:128,true,draw,accepted,,1184104857,1184108409314575,4
tf_policy_elo_random_start_continuation_g127_g140_2026-08-26,accepted/standard-random-8x8.jsonl#897626efbb3e27bba28e4984,standard-random-8x8,standard,random-start,8x8,tf:122,tf:128,true,p1,accepted,,1184104857,1184108409314577,6
tf_policy_elo_random_start_continuation_g127_g140_2026-08-26,accepted/standard-random-8x8.jsonl#beba942b969d7a20a5e3b7cb,standard-random-8x8,standard,random-start,8x8,tf:122,tf:128,true,p2,accepted,,1184104857,1184108409314579,8
tf_policy_elo_random_start_continuation_g127_g140_2026-08-26,accepted/standard-random-8x8.jsonl#469f418b1881f4d7c4e22131,standard-random-8x8,standard,random-start,8x8,tf:122,tf:128,true,draw,accepted,,1184104857,1184108409314581,10
tf_policy_elo_random_start_continuation_g127_g140_2026-08-26,accepted/standard-random-8x8.jsonl#b5ca4c0cde78fef714507052,standard-random-8x8,standard,random-start,8x8,tf:123,tf:129,true,p2,accepted,,761385652,761387936156956,0
tf_policy_elo_random_start_continuation_g127_g140_2026-08-26,accepted/standard-random-8x8.jsonl#fcb0356865f6af9540b1eef1,standard-random-8x8,standard,random-start,8x8,tf:123,tf:129,true,p1,accepted,,761385652,761387936156958,2
tf_policy_elo_random_start_continuation_g127_g140_2026-08-26,accepted/standard-random-8x8.jsonl#fd78f22cf70d0beb5fb942cf,standard-random-8x8,standard,random-start,8x8,tf:123,tf:129,true,draw,accepted,,761385652,761387936156960,4
tf_policy_elo_random_start_continuation_g127_g140_2026-08-26,accepted/standard-random-8x8.jsonl#08765b7c2353afb14da9d607,standard-random-8x8,standard,random-start,8x8,tf:123,tf:129,true,draw,accepted,,761385652,761387936156962,6
tf_policy_elo_random_start_continuation_g127_g140_2026-08-26,accepted/standard-random-8x8.jsonl#39f1da17cc18b45233cac6ee,standard-random-8x8,standard,random-start,8x8,tf:123,tf:129,true,p2,accepted,,761385652,761387936156964,8
tf_policy_elo_random_start_continuation_g127_g140_2026-08-26,accepted/standard-random-8x8.jsonl#0f7277e2faf2b96c93b151c1,standard-random-8x8,standard,random-start,8x8,tf:123,tf:129,true,p1,accepted,,761385652,761387936156966,10
tf_policy_elo_random_start_continuation_g127_g140_2026-08-26,accepted/standard-random-8x8.jsonl#fe231dc95ddc34f65646dc32,standard-random-8x8,standard,random-start,8x8,tf:124,tf:127,true,draw,accepted,,1755499450,1755504716498350,0
tf_policy_elo_random_start_continuation_g127_g140_2026-08-26,accepted/standard-random-8x8.jsonl#bba7efe7278411cc9c19655f,standard-random-8x8,standard,random-start,8x8,tf:124,tf:127,true,p1,accepted,,1755499450,1755504716498352,2
tf_policy_elo_random_start_continuation_g127_g140_2026-08-26,accepted/standard-random-8x8.jsonl#e99db013dd5518a0d920190a,standard-random-8x8,standard,random-start,8x8,tf:124,tf:127,true,p2,accepted,,1755499450,1755504716498354,4
tf_policy_elo_random_start_continuation_g127_g140_2026-08-26,accepted/standard-random-8x8.jsonl#337f46362e00ddbfa8f741a9,standard-random-8x8,standard,random-start,8x8,tf:124,tf:127,true,p1,accepted,,1755499450,1755504716498356,6
tf_policy_elo_random_start_continuation_g127_g140_2026-08-26,accepted/standard-random-8x8.jsonl#945387acebce945dcfae8872,standard-random-8x8,standard,random-start,8x8,tf:124,tf:127,true,p2,accepted,,1755499450,1755504716498358,8
tf_policy_elo_random_start_continuation_g127_g140_2026-08-26,accepted/standard-random-8x8.jsonl#353fe6cedfc8a0bf58ab00ad,standard-random-8x8,standard,random-start,8x8,tf:124,tf:127,true,p1,accepted,,1755499450,1755504716498360,10
tf_policy_elo_random_start_continuation_g127_g140_2026-08-26,accepted/standard-random-8x8.jsonl#fc7f2b5fc55b319bf9fb0b44,standard-random-8x8,standard,random-start,8x8,tf:124,tf:130,true,p1,accepted,,1619985903,1619990762957709,0
tf_policy_elo_random_start_continuation_g127_g140_2026-08-26,accepted/standard-random-8x8.jsonl#c684721ef95b2d3b794039aa,standard-random-8x8,standard,random-start,8x8,tf:124,tf:130,true,draw,accepted,,1619985903,1619990762957711,2
tf_policy_elo_random_start_continuation_g127_g140_2026-08-26,accepted/standard-random-8x8.jsonl#fc451c3b7a669238c12c98fc,standard-random-8x8,standard,random-start,8x8,tf:124,tf:130,true,draw,accepted,,1619985903,1619990762957713,4
tf_policy_elo_random_start_continuation_g127_g140_2026-08-26,accepted/standard-random-8x8.jsonl#17c64c2c6541d85baa84cb36,standard-random-8x8,standard,random-start,8x8,tf:124,tf:130,true,p2,accepted,,1619985903,1619990762957715,6
tf_policy_elo_random_start_continuation_g127_g140_2026-08-26,accepted/standard-random-8x8.jsonl#5d4eec348a1c2c5fed60b2df,standard-random-8x8,standard,random-start,8x8,tf:124,tf:130,true,p2,accepted,,1619985903,1619990762957717,8
tf_policy_elo_random_start_continuation_g127_g140_2026-08-26,accepted/standard-random-8x8.jsonl#c914048c2dc7af601b46f549,standard-random-8x8,standard,random-start,8x8,tf:124,tf:130,true,p1,accepted,,1619985903,1619990762957719,10
tf_policy_elo_random_start_continuation_g127_g140_2026-08-26,accepted/standard-random-8x8.jsonl#0f0a9785fb3ac3ea15ce5426,standard-random-8x8,standard,random-start,8x8,tf:125,tf:128,true,p2,accepted,,1718777404,1718782560332212,0
tf_policy_elo_random_start_continuation_g127_g140_2026-08-26,accepted/standard-random-8x8.jsonl#600ef8f6e9dfa5f609ae2718,standard-random-8x8,standard,random-start,8x8,tf:125,tf:128,true,p2,accepted,,1718777404,1718782560332214,2
tf_policy_elo_random_start_continuation_g127_g140_2026-08-26,accepted/standard-random-8x8.jsonl#e1d6397cb9b6b738c56a5ed9,standard-random-8x8,standard,random-start,8x8,tf:125,tf:128,true,p2,accepted,,1718777404,1718782560332216,4
tf_policy_elo_random_start_continuation_g127_g140_2026-08-26,accepted/standard-random-8x8.jsonl#122ac705c443abffd6ba5d4b,standard-random-8x8,standard,random-start,8x8,tf:125,tf:128,true,p1,accepted,,1718777404,1718782560332218,6
tf_policy_elo_random_start_continuation_g127_g140_2026-08-26,accepted/standard-random-8x8.jsonl#42fe62c7a4ebff12ece92140,standard-random-8x8,standard,random-start,8x8,tf:125,tf:128,true,p1,accepted,,1718777404,1718782560332220,8
tf_policy_elo_random_start_continuation_g127_g140_2026-08-26,accepted/standard-random-8x8.jsonl#3bc50b877bf23b98957871ea,standard-random-8x8,standard,random-start,8x8,tf:125,tf:128,true,p1,accepted,,1718777404,1718782560332222,10
tf_policy_elo_random_start_continuation_g127_g140_2026-08-26,accepted/standard-random-8x8.jsonl#40d49e1a36e2f3b2a0dc8aa6,standard-random-8x8,standard,random-start,8x8,tf:125,tf:131,true,p1,accepted,,1880158382,1880164022475146,0
tf_policy_elo_random_start_continuation_g127_g140_2026-08-26,accepted/standard-random-8x8.jsonl#a133917f11cd530ab85d127d,standard-random-8x8,standard,random-start,8x8,tf:125,tf:131,true,p2,accepted,,1880158382,1880164022475148,2
tf_policy_elo_random_start_continuation_g127_g140_2026-08-26,accepted/standard-random-8x8.jsonl#7697123cc78e40636bbd76ea,standard-random-8x8,standard,random-start,8x8,tf:125,tf:131,true,draw,accepted,,1880158382,1880164022475150,4
tf_policy_elo_random_start_continuation_g127_g140_2026-08-26,accepted/standard-random-8x8.jsonl#498d856bd42717767234e2f2,standard-random-8x8,standard,random-start,8x8,tf:125,tf:131,true,p1,accepted,,1880158382,1880164022475152,6
tf_policy_elo_random_start_continuation_g127_g140_2026-08-26,accepted/standard-random-8x8.jsonl#e2649ad36ebb710aca2eefef,standard-random-8x8,standard,random-start,8x8,tf:125,tf:131,true,p1,accepted,,1880158382,1880164022475154,8
tf_policy_elo_random_start_continuation_g127_g140_2026-08-26,accepted/standard-random-8x8.jsonl#ffc788609800013e0a5fad67,standard-random-8x8,standard,random-start,8x8,tf:125,tf:131,true,p1,accepted,,1880158382,1880164022475156,10
tf_policy_elo_random_start_continuation_g127_g140_2026-08-26,accepted/standard-random-8x8.jsonl#235ed99b476efcf93e5208b5,standard-random-8x8,standard,random-start,8x8,tf:126,tf:127,true,p1,accepted,,1444572070,1444576403716210,0
tf_policy_elo_random_start_continuation_g127_g140_2026-08-26,accepted/standard-random-8x8.jsonl#30b7dd10bf68655b9cda9bbc,standard-random-8x8,standard,random-start,8x8,tf:126,tf:127,true,p2,accepted,,1444572070,1444576403716212,2
tf_policy_elo_random_start_continuation_g127_g140_2026-08-26,accepted/standard-random-8x8.jsonl#db0c172df5f4ca4ab95abf4d,standard-random-8x8,standard,random-start,8x8,tf:126,tf:127,true,draw,accepted,,1444572070,1444576403716214,4
tf_policy_elo_random_start_continuation_g127_g140_2026-08-26,accepted/standard-random-8x8.jsonl#bc5f7c621287b8b73e08684d,standard-random-8x8,standard,random-start,8x8,tf:126,tf:127,true,p1,accepted,,1444572070,1444576403716216,6
tf_policy_elo_random_start_continuation_g127_g140_2026-08-26,accepted/standard-random-8x8.jsonl#435ac254e2cca0b152c06037,standard-random-8x8,standard,random-start,8x8,tf:126,tf:127,true,p1,accepted,,1444572070,1444576403716218,8
tf_policy_elo_random_start_continuation_g127_g140_2026-08-26,accepted/standard-random-8x8.jsonl#fa0399257ad150a6aa7bda10,standard-random-8x8,standard,random-start,8x8,tf:126,tf:127,true,p2,accepted,,1444572070,1444576403716220,10
tf_policy_elo_random_start_continuation_g127_g140_2026-08-26,accepted/standard-random-8x8.jsonl#b673af76889890f5b9d5586b,standard-random-8x8,standard,random-start,8x8,tf:126,tf:129,true,p1,accepted,,241892561,241893286677683,0
tf_policy_elo_random_start_continuation_g127_g140_2026-08-26,accepted/standard-random-8x8.jsonl#0257e4927e9193d414da638b,standard-random-8x8,standard,random-start,8x8,tf:126,tf:129,true,p2,accepted,,241892561,241893286677685,2
tf_policy_elo_random_start_continuation_g127_g140_2026-08-26,accepted/standard-random-8x8.jsonl#923415f6d94191b084edf96b,standard-random-8x8,standard,random-start,8x8,tf:126,tf:129,true,draw,accepted,,241892561,241893286677687,4
tf_policy_elo_random_start_continuation_g127_g140_2026-08-26,accepted/standard-random-8x8.jsonl#027b4bad72bc74cd47d1d8c9,standard-random-8x8,standard,random-start,8x8,tf:126,tf:129,true,p1,accepted,,241892561,241893286677689,6
tf_policy_elo_random_start_continuation_g127_g140_2026-08-26,accepted/standard-random-8x8.jsonl#c48b23af2af8db523ebc59d7,standard-random-8x8,standard,random-start,8x8,tf:126,tf:129,true,p2,accepted,,241892561,241893286677691,8
tf_policy_elo_random_start_continuation_g127_g140_2026-08-26,accepted/standard-random-8x8.jsonl#41c6707d6fe54d85e842399b,standard-random-8x8,standard,random-start,8x8,tf:126,tf:129,true,p1,accepted,,241892561,241893286677693,10
tf_policy_elo_random_start_continuation_g127_g140_2026-08-26,accepted/standard-random-8x8.jsonl#cf8321d4cc785de67cd9b38e,standard-random-8x8,standard,random-start,8x8,tf:126,tf:132,true,p2,accepted,,249932812,249933561798436,0
tf_policy_elo_random_start_continuation_g127_g140_2026-08-26,accepted/standard-random-8x8.jsonl#022295ff5df6baace20fccb4,standard-random-8x8,standard,random-start,8x8,tf:126,tf:132,true,p1,accepted,,249932812,249933561798438,2
tf_policy_elo_random_start_continuation_g127_g140_2026-08-26,accepted/standard-random-8x8.jsonl#aa479582bfd310c3d2dd5d7c,standard-random-8x8,standard,random-start,8x8,tf:126,tf:132,true,p2,accepted,,249932812,249933561798440,4
tf_policy_elo_random_start_continuation_g127_g140_2026-08-26,accepted/standard-random-8x8.jsonl#055fb4fd0d90d5871be0f70b,standard-random-8x8,standard,random-start,8x8,tf:126,tf:132,true,draw,accepted,,249932812,249933561798442,6
tf_policy_elo_random_start_continuation_g127_g140_2026-08-26,accepted/standard-random-8x8.jsonl#483f7f4b901937c284623fc8,standard-random-8x8,standard,random-start,8x8,tf:126,tf:132,true,p1,accepted,,249932812,249933561798444,8
tf_policy_elo_random_start_continuation_g127_g140_2026-08-26,accepted/standard-random-8x8.jsonl#4d2fbf1299353da7775a97ca,standard-random-8x8,standard,random-start,8x8,tf:126,tf:132,true,p2,accepted,,249932812,249933561798446,10
tf_policy_elo_random_start_continuation_g127_g140_2026-08-26,accepted/standard-random-8x8.jsonl#fe538d6d48278d092b8304c0,standard-random-8x8,standard,random-start,8x8,tf:127,tf:121,false,p1,accepted,,1847347665,1847353207042996,1
tf_policy_elo_random_start_continuation_g127_g140_2026-08-26,accepted/standard-random-8x8.jsonl#75706e2a39e0a163bf10cdbd,standard-random-8x8,standard,random-start,8x8,tf:127,tf:121,false,p1,accepted,,1847347665,1847353207042998,3
tf_policy_elo_random_start_continuation_g127_g140_2026-08-26,accepted/standard-random-8x8.jsonl#afc8fc112af956e182dff0fe,standard-random-8x8,standard,random-start,8x8,tf:127,tf:121,false,p1,accepted,,1847347665,1847353207043000,5
tf_policy_elo_random_start_continuation_g127_g140_2026-08-26,accepted/standard-random-8x8.jsonl#024c9270bf2842b172137583,standard-random-8x8,standard,random-start,8x8,tf:127,tf:121,false,p2,accepted,,1847347665,1847353207043002,7
tf_policy_elo_random_start_continuation_g127_g140_2026-08-26,accepted/standard-random-8x8.jsonl#808cda3d0308e2d548d4f714,standard-random-8x8,standard,random-start,8x8,tf:127,tf:121,false,p1,accepted,,1847347665,1847353207043004,9
tf_policy_elo_random_start_continuation_g127_g140_2026-08-26,accepted/standard-random-8x8.jsonl#9f4892d31aa392e4f371f374,standard-random-8x8,standard,random-start,8x8,tf:127,tf:121,false,p1,accepted,,1847347665,1847353207043006,11
tf_policy_elo_random_start_continuation_g127_g140_2026-08-26,accepted/standard-random-8x8.jsonl#6e8d64ca683494f7c200be70,standard-random-8x8,standard,random-start,8x8,tf:127,tf:124,false,p2,accepted,,1755499450,1755504716498351,1
tf_policy_elo_random_start_continuation_g127_g140_2026-08-26,accepted/standard-random-8x8.jsonl#971526c683f2383c5e19c910,standard-random-8x8,standard,random-start,8x8,tf:127,tf:124,false,draw,accepted,,1755499450,1755504716498353,3
tf_policy_elo_random_start_continuation_g127_g140_2026-08-26,accepted/standard-random-8x8.jsonl#ed95a0ea7f61c24e440102ce,standard-random-8x8,standard,random-start,8x8,tf:127,tf:124,false,p1,accepted,,1755499450,1755504716498355,5
tf_policy_elo_random_start_continuation_g127_g140_2026-08-26,accepted/standard-random-8x8.jsonl#625a6a7a98ba4f762a813fc0,standard-random-8x8,standard,random-start,8x8,tf:127,tf:124,false,draw,accepted,,1755499450,1755504716498357,7
tf_policy_elo_random_start_continuation_g127_g140_2026-08-26,accepted/standard-random-8x8.jsonl#de077232f6f9bdc2234dd51a,standard-random-8x8,standard,random-start,8x8,tf:127,tf:124,false,p1,accepted,,1755499450,1755504716498359,9
tf_policy_elo_random_start_continuation_g127_g140_2026-08-26,accepted/standard-random-8x8.jsonl#a5ad8fd5533c73d2bbdcfd2d,standard-random-8x8,standard,random-start,8x8,tf:127,tf:124,false,p1,accepted,,1755499450,1755504716498361,11
tf_policy_elo_random_start_continuation_g127_g140_2026-08-26,accepted/standard-random-8x8.jsonl#f9fdfa2c29ca50f15b81837e,standard-random-8x8,standard,random-start,8x8,tf:127,tf:126,false,p1,accepted,,1444572070,1444576403716211,1
tf_policy_elo_random_start_continuation_g127_g140_2026-08-26,accepted/standard-random-8x8.jsonl#b0b3bbe61f4d5dfa6411aa7e,standard-random-8x8,standard,random-start,8x8,tf:127,tf:126,false,p1,accepted,,1444572070,1444576403716213,3
tf_policy_elo_random_start_continuation_g127_g140_2026-08-26,accepted/standard-random-8x8.jsonl#b6ec55b7759dc762f9f4e784,standard-random-8x8,standard,random-start,8x8,tf:127,tf:126,false,p2,accepted,,1444572070,1444576403716215,5
tf_policy_elo_random_start_continuation_g127_g140_2026-08-26,accepted/standard-random-8x8.jsonl#1f9ee4258e5dc7d554b749b4,standard-random-8x8,standard,random-start,8x8,tf:127,tf:126,false,p2,accepted,,1444572070,1444576403716217,7
tf_policy_elo_random_start_continuation_g127_g140_2026-08-26,accepted/standard-random-8x8.jsonl#e8612a77e84e74d853074f22,standard-random-8x8,standard,random-start,8x8,tf:127,tf:126,false,p2,accepted,,1444572070,1444576403716219,9
tf_policy_elo_random_start_continuation_g127_g140_2026-08-26,accepted/standard-random-8x8.jsonl#697c91c4e1c8c383606f1572,standard-random-8x8,standard,random-start,8x8,tf:127,tf:126,false,p1,accepted,,1444572070,1444576403716221,11
tf_policy_elo_random_start_continuation_g127_g140_2026-08-26,accepted/standard-random-8x8.jsonl#bf076dfa5ce48e6e8217ce85,standard-random-8x8,standard,random-start,8x8,tf:127,tf:128,true,p1,accepted,,1716001374,1716006522004122,0
tf_policy_elo_random_start_continuation_g127_g140_2026-08-26,accepted/standard-random-8x8.jsonl#d06a7f441869876d89b0820a,standard-random-8x8,standard,random-start,8x8,tf:127,tf:128,true,p2,accepted,,1716001374,1716006522004124,2
tf_policy_elo_random_start_continuation_g127_g140_2026-08-26,accepted/standard-random-8x8.jsonl#8f9f1e21f1adcb77018418d8,standard-random-8x8,standard,random-start,8x8,tf:127,tf:128,true,draw,accepted,,1716001374,1716006522004126,4
tf_policy_elo_random_start_continuation_g127_g140_2026-08-26,accepted/standard-random-8x8.jsonl#8b977459033a806f0fe38705,standard-random-8x8,standard,random-start,8x8,tf:127,tf:128,true,p2,accepted,,1716001374,1716006522004128,6
tf_policy_elo_random_start_continuation_g127_g140_2026-08-26,accepted/standard-random-8x8.jsonl#a9e1d1f97d7060c933608e50,standard-random-8x8,standard,random-start,8x8,tf:127,tf:128,true,p2,accepted,,1716001374,1716006522004130,8
tf_policy_elo_random_start_continuation_g127_g140_2026-08-26,accepted/standard-random-8x8.jsonl#fc5966cd5de3afc984f9890f,standard-random-8x8,standard,random-start,8x8,tf:127,tf:128,true,p1,accepted,,1716001374,1716006522004132,10
tf_policy_elo_random_start_continuation_g127_g140_2026-08-26,accepted/standard-random-8x8.jsonl#845e8d834dbd402a6569419b,standard-random-8x8,standard,random-start,8x8,tf:127,tf:130,true,p1,accepted,,469558791,469560199676373,0
tf_policy_elo_random_start_continuation_g127_g140_2026-08-26,accepted/standard-random-8x8.jsonl#0de0796a5e96bf5f2da54afd,standard-random-8x8,standard,random-start,8x8,tf:127,tf:130,true,p1,accepted,,469558791,469560199676375,2
tf_policy_elo_random_start_continuation_g127_g140_2026-08-26,accepted/standard-random-8x8.jsonl#c2472875bdb81c93ef209e90,standard-random-8x8,standard,random-start,8x8,tf:127,tf:130,true,p2,accepted,,469558791,469560199676377,4
tf_policy_elo_random_start_continuation_g127_g140_2026-08-26,accepted/standard-random-8x8.jsonl#a75109ccebba1188270e5e82,standard-random-8x8,standard,random-start,8x8,tf:127,tf:130,true,p1,accepted,,469558791,469560199676379,6
tf_policy_elo_random_start_continuation_g127_g140_2026-08-26,accepted/standard-random-8x8.jsonl#c29f4f6ded9461f1a93c330e,standard-random-8x8,standard,random-start,8x8,tf:127,tf:130,true,draw,accepted,,469558791,469560199676381,8
tf_policy_elo_random_start_continuation_g127_g140_2026-08-26,accepted/standard-random-8x8.jsonl#de8eb921b39a6c339727ec76,standard-random-8x8,standard,random-start,8x8,tf:127,tf:130,true,p2,accepted,,469558791,469560199676383,10
tf_policy_elo_random_start_continuation_g127_g140_2026-08-26,accepted/standard-random-8x8.jsonl#36511d672c30d3b18f6533d1,standard-random-8x8,standard,random-start,8x8,tf:127,tf:133,true,p1,accepted,,1944105671,1944111503317013,0
tf_policy_elo_random_start_continuation_g127_g140_2026-08-26,accepted/standard-random-8x8.jsonl#7713504d9eae7e1d07bfb13d,standard-random-8x8,standard,random-start,8x8,tf:127,tf:133,true,p2,accepted,,1944105671,1944111503317015,2
tf_policy_elo_random_start_continuation_g127_g140_2026-08-26,accepted/standard-random-8x8.jsonl#55f7df66e8023188d4c7a5ff,standard-random-8x8,standard,random-start,8x8,tf:127,tf:133,true,p1,accepted,,1944105671,1944111503317017,4
tf_policy_elo_random_start_continuation_g127_g140_2026-08-26,accepted/standard-random-8x8.jsonl#b3706eeb017aeb645c1c4e40,standard-random-8x8,standard,random-start,8x8,tf:127,tf:133,true,draw,accepted,,1944105671,1944111503317019,6
tf_policy_elo_random_start_continuation_g127_g140_2026-08-26,accepted/standard-random-8x8.jsonl#2cd6b6f722aedc191fa68b5d,standard-random-8x8,standard,random-start,8x8,tf:127,tf:133,true,p2,accepted,,1944105671,1944111503317021,8
tf_policy_elo_random_start_continuation_g127_g140_2026-08-26,accepted/standard-random-8x8.jsonl#12a03ad117cefd3ce005d81f,standard-random-8x8,standard,random-start,8x8,tf:127,tf:133,true,p1,accepted,,1944105671,1944111503317023,10
tf_policy_elo_random_start_continuation_g127_g140_2026-08-26,accepted/standard-random-8x8.jsonl#9c9d1e5256fd25bf2510da25,standard-random-8x8,standard,random-start,8x8,tf:128,tf:122,false,p1,accepted,,1184104857,1184108409314572,1
tf_policy_elo_random_start_continuation_g127_g140_2026-08-26,accepted/standard-random-8x8.jsonl#4266f462e03fdd606b014584,standard-random-8x8,standard,random-start,8x8,tf:128,tf:122,false,p1,accepted,,1184104857,1184108409314574,3
tf_policy_elo_random_start_continuation_g127_g140_2026-08-26,accepted/standard-random-8x8.jsonl#aa08179df97a1c6112d81832,standard-random-8x8,standard,random-start,8x8,tf:128,tf:122,false,p2,accepted,,1184104857,1184108409314576,5
tf_policy_elo_random_start_continuation_g127_g140_2026-08-26,accepted/standard-random-8x8.jsonl#34ce71b421ff4de5619bd354,standard-random-8x8,standard,random-start,8x8,tf:128,tf:122,false,p1,accepted,,1184104857,1184108409314578,7
tf_policy_elo_random_start_continuation_g127_g140_2026-08-26,accepted/standard-random-8x8.jsonl#1b499b2cac8858094c267296,standard-random-8x8,standard,random-start,8x8,tf:128,tf:122,false,p2,accepted,,1184104857,1184108409314580,9
tf_policy_elo_random_start_continuation_g127_g140_2026-08-26,accepted/standard-random-8x8.jsonl#8823c75fa6603871e305174b,standard-random-8x8,standard,random-start,8x8,tf:128,tf:122,false,p1,accepted,,1184104857,1184108409314582,11
tf_policy_elo_random_start_continuation_g127_g140_2026-08-26,accepted/standard-random-8x8.jsonl#e65335523e041168fb7d575e,standard-random-8x8,standard,random-start,8x8,tf:128,tf:125,false,p1,accepted,,1718777404,1718782560332213,1
tf_policy_elo_random_start_continuation_g127_g140_2026-08-26,accepted/standard-random-8x8.jsonl#46adefef015bea2b0674109e,standard-random-8x8,standard,random-start,8x8,tf:128,tf:125,false,draw,accepted,,1718777404,1718782560332215,3
tf_policy_elo_random_start_continuation_g127_g140_2026-08-26,accepted/standard-random-8x8.jsonl#6e131cc986074759a75f0a63,standard-random-8x8,standard,random-start,8x8,tf:128,tf:125,false,draw,accepted,,1718777404,1718782560332217,5
tf_policy_elo_random_start_continuation_g127_g140_2026-08-26,accepted/standard-random-8x8.jsonl#1ff09b7efbb9aca1193b445e,standard-random-8x8,standard,random-start,8x8,tf:128,tf:125,false,p1,accepted,,1718777404,1718782560332219,7
tf_policy_elo_random_start_continuation_g127_g140_2026-08-26,accepted/standard-random-8x8.jsonl#e0aa372ea9355b25e38052ac,standard-random-8x8,standard,random-start,8x8,tf:128,tf:125,false,p2,accepted,,1718777404,1718782560332221,9
tf_policy_elo_random_start_continuation_g127_g140_2026-08-26,accepted/standard-random-8x8.jsonl#48f9906a2dbee84911a66c68,standard-random-8x8,standard,random-start,8x8,tf:128,tf:125,false,p1,accepted,,1718777404,1718782560332223,11
tf_policy_elo_random_start_continuation_g127_g140_2026-08-26,accepted/standard-random-8x8.jsonl#4c13acacae446c87b8b49dc7,standard-random-8x8,standard,random-start,8x8,tf:128,tf:127,false,p2,accepted,,1716001374,1716006522004123,1
tf_policy_elo_random_start_continuation_g127_g140_2026-08-26,accepted/standard-random-8x8.jsonl#3b122764877ccd8db2b428a1,standard-random-8x8,standard,random-start,8x8,tf:128,tf:127,false,p1,accepted,,1716001374,1716006522004125,3
tf_policy_elo_random_start_continuation_g127_g140_2026-08-26,accepted/standard-random-8x8.jsonl#3f219d46f7865ff804a8a70f,standard-random-8x8,standard,random-start,8x8,tf:128,tf:127,false,p1,accepted,,1716001374,1716006522004127,5
tf_policy_elo_random_start_continuation_g127_g140_2026-08-26,accepted/standard-random-8x8.jsonl#56282d4ec04fd1f05b2c9288,standard-random-8x8,standard,random-start,8x8,tf:128,tf:127,false,draw,accepted,,1716001374,1716006522004129,7
tf_policy_elo_random_start_continuation_g127_g140_2026-08-26,accepted/standard-random-8x8.jsonl#e3fbb452ec293e196e9de19b,standard-random-8x8,standard,random-start,8x8,tf:128,tf:127,false,p1,accepted,,1716001374,1716006522004131,9
tf_policy_elo_random_start_continuation_g127_g140_2026-08-26,accepted/standard-random-8x8.jsonl#4f879def7bd040794f75a1a7,standard-random-8x8,standard,random-start,8x8,tf:128,tf:127,false,p1,accepted,,1716001374,1716006522004133,11
tf_policy_elo_random_start_continuation_g127_g140_2026-08-26,accepted/standard-random-8x8.jsonl#9e964d24aea49e378bf71d3b,standard-random-8x8,standard,random-start,8x8,tf:128,tf:129,true,p2,accepted,,981984456,981987401953368,0
tf_policy_elo_random_start_continuation_g127_g140_2026-08-26,accepted/standard-random-8x8.jsonl#af54889863ae5f3ac8dd18d7,standard-random-8x8,standard,random-start,8x8,tf:128,tf:129,true,draw,accepted,,981984456,981987401953370,2
tf_policy_elo_random_start_continuation_g127_g140_2026-08-26,accepted/standard-random-8x8.jsonl#9303178fdb1103c76735b539,standard-random-8x8,standard,random-start,8x8,tf:128,tf:129,true,p2,accepted,,981984456,981987401953372,4
tf_policy_elo_random_start_continuation_g127_g140_2026-08-26,accepted/standard-random-8x8.jsonl#73dfd236844444a3087e1680,standard-random-8x8,standard,random-start,8x8,tf:128,tf:129,true,p2,accepted,,981984456,981987401953374,6
tf_policy_elo_random_start_continuation_g127_g140_2026-08-26,accepted/standard-random-8x8.jsonl#5321ff346cd7cfcf6e2ab232,standard-random-8x8,standard,random-start,8x8,tf:128,tf:129,true,p1,accepted,,981984456,981987401953376,8
tf_policy_elo_random_start_continuation_g127_g140_2026-08-26,accepted/standard-random-8x8.jsonl#54edce95da4c5b2b33bf8574,standard-random-8x8,standard,random-start,8x8,tf:128,tf:129,true,p2,accepted,,981984456,981987401953378,10
tf_policy_elo_random_start_continuation_g127_g140_2026-08-26,accepted/standard-random-8x8.jsonl#c101558ad96af927019dfb79,standard-random-8x8,standard,random-start,8x8,tf:128,tf:131,true,p1,accepted,,405399363,405400579198089,0
tf_policy_elo_random_start_continuation_g127_g140_2026-08-26,accepted/standard-random-8x8.jsonl#31fd050d16c37497ad878c4e,standard-random-8x8,standard,random-start,8x8,tf:128,tf:131,true,p2,accepted,,405399363,405400579198091,2
tf_policy_elo_random_start_continuation_g127_g140_2026-08-26,accepted/standard-random-8x8.jsonl#957b8c291754425e8ee3dc82,standard-random-8x8,standard,random-start,8x8,tf:128,tf:131,true,p1,accepted,,405399363,405400579198093,4
tf_policy_elo_random_start_continuation_g127_g140_2026-08-26,accepted/standard-random-8x8.jsonl#883795626d86e46f91f63e45,standard-random-8x8,standard,random-start,8x8,tf:128,tf:131,true,p1,accepted,,405399363,405400579198095,6
tf_policy_elo_random_start_continuation_g127_g140_2026-08-26,accepted/standard-random-8x8.jsonl#f41a50dbd81bf9714ed80072,standard-random-8x8,standard,random-start,8x8,tf:128,tf:131,true,draw,accepted,,405399363,405400579198097,8
tf_policy_elo_random_start_continuation_g127_g140_2026-08-26,accepted/standard-random-8x8.jsonl#26d7fe46c47d689d0f645ca0,standard-random-8x8,standard,random-start,8x8,tf:128,tf:131,true,p1,accepted,,405399363,405400579198099,10
tf_policy_elo_random_start_continuation_g127_g140_2026-08-26,accepted/standard-random-8x8.jsonl#888abfbc0ca4f950f8ac52b9,standard-random-8x8,standard,random-start,8x8,tf:128,tf:134,true,p1,accepted,,90937377,90937649812131,0
tf_policy_elo_random_start_continuation_g127_g140_2026-08-26,accepted/standard-random-8x8.jsonl#de0d0b66fe14e44aeed6298b,standard-random-8x8,standard,random-start,8x8,tf:128,tf:134,true,p2,accepted,,90937377,90937649812133,2
tf_policy_elo_random_start_continuation_g127_g140_2026-08-26,accepted/standard-random-8x8.jsonl#2b84801afc08efb58e4e7ece,standard-random-8x8,standard,random-start,8x8,tf:128,tf:134,true,p1,accepted,,90937377,90937649812135,4
tf_policy_elo_random_start_continuation_g127_g140_2026-08-26,accepted/standard-random-8x8.jsonl#9b709b311d979c21896fa726,standard-random-8x8,standard,random-start,8x8,tf:128,tf:134,true,p2,accepted,,90937377,90937649812137,6
tf_policy_elo_random_start_continuation_g127_g140_2026-08-26,accepted/standard-random-8x8.jsonl#22ba5754b03c07664fb69cc9,standard-random-8x8,standard,random-start,8x8,tf:128,tf:134,true,draw,accepted,,90937377,90937649812139,8
tf_policy_elo_random_start_continuation_g127_g140_2026-08-26,accepted/standard-random-8x8.jsonl#b2ee011bb01bd339ab0ab82e,standard-random-8x8,standard,random-start,8x8,tf:128,tf:134,true,draw,accepted,,90937377,90937649812141,10
tf_policy_elo_random_start_continuation_g127_g140_2026-08-26,accepted/standard-random-8x8.jsonl#e15c8f789a452579e17799a4,standard-random-8x8,standard,random-start,8x8,tf:129,tf:123,false,p2,accepted,,761385652,761387936156957,1
tf_policy_elo_random_start_continuation_g127_g140_2026-08-26,accepted/standard-random-8x8.jsonl#2d093f61ff55152ea2a47d97,standard-random-8x8,standard,random-start,8x8,tf:129,tf:123,false,draw,accepted,,761385652,761387936156959,3
tf_policy_elo_random_start_continuation_g127_g140_2026-08-26,accepted/standard-random-8x8.jsonl#232ed6d3157bb4c42723e875,standard-random-8x8,standard,random-start,8x8,tf:129,tf:123,false,p1,accepted,,761385652,761387936156961,5
tf_policy_elo_random_start_continuation_g127_g140_2026-08-26,accepted/standard-random-8x8.jsonl#aa44b278be47e456440ffda0,standard-random-8x8,standard,random-start,8x8,tf:129,tf:123,false,p2,accepted,,761385652,761387936156963,7
tf_policy_elo_random_start_continuation_g127_g140_2026-08-26,accepted/standard-random-8x8.jsonl#f25f5d9b2a2c77852d7680f7,standard-random-8x8,standard,random-start,8x8,tf:129,tf:123,false,p1,accepted,,761385652,761387936156965,9
tf_policy_elo_random_start_continuation_g127_g140_2026-08-26,accepted/standard-random-8x8.jsonl#3352e8efb9088e2c0cf0c7cf,standard-random-8x8,standard,random-start,8x8,tf:129,tf:123,false,p2,accepted,,761385652,761387936156967,11
tf_policy_elo_random_start_continuation_g127_g140_2026-08-26,accepted/standard-random-8x8.jsonl#78639ee36f2b3e99384eddcd,standard-random-8x8,standard,random-start,8x8,tf:129,tf:126,false,p1,accepted,,241892561,241893286677684,1
tf_policy_elo_random_start_continuation_g127_g140_2026-08-26,accepted/standard-random-8x8.jsonl#f5b7efc0b769ccc1adfdd1f1,standard-random-8x8,standard,random-start,8x8,tf:129,tf:126,false,draw,accepted,,241892561,241893286677686,3
tf_policy_elo_random_start_continuation_g127_g140_2026-08-26,accepted/standard-random-8x8.jsonl#f8182a1cf7c1059813ddfabb,standard-random-8x8,standard,random-start,8x8,tf:129,tf:126,false,p1,accepted,,241892561,241893286677688,5
tf_policy_elo_random_start_continuation_g127_g140_2026-08-26,accepted/standard-random-8x8.jsonl#913259fe3773fa3b10a9c634,standard-random-8x8,standard,random-start,8x8,tf:129,tf:126,false,p1,accepted,,241892561,241893286677690,7
tf_policy_elo_random_start_continuation_g127_g140_2026-08-26,accepted/standard-random-8x8.jsonl#ce40b5b5557f6862f0c076ff,standard-random-8x8,standard,random-start,8x8,tf:129,tf:126,false,p1,accepted,,241892561,241893286677692,9
tf_policy_elo_random_start_continuation_g127_g140_2026-08-26,accepted/standard-random-8x8.jsonl#6928e2284c85594fbe54dfb6,standard-random-8x8,standard,random-start,8x8,tf:129,tf:126,false,p1,accepted,,241892561,241893286677694,11
tf_policy_elo_random_start_continuation_g127_g140_2026-08-26,accepted/standard-random-8x8.jsonl#c51cef0b55cd13f3c0cd9d05,standard-random-8x8,standard,random-start,8x8,tf:129,tf:128,false,p1,accepted,,981984456,981987401953369,1
tf_policy_elo_random_start_continuation_g127_g140_2026-08-26,accepted/standard-random-8x8.jsonl#935c9d7b339834299b10575a,standard-random-8x8,standard,random-start,8x8,tf:129,tf:128,false,draw,accepted,,981984456,981987401953371,3
tf_policy_elo_random_start_continuation_g127_g140_2026-08-26,accepted/standard-random-8x8.jsonl#c3a437ef29dc3ba319c8866f,standard-random-8x8,standard,random-start,8x8,tf:129,tf:128,false,p2,accepted,,981984456,981987401953373,5
tf_policy_elo_random_start_continuation_g127_g140_2026-08-26,accepted/standard-random-8x8.jsonl#70502cb635d338410cfad061,standard-random-8x8,standard,random-start,8x8,tf:129,tf:128,false,p2,accepted,,981984456,981987401953375,7
tf_policy_elo_random_start_continuation_g127_g140_2026-08-26,accepted/standard-random-8x8.jsonl#a8fbf3ca91396dd88717ab96,standard-random-8x8,standard,random-start,8x8,tf:129,tf:128,false,draw,accepted,,981984456,981987401953377,9
tf_policy_elo_random_start_continuation_g127_g140_2026-08-26,accepted/standard-random-8x8.jsonl#b81118d23440ce15215b293a,standard-random-8x8,standard,random-start,8x8,tf:129,tf:128,false,p1,accepted,,981984456,981987401953379,11
tf_policy_elo_random_start_continuation_g127_g140_2026-08-26,accepted/standard-random-8x8.jsonl#86d74af6f7d37ef486b4bf07,standard-random-8x8,standard,random-start,8x8,tf:129,tf:130,true,p1,accepted,,1724226691,1724231863680073,0
tf_policy_elo_random_start_continuation_g127_g140_2026-08-26,accepted/standard-random-8x8.jsonl#ab5a83ebe24a1fac8f8e37c9,standard-random-8x8,standard,random-start,8x8,tf:129,tf:130,true,p2,accepted,,1724226691,1724231863680075,2
tf_policy_elo_random_start_continuation_g127_g140_2026-08-26,accepted/standard-random-8x8.jsonl#2c143b2d0edaf68c692f349d,standard-random-8x8,standard,random-start,8x8,tf:129,tf:130,true,p1,accepted,,1724226691,1724231863680077,4
tf_policy_elo_random_start_continuation_g127_g140_2026-08-26,accepted/standard-random-8x8.jsonl#c09ae787836d419645ce6f08,standard-random-8x8,standard,random-start,8x8,tf:129,tf:130,true,p1,accepted,,1724226691,1724231863680079,6
tf_policy_elo_random_start_continuation_g127_g140_2026-08-26,accepted/standard-random-8x8.jsonl#1ac2a321c255a25f36fffab6,standard-random-8x8,standard,random-start,8x8,tf:129,tf:130,true,p1,accepted,,1724226691,1724231863680081,8
tf_policy_elo_random_start_continuation_g127_g140_2026-08-26,accepted/standard-random-8x8.jsonl#b220591bd022f9bca971c4a9,standard-random-8x8,standard,random-start,8x8,tf:129,tf:130,true,draw,accepted,,1724226691,1724231863680083,10
tf_policy_elo_random_start_continuation_g127_g140_2026-08-26,accepted/standard-random-8x8.jsonl#c187cf5604d5322c8a445dec,standard-random-8x8,standard,random-start,8x8,tf:129,tf:132,true,p1,accepted,,329944627,329945616833881,0
tf_policy_elo_random_start_continuation_g127_g140_2026-08-26,accepted/standard-random-8x8.jsonl#9d7274cfddacf7d0443b6b23,standard-random-8x8,standard,random-start,8x8,tf:129,tf:132,true,p2,accepted,,329944627,329945616833883,2
tf_policy_elo_random_start_continuation_g127_g140_2026-08-26,accepted/standard-random-8x8.jsonl#c1394871cd58ddf790ee245a,standard-random-8x8,standard,random-start,8x8,tf:129,tf:132,true,draw,accepted,,329944627,329945616833885,4
tf_policy_elo_random_start_continuation_g127_g140_2026-08-26,accepted/standard-random-8x8.jsonl#f4991ed93f38595b2c5fcc11,standard-random-8x8,standard,random-start,8x8,tf:129,tf:132,true,p1,accepted,,329944627,329945616833887,6
tf_policy_elo_random_start_continuation_g127_g140_2026-08-26,accepted/standard-random-8x8.jsonl#b0ec80a4239d72be6d82930a,standard-random-8x8,standard,random-start,8x8,tf:129,tf:132,true,p2,accepted,,329944627,329945616833889,8
tf_policy_elo_random_start_continuation_g127_g140_2026-08-26,accepted/standard-random-8x8.jsonl#f20fb56d561d98b13c10bfb2,standard-random-8x8,standard,random-start,8x8,tf:129,tf:132,true,p2,accepted,,329944627,329945616833891,10
tf_policy_elo_random_start_continuation_g127_g140_2026-08-26,accepted/standard-random-8x8.jsonl#5dc3ed3568c66a9b68af75b7,standard-random-8x8,standard,random-start,8x8,tf:129,tf:135,true,p1,accepted,,1515818949,1515823496456847,0
tf_policy_elo_random_start_continuation_g127_g140_2026-08-26,accepted/standard-random-8x8.jsonl#5a71b6386e00d280c5d87f2b,standard-random-8x8,standard,random-start,8x8,tf:129,tf:135,true,p1,accepted,,1515818949,1515823496456849,2
tf_policy_elo_random_start_continuation_g127_g140_2026-08-26,accepted/standard-random-8x8.jsonl#98d1f6d2eeff38d7212413ae,standard-random-8x8,standard,random-start,8x8,tf:129,tf:135,true,draw,accepted,,1515818949,1515823496456851,4
tf_policy_elo_random_start_continuation_g127_g140_2026-08-26,accepted/standard-random-8x8.jsonl#e25804eb64ffc145d83e141d,standard-random-8x8,standard,random-start,8x8,tf:129,tf:135,true,p1,accepted,,1515818949,1515823496456853,6
tf_policy_elo_random_start_continuation_g127_g140_2026-08-26,accepted/standard-random-8x8.jsonl#ccf2301c7229384a18395968,standard-random-8x8,standard,random-start,8x8,tf:129,tf:135,true,p1,accepted,,1515818949,1515823496456855,8
tf_policy_elo_random_start_continuation_g127_g140_2026-08-26,accepted/standard-random-8x8.jsonl#23cd94e94994d35138b138ed,standard-random-8x8,standard,random-start,8x8,tf:129,tf:135,true,p2,accepted,,1515818949,1515823496456857,10
tf_policy_elo_random_start_continuation_g127_g140_2026-08-26,accepted/standard-random-8x8.jsonl#4e7ea133efbf2697e0787a8a,standard-random-8x8,standard,random-start,8x8,tf:130,tf:124,false,draw,accepted,,1619985903,1619990762957710,1
tf_policy_elo_random_start_continuation_g127_g140_2026-08-26,accepted/standard-random-8x8.jsonl#a9248ebd61f0222615235450,standard-random-8x8,standard,random-start,8x8,tf:130,tf:124,false,p2,accepted,,1619985903,1619990762957712,3
tf_policy_elo_random_start_continuation_g127_g140_2026-08-26,accepted/standard-random-8x8.jsonl#52260db9e390b8bcfc3898c3,standard-random-8x8,standard,random-start,8x8,tf:130,tf:124,false,p2,accepted,,1619985903,1619990762957714,5
tf_policy_elo_random_start_continuation_g127_g140_2026-08-26,accepted/standard-random-8x8.jsonl#c4806b24ff1d62c02a0e69e6,standard-random-8x8,standard,random-start,8x8,tf:130,tf:124,false,draw,accepted,,1619985903,1619990762957716,7
tf_policy_elo_random_start_continuation_g127_g140_2026-08-26,accepted/standard-random-8x8.jsonl#1adc1c186bac4df6e90a8c3a,standard-random-8x8,standard,random-start,8x8,tf:130,tf:124,false,p1,accepted,,1619985903,1619990762957718,9
tf_policy_elo_random_start_continuation_g127_g140_2026-08-26,accepted/standard-random-8x8.jsonl#4aa2f28bdfe9a62b3a6ead75,standard-random-8x8,standard,random-start,8x8,tf:130,tf:124,false,p2,accepted,,1619985903,1619990762957720,11
tf_policy_elo_random_start_continuation_g127_g140_2026-08-26,accepted/standard-random-8x8.jsonl#82029a637a64b38f0e548e6c,standard-random-8x8,standard,random-start,8x8,tf:130,tf:127,false,p1,accepted,,469558791,469560199676374,1
tf_policy_elo_random_start_continuation_g127_g140_2026-08-26,accepted/standard-random-8x8.jsonl#701b0895fa05ca42ad0ba25a,standard-random-8x8,standard,random-start,8x8,tf:130,tf:127,false,p2,accepted,,469558791,469560199676376,3
tf_policy_elo_random_start_continuation_g127_g140_2026-08-26,accepted/standard-random-8x8.jsonl#fbd2311746b9ae7ffacfa8ca,standard-random-8x8,standard,random-start,8x8,tf:130,tf:127,false,p1,accepted,,469558791,469560199676378,5
tf_policy_elo_random_start_continuation_g127_g140_2026-08-26,accepted/standard-random-8x8.jsonl#aa99377c6dd068fb4d075e26,standard-random-8x8,standard,random-start,8x8,tf:130,tf:127,false,p1,accepted,,469558791,469560199676380,7
tf_policy_elo_random_start_continuation_g127_g140_2026-08-26,accepted/standard-random-8x8.jsonl#b0e331f53daaddab4313b00b,standard-random-8x8,standard,random-start,8x8,tf:130,tf:127,false,draw,accepted,,469558791,469560199676382,9
tf_policy_elo_random_start_continuation_g127_g140_2026-08-26,accepted/standard-random-8x8.jsonl#c9a77f3a81969a112eab7237,standard-random-8x8,standard,random-start,8x8,tf:130,tf:127,false,p1,accepted,,469558791,469560199676384,11
tf_policy_elo_random_start_continuation_g127_g140_2026-08-26,accepted/standard-random-8x8.jsonl#f0a0cae40a53a1f1346441ca,standard-random-8x8,standard,random-start,8x8,tf:130,tf:129,false,p1,accepted,,1724226691,1724231863680074,1
tf_policy_elo_random_start_continuation_g127_g140_2026-08-26,accepted/standard-random-8x8.jsonl#62340e488a224ee45a6d00df,standard-random-8x8,standard,random-start,8x8,tf:130,tf:129,false,p1,accepted,,1724226691,1724231863680076,3
tf_policy_elo_random_start_continuation_g127_g140_2026-08-26,accepted/standard-random-8x8.jsonl#9a5bf519076783451b709964,standard-random-8x8,standard,random-start,8x8,tf:130,tf:129,false,p1,accepted,,1724226691,1724231863680078,5
tf_policy_elo_random_start_continuation_g127_g140_2026-08-26,accepted/standard-random-8x8.jsonl#6185581662a1f825983f70ef,standard-random-8x8,standard,random-start,8x8,tf:130,tf:129,false,p1,accepted,,1724226691,1724231863680080,7
tf_policy_elo_random_start_continuation_g127_g140_2026-08-26,accepted/standard-random-8x8.jsonl#83ed150dc007ef0236130e5f,standard-random-8x8,standard,random-start,8x8,tf:130,tf:129,false,p1,accepted,,1724226691,1724231863680082,9
tf_policy_elo_random_start_continuation_g127_g140_2026-08-26,accepted/standard-random-8x8.jsonl#93c77ce2b75cef3326e3d29f,standard-random-8x8,standard,random-start,8x8,tf:130,tf:129,false,p1,accepted,,1724226691,1724231863680084,11
tf_policy_elo_random_start_continuation_g127_g140_2026-08-26,accepted/standard-random-8x8.jsonl#319048c06854a913863a1494,standard-random-8x8,standard,random-start,8x8,tf:130,tf:131,true,draw,accepted,,1923213083,1923218852639249,0
tf_policy_elo_random_start_continuation_g127_g140_2026-08-26,accepted/standard-random-8x8.jsonl#9fd46812542c0243ba14194c,standard-random-8x8,standard,random-start,8x8,tf:130,tf:131,true,p1,accepted,,1923213083,1923218852639251,2
tf_policy_elo_random_start_continuation_g127_g140_2026-08-26,accepted/standard-random-8x8.jsonl#a4a463466ab46fe5aba9deef,standard-random-8x8,standard,random-start,8x8,tf:130,tf:131,true,draw,accepted,,1923213083,1923218852639253,4
tf_policy_elo_random_start_continuation_g127_g140_2026-08-26,accepted/standard-random-8x8.jsonl#10c3ce5dbf5cdd84c943aed8,standard-random-8x8,standard,random-start,8x8,tf:130,tf:131,true,draw,accepted,,1923213083,1923218852639255,6
tf_policy_elo_random_start_continuation_g127_g140_2026-08-26,accepted/standard-random-8x8.jsonl#b0c1dfa82061542d4b6b44f4,standard-random-8x8,standard,random-start,8x8,tf:130,tf:131,true,p1,accepted,,1923213083,1923218852639257,8
tf_policy_elo_random_start_continuation_g127_g140_2026-08-26,accepted/standard-random-8x8.jsonl#a93fa082e0adcc5d0218eff6,standard-random-8x8,standard,random-start,8x8,tf:130,tf:131,true,p2,accepted,,1923213083,1923218852639259,10
tf_policy_elo_random_start_continuation_g127_g140_2026-08-26,accepted/standard-random-8x8.jsonl#50ba60fff1a46c2002cfcacb,standard-random-8x8,standard,random-start,8x8,tf:130,tf:133,true,p1,accepted,,720995883,720998045987649,0
tf_policy_elo_random_start_continuation_g127_g140_2026-08-26,accepted/standard-random-8x8.jsonl#6b26777f1933dd90eab29456,standard-random-8x8,standard,random-start,8x8,tf:130,tf:133,true,p1,accepted,,720995883,720998045987651,2
tf_policy_elo_random_start_continuation_g127_g140_2026-08-26,accepted/standard-random-8x8.jsonl#e0e926bd956d3876d39bd68b,standard-random-8x8,standard,random-start,8x8,tf:130,tf:133,true,p1,accepted,,720995883,720998045987653,4
tf_policy_elo_random_start_continuation_g127_g140_2026-08-26,accepted/standard-random-8x8.jsonl#0db77f5e3e64b483d94c0989,standard-random-8x8,standard,random-start,8x8,tf:130,tf:133,true,p2,accepted,,720995883,720998045987655,6
tf_policy_elo_random_start_continuation_g127_g140_2026-08-26,accepted/standard-random-8x8.jsonl#80cefb0b9e5dcbea64ccadb9,standard-random-8x8,standard,random-start,8x8,tf:130,tf:133,true,p2,accepted,,720995883,720998045987657,8
tf_policy_elo_random_start_continuation_g127_g140_2026-08-26,accepted/standard-random-8x8.jsonl#5e53a7a255f7b90cb118314a,standard-random-8x8,standard,random-start,8x8,tf:130,tf:133,true,draw,accepted,,720995883,720998045987659,10
tf_policy_elo_random_start_continuation_g127_g140_2026-08-26,accepted/standard-random-8x8.jsonl#0eec2ddaf52d61cfec746e49,standard-random-8x8,standard,random-start,8x8,tf:130,tf:136,true,p2,accepted,,282635319,282636166905957,0
tf_policy_elo_random_start_continuation_g127_g140_2026-08-26,accepted/standard-random-8x8.jsonl#71f6bade763afa6f0787ba07,standard-random-8x8,standard,random-start,8x8,tf:130,tf:136,true,p1,accepted,,282635319,282636166905959,2
tf_policy_elo_random_start_continuation_g127_g140_2026-08-26,accepted/standard-random-8x8.jsonl#621fd01227cc05f260175b35,standard-random-8x8,standard,random-start,8x8,tf:130,tf:136,true,p1,accepted,,282635319,282636166905961,4
tf_policy_elo_random_start_continuation_g127_g140_2026-08-26,accepted/standard-random-8x8.jsonl#06f87f31820cc0a7f15ecd00,standard-random-8x8,standard,random-start,8x8,tf:130,tf:136,true,p2,accepted,,282635319,282636166905963,6
tf_policy_elo_random_start_continuation_g127_g140_2026-08-26,accepted/standard-random-8x8.jsonl#76ffe7b672229a768ddb1a13,standard-random-8x8,standard,random-start,8x8,tf:130,tf:136,true,draw,accepted,,282635319,282636166905965,8
tf_policy_elo_random_start_continuation_g127_g140_2026-08-26,accepted/standard-random-8x8.jsonl#e5872959b02524d490b99028,standard-random-8x8,standard,random-start,8x8,tf:130,tf:136,true,p1,accepted,,282635319,282636166905967,10
tf_policy_elo_random_start_continuation_g127_g140_2026-08-26,accepted/standard-random-8x8.jsonl#926fe70ed2548b321a6e4270,standard-random-8x8,standard,random-start,8x8,tf:131,tf:125,false,p1,accepted,,1880158382,1880164022475147,1
tf_policy_elo_random_start_continuation_g127_g140_2026-08-26,accepted/standard-random-8x8.jsonl#73dcec9086cc3f376055dde3,standard-random-8x8,standard,random-start,8x8,tf:131,tf:125,false,draw,accepted,,1880158382,1880164022475149,3
tf_policy_elo_random_start_continuation_g127_g140_2026-08-26,accepted/standard-random-8x8.jsonl#1d9f18629d7d4aaebd9fbf3a,standard-random-8x8,standard,random-start,8x8,tf:131,tf:125,false,p1,accepted,,1880158382,1880164022475151,5
tf_policy_elo_random_start_continuation_g127_g140_2026-08-26,accepted/standard-random-8x8.jsonl#89622f0aa8f6e02214535621,standard-random-8x8,standard,random-start,8x8,tf:131,tf:125,false,p1,accepted,,1880158382,1880164022475153,7
tf_policy_elo_random_start_continuation_g127_g140_2026-08-26,accepted/standard-random-8x8.jsonl#e2a22605500852fe25de3612,standard-random-8x8,standard,random-start,8x8,tf:131,tf:125,false,p1,accepted,,1880158382,1880164022475155,9
tf_policy_elo_random_start_continuation_g127_g140_2026-08-26,accepted/standard-random-8x8.jsonl#b6705da110a562f150b3c5bf,standard-random-8x8,standard,random-start,8x8,tf:131,tf:125,false,p2,accepted,,1880158382,1880164022475157,11
tf_policy_elo_random_start_continuation_g127_g140_2026-08-26,accepted/standard-random-8x8.jsonl#b2fbee2d4aa1079ea7a0647d,standard-random-8x8,standard,random-start,8x8,tf:131,tf:128,false,p2,accepted,,405399363,405400579198090,1
tf_policy_elo_random_start_continuation_g127_g140_2026-08-26,accepted/standard-random-8x8.jsonl#8a4b86c39bcac06ddeeb6250,standard-random-8x8,standard,random-start,8x8,tf:131,tf:128,false,p2,accepted,,405399363,405400579198092,3
tf_policy_elo_random_start_continuation_g127_g140_2026-08-26,accepted/standard-random-8x8.jsonl#d6287f617d359c62aa791fbb,standard-random-8x8,standard,random-start,8x8,tf:131,tf:128,false,draw,accepted,,405399363,405400579198094,5
tf_policy_elo_random_start_continuation_g127_g140_2026-08-26,accepted/standard-random-8x8.jsonl#6f28505c8a24f657a734edcd,standard-random-8x8,standard,random-start,8x8,tf:131,tf:128,false,p1,accepted,,405399363,405400579198096,7
tf_policy_elo_random_start_continuation_g127_g140_2026-08-26,accepted/standard-random-8x8.jsonl#f872adc92fdca73f4b3a2f57,standard-random-8x8,standard,random-start,8x8,tf:131,tf:128,false,p1,accepted,,405399363,405400579198098,9
tf_policy_elo_random_start_continuation_g127_g140_2026-08-26,accepted/standard-random-8x8.jsonl#b5a13158071da6ab2c424a46,standard-random-8x8,standard,random-start,8x8,tf:131,tf:128,false,p1,accepted,,405399363,405400579198100,11
tf_policy_elo_random_start_continuation_g127_g140_2026-08-26,accepted/standard-random-8x8.jsonl#3705788ce9871a8b7bb986f4,standard-random-8x8,standard,random-start,8x8,tf:131,tf:130,false,draw,accepted,,1923213083,1923218852639250,1
tf_policy_elo_random_start_continuation_g127_g140_2026-08-26,accepted/standard-random-8x8.jsonl#85cb284000b9da12222da231,standard-random-8x8,standard,random-start,8x8,tf:131,tf:130,false,p2,accepted,,1923213083,1923218852639252,3
tf_policy_elo_random_start_continuation_g127_g140_2026-08-26,accepted/standard-random-8x8.jsonl#3c7b82af29934eb02a7ec384,standard-random-8x8,standard,random-start,8x8,tf:131,tf:130,false,p1,accepted,,1923213083,1923218852639254,5
tf_policy_elo_random_start_continuation_g127_g140_2026-08-26,accepted/standard-random-8x8.jsonl#ed18fa17f7bdc0c801667dc8,standard-random-8x8,standard,random-start,8x8,tf:131,tf:130,false,p2,accepted,,1923213083,1923218852639256,7
tf_policy_elo_random_start_continuation_g127_g140_2026-08-26,accepted/standard-random-8x8.jsonl#f75075343ce27468968ac835,standard-random-8x8,standard,random-start,8x8,tf:131,tf:130,false,draw,accepted,,1923213083,1923218852639258,9
tf_policy_elo_random_start_continuation_g127_g140_2026-08-26,accepted/standard-random-8x8.jsonl#317ab92a5a59d8a91bfc5df2,standard-random-8x8,standard,random-start,8x8,tf:131,tf:130,false,p1,accepted,,1923213083,1923218852639260,11
tf_policy_elo_random_start_continuation_g127_g140_2026-08-26,accepted/standard-random-8x8.jsonl#5d5b905d52249123584ba722,standard-random-8x8,standard,random-start,8x8,tf:131,tf:132,true,p1,accepted,,494270125,494271607810375,0
tf_policy_elo_random_start_continuation_g127_g140_2026-08-26,accepted/standard-random-8x8.jsonl#055e0c7e6c3141fe2e3b53d5,standard-random-8x8,standard,random-start,8x8,tf:131,tf:132,true,p1,accepted,,494270125,494271607810377,2
tf_policy_elo_random_start_continuation_g127_g140_2026-08-26,accepted/standard-random-8x8.jsonl#d566429f1c61591a3cdf01fe,standard-random-8x8,standard,random-start,8x8,tf:131,tf:132,true,p2,accepted,,494270125,494271607810379,4
tf_policy_elo_random_start_continuation_g127_g140_2026-08-26,accepted/standard-random-8x8.jsonl#47b7bd201a16d7b9436c8eb9,standard-random-8x8,standard,random-start,8x8,tf:131,tf:132,true,draw,accepted,,494270125,494271607810381,6
tf_policy_elo_random_start_continuation_g127_g140_2026-08-26,accepted/standard-random-8x8.jsonl#248093334de2dc4da63136f3,standard-random-8x8,standard,random-start,8x8,tf:131,tf:132,true,draw,accepted,,494270125,494271607810383,8
tf_policy_elo_random_start_continuation_g127_g140_2026-08-26,accepted/standard-random-8x8.jsonl#857ce210f219b4e3bd36771d,standard-random-8x8,standard,random-start,8x8,tf:131,tf:132,true,p2,accepted,,494270125,494271607810385,10
tf_policy_elo_random_start_continuation_g127_g140_2026-08-26,accepted/standard-random-8x8.jsonl#36c439f4732834116bce7775,standard-random-8x8,standard,random-start,8x8,tf:131,tf:134,true,p2,accepted,,613558959,613560799676877,0
tf_policy_elo_random_start_continuation_g127_g140_2026-08-26,accepted/standard-random-8x8.jsonl#5c00826bbd3ce8d96a5fecbf,standard-random-8x8,standard,random-start,8x8,tf:131,tf:134,true,p1,accepted,,613558959,613560799676879,2
tf_policy_elo_random_start_continuation_g127_g140_2026-08-26,accepted/standard-random-8x8.jsonl#0e9e1251d829c42ed248e735,standard-random-8x8,standard,random-start,8x8,tf:131,tf:134,true,p2,accepted,,613558959,613560799676881,4
tf_policy_elo_random_start_continuation_g127_g140_2026-08-26,accepted/standard-random-8x8.jsonl#7295a1542e14eb15ad68e352,standard-random-8x8,standard,random-start,8x8,tf:131,tf:134,true,p2,accepted,,613558959,613560799676883,6
tf_policy_elo_random_start_continuation_g127_g140_2026-08-26,accepted/standard-random-8x8.jsonl#c1a83467192a10fe4463d27e,standard-random-8x8,standard,random-start,8x8,tf:131,tf:134,true,p2,accepted,,613558959,613560799676885,8
tf_policy_elo_random_start_continuation_g127_g140_2026-08-26,accepted/standard-random-8x8.jsonl#51232248841e0481a004ce34,standard-random-8x8,standard,random-start,8x8,tf:131,tf:134,true,p2,accepted,,613558959,613560799676887,10
tf_policy_elo_random_start_continuation_g127_g140_2026-08-26,accepted/standard-random-8x8.jsonl#244f2e3083094626c23063ba,standard-random-8x8,standard,random-start,8x8,tf:131,tf:137,true,p1,accepted,,1726407446,1726412625222338,0
tf_policy_elo_random_start_continuation_g127_g140_2026-08-26,accepted/standard-random-8x8.jsonl#6be4a5461134ad091226729c,standard-random-8x8,standard,random-start,8x8,tf:131,tf:137,true,draw,accepted,,1726407446,1726412625222340,2
tf_policy_elo_random_start_continuation_g127_g140_2026-08-26,accepted/standard-random-8x8.jsonl#afc4bff29f16fdfb6f87e822,standard-random-8x8,standard,random-start,8x8,tf:131,tf:137,true,p1,accepted,,1726407446,1726412625222342,4
tf_policy_elo_random_start_continuation_g127_g140_2026-08-26,accepted/standard-random-8x8.jsonl#2a79b659057622935f6ddc8e,standard-random-8x8,standard,random-start,8x8,tf:131,tf:137,true,p2,accepted,,1726407446,1726412625222344,6
tf_policy_elo_random_start_continuation_g127_g140_2026-08-26,accepted/standard-random-8x8.jsonl#2365d8545f7aa68c1c1b3fd6,standard-random-8x8,standard,random-start,8x8,tf:131,tf:137,true,p2,accepted,,1726407446,1726412625222346,8
tf_policy_elo_random_start_continuation_g127_g140_2026-08-26,accepted/standard-random-8x8.jsonl#3e00152b1777c980e7c7265b,standard-random-8x8,standard,random-start,8x8,tf:131,tf:137,true,draw,accepted,,1726407446,1726412625222348,10
tf_policy_elo_random_start_continuation_g127_g140_2026-08-26,accepted/standard-random-8x8.jsonl#0c8662c9d06a90f8bd0f6c06,standard-random-8x8,standard,random-start,8x8,tf:132,tf:126,false,p1,accepted,,249932812,249933561798437,1
tf_policy_elo_random_start_continuation_g127_g140_2026-08-26,accepted/standard-random-8x8.jsonl#9e247f90e1acc21bf6a10661,standard-random-8x8,standard,random-start,8x8,tf:132,tf:126,false,p1,accepted,,249932812,249933561798439,3
tf_policy_elo_random_start_continuation_g127_g140_2026-08-26,accepted/standard-random-8x8.jsonl#3bd63ff66800760479cd390e,standard-random-8x8,standard,random-start,8x8,tf:132,tf:126,false,draw,accepted,,249932812,249933561798441,5
tf_policy_elo_random_start_continuation_g127_g140_2026-08-26,accepted/standard-random-8x8.jsonl#79c5bc56565d8e06b08cb14a,standard-random-8x8,standard,random-start,8x8,tf:132,tf:126,false,p2,accepted,,249932812,249933561798443,7
tf_policy_elo_random_start_continuation_g127_g140_2026-08-26,accepted/standard-random-8x8.jsonl#531910309a179f059604b84a,standard-random-8x8,standard,random-start,8x8,tf:132,tf:126,false,draw,accepted,,249932812,249933561798445,9
tf_policy_elo_random_start_continuation_g127_g140_2026-08-26,accepted/standard-random-8x8.jsonl#e4b7f77c397134e03e81e24b,standard-random-8x8,standard,random-start,8x8,tf:132,tf:126,false,draw,accepted,,249932812,249933561798447,11
tf_policy_elo_random_start_continuation_g127_g140_2026-08-26,accepted/standard-random-8x8.jsonl#96a0294dc30d11b6fdcfc2e5,standard-random-8x8,standard,random-start,8x8,tf:132,tf:129,false,p1,accepted,,329944627,329945616833882,1
tf_policy_elo_random_start_continuation_g127_g140_2026-08-26,accepted/standard-random-8x8.jsonl#8659b26aacbed6f7845caecf,standard-random-8x8,standard,random-start,8x8,tf:132,tf:129,false,p2,accepted,,329944627,329945616833884,3
tf_policy_elo_random_start_continuation_g127_g140_2026-08-26,accepted/standard-random-8x8.jsonl#c313fe8174553c9893db753d,standard-random-8x8,standard,random-start,8x8,tf:132,tf:129,false,p2,accepted,,329944627,329945616833886,5
tf_policy_elo_random_start_continuation_g127_g140_2026-08-26,accepted/standard-random-8x8.jsonl#f82fd069bc5bc72e00659475,standard-random-8x8,standard,random-start,8x8,tf:132,tf:129,false,p2,accepted,,329944627,329945616833888,7
tf_policy_elo_random_start_continuation_g127_g140_2026-08-26,accepted/standard-random-8x8.jsonl#21b0f041c9577f25d8b7536b,standard-random-8x8,standard,random-start,8x8,tf:132,tf:129,false,p1,accepted,,329944627,329945616833890,9
tf_policy_elo_random_start_continuation_g127_g140_2026-08-26,accepted/standard-random-8x8.jsonl#07a963865252404e580dc5c3,standard-random-8x8,standard,random-start,8x8,tf:132,tf:129,false,draw,accepted,,329944627,329945616833892,11
tf_policy_elo_random_start_continuation_g127_g140_2026-08-26,accepted/standard-random-8x8.jsonl#f0f8d1c63760ec73b6ab0aed,standard-random-8x8,standard,random-start,8x8,tf:132,tf:131,false,p1,accepted,,494270125,494271607810376,1
tf_policy_elo_random_start_continuation_g127_g140_2026-08-26,accepted/standard-random-8x8.jsonl#e6771df50de3de77850001b4,standard-random-8x8,standard,random-start,8x8,tf:132,tf:131,false,draw,accepted,,494270125,494271607810378,3
tf_policy_elo_random_start_continuation_g127_g140_2026-08-26,accepted/standard-random-8x8.jsonl#d4ac5d568ce0ee162d03f9d9,standard-random-8x8,standard,random-start,8x8,tf:132,tf:131,false,p2,accepted,,494270125,494271607810380,5
tf_policy_elo_random_start_continuation_g127_g140_2026-08-26,accepted/standard-random-8x8.jsonl#cc4f4661616515b875949c9c,standard-random-8x8,standard,random-start,8x8,tf:132,tf:131,false,p1,accepted,,494270125,494271607810382,7
tf_policy_elo_random_start_continuation_g127_g140_2026-08-26,accepted/standard-random-8x8.jsonl#72d5a917c901ab18e3400b5f,standard-random-8x8,standard,random-start,8x8,tf:132,tf:131,false,p2,accepted,,494270125,494271607810384,9
tf_policy_elo_random_start_continuation_g127_g140_2026-08-26,accepted/standard-random-8x8.jsonl#1a813a1a6162b4f6b6980c0b,standard-random-8x8,standard,random-start,8x8,tf:132,tf:131,false,p2,accepted,,494270125,494271607810386,11
tf_policy_elo_random_start_continuation_g127_g140_2026-08-26,accepted/standard-random-8x8.jsonl#8f496b788f996f01d12b8c3c,standard-random-8x8,standard,random-start,8x8,tf:132,tf:133,true,draw,accepted,,2014295114,2014301156885342,0
tf_policy_elo_random_start_continuation_g127_g140_2026-08-26,accepted/standard-random-8x8.jsonl#9ddca7ef58b0a3593d2fab97,standard-random-8x8,standard,random-start,8x8,tf:132,tf:133,true,p1,accepted,,2014295114,2014301156885344,2
tf_policy_elo_random_start_continuation_g127_g140_2026-08-26,accepted/standard-random-8x8.jsonl#cfdd776dabd0d6272c61d0fa,standard-random-8x8,standard,random-start,8x8,tf:132,tf:133,true,p2,accepted,,2014295114,2014301156885346,4
tf_policy_elo_random_start_continuation_g127_g140_2026-08-26,accepted/standard-random-8x8.jsonl#6c292ae653bf50ff54255a96,standard-random-8x8,standard,random-start,8x8,tf:132,tf:133,true,p2,accepted,,2014295114,2014301156885348,6
tf_policy_elo_random_start_continuation_g127_g140_2026-08-26,accepted/standard-random-8x8.jsonl#4c38144c020bbd92a2080afe,standard-random-8x8,standard,random-start,8x8,tf:132,tf:133,true,p2,accepted,,2014295114,2014301156885350,8
tf_policy_elo_random_start_continuation_g127_g140_2026-08-26,accepted/standard-random-8x8.jsonl#6a87cfb505d494029ce09508,standard-random-8x8,standard,random-start,8x8,tf:132,tf:133,true,p1,accepted,,2014295114,2014301156885352,10
tf_policy_elo_random_start_continuation_g127_g140_2026-08-26,accepted/standard-random-8x8.jsonl#30859e6e7e2c641df1749768,standard-random-8x8,standard,random-start,8x8,tf:132,tf:135,true,draw,accepted,,2070976455,2070982667929365,0
tf_policy_elo_random_start_continuation_g127_g140_2026-08-26,accepted/standard-random-8x8.jsonl#fc7a14e152d1319a1fa1731b,standard-random-8x8,standard,random-start,8x8,tf:132,tf:135,true,draw,accepted,,2070976455,2070982667929367,2
tf_policy_elo_random_start_continuation_g127_g140_2026-08-26,accepted/standard-random-8x8.jsonl#404ddc3859c92009fc88ef97,standard-random-8x8,standard,random-start,8x8,tf:132,tf:135,true,p2,accepted,,2070976455,2070982667929369,4
tf_policy_elo_random_start_continuation_g127_g140_2026-08-26,accepted/standard-random-8x8.jsonl#556423cdc3bd15960d6a78cb,standard-random-8x8,standard,random-start,8x8,tf:132,tf:135,true,p1,accepted,,2070976455,2070982667929371,6
tf_policy_elo_random_start_continuation_g127_g140_2026-08-26,accepted/standard-random-8x8.jsonl#3416fb6dcc3a6a654a8ef958,standard-random-8x8,standard,random-start,8x8,tf:132,tf:135,true,draw,accepted,,2070976455,2070982667929373,8
tf_policy_elo_random_start_continuation_g127_g140_2026-08-26,accepted/standard-random-8x8.jsonl#4098bbc06fcaad51eb7da480,standard-random-8x8,standard,random-start,8x8,tf:132,tf:135,true,p2,accepted,,2070976455,2070982667929375,10
tf_policy_elo_random_start_continuation_g127_g140_2026-08-26,accepted/standard-random-8x8.jsonl#32c1761b44852920455f1a9a,standard-random-8x8,standard,random-start,8x8,tf:132,tf:138,true,p1,accepted,,989223863,989226830671589,0
tf_policy_elo_random_start_continuation_g127_g140_2026-08-26,accepted/standard-random-8x8.jsonl#c14138d6f0e1864ff9208c0a,standard-random-8x8,standard,random-start,8x8,tf:132,tf:138,true,draw,accepted,,989223863,989226830671591,2
tf_policy_elo_random_start_continuation_g127_g140_2026-08-26,accepted/standard-random-8x8.jsonl#4ea20ec936aaf07b758a1512,standard-random-8x8,standard,random-start,8x8,tf:132,tf:138,true,p1,accepted,,989223863,989226830671593,4
tf_policy_elo_random_start_continuation_g127_g140_2026-08-26,accepted/standard-random-8x8.jsonl#4293bb6e2a4dc8f937a7f966,standard-random-8x8,standard,random-start,8x8,tf:132,tf:138,true,draw,accepted,,989223863,989226830671595,6
tf_policy_elo_random_start_continuation_g127_g140_2026-08-26,accepted/standard-random-8x8.jsonl#753460e15ec7bd71fae23d2e,standard-random-8x8,standard,random-start,8x8,tf:132,tf:138,true,p1,accepted,,989223863,989226830671597,8
tf_policy_elo_random_start_continuation_g127_g140_2026-08-26,accepted/standard-random-8x8.jsonl#bc3789fd672e5e95cce4692b,standard-random-8x8,standard,random-start,8x8,tf:132,tf:138,true,p2,accepted,,989223863,989226830671599,10
tf_policy_elo_random_start_continuation_g127_g140_2026-08-26,accepted/standard-random-8x8.jsonl#e1fadf87925d568bfd4b0bb7,standard-random-8x8,standard,random-start,8x8,tf:133,tf:127,false,p2,accepted,,1944105671,1944111503317014,1
tf_policy_elo_random_start_continuation_g127_g140_2026-08-26,accepted/standard-random-8x8.jsonl#e63451e6b713ac4d473860fa,standard-random-8x8,standard,random-start,8x8,tf:133,tf:127,false,p1,accepted,,1944105671,1944111503317016,3
tf_policy_elo_random_start_continuation_g127_g140_2026-08-26,accepted/standard-random-8x8.jsonl#4bb882358e13737cae780d0d,standard-random-8x8,standard,random-start,8x8,tf:133,tf:127,false,p1,accepted,,1944105671,1944111503317018,5
tf_policy_elo_random_start_continuation_g127_g140_2026-08-26,accepted/standard-random-8x8.jsonl#6ece1381e5b5b4e2f53199e4,standard-random-8x8,standard,random-start,8x8,tf:133,tf:127,false,p1,accepted,,1944105671,1944111503317020,7
tf_policy_elo_random_start_continuation_g127_g140_2026-08-26,accepted/standard-random-8x8.jsonl#1da045b9ac7638a493d38906,standard-random-8x8,standard,random-start,8x8,tf:133,tf:127,false,p2,accepted,,1944105671,1944111503317022,9
tf_policy_elo_random_start_continuation_g127_g140_2026-08-26,accepted/standard-random-8x8.jsonl#75d04c2a0abf05fc36497385,standard-random-8x8,standard,random-start,8x8,tf:133,tf:127,false,p1,accepted,,1944105671,1944111503317024,11
tf_policy_elo_random_start_continuation_g127_g140_2026-08-26,accepted/standard-random-8x8.jsonl#43b1d5f394ce3a5588053c84,standard-random-8x8,standard,random-start,8x8,tf:133,tf:130,false,p1,accepted,,720995883,720998045987650,1
tf_policy_elo_random_start_continuation_g127_g140_2026-08-26,accepted/standard-random-8x8.jsonl#e875188662eda68f05cd2aae,standard-random-8x8,standard,random-start,8x8,tf:133,tf:130,false,p2,accepted,,720995883,720998045987652,3
tf_policy_elo_random_start_continuation_g127_g140_2026-08-26,accepted/standard-random-8x8.jsonl#91549ffb67f2355915673b8d,standard-random-8x8,standard,random-start,8x8,tf:133,tf:130,false,p1,accepted,,720995883,720998045987654,5
tf_policy_elo_random_start_continuation_g127_g140_2026-08-26,accepted/standard-random-8x8.jsonl#8ded62e63e4cdf5092563ded,standard-random-8x8,standard,random-start,8x8,tf:133,tf:130,false,p1,accepted,,720995883,720998045987656,7
tf_policy_elo_random_start_continuation_g127_g140_2026-08-26,accepted/standard-random-8x8.jsonl#799469be4662e9291d8c0db3,standard-random-8x8,standard,random-start,8x8,tf:133,tf:130,false,p1,accepted,,720995883,720998045987658,9
tf_policy_elo_random_start_continuation_g127_g140_2026-08-26,accepted/standard-random-8x8.jsonl#2cb9b0c324c90877f18f5eb4,standard-random-8x8,standard,random-start,8x8,tf:133,tf:130,false,p2,accepted,,720995883,720998045987660,11
tf_policy_elo_random_start_continuation_g127_g140_2026-08-26,accepted/standard-random-8x8.jsonl#30c32c583eabe8d9f9cc1abc,standard-random-8x8,standard,random-start,8x8,tf:133,tf:132,false,p2,accepted,,2014295114,2014301156885343,1
tf_policy_elo_random_start_continuation_g127_g140_2026-08-26,accepted/standard-random-8x8.jsonl#f94c77359fa53ec2d7306921,standard-random-8x8,standard,random-start,8x8,tf:133,tf:132,false,p1,accepted,,2014295114,2014301156885345,3
tf_policy_elo_random_start_continuation_g127_g140_2026-08-26,accepted/standard-random-8x8.jsonl#5dcab86dd0444ed1d76001b6,standard-random-8x8,standard,random-start,8x8,tf:133,tf:132,false,p1,accepted,,2014295114,2014301156885347,5
tf_policy_elo_random_start_continuation_g127_g140_2026-08-26,accepted/standard-random-8x8.jsonl#cc379986adaed68b753fa4a5,standard-random-8x8,standard,random-start,8x8,tf:133,tf:132,false,draw,accepted,,2014295114,2014301156885349,7
tf_policy_elo_random_start_continuation_g127_g140_2026-08-26,accepted/standard-random-8x8.jsonl#33aab467d83bcdd07c02bdb2,standard-random-8x8,standard,random-start,8x8,tf:133,tf:132,false,p1,accepted,,2014295114,2014301156885351,9
tf_policy_elo_random_start_continuation_g127_g140_2026-08-26,accepted/standard-random-8x8.jsonl#6c6ccff686414f1379dc2e08,standard-random-8x8,standard,random-start,8x8,tf:133,tf:132,false,p1,accepted,,2014295114,2014301156885353,11
tf_policy_elo_random_start_continuation_g127_g140_2026-08-26,accepted/standard-random-8x8.jsonl#9ffc7f94ca2be6c44c4296de,standard-random-8x8,standard,random-start,8x8,tf:133,tf:134,true,p1,accepted,,860874071,860876653622213,0
tf_policy_elo_random_start_continuation_g127_g140_2026-08-26,accepted/standard-random-8x8.jsonl#41d663d6802ac520df1e3beb,standard-random-8x8,standard,random-start,8x8,tf:133,tf:134,true,draw,accepted,,860874071,860876653622215,2
tf_policy_elo_random_start_continuation_g127_g140_2026-08-26,accepted/standard-random-8x8.jsonl#853e57ad4b6968c02ab064d8,standard-random-8x8,standard,random-start,8x8,tf:133,tf:134,true,p2,accepted,,860874071,860876653622217,4
tf_policy_elo_random_start_continuation_g127_g140_2026-08-26,accepted/standard-random-8x8.jsonl#20161b97479bf02000ad6267,standard-random-8x8,standard,random-start,8x8,tf:133,tf:134,true,p1,accepted,,860874071,860876653622219,6
tf_policy_elo_random_start_continuation_g127_g140_2026-08-26,accepted/standard-random-8x8.jsonl#a4d18911415ca901a90d22b6,standard-random-8x8,standard,random-start,8x8,tf:133,tf:134,true,draw,accepted,,860874071,860876653622221,8
tf_policy_elo_random_start_continuation_g127_g140_2026-08-26,accepted/standard-random-8x8.jsonl#2a8426c67bc8deb5031143e4,standard-random-8x8,standard,random-start,8x8,tf:133,tf:134,true,draw,accepted,,860874071,860876653622223,10
tf_policy_elo_random_start_continuation_g127_g140_2026-08-26,accepted/standard-random-8x8.jsonl#cd36a47b6504cb6ee3a352bc,standard-random-8x8,standard,random-start,8x8,tf:133,tf:136,true,p2,accepted,,615868699,615870546606097,0
tf_policy_elo_random_start_continuation_g127_g140_2026-08-26,accepted/standard-random-8x8.jsonl#f23f799e23402ab73e96d5ca,standard-random-8x8,standard,random-start,8x8,tf:133,tf:136,true,p2,accepted,,615868699,615870546606099,2
tf_policy_elo_random_start_continuation_g127_g140_2026-08-26,accepted/standard-random-8x8.jsonl#427a9dcec703b6992563a44f,standard-random-8x8,standard,random-start,8x8,tf:133,tf:136,true,draw,accepted,,615868699,615870546606101,4
tf_policy_elo_random_start_continuation_g127_g140_2026-08-26,accepted/standard-random-8x8.jsonl#4a7b1a8f8bc9f993ea177620,standard-random-8x8,standard,random-start,8x8,tf:133,tf:136,true,draw,accepted,,615868699,615870546606103,6
tf_policy_elo_random_start_continuation_g127_g140_2026-08-26,accepted/standard-random-8x8.jsonl#20d3a95e36e038cad2e2186d,standard-random-8x8,standard,random-start,8x8,tf:133,tf:136,true,p2,accepted,,615868699,615870546606105,8
tf_policy_elo_random_start_continuation_g127_g140_2026-08-26,accepted/standard-random-8x8.jsonl#e95c0915e07d04e4f4415122,standard-random-8x8,standard,random-start,8x8,tf:133,tf:136,true,p1,accepted,,615868699,615870546606107,10
tf_policy_elo_random_start_continuation_g127_g140_2026-08-26,accepted/standard-random-8x8.jsonl#ae69086ddcf10d516676237a,standard-random-8x8,standard,random-start,8x8,tf:133,tf:139,true,draw,accepted,,937990097,937992910970291,0
tf_policy_elo_random_start_continuation_g127_g140_2026-08-26,accepted/standard-random-8x8.jsonl#236106941a5b76435ac68343,standard-random-8x8,standard,random-start,8x8,tf:133,tf:139,true,p2,accepted,,937990097,937992910970293,2
tf_policy_elo_random_start_continuation_g127_g140_2026-08-26,accepted/standard-random-8x8.jsonl#6f2f77836a1e54db8567c472,standard-random-8x8,standard,random-start,8x8,tf:133,tf:139,true,p1,accepted,,937990097,937992910970295,4
tf_policy_elo_random_start_continuation_g127_g140_2026-08-26,accepted/standard-random-8x8.jsonl#0256a9f468b3ae8d38443ef1,standard-random-8x8,standard,random-start,8x8,tf:133,tf:139,true,p1,accepted,,937990097,937992910970297,6
tf_policy_elo_random_start_continuation_g127_g140_2026-08-26,accepted/standard-random-8x8.jsonl#9413b55b8ddeed6c759b7fb6,standard-random-8x8,standard,random-start,8x8,tf:133,tf:139,true,p1,accepted,,937990097,937992910970299,8
tf_policy_elo_random_start_continuation_g127_g140_2026-08-26,accepted/standard-random-8x8.jsonl#d871485d6b4c031b96204268,standard-random-8x8,standard,random-start,8x8,tf:133,tf:139,true,p2,accepted,,937990097,937992910970301,10
tf_policy_elo_random_start_continuation_g127_g140_2026-08-26,accepted/standard-random-8x8.jsonl#a4fa13fbaff0d29716ebc389,standard-random-8x8,standard,random-start,8x8,tf:134,tf:128,false,draw,accepted,,90937377,90937649812132,1
tf_policy_elo_random_start_continuation_g127_g140_2026-08-26,accepted/standard-random-8x8.jsonl#6c574f424c842c968d037ebf,standard-random-8x8,standard,random-start,8x8,tf:134,tf:128,false,p1,accepted,,90937377,90937649812134,3
tf_policy_elo_random_start_continuation_g127_g140_2026-08-26,accepted/standard-random-8x8.jsonl#d2ae54827b2a49f7a663584c,standard-random-8x8,standard,random-start,8x8,tf:134,tf:128,false,p1,accepted,,90937377,90937649812136,5
tf_policy_elo_random_start_continuation_g127_g140_2026-08-26,accepted/standard-random-8x8.jsonl#b027431c38f9f1109bdcdcba,standard-random-8x8,standard,random-start,8x8,tf:134,tf:128,false,draw,accepted,,90937377,90937649812138,7
tf_policy_elo_random_start_continuation_g127_g140_2026-08-26,accepted/standard-random-8x8.jsonl#049b3e7982f6d687b63af1c9,standard-random-8x8,standard,random-start,8x8,tf:134,tf:128,false,p1,accepted,,90937377,90937649812140,9
tf_policy_elo_random_start_continuation_g127_g140_2026-08-26,accepted/standard-random-8x8.jsonl#ac11003afb9da143bb959105,standard-random-8x8,standard,random-start,8x8,tf:134,tf:128,false,p1,accepted,,90937377,90937649812142,11
tf_policy_elo_random_start_continuation_g127_g140_2026-08-26,accepted/standard-random-8x8.jsonl#6288ac9275d2529d9fa5b5e5,standard-random-8x8,standard,random-start,8x8,tf:134,tf:131,false,draw,accepted,,613558959,613560799676878,1
tf_policy_elo_random_start_continuation_g127_g140_2026-08-26,accepted/standard-random-8x8.jsonl#e4044f0c06d249fedf253a17,standard-random-8x8,standard,random-start,8x8,tf:134,tf:131,false,p2,accepted,,613558959,613560799676880,3
tf_policy_elo_random_start_continuation_g127_g140_2026-08-26,accepted/standard-random-8x8.jsonl#f1ccb3e36851736d846a5fe8,standard-random-8x8,standard,random-start,8x8,tf:134,tf:131,false,p1,accepted,,613558959,613560799676882,5
tf_policy_elo_random_start_continuation_g127_g140_2026-08-26,accepted/standard-random-8x8.jsonl#ed5ad9371579c171d5b6934e,standard-random-8x8,standard,random-start,8x8,tf:134,tf:131,false,draw,accepted,,613558959,613560799676884,7
tf_policy_elo_random_start_continuation_g127_g140_2026-08-26,accepted/standard-random-8x8.jsonl#3266452771522df0536b54bc,standard-random-8x8,standard,random-start,8x8,tf:134,tf:131,false,p1,accepted,,613558959,613560799676886,9
tf_policy_elo_random_start_continuation_g127_g140_2026-08-26,accepted/standard-random-8x8.jsonl#1eb03e9765f6590731cbdf20,standard-random-8x8,standard,random-start,8x8,tf:134,tf:131,false,draw,accepted,,613558959,613560799676888,11
tf_policy_elo_random_start_continuation_g127_g140_2026-08-26,accepted/standard-random-8x8.jsonl#7f428f4b7b9163dce6d176e1,standard-random-8x8,standard,random-start,8x8,tf:134,tf:133,false,draw,accepted,,860874071,860876653622214,1
tf_policy_elo_random_start_continuation_g127_g140_2026-08-26,accepted/standard-random-8x8.jsonl#dea2946517a6d0e780f31849,standard-random-8x8,standard,random-start,8x8,tf:134,tf:133,false,p2,accepted,,860874071,860876653622216,3
tf_policy_elo_random_start_continuation_g127_g140_2026-08-26,accepted/standard-random-8x8.jsonl#eb40bd60baf02d81f6fe59aa,standard-random-8x8,standard,random-start,8x8,tf:134,tf:133,false,draw,accepted,,860874071,860876653622218,5
tf_policy_elo_random_start_continuation_g127_g140_2026-08-26,accepted/standard-random-8x8.jsonl#9b8f7966909601fb1679d694,standard-random-8x8,standard,random-start,8x8,tf:134,tf:133,false,p2,accepted,,860874071,860876653622220,7
tf_policy_elo_random_start_continuation_g127_g140_2026-08-26,accepted/standard-random-8x8.jsonl#ba11e0ad5277f3783d4c4b97,standard-random-8x8,standard,random-start,8x8,tf:134,tf:133,false,p1,accepted,,860874071,860876653622222,9
tf_policy_elo_random_start_continuation_g127_g140_2026-08-26,accepted/standard-random-8x8.jsonl#2c225ab6352effd3816394d8,standard-random-8x8,standard,random-start,8x8,tf:134,tf:133,false,p1,accepted,,860874071,860876653622224,11
tf_policy_elo_random_start_continuation_g127_g140_2026-08-26,accepted/standard-random-8x8.jsonl#1f1d60c03f00ac3db9015383,standard-random-8x8,standard,random-start,8x8,tf:134,tf:135,true,p1,accepted,,1384738362,1384742516215086,0
tf_policy_elo_random_start_continuation_g127_g140_2026-08-26,accepted/standard-random-8x8.jsonl#90d1b6e3022d407d1ec7ad2d,standard-random-8x8,standard,random-start,8x8,tf:134,tf:135,true,draw,accepted,,1384738362,1384742516215088,2
tf_policy_elo_random_start_continuation_g127_g140_2026-08-26,accepted/standard-random-8x8.jsonl#1b88fd67d1435482cd65d111,standard-random-8x8,standard,random-start,8x8,tf:134,tf:135,true,p1,accepted,,1384738362,1384742516215090,4
tf_policy_elo_random_start_continuation_g127_g140_2026-08-26,accepted/standard-random-8x8.jsonl#6ec5df7c79307a33685735a2,standard-random-8x8,standard,random-start,8x8,tf:134,tf:135,true,p1,accepted,,1384738362,1384742516215092,6
tf_policy_elo_random_start_continuation_g127_g140_2026-08-26,accepted/standard-random-8x8.jsonl#3a81ed14d88bc4d109ef55bf,standard-random-8x8,standard,random-start,8x8,tf:134,tf:135,true,p2,accepted,,1384738362,1384742516215094,8
tf_policy_elo_random_start_continuation_g127_g140_2026-08-26,accepted/standard-random-8x8.jsonl#d5621f23ed3c640845854501,standard-random-8x8,standard,random-start,8x8,tf:134,tf:135,true,p1,accepted,,1384738362,1384742516215096,10
tf_policy_elo_random_start_continuation_g127_g140_2026-08-26,accepted/standard-random-8x8.jsonl#ab5c3ec71b4485e0ce38a8a0,standard-random-8x8,standard,random-start,8x8,tf:134,tf:137,true,p2,accepted,,650205818,650207768617454,0
tf_policy_elo_random_start_continuation_g127_g140_2026-08-26,accepted/standard-random-8x8.jsonl#45ba7f29598407efef19d6f8,standard-random-8x8,standard,random-start,8x8,tf:134,tf:137,true,p2,accepted,,650205818,650207768617456,2
tf_policy_elo_random_start_continuation_g127_g140_2026-08-26,accepted/standard-random-8x8.jsonl#aaf00f49ce70564ee466a6f8,standard-random-8x8,standard,random-start,8x8,tf:134,tf:137,true,draw,accepted,,650205818,650207768617458,4
tf_policy_elo_random_start_continuation_g127_g140_2026-08-26,accepted/standard-random-8x8.jsonl#f95393597f541185a3ab9f39,standard-random-8x8,standard,random-start,8x8,tf:134,tf:137,true,p1,accepted,,650205818,650207768617460,6
tf_policy_elo_random_start_continuation_g127_g140_2026-08-26,accepted/standard-random-8x8.jsonl#52f6e2ca8a526152f83c1ed1,standard-random-8x8,standard,random-start,8x8,tf:134,tf:137,true,draw,accepted,,650205818,650207768617462,8
tf_policy_elo_random_start_continuation_g127_g140_2026-08-26,accepted/standard-random-8x8.jsonl#51a15b8eb6301b7b4d27a05e,standard-random-8x8,standard,random-start,8x8,tf:134,tf:137,true,p1,accepted,,650205818,650207768617464,10
tf_policy_elo_random_start_continuation_g127_g140_2026-08-26,accepted/standard-random-8x8.jsonl#4b9130967f95e291cc775cfe,standard-random-8x8,standard,random-start,8x8,tf:134,tf:140,true,p1,accepted,,1957816852,1957822725450556,0
tf_policy_elo_random_start_continuation_g127_g140_2026-08-26,accepted/standard-random-8x8.jsonl#1b7f55a7b69019dcbaca4b0f,standard-random-8x8,standard,random-start,8x8,tf:134,tf:140,true,p2,accepted,,1957816852,1957822725450558,2
tf_policy_elo_random_start_continuation_g127_g140_2026-08-26,accepted/standard-random-8x8.jsonl#ec1a6a07910bee27eda43910,standard-random-8x8,standard,random-start,8x8,tf:134,tf:140,true,p2,accepted,,1957816852,1957822725450560,4
tf_policy_elo_random_start_continuation_g127_g140_2026-08-26,accepted/standard-random-8x8.jsonl#0f4e1f8f48c547ed5c33ffa0,standard-random-8x8,standard,random-start,8x8,tf:134,tf:140,true,p2,accepted,,1957816852,1957822725450562,6
tf_policy_elo_random_start_continuation_g127_g140_2026-08-26,accepted/standard-random-8x8.jsonl#e7456980248fdc1fbb282e0c,standard-random-8x8,standard,random-start,8x8,tf:134,tf:140,true,p1,accepted,,1957816852,1957822725450564,8
tf_policy_elo_random_start_continuation_g127_g140_2026-08-26,accepted/standard-random-8x8.jsonl#db564aae4f7c3213d40bc73f,standard-random-8x8,standard,random-start,8x8,tf:134,tf:140,true,draw,accepted,,1957816852,1957822725450566,10
tf_policy_elo_random_start_continuation_g127_g140_2026-08-26,accepted/standard-random-8x8.jsonl#6f0fa13f87736080bb32bebc,standard-random-8x8,standard,random-start,8x8,tf:135,tf:129,false,p1,accepted,,1515818949,1515823496456848,1
tf_policy_elo_random_start_continuation_g127_g140_2026-08-26,accepted/standard-random-8x8.jsonl#e1c2e4d553a678c9b881765e,standard-random-8x8,standard,random-start,8x8,tf:135,tf:129,false,p1,accepted,,1515818949,1515823496456850,3
tf_policy_elo_random_start_continuation_g127_g140_2026-08-26,accepted/standard-random-8x8.jsonl#713e6002985354aa4dd20752,standard-random-8x8,standard,random-start,8x8,tf:135,tf:129,false,p1,accepted,,1515818949,1515823496456852,5
tf_policy_elo_random_start_continuation_g127_g140_2026-08-26,accepted/standard-random-8x8.jsonl#c51ce9d417f52c857a89cfc2,standard-random-8x8,standard,random-start,8x8,tf:135,tf:129,false,p1,accepted,,1515818949,1515823496456854,7
tf_policy_elo_random_start_continuation_g127_g140_2026-08-26,accepted/standard-random-8x8.jsonl#a1777c42431109a9670eee8d,standard-random-8x8,standard,random-start,8x8,tf:135,tf:129,false,p2,accepted,,1515818949,1515823496456856,9
tf_policy_elo_random_start_continuation_g127_g140_2026-08-26,accepted/standard-random-8x8.jsonl#6b29a5b161a93be8ef6b6b71,standard-random-8x8,standard,random-start,8x8,tf:135,tf:129,false,p2,accepted,,1515818949,1515823496456858,11
tf_policy_elo_random_start_continuation_g127_g140_2026-08-26,accepted/standard-random-8x8.jsonl#2decc3d5a92788fe505a24eb,standard-random-8x8,standard,random-start,8x8,tf:135,tf:132,false,p1,accepted,,2070976455,2070982667929366,1
tf_policy_elo_random_start_continuation_g127_g140_2026-08-26,accepted/standard-random-8x8.jsonl#6fd83098f68b3b5b03712009,standard-random-8x8,standard,random-start,8x8,tf:135,tf:132,false,p1,accepted,,2070976455,2070982667929368,3
tf_policy_elo_random_start_continuation_g127_g140_2026-08-26,accepted/standard-random-8x8.jsonl#0889cf444f39e137703115b6,standard-random-8x8,standard,random-start,8x8,tf:135,tf:132,false,draw,accepted,,2070976455,2070982667929370,5
tf_policy_elo_random_start_continuation_g127_g140_2026-08-26,accepted/standard-random-8x8.jsonl#e665cd2b29cd5e8ae7bc1089,standard-random-8x8,standard,random-start,8x8,tf:135,tf:132,false,p1,accepted,,2070976455,2070982667929372,7
tf_policy_elo_random_start_continuation_g127_g140_2026-08-26,accepted/standard-random-8x8.jsonl#722f2cb122693418a655e30d,standard-random-8x8,standard,random-start,8x8,tf:135,tf:132,false,p2,accepted,,2070976455,2070982667929374,9
tf_policy_elo_random_start_continuation_g127_g140_2026-08-26,accepted/standard-random-8x8.jsonl#ff374414f6aac562db3b478d,standard-random-8x8,standard,random-start,8x8,tf:135,tf:132,false,draw,accepted,,2070976455,2070982667929376,11
tf_policy_elo_random_start_continuation_g127_g140_2026-08-26,accepted/standard-random-8x8.jsonl#8f56105e42ea544cd3c83086,standard-random-8x8,standard,random-start,8x8,tf:135,tf:134,false,p1,accepted,,1384738362,1384742516215087,1
tf_policy_elo_random_start_continuation_g127_g140_2026-08-26,accepted/standard-random-8x8.jsonl#440ddee3c498f46d8e7b2250,standard-random-8x8,standard,random-start,8x8,tf:135,tf:134,false,p1,accepted,,1384738362,1384742516215089,3
tf_policy_elo_random_start_continuation_g127_g140_2026-08-26,accepted/standard-random-8x8.jsonl#f460a9e7a8c06fd623641e66,standard-random-8x8,standard,random-start,8x8,tf:135,tf:134,false,p1,accepted,,1384738362,1384742516215091,5
tf_policy_elo_random_start_continuation_g127_g140_2026-08-26,accepted/standard-random-8x8.jsonl#67bb09996f32e87b81477744,standard-random-8x8,standard,random-start,8x8,tf:135,tf:134,false,p1,accepted,,1384738362,1384742516215093,7
tf_policy_elo_random_start_continuation_g127_g140_2026-08-26,accepted/standard-random-8x8.jsonl#65b690052b7fb8ffc70e2745,standard-random-8x8,standard,random-start,8x8,tf:135,tf:134,false,draw,accepted,,1384738362,1384742516215095,9
tf_policy_elo_random_start_continuation_g127_g140_2026-08-26,accepted/standard-random-8x8.jsonl#6b09a8761decd5311d29d340,standard-random-8x8,standard,random-start,8x8,tf:135,tf:134,false,p2,accepted,,1384738362,1384742516215097,11
tf_policy_elo_random_start_continuation_g127_g140_2026-08-26,accepted/standard-random-8x8.jsonl#b5cef49d2d79bea3e23674dd,standard-random-8x8,standard,random-start,8x8,tf:135,tf:136,true,p2,accepted,,1523623794,1523628364871382,0
tf_policy_elo_random_start_continuation_g127_g140_2026-08-26,accepted/standard-random-8x8.jsonl#d7095846a843774d75dba6a1,standard-random-8x8,standard,random-start,8x8,tf:135,tf:136,true,p2,accepted,,1523623794,1523628364871384,2
tf_policy_elo_random_start_continuation_g127_g140_2026-08-26,accepted/standard-random-8x8.jsonl#9c6bdd3e4da0f56da74565f9,standard-random-8x8,standard,random-start,8x8,tf:135,tf:136,true,p2,accepted,,1523623794,1523628364871386,4
tf_policy_elo_random_start_continuation_g127_g140_2026-08-26,accepted/standard-random-8x8.jsonl#5d882db2fcce7aaf4588050d,standard-random-8x8,standard,random-start,8x8,tf:135,tf:136,true,p1,accepted,,1523623794,1523628364871388,6
tf_policy_elo_random_start_continuation_g127_g140_2026-08-26,accepted/standard-random-8x8.jsonl#b4158084ec38b4943fc347fe,standard-random-8x8,standard,random-start,8x8,tf:135,tf:136,true,p2,accepted,,1523623794,1523628364871390,8
tf_policy_elo_random_start_continuation_g127_g140_2026-08-26,accepted/standard-random-8x8.jsonl#adaa95f78a97b7d889156efd,standard-random-8x8,standard,random-start,8x8,tf:135,tf:136,true,p1,accepted,,1523623794,1523628364871392,10
tf_policy_elo_random_start_continuation_g127_g140_2026-08-26,accepted/standard-random-8x8.jsonl#bf970fbaec97dac018824956,standard-random-8x8,standard,random-start,8x8,tf:135,tf:138,true,p2,accepted,,882375137,882377784125411,0
tf_policy_elo_random_start_continuation_g127_g140_2026-08-26,accepted/standard-random-8x8.jsonl#5e172c36b8a9bd4e14340189,standard-random-8x8,standard,random-start,8x8,tf:135,tf:138,true,p1,accepted,,882375137,882377784125413,2
tf_policy_elo_random_start_continuation_g127_g140_2026-08-26,accepted/standard-random-8x8.jsonl#c74affcf5b7cbc06531ecfb6,standard-random-8x8,standard,random-start,8x8,tf:135,tf:138,true,p1,accepted,,882375137,882377784125415,4
tf_policy_elo_random_start_continuation_g127_g140_2026-08-26,accepted/standard-random-8x8.jsonl#f56766c6b711a26c3d5e2866,standard-random-8x8,standard,random-start,8x8,tf:135,tf:138,true,p2,accepted,,882375137,882377784125417,6
tf_policy_elo_random_start_continuation_g127_g140_2026-08-26,accepted/standard-random-8x8.jsonl#6d2e2dfc9ec75a5bf1fc4683,standard-random-8x8,standard,random-start,8x8,tf:135,tf:138,true,draw,accepted,,882375137,882377784125419,8
tf_policy_elo_random_start_continuation_g127_g140_2026-08-26,accepted/standard-random-8x8.jsonl#a8aeb516724fa50b4aeb4b40,standard-random-8x8,standard,random-start,8x8,tf:135,tf:138,true,draw,accepted,,882375137,882377784125421,10
tf_policy_elo_random_start_continuation_g127_g140_2026-08-26,accepted/standard-random-8x8.jsonl#1a97b0eb1268ab41b3701c40,standard-random-8x8,standard,random-start,8x8,tf:136,tf:130,false,p1,accepted,,282635319,282636166905958,1
tf_policy_elo_random_start_continuation_g127_g140_2026-08-26,accepted/standard-random-8x8.jsonl#7f7d159a6dbc6704884a8343,standard-random-8x8,standard,random-start,8x8,tf:136,tf:130,false,p1,accepted,,282635319,282636166905960,3
tf_policy_elo_random_start_continuation_g127_g140_2026-08-26,accepted/standard-random-8x8.jsonl#d4cef3f407c1c676974df37c,standard-random-8x8,standard,random-start,8x8,tf:136,tf:130,false,p2,accepted,,282635319,282636166905962,5
tf_policy_elo_random_start_continuation_g127_g140_2026-08-26,accepted/standard-random-8x8.jsonl#0d0cdf188032213750a2624b,standard-random-8x8,standard,random-start,8x8,tf:136,tf:130,false,p2,accepted,,282635319,282636166905964,7
tf_policy_elo_random_start_continuation_g127_g140_2026-08-26,accepted/standard-random-8x8.jsonl#159d04778e8b823e211442cd,standard-random-8x8,standard,random-start,8x8,tf:136,tf:130,false,draw,accepted,,282635319,282636166905966,9
tf_policy_elo_random_start_continuation_g127_g140_2026-08-26,accepted/standard-random-8x8.jsonl#b879d7b0d1a0acee802028b7,standard-random-8x8,standard,random-start,8x8,tf:136,tf:130,false,p2,accepted,,282635319,282636166905968,11
tf_policy_elo_random_start_continuation_g127_g140_2026-08-26,accepted/standard-random-8x8.jsonl#c0726781d7e5ef2e60ea58a4,standard-random-8x8,standard,random-start,8x8,tf:136,tf:133,false,p1,accepted,,615868699,615870546606098,1
tf_policy_elo_random_start_continuation_g127_g140_2026-08-26,accepted/standard-random-8x8.jsonl#fae51af7d84da76b0e625d96,standard-random-8x8,standard,random-start,8x8,tf:136,tf:133,false,p1,accepted,,615868699,615870546606100,3
tf_policy_elo_random_start_continuation_g127_g140_2026-08-26,accepted/standard-random-8x8.jsonl#7b762df17c566426c27fa99b,standard-random-8x8,standard,random-start,8x8,tf:136,tf:133,false,p1,accepted,,615868699,615870546606102,5
tf_policy_elo_random_start_continuation_g127_g140_2026-08-26,accepted/standard-random-8x8.jsonl#a589d3eaf6185d8bb339b58f,standard-random-8x8,standard,random-start,8x8,tf:136,tf:133,false,p2,accepted,,615868699,615870546606104,7
tf_policy_elo_random_start_continuation_g127_g140_2026-08-26,accepted/standard-random-8x8.jsonl#160069935ca34c2ff70a7484,standard-random-8x8,standard,random-start,8x8,tf:136,tf:133,false,draw,accepted,,615868699,615870546606106,9
tf_policy_elo_random_start_continuation_g127_g140_2026-08-26,accepted/standard-random-8x8.jsonl#dd46b78e542d0f635179991b,standard-random-8x8,standard,random-start,8x8,tf:136,tf:133,false,draw,accepted,,615868699,615870546606108,11
tf_policy_elo_random_start_continuation_g127_g140_2026-08-26,accepted/standard-random-8x8.jsonl#fb02246b7b718372e2630e2e,standard-random-8x8,standard,random-start,8x8,tf:136,tf:135,false,p2,accepted,,1523623794,1523628364871383,1
tf_policy_elo_random_start_continuation_g127_g140_2026-08-26,accepted/standard-random-8x8.jsonl#e7396052c6c3c1feca79af90,standard-random-8x8,standard,random-start,8x8,tf:136,tf:135,false,p1,accepted,,1523623794,1523628364871385,3
tf_policy_elo_random_start_continuation_g127_g140_2026-08-26,accepted/standard-random-8x8.jsonl#d4e8e2ea5a247acfe0d2ad98,standard-random-8x8,standard,random-start,8x8,tf:136,tf:135,false,draw,accepted,,1523623794,1523628364871387,5
tf_policy_elo_random_start_continuation_g127_g140_2026-08-26,accepted/standard-random-8x8.jsonl#05f74de5b607443402f652a6,standard-random-8x8,standard,random-start,8x8,tf:136,tf:135,false,p2,accepted,,1523623794,1523628364871389,7
tf_policy_elo_random_start_continuation_g127_g140_2026-08-26,accepted/standard-random-8x8.jsonl#78a6a2ae24bf588d8dae2e4b,standard-random-8x8,standard,random-start,8x8,tf:136,tf:135,false,draw,accepted,,1523623794,1523628364871391,9
tf_policy_elo_random_start_continuation_g127_g140_2026-08-26,accepted/standard-random-8x8.jsonl#a82c04aa46c58ac6b5811819,standard-random-8x8,standard,random-start,8x8,tf:136,tf:135,false,p1,accepted,,1523623794,1523628364871393,11
tf_policy_elo_random_start_continuation_g127_g140_2026-08-26,accepted/standard-random-8x8.jsonl#ac47395a4fb2ac2aad8556a3,standard-random-8x8,standard,random-start,8x8,tf:136,tf:137,true,draw,accepted,,311991490,311992425974470,0
tf_policy_elo_random_start_continuation_g127_g140_2026-08-26,accepted/standard-random-8x8.jsonl#48f005db16b086e5702da82d,standard-random-8x8,standard,random-start,8x8,tf:136,tf:137,true,p1,accepted,,311991490,311992425974472,2
tf_policy_elo_random_start_continuation_g127_g140_2026-08-26,accepted/standard-random-8x8.jsonl#ea04748b023f10d9077a4510,standard-random-8x8,standard,random-start,8x8,tf:136,tf:137,true,draw,accepted,,311991490,311992425974474,4
tf_policy_elo_random_start_continuation_g127_g140_2026-08-26,accepted/standard-random-8x8.jsonl#244bda603fca7e0ce69d474d,standard-random-8x8,standard,random-start,8x8,tf:136,tf:137,true,draw,accepted,,311991490,311992425974476,6
tf_policy_elo_random_start_continuation_g127_g140_2026-08-26,accepted/standard-random-8x8.jsonl#f8feef3dcef3f3472ef9e58d,standard-random-8x8,standard,random-start,8x8,tf:136,tf:137,true,p1,accepted,,311991490,311992425974478,8
tf_policy_elo_random_start_continuation_g127_g140_2026-08-26,accepted/standard-random-8x8.jsonl#ee77be24aa5132dd6cb7a7f5,standard-random-8x8,standard,random-start,8x8,tf:136,tf:137,true,p1,accepted,,311991490,311992425974480,10
tf_policy_elo_random_start_continuation_g127_g140_2026-08-26,accepted/standard-random-8x8.jsonl#cfff217c1b8a96a24ea43898,standard-random-8x8,standard,random-start,8x8,tf:136,tf:139,true,p1,accepted,,239428008,239428726284024,0
tf_policy_elo_random_start_continuation_g127_g140_2026-08-26,accepted/standard-random-8x8.jsonl#e27fd09e1ba777be0964bd6e,standard-random-8x8,standard,random-start,8x8,tf:136,tf:139,true,p1,accepted,,239428008,239428726284026,2
tf_policy_elo_random_start_continuation_g127_g140_2026-08-26,accepted/standard-random-8x8.jsonl#30122a504d586aca5df9d2bf,standard-random-8x8,standard,random-start,8x8,tf:136,tf:139,true,p2,accepted,,239428008,239428726284028,4
tf_policy_elo_random_start_continuation_g127_g140_2026-08-26,accepted/standard-random-8x8.jsonl#7cdb1ec5fe9fdf30987fed8c,standard-random-8x8,standard,random-start,8x8,tf:136,tf:139,true,p2,accepted,,239428008,239428726284030,6
tf_policy_elo_random_start_continuation_g127_g140_2026-08-26,accepted/standard-random-8x8.jsonl#79544c8f9c26fca089667344,standard-random-8x8,standard,random-start,8x8,tf:136,tf:139,true,draw,accepted,,239428008,239428726284032,8
tf_policy_elo_random_start_continuation_g127_g140_2026-08-26,accepted/standard-random-8x8.jsonl#d437b34d777a5348e02ed49d,standard-random-8x8,standard,random-start,8x8,tf:136,tf:139,true,p1,accepted,,239428008,239428726284034,10
tf_policy_elo_random_start_continuation_g127_g140_2026-08-26,accepted/standard-random-8x8.jsonl#044133bebe3d5ccb09435ee7,standard-random-8x8,standard,random-start,8x8,tf:137,tf:131,false,p1,accepted,,1726407446,1726412625222339,1
tf_policy_elo_random_start_continuation_g127_g140_2026-08-26,accepted/standard-random-8x8.jsonl#b60c35b1c6236e6f835716e3,standard-random-8x8,standard,random-start,8x8,tf:137,tf:131,false,p1,accepted,,1726407446,1726412625222341,3
tf_policy_elo_random_start_continuation_g127_g140_2026-08-26,accepted/standard-random-8x8.jsonl#b7b4bbc74ff7b2989412dd8c,standard-random-8x8,standard,random-start,8x8,tf:137,tf:131,false,p1,accepted,,1726407446,1726412625222343,5
tf_policy_elo_random_start_continuation_g127_g140_2026-08-26,accepted/standard-random-8x8.jsonl#61aa91bc2bb9fa210d375d72,standard-random-8x8,standard,random-start,8x8,tf:137,tf:131,false,draw,accepted,,1726407446,1726412625222345,7
tf_policy_elo_random_start_continuation_g127_g140_2026-08-26,accepted/standard-random-8x8.jsonl#66ac35e47bfac25006cd619b,standard-random-8x8,standard,random-start,8x8,tf:137,tf:131,false,draw,accepted,,1726407446,1726412625222347,9
tf_policy_elo_random_start_continuation_g127_g140_2026-08-26,accepted/standard-random-8x8.jsonl#8e5ac6d11ec2a9c69326a58a,standard-random-8x8,standard,random-start,8x8,tf:137,tf:131,false,p2,accepted,,1726407446,1726412625222349,11
tf_policy_elo_random_start_continuation_g127_g140_2026-08-26,accepted/standard-random-8x8.jsonl#79d948c464783ef4dcbcabea,standard-random-8x8,standard,random-start,8x8,tf:137,tf:134,false,draw,accepted,,650205818,650207768617455,1
tf_policy_elo_random_start_continuation_g127_g140_2026-08-26,accepted/standard-random-8x8.jsonl#dc6c4a39e3d750cbff312728,standard-random-8x8,standard,random-start,8x8,tf:137,tf:134,false,draw,accepted,,650205818,650207768617457,3
tf_policy_elo_random_start_continuation_g127_g140_2026-08-26,accepted/standard-random-8x8.jsonl#cd6cc0694311417907f1df65,standard-random-8x8,standard,random-start,8x8,tf:137,tf:134,false,p1,accepted,,650205818,650207768617459,5
tf_policy_elo_random_start_continuation_g127_g140_2026-08-26,accepted/standard-random-8x8.jsonl#ea2a45979739ae84e2f313eb,standard-random-8x8,standard,random-start,8x8,tf:137,tf:134,false,p2,accepted,,650205818,650207768617461,7
tf_policy_elo_random_start_continuation_g127_g140_2026-08-26,accepted/standard-random-8x8.jsonl#012d4c22df14f12838b3b9bd,standard-random-8x8,standard,random-start,8x8,tf:137,tf:134,false,draw,accepted,,650205818,650207768617463,9
tf_policy_elo_random_start_continuation_g127_g140_2026-08-26,accepted/standard-random-8x8.jsonl#555785f9a1c7ed83f9a800d2,standard-random-8x8,standard,random-start,8x8,tf:137,tf:134,false,p1,accepted,,650205818,650207768617465,11
tf_policy_elo_random_start_continuation_g127_g140_2026-08-26,accepted/standard-random-8x8.jsonl#8d8e12166873222ed52d262a,standard-random-8x8,standard,random-start,8x8,tf:137,tf:136,false,draw,accepted,,311991490,311992425974471,1
tf_policy_elo_random_start_continuation_g127_g140_2026-08-26,accepted/standard-random-8x8.jsonl#3ed581684297f976708e665d,standard-random-8x8,standard,random-start,8x8,tf:137,tf:136,false,p1,accepted,,311991490,311992425974473,3
tf_policy_elo_random_start_continuation_g127_g140_2026-08-26,accepted/standard-random-8x8.jsonl#5c25349a9fcdab17c2135d55,standard-random-8x8,standard,random-start,8x8,tf:137,tf:136,false,p2,accepted,,311991490,311992425974475,5
tf_policy_elo_random_start_continuation_g127_g140_2026-08-26,accepted/standard-random-8x8.jsonl#ef61e2eeb50cc66346c9af35,standard-random-8x8,standard,random-start,8x8,tf:137,tf:136,false,p1,accepted,,311991490,311992425974477,7
tf_policy_elo_random_start_continuation_g127_g140_2026-08-26,accepted/standard-random-8x8.jsonl#d571a3858b17358ac31ca3ce,standard-random-8x8,standard,random-start,8x8,tf:137,tf:136,false,p2,accepted,,311991490,311992425974479,9
tf_policy_elo_random_start_continuation_g127_g140_2026-08-26,accepted/standard-random-8x8.jsonl#2d30e825dd9c00b6977f1a45,standard-random-8x8,standard,random-start,8x8,tf:137,tf:136,false,p2,accepted,,311991490,311992425974481,11
tf_policy_elo_random_start_continuation_g127_g140_2026-08-26,accepted/standard-random-8x8.jsonl#2215623ac44b548b3cd995dc,standard-random-8x8,standard,random-start,8x8,tf:137,tf:138,true,draw,accepted,,486920085,486921545760255,0
tf_policy_elo_random_start_continuation_g127_g140_2026-08-26,accepted/standard-random-8x8.jsonl#4a4fc56d523ab91571ceda1a,standard-random-8x8,standard,random-start,8x8,tf:137,tf:138,true,p1,accepted,,486920085,486921545760257,2
tf_policy_elo_random_start_continuation_g127_g140_2026-08-26,accepted/standard-random-8x8.jsonl#cb0e5dd5a98b30cf3f8d002a,standard-random-8x8,standard,random-start,8x8,tf:137,tf:138,true,p1,accepted,,486920085,486921545760259,4
tf_policy_elo_random_start_continuation_g127_g140_2026-08-26,accepted/standard-random-8x8.jsonl#ea2b20431fd72b4d1259fc62,standard-random-8x8,standard,random-start,8x8,tf:137,tf:138,true,p1,accepted,,486920085,486921545760261,6
tf_policy_elo_random_start_continuation_g127_g140_2026-08-26,accepted/standard-random-8x8.jsonl#5c6ae603c65822d0fcbfe79f,standard-random-8x8,standard,random-start,8x8,tf:137,tf:138,true,draw,accepted,,486920085,486921545760263,8
tf_policy_elo_random_start_continuation_g127_g140_2026-08-26,accepted/standard-random-8x8.jsonl#cf466317bc061968613dc0a3,standard-random-8x8,standard,random-start,8x8,tf:137,tf:138,true,p1,accepted,,486920085,486921545760265,10
tf_policy_elo_random_start_continuation_g127_g140_2026-08-26,accepted/standard-random-8x8.jsonl#124a3c87c58e048428814312,standard-random-8x8,standard,random-start,8x8,tf:137,tf:140,true,p2,accepted,,1005106370,1005109385319110,0
tf_policy_elo_random_start_continuation_g127_g140_2026-08-26,accepted/standard-random-8x8.jsonl#10c5472a9efbe4e3e1774a2b,standard-random-8x8,standard,random-start,8x8,tf:137,tf:140,true,p2,accepted,,1005106370,1005109385319112,2
tf_policy_elo_random_start_continuation_g127_g140_2026-08-26,accepted/standard-random-8x8.jsonl#47e9f29b425174034deaa48a,standard-random-8x8,standard,random-start,8x8,tf:137,tf:140,true,p1,accepted,,1005106370,1005109385319114,4
tf_policy_elo_random_start_continuation_g127_g140_2026-08-26,accepted/standard-random-8x8.jsonl#e3170529b439905899b09e9f,standard-random-8x8,standard,random-start,8x8,tf:137,tf:140,true,p1,accepted,,1005106370,1005109385319116,6
tf_policy_elo_random_start_continuation_g127_g140_2026-08-26,accepted/standard-random-8x8.jsonl#c8456be286949667351a5d29,standard-random-8x8,standard,random-start,8x8,tf:137,tf:140,true,draw,accepted,,1005106370,1005109385319118,8
tf_policy_elo_random_start_continuation_g127_g140_2026-08-26,accepted/standard-random-8x8.jsonl#51366c25abe87117ff97bbef,standard-random-8x8,standard,random-start,8x8,tf:137,tf:140,true,p1,accepted,,1005106370,1005109385319120,10
tf_policy_elo_random_start_continuation_g127_g140_2026-08-26,accepted/standard-random-8x8.jsonl#c559fe9e0fa3751708cc6b70,standard-random-8x8,standard,random-start,8x8,tf:138,tf:132,false,p1,accepted,,989223863,989226830671590,1
tf_policy_elo_random_start_continuation_g127_g140_2026-08-26,accepted/standard-random-8x8.jsonl#ca4e6e89a9f2be12ec571448,standard-random-8x8,standard,random-start,8x8,tf:138,tf:132,false,p2,accepted,,989223863,989226830671592,3
tf_policy_elo_random_start_continuation_g127_g140_2026-08-26,accepted/standard-random-8x8.jsonl#723f6e99578599617b26d283,standard-random-8x8,standard,random-start,8x8,tf:138,tf:132,false,p2,accepted,,989223863,989226830671594,5
tf_policy_elo_random_start_continuation_g127_g140_2026-08-26,accepted/standard-random-8x8.jsonl#d8f4e5a41d847bd8d64d30d1,standard-random-8x8,standard,random-start,8x8,tf:138,tf:132,false,p1,accepted,,989223863,989226830671596,7
tf_policy_elo_random_start_continuation_g127_g140_2026-08-26,accepted/standard-random-8x8.jsonl#d064396004bf1390351fb0eb,standard-random-8x8,standard,random-start,8x8,tf:138,tf:132,false,draw,accepted,,989223863,989226830671598,9
tf_policy_elo_random_start_continuation_g127_g140_2026-08-26,accepted/standard-random-8x8.jsonl#dcf2e6e896b7f1f2e90946f3,standard-random-8x8,standard,random-start,8x8,tf:138,tf:132,false,p2,accepted,,989223863,989226830671600,11
tf_policy_elo_random_start_continuation_g127_g140_2026-08-26,accepted/standard-random-8x8.jsonl#bdae68badfcf00024546edf6,standard-random-8x8,standard,random-start,8x8,tf:138,tf:135,false,p1,accepted,,882375137,882377784125412,1
tf_policy_elo_random_start_continuation_g127_g140_2026-08-26,accepted/standard-random-8x8.jsonl#c460e850d3bc1743ab5d0b9c,standard-random-8x8,standard,random-start,8x8,tf:138,tf:135,false,p1,accepted,,882375137,882377784125414,3
tf_policy_elo_random_start_continuation_g127_g140_2026-08-26,accepted/standard-random-8x8.jsonl#72118c7090ffcd01ffb4f14a,standard-random-8x8,standard,random-start,8x8,tf:138,tf:135,false,p2,accepted,,882375137,882377784125416,5
tf_policy_elo_random_start_continuation_g127_g140_2026-08-26,accepted/standard-random-8x8.jsonl#a4f2791ed4482d0aa0db66f2,standard-random-8x8,standard,random-start,8x8,tf:138,tf:135,false,p2,accepted,,882375137,882377784125418,7
tf_policy_elo_random_start_continuation_g127_g140_2026-08-26,accepted/standard-random-8x8.jsonl#a9e9cc29d4686266cddb2d11,standard-random-8x8,standard,random-start,8x8,tf:138,tf:135,false,p1,accepted,,882375137,882377784125420,9
tf_policy_elo_random_start_continuation_g127_g140_2026-08-26,accepted/standard-random-8x8.jsonl#e0ea36624b59fffe3f082685,standard-random-8x8,standard,random-start,8x8,tf:138,tf:135,false,draw,accepted,,882375137,882377784125422,11
tf_policy_elo_random_start_continuation_g127_g140_2026-08-26,accepted/standard-random-8x8.jsonl#a54ce39b743323ef2db4b2fd,standard-random-8x8,standard,random-start,8x8,tf:138,tf:137,false,p1,accepted,,486920085,486921545760256,1
tf_policy_elo_random_start_continuation_g127_g140_2026-08-26,accepted/standard-random-8x8.jsonl#01f6db6f3daab9a592b32064,standard-random-8x8,standard,random-start,8x8,tf:138,tf:137,false,p2,accepted,,486920085,486921545760258,3
tf_policy_elo_random_start_continuation_g127_g140_2026-08-26,accepted/standard-random-8x8.jsonl#4dee601a8089f0b44fec960a,standard-random-8x8,standard,random-start,8x8,tf:138,tf:137,false,p2,accepted,,486920085,486921545760260,5
tf_policy_elo_random_start_continuation_g127_g140_2026-08-26,accepted/standard-random-8x8.jsonl#52a5cd85ef1c2055a4bec8a0,standard-random-8x8,standard,random-start,8x8,tf:138,tf:137,false,draw,accepted,,486920085,486921545760262,7
tf_policy_elo_random_start_continuation_g127_g140_2026-08-26,accepted/standard-random-8x8.jsonl#607bcb1ff472853799ead15a,standard-random-8x8,standard,random-start,8x8,tf:138,tf:137,false,p2,accepted,,486920085,486921545760264,9
tf_policy_elo_random_start_continuation_g127_g140_2026-08-26,accepted/standard-random-8x8.jsonl#4adf2631dd4f8dc21a98ac1c,standard-random-8x8,standard,random-start,8x8,tf:138,tf:137,false,p1,accepted,,486920085,486921545760266,11
tf_policy_elo_random_start_continuation_g127_g140_2026-08-26,accepted/standard-random-8x8.jsonl#02ac96995f3e865abb0b78ce,standard-random-8x8,standard,random-start,8x8,tf:138,tf:139,true,p1,accepted,,1698736289,1698741385208867,0
tf_policy_elo_random_start_continuation_g127_g140_2026-08-26,accepted/standard-random-8x8.jsonl#df8f22a7c618710adc55d85c,standard-random-8x8,standard,random-start,8x8,tf:138,tf:139,true,p1,accepted,,1698736289,1698741385208869,2
tf_policy_elo_random_start_continuation_g127_g140_2026-08-26,accepted/standard-random-8x8.jsonl#9184e0172ce93d5829d14e4f,standard-random-8x8,standard,random-start,8x8,tf:138,tf:139,true,draw,accepted,,1698736289,1698741385208871,4
tf_policy_elo_random_start_continuation_g127_g140_2026-08-26,accepted/standard-random-8x8.jsonl#3922c92d9c0d7733a5cdfe94,standard-random-8x8,standard,random-start,8x8,tf:138,tf:139,true,draw,accepted,,1698736289,1698741385208873,6
tf_policy_elo_random_start_continuation_g127_g140_2026-08-26,accepted/standard-random-8x8.jsonl#4859892765fae07aa9c40f31,standard-random-8x8,standard,random-start,8x8,tf:138,tf:139,true,p1,accepted,,1698736289,1698741385208875,8
tf_policy_elo_random_start_continuation_g127_g140_2026-08-26,accepted/standard-random-8x8.jsonl#7058310060f59a516fe711b2,standard-random-8x8,standard,random-start,8x8,tf:138,tf:139,true,draw,accepted,,1698736289,1698741385208877,10
tf_policy_elo_random_start_continuation_g127_g140_2026-08-26,accepted/standard-random-8x8.jsonl#30dde1718923147071ab4fb7,standard-random-8x8,standard,random-start,8x8,tf:139,tf:133,false,draw,accepted,,937990097,937992910970292,1
tf_policy_elo_random_start_continuation_g127_g140_2026-08-26,accepted/standard-random-8x8.jsonl#c69ab15b6cadbc81252af816,standard-random-8x8,standard,random-start,8x8,tf:139,tf:133,false,p2,accepted,,937990097,937992910970294,3
tf_policy_elo_random_start_continuation_g127_g140_2026-08-26,accepted/standard-random-8x8.jsonl#909afda0eeae82fb66621f02,standard-random-8x8,standard,random-start,8x8,tf:139,tf:133,false,draw,accepted,,937990097,937992910970296,5
tf_policy_elo_random_start_continuation_g127_g140_2026-08-26,accepted/standard-random-8x8.jsonl#1d185f9ad447a75c308bf09d,standard-random-8x8,standard,random-start,8x8,tf:139,tf:133,false,p1,accepted,,937990097,937992910970298,7
tf_policy_elo_random_start_continuation_g127_g140_2026-08-26,accepted/standard-random-8x8.jsonl#857e7908c99627c9eb5512ef,standard-random-8x8,standard,random-start,8x8,tf:139,tf:133,false,p1,accepted,,937990097,937992910970300,9
tf_policy_elo_random_start_continuation_g127_g140_2026-08-26,accepted/standard-random-8x8.jsonl#1d83f891274a924106ebc8e4,standard-random-8x8,standard,random-start,8x8,tf:139,tf:133,false,p1,accepted,,937990097,937992910970302,11
tf_policy_elo_random_start_continuation_g127_g140_2026-08-26,accepted/standard-random-8x8.jsonl#016533d84df08947ca233d47,standard-random-8x8,standard,random-start,8x8,tf:139,tf:136,false,p2,accepted,,239428008,239428726284025,1
tf_policy_elo_random_start_continuation_g127_g140_2026-08-26,accepted/standard-random-8x8.jsonl#ae5289be9213419f5d2105f1,standard-random-8x8,standard,random-start,8x8,tf:139,tf:136,false,p1,accepted,,239428008,239428726284027,3
tf_policy_elo_random_start_continuation_g127_g140_2026-08-26,accepted/standard-random-8x8.jsonl#1b8c1ac9bd3a18c58783651a,standard-random-8x8,standard,random-start,8x8,tf:139,tf:136,false,p1,accepted,,239428008,239428726284029,5
tf_policy_elo_random_start_continuation_g127_g140_2026-08-26,accepted/standard-random-8x8.jsonl#366f0bb8c37c25fc907e56cd,standard-random-8x8,standard,random-start,8x8,tf:139,tf:136,false,p1,accepted,,239428008,239428726284031,7
tf_policy_elo_random_start_continuation_g127_g140_2026-08-26,accepted/standard-random-8x8.jsonl#d88005349d2f311268fc4a33,standard-random-8x8,standard,random-start,8x8,tf:139,tf:136,false,p2,accepted,,239428008,239428726284033,9
tf_policy_elo_random_start_continuation_g127_g140_2026-08-26,accepted/standard-random-8x8.jsonl#aac42d6ab2f51e91ed238774,standard-random-8x8,standard,random-start,8x8,tf:139,tf:136,false,p1,accepted,,239428008,239428726284035,11
tf_policy_elo_random_start_continuation_g127_g140_2026-08-26,accepted/standard-random-8x8.jsonl#7028fa0b919abe90de8a1e3e,standard-random-8x8,standard,random-start,8x8,tf:139,tf:138,false,p2,accepted,,1698736289,1698741385208868,1
tf_policy_elo_random_start_continuation_g127_g140_2026-08-26,accepted/standard-random-8x8.jsonl#296f6b80692e086634d0bead,standard-random-8x8,standard,random-start,8x8,tf:139,tf:138,false,p1,accepted,,1698736289,1698741385208870,3
tf_policy_elo_random_start_continuation_g127_g140_2026-08-26,accepted/standard-random-8x8.jsonl#2e719c3fd38c6e937810911c,standard-random-8x8,standard,random-start,8x8,tf:139,tf:138,false,p1,accepted,,1698736289,1698741385208872,5
tf_policy_elo_random_start_continuation_g127_g140_2026-08-26,accepted/standard-random-8x8.jsonl#69313fabec38c0cfb08bf8ba,standard-random-8x8,standard,random-start,8x8,tf:139,tf:138,false,p1,accepted,,1698736289,1698741385208874,7
tf_policy_elo_random_start_continuation_g127_g140_2026-08-26,accepted/standard-random-8x8.jsonl#ef1488ef79342afa2ed5a6d7,standard-random-8x8,standard,random-start,8x8,tf:139,tf:138,false,draw,accepted,,1698736289,1698741385208876,9
tf_policy_elo_random_start_continuation_g127_g140_2026-08-26,accepted/standard-random-8x8.jsonl#4e53d5e25e135a657398d184,standard-random-8x8,standard,random-start,8x8,tf:139,tf:138,false,p1,accepted,,1698736289,1698741385208878,11
tf_policy_elo_random_start_continuation_g127_g140_2026-08-26,accepted/standard-random-8x8.jsonl#747a4f06a705cf4091b34a6b,standard-random-8x8,standard,random-start,8x8,tf:139,tf:140,true,p2,accepted,,449768120,449769469304360,0
tf_policy_elo_random_start_continuation_g127_g140_2026-08-26,accepted/standard-random-8x8.jsonl#69760a3e4fc59c4587a1c136,standard-random-8x8,standard,random-start,8x8,tf:139,tf:140,true,draw,accepted,,449768120,449769469304362,2
tf_policy_elo_random_start_continuation_g127_g140_2026-08-26,accepted/standard-random-8x8.jsonl#5b1232882522abf49a4b89da,standard-random-8x8,standard,random-start,8x8,tf:139,tf:140,true,p2,accepted,,449768120,449769469304364,4
tf_policy_elo_random_start_continuation_g127_g140_2026-08-26,accepted/standard-random-8x8.jsonl#4f2a0fec045c1d1e033f8301,standard-random-8x8,standard,random-start,8x8,tf:139,tf:140,true,p1,accepted,,449768120,449769469304366,6
tf_policy_elo_random_start_continuation_g127_g140_2026-08-26,accepted/standard-random-8x8.jsonl#b0ec2956cf177614a8a3d608,standard-random-8x8,standard,random-start,8x8,tf:139,tf:140,true,p1,accepted,,449768120,449769469304368,8
tf_policy_elo_random_start_continuation_g127_g140_2026-08-26,accepted/standard-random-8x8.jsonl#c8f3847c81c486d5f1c87222,standard-random-8x8,standard,random-start,8x8,tf:139,tf:140,true,p2,accepted,,449768120,449769469304370,10
tf_policy_elo_random_start_continuation_g127_g140_2026-08-26,accepted/standard-random-8x8.jsonl#8122c474673f6f79bf45c4d0,standard-random-8x8,standard,random-start,8x8,tf:140,tf:134,false,p1,accepted,,1957816852,1957822725450557,1
tf_policy_elo_random_start_continuation_g127_g140_2026-08-26,accepted/standard-random-8x8.jsonl#1e1b9bef7119d547e4aa90db,standard-random-8x8,standard,random-start,8x8,tf:140,tf:134,false,p2,accepted,,1957816852,1957822725450559,3
tf_policy_elo_random_start_continuation_g127_g140_2026-08-26,accepted/standard-random-8x8.jsonl#8eed2f7a4de77e6bb56eb271,standard-random-8x8,standard,random-start,8x8,tf:140,tf:134,false,p1,accepted,,1957816852,1957822725450561,5
tf_policy_elo_random_start_continuation_g127_g140_2026-08-26,accepted/standard-random-8x8.jsonl#3d3b1964d78ba7fcb0c4f9e1,standard-random-8x8,standard,random-start,8x8,tf:140,tf:134,false,p1,accepted,,1957816852,1957822725450563,7
tf_policy_elo_random_start_continuation_g127_g140_2026-08-26,accepted/standard-random-8x8.jsonl#8c861750087d769d19f7379e,standard-random-8x8,standard,random-start,8x8,tf:140,tf:134,false,p1,accepted,,1957816852,1957822725450565,9
tf_policy_elo_random_start_continuation_g127_g140_2026-08-26,accepted/standard-random-8x8.jsonl#168216fbf2b3de8cc519300c,standard-random-8x8,standard,random-start,8x8,tf:140,tf:134,false,p1,accepted,,1957816852,1957822725450567,11
tf_policy_elo_random_start_continuation_g127_g140_2026-08-26,accepted/standard-random-8x8.jsonl#85780be9367ceb64f4ad8440,standard-random-8x8,standard,random-start,8x8,tf:140,tf:137,false,p1,accepted,,1005106370,1005109385319111,1
tf_policy_elo_random_start_continuation_g127_g140_2026-08-26,accepted/standard-random-8x8.jsonl#71c3ceff4128450e3cf52c3f,standard-random-8x8,standard,random-start,8x8,tf:140,tf:137,false,draw,accepted,,1005106370,1005109385319113,3
tf_policy_elo_random_start_continuation_g127_g140_2026-08-26,accepted/standard-random-8x8.jsonl#d8d6291c5ab4585d4145c609,standard-random-8x8,standard,random-start,8x8,tf:140,tf:137,false,p1,accepted,,1005106370,1005109385319115,5
tf_policy_elo_random_start_continuation_g127_g140_2026-08-26,accepted/standard-random-8x8.jsonl#681ea6c7c7d84c5c6c472fec,standard-random-8x8,standard,random-start,8x8,tf:140,tf:137,false,p1,accepted,,1005106370,1005109385319117,7
tf_policy_elo_random_start_continuation_g127_g140_2026-08-26,accepted/standard-random-8x8.jsonl#a44453429d9cc51583c7a200,standard-random-8x8,standard,random-start,8x8,tf:140,tf:137,false,draw,accepted,,1005106370,1005109385319119,9
tf_policy_elo_random_start_continuation_g127_g140_2026-08-26,accepted/standard-random-8x8.jsonl#47e8401cd7131e4316bc2015,standard-random-8x8,standard,random-start,8x8,tf:140,tf:137,false,draw,accepted,,1005106370,1005109385319121,11
tf_policy_elo_random_start_continuation_g127_g140_2026-08-26,accepted/standard-random-8x8.jsonl#b6f9fe4e781c1ad2f9cb144c,standard-random-8x8,standard,random-start,8x8,tf:140,tf:139,false,p1,accepted,,449768120,449769469304361,1
tf_policy_elo_random_start_continuation_g127_g140_2026-08-26,accepted/standard-random-8x8.jsonl#df544d765d2d5b9054d04deb,standard-random-8x8,standard,random-start,8x8,tf:140,tf:139,false,p1,accepted,,449768120,449769469304363,3
tf_policy_elo_random_start_continuation_g127_g140_2026-08-26,accepted/standard-random-8x8.jsonl#4b006441e98f1d9cce7d92e6,standard-random-8x8,standard,random-start,8x8,tf:140,tf:139,false,p1,accepted,,449768120,449769469304365,5
tf_policy_elo_random_start_continuation_g127_g140_2026-08-26,accepted/standard-random-8x8.jsonl#29e4deb78ef980c187fb0fd4,standard-random-8x8,standard,random-start,8x8,tf:140,tf:139,false,draw,accepted,,449768120,449769469304367,7
tf_policy_elo_random_start_continuation_g127_g140_2026-08-26,accepted/standard-random-8x8.jsonl#52346c454f75c5674f7afbd6,standard-random-8x8,standard,random-start,8x8,tf:140,tf:139,false,p1,accepted,,449768120,449769469304369,9
tf_policy_elo_random_start_continuation_g127_g140_2026-08-26,accepted/standard-random-8x8.jsonl#bc6848f972b09a99c75639c4,standard-random-8x8,standard,random-start,8x8,tf:140,tf:139,false,p2,accepted,,449768120,449769469304371,11
