exp,sourceFile,conditionId,variant,setup,board,p1,p2,candidateIsP1,winner,evidenceStatus,exclusionReason,engineSeed,randomStartSeed,game
tf_policy_elo_616bc2f2_phase7_random_to40_2026-08-20,animal-cycle-random-7x7_g100_vs_g94.jsonl,animal-cycle-random-7x7,animal-cycle,random-start,7x7,tf:100,tf:94,true,p1,accepted,,656094724,656096692284172,0
tf_policy_elo_616bc2f2_phase7_random_to40_2026-08-20,animal-cycle-random-7x7_g100_vs_g94.jsonl,animal-cycle-random-7x7,animal-cycle,random-start,7x7,tf:94,tf:100,false,p2,accepted,,656094724,656096692284173,1
tf_policy_elo_616bc2f2_phase7_random_to40_2026-08-20,animal-cycle-random-7x7_g100_vs_g94.jsonl,animal-cycle-random-7x7,animal-cycle,random-start,7x7,tf:100,tf:94,true,p2,accepted,,656094724,656096692284174,2
tf_policy_elo_616bc2f2_phase7_random_to40_2026-08-20,animal-cycle-random-7x7_g100_vs_g94.jsonl,animal-cycle-random-7x7,animal-cycle,random-start,7x7,tf:94,tf:100,false,p2,accepted,,656094724,656096692284175,3
tf_policy_elo_616bc2f2_phase7_random_to40_2026-08-20,animal-cycle-random-7x7_g100_vs_g94.jsonl,animal-cycle-random-7x7,animal-cycle,random-start,7x7,tf:100,tf:94,true,p2,accepted,,656094724,656096692284176,4
tf_policy_elo_616bc2f2_phase7_random_to40_2026-08-20,animal-cycle-random-7x7_g100_vs_g94.jsonl,animal-cycle-random-7x7,animal-cycle,random-start,7x7,tf:94,tf:100,false,p2,accepted,,656094724,656096692284177,5
tf_policy_elo_616bc2f2_phase7_random_to40_2026-08-20,animal-cycle-random-7x7_g100_vs_g94.jsonl,animal-cycle-random-7x7,animal-cycle,random-start,7x7,tf:100,tf:94,true,p1,accepted,,656094724,656096692284178,6
tf_policy_elo_616bc2f2_phase7_random_to40_2026-08-20,animal-cycle-random-7x7_g100_vs_g94.jsonl,animal-cycle-random-7x7,animal-cycle,random-start,7x7,tf:94,tf:100,false,p2,accepted,,656094724,656096692284179,7
tf_policy_elo_616bc2f2_phase7_random_to40_2026-08-20,animal-cycle-random-7x7_g100_vs_g94.jsonl,animal-cycle-random-7x7,animal-cycle,random-start,7x7,tf:100,tf:94,true,p1,accepted,,656094724,656096692284180,8
tf_policy_elo_616bc2f2_phase7_random_to40_2026-08-20,animal-cycle-random-7x7_g100_vs_g94.jsonl,animal-cycle-random-7x7,animal-cycle,random-start,7x7,tf:94,tf:100,false,p2,accepted,,656094724,656096692284181,9
tf_policy_elo_616bc2f2_phase7_random_to40_2026-08-20,animal-cycle-random-7x7_g100_vs_g94.jsonl,animal-cycle-random-7x7,animal-cycle,random-start,7x7,tf:100,tf:94,true,p1,accepted,,656094724,656096692284182,10
tf_policy_elo_616bc2f2_phase7_random_to40_2026-08-20,animal-cycle-random-7x7_g100_vs_g94.jsonl,animal-cycle-random-7x7,animal-cycle,random-start,7x7,tf:94,tf:100,false,p2,accepted,,656094724,656096692284183,11
tf_policy_elo_616bc2f2_phase7_random_to40_2026-08-20,animal-cycle-random-7x7_g100_vs_g94.jsonl,animal-cycle-random-7x7,animal-cycle,random-start,7x7,tf:100,tf:94,true,p1,accepted,,656094724,656096692284184,12
tf_policy_elo_616bc2f2_phase7_random_to40_2026-08-20,animal-cycle-random-7x7_g100_vs_g94.jsonl,animal-cycle-random-7x7,animal-cycle,random-start,7x7,tf:94,tf:100,false,p2,accepted,,656094724,656096692284185,13
tf_policy_elo_616bc2f2_phase7_random_to40_2026-08-20,animal-cycle-random-7x7_g100_vs_g94.jsonl,animal-cycle-random-7x7,animal-cycle,random-start,7x7,tf:100,tf:94,true,p1,accepted,,656094724,656096692284186,14
tf_policy_elo_616bc2f2_phase7_random_to40_2026-08-20,animal-cycle-random-7x7_g100_vs_g94.jsonl,animal-cycle-random-7x7,animal-cycle,random-start,7x7,tf:94,tf:100,false,p2,accepted,,656094724,656096692284187,15
tf_policy_elo_616bc2f2_phase7_random_to40_2026-08-20,animal-cycle-random-7x7_g100_vs_g94.jsonl,animal-cycle-random-7x7,animal-cycle,random-start,7x7,tf:100,tf:94,true,p1,accepted,,656094724,656096692284188,16
tf_policy_elo_616bc2f2_phase7_random_to40_2026-08-20,animal-cycle-random-7x7_g100_vs_g94.jsonl,animal-cycle-random-7x7,animal-cycle,random-start,7x7,tf:94,tf:100,false,p2,accepted,,656094724,656096692284189,17
tf_policy_elo_616bc2f2_phase7_random_to40_2026-08-20,animal-cycle-random-7x7_g100_vs_g94.jsonl,animal-cycle-random-7x7,animal-cycle,random-start,7x7,tf:100,tf:94,true,p1,accepted,,656094724,656096692284190,18
tf_policy_elo_616bc2f2_phase7_random_to40_2026-08-20,animal-cycle-random-7x7_g100_vs_g94.jsonl,animal-cycle-random-7x7,animal-cycle,random-start,7x7,tf:94,tf:100,false,p2,accepted,,656094724,656096692284191,19
tf_policy_elo_616bc2f2_phase7_random_to40_2026-08-20,animal-cycle-random-7x7_g100_vs_g94.jsonl,animal-cycle-random-7x7,animal-cycle,random-start,7x7,tf:100,tf:94,true,p1,accepted,,656094724,656096692284192,20
tf_policy_elo_616bc2f2_phase7_random_to40_2026-08-20,animal-cycle-random-7x7_g100_vs_g94.jsonl,animal-cycle-random-7x7,animal-cycle,random-start,7x7,tf:94,tf:100,false,p2,accepted,,656094724,656096692284193,21
tf_policy_elo_616bc2f2_phase7_random_to40_2026-08-20,animal-cycle-random-7x7_g100_vs_g94.jsonl,animal-cycle-random-7x7,animal-cycle,random-start,7x7,tf:100,tf:94,true,p2,accepted,,656094724,656096692284194,22
tf_policy_elo_616bc2f2_phase7_random_to40_2026-08-20,animal-cycle-random-7x7_g100_vs_g94.jsonl,animal-cycle-random-7x7,animal-cycle,random-start,7x7,tf:94,tf:100,false,p2,accepted,,656094724,656096692284195,23
tf_policy_elo_616bc2f2_phase7_random_to40_2026-08-20,animal-cycle-random-7x7_g100_vs_g94.jsonl,animal-cycle-random-7x7,animal-cycle,random-start,7x7,tf:100,tf:94,true,p1,accepted,,656094724,656096692284196,24
tf_policy_elo_616bc2f2_phase7_random_to40_2026-08-20,animal-cycle-random-7x7_g100_vs_g94.jsonl,animal-cycle-random-7x7,animal-cycle,random-start,7x7,tf:94,tf:100,false,p2,accepted,,656094724,656096692284197,25
tf_policy_elo_616bc2f2_phase7_random_to40_2026-08-20,animal-cycle-random-7x7_g100_vs_g94.jsonl,animal-cycle-random-7x7,animal-cycle,random-start,7x7,tf:100,tf:94,true,p1,accepted,,656094724,656096692284198,26
tf_policy_elo_616bc2f2_phase7_random_to40_2026-08-20,animal-cycle-random-7x7_g100_vs_g94.jsonl,animal-cycle-random-7x7,animal-cycle,random-start,7x7,tf:94,tf:100,false,p2,accepted,,656094724,656096692284199,27
tf_policy_elo_616bc2f2_phase7_random_to40_2026-08-20,animal-cycle-random-7x7_g100_vs_g97.jsonl,animal-cycle-random-7x7,animal-cycle,random-start,7x7,tf:100,tf:97,true,p1,accepted,,656097724,656099692293172,0
tf_policy_elo_616bc2f2_phase7_random_to40_2026-08-20,animal-cycle-random-7x7_g100_vs_g97.jsonl,animal-cycle-random-7x7,animal-cycle,random-start,7x7,tf:97,tf:100,false,p2,accepted,,656097724,656099692293173,1
tf_policy_elo_616bc2f2_phase7_random_to40_2026-08-20,animal-cycle-random-7x7_g100_vs_g97.jsonl,animal-cycle-random-7x7,animal-cycle,random-start,7x7,tf:100,tf:97,true,p2,accepted,,656097724,656099692293174,2
tf_policy_elo_616bc2f2_phase7_random_to40_2026-08-20,animal-cycle-random-7x7_g100_vs_g97.jsonl,animal-cycle-random-7x7,animal-cycle,random-start,7x7,tf:97,tf:100,false,p2,accepted,,656097724,656099692293175,3
tf_policy_elo_616bc2f2_phase7_random_to40_2026-08-20,animal-cycle-random-7x7_g100_vs_g97.jsonl,animal-cycle-random-7x7,animal-cycle,random-start,7x7,tf:100,tf:97,true,p2,accepted,,656097724,656099692293176,4
tf_policy_elo_616bc2f2_phase7_random_to40_2026-08-20,animal-cycle-random-7x7_g100_vs_g97.jsonl,animal-cycle-random-7x7,animal-cycle,random-start,7x7,tf:97,tf:100,false,p2,accepted,,656097724,656099692293177,5
tf_policy_elo_616bc2f2_phase7_random_to40_2026-08-20,animal-cycle-random-7x7_g100_vs_g97.jsonl,animal-cycle-random-7x7,animal-cycle,random-start,7x7,tf:100,tf:97,true,p1,accepted,,656097724,656099692293178,6
tf_policy_elo_616bc2f2_phase7_random_to40_2026-08-20,animal-cycle-random-7x7_g100_vs_g97.jsonl,animal-cycle-random-7x7,animal-cycle,random-start,7x7,tf:97,tf:100,false,p2,accepted,,656097724,656099692293179,7
tf_policy_elo_616bc2f2_phase7_random_to40_2026-08-20,animal-cycle-random-7x7_g100_vs_g97.jsonl,animal-cycle-random-7x7,animal-cycle,random-start,7x7,tf:100,tf:97,true,p1,accepted,,656097724,656099692293180,8
tf_policy_elo_616bc2f2_phase7_random_to40_2026-08-20,animal-cycle-random-7x7_g100_vs_g97.jsonl,animal-cycle-random-7x7,animal-cycle,random-start,7x7,tf:97,tf:100,false,p2,accepted,,656097724,656099692293181,9
tf_policy_elo_616bc2f2_phase7_random_to40_2026-08-20,animal-cycle-random-7x7_g100_vs_g97.jsonl,animal-cycle-random-7x7,animal-cycle,random-start,7x7,tf:100,tf:97,true,p1,accepted,,656097724,656099692293182,10
tf_policy_elo_616bc2f2_phase7_random_to40_2026-08-20,animal-cycle-random-7x7_g100_vs_g97.jsonl,animal-cycle-random-7x7,animal-cycle,random-start,7x7,tf:97,tf:100,false,p2,accepted,,656097724,656099692293183,11
tf_policy_elo_616bc2f2_phase7_random_to40_2026-08-20,animal-cycle-random-7x7_g100_vs_g97.jsonl,animal-cycle-random-7x7,animal-cycle,random-start,7x7,tf:100,tf:97,true,p1,accepted,,656097724,656099692293184,12
tf_policy_elo_616bc2f2_phase7_random_to40_2026-08-20,animal-cycle-random-7x7_g100_vs_g97.jsonl,animal-cycle-random-7x7,animal-cycle,random-start,7x7,tf:97,tf:100,false,p2,accepted,,656097724,656099692293185,13
tf_policy_elo_616bc2f2_phase7_random_to40_2026-08-20,animal-cycle-random-7x7_g100_vs_g97.jsonl,animal-cycle-random-7x7,animal-cycle,random-start,7x7,tf:100,tf:97,true,p1,accepted,,656097724,656099692293186,14
tf_policy_elo_616bc2f2_phase7_random_to40_2026-08-20,animal-cycle-random-7x7_g100_vs_g97.jsonl,animal-cycle-random-7x7,animal-cycle,random-start,7x7,tf:97,tf:100,false,p2,accepted,,656097724,656099692293187,15
tf_policy_elo_616bc2f2_phase7_random_to40_2026-08-20,animal-cycle-random-7x7_g100_vs_g97.jsonl,animal-cycle-random-7x7,animal-cycle,random-start,7x7,tf:100,tf:97,true,p2,accepted,,656097724,656099692293188,16
tf_policy_elo_616bc2f2_phase7_random_to40_2026-08-20,animal-cycle-random-7x7_g100_vs_g97.jsonl,animal-cycle-random-7x7,animal-cycle,random-start,7x7,tf:97,tf:100,false,p2,accepted,,656097724,656099692293189,17
tf_policy_elo_616bc2f2_phase7_random_to40_2026-08-20,animal-cycle-random-7x7_g100_vs_g97.jsonl,animal-cycle-random-7x7,animal-cycle,random-start,7x7,tf:100,tf:97,true,p1,accepted,,656097724,656099692293190,18
tf_policy_elo_616bc2f2_phase7_random_to40_2026-08-20,animal-cycle-random-7x7_g100_vs_g97.jsonl,animal-cycle-random-7x7,animal-cycle,random-start,7x7,tf:97,tf:100,false,p1,accepted,,656097724,656099692293191,19
tf_policy_elo_616bc2f2_phase7_random_to40_2026-08-20,animal-cycle-random-7x7_g100_vs_g97.jsonl,animal-cycle-random-7x7,animal-cycle,random-start,7x7,tf:100,tf:97,true,p2,accepted,,656097724,656099692293192,20
tf_policy_elo_616bc2f2_phase7_random_to40_2026-08-20,animal-cycle-random-7x7_g100_vs_g97.jsonl,animal-cycle-random-7x7,animal-cycle,random-start,7x7,tf:97,tf:100,false,p2,accepted,,656097724,656099692293193,21
tf_policy_elo_616bc2f2_phase7_random_to40_2026-08-20,animal-cycle-random-7x7_g100_vs_g97.jsonl,animal-cycle-random-7x7,animal-cycle,random-start,7x7,tf:100,tf:97,true,p1,accepted,,656097724,656099692293194,22
tf_policy_elo_616bc2f2_phase7_random_to40_2026-08-20,animal-cycle-random-7x7_g100_vs_g97.jsonl,animal-cycle-random-7x7,animal-cycle,random-start,7x7,tf:97,tf:100,false,p2,accepted,,656097724,656099692293195,23
tf_policy_elo_616bc2f2_phase7_random_to40_2026-08-20,animal-cycle-random-7x7_g100_vs_g97.jsonl,animal-cycle-random-7x7,animal-cycle,random-start,7x7,tf:100,tf:97,true,p1,accepted,,656097724,656099692293196,24
tf_policy_elo_616bc2f2_phase7_random_to40_2026-08-20,animal-cycle-random-7x7_g100_vs_g97.jsonl,animal-cycle-random-7x7,animal-cycle,random-start,7x7,tf:97,tf:100,false,p2,accepted,,656097724,656099692293197,25
tf_policy_elo_616bc2f2_phase7_random_to40_2026-08-20,animal-cycle-random-7x7_g100_vs_g97.jsonl,animal-cycle-random-7x7,animal-cycle,random-start,7x7,tf:100,tf:97,true,p1,accepted,,656097724,656099692293198,26
tf_policy_elo_616bc2f2_phase7_random_to40_2026-08-20,animal-cycle-random-7x7_g100_vs_g97.jsonl,animal-cycle-random-7x7,animal-cycle,random-start,7x7,tf:97,tf:100,false,p2,accepted,,656097724,656099692293199,27
tf_policy_elo_616bc2f2_phase7_random_to40_2026-08-20,animal-cycle-random-7x7_g100_vs_g99.jsonl,animal-cycle-random-7x7,animal-cycle,random-start,7x7,tf:100,tf:99,true,p1,accepted,,656099724,656101692299172,0
tf_policy_elo_616bc2f2_phase7_random_to40_2026-08-20,animal-cycle-random-7x7_g100_vs_g99.jsonl,animal-cycle-random-7x7,animal-cycle,random-start,7x7,tf:99,tf:100,false,p2,accepted,,656099724,656101692299173,1
tf_policy_elo_616bc2f2_phase7_random_to40_2026-08-20,animal-cycle-random-7x7_g100_vs_g99.jsonl,animal-cycle-random-7x7,animal-cycle,random-start,7x7,tf:100,tf:99,true,p1,accepted,,656099724,656101692299174,2
tf_policy_elo_616bc2f2_phase7_random_to40_2026-08-20,animal-cycle-random-7x7_g100_vs_g99.jsonl,animal-cycle-random-7x7,animal-cycle,random-start,7x7,tf:99,tf:100,false,p1,accepted,,656099724,656101692299175,3
tf_policy_elo_616bc2f2_phase7_random_to40_2026-08-20,animal-cycle-random-7x7_g100_vs_g99.jsonl,animal-cycle-random-7x7,animal-cycle,random-start,7x7,tf:100,tf:99,true,p2,accepted,,656099724,656101692299176,4
tf_policy_elo_616bc2f2_phase7_random_to40_2026-08-20,animal-cycle-random-7x7_g100_vs_g99.jsonl,animal-cycle-random-7x7,animal-cycle,random-start,7x7,tf:99,tf:100,false,p2,accepted,,656099724,656101692299177,5
tf_policy_elo_616bc2f2_phase7_random_to40_2026-08-20,animal-cycle-random-7x7_g100_vs_g99.jsonl,animal-cycle-random-7x7,animal-cycle,random-start,7x7,tf:100,tf:99,true,p1,accepted,,656099724,656101692299178,6
tf_policy_elo_616bc2f2_phase7_random_to40_2026-08-20,animal-cycle-random-7x7_g100_vs_g99.jsonl,animal-cycle-random-7x7,animal-cycle,random-start,7x7,tf:99,tf:100,false,p1,accepted,,656099724,656101692299179,7
tf_policy_elo_616bc2f2_phase7_random_to40_2026-08-20,animal-cycle-random-7x7_g100_vs_g99.jsonl,animal-cycle-random-7x7,animal-cycle,random-start,7x7,tf:100,tf:99,true,p1,accepted,,656099724,656101692299180,8
tf_policy_elo_616bc2f2_phase7_random_to40_2026-08-20,animal-cycle-random-7x7_g100_vs_g99.jsonl,animal-cycle-random-7x7,animal-cycle,random-start,7x7,tf:99,tf:100,false,p2,accepted,,656099724,656101692299181,9
tf_policy_elo_616bc2f2_phase7_random_to40_2026-08-20,animal-cycle-random-7x7_g100_vs_g99.jsonl,animal-cycle-random-7x7,animal-cycle,random-start,7x7,tf:100,tf:99,true,p2,accepted,,656099724,656101692299182,10
tf_policy_elo_616bc2f2_phase7_random_to40_2026-08-20,animal-cycle-random-7x7_g100_vs_g99.jsonl,animal-cycle-random-7x7,animal-cycle,random-start,7x7,tf:99,tf:100,false,p1,accepted,,656099724,656101692299183,11
tf_policy_elo_616bc2f2_phase7_random_to40_2026-08-20,animal-cycle-random-7x7_g100_vs_g99.jsonl,animal-cycle-random-7x7,animal-cycle,random-start,7x7,tf:100,tf:99,true,p1,accepted,,656099724,656101692299184,12
tf_policy_elo_616bc2f2_phase7_random_to40_2026-08-20,animal-cycle-random-7x7_g100_vs_g99.jsonl,animal-cycle-random-7x7,animal-cycle,random-start,7x7,tf:99,tf:100,false,p2,accepted,,656099724,656101692299185,13
tf_policy_elo_616bc2f2_phase7_random_to40_2026-08-20,animal-cycle-random-7x7_g100_vs_g99.jsonl,animal-cycle-random-7x7,animal-cycle,random-start,7x7,tf:100,tf:99,true,p2,accepted,,656099724,656101692299186,14
tf_policy_elo_616bc2f2_phase7_random_to40_2026-08-20,animal-cycle-random-7x7_g100_vs_g99.jsonl,animal-cycle-random-7x7,animal-cycle,random-start,7x7,tf:99,tf:100,false,p1,accepted,,656099724,656101692299187,15
tf_policy_elo_616bc2f2_phase7_random_to40_2026-08-20,animal-cycle-random-7x7_g100_vs_g99.jsonl,animal-cycle-random-7x7,animal-cycle,random-start,7x7,tf:100,tf:99,true,p2,accepted,,656099724,656101692299188,16
tf_policy_elo_616bc2f2_phase7_random_to40_2026-08-20,animal-cycle-random-7x7_g100_vs_g99.jsonl,animal-cycle-random-7x7,animal-cycle,random-start,7x7,tf:99,tf:100,false,p2,accepted,,656099724,656101692299189,17
tf_policy_elo_616bc2f2_phase7_random_to40_2026-08-20,animal-cycle-random-7x7_g100_vs_g99.jsonl,animal-cycle-random-7x7,animal-cycle,random-start,7x7,tf:100,tf:99,true,p1,accepted,,656099724,656101692299190,18
tf_policy_elo_616bc2f2_phase7_random_to40_2026-08-20,animal-cycle-random-7x7_g100_vs_g99.jsonl,animal-cycle-random-7x7,animal-cycle,random-start,7x7,tf:99,tf:100,false,p2,accepted,,656099724,656101692299191,19
tf_policy_elo_616bc2f2_phase7_random_to40_2026-08-20,animal-cycle-random-7x7_g100_vs_g99.jsonl,animal-cycle-random-7x7,animal-cycle,random-start,7x7,tf:100,tf:99,true,p2,accepted,,656099724,656101692299192,20
tf_policy_elo_616bc2f2_phase7_random_to40_2026-08-20,animal-cycle-random-7x7_g100_vs_g99.jsonl,animal-cycle-random-7x7,animal-cycle,random-start,7x7,tf:99,tf:100,false,p2,accepted,,656099724,656101692299193,21
tf_policy_elo_616bc2f2_phase7_random_to40_2026-08-20,animal-cycle-random-7x7_g100_vs_g99.jsonl,animal-cycle-random-7x7,animal-cycle,random-start,7x7,tf:100,tf:99,true,p1,accepted,,656099724,656101692299194,22
tf_policy_elo_616bc2f2_phase7_random_to40_2026-08-20,animal-cycle-random-7x7_g100_vs_g99.jsonl,animal-cycle-random-7x7,animal-cycle,random-start,7x7,tf:99,tf:100,false,p2,accepted,,656099724,656101692299195,23
tf_policy_elo_616bc2f2_phase7_random_to40_2026-08-20,animal-cycle-random-7x7_g100_vs_g99.jsonl,animal-cycle-random-7x7,animal-cycle,random-start,7x7,tf:100,tf:99,true,p1,accepted,,656099724,656101692299196,24
tf_policy_elo_616bc2f2_phase7_random_to40_2026-08-20,animal-cycle-random-7x7_g100_vs_g99.jsonl,animal-cycle-random-7x7,animal-cycle,random-start,7x7,tf:99,tf:100,false,p2,accepted,,656099724,656101692299197,25
tf_policy_elo_616bc2f2_phase7_random_to40_2026-08-20,animal-cycle-random-7x7_g100_vs_g99.jsonl,animal-cycle-random-7x7,animal-cycle,random-start,7x7,tf:100,tf:99,true,p2,accepted,,656099724,656101692299198,26
tf_policy_elo_616bc2f2_phase7_random_to40_2026-08-20,animal-cycle-random-7x7_g100_vs_g99.jsonl,animal-cycle-random-7x7,animal-cycle,random-start,7x7,tf:99,tf:100,false,p1,accepted,,656099724,656101692299199,27
tf_policy_elo_616bc2f2_phase7_random_to40_2026-08-20,animal-cycle-random-7x7_g101_vs_g100.jsonl,animal-cycle-random-7x7,animal-cycle,random-start,7x7,tf:101,tf:100,true,p2,accepted,,656200724,656202692602172,0
tf_policy_elo_616bc2f2_phase7_random_to40_2026-08-20,animal-cycle-random-7x7_g101_vs_g100.jsonl,animal-cycle-random-7x7,animal-cycle,random-start,7x7,tf:100,tf:101,false,p2,accepted,,656200724,656202692602173,1
tf_policy_elo_616bc2f2_phase7_random_to40_2026-08-20,animal-cycle-random-7x7_g101_vs_g100.jsonl,animal-cycle-random-7x7,animal-cycle,random-start,7x7,tf:101,tf:100,true,p1,accepted,,656200724,656202692602174,2
tf_policy_elo_616bc2f2_phase7_random_to40_2026-08-20,animal-cycle-random-7x7_g101_vs_g100.jsonl,animal-cycle-random-7x7,animal-cycle,random-start,7x7,tf:100,tf:101,false,p1,accepted,,656200724,656202692602175,3
tf_policy_elo_616bc2f2_phase7_random_to40_2026-08-20,animal-cycle-random-7x7_g101_vs_g100.jsonl,animal-cycle-random-7x7,animal-cycle,random-start,7x7,tf:101,tf:100,true,p1,accepted,,656200724,656202692602176,4
tf_policy_elo_616bc2f2_phase7_random_to40_2026-08-20,animal-cycle-random-7x7_g101_vs_g100.jsonl,animal-cycle-random-7x7,animal-cycle,random-start,7x7,tf:100,tf:101,false,p1,accepted,,656200724,656202692602177,5
tf_policy_elo_616bc2f2_phase7_random_to40_2026-08-20,animal-cycle-random-7x7_g101_vs_g100.jsonl,animal-cycle-random-7x7,animal-cycle,random-start,7x7,tf:101,tf:100,true,p1,accepted,,656200724,656202692602178,6
tf_policy_elo_616bc2f2_phase7_random_to40_2026-08-20,animal-cycle-random-7x7_g101_vs_g100.jsonl,animal-cycle-random-7x7,animal-cycle,random-start,7x7,tf:100,tf:101,false,p2,accepted,,656200724,656202692602179,7
tf_policy_elo_616bc2f2_phase7_random_to40_2026-08-20,animal-cycle-random-7x7_g101_vs_g100.jsonl,animal-cycle-random-7x7,animal-cycle,random-start,7x7,tf:101,tf:100,true,p1,accepted,,656200724,656202692602180,8
tf_policy_elo_616bc2f2_phase7_random_to40_2026-08-20,animal-cycle-random-7x7_g101_vs_g100.jsonl,animal-cycle-random-7x7,animal-cycle,random-start,7x7,tf:100,tf:101,false,p1,accepted,,656200724,656202692602181,9
tf_policy_elo_616bc2f2_phase7_random_to40_2026-08-20,animal-cycle-random-7x7_g101_vs_g100.jsonl,animal-cycle-random-7x7,animal-cycle,random-start,7x7,tf:101,tf:100,true,p1,accepted,,656200724,656202692602182,10
tf_policy_elo_616bc2f2_phase7_random_to40_2026-08-20,animal-cycle-random-7x7_g101_vs_g100.jsonl,animal-cycle-random-7x7,animal-cycle,random-start,7x7,tf:100,tf:101,false,p2,accepted,,656200724,656202692602183,11
tf_policy_elo_616bc2f2_phase7_random_to40_2026-08-20,animal-cycle-random-7x7_g101_vs_g100.jsonl,animal-cycle-random-7x7,animal-cycle,random-start,7x7,tf:101,tf:100,true,p2,accepted,,656200724,656202692602184,12
tf_policy_elo_616bc2f2_phase7_random_to40_2026-08-20,animal-cycle-random-7x7_g101_vs_g100.jsonl,animal-cycle-random-7x7,animal-cycle,random-start,7x7,tf:100,tf:101,false,p2,accepted,,656200724,656202692602185,13
tf_policy_elo_616bc2f2_phase7_random_to40_2026-08-20,animal-cycle-random-7x7_g101_vs_g100.jsonl,animal-cycle-random-7x7,animal-cycle,random-start,7x7,tf:101,tf:100,true,p2,accepted,,656200724,656202692602186,14
tf_policy_elo_616bc2f2_phase7_random_to40_2026-08-20,animal-cycle-random-7x7_g101_vs_g100.jsonl,animal-cycle-random-7x7,animal-cycle,random-start,7x7,tf:100,tf:101,false,p1,accepted,,656200724,656202692602187,15
tf_policy_elo_616bc2f2_phase7_random_to40_2026-08-20,animal-cycle-random-7x7_g101_vs_g100.jsonl,animal-cycle-random-7x7,animal-cycle,random-start,7x7,tf:101,tf:100,true,p2,accepted,,656200724,656202692602188,16
tf_policy_elo_616bc2f2_phase7_random_to40_2026-08-20,animal-cycle-random-7x7_g101_vs_g100.jsonl,animal-cycle-random-7x7,animal-cycle,random-start,7x7,tf:100,tf:101,false,p2,accepted,,656200724,656202692602189,17
tf_policy_elo_616bc2f2_phase7_random_to40_2026-08-20,animal-cycle-random-7x7_g101_vs_g100.jsonl,animal-cycle-random-7x7,animal-cycle,random-start,7x7,tf:101,tf:100,true,p1,accepted,,656200724,656202692602190,18
tf_policy_elo_616bc2f2_phase7_random_to40_2026-08-20,animal-cycle-random-7x7_g101_vs_g100.jsonl,animal-cycle-random-7x7,animal-cycle,random-start,7x7,tf:100,tf:101,false,p2,accepted,,656200724,656202692602191,19
tf_policy_elo_616bc2f2_phase7_random_to40_2026-08-20,animal-cycle-random-7x7_g101_vs_g100.jsonl,animal-cycle-random-7x7,animal-cycle,random-start,7x7,tf:101,tf:100,true,p2,accepted,,656200724,656202692602192,20
tf_policy_elo_616bc2f2_phase7_random_to40_2026-08-20,animal-cycle-random-7x7_g101_vs_g100.jsonl,animal-cycle-random-7x7,animal-cycle,random-start,7x7,tf:100,tf:101,false,p2,accepted,,656200724,656202692602193,21
tf_policy_elo_616bc2f2_phase7_random_to40_2026-08-20,animal-cycle-random-7x7_g101_vs_g100.jsonl,animal-cycle-random-7x7,animal-cycle,random-start,7x7,tf:101,tf:100,true,p1,accepted,,656200724,656202692602194,22
tf_policy_elo_616bc2f2_phase7_random_to40_2026-08-20,animal-cycle-random-7x7_g101_vs_g100.jsonl,animal-cycle-random-7x7,animal-cycle,random-start,7x7,tf:100,tf:101,false,p1,accepted,,656200724,656202692602195,23
tf_policy_elo_616bc2f2_phase7_random_to40_2026-08-20,animal-cycle-random-7x7_g101_vs_g100.jsonl,animal-cycle-random-7x7,animal-cycle,random-start,7x7,tf:101,tf:100,true,p1,accepted,,656200724,656202692602196,24
tf_policy_elo_616bc2f2_phase7_random_to40_2026-08-20,animal-cycle-random-7x7_g101_vs_g100.jsonl,animal-cycle-random-7x7,animal-cycle,random-start,7x7,tf:100,tf:101,false,p1,accepted,,656200724,656202692602197,25
tf_policy_elo_616bc2f2_phase7_random_to40_2026-08-20,animal-cycle-random-7x7_g101_vs_g100.jsonl,animal-cycle-random-7x7,animal-cycle,random-start,7x7,tf:101,tf:100,true,p2,accepted,,656200724,656202692602198,26
tf_policy_elo_616bc2f2_phase7_random_to40_2026-08-20,animal-cycle-random-7x7_g101_vs_g100.jsonl,animal-cycle-random-7x7,animal-cycle,random-start,7x7,tf:100,tf:101,false,p2,accepted,,656200724,656202692602199,27
tf_policy_elo_616bc2f2_phase7_random_to40_2026-08-20,animal-cycle-random-7x7_g101_vs_g95.jsonl,animal-cycle-random-7x7,animal-cycle,random-start,7x7,tf:101,tf:95,true,p1,accepted,,656195724,656197692587172,0
tf_policy_elo_616bc2f2_phase7_random_to40_2026-08-20,animal-cycle-random-7x7_g101_vs_g95.jsonl,animal-cycle-random-7x7,animal-cycle,random-start,7x7,tf:95,tf:101,false,p1,accepted,,656195724,656197692587173,1
tf_policy_elo_616bc2f2_phase7_random_to40_2026-08-20,animal-cycle-random-7x7_g101_vs_g95.jsonl,animal-cycle-random-7x7,animal-cycle,random-start,7x7,tf:101,tf:95,true,p1,accepted,,656195724,656197692587174,2
tf_policy_elo_616bc2f2_phase7_random_to40_2026-08-20,animal-cycle-random-7x7_g101_vs_g95.jsonl,animal-cycle-random-7x7,animal-cycle,random-start,7x7,tf:95,tf:101,false,p2,accepted,,656195724,656197692587175,3
tf_policy_elo_616bc2f2_phase7_random_to40_2026-08-20,animal-cycle-random-7x7_g101_vs_g95.jsonl,animal-cycle-random-7x7,animal-cycle,random-start,7x7,tf:101,tf:95,true,p2,accepted,,656195724,656197692587176,4
tf_policy_elo_616bc2f2_phase7_random_to40_2026-08-20,animal-cycle-random-7x7_g101_vs_g95.jsonl,animal-cycle-random-7x7,animal-cycle,random-start,7x7,tf:95,tf:101,false,p2,accepted,,656195724,656197692587177,5
tf_policy_elo_616bc2f2_phase7_random_to40_2026-08-20,animal-cycle-random-7x7_g101_vs_g95.jsonl,animal-cycle-random-7x7,animal-cycle,random-start,7x7,tf:101,tf:95,true,p1,accepted,,656195724,656197692587178,6
tf_policy_elo_616bc2f2_phase7_random_to40_2026-08-20,animal-cycle-random-7x7_g101_vs_g95.jsonl,animal-cycle-random-7x7,animal-cycle,random-start,7x7,tf:95,tf:101,false,p2,accepted,,656195724,656197692587179,7
tf_policy_elo_616bc2f2_phase7_random_to40_2026-08-20,animal-cycle-random-7x7_g101_vs_g95.jsonl,animal-cycle-random-7x7,animal-cycle,random-start,7x7,tf:101,tf:95,true,p1,accepted,,656195724,656197692587180,8
tf_policy_elo_616bc2f2_phase7_random_to40_2026-08-20,animal-cycle-random-7x7_g101_vs_g95.jsonl,animal-cycle-random-7x7,animal-cycle,random-start,7x7,tf:95,tf:101,false,p2,accepted,,656195724,656197692587181,9
tf_policy_elo_616bc2f2_phase7_random_to40_2026-08-20,animal-cycle-random-7x7_g101_vs_g95.jsonl,animal-cycle-random-7x7,animal-cycle,random-start,7x7,tf:101,tf:95,true,p1,accepted,,656195724,656197692587182,10
tf_policy_elo_616bc2f2_phase7_random_to40_2026-08-20,animal-cycle-random-7x7_g101_vs_g95.jsonl,animal-cycle-random-7x7,animal-cycle,random-start,7x7,tf:95,tf:101,false,p1,accepted,,656195724,656197692587183,11
tf_policy_elo_616bc2f2_phase7_random_to40_2026-08-20,animal-cycle-random-7x7_g101_vs_g95.jsonl,animal-cycle-random-7x7,animal-cycle,random-start,7x7,tf:101,tf:95,true,p1,accepted,,656195724,656197692587184,12
tf_policy_elo_616bc2f2_phase7_random_to40_2026-08-20,animal-cycle-random-7x7_g101_vs_g95.jsonl,animal-cycle-random-7x7,animal-cycle,random-start,7x7,tf:95,tf:101,false,p2,accepted,,656195724,656197692587185,13
tf_policy_elo_616bc2f2_phase7_random_to40_2026-08-20,animal-cycle-random-7x7_g101_vs_g95.jsonl,animal-cycle-random-7x7,animal-cycle,random-start,7x7,tf:101,tf:95,true,p1,accepted,,656195724,656197692587186,14
tf_policy_elo_616bc2f2_phase7_random_to40_2026-08-20,animal-cycle-random-7x7_g101_vs_g95.jsonl,animal-cycle-random-7x7,animal-cycle,random-start,7x7,tf:95,tf:101,false,p2,accepted,,656195724,656197692587187,15
tf_policy_elo_616bc2f2_phase7_random_to40_2026-08-20,animal-cycle-random-7x7_g101_vs_g95.jsonl,animal-cycle-random-7x7,animal-cycle,random-start,7x7,tf:101,tf:95,true,p1,accepted,,656195724,656197692587188,16
tf_policy_elo_616bc2f2_phase7_random_to40_2026-08-20,animal-cycle-random-7x7_g101_vs_g95.jsonl,animal-cycle-random-7x7,animal-cycle,random-start,7x7,tf:95,tf:101,false,p2,accepted,,656195724,656197692587189,17
tf_policy_elo_616bc2f2_phase7_random_to40_2026-08-20,animal-cycle-random-7x7_g101_vs_g95.jsonl,animal-cycle-random-7x7,animal-cycle,random-start,7x7,tf:101,tf:95,true,p1,accepted,,656195724,656197692587190,18
tf_policy_elo_616bc2f2_phase7_random_to40_2026-08-20,animal-cycle-random-7x7_g101_vs_g95.jsonl,animal-cycle-random-7x7,animal-cycle,random-start,7x7,tf:95,tf:101,false,p2,accepted,,656195724,656197692587191,19
tf_policy_elo_616bc2f2_phase7_random_to40_2026-08-20,animal-cycle-random-7x7_g101_vs_g95.jsonl,animal-cycle-random-7x7,animal-cycle,random-start,7x7,tf:101,tf:95,true,p1,accepted,,656195724,656197692587192,20
tf_policy_elo_616bc2f2_phase7_random_to40_2026-08-20,animal-cycle-random-7x7_g101_vs_g95.jsonl,animal-cycle-random-7x7,animal-cycle,random-start,7x7,tf:95,tf:101,false,p2,accepted,,656195724,656197692587193,21
tf_policy_elo_616bc2f2_phase7_random_to40_2026-08-20,animal-cycle-random-7x7_g101_vs_g95.jsonl,animal-cycle-random-7x7,animal-cycle,random-start,7x7,tf:101,tf:95,true,p1,accepted,,656195724,656197692587194,22
tf_policy_elo_616bc2f2_phase7_random_to40_2026-08-20,animal-cycle-random-7x7_g101_vs_g95.jsonl,animal-cycle-random-7x7,animal-cycle,random-start,7x7,tf:95,tf:101,false,p2,accepted,,656195724,656197692587195,23
tf_policy_elo_616bc2f2_phase7_random_to40_2026-08-20,animal-cycle-random-7x7_g101_vs_g95.jsonl,animal-cycle-random-7x7,animal-cycle,random-start,7x7,tf:101,tf:95,true,p1,accepted,,656195724,656197692587196,24
tf_policy_elo_616bc2f2_phase7_random_to40_2026-08-20,animal-cycle-random-7x7_g101_vs_g95.jsonl,animal-cycle-random-7x7,animal-cycle,random-start,7x7,tf:95,tf:101,false,p2,accepted,,656195724,656197692587197,25
tf_policy_elo_616bc2f2_phase7_random_to40_2026-08-20,animal-cycle-random-7x7_g101_vs_g95.jsonl,animal-cycle-random-7x7,animal-cycle,random-start,7x7,tf:101,tf:95,true,p2,accepted,,656195724,656197692587198,26
tf_policy_elo_616bc2f2_phase7_random_to40_2026-08-20,animal-cycle-random-7x7_g101_vs_g95.jsonl,animal-cycle-random-7x7,animal-cycle,random-start,7x7,tf:95,tf:101,false,p2,accepted,,656195724,656197692587199,27
tf_policy_elo_616bc2f2_phase7_random_to40_2026-08-20,animal-cycle-random-7x7_g101_vs_g98.jsonl,animal-cycle-random-7x7,animal-cycle,random-start,7x7,tf:101,tf:98,true,p2,accepted,,656198724,656200692596172,0
tf_policy_elo_616bc2f2_phase7_random_to40_2026-08-20,animal-cycle-random-7x7_g101_vs_g98.jsonl,animal-cycle-random-7x7,animal-cycle,random-start,7x7,tf:98,tf:101,false,p1,accepted,,656198724,656200692596173,1
tf_policy_elo_616bc2f2_phase7_random_to40_2026-08-20,animal-cycle-random-7x7_g101_vs_g98.jsonl,animal-cycle-random-7x7,animal-cycle,random-start,7x7,tf:101,tf:98,true,p1,accepted,,656198724,656200692596174,2
tf_policy_elo_616bc2f2_phase7_random_to40_2026-08-20,animal-cycle-random-7x7_g101_vs_g98.jsonl,animal-cycle-random-7x7,animal-cycle,random-start,7x7,tf:98,tf:101,false,p2,accepted,,656198724,656200692596175,3
tf_policy_elo_616bc2f2_phase7_random_to40_2026-08-20,animal-cycle-random-7x7_g101_vs_g98.jsonl,animal-cycle-random-7x7,animal-cycle,random-start,7x7,tf:101,tf:98,true,p1,accepted,,656198724,656200692596176,4
tf_policy_elo_616bc2f2_phase7_random_to40_2026-08-20,animal-cycle-random-7x7_g101_vs_g98.jsonl,animal-cycle-random-7x7,animal-cycle,random-start,7x7,tf:98,tf:101,false,p1,accepted,,656198724,656200692596177,5
tf_policy_elo_616bc2f2_phase7_random_to40_2026-08-20,animal-cycle-random-7x7_g101_vs_g98.jsonl,animal-cycle-random-7x7,animal-cycle,random-start,7x7,tf:101,tf:98,true,p1,accepted,,656198724,656200692596178,6
tf_policy_elo_616bc2f2_phase7_random_to40_2026-08-20,animal-cycle-random-7x7_g101_vs_g98.jsonl,animal-cycle-random-7x7,animal-cycle,random-start,7x7,tf:98,tf:101,false,p2,accepted,,656198724,656200692596179,7
tf_policy_elo_616bc2f2_phase7_random_to40_2026-08-20,animal-cycle-random-7x7_g101_vs_g98.jsonl,animal-cycle-random-7x7,animal-cycle,random-start,7x7,tf:101,tf:98,true,p2,accepted,,656198724,656200692596180,8
tf_policy_elo_616bc2f2_phase7_random_to40_2026-08-20,animal-cycle-random-7x7_g101_vs_g98.jsonl,animal-cycle-random-7x7,animal-cycle,random-start,7x7,tf:98,tf:101,false,p2,accepted,,656198724,656200692596181,9
tf_policy_elo_616bc2f2_phase7_random_to40_2026-08-20,animal-cycle-random-7x7_g101_vs_g98.jsonl,animal-cycle-random-7x7,animal-cycle,random-start,7x7,tf:101,tf:98,true,p1,accepted,,656198724,656200692596182,10
tf_policy_elo_616bc2f2_phase7_random_to40_2026-08-20,animal-cycle-random-7x7_g101_vs_g98.jsonl,animal-cycle-random-7x7,animal-cycle,random-start,7x7,tf:98,tf:101,false,p2,accepted,,656198724,656200692596183,11
tf_policy_elo_616bc2f2_phase7_random_to40_2026-08-20,animal-cycle-random-7x7_g101_vs_g98.jsonl,animal-cycle-random-7x7,animal-cycle,random-start,7x7,tf:101,tf:98,true,p2,accepted,,656198724,656200692596184,12
tf_policy_elo_616bc2f2_phase7_random_to40_2026-08-20,animal-cycle-random-7x7_g101_vs_g98.jsonl,animal-cycle-random-7x7,animal-cycle,random-start,7x7,tf:98,tf:101,false,p1,accepted,,656198724,656200692596185,13
tf_policy_elo_616bc2f2_phase7_random_to40_2026-08-20,animal-cycle-random-7x7_g101_vs_g98.jsonl,animal-cycle-random-7x7,animal-cycle,random-start,7x7,tf:101,tf:98,true,p1,accepted,,656198724,656200692596186,14
tf_policy_elo_616bc2f2_phase7_random_to40_2026-08-20,animal-cycle-random-7x7_g101_vs_g98.jsonl,animal-cycle-random-7x7,animal-cycle,random-start,7x7,tf:98,tf:101,false,p1,accepted,,656198724,656200692596187,15
tf_policy_elo_616bc2f2_phase7_random_to40_2026-08-20,animal-cycle-random-7x7_g101_vs_g98.jsonl,animal-cycle-random-7x7,animal-cycle,random-start,7x7,tf:101,tf:98,true,p1,accepted,,656198724,656200692596188,16
tf_policy_elo_616bc2f2_phase7_random_to40_2026-08-20,animal-cycle-random-7x7_g101_vs_g98.jsonl,animal-cycle-random-7x7,animal-cycle,random-start,7x7,tf:98,tf:101,false,p2,accepted,,656198724,656200692596189,17
tf_policy_elo_616bc2f2_phase7_random_to40_2026-08-20,animal-cycle-random-7x7_g101_vs_g98.jsonl,animal-cycle-random-7x7,animal-cycle,random-start,7x7,tf:101,tf:98,true,p2,accepted,,656198724,656200692596190,18
tf_policy_elo_616bc2f2_phase7_random_to40_2026-08-20,animal-cycle-random-7x7_g101_vs_g98.jsonl,animal-cycle-random-7x7,animal-cycle,random-start,7x7,tf:98,tf:101,false,p2,accepted,,656198724,656200692596191,19
tf_policy_elo_616bc2f2_phase7_random_to40_2026-08-20,animal-cycle-random-7x7_g101_vs_g98.jsonl,animal-cycle-random-7x7,animal-cycle,random-start,7x7,tf:101,tf:98,true,p1,accepted,,656198724,656200692596192,20
tf_policy_elo_616bc2f2_phase7_random_to40_2026-08-20,animal-cycle-random-7x7_g101_vs_g98.jsonl,animal-cycle-random-7x7,animal-cycle,random-start,7x7,tf:98,tf:101,false,p2,accepted,,656198724,656200692596193,21
tf_policy_elo_616bc2f2_phase7_random_to40_2026-08-20,animal-cycle-random-7x7_g101_vs_g98.jsonl,animal-cycle-random-7x7,animal-cycle,random-start,7x7,tf:101,tf:98,true,p1,accepted,,656198724,656200692596194,22
tf_policy_elo_616bc2f2_phase7_random_to40_2026-08-20,animal-cycle-random-7x7_g101_vs_g98.jsonl,animal-cycle-random-7x7,animal-cycle,random-start,7x7,tf:98,tf:101,false,p1,accepted,,656198724,656200692596195,23
tf_policy_elo_616bc2f2_phase7_random_to40_2026-08-20,animal-cycle-random-7x7_g101_vs_g98.jsonl,animal-cycle-random-7x7,animal-cycle,random-start,7x7,tf:101,tf:98,true,p1,accepted,,656198724,656200692596196,24
tf_policy_elo_616bc2f2_phase7_random_to40_2026-08-20,animal-cycle-random-7x7_g101_vs_g98.jsonl,animal-cycle-random-7x7,animal-cycle,random-start,7x7,tf:98,tf:101,false,p1,accepted,,656198724,656200692596197,25
tf_policy_elo_616bc2f2_phase7_random_to40_2026-08-20,animal-cycle-random-7x7_g101_vs_g98.jsonl,animal-cycle-random-7x7,animal-cycle,random-start,7x7,tf:101,tf:98,true,p1,accepted,,656198724,656200692596198,26
tf_policy_elo_616bc2f2_phase7_random_to40_2026-08-20,animal-cycle-random-7x7_g101_vs_g98.jsonl,animal-cycle-random-7x7,animal-cycle,random-start,7x7,tf:98,tf:101,false,p2,accepted,,656198724,656200692596199,27
tf_policy_elo_616bc2f2_phase7_random_to40_2026-08-20,animal-cycle-random-7x7_g102_vs_g101.jsonl,animal-cycle-random-7x7,animal-cycle,random-start,7x7,tf:102,tf:101,true,p1,accepted,,656301724,656303692905172,0
tf_policy_elo_616bc2f2_phase7_random_to40_2026-08-20,animal-cycle-random-7x7_g102_vs_g101.jsonl,animal-cycle-random-7x7,animal-cycle,random-start,7x7,tf:101,tf:102,false,p1,accepted,,656301724,656303692905173,1
tf_policy_elo_616bc2f2_phase7_random_to40_2026-08-20,animal-cycle-random-7x7_g102_vs_g101.jsonl,animal-cycle-random-7x7,animal-cycle,random-start,7x7,tf:102,tf:101,true,p1,accepted,,656301724,656303692905174,2
tf_policy_elo_616bc2f2_phase7_random_to40_2026-08-20,animal-cycle-random-7x7_g102_vs_g101.jsonl,animal-cycle-random-7x7,animal-cycle,random-start,7x7,tf:101,tf:102,false,p2,accepted,,656301724,656303692905175,3
tf_policy_elo_616bc2f2_phase7_random_to40_2026-08-20,animal-cycle-random-7x7_g102_vs_g101.jsonl,animal-cycle-random-7x7,animal-cycle,random-start,7x7,tf:102,tf:101,true,p2,accepted,,656301724,656303692905176,4
tf_policy_elo_616bc2f2_phase7_random_to40_2026-08-20,animal-cycle-random-7x7_g102_vs_g101.jsonl,animal-cycle-random-7x7,animal-cycle,random-start,7x7,tf:101,tf:102,false,p2,accepted,,656301724,656303692905177,5
tf_policy_elo_616bc2f2_phase7_random_to40_2026-08-20,animal-cycle-random-7x7_g102_vs_g101.jsonl,animal-cycle-random-7x7,animal-cycle,random-start,7x7,tf:102,tf:101,true,p1,accepted,,656301724,656303692905178,6
tf_policy_elo_616bc2f2_phase7_random_to40_2026-08-20,animal-cycle-random-7x7_g102_vs_g101.jsonl,animal-cycle-random-7x7,animal-cycle,random-start,7x7,tf:101,tf:102,false,p2,accepted,,656301724,656303692905179,7
tf_policy_elo_616bc2f2_phase7_random_to40_2026-08-20,animal-cycle-random-7x7_g102_vs_g101.jsonl,animal-cycle-random-7x7,animal-cycle,random-start,7x7,tf:102,tf:101,true,p1,accepted,,656301724,656303692905180,8
tf_policy_elo_616bc2f2_phase7_random_to40_2026-08-20,animal-cycle-random-7x7_g102_vs_g101.jsonl,animal-cycle-random-7x7,animal-cycle,random-start,7x7,tf:101,tf:102,false,p1,accepted,,656301724,656303692905181,9
tf_policy_elo_616bc2f2_phase7_random_to40_2026-08-20,animal-cycle-random-7x7_g102_vs_g101.jsonl,animal-cycle-random-7x7,animal-cycle,random-start,7x7,tf:102,tf:101,true,p2,accepted,,656301724,656303692905182,10
tf_policy_elo_616bc2f2_phase7_random_to40_2026-08-20,animal-cycle-random-7x7_g102_vs_g101.jsonl,animal-cycle-random-7x7,animal-cycle,random-start,7x7,tf:101,tf:102,false,p2,accepted,,656301724,656303692905183,11
tf_policy_elo_616bc2f2_phase7_random_to40_2026-08-20,animal-cycle-random-7x7_g102_vs_g101.jsonl,animal-cycle-random-7x7,animal-cycle,random-start,7x7,tf:102,tf:101,true,p1,accepted,,656301724,656303692905184,12
tf_policy_elo_616bc2f2_phase7_random_to40_2026-08-20,animal-cycle-random-7x7_g102_vs_g101.jsonl,animal-cycle-random-7x7,animal-cycle,random-start,7x7,tf:101,tf:102,false,p2,accepted,,656301724,656303692905185,13
tf_policy_elo_616bc2f2_phase7_random_to40_2026-08-20,animal-cycle-random-7x7_g102_vs_g101.jsonl,animal-cycle-random-7x7,animal-cycle,random-start,7x7,tf:102,tf:101,true,p1,accepted,,656301724,656303692905186,14
tf_policy_elo_616bc2f2_phase7_random_to40_2026-08-20,animal-cycle-random-7x7_g102_vs_g101.jsonl,animal-cycle-random-7x7,animal-cycle,random-start,7x7,tf:101,tf:102,false,p1,accepted,,656301724,656303692905187,15
tf_policy_elo_616bc2f2_phase7_random_to40_2026-08-20,animal-cycle-random-7x7_g102_vs_g101.jsonl,animal-cycle-random-7x7,animal-cycle,random-start,7x7,tf:102,tf:101,true,p1,accepted,,656301724,656303692905188,16
tf_policy_elo_616bc2f2_phase7_random_to40_2026-08-20,animal-cycle-random-7x7_g102_vs_g101.jsonl,animal-cycle-random-7x7,animal-cycle,random-start,7x7,tf:101,tf:102,false,p1,accepted,,656301724,656303692905189,17
tf_policy_elo_616bc2f2_phase7_random_to40_2026-08-20,animal-cycle-random-7x7_g102_vs_g101.jsonl,animal-cycle-random-7x7,animal-cycle,random-start,7x7,tf:102,tf:101,true,p2,accepted,,656301724,656303692905190,18
tf_policy_elo_616bc2f2_phase7_random_to40_2026-08-20,animal-cycle-random-7x7_g102_vs_g101.jsonl,animal-cycle-random-7x7,animal-cycle,random-start,7x7,tf:101,tf:102,false,p1,accepted,,656301724,656303692905191,19
tf_policy_elo_616bc2f2_phase7_random_to40_2026-08-20,animal-cycle-random-7x7_g102_vs_g101.jsonl,animal-cycle-random-7x7,animal-cycle,random-start,7x7,tf:102,tf:101,true,p1,accepted,,656301724,656303692905192,20
tf_policy_elo_616bc2f2_phase7_random_to40_2026-08-20,animal-cycle-random-7x7_g102_vs_g101.jsonl,animal-cycle-random-7x7,animal-cycle,random-start,7x7,tf:101,tf:102,false,p1,accepted,,656301724,656303692905193,21
tf_policy_elo_616bc2f2_phase7_random_to40_2026-08-20,animal-cycle-random-7x7_g102_vs_g101.jsonl,animal-cycle-random-7x7,animal-cycle,random-start,7x7,tf:102,tf:101,true,p1,accepted,,656301724,656303692905194,22
tf_policy_elo_616bc2f2_phase7_random_to40_2026-08-20,animal-cycle-random-7x7_g102_vs_g101.jsonl,animal-cycle-random-7x7,animal-cycle,random-start,7x7,tf:101,tf:102,false,p1,accepted,,656301724,656303692905195,23
tf_policy_elo_616bc2f2_phase7_random_to40_2026-08-20,animal-cycle-random-7x7_g102_vs_g101.jsonl,animal-cycle-random-7x7,animal-cycle,random-start,7x7,tf:102,tf:101,true,p2,accepted,,656301724,656303692905196,24
tf_policy_elo_616bc2f2_phase7_random_to40_2026-08-20,animal-cycle-random-7x7_g102_vs_g101.jsonl,animal-cycle-random-7x7,animal-cycle,random-start,7x7,tf:101,tf:102,false,p1,accepted,,656301724,656303692905197,25
tf_policy_elo_616bc2f2_phase7_random_to40_2026-08-20,animal-cycle-random-7x7_g102_vs_g101.jsonl,animal-cycle-random-7x7,animal-cycle,random-start,7x7,tf:102,tf:101,true,p2,accepted,,656301724,656303692905198,26
tf_policy_elo_616bc2f2_phase7_random_to40_2026-08-20,animal-cycle-random-7x7_g102_vs_g101.jsonl,animal-cycle-random-7x7,animal-cycle,random-start,7x7,tf:101,tf:102,false,p2,accepted,,656301724,656303692905199,27
tf_policy_elo_616bc2f2_phase7_random_to40_2026-08-20,animal-cycle-random-7x7_g102_vs_g96.jsonl,animal-cycle-random-7x7,animal-cycle,random-start,7x7,tf:102,tf:96,true,p1,accepted,,656296724,656298692890172,0
tf_policy_elo_616bc2f2_phase7_random_to40_2026-08-20,animal-cycle-random-7x7_g102_vs_g96.jsonl,animal-cycle-random-7x7,animal-cycle,random-start,7x7,tf:96,tf:102,false,p2,accepted,,656296724,656298692890173,1
tf_policy_elo_616bc2f2_phase7_random_to40_2026-08-20,animal-cycle-random-7x7_g102_vs_g96.jsonl,animal-cycle-random-7x7,animal-cycle,random-start,7x7,tf:102,tf:96,true,p1,accepted,,656296724,656298692890174,2
tf_policy_elo_616bc2f2_phase7_random_to40_2026-08-20,animal-cycle-random-7x7_g102_vs_g96.jsonl,animal-cycle-random-7x7,animal-cycle,random-start,7x7,tf:96,tf:102,false,p2,accepted,,656296724,656298692890175,3
tf_policy_elo_616bc2f2_phase7_random_to40_2026-08-20,animal-cycle-random-7x7_g102_vs_g96.jsonl,animal-cycle-random-7x7,animal-cycle,random-start,7x7,tf:102,tf:96,true,p2,accepted,,656296724,656298692890176,4
tf_policy_elo_616bc2f2_phase7_random_to40_2026-08-20,animal-cycle-random-7x7_g102_vs_g96.jsonl,animal-cycle-random-7x7,animal-cycle,random-start,7x7,tf:96,tf:102,false,p2,accepted,,656296724,656298692890177,5
tf_policy_elo_616bc2f2_phase7_random_to40_2026-08-20,animal-cycle-random-7x7_g102_vs_g96.jsonl,animal-cycle-random-7x7,animal-cycle,random-start,7x7,tf:102,tf:96,true,p1,accepted,,656296724,656298692890178,6
tf_policy_elo_616bc2f2_phase7_random_to40_2026-08-20,animal-cycle-random-7x7_g102_vs_g96.jsonl,animal-cycle-random-7x7,animal-cycle,random-start,7x7,tf:96,tf:102,false,p2,accepted,,656296724,656298692890179,7
tf_policy_elo_616bc2f2_phase7_random_to40_2026-08-20,animal-cycle-random-7x7_g102_vs_g96.jsonl,animal-cycle-random-7x7,animal-cycle,random-start,7x7,tf:102,tf:96,true,p1,accepted,,656296724,656298692890180,8
tf_policy_elo_616bc2f2_phase7_random_to40_2026-08-20,animal-cycle-random-7x7_g102_vs_g96.jsonl,animal-cycle-random-7x7,animal-cycle,random-start,7x7,tf:96,tf:102,false,p2,accepted,,656296724,656298692890181,9
tf_policy_elo_616bc2f2_phase7_random_to40_2026-08-20,animal-cycle-random-7x7_g102_vs_g96.jsonl,animal-cycle-random-7x7,animal-cycle,random-start,7x7,tf:102,tf:96,true,p1,accepted,,656296724,656298692890182,10
tf_policy_elo_616bc2f2_phase7_random_to40_2026-08-20,animal-cycle-random-7x7_g102_vs_g96.jsonl,animal-cycle-random-7x7,animal-cycle,random-start,7x7,tf:96,tf:102,false,p2,accepted,,656296724,656298692890183,11
tf_policy_elo_616bc2f2_phase7_random_to40_2026-08-20,animal-cycle-random-7x7_g102_vs_g96.jsonl,animal-cycle-random-7x7,animal-cycle,random-start,7x7,tf:102,tf:96,true,p2,accepted,,656296724,656298692890184,12
tf_policy_elo_616bc2f2_phase7_random_to40_2026-08-20,animal-cycle-random-7x7_g102_vs_g96.jsonl,animal-cycle-random-7x7,animal-cycle,random-start,7x7,tf:96,tf:102,false,p2,accepted,,656296724,656298692890185,13
tf_policy_elo_616bc2f2_phase7_random_to40_2026-08-20,animal-cycle-random-7x7_g102_vs_g96.jsonl,animal-cycle-random-7x7,animal-cycle,random-start,7x7,tf:102,tf:96,true,p1,accepted,,656296724,656298692890186,14
tf_policy_elo_616bc2f2_phase7_random_to40_2026-08-20,animal-cycle-random-7x7_g102_vs_g96.jsonl,animal-cycle-random-7x7,animal-cycle,random-start,7x7,tf:96,tf:102,false,p2,accepted,,656296724,656298692890187,15
tf_policy_elo_616bc2f2_phase7_random_to40_2026-08-20,animal-cycle-random-7x7_g102_vs_g96.jsonl,animal-cycle-random-7x7,animal-cycle,random-start,7x7,tf:102,tf:96,true,p1,accepted,,656296724,656298692890188,16
tf_policy_elo_616bc2f2_phase7_random_to40_2026-08-20,animal-cycle-random-7x7_g102_vs_g96.jsonl,animal-cycle-random-7x7,animal-cycle,random-start,7x7,tf:96,tf:102,false,p2,accepted,,656296724,656298692890189,17
tf_policy_elo_616bc2f2_phase7_random_to40_2026-08-20,animal-cycle-random-7x7_g102_vs_g96.jsonl,animal-cycle-random-7x7,animal-cycle,random-start,7x7,tf:102,tf:96,true,p1,accepted,,656296724,656298692890190,18
tf_policy_elo_616bc2f2_phase7_random_to40_2026-08-20,animal-cycle-random-7x7_g102_vs_g96.jsonl,animal-cycle-random-7x7,animal-cycle,random-start,7x7,tf:96,tf:102,false,p2,accepted,,656296724,656298692890191,19
tf_policy_elo_616bc2f2_phase7_random_to40_2026-08-20,animal-cycle-random-7x7_g102_vs_g96.jsonl,animal-cycle-random-7x7,animal-cycle,random-start,7x7,tf:102,tf:96,true,p1,accepted,,656296724,656298692890192,20
tf_policy_elo_616bc2f2_phase7_random_to40_2026-08-20,animal-cycle-random-7x7_g102_vs_g96.jsonl,animal-cycle-random-7x7,animal-cycle,random-start,7x7,tf:96,tf:102,false,p2,accepted,,656296724,656298692890193,21
tf_policy_elo_616bc2f2_phase7_random_to40_2026-08-20,animal-cycle-random-7x7_g102_vs_g96.jsonl,animal-cycle-random-7x7,animal-cycle,random-start,7x7,tf:102,tf:96,true,p1,accepted,,656296724,656298692890194,22
tf_policy_elo_616bc2f2_phase7_random_to40_2026-08-20,animal-cycle-random-7x7_g102_vs_g96.jsonl,animal-cycle-random-7x7,animal-cycle,random-start,7x7,tf:96,tf:102,false,p2,accepted,,656296724,656298692890195,23
tf_policy_elo_616bc2f2_phase7_random_to40_2026-08-20,animal-cycle-random-7x7_g102_vs_g96.jsonl,animal-cycle-random-7x7,animal-cycle,random-start,7x7,tf:102,tf:96,true,p1,accepted,,656296724,656298692890196,24
tf_policy_elo_616bc2f2_phase7_random_to40_2026-08-20,animal-cycle-random-7x7_g102_vs_g96.jsonl,animal-cycle-random-7x7,animal-cycle,random-start,7x7,tf:96,tf:102,false,p1,accepted,,656296724,656298692890197,25
tf_policy_elo_616bc2f2_phase7_random_to40_2026-08-20,animal-cycle-random-7x7_g102_vs_g96.jsonl,animal-cycle-random-7x7,animal-cycle,random-start,7x7,tf:102,tf:96,true,p1,accepted,,656296724,656298692890198,26
tf_policy_elo_616bc2f2_phase7_random_to40_2026-08-20,animal-cycle-random-7x7_g102_vs_g96.jsonl,animal-cycle-random-7x7,animal-cycle,random-start,7x7,tf:96,tf:102,false,p2,accepted,,656296724,656298692890199,27
tf_policy_elo_616bc2f2_phase7_random_to40_2026-08-20,animal-cycle-random-7x7_g102_vs_g99.jsonl,animal-cycle-random-7x7,animal-cycle,random-start,7x7,tf:102,tf:99,true,p2,accepted,,656299724,656301692899172,0
tf_policy_elo_616bc2f2_phase7_random_to40_2026-08-20,animal-cycle-random-7x7_g102_vs_g99.jsonl,animal-cycle-random-7x7,animal-cycle,random-start,7x7,tf:99,tf:102,false,p2,accepted,,656299724,656301692899173,1
tf_policy_elo_616bc2f2_phase7_random_to40_2026-08-20,animal-cycle-random-7x7_g102_vs_g99.jsonl,animal-cycle-random-7x7,animal-cycle,random-start,7x7,tf:102,tf:99,true,p2,accepted,,656299724,656301692899174,2
tf_policy_elo_616bc2f2_phase7_random_to40_2026-08-20,animal-cycle-random-7x7_g102_vs_g99.jsonl,animal-cycle-random-7x7,animal-cycle,random-start,7x7,tf:99,tf:102,false,p2,accepted,,656299724,656301692899175,3
tf_policy_elo_616bc2f2_phase7_random_to40_2026-08-20,animal-cycle-random-7x7_g102_vs_g99.jsonl,animal-cycle-random-7x7,animal-cycle,random-start,7x7,tf:102,tf:99,true,p1,accepted,,656299724,656301692899176,4
tf_policy_elo_616bc2f2_phase7_random_to40_2026-08-20,animal-cycle-random-7x7_g102_vs_g99.jsonl,animal-cycle-random-7x7,animal-cycle,random-start,7x7,tf:99,tf:102,false,p2,accepted,,656299724,656301692899177,5
tf_policy_elo_616bc2f2_phase7_random_to40_2026-08-20,animal-cycle-random-7x7_g102_vs_g99.jsonl,animal-cycle-random-7x7,animal-cycle,random-start,7x7,tf:102,tf:99,true,p2,accepted,,656299724,656301692899178,6
tf_policy_elo_616bc2f2_phase7_random_to40_2026-08-20,animal-cycle-random-7x7_g102_vs_g99.jsonl,animal-cycle-random-7x7,animal-cycle,random-start,7x7,tf:99,tf:102,false,p2,accepted,,656299724,656301692899179,7
tf_policy_elo_616bc2f2_phase7_random_to40_2026-08-20,animal-cycle-random-7x7_g102_vs_g99.jsonl,animal-cycle-random-7x7,animal-cycle,random-start,7x7,tf:102,tf:99,true,p2,accepted,,656299724,656301692899180,8
tf_policy_elo_616bc2f2_phase7_random_to40_2026-08-20,animal-cycle-random-7x7_g102_vs_g99.jsonl,animal-cycle-random-7x7,animal-cycle,random-start,7x7,tf:99,tf:102,false,p1,accepted,,656299724,656301692899181,9
tf_policy_elo_616bc2f2_phase7_random_to40_2026-08-20,animal-cycle-random-7x7_g102_vs_g99.jsonl,animal-cycle-random-7x7,animal-cycle,random-start,7x7,tf:102,tf:99,true,p1,accepted,,656299724,656301692899182,10
tf_policy_elo_616bc2f2_phase7_random_to40_2026-08-20,animal-cycle-random-7x7_g102_vs_g99.jsonl,animal-cycle-random-7x7,animal-cycle,random-start,7x7,tf:99,tf:102,false,p2,accepted,,656299724,656301692899183,11
tf_policy_elo_616bc2f2_phase7_random_to40_2026-08-20,animal-cycle-random-7x7_g102_vs_g99.jsonl,animal-cycle-random-7x7,animal-cycle,random-start,7x7,tf:102,tf:99,true,p2,accepted,,656299724,656301692899184,12
tf_policy_elo_616bc2f2_phase7_random_to40_2026-08-20,animal-cycle-random-7x7_g102_vs_g99.jsonl,animal-cycle-random-7x7,animal-cycle,random-start,7x7,tf:99,tf:102,false,p1,accepted,,656299724,656301692899185,13
tf_policy_elo_616bc2f2_phase7_random_to40_2026-08-20,animal-cycle-random-7x7_g102_vs_g99.jsonl,animal-cycle-random-7x7,animal-cycle,random-start,7x7,tf:102,tf:99,true,p2,accepted,,656299724,656301692899186,14
tf_policy_elo_616bc2f2_phase7_random_to40_2026-08-20,animal-cycle-random-7x7_g102_vs_g99.jsonl,animal-cycle-random-7x7,animal-cycle,random-start,7x7,tf:99,tf:102,false,p2,accepted,,656299724,656301692899187,15
tf_policy_elo_616bc2f2_phase7_random_to40_2026-08-20,animal-cycle-random-7x7_g102_vs_g99.jsonl,animal-cycle-random-7x7,animal-cycle,random-start,7x7,tf:102,tf:99,true,p2,accepted,,656299724,656301692899188,16
tf_policy_elo_616bc2f2_phase7_random_to40_2026-08-20,animal-cycle-random-7x7_g102_vs_g99.jsonl,animal-cycle-random-7x7,animal-cycle,random-start,7x7,tf:99,tf:102,false,p1,accepted,,656299724,656301692899189,17
tf_policy_elo_616bc2f2_phase7_random_to40_2026-08-20,animal-cycle-random-7x7_g102_vs_g99.jsonl,animal-cycle-random-7x7,animal-cycle,random-start,7x7,tf:102,tf:99,true,p1,accepted,,656299724,656301692899190,18
tf_policy_elo_616bc2f2_phase7_random_to40_2026-08-20,animal-cycle-random-7x7_g102_vs_g99.jsonl,animal-cycle-random-7x7,animal-cycle,random-start,7x7,tf:99,tf:102,false,p2,accepted,,656299724,656301692899191,19
tf_policy_elo_616bc2f2_phase7_random_to40_2026-08-20,animal-cycle-random-7x7_g102_vs_g99.jsonl,animal-cycle-random-7x7,animal-cycle,random-start,7x7,tf:102,tf:99,true,p2,accepted,,656299724,656301692899192,20
tf_policy_elo_616bc2f2_phase7_random_to40_2026-08-20,animal-cycle-random-7x7_g102_vs_g99.jsonl,animal-cycle-random-7x7,animal-cycle,random-start,7x7,tf:99,tf:102,false,p2,accepted,,656299724,656301692899193,21
tf_policy_elo_616bc2f2_phase7_random_to40_2026-08-20,animal-cycle-random-7x7_g102_vs_g99.jsonl,animal-cycle-random-7x7,animal-cycle,random-start,7x7,tf:102,tf:99,true,p1,accepted,,656299724,656301692899194,22
tf_policy_elo_616bc2f2_phase7_random_to40_2026-08-20,animal-cycle-random-7x7_g102_vs_g99.jsonl,animal-cycle-random-7x7,animal-cycle,random-start,7x7,tf:99,tf:102,false,p2,accepted,,656299724,656301692899195,23
tf_policy_elo_616bc2f2_phase7_random_to40_2026-08-20,animal-cycle-random-7x7_g102_vs_g99.jsonl,animal-cycle-random-7x7,animal-cycle,random-start,7x7,tf:102,tf:99,true,p1,accepted,,656299724,656301692899196,24
tf_policy_elo_616bc2f2_phase7_random_to40_2026-08-20,animal-cycle-random-7x7_g102_vs_g99.jsonl,animal-cycle-random-7x7,animal-cycle,random-start,7x7,tf:99,tf:102,false,p1,accepted,,656299724,656301692899197,25
tf_policy_elo_616bc2f2_phase7_random_to40_2026-08-20,animal-cycle-random-7x7_g102_vs_g99.jsonl,animal-cycle-random-7x7,animal-cycle,random-start,7x7,tf:102,tf:99,true,p2,accepted,,656299724,656301692899198,26
tf_policy_elo_616bc2f2_phase7_random_to40_2026-08-20,animal-cycle-random-7x7_g102_vs_g99.jsonl,animal-cycle-random-7x7,animal-cycle,random-start,7x7,tf:99,tf:102,false,p2,accepted,,656299724,656301692899199,27
tf_policy_elo_616bc2f2_phase7_random_to40_2026-08-20,animal-cycle-random-7x7_g103_vs_g100.jsonl,animal-cycle-random-7x7,animal-cycle,random-start,7x7,tf:103,tf:100,true,p2,accepted,,656400724,656402693202172,0
tf_policy_elo_616bc2f2_phase7_random_to40_2026-08-20,animal-cycle-random-7x7_g103_vs_g100.jsonl,animal-cycle-random-7x7,animal-cycle,random-start,7x7,tf:100,tf:103,false,p1,accepted,,656400724,656402693202173,1
tf_policy_elo_616bc2f2_phase7_random_to40_2026-08-20,animal-cycle-random-7x7_g103_vs_g100.jsonl,animal-cycle-random-7x7,animal-cycle,random-start,7x7,tf:103,tf:100,true,p2,accepted,,656400724,656402693202174,2
tf_policy_elo_616bc2f2_phase7_random_to40_2026-08-20,animal-cycle-random-7x7_g103_vs_g100.jsonl,animal-cycle-random-7x7,animal-cycle,random-start,7x7,tf:100,tf:103,false,p2,accepted,,656400724,656402693202175,3
tf_policy_elo_616bc2f2_phase7_random_to40_2026-08-20,animal-cycle-random-7x7_g103_vs_g100.jsonl,animal-cycle-random-7x7,animal-cycle,random-start,7x7,tf:103,tf:100,true,p1,accepted,,656400724,656402693202176,4
tf_policy_elo_616bc2f2_phase7_random_to40_2026-08-20,animal-cycle-random-7x7_g103_vs_g100.jsonl,animal-cycle-random-7x7,animal-cycle,random-start,7x7,tf:100,tf:103,false,p1,accepted,,656400724,656402693202177,5
tf_policy_elo_616bc2f2_phase7_random_to40_2026-08-20,animal-cycle-random-7x7_g103_vs_g100.jsonl,animal-cycle-random-7x7,animal-cycle,random-start,7x7,tf:103,tf:100,true,p1,accepted,,656400724,656402693202178,6
tf_policy_elo_616bc2f2_phase7_random_to40_2026-08-20,animal-cycle-random-7x7_g103_vs_g100.jsonl,animal-cycle-random-7x7,animal-cycle,random-start,7x7,tf:100,tf:103,false,p2,accepted,,656400724,656402693202179,7
tf_policy_elo_616bc2f2_phase7_random_to40_2026-08-20,animal-cycle-random-7x7_g103_vs_g100.jsonl,animal-cycle-random-7x7,animal-cycle,random-start,7x7,tf:103,tf:100,true,p2,accepted,,656400724,656402693202180,8
tf_policy_elo_616bc2f2_phase7_random_to40_2026-08-20,animal-cycle-random-7x7_g103_vs_g100.jsonl,animal-cycle-random-7x7,animal-cycle,random-start,7x7,tf:100,tf:103,false,p2,accepted,,656400724,656402693202181,9
tf_policy_elo_616bc2f2_phase7_random_to40_2026-08-20,animal-cycle-random-7x7_g103_vs_g100.jsonl,animal-cycle-random-7x7,animal-cycle,random-start,7x7,tf:103,tf:100,true,p1,accepted,,656400724,656402693202182,10
tf_policy_elo_616bc2f2_phase7_random_to40_2026-08-20,animal-cycle-random-7x7_g103_vs_g100.jsonl,animal-cycle-random-7x7,animal-cycle,random-start,7x7,tf:100,tf:103,false,p1,accepted,,656400724,656402693202183,11
tf_policy_elo_616bc2f2_phase7_random_to40_2026-08-20,animal-cycle-random-7x7_g103_vs_g100.jsonl,animal-cycle-random-7x7,animal-cycle,random-start,7x7,tf:103,tf:100,true,p2,accepted,,656400724,656402693202184,12
tf_policy_elo_616bc2f2_phase7_random_to40_2026-08-20,animal-cycle-random-7x7_g103_vs_g100.jsonl,animal-cycle-random-7x7,animal-cycle,random-start,7x7,tf:100,tf:103,false,p1,accepted,,656400724,656402693202185,13
tf_policy_elo_616bc2f2_phase7_random_to40_2026-08-20,animal-cycle-random-7x7_g103_vs_g100.jsonl,animal-cycle-random-7x7,animal-cycle,random-start,7x7,tf:103,tf:100,true,p1,accepted,,656400724,656402693202186,14
tf_policy_elo_616bc2f2_phase7_random_to40_2026-08-20,animal-cycle-random-7x7_g103_vs_g100.jsonl,animal-cycle-random-7x7,animal-cycle,random-start,7x7,tf:100,tf:103,false,p1,accepted,,656400724,656402693202187,15
tf_policy_elo_616bc2f2_phase7_random_to40_2026-08-20,animal-cycle-random-7x7_g103_vs_g100.jsonl,animal-cycle-random-7x7,animal-cycle,random-start,7x7,tf:103,tf:100,true,p2,accepted,,656400724,656402693202188,16
tf_policy_elo_616bc2f2_phase7_random_to40_2026-08-20,animal-cycle-random-7x7_g103_vs_g100.jsonl,animal-cycle-random-7x7,animal-cycle,random-start,7x7,tf:100,tf:103,false,p1,accepted,,656400724,656402693202189,17
tf_policy_elo_616bc2f2_phase7_random_to40_2026-08-20,animal-cycle-random-7x7_g103_vs_g100.jsonl,animal-cycle-random-7x7,animal-cycle,random-start,7x7,tf:103,tf:100,true,p2,accepted,,656400724,656402693202190,18
tf_policy_elo_616bc2f2_phase7_random_to40_2026-08-20,animal-cycle-random-7x7_g103_vs_g100.jsonl,animal-cycle-random-7x7,animal-cycle,random-start,7x7,tf:100,tf:103,false,p2,accepted,,656400724,656402693202191,19
tf_policy_elo_616bc2f2_phase7_random_to40_2026-08-20,animal-cycle-random-7x7_g103_vs_g100.jsonl,animal-cycle-random-7x7,animal-cycle,random-start,7x7,tf:103,tf:100,true,p2,accepted,,656400724,656402693202192,20
tf_policy_elo_616bc2f2_phase7_random_to40_2026-08-20,animal-cycle-random-7x7_g103_vs_g100.jsonl,animal-cycle-random-7x7,animal-cycle,random-start,7x7,tf:100,tf:103,false,p1,accepted,,656400724,656402693202193,21
tf_policy_elo_616bc2f2_phase7_random_to40_2026-08-20,animal-cycle-random-7x7_g103_vs_g100.jsonl,animal-cycle-random-7x7,animal-cycle,random-start,7x7,tf:103,tf:100,true,p1,accepted,,656400724,656402693202194,22
tf_policy_elo_616bc2f2_phase7_random_to40_2026-08-20,animal-cycle-random-7x7_g103_vs_g100.jsonl,animal-cycle-random-7x7,animal-cycle,random-start,7x7,tf:100,tf:103,false,p2,accepted,,656400724,656402693202195,23
tf_policy_elo_616bc2f2_phase7_random_to40_2026-08-20,animal-cycle-random-7x7_g103_vs_g100.jsonl,animal-cycle-random-7x7,animal-cycle,random-start,7x7,tf:103,tf:100,true,p2,accepted,,656400724,656402693202196,24
tf_policy_elo_616bc2f2_phase7_random_to40_2026-08-20,animal-cycle-random-7x7_g103_vs_g100.jsonl,animal-cycle-random-7x7,animal-cycle,random-start,7x7,tf:100,tf:103,false,p2,accepted,,656400724,656402693202197,25
tf_policy_elo_616bc2f2_phase7_random_to40_2026-08-20,animal-cycle-random-7x7_g103_vs_g100.jsonl,animal-cycle-random-7x7,animal-cycle,random-start,7x7,tf:103,tf:100,true,p1,accepted,,656400724,656402693202198,26
tf_policy_elo_616bc2f2_phase7_random_to40_2026-08-20,animal-cycle-random-7x7_g103_vs_g100.jsonl,animal-cycle-random-7x7,animal-cycle,random-start,7x7,tf:100,tf:103,false,p1,accepted,,656400724,656402693202199,27
tf_policy_elo_616bc2f2_phase7_random_to40_2026-08-20,animal-cycle-random-7x7_g103_vs_g102.jsonl,animal-cycle-random-7x7,animal-cycle,random-start,7x7,tf:103,tf:102,true,p2,accepted,,656402724,656404693208172,0
tf_policy_elo_616bc2f2_phase7_random_to40_2026-08-20,animal-cycle-random-7x7_g103_vs_g102.jsonl,animal-cycle-random-7x7,animal-cycle,random-start,7x7,tf:102,tf:103,false,p1,accepted,,656402724,656404693208173,1
tf_policy_elo_616bc2f2_phase7_random_to40_2026-08-20,animal-cycle-random-7x7_g103_vs_g102.jsonl,animal-cycle-random-7x7,animal-cycle,random-start,7x7,tf:103,tf:102,true,p2,accepted,,656402724,656404693208174,2
tf_policy_elo_616bc2f2_phase7_random_to40_2026-08-20,animal-cycle-random-7x7_g103_vs_g102.jsonl,animal-cycle-random-7x7,animal-cycle,random-start,7x7,tf:102,tf:103,false,p2,accepted,,656402724,656404693208175,3
tf_policy_elo_616bc2f2_phase7_random_to40_2026-08-20,animal-cycle-random-7x7_g103_vs_g102.jsonl,animal-cycle-random-7x7,animal-cycle,random-start,7x7,tf:103,tf:102,true,p2,accepted,,656402724,656404693208176,4
tf_policy_elo_616bc2f2_phase7_random_to40_2026-08-20,animal-cycle-random-7x7_g103_vs_g102.jsonl,animal-cycle-random-7x7,animal-cycle,random-start,7x7,tf:102,tf:103,false,p2,accepted,,656402724,656404693208177,5
tf_policy_elo_616bc2f2_phase7_random_to40_2026-08-20,animal-cycle-random-7x7_g103_vs_g102.jsonl,animal-cycle-random-7x7,animal-cycle,random-start,7x7,tf:103,tf:102,true,p2,accepted,,656402724,656404693208178,6
tf_policy_elo_616bc2f2_phase7_random_to40_2026-08-20,animal-cycle-random-7x7_g103_vs_g102.jsonl,animal-cycle-random-7x7,animal-cycle,random-start,7x7,tf:102,tf:103,false,p1,accepted,,656402724,656404693208179,7
tf_policy_elo_616bc2f2_phase7_random_to40_2026-08-20,animal-cycle-random-7x7_g103_vs_g102.jsonl,animal-cycle-random-7x7,animal-cycle,random-start,7x7,tf:103,tf:102,true,p1,accepted,,656402724,656404693208180,8
tf_policy_elo_616bc2f2_phase7_random_to40_2026-08-20,animal-cycle-random-7x7_g103_vs_g102.jsonl,animal-cycle-random-7x7,animal-cycle,random-start,7x7,tf:102,tf:103,false,p1,accepted,,656402724,656404693208181,9
tf_policy_elo_616bc2f2_phase7_random_to40_2026-08-20,animal-cycle-random-7x7_g103_vs_g102.jsonl,animal-cycle-random-7x7,animal-cycle,random-start,7x7,tf:103,tf:102,true,p1,accepted,,656402724,656404693208182,10
tf_policy_elo_616bc2f2_phase7_random_to40_2026-08-20,animal-cycle-random-7x7_g103_vs_g102.jsonl,animal-cycle-random-7x7,animal-cycle,random-start,7x7,tf:102,tf:103,false,p1,accepted,,656402724,656404693208183,11
tf_policy_elo_616bc2f2_phase7_random_to40_2026-08-20,animal-cycle-random-7x7_g103_vs_g102.jsonl,animal-cycle-random-7x7,animal-cycle,random-start,7x7,tf:103,tf:102,true,p2,accepted,,656402724,656404693208184,12
tf_policy_elo_616bc2f2_phase7_random_to40_2026-08-20,animal-cycle-random-7x7_g103_vs_g102.jsonl,animal-cycle-random-7x7,animal-cycle,random-start,7x7,tf:102,tf:103,false,p2,accepted,,656402724,656404693208185,13
tf_policy_elo_616bc2f2_phase7_random_to40_2026-08-20,animal-cycle-random-7x7_g103_vs_g102.jsonl,animal-cycle-random-7x7,animal-cycle,random-start,7x7,tf:103,tf:102,true,p2,accepted,,656402724,656404693208186,14
tf_policy_elo_616bc2f2_phase7_random_to40_2026-08-20,animal-cycle-random-7x7_g103_vs_g102.jsonl,animal-cycle-random-7x7,animal-cycle,random-start,7x7,tf:102,tf:103,false,p2,accepted,,656402724,656404693208187,15
tf_policy_elo_616bc2f2_phase7_random_to40_2026-08-20,animal-cycle-random-7x7_g103_vs_g102.jsonl,animal-cycle-random-7x7,animal-cycle,random-start,7x7,tf:103,tf:102,true,p2,accepted,,656402724,656404693208188,16
tf_policy_elo_616bc2f2_phase7_random_to40_2026-08-20,animal-cycle-random-7x7_g103_vs_g102.jsonl,animal-cycle-random-7x7,animal-cycle,random-start,7x7,tf:102,tf:103,false,p1,accepted,,656402724,656404693208189,17
tf_policy_elo_616bc2f2_phase7_random_to40_2026-08-20,animal-cycle-random-7x7_g103_vs_g102.jsonl,animal-cycle-random-7x7,animal-cycle,random-start,7x7,tf:103,tf:102,true,p2,accepted,,656402724,656404693208190,18
tf_policy_elo_616bc2f2_phase7_random_to40_2026-08-20,animal-cycle-random-7x7_g103_vs_g102.jsonl,animal-cycle-random-7x7,animal-cycle,random-start,7x7,tf:102,tf:103,false,p2,accepted,,656402724,656404693208191,19
tf_policy_elo_616bc2f2_phase7_random_to40_2026-08-20,animal-cycle-random-7x7_g103_vs_g102.jsonl,animal-cycle-random-7x7,animal-cycle,random-start,7x7,tf:103,tf:102,true,p2,accepted,,656402724,656404693208192,20
tf_policy_elo_616bc2f2_phase7_random_to40_2026-08-20,animal-cycle-random-7x7_g103_vs_g102.jsonl,animal-cycle-random-7x7,animal-cycle,random-start,7x7,tf:102,tf:103,false,p1,accepted,,656402724,656404693208193,21
tf_policy_elo_616bc2f2_phase7_random_to40_2026-08-20,animal-cycle-random-7x7_g103_vs_g102.jsonl,animal-cycle-random-7x7,animal-cycle,random-start,7x7,tf:103,tf:102,true,p2,accepted,,656402724,656404693208194,22
tf_policy_elo_616bc2f2_phase7_random_to40_2026-08-20,animal-cycle-random-7x7_g103_vs_g102.jsonl,animal-cycle-random-7x7,animal-cycle,random-start,7x7,tf:102,tf:103,false,p2,accepted,,656402724,656404693208195,23
tf_policy_elo_616bc2f2_phase7_random_to40_2026-08-20,animal-cycle-random-7x7_g103_vs_g102.jsonl,animal-cycle-random-7x7,animal-cycle,random-start,7x7,tf:103,tf:102,true,p2,accepted,,656402724,656404693208196,24
tf_policy_elo_616bc2f2_phase7_random_to40_2026-08-20,animal-cycle-random-7x7_g103_vs_g102.jsonl,animal-cycle-random-7x7,animal-cycle,random-start,7x7,tf:102,tf:103,false,p1,accepted,,656402724,656404693208197,25
tf_policy_elo_616bc2f2_phase7_random_to40_2026-08-20,animal-cycle-random-7x7_g103_vs_g102.jsonl,animal-cycle-random-7x7,animal-cycle,random-start,7x7,tf:103,tf:102,true,p1,accepted,,656402724,656404693208198,26
tf_policy_elo_616bc2f2_phase7_random_to40_2026-08-20,animal-cycle-random-7x7_g103_vs_g102.jsonl,animal-cycle-random-7x7,animal-cycle,random-start,7x7,tf:102,tf:103,false,p2,accepted,,656402724,656404693208199,27
tf_policy_elo_616bc2f2_phase7_random_to40_2026-08-20,animal-cycle-random-7x7_g103_vs_g97.jsonl,animal-cycle-random-7x7,animal-cycle,random-start,7x7,tf:103,tf:97,true,p1,accepted,,656397724,656399693193172,0
tf_policy_elo_616bc2f2_phase7_random_to40_2026-08-20,animal-cycle-random-7x7_g103_vs_g97.jsonl,animal-cycle-random-7x7,animal-cycle,random-start,7x7,tf:97,tf:103,false,p2,accepted,,656397724,656399693193173,1
tf_policy_elo_616bc2f2_phase7_random_to40_2026-08-20,animal-cycle-random-7x7_g103_vs_g97.jsonl,animal-cycle-random-7x7,animal-cycle,random-start,7x7,tf:103,tf:97,true,p1,accepted,,656397724,656399693193174,2
tf_policy_elo_616bc2f2_phase7_random_to40_2026-08-20,animal-cycle-random-7x7_g103_vs_g97.jsonl,animal-cycle-random-7x7,animal-cycle,random-start,7x7,tf:97,tf:103,false,p2,accepted,,656397724,656399693193175,3
tf_policy_elo_616bc2f2_phase7_random_to40_2026-08-20,animal-cycle-random-7x7_g103_vs_g97.jsonl,animal-cycle-random-7x7,animal-cycle,random-start,7x7,tf:103,tf:97,true,p2,accepted,,656397724,656399693193176,4
tf_policy_elo_616bc2f2_phase7_random_to40_2026-08-20,animal-cycle-random-7x7_g103_vs_g97.jsonl,animal-cycle-random-7x7,animal-cycle,random-start,7x7,tf:97,tf:103,false,p1,accepted,,656397724,656399693193177,5
tf_policy_elo_616bc2f2_phase7_random_to40_2026-08-20,animal-cycle-random-7x7_g103_vs_g97.jsonl,animal-cycle-random-7x7,animal-cycle,random-start,7x7,tf:103,tf:97,true,p1,accepted,,656397724,656399693193178,6
tf_policy_elo_616bc2f2_phase7_random_to40_2026-08-20,animal-cycle-random-7x7_g103_vs_g97.jsonl,animal-cycle-random-7x7,animal-cycle,random-start,7x7,tf:97,tf:103,false,p2,accepted,,656397724,656399693193179,7
tf_policy_elo_616bc2f2_phase7_random_to40_2026-08-20,animal-cycle-random-7x7_g103_vs_g97.jsonl,animal-cycle-random-7x7,animal-cycle,random-start,7x7,tf:103,tf:97,true,p1,accepted,,656397724,656399693193180,8
tf_policy_elo_616bc2f2_phase7_random_to40_2026-08-20,animal-cycle-random-7x7_g103_vs_g97.jsonl,animal-cycle-random-7x7,animal-cycle,random-start,7x7,tf:97,tf:103,false,p2,accepted,,656397724,656399693193181,9
tf_policy_elo_616bc2f2_phase7_random_to40_2026-08-20,animal-cycle-random-7x7_g103_vs_g97.jsonl,animal-cycle-random-7x7,animal-cycle,random-start,7x7,tf:103,tf:97,true,p1,accepted,,656397724,656399693193182,10
tf_policy_elo_616bc2f2_phase7_random_to40_2026-08-20,animal-cycle-random-7x7_g103_vs_g97.jsonl,animal-cycle-random-7x7,animal-cycle,random-start,7x7,tf:97,tf:103,false,p2,accepted,,656397724,656399693193183,11
tf_policy_elo_616bc2f2_phase7_random_to40_2026-08-20,animal-cycle-random-7x7_g103_vs_g97.jsonl,animal-cycle-random-7x7,animal-cycle,random-start,7x7,tf:103,tf:97,true,p1,accepted,,656397724,656399693193184,12
tf_policy_elo_616bc2f2_phase7_random_to40_2026-08-20,animal-cycle-random-7x7_g103_vs_g97.jsonl,animal-cycle-random-7x7,animal-cycle,random-start,7x7,tf:97,tf:103,false,p1,accepted,,656397724,656399693193185,13
tf_policy_elo_616bc2f2_phase7_random_to40_2026-08-20,animal-cycle-random-7x7_g103_vs_g97.jsonl,animal-cycle-random-7x7,animal-cycle,random-start,7x7,tf:103,tf:97,true,p2,accepted,,656397724,656399693193186,14
tf_policy_elo_616bc2f2_phase7_random_to40_2026-08-20,animal-cycle-random-7x7_g103_vs_g97.jsonl,animal-cycle-random-7x7,animal-cycle,random-start,7x7,tf:97,tf:103,false,p2,accepted,,656397724,656399693193187,15
tf_policy_elo_616bc2f2_phase7_random_to40_2026-08-20,animal-cycle-random-7x7_g103_vs_g97.jsonl,animal-cycle-random-7x7,animal-cycle,random-start,7x7,tf:103,tf:97,true,p1,accepted,,656397724,656399693193188,16
tf_policy_elo_616bc2f2_phase7_random_to40_2026-08-20,animal-cycle-random-7x7_g103_vs_g97.jsonl,animal-cycle-random-7x7,animal-cycle,random-start,7x7,tf:97,tf:103,false,p2,accepted,,656397724,656399693193189,17
tf_policy_elo_616bc2f2_phase7_random_to40_2026-08-20,animal-cycle-random-7x7_g103_vs_g97.jsonl,animal-cycle-random-7x7,animal-cycle,random-start,7x7,tf:103,tf:97,true,p1,accepted,,656397724,656399693193190,18
tf_policy_elo_616bc2f2_phase7_random_to40_2026-08-20,animal-cycle-random-7x7_g103_vs_g97.jsonl,animal-cycle-random-7x7,animal-cycle,random-start,7x7,tf:97,tf:103,false,p2,accepted,,656397724,656399693193191,19
tf_policy_elo_616bc2f2_phase7_random_to40_2026-08-20,animal-cycle-random-7x7_g103_vs_g97.jsonl,animal-cycle-random-7x7,animal-cycle,random-start,7x7,tf:103,tf:97,true,p2,accepted,,656397724,656399693193192,20
tf_policy_elo_616bc2f2_phase7_random_to40_2026-08-20,animal-cycle-random-7x7_g103_vs_g97.jsonl,animal-cycle-random-7x7,animal-cycle,random-start,7x7,tf:97,tf:103,false,p2,accepted,,656397724,656399693193193,21
tf_policy_elo_616bc2f2_phase7_random_to40_2026-08-20,animal-cycle-random-7x7_g103_vs_g97.jsonl,animal-cycle-random-7x7,animal-cycle,random-start,7x7,tf:103,tf:97,true,p1,accepted,,656397724,656399693193194,22
tf_policy_elo_616bc2f2_phase7_random_to40_2026-08-20,animal-cycle-random-7x7_g103_vs_g97.jsonl,animal-cycle-random-7x7,animal-cycle,random-start,7x7,tf:97,tf:103,false,p2,accepted,,656397724,656399693193195,23
tf_policy_elo_616bc2f2_phase7_random_to40_2026-08-20,animal-cycle-random-7x7_g103_vs_g97.jsonl,animal-cycle-random-7x7,animal-cycle,random-start,7x7,tf:103,tf:97,true,p1,accepted,,656397724,656399693193196,24
tf_policy_elo_616bc2f2_phase7_random_to40_2026-08-20,animal-cycle-random-7x7_g103_vs_g97.jsonl,animal-cycle-random-7x7,animal-cycle,random-start,7x7,tf:97,tf:103,false,p2,accepted,,656397724,656399693193197,25
tf_policy_elo_616bc2f2_phase7_random_to40_2026-08-20,animal-cycle-random-7x7_g103_vs_g97.jsonl,animal-cycle-random-7x7,animal-cycle,random-start,7x7,tf:103,tf:97,true,p1,accepted,,656397724,656399693193198,26
tf_policy_elo_616bc2f2_phase7_random_to40_2026-08-20,animal-cycle-random-7x7_g103_vs_g97.jsonl,animal-cycle-random-7x7,animal-cycle,random-start,7x7,tf:97,tf:103,false,p2,accepted,,656397724,656399693193199,27
tf_policy_elo_616bc2f2_phase7_random_to40_2026-08-20,animal-cycle-random-7x7_g104_vs_g101.jsonl,animal-cycle-random-7x7,animal-cycle,random-start,7x7,tf:104,tf:101,true,p1,accepted,,656501724,656503693505172,0
tf_policy_elo_616bc2f2_phase7_random_to40_2026-08-20,animal-cycle-random-7x7_g104_vs_g101.jsonl,animal-cycle-random-7x7,animal-cycle,random-start,7x7,tf:101,tf:104,false,p2,accepted,,656501724,656503693505173,1
tf_policy_elo_616bc2f2_phase7_random_to40_2026-08-20,animal-cycle-random-7x7_g104_vs_g101.jsonl,animal-cycle-random-7x7,animal-cycle,random-start,7x7,tf:104,tf:101,true,p1,accepted,,656501724,656503693505174,2
tf_policy_elo_616bc2f2_phase7_random_to40_2026-08-20,animal-cycle-random-7x7_g104_vs_g101.jsonl,animal-cycle-random-7x7,animal-cycle,random-start,7x7,tf:101,tf:104,false,p2,accepted,,656501724,656503693505175,3
tf_policy_elo_616bc2f2_phase7_random_to40_2026-08-20,animal-cycle-random-7x7_g104_vs_g101.jsonl,animal-cycle-random-7x7,animal-cycle,random-start,7x7,tf:104,tf:101,true,p2,accepted,,656501724,656503693505176,4
tf_policy_elo_616bc2f2_phase7_random_to40_2026-08-20,animal-cycle-random-7x7_g104_vs_g101.jsonl,animal-cycle-random-7x7,animal-cycle,random-start,7x7,tf:101,tf:104,false,p2,accepted,,656501724,656503693505177,5
tf_policy_elo_616bc2f2_phase7_random_to40_2026-08-20,animal-cycle-random-7x7_g104_vs_g101.jsonl,animal-cycle-random-7x7,animal-cycle,random-start,7x7,tf:104,tf:101,true,p2,accepted,,656501724,656503693505178,6
tf_policy_elo_616bc2f2_phase7_random_to40_2026-08-20,animal-cycle-random-7x7_g104_vs_g101.jsonl,animal-cycle-random-7x7,animal-cycle,random-start,7x7,tf:101,tf:104,false,p1,accepted,,656501724,656503693505179,7
tf_policy_elo_616bc2f2_phase7_random_to40_2026-08-20,animal-cycle-random-7x7_g104_vs_g101.jsonl,animal-cycle-random-7x7,animal-cycle,random-start,7x7,tf:104,tf:101,true,p1,accepted,,656501724,656503693505180,8
tf_policy_elo_616bc2f2_phase7_random_to40_2026-08-20,animal-cycle-random-7x7_g104_vs_g101.jsonl,animal-cycle-random-7x7,animal-cycle,random-start,7x7,tf:101,tf:104,false,p1,accepted,,656501724,656503693505181,9
tf_policy_elo_616bc2f2_phase7_random_to40_2026-08-20,animal-cycle-random-7x7_g104_vs_g101.jsonl,animal-cycle-random-7x7,animal-cycle,random-start,7x7,tf:104,tf:101,true,p1,accepted,,656501724,656503693505182,10
tf_policy_elo_616bc2f2_phase7_random_to40_2026-08-20,animal-cycle-random-7x7_g104_vs_g101.jsonl,animal-cycle-random-7x7,animal-cycle,random-start,7x7,tf:101,tf:104,false,p2,accepted,,656501724,656503693505183,11
tf_policy_elo_616bc2f2_phase7_random_to40_2026-08-20,animal-cycle-random-7x7_g104_vs_g101.jsonl,animal-cycle-random-7x7,animal-cycle,random-start,7x7,tf:104,tf:101,true,p2,accepted,,656501724,656503693505184,12
tf_policy_elo_616bc2f2_phase7_random_to40_2026-08-20,animal-cycle-random-7x7_g104_vs_g101.jsonl,animal-cycle-random-7x7,animal-cycle,random-start,7x7,tf:101,tf:104,false,p2,accepted,,656501724,656503693505185,13
tf_policy_elo_616bc2f2_phase7_random_to40_2026-08-20,animal-cycle-random-7x7_g104_vs_g101.jsonl,animal-cycle-random-7x7,animal-cycle,random-start,7x7,tf:104,tf:101,true,p2,accepted,,656501724,656503693505186,14
tf_policy_elo_616bc2f2_phase7_random_to40_2026-08-20,animal-cycle-random-7x7_g104_vs_g101.jsonl,animal-cycle-random-7x7,animal-cycle,random-start,7x7,tf:101,tf:104,false,p2,accepted,,656501724,656503693505187,15
tf_policy_elo_616bc2f2_phase7_random_to40_2026-08-20,animal-cycle-random-7x7_g104_vs_g101.jsonl,animal-cycle-random-7x7,animal-cycle,random-start,7x7,tf:104,tf:101,true,p2,accepted,,656501724,656503693505188,16
tf_policy_elo_616bc2f2_phase7_random_to40_2026-08-20,animal-cycle-random-7x7_g104_vs_g101.jsonl,animal-cycle-random-7x7,animal-cycle,random-start,7x7,tf:101,tf:104,false,p1,accepted,,656501724,656503693505189,17
tf_policy_elo_616bc2f2_phase7_random_to40_2026-08-20,animal-cycle-random-7x7_g104_vs_g101.jsonl,animal-cycle-random-7x7,animal-cycle,random-start,7x7,tf:104,tf:101,true,p1,accepted,,656501724,656503693505190,18
tf_policy_elo_616bc2f2_phase7_random_to40_2026-08-20,animal-cycle-random-7x7_g104_vs_g101.jsonl,animal-cycle-random-7x7,animal-cycle,random-start,7x7,tf:101,tf:104,false,p2,accepted,,656501724,656503693505191,19
tf_policy_elo_616bc2f2_phase7_random_to40_2026-08-20,animal-cycle-random-7x7_g104_vs_g101.jsonl,animal-cycle-random-7x7,animal-cycle,random-start,7x7,tf:104,tf:101,true,p2,accepted,,656501724,656503693505192,20
tf_policy_elo_616bc2f2_phase7_random_to40_2026-08-20,animal-cycle-random-7x7_g104_vs_g101.jsonl,animal-cycle-random-7x7,animal-cycle,random-start,7x7,tf:101,tf:104,false,p2,accepted,,656501724,656503693505193,21
tf_policy_elo_616bc2f2_phase7_random_to40_2026-08-20,animal-cycle-random-7x7_g104_vs_g101.jsonl,animal-cycle-random-7x7,animal-cycle,random-start,7x7,tf:104,tf:101,true,p2,accepted,,656501724,656503693505194,22
tf_policy_elo_616bc2f2_phase7_random_to40_2026-08-20,animal-cycle-random-7x7_g104_vs_g101.jsonl,animal-cycle-random-7x7,animal-cycle,random-start,7x7,tf:101,tf:104,false,p1,accepted,,656501724,656503693505195,23
tf_policy_elo_616bc2f2_phase7_random_to40_2026-08-20,animal-cycle-random-7x7_g104_vs_g101.jsonl,animal-cycle-random-7x7,animal-cycle,random-start,7x7,tf:104,tf:101,true,p1,accepted,,656501724,656503693505196,24
tf_policy_elo_616bc2f2_phase7_random_to40_2026-08-20,animal-cycle-random-7x7_g104_vs_g101.jsonl,animal-cycle-random-7x7,animal-cycle,random-start,7x7,tf:101,tf:104,false,p2,accepted,,656501724,656503693505197,25
tf_policy_elo_616bc2f2_phase7_random_to40_2026-08-20,animal-cycle-random-7x7_g104_vs_g101.jsonl,animal-cycle-random-7x7,animal-cycle,random-start,7x7,tf:104,tf:101,true,p2,accepted,,656501724,656503693505198,26
tf_policy_elo_616bc2f2_phase7_random_to40_2026-08-20,animal-cycle-random-7x7_g104_vs_g101.jsonl,animal-cycle-random-7x7,animal-cycle,random-start,7x7,tf:101,tf:104,false,p2,accepted,,656501724,656503693505199,27
tf_policy_elo_616bc2f2_phase7_random_to40_2026-08-20,animal-cycle-random-7x7_g104_vs_g103.jsonl,animal-cycle-random-7x7,animal-cycle,random-start,7x7,tf:104,tf:103,true,p2,accepted,,656503724,656505693511172,0
tf_policy_elo_616bc2f2_phase7_random_to40_2026-08-20,animal-cycle-random-7x7_g104_vs_g103.jsonl,animal-cycle-random-7x7,animal-cycle,random-start,7x7,tf:103,tf:104,false,p1,accepted,,656503724,656505693511173,1
tf_policy_elo_616bc2f2_phase7_random_to40_2026-08-20,animal-cycle-random-7x7_g104_vs_g103.jsonl,animal-cycle-random-7x7,animal-cycle,random-start,7x7,tf:104,tf:103,true,p2,accepted,,656503724,656505693511174,2
tf_policy_elo_616bc2f2_phase7_random_to40_2026-08-20,animal-cycle-random-7x7_g104_vs_g103.jsonl,animal-cycle-random-7x7,animal-cycle,random-start,7x7,tf:103,tf:104,false,p1,accepted,,656503724,656505693511175,3
tf_policy_elo_616bc2f2_phase7_random_to40_2026-08-20,animal-cycle-random-7x7_g104_vs_g103.jsonl,animal-cycle-random-7x7,animal-cycle,random-start,7x7,tf:104,tf:103,true,p1,accepted,,656503724,656505693511176,4
tf_policy_elo_616bc2f2_phase7_random_to40_2026-08-20,animal-cycle-random-7x7_g104_vs_g103.jsonl,animal-cycle-random-7x7,animal-cycle,random-start,7x7,tf:103,tf:104,false,p1,accepted,,656503724,656505693511177,5
tf_policy_elo_616bc2f2_phase7_random_to40_2026-08-20,animal-cycle-random-7x7_g104_vs_g103.jsonl,animal-cycle-random-7x7,animal-cycle,random-start,7x7,tf:104,tf:103,true,p2,accepted,,656503724,656505693511178,6
tf_policy_elo_616bc2f2_phase7_random_to40_2026-08-20,animal-cycle-random-7x7_g104_vs_g103.jsonl,animal-cycle-random-7x7,animal-cycle,random-start,7x7,tf:103,tf:104,false,p1,accepted,,656503724,656505693511179,7
tf_policy_elo_616bc2f2_phase7_random_to40_2026-08-20,animal-cycle-random-7x7_g104_vs_g103.jsonl,animal-cycle-random-7x7,animal-cycle,random-start,7x7,tf:104,tf:103,true,p1,accepted,,656503724,656505693511180,8
tf_policy_elo_616bc2f2_phase7_random_to40_2026-08-20,animal-cycle-random-7x7_g104_vs_g103.jsonl,animal-cycle-random-7x7,animal-cycle,random-start,7x7,tf:103,tf:104,false,p2,accepted,,656503724,656505693511181,9
tf_policy_elo_616bc2f2_phase7_random_to40_2026-08-20,animal-cycle-random-7x7_g104_vs_g103.jsonl,animal-cycle-random-7x7,animal-cycle,random-start,7x7,tf:104,tf:103,true,p2,accepted,,656503724,656505693511182,10
tf_policy_elo_616bc2f2_phase7_random_to40_2026-08-20,animal-cycle-random-7x7_g104_vs_g103.jsonl,animal-cycle-random-7x7,animal-cycle,random-start,7x7,tf:103,tf:104,false,p2,accepted,,656503724,656505693511183,11
tf_policy_elo_616bc2f2_phase7_random_to40_2026-08-20,animal-cycle-random-7x7_g104_vs_g103.jsonl,animal-cycle-random-7x7,animal-cycle,random-start,7x7,tf:104,tf:103,true,p2,accepted,,656503724,656505693511184,12
tf_policy_elo_616bc2f2_phase7_random_to40_2026-08-20,animal-cycle-random-7x7_g104_vs_g103.jsonl,animal-cycle-random-7x7,animal-cycle,random-start,7x7,tf:103,tf:104,false,p2,accepted,,656503724,656505693511185,13
tf_policy_elo_616bc2f2_phase7_random_to40_2026-08-20,animal-cycle-random-7x7_g104_vs_g103.jsonl,animal-cycle-random-7x7,animal-cycle,random-start,7x7,tf:104,tf:103,true,p2,accepted,,656503724,656505693511186,14
tf_policy_elo_616bc2f2_phase7_random_to40_2026-08-20,animal-cycle-random-7x7_g104_vs_g103.jsonl,animal-cycle-random-7x7,animal-cycle,random-start,7x7,tf:103,tf:104,false,p1,accepted,,656503724,656505693511187,15
tf_policy_elo_616bc2f2_phase7_random_to40_2026-08-20,animal-cycle-random-7x7_g104_vs_g103.jsonl,animal-cycle-random-7x7,animal-cycle,random-start,7x7,tf:104,tf:103,true,p2,accepted,,656503724,656505693511188,16
tf_policy_elo_616bc2f2_phase7_random_to40_2026-08-20,animal-cycle-random-7x7_g104_vs_g103.jsonl,animal-cycle-random-7x7,animal-cycle,random-start,7x7,tf:103,tf:104,false,p2,accepted,,656503724,656505693511189,17
tf_policy_elo_616bc2f2_phase7_random_to40_2026-08-20,animal-cycle-random-7x7_g104_vs_g103.jsonl,animal-cycle-random-7x7,animal-cycle,random-start,7x7,tf:104,tf:103,true,p1,accepted,,656503724,656505693511190,18
tf_policy_elo_616bc2f2_phase7_random_to40_2026-08-20,animal-cycle-random-7x7_g104_vs_g103.jsonl,animal-cycle-random-7x7,animal-cycle,random-start,7x7,tf:103,tf:104,false,p1,accepted,,656503724,656505693511191,19
tf_policy_elo_616bc2f2_phase7_random_to40_2026-08-20,animal-cycle-random-7x7_g104_vs_g103.jsonl,animal-cycle-random-7x7,animal-cycle,random-start,7x7,tf:104,tf:103,true,p1,accepted,,656503724,656505693511192,20
tf_policy_elo_616bc2f2_phase7_random_to40_2026-08-20,animal-cycle-random-7x7_g104_vs_g103.jsonl,animal-cycle-random-7x7,animal-cycle,random-start,7x7,tf:103,tf:104,false,p2,accepted,,656503724,656505693511193,21
tf_policy_elo_616bc2f2_phase7_random_to40_2026-08-20,animal-cycle-random-7x7_g104_vs_g103.jsonl,animal-cycle-random-7x7,animal-cycle,random-start,7x7,tf:104,tf:103,true,p1,accepted,,656503724,656505693511194,22
tf_policy_elo_616bc2f2_phase7_random_to40_2026-08-20,animal-cycle-random-7x7_g104_vs_g103.jsonl,animal-cycle-random-7x7,animal-cycle,random-start,7x7,tf:103,tf:104,false,p2,accepted,,656503724,656505693511195,23
tf_policy_elo_616bc2f2_phase7_random_to40_2026-08-20,animal-cycle-random-7x7_g104_vs_g103.jsonl,animal-cycle-random-7x7,animal-cycle,random-start,7x7,tf:104,tf:103,true,p2,accepted,,656503724,656505693511196,24
tf_policy_elo_616bc2f2_phase7_random_to40_2026-08-20,animal-cycle-random-7x7_g104_vs_g103.jsonl,animal-cycle-random-7x7,animal-cycle,random-start,7x7,tf:103,tf:104,false,p2,accepted,,656503724,656505693511197,25
tf_policy_elo_616bc2f2_phase7_random_to40_2026-08-20,animal-cycle-random-7x7_g104_vs_g103.jsonl,animal-cycle-random-7x7,animal-cycle,random-start,7x7,tf:104,tf:103,true,p2,accepted,,656503724,656505693511198,26
tf_policy_elo_616bc2f2_phase7_random_to40_2026-08-20,animal-cycle-random-7x7_g104_vs_g103.jsonl,animal-cycle-random-7x7,animal-cycle,random-start,7x7,tf:103,tf:104,false,p2,accepted,,656503724,656505693511199,27
tf_policy_elo_616bc2f2_phase7_random_to40_2026-08-20,animal-cycle-random-7x7_g104_vs_g98.jsonl,animal-cycle-random-7x7,animal-cycle,random-start,7x7,tf:104,tf:98,true,p1,accepted,,656498724,656500693496172,0
tf_policy_elo_616bc2f2_phase7_random_to40_2026-08-20,animal-cycle-random-7x7_g104_vs_g98.jsonl,animal-cycle-random-7x7,animal-cycle,random-start,7x7,tf:98,tf:104,false,p1,accepted,,656498724,656500693496173,1
tf_policy_elo_616bc2f2_phase7_random_to40_2026-08-20,animal-cycle-random-7x7_g104_vs_g98.jsonl,animal-cycle-random-7x7,animal-cycle,random-start,7x7,tf:104,tf:98,true,p2,accepted,,656498724,656500693496174,2
tf_policy_elo_616bc2f2_phase7_random_to40_2026-08-20,animal-cycle-random-7x7_g104_vs_g98.jsonl,animal-cycle-random-7x7,animal-cycle,random-start,7x7,tf:98,tf:104,false,p2,accepted,,656498724,656500693496175,3
tf_policy_elo_616bc2f2_phase7_random_to40_2026-08-20,animal-cycle-random-7x7_g104_vs_g98.jsonl,animal-cycle-random-7x7,animal-cycle,random-start,7x7,tf:104,tf:98,true,p2,accepted,,656498724,656500693496176,4
tf_policy_elo_616bc2f2_phase7_random_to40_2026-08-20,animal-cycle-random-7x7_g104_vs_g98.jsonl,animal-cycle-random-7x7,animal-cycle,random-start,7x7,tf:98,tf:104,false,p2,accepted,,656498724,656500693496177,5
tf_policy_elo_616bc2f2_phase7_random_to40_2026-08-20,animal-cycle-random-7x7_g104_vs_g98.jsonl,animal-cycle-random-7x7,animal-cycle,random-start,7x7,tf:104,tf:98,true,p2,accepted,,656498724,656500693496178,6
tf_policy_elo_616bc2f2_phase7_random_to40_2026-08-20,animal-cycle-random-7x7_g104_vs_g98.jsonl,animal-cycle-random-7x7,animal-cycle,random-start,7x7,tf:98,tf:104,false,p2,accepted,,656498724,656500693496179,7
tf_policy_elo_616bc2f2_phase7_random_to40_2026-08-20,animal-cycle-random-7x7_g104_vs_g98.jsonl,animal-cycle-random-7x7,animal-cycle,random-start,7x7,tf:104,tf:98,true,p1,accepted,,656498724,656500693496180,8
tf_policy_elo_616bc2f2_phase7_random_to40_2026-08-20,animal-cycle-random-7x7_g104_vs_g98.jsonl,animal-cycle-random-7x7,animal-cycle,random-start,7x7,tf:98,tf:104,false,p2,accepted,,656498724,656500693496181,9
tf_policy_elo_616bc2f2_phase7_random_to40_2026-08-20,animal-cycle-random-7x7_g104_vs_g98.jsonl,animal-cycle-random-7x7,animal-cycle,random-start,7x7,tf:104,tf:98,true,p1,accepted,,656498724,656500693496182,10
tf_policy_elo_616bc2f2_phase7_random_to40_2026-08-20,animal-cycle-random-7x7_g104_vs_g98.jsonl,animal-cycle-random-7x7,animal-cycle,random-start,7x7,tf:98,tf:104,false,p2,accepted,,656498724,656500693496183,11
tf_policy_elo_616bc2f2_phase7_random_to40_2026-08-20,animal-cycle-random-7x7_g104_vs_g98.jsonl,animal-cycle-random-7x7,animal-cycle,random-start,7x7,tf:104,tf:98,true,p1,accepted,,656498724,656500693496184,12
tf_policy_elo_616bc2f2_phase7_random_to40_2026-08-20,animal-cycle-random-7x7_g104_vs_g98.jsonl,animal-cycle-random-7x7,animal-cycle,random-start,7x7,tf:98,tf:104,false,p2,accepted,,656498724,656500693496185,13
tf_policy_elo_616bc2f2_phase7_random_to40_2026-08-20,animal-cycle-random-7x7_g104_vs_g98.jsonl,animal-cycle-random-7x7,animal-cycle,random-start,7x7,tf:104,tf:98,true,p1,accepted,,656498724,656500693496186,14
tf_policy_elo_616bc2f2_phase7_random_to40_2026-08-20,animal-cycle-random-7x7_g104_vs_g98.jsonl,animal-cycle-random-7x7,animal-cycle,random-start,7x7,tf:98,tf:104,false,p2,accepted,,656498724,656500693496187,15
tf_policy_elo_616bc2f2_phase7_random_to40_2026-08-20,animal-cycle-random-7x7_g104_vs_g98.jsonl,animal-cycle-random-7x7,animal-cycle,random-start,7x7,tf:104,tf:98,true,p2,accepted,,656498724,656500693496188,16
tf_policy_elo_616bc2f2_phase7_random_to40_2026-08-20,animal-cycle-random-7x7_g104_vs_g98.jsonl,animal-cycle-random-7x7,animal-cycle,random-start,7x7,tf:98,tf:104,false,p2,accepted,,656498724,656500693496189,17
tf_policy_elo_616bc2f2_phase7_random_to40_2026-08-20,animal-cycle-random-7x7_g104_vs_g98.jsonl,animal-cycle-random-7x7,animal-cycle,random-start,7x7,tf:104,tf:98,true,p1,accepted,,656498724,656500693496190,18
tf_policy_elo_616bc2f2_phase7_random_to40_2026-08-20,animal-cycle-random-7x7_g104_vs_g98.jsonl,animal-cycle-random-7x7,animal-cycle,random-start,7x7,tf:98,tf:104,false,p1,accepted,,656498724,656500693496191,19
tf_policy_elo_616bc2f2_phase7_random_to40_2026-08-20,animal-cycle-random-7x7_g104_vs_g98.jsonl,animal-cycle-random-7x7,animal-cycle,random-start,7x7,tf:104,tf:98,true,p2,accepted,,656498724,656500693496192,20
tf_policy_elo_616bc2f2_phase7_random_to40_2026-08-20,animal-cycle-random-7x7_g104_vs_g98.jsonl,animal-cycle-random-7x7,animal-cycle,random-start,7x7,tf:98,tf:104,false,p2,accepted,,656498724,656500693496193,21
tf_policy_elo_616bc2f2_phase7_random_to40_2026-08-20,animal-cycle-random-7x7_g104_vs_g98.jsonl,animal-cycle-random-7x7,animal-cycle,random-start,7x7,tf:104,tf:98,true,p1,accepted,,656498724,656500693496194,22
tf_policy_elo_616bc2f2_phase7_random_to40_2026-08-20,animal-cycle-random-7x7_g104_vs_g98.jsonl,animal-cycle-random-7x7,animal-cycle,random-start,7x7,tf:98,tf:104,false,p1,accepted,,656498724,656500693496195,23
tf_policy_elo_616bc2f2_phase7_random_to40_2026-08-20,animal-cycle-random-7x7_g104_vs_g98.jsonl,animal-cycle-random-7x7,animal-cycle,random-start,7x7,tf:104,tf:98,true,p1,accepted,,656498724,656500693496196,24
tf_policy_elo_616bc2f2_phase7_random_to40_2026-08-20,animal-cycle-random-7x7_g104_vs_g98.jsonl,animal-cycle-random-7x7,animal-cycle,random-start,7x7,tf:98,tf:104,false,p1,accepted,,656498724,656500693496197,25
tf_policy_elo_616bc2f2_phase7_random_to40_2026-08-20,animal-cycle-random-7x7_g104_vs_g98.jsonl,animal-cycle-random-7x7,animal-cycle,random-start,7x7,tf:104,tf:98,true,p2,accepted,,656498724,656500693496198,26
tf_policy_elo_616bc2f2_phase7_random_to40_2026-08-20,animal-cycle-random-7x7_g104_vs_g98.jsonl,animal-cycle-random-7x7,animal-cycle,random-start,7x7,tf:98,tf:104,false,p2,accepted,,656498724,656500693496199,27
tf_policy_elo_616bc2f2_phase7_random_to40_2026-08-20,animal-cycle-random-7x7_g105_vs_g102.jsonl,animal-cycle-random-7x7,animal-cycle,random-start,7x7,tf:105,tf:102,true,p2,accepted,,656602724,656604693808172,0
tf_policy_elo_616bc2f2_phase7_random_to40_2026-08-20,animal-cycle-random-7x7_g105_vs_g102.jsonl,animal-cycle-random-7x7,animal-cycle,random-start,7x7,tf:102,tf:105,false,p2,accepted,,656602724,656604693808173,1
tf_policy_elo_616bc2f2_phase7_random_to40_2026-08-20,animal-cycle-random-7x7_g105_vs_g102.jsonl,animal-cycle-random-7x7,animal-cycle,random-start,7x7,tf:105,tf:102,true,p2,accepted,,656602724,656604693808174,2
tf_policy_elo_616bc2f2_phase7_random_to40_2026-08-20,animal-cycle-random-7x7_g105_vs_g102.jsonl,animal-cycle-random-7x7,animal-cycle,random-start,7x7,tf:102,tf:105,false,p2,accepted,,656602724,656604693808175,3
tf_policy_elo_616bc2f2_phase7_random_to40_2026-08-20,animal-cycle-random-7x7_g105_vs_g102.jsonl,animal-cycle-random-7x7,animal-cycle,random-start,7x7,tf:105,tf:102,true,p1,accepted,,656602724,656604693808176,4
tf_policy_elo_616bc2f2_phase7_random_to40_2026-08-20,animal-cycle-random-7x7_g105_vs_g102.jsonl,animal-cycle-random-7x7,animal-cycle,random-start,7x7,tf:102,tf:105,false,p1,accepted,,656602724,656604693808177,5
tf_policy_elo_616bc2f2_phase7_random_to40_2026-08-20,animal-cycle-random-7x7_g105_vs_g102.jsonl,animal-cycle-random-7x7,animal-cycle,random-start,7x7,tf:105,tf:102,true,p2,accepted,,656602724,656604693808178,6
tf_policy_elo_616bc2f2_phase7_random_to40_2026-08-20,animal-cycle-random-7x7_g105_vs_g102.jsonl,animal-cycle-random-7x7,animal-cycle,random-start,7x7,tf:102,tf:105,false,p1,accepted,,656602724,656604693808179,7
tf_policy_elo_616bc2f2_phase7_random_to40_2026-08-20,animal-cycle-random-7x7_g105_vs_g102.jsonl,animal-cycle-random-7x7,animal-cycle,random-start,7x7,tf:105,tf:102,true,p2,accepted,,656602724,656604693808180,8
tf_policy_elo_616bc2f2_phase7_random_to40_2026-08-20,animal-cycle-random-7x7_g105_vs_g102.jsonl,animal-cycle-random-7x7,animal-cycle,random-start,7x7,tf:102,tf:105,false,p2,accepted,,656602724,656604693808181,9
tf_policy_elo_616bc2f2_phase7_random_to40_2026-08-20,animal-cycle-random-7x7_g105_vs_g102.jsonl,animal-cycle-random-7x7,animal-cycle,random-start,7x7,tf:105,tf:102,true,p1,accepted,,656602724,656604693808182,10
tf_policy_elo_616bc2f2_phase7_random_to40_2026-08-20,animal-cycle-random-7x7_g105_vs_g102.jsonl,animal-cycle-random-7x7,animal-cycle,random-start,7x7,tf:102,tf:105,false,p2,accepted,,656602724,656604693808183,11
tf_policy_elo_616bc2f2_phase7_random_to40_2026-08-20,animal-cycle-random-7x7_g105_vs_g102.jsonl,animal-cycle-random-7x7,animal-cycle,random-start,7x7,tf:105,tf:102,true,p2,accepted,,656602724,656604693808184,12
tf_policy_elo_616bc2f2_phase7_random_to40_2026-08-20,animal-cycle-random-7x7_g105_vs_g102.jsonl,animal-cycle-random-7x7,animal-cycle,random-start,7x7,tf:102,tf:105,false,p1,accepted,,656602724,656604693808185,13
tf_policy_elo_616bc2f2_phase7_random_to40_2026-08-20,animal-cycle-random-7x7_g105_vs_g102.jsonl,animal-cycle-random-7x7,animal-cycle,random-start,7x7,tf:105,tf:102,true,p1,accepted,,656602724,656604693808186,14
tf_policy_elo_616bc2f2_phase7_random_to40_2026-08-20,animal-cycle-random-7x7_g105_vs_g102.jsonl,animal-cycle-random-7x7,animal-cycle,random-start,7x7,tf:102,tf:105,false,p1,accepted,,656602724,656604693808187,15
tf_policy_elo_616bc2f2_phase7_random_to40_2026-08-20,animal-cycle-random-7x7_g105_vs_g102.jsonl,animal-cycle-random-7x7,animal-cycle,random-start,7x7,tf:105,tf:102,true,p1,accepted,,656602724,656604693808188,16
tf_policy_elo_616bc2f2_phase7_random_to40_2026-08-20,animal-cycle-random-7x7_g105_vs_g102.jsonl,animal-cycle-random-7x7,animal-cycle,random-start,7x7,tf:102,tf:105,false,p1,accepted,,656602724,656604693808189,17
tf_policy_elo_616bc2f2_phase7_random_to40_2026-08-20,animal-cycle-random-7x7_g105_vs_g102.jsonl,animal-cycle-random-7x7,animal-cycle,random-start,7x7,tf:105,tf:102,true,p2,accepted,,656602724,656604693808190,18
tf_policy_elo_616bc2f2_phase7_random_to40_2026-08-20,animal-cycle-random-7x7_g105_vs_g102.jsonl,animal-cycle-random-7x7,animal-cycle,random-start,7x7,tf:102,tf:105,false,p1,accepted,,656602724,656604693808191,19
tf_policy_elo_616bc2f2_phase7_random_to40_2026-08-20,animal-cycle-random-7x7_g105_vs_g102.jsonl,animal-cycle-random-7x7,animal-cycle,random-start,7x7,tf:105,tf:102,true,p1,accepted,,656602724,656604693808192,20
tf_policy_elo_616bc2f2_phase7_random_to40_2026-08-20,animal-cycle-random-7x7_g105_vs_g102.jsonl,animal-cycle-random-7x7,animal-cycle,random-start,7x7,tf:102,tf:105,false,p2,accepted,,656602724,656604693808193,21
tf_policy_elo_616bc2f2_phase7_random_to40_2026-08-20,animal-cycle-random-7x7_g105_vs_g102.jsonl,animal-cycle-random-7x7,animal-cycle,random-start,7x7,tf:105,tf:102,true,p2,accepted,,656602724,656604693808194,22
tf_policy_elo_616bc2f2_phase7_random_to40_2026-08-20,animal-cycle-random-7x7_g105_vs_g102.jsonl,animal-cycle-random-7x7,animal-cycle,random-start,7x7,tf:102,tf:105,false,p2,accepted,,656602724,656604693808195,23
tf_policy_elo_616bc2f2_phase7_random_to40_2026-08-20,animal-cycle-random-7x7_g105_vs_g102.jsonl,animal-cycle-random-7x7,animal-cycle,random-start,7x7,tf:105,tf:102,true,p2,accepted,,656602724,656604693808196,24
tf_policy_elo_616bc2f2_phase7_random_to40_2026-08-20,animal-cycle-random-7x7_g105_vs_g102.jsonl,animal-cycle-random-7x7,animal-cycle,random-start,7x7,tf:102,tf:105,false,p2,accepted,,656602724,656604693808197,25
tf_policy_elo_616bc2f2_phase7_random_to40_2026-08-20,animal-cycle-random-7x7_g105_vs_g102.jsonl,animal-cycle-random-7x7,animal-cycle,random-start,7x7,tf:105,tf:102,true,p2,accepted,,656602724,656604693808198,26
tf_policy_elo_616bc2f2_phase7_random_to40_2026-08-20,animal-cycle-random-7x7_g105_vs_g102.jsonl,animal-cycle-random-7x7,animal-cycle,random-start,7x7,tf:102,tf:105,false,p1,accepted,,656602724,656604693808199,27
tf_policy_elo_616bc2f2_phase7_random_to40_2026-08-20,animal-cycle-random-7x7_g105_vs_g104.jsonl,animal-cycle-random-7x7,animal-cycle,random-start,7x7,tf:105,tf:104,true,p1,accepted,,656604724,656606693814172,0
tf_policy_elo_616bc2f2_phase7_random_to40_2026-08-20,animal-cycle-random-7x7_g105_vs_g104.jsonl,animal-cycle-random-7x7,animal-cycle,random-start,7x7,tf:104,tf:105,false,p2,accepted,,656604724,656606693814173,1
tf_policy_elo_616bc2f2_phase7_random_to40_2026-08-20,animal-cycle-random-7x7_g105_vs_g104.jsonl,animal-cycle-random-7x7,animal-cycle,random-start,7x7,tf:105,tf:104,true,p2,accepted,,656604724,656606693814174,2
tf_policy_elo_616bc2f2_phase7_random_to40_2026-08-20,animal-cycle-random-7x7_g105_vs_g104.jsonl,animal-cycle-random-7x7,animal-cycle,random-start,7x7,tf:104,tf:105,false,p1,accepted,,656604724,656606693814175,3
tf_policy_elo_616bc2f2_phase7_random_to40_2026-08-20,animal-cycle-random-7x7_g105_vs_g104.jsonl,animal-cycle-random-7x7,animal-cycle,random-start,7x7,tf:105,tf:104,true,p2,accepted,,656604724,656606693814176,4
tf_policy_elo_616bc2f2_phase7_random_to40_2026-08-20,animal-cycle-random-7x7_g105_vs_g104.jsonl,animal-cycle-random-7x7,animal-cycle,random-start,7x7,tf:104,tf:105,false,p2,accepted,,656604724,656606693814177,5
tf_policy_elo_616bc2f2_phase7_random_to40_2026-08-20,animal-cycle-random-7x7_g105_vs_g104.jsonl,animal-cycle-random-7x7,animal-cycle,random-start,7x7,tf:105,tf:104,true,p2,accepted,,656604724,656606693814178,6
tf_policy_elo_616bc2f2_phase7_random_to40_2026-08-20,animal-cycle-random-7x7_g105_vs_g104.jsonl,animal-cycle-random-7x7,animal-cycle,random-start,7x7,tf:104,tf:105,false,p1,accepted,,656604724,656606693814179,7
tf_policy_elo_616bc2f2_phase7_random_to40_2026-08-20,animal-cycle-random-7x7_g105_vs_g104.jsonl,animal-cycle-random-7x7,animal-cycle,random-start,7x7,tf:105,tf:104,true,p1,accepted,,656604724,656606693814180,8
tf_policy_elo_616bc2f2_phase7_random_to40_2026-08-20,animal-cycle-random-7x7_g105_vs_g104.jsonl,animal-cycle-random-7x7,animal-cycle,random-start,7x7,tf:104,tf:105,false,p1,accepted,,656604724,656606693814181,9
tf_policy_elo_616bc2f2_phase7_random_to40_2026-08-20,animal-cycle-random-7x7_g105_vs_g104.jsonl,animal-cycle-random-7x7,animal-cycle,random-start,7x7,tf:105,tf:104,true,p2,accepted,,656604724,656606693814182,10
tf_policy_elo_616bc2f2_phase7_random_to40_2026-08-20,animal-cycle-random-7x7_g105_vs_g104.jsonl,animal-cycle-random-7x7,animal-cycle,random-start,7x7,tf:104,tf:105,false,p1,accepted,,656604724,656606693814183,11
tf_policy_elo_616bc2f2_phase7_random_to40_2026-08-20,animal-cycle-random-7x7_g105_vs_g104.jsonl,animal-cycle-random-7x7,animal-cycle,random-start,7x7,tf:105,tf:104,true,p2,accepted,,656604724,656606693814184,12
tf_policy_elo_616bc2f2_phase7_random_to40_2026-08-20,animal-cycle-random-7x7_g105_vs_g104.jsonl,animal-cycle-random-7x7,animal-cycle,random-start,7x7,tf:104,tf:105,false,p1,accepted,,656604724,656606693814185,13
tf_policy_elo_616bc2f2_phase7_random_to40_2026-08-20,animal-cycle-random-7x7_g105_vs_g104.jsonl,animal-cycle-random-7x7,animal-cycle,random-start,7x7,tf:105,tf:104,true,p2,accepted,,656604724,656606693814186,14
tf_policy_elo_616bc2f2_phase7_random_to40_2026-08-20,animal-cycle-random-7x7_g105_vs_g104.jsonl,animal-cycle-random-7x7,animal-cycle,random-start,7x7,tf:104,tf:105,false,p2,accepted,,656604724,656606693814187,15
tf_policy_elo_616bc2f2_phase7_random_to40_2026-08-20,animal-cycle-random-7x7_g105_vs_g104.jsonl,animal-cycle-random-7x7,animal-cycle,random-start,7x7,tf:105,tf:104,true,p1,accepted,,656604724,656606693814188,16
tf_policy_elo_616bc2f2_phase7_random_to40_2026-08-20,animal-cycle-random-7x7_g105_vs_g104.jsonl,animal-cycle-random-7x7,animal-cycle,random-start,7x7,tf:104,tf:105,false,p2,accepted,,656604724,656606693814189,17
tf_policy_elo_616bc2f2_phase7_random_to40_2026-08-20,animal-cycle-random-7x7_g105_vs_g104.jsonl,animal-cycle-random-7x7,animal-cycle,random-start,7x7,tf:105,tf:104,true,p2,accepted,,656604724,656606693814190,18
tf_policy_elo_616bc2f2_phase7_random_to40_2026-08-20,animal-cycle-random-7x7_g105_vs_g104.jsonl,animal-cycle-random-7x7,animal-cycle,random-start,7x7,tf:104,tf:105,false,p1,accepted,,656604724,656606693814191,19
tf_policy_elo_616bc2f2_phase7_random_to40_2026-08-20,animal-cycle-random-7x7_g105_vs_g104.jsonl,animal-cycle-random-7x7,animal-cycle,random-start,7x7,tf:105,tf:104,true,p2,accepted,,656604724,656606693814192,20
tf_policy_elo_616bc2f2_phase7_random_to40_2026-08-20,animal-cycle-random-7x7_g105_vs_g104.jsonl,animal-cycle-random-7x7,animal-cycle,random-start,7x7,tf:104,tf:105,false,p2,accepted,,656604724,656606693814193,21
tf_policy_elo_616bc2f2_phase7_random_to40_2026-08-20,animal-cycle-random-7x7_g105_vs_g104.jsonl,animal-cycle-random-7x7,animal-cycle,random-start,7x7,tf:105,tf:104,true,p1,accepted,,656604724,656606693814194,22
tf_policy_elo_616bc2f2_phase7_random_to40_2026-08-20,animal-cycle-random-7x7_g105_vs_g104.jsonl,animal-cycle-random-7x7,animal-cycle,random-start,7x7,tf:104,tf:105,false,p1,accepted,,656604724,656606693814195,23
tf_policy_elo_616bc2f2_phase7_random_to40_2026-08-20,animal-cycle-random-7x7_g105_vs_g104.jsonl,animal-cycle-random-7x7,animal-cycle,random-start,7x7,tf:105,tf:104,true,p1,accepted,,656604724,656606693814196,24
tf_policy_elo_616bc2f2_phase7_random_to40_2026-08-20,animal-cycle-random-7x7_g105_vs_g104.jsonl,animal-cycle-random-7x7,animal-cycle,random-start,7x7,tf:104,tf:105,false,p2,accepted,,656604724,656606693814197,25
tf_policy_elo_616bc2f2_phase7_random_to40_2026-08-20,animal-cycle-random-7x7_g105_vs_g104.jsonl,animal-cycle-random-7x7,animal-cycle,random-start,7x7,tf:105,tf:104,true,p2,accepted,,656604724,656606693814198,26
tf_policy_elo_616bc2f2_phase7_random_to40_2026-08-20,animal-cycle-random-7x7_g105_vs_g104.jsonl,animal-cycle-random-7x7,animal-cycle,random-start,7x7,tf:104,tf:105,false,p2,accepted,,656604724,656606693814199,27
tf_policy_elo_616bc2f2_phase7_random_to40_2026-08-20,animal-cycle-random-7x7_g105_vs_g99.jsonl,animal-cycle-random-7x7,animal-cycle,random-start,7x7,tf:105,tf:99,true,p2,accepted,,656599724,656601693799172,0
tf_policy_elo_616bc2f2_phase7_random_to40_2026-08-20,animal-cycle-random-7x7_g105_vs_g99.jsonl,animal-cycle-random-7x7,animal-cycle,random-start,7x7,tf:99,tf:105,false,p2,accepted,,656599724,656601693799173,1
tf_policy_elo_616bc2f2_phase7_random_to40_2026-08-20,animal-cycle-random-7x7_g105_vs_g99.jsonl,animal-cycle-random-7x7,animal-cycle,random-start,7x7,tf:105,tf:99,true,p1,accepted,,656599724,656601693799174,2
tf_policy_elo_616bc2f2_phase7_random_to40_2026-08-20,animal-cycle-random-7x7_g105_vs_g99.jsonl,animal-cycle-random-7x7,animal-cycle,random-start,7x7,tf:99,tf:105,false,p2,accepted,,656599724,656601693799175,3
tf_policy_elo_616bc2f2_phase7_random_to40_2026-08-20,animal-cycle-random-7x7_g105_vs_g99.jsonl,animal-cycle-random-7x7,animal-cycle,random-start,7x7,tf:105,tf:99,true,p2,accepted,,656599724,656601693799176,4
tf_policy_elo_616bc2f2_phase7_random_to40_2026-08-20,animal-cycle-random-7x7_g105_vs_g99.jsonl,animal-cycle-random-7x7,animal-cycle,random-start,7x7,tf:99,tf:105,false,p1,accepted,,656599724,656601693799177,5
tf_policy_elo_616bc2f2_phase7_random_to40_2026-08-20,animal-cycle-random-7x7_g105_vs_g99.jsonl,animal-cycle-random-7x7,animal-cycle,random-start,7x7,tf:105,tf:99,true,p2,accepted,,656599724,656601693799178,6
tf_policy_elo_616bc2f2_phase7_random_to40_2026-08-20,animal-cycle-random-7x7_g105_vs_g99.jsonl,animal-cycle-random-7x7,animal-cycle,random-start,7x7,tf:99,tf:105,false,p1,accepted,,656599724,656601693799179,7
tf_policy_elo_616bc2f2_phase7_random_to40_2026-08-20,animal-cycle-random-7x7_g105_vs_g99.jsonl,animal-cycle-random-7x7,animal-cycle,random-start,7x7,tf:105,tf:99,true,p1,accepted,,656599724,656601693799180,8
tf_policy_elo_616bc2f2_phase7_random_to40_2026-08-20,animal-cycle-random-7x7_g105_vs_g99.jsonl,animal-cycle-random-7x7,animal-cycle,random-start,7x7,tf:99,tf:105,false,p2,accepted,,656599724,656601693799181,9
tf_policy_elo_616bc2f2_phase7_random_to40_2026-08-20,animal-cycle-random-7x7_g105_vs_g99.jsonl,animal-cycle-random-7x7,animal-cycle,random-start,7x7,tf:105,tf:99,true,p2,accepted,,656599724,656601693799182,10
tf_policy_elo_616bc2f2_phase7_random_to40_2026-08-20,animal-cycle-random-7x7_g105_vs_g99.jsonl,animal-cycle-random-7x7,animal-cycle,random-start,7x7,tf:99,tf:105,false,p1,accepted,,656599724,656601693799183,11
tf_policy_elo_616bc2f2_phase7_random_to40_2026-08-20,animal-cycle-random-7x7_g105_vs_g99.jsonl,animal-cycle-random-7x7,animal-cycle,random-start,7x7,tf:105,tf:99,true,p2,accepted,,656599724,656601693799184,12
tf_policy_elo_616bc2f2_phase7_random_to40_2026-08-20,animal-cycle-random-7x7_g105_vs_g99.jsonl,animal-cycle-random-7x7,animal-cycle,random-start,7x7,tf:99,tf:105,false,p2,accepted,,656599724,656601693799185,13
tf_policy_elo_616bc2f2_phase7_random_to40_2026-08-20,animal-cycle-random-7x7_g105_vs_g99.jsonl,animal-cycle-random-7x7,animal-cycle,random-start,7x7,tf:105,tf:99,true,p1,accepted,,656599724,656601693799186,14
tf_policy_elo_616bc2f2_phase7_random_to40_2026-08-20,animal-cycle-random-7x7_g105_vs_g99.jsonl,animal-cycle-random-7x7,animal-cycle,random-start,7x7,tf:99,tf:105,false,p1,accepted,,656599724,656601693799187,15
tf_policy_elo_616bc2f2_phase7_random_to40_2026-08-20,animal-cycle-random-7x7_g105_vs_g99.jsonl,animal-cycle-random-7x7,animal-cycle,random-start,7x7,tf:105,tf:99,true,p2,accepted,,656599724,656601693799188,16
tf_policy_elo_616bc2f2_phase7_random_to40_2026-08-20,animal-cycle-random-7x7_g105_vs_g99.jsonl,animal-cycle-random-7x7,animal-cycle,random-start,7x7,tf:99,tf:105,false,p2,accepted,,656599724,656601693799189,17
tf_policy_elo_616bc2f2_phase7_random_to40_2026-08-20,animal-cycle-random-7x7_g105_vs_g99.jsonl,animal-cycle-random-7x7,animal-cycle,random-start,7x7,tf:105,tf:99,true,p1,accepted,,656599724,656601693799190,18
tf_policy_elo_616bc2f2_phase7_random_to40_2026-08-20,animal-cycle-random-7x7_g105_vs_g99.jsonl,animal-cycle-random-7x7,animal-cycle,random-start,7x7,tf:99,tf:105,false,p2,accepted,,656599724,656601693799191,19
tf_policy_elo_616bc2f2_phase7_random_to40_2026-08-20,animal-cycle-random-7x7_g105_vs_g99.jsonl,animal-cycle-random-7x7,animal-cycle,random-start,7x7,tf:105,tf:99,true,p1,accepted,,656599724,656601693799192,20
tf_policy_elo_616bc2f2_phase7_random_to40_2026-08-20,animal-cycle-random-7x7_g105_vs_g99.jsonl,animal-cycle-random-7x7,animal-cycle,random-start,7x7,tf:99,tf:105,false,p2,accepted,,656599724,656601693799193,21
tf_policy_elo_616bc2f2_phase7_random_to40_2026-08-20,animal-cycle-random-7x7_g105_vs_g99.jsonl,animal-cycle-random-7x7,animal-cycle,random-start,7x7,tf:105,tf:99,true,p1,accepted,,656599724,656601693799194,22
tf_policy_elo_616bc2f2_phase7_random_to40_2026-08-20,animal-cycle-random-7x7_g105_vs_g99.jsonl,animal-cycle-random-7x7,animal-cycle,random-start,7x7,tf:99,tf:105,false,p1,accepted,,656599724,656601693799195,23
tf_policy_elo_616bc2f2_phase7_random_to40_2026-08-20,animal-cycle-random-7x7_g105_vs_g99.jsonl,animal-cycle-random-7x7,animal-cycle,random-start,7x7,tf:105,tf:99,true,p1,accepted,,656599724,656601693799196,24
tf_policy_elo_616bc2f2_phase7_random_to40_2026-08-20,animal-cycle-random-7x7_g105_vs_g99.jsonl,animal-cycle-random-7x7,animal-cycle,random-start,7x7,tf:99,tf:105,false,p2,accepted,,656599724,656601693799197,25
tf_policy_elo_616bc2f2_phase7_random_to40_2026-08-20,animal-cycle-random-7x7_g105_vs_g99.jsonl,animal-cycle-random-7x7,animal-cycle,random-start,7x7,tf:105,tf:99,true,p2,accepted,,656599724,656601693799198,26
tf_policy_elo_616bc2f2_phase7_random_to40_2026-08-20,animal-cycle-random-7x7_g105_vs_g99.jsonl,animal-cycle-random-7x7,animal-cycle,random-start,7x7,tf:99,tf:105,false,p1,accepted,,656599724,656601693799199,27
tf_policy_elo_616bc2f2_phase7_random_to40_2026-08-20,animal-cycle-random-7x7_g106_vs_g100.jsonl,animal-cycle-random-7x7,animal-cycle,random-start,7x7,tf:106,tf:100,true,p1,accepted,,656700724,656702694102172,0
tf_policy_elo_616bc2f2_phase7_random_to40_2026-08-20,animal-cycle-random-7x7_g106_vs_g100.jsonl,animal-cycle-random-7x7,animal-cycle,random-start,7x7,tf:100,tf:106,false,p2,accepted,,656700724,656702694102173,1
tf_policy_elo_616bc2f2_phase7_random_to40_2026-08-20,animal-cycle-random-7x7_g106_vs_g100.jsonl,animal-cycle-random-7x7,animal-cycle,random-start,7x7,tf:106,tf:100,true,p2,accepted,,656700724,656702694102174,2
tf_policy_elo_616bc2f2_phase7_random_to40_2026-08-20,animal-cycle-random-7x7_g106_vs_g100.jsonl,animal-cycle-random-7x7,animal-cycle,random-start,7x7,tf:100,tf:106,false,p2,accepted,,656700724,656702694102175,3
tf_policy_elo_616bc2f2_phase7_random_to40_2026-08-20,animal-cycle-random-7x7_g106_vs_g100.jsonl,animal-cycle-random-7x7,animal-cycle,random-start,7x7,tf:106,tf:100,true,p1,accepted,,656700724,656702694102176,4
tf_policy_elo_616bc2f2_phase7_random_to40_2026-08-20,animal-cycle-random-7x7_g106_vs_g100.jsonl,animal-cycle-random-7x7,animal-cycle,random-start,7x7,tf:100,tf:106,false,p1,accepted,,656700724,656702694102177,5
tf_policy_elo_616bc2f2_phase7_random_to40_2026-08-20,animal-cycle-random-7x7_g106_vs_g100.jsonl,animal-cycle-random-7x7,animal-cycle,random-start,7x7,tf:106,tf:100,true,p2,accepted,,656700724,656702694102178,6
tf_policy_elo_616bc2f2_phase7_random_to40_2026-08-20,animal-cycle-random-7x7_g106_vs_g100.jsonl,animal-cycle-random-7x7,animal-cycle,random-start,7x7,tf:100,tf:106,false,p2,accepted,,656700724,656702694102179,7
tf_policy_elo_616bc2f2_phase7_random_to40_2026-08-20,animal-cycle-random-7x7_g106_vs_g100.jsonl,animal-cycle-random-7x7,animal-cycle,random-start,7x7,tf:106,tf:100,true,p1,accepted,,656700724,656702694102180,8
tf_policy_elo_616bc2f2_phase7_random_to40_2026-08-20,animal-cycle-random-7x7_g106_vs_g100.jsonl,animal-cycle-random-7x7,animal-cycle,random-start,7x7,tf:100,tf:106,false,p2,accepted,,656700724,656702694102181,9
tf_policy_elo_616bc2f2_phase7_random_to40_2026-08-20,animal-cycle-random-7x7_g106_vs_g100.jsonl,animal-cycle-random-7x7,animal-cycle,random-start,7x7,tf:106,tf:100,true,p1,accepted,,656700724,656702694102182,10
tf_policy_elo_616bc2f2_phase7_random_to40_2026-08-20,animal-cycle-random-7x7_g106_vs_g100.jsonl,animal-cycle-random-7x7,animal-cycle,random-start,7x7,tf:100,tf:106,false,p1,accepted,,656700724,656702694102183,11
tf_policy_elo_616bc2f2_phase7_random_to40_2026-08-20,animal-cycle-random-7x7_g106_vs_g100.jsonl,animal-cycle-random-7x7,animal-cycle,random-start,7x7,tf:106,tf:100,true,p2,accepted,,656700724,656702694102184,12
tf_policy_elo_616bc2f2_phase7_random_to40_2026-08-20,animal-cycle-random-7x7_g106_vs_g100.jsonl,animal-cycle-random-7x7,animal-cycle,random-start,7x7,tf:100,tf:106,false,p2,accepted,,656700724,656702694102185,13
tf_policy_elo_616bc2f2_phase7_random_to40_2026-08-20,animal-cycle-random-7x7_g106_vs_g100.jsonl,animal-cycle-random-7x7,animal-cycle,random-start,7x7,tf:106,tf:100,true,p2,accepted,,656700724,656702694102186,14
tf_policy_elo_616bc2f2_phase7_random_to40_2026-08-20,animal-cycle-random-7x7_g106_vs_g100.jsonl,animal-cycle-random-7x7,animal-cycle,random-start,7x7,tf:100,tf:106,false,p1,accepted,,656700724,656702694102187,15
tf_policy_elo_616bc2f2_phase7_random_to40_2026-08-20,animal-cycle-random-7x7_g106_vs_g100.jsonl,animal-cycle-random-7x7,animal-cycle,random-start,7x7,tf:106,tf:100,true,p1,accepted,,656700724,656702694102188,16
tf_policy_elo_616bc2f2_phase7_random_to40_2026-08-20,animal-cycle-random-7x7_g106_vs_g100.jsonl,animal-cycle-random-7x7,animal-cycle,random-start,7x7,tf:100,tf:106,false,p2,accepted,,656700724,656702694102189,17
tf_policy_elo_616bc2f2_phase7_random_to40_2026-08-20,animal-cycle-random-7x7_g106_vs_g100.jsonl,animal-cycle-random-7x7,animal-cycle,random-start,7x7,tf:106,tf:100,true,p1,accepted,,656700724,656702694102190,18
tf_policy_elo_616bc2f2_phase7_random_to40_2026-08-20,animal-cycle-random-7x7_g106_vs_g100.jsonl,animal-cycle-random-7x7,animal-cycle,random-start,7x7,tf:100,tf:106,false,p2,accepted,,656700724,656702694102191,19
tf_policy_elo_616bc2f2_phase7_random_to40_2026-08-20,animal-cycle-random-7x7_g106_vs_g100.jsonl,animal-cycle-random-7x7,animal-cycle,random-start,7x7,tf:106,tf:100,true,p2,accepted,,656700724,656702694102192,20
tf_policy_elo_616bc2f2_phase7_random_to40_2026-08-20,animal-cycle-random-7x7_g106_vs_g100.jsonl,animal-cycle-random-7x7,animal-cycle,random-start,7x7,tf:100,tf:106,false,p2,accepted,,656700724,656702694102193,21
tf_policy_elo_616bc2f2_phase7_random_to40_2026-08-20,animal-cycle-random-7x7_g106_vs_g100.jsonl,animal-cycle-random-7x7,animal-cycle,random-start,7x7,tf:106,tf:100,true,p2,accepted,,656700724,656702694102194,22
tf_policy_elo_616bc2f2_phase7_random_to40_2026-08-20,animal-cycle-random-7x7_g106_vs_g100.jsonl,animal-cycle-random-7x7,animal-cycle,random-start,7x7,tf:100,tf:106,false,p2,accepted,,656700724,656702694102195,23
tf_policy_elo_616bc2f2_phase7_random_to40_2026-08-20,animal-cycle-random-7x7_g106_vs_g100.jsonl,animal-cycle-random-7x7,animal-cycle,random-start,7x7,tf:106,tf:100,true,p1,accepted,,656700724,656702694102196,24
tf_policy_elo_616bc2f2_phase7_random_to40_2026-08-20,animal-cycle-random-7x7_g106_vs_g100.jsonl,animal-cycle-random-7x7,animal-cycle,random-start,7x7,tf:100,tf:106,false,p2,accepted,,656700724,656702694102197,25
tf_policy_elo_616bc2f2_phase7_random_to40_2026-08-20,animal-cycle-random-7x7_g106_vs_g100.jsonl,animal-cycle-random-7x7,animal-cycle,random-start,7x7,tf:106,tf:100,true,p1,accepted,,656700724,656702694102198,26
tf_policy_elo_616bc2f2_phase7_random_to40_2026-08-20,animal-cycle-random-7x7_g106_vs_g100.jsonl,animal-cycle-random-7x7,animal-cycle,random-start,7x7,tf:100,tf:106,false,p2,accepted,,656700724,656702694102199,27
tf_policy_elo_616bc2f2_phase7_random_to40_2026-08-20,animal-cycle-random-7x7_g106_vs_g103.jsonl,animal-cycle-random-7x7,animal-cycle,random-start,7x7,tf:106,tf:103,true,p2,accepted,,656703724,656705694111172,0
tf_policy_elo_616bc2f2_phase7_random_to40_2026-08-20,animal-cycle-random-7x7_g106_vs_g103.jsonl,animal-cycle-random-7x7,animal-cycle,random-start,7x7,tf:103,tf:106,false,p2,accepted,,656703724,656705694111173,1
tf_policy_elo_616bc2f2_phase7_random_to40_2026-08-20,animal-cycle-random-7x7_g106_vs_g103.jsonl,animal-cycle-random-7x7,animal-cycle,random-start,7x7,tf:106,tf:103,true,p1,accepted,,656703724,656705694111174,2
tf_policy_elo_616bc2f2_phase7_random_to40_2026-08-20,animal-cycle-random-7x7_g106_vs_g103.jsonl,animal-cycle-random-7x7,animal-cycle,random-start,7x7,tf:103,tf:106,false,p1,accepted,,656703724,656705694111175,3
tf_policy_elo_616bc2f2_phase7_random_to40_2026-08-20,animal-cycle-random-7x7_g106_vs_g103.jsonl,animal-cycle-random-7x7,animal-cycle,random-start,7x7,tf:106,tf:103,true,p2,accepted,,656703724,656705694111176,4
tf_policy_elo_616bc2f2_phase7_random_to40_2026-08-20,animal-cycle-random-7x7_g106_vs_g103.jsonl,animal-cycle-random-7x7,animal-cycle,random-start,7x7,tf:103,tf:106,false,p1,accepted,,656703724,656705694111177,5
tf_policy_elo_616bc2f2_phase7_random_to40_2026-08-20,animal-cycle-random-7x7_g106_vs_g103.jsonl,animal-cycle-random-7x7,animal-cycle,random-start,7x7,tf:106,tf:103,true,p1,accepted,,656703724,656705694111178,6
tf_policy_elo_616bc2f2_phase7_random_to40_2026-08-20,animal-cycle-random-7x7_g106_vs_g103.jsonl,animal-cycle-random-7x7,animal-cycle,random-start,7x7,tf:103,tf:106,false,p2,accepted,,656703724,656705694111179,7
tf_policy_elo_616bc2f2_phase7_random_to40_2026-08-20,animal-cycle-random-7x7_g106_vs_g103.jsonl,animal-cycle-random-7x7,animal-cycle,random-start,7x7,tf:106,tf:103,true,p2,accepted,,656703724,656705694111180,8
tf_policy_elo_616bc2f2_phase7_random_to40_2026-08-20,animal-cycle-random-7x7_g106_vs_g103.jsonl,animal-cycle-random-7x7,animal-cycle,random-start,7x7,tf:103,tf:106,false,p2,accepted,,656703724,656705694111181,9
tf_policy_elo_616bc2f2_phase7_random_to40_2026-08-20,animal-cycle-random-7x7_g106_vs_g103.jsonl,animal-cycle-random-7x7,animal-cycle,random-start,7x7,tf:106,tf:103,true,p2,accepted,,656703724,656705694111182,10
tf_policy_elo_616bc2f2_phase7_random_to40_2026-08-20,animal-cycle-random-7x7_g106_vs_g103.jsonl,animal-cycle-random-7x7,animal-cycle,random-start,7x7,tf:103,tf:106,false,p1,accepted,,656703724,656705694111183,11
tf_policy_elo_616bc2f2_phase7_random_to40_2026-08-20,animal-cycle-random-7x7_g106_vs_g103.jsonl,animal-cycle-random-7x7,animal-cycle,random-start,7x7,tf:106,tf:103,true,p2,accepted,,656703724,656705694111184,12
tf_policy_elo_616bc2f2_phase7_random_to40_2026-08-20,animal-cycle-random-7x7_g106_vs_g103.jsonl,animal-cycle-random-7x7,animal-cycle,random-start,7x7,tf:103,tf:106,false,p1,accepted,,656703724,656705694111185,13
tf_policy_elo_616bc2f2_phase7_random_to40_2026-08-20,animal-cycle-random-7x7_g106_vs_g103.jsonl,animal-cycle-random-7x7,animal-cycle,random-start,7x7,tf:106,tf:103,true,p1,accepted,,656703724,656705694111186,14
tf_policy_elo_616bc2f2_phase7_random_to40_2026-08-20,animal-cycle-random-7x7_g106_vs_g103.jsonl,animal-cycle-random-7x7,animal-cycle,random-start,7x7,tf:103,tf:106,false,p1,accepted,,656703724,656705694111187,15
tf_policy_elo_616bc2f2_phase7_random_to40_2026-08-20,animal-cycle-random-7x7_g106_vs_g103.jsonl,animal-cycle-random-7x7,animal-cycle,random-start,7x7,tf:106,tf:103,true,p1,accepted,,656703724,656705694111188,16
tf_policy_elo_616bc2f2_phase7_random_to40_2026-08-20,animal-cycle-random-7x7_g106_vs_g103.jsonl,animal-cycle-random-7x7,animal-cycle,random-start,7x7,tf:103,tf:106,false,p2,accepted,,656703724,656705694111189,17
tf_policy_elo_616bc2f2_phase7_random_to40_2026-08-20,animal-cycle-random-7x7_g106_vs_g103.jsonl,animal-cycle-random-7x7,animal-cycle,random-start,7x7,tf:106,tf:103,true,p2,accepted,,656703724,656705694111190,18
tf_policy_elo_616bc2f2_phase7_random_to40_2026-08-20,animal-cycle-random-7x7_g106_vs_g103.jsonl,animal-cycle-random-7x7,animal-cycle,random-start,7x7,tf:103,tf:106,false,p1,accepted,,656703724,656705694111191,19
tf_policy_elo_616bc2f2_phase7_random_to40_2026-08-20,animal-cycle-random-7x7_g106_vs_g103.jsonl,animal-cycle-random-7x7,animal-cycle,random-start,7x7,tf:106,tf:103,true,p2,accepted,,656703724,656705694111192,20
tf_policy_elo_616bc2f2_phase7_random_to40_2026-08-20,animal-cycle-random-7x7_g106_vs_g103.jsonl,animal-cycle-random-7x7,animal-cycle,random-start,7x7,tf:103,tf:106,false,p1,accepted,,656703724,656705694111193,21
tf_policy_elo_616bc2f2_phase7_random_to40_2026-08-20,animal-cycle-random-7x7_g106_vs_g103.jsonl,animal-cycle-random-7x7,animal-cycle,random-start,7x7,tf:106,tf:103,true,p1,accepted,,656703724,656705694111194,22
tf_policy_elo_616bc2f2_phase7_random_to40_2026-08-20,animal-cycle-random-7x7_g106_vs_g103.jsonl,animal-cycle-random-7x7,animal-cycle,random-start,7x7,tf:103,tf:106,false,p1,accepted,,656703724,656705694111195,23
tf_policy_elo_616bc2f2_phase7_random_to40_2026-08-20,animal-cycle-random-7x7_g106_vs_g103.jsonl,animal-cycle-random-7x7,animal-cycle,random-start,7x7,tf:106,tf:103,true,p1,accepted,,656703724,656705694111196,24
tf_policy_elo_616bc2f2_phase7_random_to40_2026-08-20,animal-cycle-random-7x7_g106_vs_g103.jsonl,animal-cycle-random-7x7,animal-cycle,random-start,7x7,tf:103,tf:106,false,p1,accepted,,656703724,656705694111197,25
tf_policy_elo_616bc2f2_phase7_random_to40_2026-08-20,animal-cycle-random-7x7_g106_vs_g103.jsonl,animal-cycle-random-7x7,animal-cycle,random-start,7x7,tf:106,tf:103,true,p1,accepted,,656703724,656705694111198,26
tf_policy_elo_616bc2f2_phase7_random_to40_2026-08-20,animal-cycle-random-7x7_g106_vs_g103.jsonl,animal-cycle-random-7x7,animal-cycle,random-start,7x7,tf:103,tf:106,false,p1,accepted,,656703724,656705694111199,27
tf_policy_elo_616bc2f2_phase7_random_to40_2026-08-20,animal-cycle-random-7x7_g106_vs_g105.jsonl,animal-cycle-random-7x7,animal-cycle,random-start,7x7,tf:106,tf:105,true,p2,accepted,,656705724,656707694117172,0
tf_policy_elo_616bc2f2_phase7_random_to40_2026-08-20,animal-cycle-random-7x7_g106_vs_g105.jsonl,animal-cycle-random-7x7,animal-cycle,random-start,7x7,tf:105,tf:106,false,p2,accepted,,656705724,656707694117173,1
tf_policy_elo_616bc2f2_phase7_random_to40_2026-08-20,animal-cycle-random-7x7_g106_vs_g105.jsonl,animal-cycle-random-7x7,animal-cycle,random-start,7x7,tf:106,tf:105,true,p2,accepted,,656705724,656707694117174,2
tf_policy_elo_616bc2f2_phase7_random_to40_2026-08-20,animal-cycle-random-7x7_g106_vs_g105.jsonl,animal-cycle-random-7x7,animal-cycle,random-start,7x7,tf:105,tf:106,false,p2,accepted,,656705724,656707694117175,3
tf_policy_elo_616bc2f2_phase7_random_to40_2026-08-20,animal-cycle-random-7x7_g106_vs_g105.jsonl,animal-cycle-random-7x7,animal-cycle,random-start,7x7,tf:106,tf:105,true,p2,accepted,,656705724,656707694117176,4
tf_policy_elo_616bc2f2_phase7_random_to40_2026-08-20,animal-cycle-random-7x7_g106_vs_g105.jsonl,animal-cycle-random-7x7,animal-cycle,random-start,7x7,tf:105,tf:106,false,p1,accepted,,656705724,656707694117177,5
tf_policy_elo_616bc2f2_phase7_random_to40_2026-08-20,animal-cycle-random-7x7_g106_vs_g105.jsonl,animal-cycle-random-7x7,animal-cycle,random-start,7x7,tf:106,tf:105,true,p1,accepted,,656705724,656707694117178,6
tf_policy_elo_616bc2f2_phase7_random_to40_2026-08-20,animal-cycle-random-7x7_g106_vs_g105.jsonl,animal-cycle-random-7x7,animal-cycle,random-start,7x7,tf:105,tf:106,false,p2,accepted,,656705724,656707694117179,7
tf_policy_elo_616bc2f2_phase7_random_to40_2026-08-20,animal-cycle-random-7x7_g106_vs_g105.jsonl,animal-cycle-random-7x7,animal-cycle,random-start,7x7,tf:106,tf:105,true,p2,accepted,,656705724,656707694117180,8
tf_policy_elo_616bc2f2_phase7_random_to40_2026-08-20,animal-cycle-random-7x7_g106_vs_g105.jsonl,animal-cycle-random-7x7,animal-cycle,random-start,7x7,tf:105,tf:106,false,p2,accepted,,656705724,656707694117181,9
tf_policy_elo_616bc2f2_phase7_random_to40_2026-08-20,animal-cycle-random-7x7_g106_vs_g105.jsonl,animal-cycle-random-7x7,animal-cycle,random-start,7x7,tf:106,tf:105,true,p1,accepted,,656705724,656707694117182,10
tf_policy_elo_616bc2f2_phase7_random_to40_2026-08-20,animal-cycle-random-7x7_g106_vs_g105.jsonl,animal-cycle-random-7x7,animal-cycle,random-start,7x7,tf:105,tf:106,false,p1,accepted,,656705724,656707694117183,11
tf_policy_elo_616bc2f2_phase7_random_to40_2026-08-20,animal-cycle-random-7x7_g106_vs_g105.jsonl,animal-cycle-random-7x7,animal-cycle,random-start,7x7,tf:106,tf:105,true,p1,accepted,,656705724,656707694117184,12
tf_policy_elo_616bc2f2_phase7_random_to40_2026-08-20,animal-cycle-random-7x7_g106_vs_g105.jsonl,animal-cycle-random-7x7,animal-cycle,random-start,7x7,tf:105,tf:106,false,p1,accepted,,656705724,656707694117185,13
tf_policy_elo_616bc2f2_phase7_random_to40_2026-08-20,animal-cycle-random-7x7_g106_vs_g105.jsonl,animal-cycle-random-7x7,animal-cycle,random-start,7x7,tf:106,tf:105,true,p2,accepted,,656705724,656707694117186,14
tf_policy_elo_616bc2f2_phase7_random_to40_2026-08-20,animal-cycle-random-7x7_g106_vs_g105.jsonl,animal-cycle-random-7x7,animal-cycle,random-start,7x7,tf:105,tf:106,false,p2,accepted,,656705724,656707694117187,15
tf_policy_elo_616bc2f2_phase7_random_to40_2026-08-20,animal-cycle-random-7x7_g106_vs_g105.jsonl,animal-cycle-random-7x7,animal-cycle,random-start,7x7,tf:106,tf:105,true,p2,accepted,,656705724,656707694117188,16
tf_policy_elo_616bc2f2_phase7_random_to40_2026-08-20,animal-cycle-random-7x7_g106_vs_g105.jsonl,animal-cycle-random-7x7,animal-cycle,random-start,7x7,tf:105,tf:106,false,p1,accepted,,656705724,656707694117189,17
tf_policy_elo_616bc2f2_phase7_random_to40_2026-08-20,animal-cycle-random-7x7_g106_vs_g105.jsonl,animal-cycle-random-7x7,animal-cycle,random-start,7x7,tf:106,tf:105,true,p1,accepted,,656705724,656707694117190,18
tf_policy_elo_616bc2f2_phase7_random_to40_2026-08-20,animal-cycle-random-7x7_g106_vs_g105.jsonl,animal-cycle-random-7x7,animal-cycle,random-start,7x7,tf:105,tf:106,false,p2,accepted,,656705724,656707694117191,19
tf_policy_elo_616bc2f2_phase7_random_to40_2026-08-20,animal-cycle-random-7x7_g106_vs_g105.jsonl,animal-cycle-random-7x7,animal-cycle,random-start,7x7,tf:106,tf:105,true,p1,accepted,,656705724,656707694117192,20
tf_policy_elo_616bc2f2_phase7_random_to40_2026-08-20,animal-cycle-random-7x7_g106_vs_g105.jsonl,animal-cycle-random-7x7,animal-cycle,random-start,7x7,tf:105,tf:106,false,p2,accepted,,656705724,656707694117193,21
tf_policy_elo_616bc2f2_phase7_random_to40_2026-08-20,animal-cycle-random-7x7_g106_vs_g105.jsonl,animal-cycle-random-7x7,animal-cycle,random-start,7x7,tf:106,tf:105,true,p2,accepted,,656705724,656707694117194,22
tf_policy_elo_616bc2f2_phase7_random_to40_2026-08-20,animal-cycle-random-7x7_g106_vs_g105.jsonl,animal-cycle-random-7x7,animal-cycle,random-start,7x7,tf:105,tf:106,false,p2,accepted,,656705724,656707694117195,23
tf_policy_elo_616bc2f2_phase7_random_to40_2026-08-20,animal-cycle-random-7x7_g106_vs_g105.jsonl,animal-cycle-random-7x7,animal-cycle,random-start,7x7,tf:106,tf:105,true,p1,accepted,,656705724,656707694117196,24
tf_policy_elo_616bc2f2_phase7_random_to40_2026-08-20,animal-cycle-random-7x7_g106_vs_g105.jsonl,animal-cycle-random-7x7,animal-cycle,random-start,7x7,tf:105,tf:106,false,p1,accepted,,656705724,656707694117197,25
tf_policy_elo_616bc2f2_phase7_random_to40_2026-08-20,animal-cycle-random-7x7_g106_vs_g105.jsonl,animal-cycle-random-7x7,animal-cycle,random-start,7x7,tf:106,tf:105,true,p2,accepted,,656705724,656707694117198,26
tf_policy_elo_616bc2f2_phase7_random_to40_2026-08-20,animal-cycle-random-7x7_g106_vs_g105.jsonl,animal-cycle-random-7x7,animal-cycle,random-start,7x7,tf:105,tf:106,false,p2,accepted,,656705724,656707694117199,27
tf_policy_elo_616bc2f2_phase7_random_to40_2026-08-20,animal-cycle-random-7x7_g107_vs_g101.jsonl,animal-cycle-random-7x7,animal-cycle,random-start,7x7,tf:107,tf:101,true,p2,accepted,,656801724,656803694405172,0
tf_policy_elo_616bc2f2_phase7_random_to40_2026-08-20,animal-cycle-random-7x7_g107_vs_g101.jsonl,animal-cycle-random-7x7,animal-cycle,random-start,7x7,tf:101,tf:107,false,p2,accepted,,656801724,656803694405173,1
tf_policy_elo_616bc2f2_phase7_random_to40_2026-08-20,animal-cycle-random-7x7_g107_vs_g101.jsonl,animal-cycle-random-7x7,animal-cycle,random-start,7x7,tf:107,tf:101,true,p2,accepted,,656801724,656803694405174,2
tf_policy_elo_616bc2f2_phase7_random_to40_2026-08-20,animal-cycle-random-7x7_g107_vs_g101.jsonl,animal-cycle-random-7x7,animal-cycle,random-start,7x7,tf:101,tf:107,false,p2,accepted,,656801724,656803694405175,3
tf_policy_elo_616bc2f2_phase7_random_to40_2026-08-20,animal-cycle-random-7x7_g107_vs_g101.jsonl,animal-cycle-random-7x7,animal-cycle,random-start,7x7,tf:107,tf:101,true,p2,accepted,,656801724,656803694405176,4
tf_policy_elo_616bc2f2_phase7_random_to40_2026-08-20,animal-cycle-random-7x7_g107_vs_g101.jsonl,animal-cycle-random-7x7,animal-cycle,random-start,7x7,tf:101,tf:107,false,p1,accepted,,656801724,656803694405177,5
tf_policy_elo_616bc2f2_phase7_random_to40_2026-08-20,animal-cycle-random-7x7_g107_vs_g101.jsonl,animal-cycle-random-7x7,animal-cycle,random-start,7x7,tf:107,tf:101,true,p2,accepted,,656801724,656803694405178,6
tf_policy_elo_616bc2f2_phase7_random_to40_2026-08-20,animal-cycle-random-7x7_g107_vs_g101.jsonl,animal-cycle-random-7x7,animal-cycle,random-start,7x7,tf:101,tf:107,false,p2,accepted,,656801724,656803694405179,7
tf_policy_elo_616bc2f2_phase7_random_to40_2026-08-20,animal-cycle-random-7x7_g107_vs_g101.jsonl,animal-cycle-random-7x7,animal-cycle,random-start,7x7,tf:107,tf:101,true,p1,accepted,,656801724,656803694405180,8
tf_policy_elo_616bc2f2_phase7_random_to40_2026-08-20,animal-cycle-random-7x7_g107_vs_g101.jsonl,animal-cycle-random-7x7,animal-cycle,random-start,7x7,tf:101,tf:107,false,p2,accepted,,656801724,656803694405181,9
tf_policy_elo_616bc2f2_phase7_random_to40_2026-08-20,animal-cycle-random-7x7_g107_vs_g101.jsonl,animal-cycle-random-7x7,animal-cycle,random-start,7x7,tf:107,tf:101,true,p2,accepted,,656801724,656803694405182,10
tf_policy_elo_616bc2f2_phase7_random_to40_2026-08-20,animal-cycle-random-7x7_g107_vs_g101.jsonl,animal-cycle-random-7x7,animal-cycle,random-start,7x7,tf:101,tf:107,false,p2,accepted,,656801724,656803694405183,11
tf_policy_elo_616bc2f2_phase7_random_to40_2026-08-20,animal-cycle-random-7x7_g107_vs_g101.jsonl,animal-cycle-random-7x7,animal-cycle,random-start,7x7,tf:107,tf:101,true,p1,accepted,,656801724,656803694405184,12
tf_policy_elo_616bc2f2_phase7_random_to40_2026-08-20,animal-cycle-random-7x7_g107_vs_g101.jsonl,animal-cycle-random-7x7,animal-cycle,random-start,7x7,tf:101,tf:107,false,p1,accepted,,656801724,656803694405185,13
tf_policy_elo_616bc2f2_phase7_random_to40_2026-08-20,animal-cycle-random-7x7_g107_vs_g101.jsonl,animal-cycle-random-7x7,animal-cycle,random-start,7x7,tf:107,tf:101,true,p2,accepted,,656801724,656803694405186,14
tf_policy_elo_616bc2f2_phase7_random_to40_2026-08-20,animal-cycle-random-7x7_g107_vs_g101.jsonl,animal-cycle-random-7x7,animal-cycle,random-start,7x7,tf:101,tf:107,false,p2,accepted,,656801724,656803694405187,15
tf_policy_elo_616bc2f2_phase7_random_to40_2026-08-20,animal-cycle-random-7x7_g107_vs_g101.jsonl,animal-cycle-random-7x7,animal-cycle,random-start,7x7,tf:107,tf:101,true,p2,accepted,,656801724,656803694405188,16
tf_policy_elo_616bc2f2_phase7_random_to40_2026-08-20,animal-cycle-random-7x7_g107_vs_g101.jsonl,animal-cycle-random-7x7,animal-cycle,random-start,7x7,tf:101,tf:107,false,p1,accepted,,656801724,656803694405189,17
tf_policy_elo_616bc2f2_phase7_random_to40_2026-08-20,animal-cycle-random-7x7_g107_vs_g101.jsonl,animal-cycle-random-7x7,animal-cycle,random-start,7x7,tf:107,tf:101,true,p1,accepted,,656801724,656803694405190,18
tf_policy_elo_616bc2f2_phase7_random_to40_2026-08-20,animal-cycle-random-7x7_g107_vs_g101.jsonl,animal-cycle-random-7x7,animal-cycle,random-start,7x7,tf:101,tf:107,false,p2,accepted,,656801724,656803694405191,19
tf_policy_elo_616bc2f2_phase7_random_to40_2026-08-20,animal-cycle-random-7x7_g107_vs_g101.jsonl,animal-cycle-random-7x7,animal-cycle,random-start,7x7,tf:107,tf:101,true,p2,accepted,,656801724,656803694405192,20
tf_policy_elo_616bc2f2_phase7_random_to40_2026-08-20,animal-cycle-random-7x7_g107_vs_g101.jsonl,animal-cycle-random-7x7,animal-cycle,random-start,7x7,tf:101,tf:107,false,p2,accepted,,656801724,656803694405193,21
tf_policy_elo_616bc2f2_phase7_random_to40_2026-08-20,animal-cycle-random-7x7_g107_vs_g101.jsonl,animal-cycle-random-7x7,animal-cycle,random-start,7x7,tf:107,tf:101,true,p1,accepted,,656801724,656803694405194,22
tf_policy_elo_616bc2f2_phase7_random_to40_2026-08-20,animal-cycle-random-7x7_g107_vs_g101.jsonl,animal-cycle-random-7x7,animal-cycle,random-start,7x7,tf:101,tf:107,false,p2,accepted,,656801724,656803694405195,23
tf_policy_elo_616bc2f2_phase7_random_to40_2026-08-20,animal-cycle-random-7x7_g107_vs_g101.jsonl,animal-cycle-random-7x7,animal-cycle,random-start,7x7,tf:107,tf:101,true,p1,accepted,,656801724,656803694405196,24
tf_policy_elo_616bc2f2_phase7_random_to40_2026-08-20,animal-cycle-random-7x7_g107_vs_g101.jsonl,animal-cycle-random-7x7,animal-cycle,random-start,7x7,tf:101,tf:107,false,p2,accepted,,656801724,656803694405197,25
tf_policy_elo_616bc2f2_phase7_random_to40_2026-08-20,animal-cycle-random-7x7_g107_vs_g101.jsonl,animal-cycle-random-7x7,animal-cycle,random-start,7x7,tf:107,tf:101,true,p1,accepted,,656801724,656803694405198,26
tf_policy_elo_616bc2f2_phase7_random_to40_2026-08-20,animal-cycle-random-7x7_g107_vs_g101.jsonl,animal-cycle-random-7x7,animal-cycle,random-start,7x7,tf:101,tf:107,false,p2,accepted,,656801724,656803694405199,27
tf_policy_elo_616bc2f2_phase7_random_to40_2026-08-20,animal-cycle-random-7x7_g107_vs_g104.jsonl,animal-cycle-random-7x7,animal-cycle,random-start,7x7,tf:107,tf:104,true,p1,accepted,,656804724,656806694414172,0
tf_policy_elo_616bc2f2_phase7_random_to40_2026-08-20,animal-cycle-random-7x7_g107_vs_g104.jsonl,animal-cycle-random-7x7,animal-cycle,random-start,7x7,tf:104,tf:107,false,p1,accepted,,656804724,656806694414173,1
tf_policy_elo_616bc2f2_phase7_random_to40_2026-08-20,animal-cycle-random-7x7_g107_vs_g104.jsonl,animal-cycle-random-7x7,animal-cycle,random-start,7x7,tf:107,tf:104,true,p1,accepted,,656804724,656806694414174,2
tf_policy_elo_616bc2f2_phase7_random_to40_2026-08-20,animal-cycle-random-7x7_g107_vs_g104.jsonl,animal-cycle-random-7x7,animal-cycle,random-start,7x7,tf:104,tf:107,false,p2,accepted,,656804724,656806694414175,3
tf_policy_elo_616bc2f2_phase7_random_to40_2026-08-20,animal-cycle-random-7x7_g107_vs_g104.jsonl,animal-cycle-random-7x7,animal-cycle,random-start,7x7,tf:107,tf:104,true,p1,accepted,,656804724,656806694414176,4
tf_policy_elo_616bc2f2_phase7_random_to40_2026-08-20,animal-cycle-random-7x7_g107_vs_g104.jsonl,animal-cycle-random-7x7,animal-cycle,random-start,7x7,tf:104,tf:107,false,p1,accepted,,656804724,656806694414177,5
tf_policy_elo_616bc2f2_phase7_random_to40_2026-08-20,animal-cycle-random-7x7_g107_vs_g104.jsonl,animal-cycle-random-7x7,animal-cycle,random-start,7x7,tf:107,tf:104,true,p2,accepted,,656804724,656806694414178,6
tf_policy_elo_616bc2f2_phase7_random_to40_2026-08-20,animal-cycle-random-7x7_g107_vs_g104.jsonl,animal-cycle-random-7x7,animal-cycle,random-start,7x7,tf:104,tf:107,false,p2,accepted,,656804724,656806694414179,7
tf_policy_elo_616bc2f2_phase7_random_to40_2026-08-20,animal-cycle-random-7x7_g107_vs_g104.jsonl,animal-cycle-random-7x7,animal-cycle,random-start,7x7,tf:107,tf:104,true,p2,accepted,,656804724,656806694414180,8
tf_policy_elo_616bc2f2_phase7_random_to40_2026-08-20,animal-cycle-random-7x7_g107_vs_g104.jsonl,animal-cycle-random-7x7,animal-cycle,random-start,7x7,tf:104,tf:107,false,p2,accepted,,656804724,656806694414181,9
tf_policy_elo_616bc2f2_phase7_random_to40_2026-08-20,animal-cycle-random-7x7_g107_vs_g104.jsonl,animal-cycle-random-7x7,animal-cycle,random-start,7x7,tf:107,tf:104,true,p1,accepted,,656804724,656806694414182,10
tf_policy_elo_616bc2f2_phase7_random_to40_2026-08-20,animal-cycle-random-7x7_g107_vs_g104.jsonl,animal-cycle-random-7x7,animal-cycle,random-start,7x7,tf:104,tf:107,false,p2,accepted,,656804724,656806694414183,11
tf_policy_elo_616bc2f2_phase7_random_to40_2026-08-20,animal-cycle-random-7x7_g107_vs_g104.jsonl,animal-cycle-random-7x7,animal-cycle,random-start,7x7,tf:107,tf:104,true,p1,accepted,,656804724,656806694414184,12
tf_policy_elo_616bc2f2_phase7_random_to40_2026-08-20,animal-cycle-random-7x7_g107_vs_g104.jsonl,animal-cycle-random-7x7,animal-cycle,random-start,7x7,tf:104,tf:107,false,p1,accepted,,656804724,656806694414185,13
tf_policy_elo_616bc2f2_phase7_random_to40_2026-08-20,animal-cycle-random-7x7_g107_vs_g104.jsonl,animal-cycle-random-7x7,animal-cycle,random-start,7x7,tf:107,tf:104,true,p1,accepted,,656804724,656806694414186,14
tf_policy_elo_616bc2f2_phase7_random_to40_2026-08-20,animal-cycle-random-7x7_g107_vs_g104.jsonl,animal-cycle-random-7x7,animal-cycle,random-start,7x7,tf:104,tf:107,false,p1,accepted,,656804724,656806694414187,15
tf_policy_elo_616bc2f2_phase7_random_to40_2026-08-20,animal-cycle-random-7x7_g107_vs_g104.jsonl,animal-cycle-random-7x7,animal-cycle,random-start,7x7,tf:107,tf:104,true,p2,accepted,,656804724,656806694414188,16
tf_policy_elo_616bc2f2_phase7_random_to40_2026-08-20,animal-cycle-random-7x7_g107_vs_g104.jsonl,animal-cycle-random-7x7,animal-cycle,random-start,7x7,tf:104,tf:107,false,p1,accepted,,656804724,656806694414189,17
tf_policy_elo_616bc2f2_phase7_random_to40_2026-08-20,animal-cycle-random-7x7_g107_vs_g104.jsonl,animal-cycle-random-7x7,animal-cycle,random-start,7x7,tf:107,tf:104,true,p1,accepted,,656804724,656806694414190,18
tf_policy_elo_616bc2f2_phase7_random_to40_2026-08-20,animal-cycle-random-7x7_g107_vs_g104.jsonl,animal-cycle-random-7x7,animal-cycle,random-start,7x7,tf:104,tf:107,false,p2,accepted,,656804724,656806694414191,19
tf_policy_elo_616bc2f2_phase7_random_to40_2026-08-20,animal-cycle-random-7x7_g107_vs_g104.jsonl,animal-cycle-random-7x7,animal-cycle,random-start,7x7,tf:107,tf:104,true,p1,accepted,,656804724,656806694414192,20
tf_policy_elo_616bc2f2_phase7_random_to40_2026-08-20,animal-cycle-random-7x7_g107_vs_g104.jsonl,animal-cycle-random-7x7,animal-cycle,random-start,7x7,tf:104,tf:107,false,p1,accepted,,656804724,656806694414193,21
tf_policy_elo_616bc2f2_phase7_random_to40_2026-08-20,animal-cycle-random-7x7_g107_vs_g104.jsonl,animal-cycle-random-7x7,animal-cycle,random-start,7x7,tf:107,tf:104,true,p2,accepted,,656804724,656806694414194,22
tf_policy_elo_616bc2f2_phase7_random_to40_2026-08-20,animal-cycle-random-7x7_g107_vs_g104.jsonl,animal-cycle-random-7x7,animal-cycle,random-start,7x7,tf:104,tf:107,false,p1,accepted,,656804724,656806694414195,23
tf_policy_elo_616bc2f2_phase7_random_to40_2026-08-20,animal-cycle-random-7x7_g107_vs_g104.jsonl,animal-cycle-random-7x7,animal-cycle,random-start,7x7,tf:107,tf:104,true,p1,accepted,,656804724,656806694414196,24
tf_policy_elo_616bc2f2_phase7_random_to40_2026-08-20,animal-cycle-random-7x7_g107_vs_g104.jsonl,animal-cycle-random-7x7,animal-cycle,random-start,7x7,tf:104,tf:107,false,p1,accepted,,656804724,656806694414197,25
tf_policy_elo_616bc2f2_phase7_random_to40_2026-08-20,animal-cycle-random-7x7_g107_vs_g104.jsonl,animal-cycle-random-7x7,animal-cycle,random-start,7x7,tf:107,tf:104,true,p1,accepted,,656804724,656806694414198,26
tf_policy_elo_616bc2f2_phase7_random_to40_2026-08-20,animal-cycle-random-7x7_g107_vs_g104.jsonl,animal-cycle-random-7x7,animal-cycle,random-start,7x7,tf:104,tf:107,false,p2,accepted,,656804724,656806694414199,27
tf_policy_elo_616bc2f2_phase7_random_to40_2026-08-20,animal-cycle-random-7x7_g107_vs_g106.jsonl,animal-cycle-random-7x7,animal-cycle,random-start,7x7,tf:107,tf:106,true,p2,accepted,,656806724,656808694420172,0
tf_policy_elo_616bc2f2_phase7_random_to40_2026-08-20,animal-cycle-random-7x7_g107_vs_g106.jsonl,animal-cycle-random-7x7,animal-cycle,random-start,7x7,tf:106,tf:107,false,p2,accepted,,656806724,656808694420173,1
tf_policy_elo_616bc2f2_phase7_random_to40_2026-08-20,animal-cycle-random-7x7_g107_vs_g106.jsonl,animal-cycle-random-7x7,animal-cycle,random-start,7x7,tf:107,tf:106,true,p2,accepted,,656806724,656808694420174,2
tf_policy_elo_616bc2f2_phase7_random_to40_2026-08-20,animal-cycle-random-7x7_g107_vs_g106.jsonl,animal-cycle-random-7x7,animal-cycle,random-start,7x7,tf:106,tf:107,false,p2,accepted,,656806724,656808694420175,3
tf_policy_elo_616bc2f2_phase7_random_to40_2026-08-20,animal-cycle-random-7x7_g107_vs_g106.jsonl,animal-cycle-random-7x7,animal-cycle,random-start,7x7,tf:107,tf:106,true,p2,accepted,,656806724,656808694420176,4
tf_policy_elo_616bc2f2_phase7_random_to40_2026-08-20,animal-cycle-random-7x7_g107_vs_g106.jsonl,animal-cycle-random-7x7,animal-cycle,random-start,7x7,tf:106,tf:107,false,p2,accepted,,656806724,656808694420177,5
tf_policy_elo_616bc2f2_phase7_random_to40_2026-08-20,animal-cycle-random-7x7_g107_vs_g106.jsonl,animal-cycle-random-7x7,animal-cycle,random-start,7x7,tf:107,tf:106,true,p2,accepted,,656806724,656808694420178,6
tf_policy_elo_616bc2f2_phase7_random_to40_2026-08-20,animal-cycle-random-7x7_g107_vs_g106.jsonl,animal-cycle-random-7x7,animal-cycle,random-start,7x7,tf:106,tf:107,false,p2,accepted,,656806724,656808694420179,7
tf_policy_elo_616bc2f2_phase7_random_to40_2026-08-20,animal-cycle-random-7x7_g107_vs_g106.jsonl,animal-cycle-random-7x7,animal-cycle,random-start,7x7,tf:107,tf:106,true,p1,accepted,,656806724,656808694420180,8
tf_policy_elo_616bc2f2_phase7_random_to40_2026-08-20,animal-cycle-random-7x7_g107_vs_g106.jsonl,animal-cycle-random-7x7,animal-cycle,random-start,7x7,tf:106,tf:107,false,p2,accepted,,656806724,656808694420181,9
tf_policy_elo_616bc2f2_phase7_random_to40_2026-08-20,animal-cycle-random-7x7_g107_vs_g106.jsonl,animal-cycle-random-7x7,animal-cycle,random-start,7x7,tf:107,tf:106,true,p2,accepted,,656806724,656808694420182,10
tf_policy_elo_616bc2f2_phase7_random_to40_2026-08-20,animal-cycle-random-7x7_g107_vs_g106.jsonl,animal-cycle-random-7x7,animal-cycle,random-start,7x7,tf:106,tf:107,false,p2,accepted,,656806724,656808694420183,11
tf_policy_elo_616bc2f2_phase7_random_to40_2026-08-20,animal-cycle-random-7x7_g107_vs_g106.jsonl,animal-cycle-random-7x7,animal-cycle,random-start,7x7,tf:107,tf:106,true,p1,accepted,,656806724,656808694420184,12
tf_policy_elo_616bc2f2_phase7_random_to40_2026-08-20,animal-cycle-random-7x7_g107_vs_g106.jsonl,animal-cycle-random-7x7,animal-cycle,random-start,7x7,tf:106,tf:107,false,p1,accepted,,656806724,656808694420185,13
tf_policy_elo_616bc2f2_phase7_random_to40_2026-08-20,animal-cycle-random-7x7_g107_vs_g106.jsonl,animal-cycle-random-7x7,animal-cycle,random-start,7x7,tf:107,tf:106,true,p1,accepted,,656806724,656808694420186,14
tf_policy_elo_616bc2f2_phase7_random_to40_2026-08-20,animal-cycle-random-7x7_g107_vs_g106.jsonl,animal-cycle-random-7x7,animal-cycle,random-start,7x7,tf:106,tf:107,false,p1,accepted,,656806724,656808694420187,15
tf_policy_elo_616bc2f2_phase7_random_to40_2026-08-20,animal-cycle-random-7x7_g107_vs_g106.jsonl,animal-cycle-random-7x7,animal-cycle,random-start,7x7,tf:107,tf:106,true,p1,accepted,,656806724,656808694420188,16
tf_policy_elo_616bc2f2_phase7_random_to40_2026-08-20,animal-cycle-random-7x7_g107_vs_g106.jsonl,animal-cycle-random-7x7,animal-cycle,random-start,7x7,tf:106,tf:107,false,p1,accepted,,656806724,656808694420189,17
tf_policy_elo_616bc2f2_phase7_random_to40_2026-08-20,animal-cycle-random-7x7_g107_vs_g106.jsonl,animal-cycle-random-7x7,animal-cycle,random-start,7x7,tf:107,tf:106,true,p2,accepted,,656806724,656808694420190,18
tf_policy_elo_616bc2f2_phase7_random_to40_2026-08-20,animal-cycle-random-7x7_g107_vs_g106.jsonl,animal-cycle-random-7x7,animal-cycle,random-start,7x7,tf:106,tf:107,false,p1,accepted,,656806724,656808694420191,19
tf_policy_elo_616bc2f2_phase7_random_to40_2026-08-20,animal-cycle-random-7x7_g107_vs_g106.jsonl,animal-cycle-random-7x7,animal-cycle,random-start,7x7,tf:107,tf:106,true,p2,accepted,,656806724,656808694420192,20
tf_policy_elo_616bc2f2_phase7_random_to40_2026-08-20,animal-cycle-random-7x7_g107_vs_g106.jsonl,animal-cycle-random-7x7,animal-cycle,random-start,7x7,tf:106,tf:107,false,p1,accepted,,656806724,656808694420193,21
tf_policy_elo_616bc2f2_phase7_random_to40_2026-08-20,animal-cycle-random-7x7_g107_vs_g106.jsonl,animal-cycle-random-7x7,animal-cycle,random-start,7x7,tf:107,tf:106,true,p1,accepted,,656806724,656808694420194,22
tf_policy_elo_616bc2f2_phase7_random_to40_2026-08-20,animal-cycle-random-7x7_g107_vs_g106.jsonl,animal-cycle-random-7x7,animal-cycle,random-start,7x7,tf:106,tf:107,false,p2,accepted,,656806724,656808694420195,23
tf_policy_elo_616bc2f2_phase7_random_to40_2026-08-20,animal-cycle-random-7x7_g107_vs_g106.jsonl,animal-cycle-random-7x7,animal-cycle,random-start,7x7,tf:107,tf:106,true,p1,accepted,,656806724,656808694420196,24
tf_policy_elo_616bc2f2_phase7_random_to40_2026-08-20,animal-cycle-random-7x7_g107_vs_g106.jsonl,animal-cycle-random-7x7,animal-cycle,random-start,7x7,tf:106,tf:107,false,p2,accepted,,656806724,656808694420197,25
tf_policy_elo_616bc2f2_phase7_random_to40_2026-08-20,animal-cycle-random-7x7_g107_vs_g106.jsonl,animal-cycle-random-7x7,animal-cycle,random-start,7x7,tf:107,tf:106,true,p2,accepted,,656806724,656808694420198,26
tf_policy_elo_616bc2f2_phase7_random_to40_2026-08-20,animal-cycle-random-7x7_g107_vs_g106.jsonl,animal-cycle-random-7x7,animal-cycle,random-start,7x7,tf:106,tf:107,false,p2,accepted,,656806724,656808694420199,27
tf_policy_elo_616bc2f2_phase7_random_to40_2026-08-20,animal-cycle-random-7x7_g108_vs_g102.jsonl,animal-cycle-random-7x7,animal-cycle,random-start,7x7,tf:108,tf:102,true,p1,accepted,,656902724,656904694708172,0
tf_policy_elo_616bc2f2_phase7_random_to40_2026-08-20,animal-cycle-random-7x7_g108_vs_g102.jsonl,animal-cycle-random-7x7,animal-cycle,random-start,7x7,tf:102,tf:108,false,p1,accepted,,656902724,656904694708173,1
tf_policy_elo_616bc2f2_phase7_random_to40_2026-08-20,animal-cycle-random-7x7_g108_vs_g102.jsonl,animal-cycle-random-7x7,animal-cycle,random-start,7x7,tf:108,tf:102,true,p1,accepted,,656902724,656904694708174,2
tf_policy_elo_616bc2f2_phase7_random_to40_2026-08-20,animal-cycle-random-7x7_g108_vs_g102.jsonl,animal-cycle-random-7x7,animal-cycle,random-start,7x7,tf:102,tf:108,false,p1,accepted,,656902724,656904694708175,3
tf_policy_elo_616bc2f2_phase7_random_to40_2026-08-20,animal-cycle-random-7x7_g108_vs_g102.jsonl,animal-cycle-random-7x7,animal-cycle,random-start,7x7,tf:108,tf:102,true,p2,accepted,,656902724,656904694708176,4
tf_policy_elo_616bc2f2_phase7_random_to40_2026-08-20,animal-cycle-random-7x7_g108_vs_g102.jsonl,animal-cycle-random-7x7,animal-cycle,random-start,7x7,tf:102,tf:108,false,p2,accepted,,656902724,656904694708177,5
tf_policy_elo_616bc2f2_phase7_random_to40_2026-08-20,animal-cycle-random-7x7_g108_vs_g102.jsonl,animal-cycle-random-7x7,animal-cycle,random-start,7x7,tf:108,tf:102,true,p1,accepted,,656902724,656904694708178,6
tf_policy_elo_616bc2f2_phase7_random_to40_2026-08-20,animal-cycle-random-7x7_g108_vs_g102.jsonl,animal-cycle-random-7x7,animal-cycle,random-start,7x7,tf:102,tf:108,false,p1,accepted,,656902724,656904694708179,7
tf_policy_elo_616bc2f2_phase7_random_to40_2026-08-20,animal-cycle-random-7x7_g108_vs_g102.jsonl,animal-cycle-random-7x7,animal-cycle,random-start,7x7,tf:108,tf:102,true,p2,accepted,,656902724,656904694708180,8
tf_policy_elo_616bc2f2_phase7_random_to40_2026-08-20,animal-cycle-random-7x7_g108_vs_g102.jsonl,animal-cycle-random-7x7,animal-cycle,random-start,7x7,tf:102,tf:108,false,p2,accepted,,656902724,656904694708181,9
tf_policy_elo_616bc2f2_phase7_random_to40_2026-08-20,animal-cycle-random-7x7_g108_vs_g102.jsonl,animal-cycle-random-7x7,animal-cycle,random-start,7x7,tf:108,tf:102,true,p2,accepted,,656902724,656904694708182,10
tf_policy_elo_616bc2f2_phase7_random_to40_2026-08-20,animal-cycle-random-7x7_g108_vs_g102.jsonl,animal-cycle-random-7x7,animal-cycle,random-start,7x7,tf:102,tf:108,false,p1,accepted,,656902724,656904694708183,11
tf_policy_elo_616bc2f2_phase7_random_to40_2026-08-20,animal-cycle-random-7x7_g108_vs_g102.jsonl,animal-cycle-random-7x7,animal-cycle,random-start,7x7,tf:108,tf:102,true,p1,accepted,,656902724,656904694708184,12
tf_policy_elo_616bc2f2_phase7_random_to40_2026-08-20,animal-cycle-random-7x7_g108_vs_g102.jsonl,animal-cycle-random-7x7,animal-cycle,random-start,7x7,tf:102,tf:108,false,p1,accepted,,656902724,656904694708185,13
tf_policy_elo_616bc2f2_phase7_random_to40_2026-08-20,animal-cycle-random-7x7_g108_vs_g102.jsonl,animal-cycle-random-7x7,animal-cycle,random-start,7x7,tf:108,tf:102,true,p1,accepted,,656902724,656904694708186,14
tf_policy_elo_616bc2f2_phase7_random_to40_2026-08-20,animal-cycle-random-7x7_g108_vs_g102.jsonl,animal-cycle-random-7x7,animal-cycle,random-start,7x7,tf:102,tf:108,false,p1,accepted,,656902724,656904694708187,15
tf_policy_elo_616bc2f2_phase7_random_to40_2026-08-20,animal-cycle-random-7x7_g108_vs_g102.jsonl,animal-cycle-random-7x7,animal-cycle,random-start,7x7,tf:108,tf:102,true,p1,accepted,,656902724,656904694708188,16
tf_policy_elo_616bc2f2_phase7_random_to40_2026-08-20,animal-cycle-random-7x7_g108_vs_g102.jsonl,animal-cycle-random-7x7,animal-cycle,random-start,7x7,tf:102,tf:108,false,p2,accepted,,656902724,656904694708189,17
tf_policy_elo_616bc2f2_phase7_random_to40_2026-08-20,animal-cycle-random-7x7_g108_vs_g102.jsonl,animal-cycle-random-7x7,animal-cycle,random-start,7x7,tf:108,tf:102,true,p2,accepted,,656902724,656904694708190,18
tf_policy_elo_616bc2f2_phase7_random_to40_2026-08-20,animal-cycle-random-7x7_g108_vs_g102.jsonl,animal-cycle-random-7x7,animal-cycle,random-start,7x7,tf:102,tf:108,false,p2,accepted,,656902724,656904694708191,19
tf_policy_elo_616bc2f2_phase7_random_to40_2026-08-20,animal-cycle-random-7x7_g108_vs_g102.jsonl,animal-cycle-random-7x7,animal-cycle,random-start,7x7,tf:108,tf:102,true,p2,accepted,,656902724,656904694708192,20
tf_policy_elo_616bc2f2_phase7_random_to40_2026-08-20,animal-cycle-random-7x7_g108_vs_g102.jsonl,animal-cycle-random-7x7,animal-cycle,random-start,7x7,tf:102,tf:108,false,p2,accepted,,656902724,656904694708193,21
tf_policy_elo_616bc2f2_phase7_random_to40_2026-08-20,animal-cycle-random-7x7_g108_vs_g102.jsonl,animal-cycle-random-7x7,animal-cycle,random-start,7x7,tf:108,tf:102,true,p2,accepted,,656902724,656904694708194,22
tf_policy_elo_616bc2f2_phase7_random_to40_2026-08-20,animal-cycle-random-7x7_g108_vs_g102.jsonl,animal-cycle-random-7x7,animal-cycle,random-start,7x7,tf:102,tf:108,false,p2,accepted,,656902724,656904694708195,23
tf_policy_elo_616bc2f2_phase7_random_to40_2026-08-20,animal-cycle-random-7x7_g108_vs_g102.jsonl,animal-cycle-random-7x7,animal-cycle,random-start,7x7,tf:108,tf:102,true,p1,accepted,,656902724,656904694708196,24
tf_policy_elo_616bc2f2_phase7_random_to40_2026-08-20,animal-cycle-random-7x7_g108_vs_g102.jsonl,animal-cycle-random-7x7,animal-cycle,random-start,7x7,tf:102,tf:108,false,p2,accepted,,656902724,656904694708197,25
tf_policy_elo_616bc2f2_phase7_random_to40_2026-08-20,animal-cycle-random-7x7_g108_vs_g102.jsonl,animal-cycle-random-7x7,animal-cycle,random-start,7x7,tf:108,tf:102,true,p2,accepted,,656902724,656904694708198,26
tf_policy_elo_616bc2f2_phase7_random_to40_2026-08-20,animal-cycle-random-7x7_g108_vs_g102.jsonl,animal-cycle-random-7x7,animal-cycle,random-start,7x7,tf:102,tf:108,false,p1,accepted,,656902724,656904694708199,27
tf_policy_elo_616bc2f2_phase7_random_to40_2026-08-20,animal-cycle-random-7x7_g108_vs_g105.jsonl,animal-cycle-random-7x7,animal-cycle,random-start,7x7,tf:108,tf:105,true,p2,accepted,,656905724,656907694717172,0
tf_policy_elo_616bc2f2_phase7_random_to40_2026-08-20,animal-cycle-random-7x7_g108_vs_g105.jsonl,animal-cycle-random-7x7,animal-cycle,random-start,7x7,tf:105,tf:108,false,p2,accepted,,656905724,656907694717173,1
tf_policy_elo_616bc2f2_phase7_random_to40_2026-08-20,animal-cycle-random-7x7_g108_vs_g105.jsonl,animal-cycle-random-7x7,animal-cycle,random-start,7x7,tf:108,tf:105,true,p1,accepted,,656905724,656907694717174,2
tf_policy_elo_616bc2f2_phase7_random_to40_2026-08-20,animal-cycle-random-7x7_g108_vs_g105.jsonl,animal-cycle-random-7x7,animal-cycle,random-start,7x7,tf:105,tf:108,false,p2,accepted,,656905724,656907694717175,3
tf_policy_elo_616bc2f2_phase7_random_to40_2026-08-20,animal-cycle-random-7x7_g108_vs_g105.jsonl,animal-cycle-random-7x7,animal-cycle,random-start,7x7,tf:108,tf:105,true,p2,accepted,,656905724,656907694717176,4
tf_policy_elo_616bc2f2_phase7_random_to40_2026-08-20,animal-cycle-random-7x7_g108_vs_g105.jsonl,animal-cycle-random-7x7,animal-cycle,random-start,7x7,tf:105,tf:108,false,p2,accepted,,656905724,656907694717177,5
tf_policy_elo_616bc2f2_phase7_random_to40_2026-08-20,animal-cycle-random-7x7_g108_vs_g105.jsonl,animal-cycle-random-7x7,animal-cycle,random-start,7x7,tf:108,tf:105,true,p1,accepted,,656905724,656907694717178,6
tf_policy_elo_616bc2f2_phase7_random_to40_2026-08-20,animal-cycle-random-7x7_g108_vs_g105.jsonl,animal-cycle-random-7x7,animal-cycle,random-start,7x7,tf:105,tf:108,false,p2,accepted,,656905724,656907694717179,7
tf_policy_elo_616bc2f2_phase7_random_to40_2026-08-20,animal-cycle-random-7x7_g108_vs_g105.jsonl,animal-cycle-random-7x7,animal-cycle,random-start,7x7,tf:108,tf:105,true,p1,accepted,,656905724,656907694717180,8
tf_policy_elo_616bc2f2_phase7_random_to40_2026-08-20,animal-cycle-random-7x7_g108_vs_g105.jsonl,animal-cycle-random-7x7,animal-cycle,random-start,7x7,tf:105,tf:108,false,p2,accepted,,656905724,656907694717181,9
tf_policy_elo_616bc2f2_phase7_random_to40_2026-08-20,animal-cycle-random-7x7_g108_vs_g105.jsonl,animal-cycle-random-7x7,animal-cycle,random-start,7x7,tf:108,tf:105,true,p2,accepted,,656905724,656907694717182,10
tf_policy_elo_616bc2f2_phase7_random_to40_2026-08-20,animal-cycle-random-7x7_g108_vs_g105.jsonl,animal-cycle-random-7x7,animal-cycle,random-start,7x7,tf:105,tf:108,false,p2,accepted,,656905724,656907694717183,11
tf_policy_elo_616bc2f2_phase7_random_to40_2026-08-20,animal-cycle-random-7x7_g108_vs_g105.jsonl,animal-cycle-random-7x7,animal-cycle,random-start,7x7,tf:108,tf:105,true,p1,accepted,,656905724,656907694717184,12
tf_policy_elo_616bc2f2_phase7_random_to40_2026-08-20,animal-cycle-random-7x7_g108_vs_g105.jsonl,animal-cycle-random-7x7,animal-cycle,random-start,7x7,tf:105,tf:108,false,p2,accepted,,656905724,656907694717185,13
tf_policy_elo_616bc2f2_phase7_random_to40_2026-08-20,animal-cycle-random-7x7_g108_vs_g105.jsonl,animal-cycle-random-7x7,animal-cycle,random-start,7x7,tf:108,tf:105,true,p1,accepted,,656905724,656907694717186,14
tf_policy_elo_616bc2f2_phase7_random_to40_2026-08-20,animal-cycle-random-7x7_g108_vs_g105.jsonl,animal-cycle-random-7x7,animal-cycle,random-start,7x7,tf:105,tf:108,false,p2,accepted,,656905724,656907694717187,15
tf_policy_elo_616bc2f2_phase7_random_to40_2026-08-20,animal-cycle-random-7x7_g108_vs_g105.jsonl,animal-cycle-random-7x7,animal-cycle,random-start,7x7,tf:108,tf:105,true,p1,accepted,,656905724,656907694717188,16
tf_policy_elo_616bc2f2_phase7_random_to40_2026-08-20,animal-cycle-random-7x7_g108_vs_g105.jsonl,animal-cycle-random-7x7,animal-cycle,random-start,7x7,tf:105,tf:108,false,p1,accepted,,656905724,656907694717189,17
tf_policy_elo_616bc2f2_phase7_random_to40_2026-08-20,animal-cycle-random-7x7_g108_vs_g105.jsonl,animal-cycle-random-7x7,animal-cycle,random-start,7x7,tf:108,tf:105,true,p1,accepted,,656905724,656907694717190,18
tf_policy_elo_616bc2f2_phase7_random_to40_2026-08-20,animal-cycle-random-7x7_g108_vs_g105.jsonl,animal-cycle-random-7x7,animal-cycle,random-start,7x7,tf:105,tf:108,false,p2,accepted,,656905724,656907694717191,19
tf_policy_elo_616bc2f2_phase7_random_to40_2026-08-20,animal-cycle-random-7x7_g108_vs_g105.jsonl,animal-cycle-random-7x7,animal-cycle,random-start,7x7,tf:108,tf:105,true,p1,accepted,,656905724,656907694717192,20
tf_policy_elo_616bc2f2_phase7_random_to40_2026-08-20,animal-cycle-random-7x7_g108_vs_g105.jsonl,animal-cycle-random-7x7,animal-cycle,random-start,7x7,tf:105,tf:108,false,p2,accepted,,656905724,656907694717193,21
tf_policy_elo_616bc2f2_phase7_random_to40_2026-08-20,animal-cycle-random-7x7_g108_vs_g105.jsonl,animal-cycle-random-7x7,animal-cycle,random-start,7x7,tf:108,tf:105,true,p1,accepted,,656905724,656907694717194,22
tf_policy_elo_616bc2f2_phase7_random_to40_2026-08-20,animal-cycle-random-7x7_g108_vs_g105.jsonl,animal-cycle-random-7x7,animal-cycle,random-start,7x7,tf:105,tf:108,false,p2,accepted,,656905724,656907694717195,23
tf_policy_elo_616bc2f2_phase7_random_to40_2026-08-20,animal-cycle-random-7x7_g108_vs_g105.jsonl,animal-cycle-random-7x7,animal-cycle,random-start,7x7,tf:108,tf:105,true,p1,accepted,,656905724,656907694717196,24
tf_policy_elo_616bc2f2_phase7_random_to40_2026-08-20,animal-cycle-random-7x7_g108_vs_g105.jsonl,animal-cycle-random-7x7,animal-cycle,random-start,7x7,tf:105,tf:108,false,p1,accepted,,656905724,656907694717197,25
tf_policy_elo_616bc2f2_phase7_random_to40_2026-08-20,animal-cycle-random-7x7_g108_vs_g105.jsonl,animal-cycle-random-7x7,animal-cycle,random-start,7x7,tf:108,tf:105,true,p1,accepted,,656905724,656907694717198,26
tf_policy_elo_616bc2f2_phase7_random_to40_2026-08-20,animal-cycle-random-7x7_g108_vs_g105.jsonl,animal-cycle-random-7x7,animal-cycle,random-start,7x7,tf:105,tf:108,false,p1,accepted,,656905724,656907694717199,27
tf_policy_elo_616bc2f2_phase7_random_to40_2026-08-20,animal-cycle-random-7x7_g108_vs_g107.jsonl,animal-cycle-random-7x7,animal-cycle,random-start,7x7,tf:108,tf:107,true,p2,accepted,,656907724,656909694723172,0
tf_policy_elo_616bc2f2_phase7_random_to40_2026-08-20,animal-cycle-random-7x7_g108_vs_g107.jsonl,animal-cycle-random-7x7,animal-cycle,random-start,7x7,tf:107,tf:108,false,p1,accepted,,656907724,656909694723173,1
tf_policy_elo_616bc2f2_phase7_random_to40_2026-08-20,animal-cycle-random-7x7_g108_vs_g107.jsonl,animal-cycle-random-7x7,animal-cycle,random-start,7x7,tf:108,tf:107,true,p2,accepted,,656907724,656909694723174,2
tf_policy_elo_616bc2f2_phase7_random_to40_2026-08-20,animal-cycle-random-7x7_g108_vs_g107.jsonl,animal-cycle-random-7x7,animal-cycle,random-start,7x7,tf:107,tf:108,false,p2,accepted,,656907724,656909694723175,3
tf_policy_elo_616bc2f2_phase7_random_to40_2026-08-20,animal-cycle-random-7x7_g108_vs_g107.jsonl,animal-cycle-random-7x7,animal-cycle,random-start,7x7,tf:108,tf:107,true,p1,accepted,,656907724,656909694723176,4
tf_policy_elo_616bc2f2_phase7_random_to40_2026-08-20,animal-cycle-random-7x7_g108_vs_g107.jsonl,animal-cycle-random-7x7,animal-cycle,random-start,7x7,tf:107,tf:108,false,p2,accepted,,656907724,656909694723177,5
tf_policy_elo_616bc2f2_phase7_random_to40_2026-08-20,animal-cycle-random-7x7_g108_vs_g107.jsonl,animal-cycle-random-7x7,animal-cycle,random-start,7x7,tf:108,tf:107,true,p1,accepted,,656907724,656909694723178,6
tf_policy_elo_616bc2f2_phase7_random_to40_2026-08-20,animal-cycle-random-7x7_g108_vs_g107.jsonl,animal-cycle-random-7x7,animal-cycle,random-start,7x7,tf:107,tf:108,false,p2,accepted,,656907724,656909694723179,7
tf_policy_elo_616bc2f2_phase7_random_to40_2026-08-20,animal-cycle-random-7x7_g108_vs_g107.jsonl,animal-cycle-random-7x7,animal-cycle,random-start,7x7,tf:108,tf:107,true,p2,accepted,,656907724,656909694723180,8
tf_policy_elo_616bc2f2_phase7_random_to40_2026-08-20,animal-cycle-random-7x7_g108_vs_g107.jsonl,animal-cycle-random-7x7,animal-cycle,random-start,7x7,tf:107,tf:108,false,p1,accepted,,656907724,656909694723181,9
tf_policy_elo_616bc2f2_phase7_random_to40_2026-08-20,animal-cycle-random-7x7_g108_vs_g107.jsonl,animal-cycle-random-7x7,animal-cycle,random-start,7x7,tf:108,tf:107,true,p2,accepted,,656907724,656909694723182,10
tf_policy_elo_616bc2f2_phase7_random_to40_2026-08-20,animal-cycle-random-7x7_g108_vs_g107.jsonl,animal-cycle-random-7x7,animal-cycle,random-start,7x7,tf:107,tf:108,false,p1,accepted,,656907724,656909694723183,11
tf_policy_elo_616bc2f2_phase7_random_to40_2026-08-20,animal-cycle-random-7x7_g108_vs_g107.jsonl,animal-cycle-random-7x7,animal-cycle,random-start,7x7,tf:108,tf:107,true,p1,accepted,,656907724,656909694723184,12
tf_policy_elo_616bc2f2_phase7_random_to40_2026-08-20,animal-cycle-random-7x7_g108_vs_g107.jsonl,animal-cycle-random-7x7,animal-cycle,random-start,7x7,tf:107,tf:108,false,p2,accepted,,656907724,656909694723185,13
tf_policy_elo_616bc2f2_phase7_random_to40_2026-08-20,animal-cycle-random-7x7_g108_vs_g107.jsonl,animal-cycle-random-7x7,animal-cycle,random-start,7x7,tf:108,tf:107,true,p1,accepted,,656907724,656909694723186,14
tf_policy_elo_616bc2f2_phase7_random_to40_2026-08-20,animal-cycle-random-7x7_g108_vs_g107.jsonl,animal-cycle-random-7x7,animal-cycle,random-start,7x7,tf:107,tf:108,false,p1,accepted,,656907724,656909694723187,15
tf_policy_elo_616bc2f2_phase7_random_to40_2026-08-20,animal-cycle-random-7x7_g108_vs_g107.jsonl,animal-cycle-random-7x7,animal-cycle,random-start,7x7,tf:108,tf:107,true,p2,accepted,,656907724,656909694723188,16
tf_policy_elo_616bc2f2_phase7_random_to40_2026-08-20,animal-cycle-random-7x7_g108_vs_g107.jsonl,animal-cycle-random-7x7,animal-cycle,random-start,7x7,tf:107,tf:108,false,p1,accepted,,656907724,656909694723189,17
tf_policy_elo_616bc2f2_phase7_random_to40_2026-08-20,animal-cycle-random-7x7_g108_vs_g107.jsonl,animal-cycle-random-7x7,animal-cycle,random-start,7x7,tf:108,tf:107,true,p1,accepted,,656907724,656909694723190,18
tf_policy_elo_616bc2f2_phase7_random_to40_2026-08-20,animal-cycle-random-7x7_g108_vs_g107.jsonl,animal-cycle-random-7x7,animal-cycle,random-start,7x7,tf:107,tf:108,false,p1,accepted,,656907724,656909694723191,19
tf_policy_elo_616bc2f2_phase7_random_to40_2026-08-20,animal-cycle-random-7x7_g108_vs_g107.jsonl,animal-cycle-random-7x7,animal-cycle,random-start,7x7,tf:108,tf:107,true,p1,accepted,,656907724,656909694723192,20
tf_policy_elo_616bc2f2_phase7_random_to40_2026-08-20,animal-cycle-random-7x7_g108_vs_g107.jsonl,animal-cycle-random-7x7,animal-cycle,random-start,7x7,tf:107,tf:108,false,p2,accepted,,656907724,656909694723193,21
tf_policy_elo_616bc2f2_phase7_random_to40_2026-08-20,animal-cycle-random-7x7_g108_vs_g107.jsonl,animal-cycle-random-7x7,animal-cycle,random-start,7x7,tf:108,tf:107,true,p1,accepted,,656907724,656909694723194,22
tf_policy_elo_616bc2f2_phase7_random_to40_2026-08-20,animal-cycle-random-7x7_g108_vs_g107.jsonl,animal-cycle-random-7x7,animal-cycle,random-start,7x7,tf:107,tf:108,false,p2,accepted,,656907724,656909694723195,23
tf_policy_elo_616bc2f2_phase7_random_to40_2026-08-20,animal-cycle-random-7x7_g108_vs_g107.jsonl,animal-cycle-random-7x7,animal-cycle,random-start,7x7,tf:108,tf:107,true,p2,accepted,,656907724,656909694723196,24
tf_policy_elo_616bc2f2_phase7_random_to40_2026-08-20,animal-cycle-random-7x7_g108_vs_g107.jsonl,animal-cycle-random-7x7,animal-cycle,random-start,7x7,tf:107,tf:108,false,p2,accepted,,656907724,656909694723197,25
tf_policy_elo_616bc2f2_phase7_random_to40_2026-08-20,animal-cycle-random-7x7_g108_vs_g107.jsonl,animal-cycle-random-7x7,animal-cycle,random-start,7x7,tf:108,tf:107,true,p1,accepted,,656907724,656909694723198,26
tf_policy_elo_616bc2f2_phase7_random_to40_2026-08-20,animal-cycle-random-7x7_g108_vs_g107.jsonl,animal-cycle-random-7x7,animal-cycle,random-start,7x7,tf:107,tf:108,false,p2,accepted,,656907724,656909694723199,27
tf_policy_elo_616bc2f2_phase7_random_to40_2026-08-20,animal-cycle-random-7x7_g109_vs_g103.jsonl,animal-cycle-random-7x7,animal-cycle,random-start,7x7,tf:109,tf:103,true,p2,accepted,,657003724,657005695011172,0
tf_policy_elo_616bc2f2_phase7_random_to40_2026-08-20,animal-cycle-random-7x7_g109_vs_g103.jsonl,animal-cycle-random-7x7,animal-cycle,random-start,7x7,tf:103,tf:109,false,p2,accepted,,657003724,657005695011173,1
tf_policy_elo_616bc2f2_phase7_random_to40_2026-08-20,animal-cycle-random-7x7_g109_vs_g103.jsonl,animal-cycle-random-7x7,animal-cycle,random-start,7x7,tf:109,tf:103,true,p1,accepted,,657003724,657005695011174,2
tf_policy_elo_616bc2f2_phase7_random_to40_2026-08-20,animal-cycle-random-7x7_g109_vs_g103.jsonl,animal-cycle-random-7x7,animal-cycle,random-start,7x7,tf:103,tf:109,false,p1,accepted,,657003724,657005695011175,3
tf_policy_elo_616bc2f2_phase7_random_to40_2026-08-20,animal-cycle-random-7x7_g109_vs_g103.jsonl,animal-cycle-random-7x7,animal-cycle,random-start,7x7,tf:109,tf:103,true,p1,accepted,,657003724,657005695011176,4
tf_policy_elo_616bc2f2_phase7_random_to40_2026-08-20,animal-cycle-random-7x7_g109_vs_g103.jsonl,animal-cycle-random-7x7,animal-cycle,random-start,7x7,tf:103,tf:109,false,p2,accepted,,657003724,657005695011177,5
tf_policy_elo_616bc2f2_phase7_random_to40_2026-08-20,animal-cycle-random-7x7_g109_vs_g103.jsonl,animal-cycle-random-7x7,animal-cycle,random-start,7x7,tf:109,tf:103,true,p1,accepted,,657003724,657005695011178,6
tf_policy_elo_616bc2f2_phase7_random_to40_2026-08-20,animal-cycle-random-7x7_g109_vs_g103.jsonl,animal-cycle-random-7x7,animal-cycle,random-start,7x7,tf:103,tf:109,false,p2,accepted,,657003724,657005695011179,7
tf_policy_elo_616bc2f2_phase7_random_to40_2026-08-20,animal-cycle-random-7x7_g109_vs_g103.jsonl,animal-cycle-random-7x7,animal-cycle,random-start,7x7,tf:109,tf:103,true,p2,accepted,,657003724,657005695011180,8
tf_policy_elo_616bc2f2_phase7_random_to40_2026-08-20,animal-cycle-random-7x7_g109_vs_g103.jsonl,animal-cycle-random-7x7,animal-cycle,random-start,7x7,tf:103,tf:109,false,p1,accepted,,657003724,657005695011181,9
tf_policy_elo_616bc2f2_phase7_random_to40_2026-08-20,animal-cycle-random-7x7_g109_vs_g103.jsonl,animal-cycle-random-7x7,animal-cycle,random-start,7x7,tf:109,tf:103,true,p1,accepted,,657003724,657005695011182,10
tf_policy_elo_616bc2f2_phase7_random_to40_2026-08-20,animal-cycle-random-7x7_g109_vs_g103.jsonl,animal-cycle-random-7x7,animal-cycle,random-start,7x7,tf:103,tf:109,false,p2,accepted,,657003724,657005695011183,11
tf_policy_elo_616bc2f2_phase7_random_to40_2026-08-20,animal-cycle-random-7x7_g109_vs_g103.jsonl,animal-cycle-random-7x7,animal-cycle,random-start,7x7,tf:109,tf:103,true,p2,accepted,,657003724,657005695011184,12
tf_policy_elo_616bc2f2_phase7_random_to40_2026-08-20,animal-cycle-random-7x7_g109_vs_g103.jsonl,animal-cycle-random-7x7,animal-cycle,random-start,7x7,tf:103,tf:109,false,p2,accepted,,657003724,657005695011185,13
tf_policy_elo_616bc2f2_phase7_random_to40_2026-08-20,animal-cycle-random-7x7_g109_vs_g103.jsonl,animal-cycle-random-7x7,animal-cycle,random-start,7x7,tf:109,tf:103,true,p1,accepted,,657003724,657005695011186,14
tf_policy_elo_616bc2f2_phase7_random_to40_2026-08-20,animal-cycle-random-7x7_g109_vs_g103.jsonl,animal-cycle-random-7x7,animal-cycle,random-start,7x7,tf:103,tf:109,false,p2,accepted,,657003724,657005695011187,15
tf_policy_elo_616bc2f2_phase7_random_to40_2026-08-20,animal-cycle-random-7x7_g109_vs_g103.jsonl,animal-cycle-random-7x7,animal-cycle,random-start,7x7,tf:109,tf:103,true,p1,accepted,,657003724,657005695011188,16
tf_policy_elo_616bc2f2_phase7_random_to40_2026-08-20,animal-cycle-random-7x7_g109_vs_g103.jsonl,animal-cycle-random-7x7,animal-cycle,random-start,7x7,tf:103,tf:109,false,p2,accepted,,657003724,657005695011189,17
tf_policy_elo_616bc2f2_phase7_random_to40_2026-08-20,animal-cycle-random-7x7_g109_vs_g103.jsonl,animal-cycle-random-7x7,animal-cycle,random-start,7x7,tf:109,tf:103,true,p1,accepted,,657003724,657005695011190,18
tf_policy_elo_616bc2f2_phase7_random_to40_2026-08-20,animal-cycle-random-7x7_g109_vs_g103.jsonl,animal-cycle-random-7x7,animal-cycle,random-start,7x7,tf:103,tf:109,false,p2,accepted,,657003724,657005695011191,19
tf_policy_elo_616bc2f2_phase7_random_to40_2026-08-20,animal-cycle-random-7x7_g109_vs_g103.jsonl,animal-cycle-random-7x7,animal-cycle,random-start,7x7,tf:109,tf:103,true,p1,accepted,,657003724,657005695011192,20
tf_policy_elo_616bc2f2_phase7_random_to40_2026-08-20,animal-cycle-random-7x7_g109_vs_g103.jsonl,animal-cycle-random-7x7,animal-cycle,random-start,7x7,tf:103,tf:109,false,p2,accepted,,657003724,657005695011193,21
tf_policy_elo_616bc2f2_phase7_random_to40_2026-08-20,animal-cycle-random-7x7_g109_vs_g103.jsonl,animal-cycle-random-7x7,animal-cycle,random-start,7x7,tf:109,tf:103,true,p2,accepted,,657003724,657005695011194,22
tf_policy_elo_616bc2f2_phase7_random_to40_2026-08-20,animal-cycle-random-7x7_g109_vs_g103.jsonl,animal-cycle-random-7x7,animal-cycle,random-start,7x7,tf:103,tf:109,false,p2,accepted,,657003724,657005695011195,23
tf_policy_elo_616bc2f2_phase7_random_to40_2026-08-20,animal-cycle-random-7x7_g109_vs_g103.jsonl,animal-cycle-random-7x7,animal-cycle,random-start,7x7,tf:109,tf:103,true,p1,accepted,,657003724,657005695011196,24
tf_policy_elo_616bc2f2_phase7_random_to40_2026-08-20,animal-cycle-random-7x7_g109_vs_g103.jsonl,animal-cycle-random-7x7,animal-cycle,random-start,7x7,tf:103,tf:109,false,p2,accepted,,657003724,657005695011197,25
tf_policy_elo_616bc2f2_phase7_random_to40_2026-08-20,animal-cycle-random-7x7_g109_vs_g103.jsonl,animal-cycle-random-7x7,animal-cycle,random-start,7x7,tf:109,tf:103,true,p1,accepted,,657003724,657005695011198,26
tf_policy_elo_616bc2f2_phase7_random_to40_2026-08-20,animal-cycle-random-7x7_g109_vs_g103.jsonl,animal-cycle-random-7x7,animal-cycle,random-start,7x7,tf:103,tf:109,false,p2,accepted,,657003724,657005695011199,27
tf_policy_elo_616bc2f2_phase7_random_to40_2026-08-20,animal-cycle-random-7x7_g109_vs_g106.jsonl,animal-cycle-random-7x7,animal-cycle,random-start,7x7,tf:109,tf:106,true,p1,accepted,,657006724,657008695020172,0
tf_policy_elo_616bc2f2_phase7_random_to40_2026-08-20,animal-cycle-random-7x7_g109_vs_g106.jsonl,animal-cycle-random-7x7,animal-cycle,random-start,7x7,tf:106,tf:109,false,p1,accepted,,657006724,657008695020173,1
tf_policy_elo_616bc2f2_phase7_random_to40_2026-08-20,animal-cycle-random-7x7_g109_vs_g106.jsonl,animal-cycle-random-7x7,animal-cycle,random-start,7x7,tf:109,tf:106,true,p2,accepted,,657006724,657008695020174,2
tf_policy_elo_616bc2f2_phase7_random_to40_2026-08-20,animal-cycle-random-7x7_g109_vs_g106.jsonl,animal-cycle-random-7x7,animal-cycle,random-start,7x7,tf:106,tf:109,false,p2,accepted,,657006724,657008695020175,3
tf_policy_elo_616bc2f2_phase7_random_to40_2026-08-20,animal-cycle-random-7x7_g109_vs_g106.jsonl,animal-cycle-random-7x7,animal-cycle,random-start,7x7,tf:109,tf:106,true,p1,accepted,,657006724,657008695020176,4
tf_policy_elo_616bc2f2_phase7_random_to40_2026-08-20,animal-cycle-random-7x7_g109_vs_g106.jsonl,animal-cycle-random-7x7,animal-cycle,random-start,7x7,tf:106,tf:109,false,p1,accepted,,657006724,657008695020177,5
tf_policy_elo_616bc2f2_phase7_random_to40_2026-08-20,animal-cycle-random-7x7_g109_vs_g106.jsonl,animal-cycle-random-7x7,animal-cycle,random-start,7x7,tf:109,tf:106,true,p1,accepted,,657006724,657008695020178,6
tf_policy_elo_616bc2f2_phase7_random_to40_2026-08-20,animal-cycle-random-7x7_g109_vs_g106.jsonl,animal-cycle-random-7x7,animal-cycle,random-start,7x7,tf:106,tf:109,false,p2,accepted,,657006724,657008695020179,7
tf_policy_elo_616bc2f2_phase7_random_to40_2026-08-20,animal-cycle-random-7x7_g109_vs_g106.jsonl,animal-cycle-random-7x7,animal-cycle,random-start,7x7,tf:109,tf:106,true,p2,accepted,,657006724,657008695020180,8
tf_policy_elo_616bc2f2_phase7_random_to40_2026-08-20,animal-cycle-random-7x7_g109_vs_g106.jsonl,animal-cycle-random-7x7,animal-cycle,random-start,7x7,tf:106,tf:109,false,p1,accepted,,657006724,657008695020181,9
tf_policy_elo_616bc2f2_phase7_random_to40_2026-08-20,animal-cycle-random-7x7_g109_vs_g106.jsonl,animal-cycle-random-7x7,animal-cycle,random-start,7x7,tf:109,tf:106,true,p1,accepted,,657006724,657008695020182,10
tf_policy_elo_616bc2f2_phase7_random_to40_2026-08-20,animal-cycle-random-7x7_g109_vs_g106.jsonl,animal-cycle-random-7x7,animal-cycle,random-start,7x7,tf:106,tf:109,false,p2,accepted,,657006724,657008695020183,11
tf_policy_elo_616bc2f2_phase7_random_to40_2026-08-20,animal-cycle-random-7x7_g109_vs_g106.jsonl,animal-cycle-random-7x7,animal-cycle,random-start,7x7,tf:109,tf:106,true,p1,accepted,,657006724,657008695020184,12
tf_policy_elo_616bc2f2_phase7_random_to40_2026-08-20,animal-cycle-random-7x7_g109_vs_g106.jsonl,animal-cycle-random-7x7,animal-cycle,random-start,7x7,tf:106,tf:109,false,p2,accepted,,657006724,657008695020185,13
tf_policy_elo_616bc2f2_phase7_random_to40_2026-08-20,animal-cycle-random-7x7_g109_vs_g106.jsonl,animal-cycle-random-7x7,animal-cycle,random-start,7x7,tf:109,tf:106,true,p1,accepted,,657006724,657008695020186,14
tf_policy_elo_616bc2f2_phase7_random_to40_2026-08-20,animal-cycle-random-7x7_g109_vs_g106.jsonl,animal-cycle-random-7x7,animal-cycle,random-start,7x7,tf:106,tf:109,false,p2,accepted,,657006724,657008695020187,15
tf_policy_elo_616bc2f2_phase7_random_to40_2026-08-20,animal-cycle-random-7x7_g109_vs_g106.jsonl,animal-cycle-random-7x7,animal-cycle,random-start,7x7,tf:109,tf:106,true,p1,accepted,,657006724,657008695020188,16
tf_policy_elo_616bc2f2_phase7_random_to40_2026-08-20,animal-cycle-random-7x7_g109_vs_g106.jsonl,animal-cycle-random-7x7,animal-cycle,random-start,7x7,tf:106,tf:109,false,p1,accepted,,657006724,657008695020189,17
tf_policy_elo_616bc2f2_phase7_random_to40_2026-08-20,animal-cycle-random-7x7_g109_vs_g106.jsonl,animal-cycle-random-7x7,animal-cycle,random-start,7x7,tf:109,tf:106,true,p1,accepted,,657006724,657008695020190,18
tf_policy_elo_616bc2f2_phase7_random_to40_2026-08-20,animal-cycle-random-7x7_g109_vs_g106.jsonl,animal-cycle-random-7x7,animal-cycle,random-start,7x7,tf:106,tf:109,false,p2,accepted,,657006724,657008695020191,19
tf_policy_elo_616bc2f2_phase7_random_to40_2026-08-20,animal-cycle-random-7x7_g109_vs_g106.jsonl,animal-cycle-random-7x7,animal-cycle,random-start,7x7,tf:109,tf:106,true,p1,accepted,,657006724,657008695020192,20
tf_policy_elo_616bc2f2_phase7_random_to40_2026-08-20,animal-cycle-random-7x7_g109_vs_g106.jsonl,animal-cycle-random-7x7,animal-cycle,random-start,7x7,tf:106,tf:109,false,p1,accepted,,657006724,657008695020193,21
tf_policy_elo_616bc2f2_phase7_random_to40_2026-08-20,animal-cycle-random-7x7_g109_vs_g106.jsonl,animal-cycle-random-7x7,animal-cycle,random-start,7x7,tf:109,tf:106,true,p1,accepted,,657006724,657008695020194,22
tf_policy_elo_616bc2f2_phase7_random_to40_2026-08-20,animal-cycle-random-7x7_g109_vs_g106.jsonl,animal-cycle-random-7x7,animal-cycle,random-start,7x7,tf:106,tf:109,false,p1,accepted,,657006724,657008695020195,23
tf_policy_elo_616bc2f2_phase7_random_to40_2026-08-20,animal-cycle-random-7x7_g109_vs_g106.jsonl,animal-cycle-random-7x7,animal-cycle,random-start,7x7,tf:109,tf:106,true,p1,accepted,,657006724,657008695020196,24
tf_policy_elo_616bc2f2_phase7_random_to40_2026-08-20,animal-cycle-random-7x7_g109_vs_g106.jsonl,animal-cycle-random-7x7,animal-cycle,random-start,7x7,tf:106,tf:109,false,p2,accepted,,657006724,657008695020197,25
tf_policy_elo_616bc2f2_phase7_random_to40_2026-08-20,animal-cycle-random-7x7_g109_vs_g106.jsonl,animal-cycle-random-7x7,animal-cycle,random-start,7x7,tf:109,tf:106,true,p1,accepted,,657006724,657008695020198,26
tf_policy_elo_616bc2f2_phase7_random_to40_2026-08-20,animal-cycle-random-7x7_g109_vs_g106.jsonl,animal-cycle-random-7x7,animal-cycle,random-start,7x7,tf:106,tf:109,false,p2,accepted,,657006724,657008695020199,27
tf_policy_elo_616bc2f2_phase7_random_to40_2026-08-20,animal-cycle-random-7x7_g109_vs_g108.jsonl,animal-cycle-random-7x7,animal-cycle,random-start,7x7,tf:109,tf:108,true,p1,accepted,,657008724,657010695026172,0
tf_policy_elo_616bc2f2_phase7_random_to40_2026-08-20,animal-cycle-random-7x7_g109_vs_g108.jsonl,animal-cycle-random-7x7,animal-cycle,random-start,7x7,tf:108,tf:109,false,p1,accepted,,657008724,657010695026173,1
tf_policy_elo_616bc2f2_phase7_random_to40_2026-08-20,animal-cycle-random-7x7_g109_vs_g108.jsonl,animal-cycle-random-7x7,animal-cycle,random-start,7x7,tf:109,tf:108,true,p2,accepted,,657008724,657010695026174,2
tf_policy_elo_616bc2f2_phase7_random_to40_2026-08-20,animal-cycle-random-7x7_g109_vs_g108.jsonl,animal-cycle-random-7x7,animal-cycle,random-start,7x7,tf:108,tf:109,false,p2,accepted,,657008724,657010695026175,3
tf_policy_elo_616bc2f2_phase7_random_to40_2026-08-20,animal-cycle-random-7x7_g109_vs_g108.jsonl,animal-cycle-random-7x7,animal-cycle,random-start,7x7,tf:109,tf:108,true,p1,accepted,,657008724,657010695026176,4
tf_policy_elo_616bc2f2_phase7_random_to40_2026-08-20,animal-cycle-random-7x7_g109_vs_g108.jsonl,animal-cycle-random-7x7,animal-cycle,random-start,7x7,tf:108,tf:109,false,p2,accepted,,657008724,657010695026177,5
tf_policy_elo_616bc2f2_phase7_random_to40_2026-08-20,animal-cycle-random-7x7_g109_vs_g108.jsonl,animal-cycle-random-7x7,animal-cycle,random-start,7x7,tf:109,tf:108,true,p1,accepted,,657008724,657010695026178,6
tf_policy_elo_616bc2f2_phase7_random_to40_2026-08-20,animal-cycle-random-7x7_g109_vs_g108.jsonl,animal-cycle-random-7x7,animal-cycle,random-start,7x7,tf:108,tf:109,false,p2,accepted,,657008724,657010695026179,7
tf_policy_elo_616bc2f2_phase7_random_to40_2026-08-20,animal-cycle-random-7x7_g109_vs_g108.jsonl,animal-cycle-random-7x7,animal-cycle,random-start,7x7,tf:109,tf:108,true,p2,accepted,,657008724,657010695026180,8
tf_policy_elo_616bc2f2_phase7_random_to40_2026-08-20,animal-cycle-random-7x7_g109_vs_g108.jsonl,animal-cycle-random-7x7,animal-cycle,random-start,7x7,tf:108,tf:109,false,p1,accepted,,657008724,657010695026181,9
tf_policy_elo_616bc2f2_phase7_random_to40_2026-08-20,animal-cycle-random-7x7_g109_vs_g108.jsonl,animal-cycle-random-7x7,animal-cycle,random-start,7x7,tf:109,tf:108,true,p2,accepted,,657008724,657010695026182,10
tf_policy_elo_616bc2f2_phase7_random_to40_2026-08-20,animal-cycle-random-7x7_g109_vs_g108.jsonl,animal-cycle-random-7x7,animal-cycle,random-start,7x7,tf:108,tf:109,false,p2,accepted,,657008724,657010695026183,11
tf_policy_elo_616bc2f2_phase7_random_to40_2026-08-20,animal-cycle-random-7x7_g109_vs_g108.jsonl,animal-cycle-random-7x7,animal-cycle,random-start,7x7,tf:109,tf:108,true,p1,accepted,,657008724,657010695026184,12
tf_policy_elo_616bc2f2_phase7_random_to40_2026-08-20,animal-cycle-random-7x7_g109_vs_g108.jsonl,animal-cycle-random-7x7,animal-cycle,random-start,7x7,tf:108,tf:109,false,p1,accepted,,657008724,657010695026185,13
tf_policy_elo_616bc2f2_phase7_random_to40_2026-08-20,animal-cycle-random-7x7_g109_vs_g108.jsonl,animal-cycle-random-7x7,animal-cycle,random-start,7x7,tf:109,tf:108,true,p1,accepted,,657008724,657010695026186,14
tf_policy_elo_616bc2f2_phase7_random_to40_2026-08-20,animal-cycle-random-7x7_g109_vs_g108.jsonl,animal-cycle-random-7x7,animal-cycle,random-start,7x7,tf:108,tf:109,false,p2,accepted,,657008724,657010695026187,15
tf_policy_elo_616bc2f2_phase7_random_to40_2026-08-20,animal-cycle-random-7x7_g109_vs_g108.jsonl,animal-cycle-random-7x7,animal-cycle,random-start,7x7,tf:109,tf:108,true,p1,accepted,,657008724,657010695026188,16
tf_policy_elo_616bc2f2_phase7_random_to40_2026-08-20,animal-cycle-random-7x7_g109_vs_g108.jsonl,animal-cycle-random-7x7,animal-cycle,random-start,7x7,tf:108,tf:109,false,p2,accepted,,657008724,657010695026189,17
tf_policy_elo_616bc2f2_phase7_random_to40_2026-08-20,animal-cycle-random-7x7_g109_vs_g108.jsonl,animal-cycle-random-7x7,animal-cycle,random-start,7x7,tf:109,tf:108,true,p2,accepted,,657008724,657010695026190,18
tf_policy_elo_616bc2f2_phase7_random_to40_2026-08-20,animal-cycle-random-7x7_g109_vs_g108.jsonl,animal-cycle-random-7x7,animal-cycle,random-start,7x7,tf:108,tf:109,false,p1,accepted,,657008724,657010695026191,19
tf_policy_elo_616bc2f2_phase7_random_to40_2026-08-20,animal-cycle-random-7x7_g109_vs_g108.jsonl,animal-cycle-random-7x7,animal-cycle,random-start,7x7,tf:109,tf:108,true,p2,accepted,,657008724,657010695026192,20
tf_policy_elo_616bc2f2_phase7_random_to40_2026-08-20,animal-cycle-random-7x7_g109_vs_g108.jsonl,animal-cycle-random-7x7,animal-cycle,random-start,7x7,tf:108,tf:109,false,p2,accepted,,657008724,657010695026193,21
tf_policy_elo_616bc2f2_phase7_random_to40_2026-08-20,animal-cycle-random-7x7_g109_vs_g108.jsonl,animal-cycle-random-7x7,animal-cycle,random-start,7x7,tf:109,tf:108,true,p2,accepted,,657008724,657010695026194,22
tf_policy_elo_616bc2f2_phase7_random_to40_2026-08-20,animal-cycle-random-7x7_g109_vs_g108.jsonl,animal-cycle-random-7x7,animal-cycle,random-start,7x7,tf:108,tf:109,false,p1,accepted,,657008724,657010695026195,23
tf_policy_elo_616bc2f2_phase7_random_to40_2026-08-20,animal-cycle-random-7x7_g109_vs_g108.jsonl,animal-cycle-random-7x7,animal-cycle,random-start,7x7,tf:109,tf:108,true,p2,accepted,,657008724,657010695026196,24
tf_policy_elo_616bc2f2_phase7_random_to40_2026-08-20,animal-cycle-random-7x7_g109_vs_g108.jsonl,animal-cycle-random-7x7,animal-cycle,random-start,7x7,tf:108,tf:109,false,p2,accepted,,657008724,657010695026197,25
tf_policy_elo_616bc2f2_phase7_random_to40_2026-08-20,animal-cycle-random-7x7_g109_vs_g108.jsonl,animal-cycle-random-7x7,animal-cycle,random-start,7x7,tf:109,tf:108,true,p1,accepted,,657008724,657010695026198,26
tf_policy_elo_616bc2f2_phase7_random_to40_2026-08-20,animal-cycle-random-7x7_g109_vs_g108.jsonl,animal-cycle-random-7x7,animal-cycle,random-start,7x7,tf:108,tf:109,false,p1,accepted,,657008724,657010695026199,27
tf_policy_elo_616bc2f2_phase7_random_to40_2026-08-20,animal-cycle-random-7x7_g110_vs_g104.jsonl,animal-cycle-random-7x7,animal-cycle,random-start,7x7,tf:110,tf:104,true,p1,accepted,,657104724,657106695314172,0
tf_policy_elo_616bc2f2_phase7_random_to40_2026-08-20,animal-cycle-random-7x7_g110_vs_g104.jsonl,animal-cycle-random-7x7,animal-cycle,random-start,7x7,tf:104,tf:110,false,p2,accepted,,657104724,657106695314173,1
tf_policy_elo_616bc2f2_phase7_random_to40_2026-08-20,animal-cycle-random-7x7_g110_vs_g104.jsonl,animal-cycle-random-7x7,animal-cycle,random-start,7x7,tf:110,tf:104,true,p1,accepted,,657104724,657106695314174,2
tf_policy_elo_616bc2f2_phase7_random_to40_2026-08-20,animal-cycle-random-7x7_g110_vs_g104.jsonl,animal-cycle-random-7x7,animal-cycle,random-start,7x7,tf:104,tf:110,false,p2,accepted,,657104724,657106695314175,3
tf_policy_elo_616bc2f2_phase7_random_to40_2026-08-20,animal-cycle-random-7x7_g110_vs_g104.jsonl,animal-cycle-random-7x7,animal-cycle,random-start,7x7,tf:110,tf:104,true,p2,accepted,,657104724,657106695314176,4
tf_policy_elo_616bc2f2_phase7_random_to40_2026-08-20,animal-cycle-random-7x7_g110_vs_g104.jsonl,animal-cycle-random-7x7,animal-cycle,random-start,7x7,tf:104,tf:110,false,p2,accepted,,657104724,657106695314177,5
tf_policy_elo_616bc2f2_phase7_random_to40_2026-08-20,animal-cycle-random-7x7_g110_vs_g104.jsonl,animal-cycle-random-7x7,animal-cycle,random-start,7x7,tf:110,tf:104,true,p2,accepted,,657104724,657106695314178,6
tf_policy_elo_616bc2f2_phase7_random_to40_2026-08-20,animal-cycle-random-7x7_g110_vs_g104.jsonl,animal-cycle-random-7x7,animal-cycle,random-start,7x7,tf:104,tf:110,false,p1,accepted,,657104724,657106695314179,7
tf_policy_elo_616bc2f2_phase7_random_to40_2026-08-20,animal-cycle-random-7x7_g110_vs_g104.jsonl,animal-cycle-random-7x7,animal-cycle,random-start,7x7,tf:110,tf:104,true,p1,accepted,,657104724,657106695314180,8
tf_policy_elo_616bc2f2_phase7_random_to40_2026-08-20,animal-cycle-random-7x7_g110_vs_g104.jsonl,animal-cycle-random-7x7,animal-cycle,random-start,7x7,tf:104,tf:110,false,p2,accepted,,657104724,657106695314181,9
tf_policy_elo_616bc2f2_phase7_random_to40_2026-08-20,animal-cycle-random-7x7_g110_vs_g104.jsonl,animal-cycle-random-7x7,animal-cycle,random-start,7x7,tf:110,tf:104,true,p1,accepted,,657104724,657106695314182,10
tf_policy_elo_616bc2f2_phase7_random_to40_2026-08-20,animal-cycle-random-7x7_g110_vs_g104.jsonl,animal-cycle-random-7x7,animal-cycle,random-start,7x7,tf:104,tf:110,false,p2,accepted,,657104724,657106695314183,11
tf_policy_elo_616bc2f2_phase7_random_to40_2026-08-20,animal-cycle-random-7x7_g110_vs_g104.jsonl,animal-cycle-random-7x7,animal-cycle,random-start,7x7,tf:110,tf:104,true,p2,accepted,,657104724,657106695314184,12
tf_policy_elo_616bc2f2_phase7_random_to40_2026-08-20,animal-cycle-random-7x7_g110_vs_g104.jsonl,animal-cycle-random-7x7,animal-cycle,random-start,7x7,tf:104,tf:110,false,p1,accepted,,657104724,657106695314185,13
tf_policy_elo_616bc2f2_phase7_random_to40_2026-08-20,animal-cycle-random-7x7_g110_vs_g104.jsonl,animal-cycle-random-7x7,animal-cycle,random-start,7x7,tf:110,tf:104,true,p2,accepted,,657104724,657106695314186,14
tf_policy_elo_616bc2f2_phase7_random_to40_2026-08-20,animal-cycle-random-7x7_g110_vs_g104.jsonl,animal-cycle-random-7x7,animal-cycle,random-start,7x7,tf:104,tf:110,false,p2,accepted,,657104724,657106695314187,15
tf_policy_elo_616bc2f2_phase7_random_to40_2026-08-20,animal-cycle-random-7x7_g110_vs_g104.jsonl,animal-cycle-random-7x7,animal-cycle,random-start,7x7,tf:110,tf:104,true,p2,accepted,,657104724,657106695314188,16
tf_policy_elo_616bc2f2_phase7_random_to40_2026-08-20,animal-cycle-random-7x7_g110_vs_g104.jsonl,animal-cycle-random-7x7,animal-cycle,random-start,7x7,tf:104,tf:110,false,p2,accepted,,657104724,657106695314189,17
tf_policy_elo_616bc2f2_phase7_random_to40_2026-08-20,animal-cycle-random-7x7_g110_vs_g104.jsonl,animal-cycle-random-7x7,animal-cycle,random-start,7x7,tf:110,tf:104,true,p1,accepted,,657104724,657106695314190,18
tf_policy_elo_616bc2f2_phase7_random_to40_2026-08-20,animal-cycle-random-7x7_g110_vs_g104.jsonl,animal-cycle-random-7x7,animal-cycle,random-start,7x7,tf:104,tf:110,false,p2,accepted,,657104724,657106695314191,19
tf_policy_elo_616bc2f2_phase7_random_to40_2026-08-20,animal-cycle-random-7x7_g110_vs_g104.jsonl,animal-cycle-random-7x7,animal-cycle,random-start,7x7,tf:110,tf:104,true,p2,accepted,,657104724,657106695314192,20
tf_policy_elo_616bc2f2_phase7_random_to40_2026-08-20,animal-cycle-random-7x7_g110_vs_g104.jsonl,animal-cycle-random-7x7,animal-cycle,random-start,7x7,tf:104,tf:110,false,p2,accepted,,657104724,657106695314193,21
tf_policy_elo_616bc2f2_phase7_random_to40_2026-08-20,animal-cycle-random-7x7_g110_vs_g104.jsonl,animal-cycle-random-7x7,animal-cycle,random-start,7x7,tf:110,tf:104,true,p2,accepted,,657104724,657106695314194,22
tf_policy_elo_616bc2f2_phase7_random_to40_2026-08-20,animal-cycle-random-7x7_g110_vs_g104.jsonl,animal-cycle-random-7x7,animal-cycle,random-start,7x7,tf:104,tf:110,false,p2,accepted,,657104724,657106695314195,23
tf_policy_elo_616bc2f2_phase7_random_to40_2026-08-20,animal-cycle-random-7x7_g110_vs_g104.jsonl,animal-cycle-random-7x7,animal-cycle,random-start,7x7,tf:110,tf:104,true,p1,accepted,,657104724,657106695314196,24
tf_policy_elo_616bc2f2_phase7_random_to40_2026-08-20,animal-cycle-random-7x7_g110_vs_g104.jsonl,animal-cycle-random-7x7,animal-cycle,random-start,7x7,tf:104,tf:110,false,p2,accepted,,657104724,657106695314197,25
tf_policy_elo_616bc2f2_phase7_random_to40_2026-08-20,animal-cycle-random-7x7_g110_vs_g104.jsonl,animal-cycle-random-7x7,animal-cycle,random-start,7x7,tf:110,tf:104,true,p1,accepted,,657104724,657106695314198,26
tf_policy_elo_616bc2f2_phase7_random_to40_2026-08-20,animal-cycle-random-7x7_g110_vs_g104.jsonl,animal-cycle-random-7x7,animal-cycle,random-start,7x7,tf:104,tf:110,false,p2,accepted,,657104724,657106695314199,27
tf_policy_elo_616bc2f2_phase7_random_to40_2026-08-20,animal-cycle-random-7x7_g110_vs_g107.jsonl,animal-cycle-random-7x7,animal-cycle,random-start,7x7,tf:110,tf:107,true,p1,accepted,,657107724,657109695323172,0
tf_policy_elo_616bc2f2_phase7_random_to40_2026-08-20,animal-cycle-random-7x7_g110_vs_g107.jsonl,animal-cycle-random-7x7,animal-cycle,random-start,7x7,tf:107,tf:110,false,p2,accepted,,657107724,657109695323173,1
tf_policy_elo_616bc2f2_phase7_random_to40_2026-08-20,animal-cycle-random-7x7_g110_vs_g107.jsonl,animal-cycle-random-7x7,animal-cycle,random-start,7x7,tf:110,tf:107,true,p1,accepted,,657107724,657109695323174,2
tf_policy_elo_616bc2f2_phase7_random_to40_2026-08-20,animal-cycle-random-7x7_g110_vs_g107.jsonl,animal-cycle-random-7x7,animal-cycle,random-start,7x7,tf:107,tf:110,false,p2,accepted,,657107724,657109695323175,3
tf_policy_elo_616bc2f2_phase7_random_to40_2026-08-20,animal-cycle-random-7x7_g110_vs_g107.jsonl,animal-cycle-random-7x7,animal-cycle,random-start,7x7,tf:110,tf:107,true,p1,accepted,,657107724,657109695323176,4
tf_policy_elo_616bc2f2_phase7_random_to40_2026-08-20,animal-cycle-random-7x7_g110_vs_g107.jsonl,animal-cycle-random-7x7,animal-cycle,random-start,7x7,tf:107,tf:110,false,p1,accepted,,657107724,657109695323177,5
tf_policy_elo_616bc2f2_phase7_random_to40_2026-08-20,animal-cycle-random-7x7_g110_vs_g107.jsonl,animal-cycle-random-7x7,animal-cycle,random-start,7x7,tf:110,tf:107,true,p1,accepted,,657107724,657109695323178,6
tf_policy_elo_616bc2f2_phase7_random_to40_2026-08-20,animal-cycle-random-7x7_g110_vs_g107.jsonl,animal-cycle-random-7x7,animal-cycle,random-start,7x7,tf:107,tf:110,false,p1,accepted,,657107724,657109695323179,7
tf_policy_elo_616bc2f2_phase7_random_to40_2026-08-20,animal-cycle-random-7x7_g110_vs_g107.jsonl,animal-cycle-random-7x7,animal-cycle,random-start,7x7,tf:110,tf:107,true,p1,accepted,,657107724,657109695323180,8
tf_policy_elo_616bc2f2_phase7_random_to40_2026-08-20,animal-cycle-random-7x7_g110_vs_g107.jsonl,animal-cycle-random-7x7,animal-cycle,random-start,7x7,tf:107,tf:110,false,p2,accepted,,657107724,657109695323181,9
tf_policy_elo_616bc2f2_phase7_random_to40_2026-08-20,animal-cycle-random-7x7_g110_vs_g107.jsonl,animal-cycle-random-7x7,animal-cycle,random-start,7x7,tf:110,tf:107,true,p2,accepted,,657107724,657109695323182,10
tf_policy_elo_616bc2f2_phase7_random_to40_2026-08-20,animal-cycle-random-7x7_g110_vs_g107.jsonl,animal-cycle-random-7x7,animal-cycle,random-start,7x7,tf:107,tf:110,false,p1,accepted,,657107724,657109695323183,11
tf_policy_elo_616bc2f2_phase7_random_to40_2026-08-20,animal-cycle-random-7x7_g110_vs_g107.jsonl,animal-cycle-random-7x7,animal-cycle,random-start,7x7,tf:110,tf:107,true,p1,accepted,,657107724,657109695323184,12
tf_policy_elo_616bc2f2_phase7_random_to40_2026-08-20,animal-cycle-random-7x7_g110_vs_g107.jsonl,animal-cycle-random-7x7,animal-cycle,random-start,7x7,tf:107,tf:110,false,p2,accepted,,657107724,657109695323185,13
tf_policy_elo_616bc2f2_phase7_random_to40_2026-08-20,animal-cycle-random-7x7_g110_vs_g107.jsonl,animal-cycle-random-7x7,animal-cycle,random-start,7x7,tf:110,tf:107,true,p1,accepted,,657107724,657109695323186,14
tf_policy_elo_616bc2f2_phase7_random_to40_2026-08-20,animal-cycle-random-7x7_g110_vs_g107.jsonl,animal-cycle-random-7x7,animal-cycle,random-start,7x7,tf:107,tf:110,false,p2,accepted,,657107724,657109695323187,15
tf_policy_elo_616bc2f2_phase7_random_to40_2026-08-20,animal-cycle-random-7x7_g110_vs_g107.jsonl,animal-cycle-random-7x7,animal-cycle,random-start,7x7,tf:110,tf:107,true,p1,accepted,,657107724,657109695323188,16
tf_policy_elo_616bc2f2_phase7_random_to40_2026-08-20,animal-cycle-random-7x7_g110_vs_g107.jsonl,animal-cycle-random-7x7,animal-cycle,random-start,7x7,tf:107,tf:110,false,p2,accepted,,657107724,657109695323189,17
tf_policy_elo_616bc2f2_phase7_random_to40_2026-08-20,animal-cycle-random-7x7_g110_vs_g107.jsonl,animal-cycle-random-7x7,animal-cycle,random-start,7x7,tf:110,tf:107,true,p2,accepted,,657107724,657109695323190,18
tf_policy_elo_616bc2f2_phase7_random_to40_2026-08-20,animal-cycle-random-7x7_g110_vs_g107.jsonl,animal-cycle-random-7x7,animal-cycle,random-start,7x7,tf:107,tf:110,false,p2,accepted,,657107724,657109695323191,19
tf_policy_elo_616bc2f2_phase7_random_to40_2026-08-20,animal-cycle-random-7x7_g110_vs_g107.jsonl,animal-cycle-random-7x7,animal-cycle,random-start,7x7,tf:110,tf:107,true,p1,accepted,,657107724,657109695323192,20
tf_policy_elo_616bc2f2_phase7_random_to40_2026-08-20,animal-cycle-random-7x7_g110_vs_g107.jsonl,animal-cycle-random-7x7,animal-cycle,random-start,7x7,tf:107,tf:110,false,p2,accepted,,657107724,657109695323193,21
tf_policy_elo_616bc2f2_phase7_random_to40_2026-08-20,animal-cycle-random-7x7_g110_vs_g107.jsonl,animal-cycle-random-7x7,animal-cycle,random-start,7x7,tf:110,tf:107,true,p2,accepted,,657107724,657109695323194,22
tf_policy_elo_616bc2f2_phase7_random_to40_2026-08-20,animal-cycle-random-7x7_g110_vs_g107.jsonl,animal-cycle-random-7x7,animal-cycle,random-start,7x7,tf:107,tf:110,false,p2,accepted,,657107724,657109695323195,23
tf_policy_elo_616bc2f2_phase7_random_to40_2026-08-20,animal-cycle-random-7x7_g110_vs_g107.jsonl,animal-cycle-random-7x7,animal-cycle,random-start,7x7,tf:110,tf:107,true,p1,accepted,,657107724,657109695323196,24
tf_policy_elo_616bc2f2_phase7_random_to40_2026-08-20,animal-cycle-random-7x7_g110_vs_g107.jsonl,animal-cycle-random-7x7,animal-cycle,random-start,7x7,tf:107,tf:110,false,p1,accepted,,657107724,657109695323197,25
tf_policy_elo_616bc2f2_phase7_random_to40_2026-08-20,animal-cycle-random-7x7_g110_vs_g107.jsonl,animal-cycle-random-7x7,animal-cycle,random-start,7x7,tf:110,tf:107,true,p1,accepted,,657107724,657109695323198,26
tf_policy_elo_616bc2f2_phase7_random_to40_2026-08-20,animal-cycle-random-7x7_g110_vs_g107.jsonl,animal-cycle-random-7x7,animal-cycle,random-start,7x7,tf:107,tf:110,false,p2,accepted,,657107724,657109695323199,27
tf_policy_elo_616bc2f2_phase7_random_to40_2026-08-20,animal-cycle-random-7x7_g110_vs_g109.jsonl,animal-cycle-random-7x7,animal-cycle,random-start,7x7,tf:110,tf:109,true,p2,accepted,,657109724,657111695329172,0
tf_policy_elo_616bc2f2_phase7_random_to40_2026-08-20,animal-cycle-random-7x7_g110_vs_g109.jsonl,animal-cycle-random-7x7,animal-cycle,random-start,7x7,tf:109,tf:110,false,p2,accepted,,657109724,657111695329173,1
tf_policy_elo_616bc2f2_phase7_random_to40_2026-08-20,animal-cycle-random-7x7_g110_vs_g109.jsonl,animal-cycle-random-7x7,animal-cycle,random-start,7x7,tf:110,tf:109,true,p1,accepted,,657109724,657111695329174,2
tf_policy_elo_616bc2f2_phase7_random_to40_2026-08-20,animal-cycle-random-7x7_g110_vs_g109.jsonl,animal-cycle-random-7x7,animal-cycle,random-start,7x7,tf:109,tf:110,false,p2,accepted,,657109724,657111695329175,3
tf_policy_elo_616bc2f2_phase7_random_to40_2026-08-20,animal-cycle-random-7x7_g110_vs_g109.jsonl,animal-cycle-random-7x7,animal-cycle,random-start,7x7,tf:110,tf:109,true,p1,accepted,,657109724,657111695329176,4
tf_policy_elo_616bc2f2_phase7_random_to40_2026-08-20,animal-cycle-random-7x7_g110_vs_g109.jsonl,animal-cycle-random-7x7,animal-cycle,random-start,7x7,tf:109,tf:110,false,p1,accepted,,657109724,657111695329177,5
tf_policy_elo_616bc2f2_phase7_random_to40_2026-08-20,animal-cycle-random-7x7_g110_vs_g109.jsonl,animal-cycle-random-7x7,animal-cycle,random-start,7x7,tf:110,tf:109,true,p1,accepted,,657109724,657111695329178,6
tf_policy_elo_616bc2f2_phase7_random_to40_2026-08-20,animal-cycle-random-7x7_g110_vs_g109.jsonl,animal-cycle-random-7x7,animal-cycle,random-start,7x7,tf:109,tf:110,false,p1,accepted,,657109724,657111695329179,7
tf_policy_elo_616bc2f2_phase7_random_to40_2026-08-20,animal-cycle-random-7x7_g110_vs_g109.jsonl,animal-cycle-random-7x7,animal-cycle,random-start,7x7,tf:110,tf:109,true,p1,accepted,,657109724,657111695329180,8
tf_policy_elo_616bc2f2_phase7_random_to40_2026-08-20,animal-cycle-random-7x7_g110_vs_g109.jsonl,animal-cycle-random-7x7,animal-cycle,random-start,7x7,tf:109,tf:110,false,p1,accepted,,657109724,657111695329181,9
tf_policy_elo_616bc2f2_phase7_random_to40_2026-08-20,animal-cycle-random-7x7_g110_vs_g109.jsonl,animal-cycle-random-7x7,animal-cycle,random-start,7x7,tf:110,tf:109,true,p2,accepted,,657109724,657111695329182,10
tf_policy_elo_616bc2f2_phase7_random_to40_2026-08-20,animal-cycle-random-7x7_g110_vs_g109.jsonl,animal-cycle-random-7x7,animal-cycle,random-start,7x7,tf:109,tf:110,false,p1,accepted,,657109724,657111695329183,11
tf_policy_elo_616bc2f2_phase7_random_to40_2026-08-20,animal-cycle-random-7x7_g110_vs_g109.jsonl,animal-cycle-random-7x7,animal-cycle,random-start,7x7,tf:110,tf:109,true,p2,accepted,,657109724,657111695329184,12
tf_policy_elo_616bc2f2_phase7_random_to40_2026-08-20,animal-cycle-random-7x7_g110_vs_g109.jsonl,animal-cycle-random-7x7,animal-cycle,random-start,7x7,tf:109,tf:110,false,p1,accepted,,657109724,657111695329185,13
tf_policy_elo_616bc2f2_phase7_random_to40_2026-08-20,animal-cycle-random-7x7_g110_vs_g109.jsonl,animal-cycle-random-7x7,animal-cycle,random-start,7x7,tf:110,tf:109,true,p2,accepted,,657109724,657111695329186,14
tf_policy_elo_616bc2f2_phase7_random_to40_2026-08-20,animal-cycle-random-7x7_g110_vs_g109.jsonl,animal-cycle-random-7x7,animal-cycle,random-start,7x7,tf:109,tf:110,false,p1,accepted,,657109724,657111695329187,15
tf_policy_elo_616bc2f2_phase7_random_to40_2026-08-20,animal-cycle-random-7x7_g110_vs_g109.jsonl,animal-cycle-random-7x7,animal-cycle,random-start,7x7,tf:110,tf:109,true,p1,accepted,,657109724,657111695329188,16
tf_policy_elo_616bc2f2_phase7_random_to40_2026-08-20,animal-cycle-random-7x7_g110_vs_g109.jsonl,animal-cycle-random-7x7,animal-cycle,random-start,7x7,tf:109,tf:110,false,p1,accepted,,657109724,657111695329189,17
tf_policy_elo_616bc2f2_phase7_random_to40_2026-08-20,animal-cycle-random-7x7_g110_vs_g109.jsonl,animal-cycle-random-7x7,animal-cycle,random-start,7x7,tf:110,tf:109,true,p1,accepted,,657109724,657111695329190,18
tf_policy_elo_616bc2f2_phase7_random_to40_2026-08-20,animal-cycle-random-7x7_g110_vs_g109.jsonl,animal-cycle-random-7x7,animal-cycle,random-start,7x7,tf:109,tf:110,false,p2,accepted,,657109724,657111695329191,19
tf_policy_elo_616bc2f2_phase7_random_to40_2026-08-20,animal-cycle-random-7x7_g110_vs_g109.jsonl,animal-cycle-random-7x7,animal-cycle,random-start,7x7,tf:110,tf:109,true,p1,accepted,,657109724,657111695329192,20
tf_policy_elo_616bc2f2_phase7_random_to40_2026-08-20,animal-cycle-random-7x7_g110_vs_g109.jsonl,animal-cycle-random-7x7,animal-cycle,random-start,7x7,tf:109,tf:110,false,p2,accepted,,657109724,657111695329193,21
tf_policy_elo_616bc2f2_phase7_random_to40_2026-08-20,animal-cycle-random-7x7_g110_vs_g109.jsonl,animal-cycle-random-7x7,animal-cycle,random-start,7x7,tf:110,tf:109,true,p2,accepted,,657109724,657111695329194,22
tf_policy_elo_616bc2f2_phase7_random_to40_2026-08-20,animal-cycle-random-7x7_g110_vs_g109.jsonl,animal-cycle-random-7x7,animal-cycle,random-start,7x7,tf:109,tf:110,false,p1,accepted,,657109724,657111695329195,23
tf_policy_elo_616bc2f2_phase7_random_to40_2026-08-20,animal-cycle-random-7x7_g110_vs_g109.jsonl,animal-cycle-random-7x7,animal-cycle,random-start,7x7,tf:110,tf:109,true,p2,accepted,,657109724,657111695329196,24
tf_policy_elo_616bc2f2_phase7_random_to40_2026-08-20,animal-cycle-random-7x7_g110_vs_g109.jsonl,animal-cycle-random-7x7,animal-cycle,random-start,7x7,tf:109,tf:110,false,p1,accepted,,657109724,657111695329197,25
tf_policy_elo_616bc2f2_phase7_random_to40_2026-08-20,animal-cycle-random-7x7_g110_vs_g109.jsonl,animal-cycle-random-7x7,animal-cycle,random-start,7x7,tf:110,tf:109,true,p2,accepted,,657109724,657111695329198,26
tf_policy_elo_616bc2f2_phase7_random_to40_2026-08-20,animal-cycle-random-7x7_g110_vs_g109.jsonl,animal-cycle-random-7x7,animal-cycle,random-start,7x7,tf:109,tf:110,false,p1,accepted,,657109724,657111695329199,27
tf_policy_elo_616bc2f2_phase7_random_to40_2026-08-20,animal-cycle-random-7x7_g111_vs_g105.jsonl,animal-cycle-random-7x7,animal-cycle,random-start,7x7,tf:111,tf:105,true,p1,accepted,,657205724,657207695617172,0
tf_policy_elo_616bc2f2_phase7_random_to40_2026-08-20,animal-cycle-random-7x7_g111_vs_g105.jsonl,animal-cycle-random-7x7,animal-cycle,random-start,7x7,tf:105,tf:111,false,p2,accepted,,657205724,657207695617173,1
tf_policy_elo_616bc2f2_phase7_random_to40_2026-08-20,animal-cycle-random-7x7_g111_vs_g105.jsonl,animal-cycle-random-7x7,animal-cycle,random-start,7x7,tf:111,tf:105,true,p1,accepted,,657205724,657207695617174,2
tf_policy_elo_616bc2f2_phase7_random_to40_2026-08-20,animal-cycle-random-7x7_g111_vs_g105.jsonl,animal-cycle-random-7x7,animal-cycle,random-start,7x7,tf:105,tf:111,false,p2,accepted,,657205724,657207695617175,3
tf_policy_elo_616bc2f2_phase7_random_to40_2026-08-20,animal-cycle-random-7x7_g111_vs_g105.jsonl,animal-cycle-random-7x7,animal-cycle,random-start,7x7,tf:111,tf:105,true,p1,accepted,,657205724,657207695617176,4
tf_policy_elo_616bc2f2_phase7_random_to40_2026-08-20,animal-cycle-random-7x7_g111_vs_g105.jsonl,animal-cycle-random-7x7,animal-cycle,random-start,7x7,tf:105,tf:111,false,p2,accepted,,657205724,657207695617177,5
tf_policy_elo_616bc2f2_phase7_random_to40_2026-08-20,animal-cycle-random-7x7_g111_vs_g105.jsonl,animal-cycle-random-7x7,animal-cycle,random-start,7x7,tf:111,tf:105,true,p1,accepted,,657205724,657207695617178,6
tf_policy_elo_616bc2f2_phase7_random_to40_2026-08-20,animal-cycle-random-7x7_g111_vs_g105.jsonl,animal-cycle-random-7x7,animal-cycle,random-start,7x7,tf:105,tf:111,false,p2,accepted,,657205724,657207695617179,7
tf_policy_elo_616bc2f2_phase7_random_to40_2026-08-20,animal-cycle-random-7x7_g111_vs_g105.jsonl,animal-cycle-random-7x7,animal-cycle,random-start,7x7,tf:111,tf:105,true,p2,accepted,,657205724,657207695617180,8
tf_policy_elo_616bc2f2_phase7_random_to40_2026-08-20,animal-cycle-random-7x7_g111_vs_g105.jsonl,animal-cycle-random-7x7,animal-cycle,random-start,7x7,tf:105,tf:111,false,p2,accepted,,657205724,657207695617181,9
tf_policy_elo_616bc2f2_phase7_random_to40_2026-08-20,animal-cycle-random-7x7_g111_vs_g105.jsonl,animal-cycle-random-7x7,animal-cycle,random-start,7x7,tf:111,tf:105,true,p1,accepted,,657205724,657207695617182,10
tf_policy_elo_616bc2f2_phase7_random_to40_2026-08-20,animal-cycle-random-7x7_g111_vs_g105.jsonl,animal-cycle-random-7x7,animal-cycle,random-start,7x7,tf:105,tf:111,false,p2,accepted,,657205724,657207695617183,11
tf_policy_elo_616bc2f2_phase7_random_to40_2026-08-20,animal-cycle-random-7x7_g111_vs_g105.jsonl,animal-cycle-random-7x7,animal-cycle,random-start,7x7,tf:111,tf:105,true,p1,accepted,,657205724,657207695617184,12
tf_policy_elo_616bc2f2_phase7_random_to40_2026-08-20,animal-cycle-random-7x7_g111_vs_g105.jsonl,animal-cycle-random-7x7,animal-cycle,random-start,7x7,tf:105,tf:111,false,p2,accepted,,657205724,657207695617185,13
tf_policy_elo_616bc2f2_phase7_random_to40_2026-08-20,animal-cycle-random-7x7_g111_vs_g105.jsonl,animal-cycle-random-7x7,animal-cycle,random-start,7x7,tf:111,tf:105,true,p2,accepted,,657205724,657207695617186,14
tf_policy_elo_616bc2f2_phase7_random_to40_2026-08-20,animal-cycle-random-7x7_g111_vs_g105.jsonl,animal-cycle-random-7x7,animal-cycle,random-start,7x7,tf:105,tf:111,false,p1,accepted,,657205724,657207695617187,15
tf_policy_elo_616bc2f2_phase7_random_to40_2026-08-20,animal-cycle-random-7x7_g111_vs_g105.jsonl,animal-cycle-random-7x7,animal-cycle,random-start,7x7,tf:111,tf:105,true,p1,accepted,,657205724,657207695617188,16
tf_policy_elo_616bc2f2_phase7_random_to40_2026-08-20,animal-cycle-random-7x7_g111_vs_g105.jsonl,animal-cycle-random-7x7,animal-cycle,random-start,7x7,tf:105,tf:111,false,p2,accepted,,657205724,657207695617189,17
tf_policy_elo_616bc2f2_phase7_random_to40_2026-08-20,animal-cycle-random-7x7_g111_vs_g105.jsonl,animal-cycle-random-7x7,animal-cycle,random-start,7x7,tf:111,tf:105,true,p1,accepted,,657205724,657207695617190,18
tf_policy_elo_616bc2f2_phase7_random_to40_2026-08-20,animal-cycle-random-7x7_g111_vs_g105.jsonl,animal-cycle-random-7x7,animal-cycle,random-start,7x7,tf:105,tf:111,false,p1,accepted,,657205724,657207695617191,19
tf_policy_elo_616bc2f2_phase7_random_to40_2026-08-20,animal-cycle-random-7x7_g111_vs_g105.jsonl,animal-cycle-random-7x7,animal-cycle,random-start,7x7,tf:111,tf:105,true,p1,accepted,,657205724,657207695617192,20
tf_policy_elo_616bc2f2_phase7_random_to40_2026-08-20,animal-cycle-random-7x7_g111_vs_g105.jsonl,animal-cycle-random-7x7,animal-cycle,random-start,7x7,tf:105,tf:111,false,p1,accepted,,657205724,657207695617193,21
tf_policy_elo_616bc2f2_phase7_random_to40_2026-08-20,animal-cycle-random-7x7_g111_vs_g105.jsonl,animal-cycle-random-7x7,animal-cycle,random-start,7x7,tf:111,tf:105,true,p1,accepted,,657205724,657207695617194,22
tf_policy_elo_616bc2f2_phase7_random_to40_2026-08-20,animal-cycle-random-7x7_g111_vs_g105.jsonl,animal-cycle-random-7x7,animal-cycle,random-start,7x7,tf:105,tf:111,false,p2,accepted,,657205724,657207695617195,23
tf_policy_elo_616bc2f2_phase7_random_to40_2026-08-20,animal-cycle-random-7x7_g111_vs_g105.jsonl,animal-cycle-random-7x7,animal-cycle,random-start,7x7,tf:111,tf:105,true,p2,accepted,,657205724,657207695617196,24
tf_policy_elo_616bc2f2_phase7_random_to40_2026-08-20,animal-cycle-random-7x7_g111_vs_g105.jsonl,animal-cycle-random-7x7,animal-cycle,random-start,7x7,tf:105,tf:111,false,p2,accepted,,657205724,657207695617197,25
tf_policy_elo_616bc2f2_phase7_random_to40_2026-08-20,animal-cycle-random-7x7_g111_vs_g105.jsonl,animal-cycle-random-7x7,animal-cycle,random-start,7x7,tf:111,tf:105,true,p1,accepted,,657205724,657207695617198,26
tf_policy_elo_616bc2f2_phase7_random_to40_2026-08-20,animal-cycle-random-7x7_g111_vs_g105.jsonl,animal-cycle-random-7x7,animal-cycle,random-start,7x7,tf:105,tf:111,false,p2,accepted,,657205724,657207695617199,27
tf_policy_elo_616bc2f2_phase7_random_to40_2026-08-20,animal-cycle-random-7x7_g111_vs_g108.jsonl,animal-cycle-random-7x7,animal-cycle,random-start,7x7,tf:111,tf:108,true,p2,accepted,,657208724,657210695626172,0
tf_policy_elo_616bc2f2_phase7_random_to40_2026-08-20,animal-cycle-random-7x7_g111_vs_g108.jsonl,animal-cycle-random-7x7,animal-cycle,random-start,7x7,tf:108,tf:111,false,p2,accepted,,657208724,657210695626173,1
tf_policy_elo_616bc2f2_phase7_random_to40_2026-08-20,animal-cycle-random-7x7_g111_vs_g108.jsonl,animal-cycle-random-7x7,animal-cycle,random-start,7x7,tf:111,tf:108,true,p1,accepted,,657208724,657210695626174,2
tf_policy_elo_616bc2f2_phase7_random_to40_2026-08-20,animal-cycle-random-7x7_g111_vs_g108.jsonl,animal-cycle-random-7x7,animal-cycle,random-start,7x7,tf:108,tf:111,false,p1,accepted,,657208724,657210695626175,3
tf_policy_elo_616bc2f2_phase7_random_to40_2026-08-20,animal-cycle-random-7x7_g111_vs_g108.jsonl,animal-cycle-random-7x7,animal-cycle,random-start,7x7,tf:111,tf:108,true,p1,accepted,,657208724,657210695626176,4
tf_policy_elo_616bc2f2_phase7_random_to40_2026-08-20,animal-cycle-random-7x7_g111_vs_g108.jsonl,animal-cycle-random-7x7,animal-cycle,random-start,7x7,tf:108,tf:111,false,p1,accepted,,657208724,657210695626177,5
tf_policy_elo_616bc2f2_phase7_random_to40_2026-08-20,animal-cycle-random-7x7_g111_vs_g108.jsonl,animal-cycle-random-7x7,animal-cycle,random-start,7x7,tf:111,tf:108,true,p1,accepted,,657208724,657210695626178,6
tf_policy_elo_616bc2f2_phase7_random_to40_2026-08-20,animal-cycle-random-7x7_g111_vs_g108.jsonl,animal-cycle-random-7x7,animal-cycle,random-start,7x7,tf:108,tf:111,false,p2,accepted,,657208724,657210695626179,7
tf_policy_elo_616bc2f2_phase7_random_to40_2026-08-20,animal-cycle-random-7x7_g111_vs_g108.jsonl,animal-cycle-random-7x7,animal-cycle,random-start,7x7,tf:111,tf:108,true,p1,accepted,,657208724,657210695626180,8
tf_policy_elo_616bc2f2_phase7_random_to40_2026-08-20,animal-cycle-random-7x7_g111_vs_g108.jsonl,animal-cycle-random-7x7,animal-cycle,random-start,7x7,tf:108,tf:111,false,p2,accepted,,657208724,657210695626181,9
tf_policy_elo_616bc2f2_phase7_random_to40_2026-08-20,animal-cycle-random-7x7_g111_vs_g108.jsonl,animal-cycle-random-7x7,animal-cycle,random-start,7x7,tf:111,tf:108,true,p1,accepted,,657208724,657210695626182,10
tf_policy_elo_616bc2f2_phase7_random_to40_2026-08-20,animal-cycle-random-7x7_g111_vs_g108.jsonl,animal-cycle-random-7x7,animal-cycle,random-start,7x7,tf:108,tf:111,false,p1,accepted,,657208724,657210695626183,11
tf_policy_elo_616bc2f2_phase7_random_to40_2026-08-20,animal-cycle-random-7x7_g111_vs_g108.jsonl,animal-cycle-random-7x7,animal-cycle,random-start,7x7,tf:111,tf:108,true,p1,accepted,,657208724,657210695626184,12
tf_policy_elo_616bc2f2_phase7_random_to40_2026-08-20,animal-cycle-random-7x7_g111_vs_g108.jsonl,animal-cycle-random-7x7,animal-cycle,random-start,7x7,tf:108,tf:111,false,p2,accepted,,657208724,657210695626185,13
tf_policy_elo_616bc2f2_phase7_random_to40_2026-08-20,animal-cycle-random-7x7_g111_vs_g108.jsonl,animal-cycle-random-7x7,animal-cycle,random-start,7x7,tf:111,tf:108,true,p1,accepted,,657208724,657210695626186,14
tf_policy_elo_616bc2f2_phase7_random_to40_2026-08-20,animal-cycle-random-7x7_g111_vs_g108.jsonl,animal-cycle-random-7x7,animal-cycle,random-start,7x7,tf:108,tf:111,false,p1,accepted,,657208724,657210695626187,15
tf_policy_elo_616bc2f2_phase7_random_to40_2026-08-20,animal-cycle-random-7x7_g111_vs_g108.jsonl,animal-cycle-random-7x7,animal-cycle,random-start,7x7,tf:111,tf:108,true,p1,accepted,,657208724,657210695626188,16
tf_policy_elo_616bc2f2_phase7_random_to40_2026-08-20,animal-cycle-random-7x7_g111_vs_g108.jsonl,animal-cycle-random-7x7,animal-cycle,random-start,7x7,tf:108,tf:111,false,p1,accepted,,657208724,657210695626189,17
tf_policy_elo_616bc2f2_phase7_random_to40_2026-08-20,animal-cycle-random-7x7_g111_vs_g108.jsonl,animal-cycle-random-7x7,animal-cycle,random-start,7x7,tf:111,tf:108,true,p1,accepted,,657208724,657210695626190,18
tf_policy_elo_616bc2f2_phase7_random_to40_2026-08-20,animal-cycle-random-7x7_g111_vs_g108.jsonl,animal-cycle-random-7x7,animal-cycle,random-start,7x7,tf:108,tf:111,false,p1,accepted,,657208724,657210695626191,19
tf_policy_elo_616bc2f2_phase7_random_to40_2026-08-20,animal-cycle-random-7x7_g111_vs_g108.jsonl,animal-cycle-random-7x7,animal-cycle,random-start,7x7,tf:111,tf:108,true,p1,accepted,,657208724,657210695626192,20
tf_policy_elo_616bc2f2_phase7_random_to40_2026-08-20,animal-cycle-random-7x7_g111_vs_g108.jsonl,animal-cycle-random-7x7,animal-cycle,random-start,7x7,tf:108,tf:111,false,p1,accepted,,657208724,657210695626193,21
tf_policy_elo_616bc2f2_phase7_random_to40_2026-08-20,animal-cycle-random-7x7_g111_vs_g108.jsonl,animal-cycle-random-7x7,animal-cycle,random-start,7x7,tf:111,tf:108,true,p1,accepted,,657208724,657210695626194,22
tf_policy_elo_616bc2f2_phase7_random_to40_2026-08-20,animal-cycle-random-7x7_g111_vs_g108.jsonl,animal-cycle-random-7x7,animal-cycle,random-start,7x7,tf:108,tf:111,false,p1,accepted,,657208724,657210695626195,23
tf_policy_elo_616bc2f2_phase7_random_to40_2026-08-20,animal-cycle-random-7x7_g111_vs_g108.jsonl,animal-cycle-random-7x7,animal-cycle,random-start,7x7,tf:111,tf:108,true,p2,accepted,,657208724,657210695626196,24
tf_policy_elo_616bc2f2_phase7_random_to40_2026-08-20,animal-cycle-random-7x7_g111_vs_g108.jsonl,animal-cycle-random-7x7,animal-cycle,random-start,7x7,tf:108,tf:111,false,p1,accepted,,657208724,657210695626197,25
tf_policy_elo_616bc2f2_phase7_random_to40_2026-08-20,animal-cycle-random-7x7_g111_vs_g108.jsonl,animal-cycle-random-7x7,animal-cycle,random-start,7x7,tf:111,tf:108,true,p1,accepted,,657208724,657210695626198,26
tf_policy_elo_616bc2f2_phase7_random_to40_2026-08-20,animal-cycle-random-7x7_g111_vs_g108.jsonl,animal-cycle-random-7x7,animal-cycle,random-start,7x7,tf:108,tf:111,false,p1,accepted,,657208724,657210695626199,27
tf_policy_elo_616bc2f2_phase7_random_to40_2026-08-20,animal-cycle-random-7x7_g111_vs_g110.jsonl,animal-cycle-random-7x7,animal-cycle,random-start,7x7,tf:111,tf:110,true,p2,accepted,,657210724,657212695632172,0
tf_policy_elo_616bc2f2_phase7_random_to40_2026-08-20,animal-cycle-random-7x7_g111_vs_g110.jsonl,animal-cycle-random-7x7,animal-cycle,random-start,7x7,tf:110,tf:111,false,p1,accepted,,657210724,657212695632173,1
tf_policy_elo_616bc2f2_phase7_random_to40_2026-08-20,animal-cycle-random-7x7_g111_vs_g110.jsonl,animal-cycle-random-7x7,animal-cycle,random-start,7x7,tf:111,tf:110,true,p2,accepted,,657210724,657212695632174,2
tf_policy_elo_616bc2f2_phase7_random_to40_2026-08-20,animal-cycle-random-7x7_g111_vs_g110.jsonl,animal-cycle-random-7x7,animal-cycle,random-start,7x7,tf:110,tf:111,false,p2,accepted,,657210724,657212695632175,3
tf_policy_elo_616bc2f2_phase7_random_to40_2026-08-20,animal-cycle-random-7x7_g111_vs_g110.jsonl,animal-cycle-random-7x7,animal-cycle,random-start,7x7,tf:111,tf:110,true,p2,accepted,,657210724,657212695632176,4
tf_policy_elo_616bc2f2_phase7_random_to40_2026-08-20,animal-cycle-random-7x7_g111_vs_g110.jsonl,animal-cycle-random-7x7,animal-cycle,random-start,7x7,tf:110,tf:111,false,p1,accepted,,657210724,657212695632177,5
tf_policy_elo_616bc2f2_phase7_random_to40_2026-08-20,animal-cycle-random-7x7_g111_vs_g110.jsonl,animal-cycle-random-7x7,animal-cycle,random-start,7x7,tf:111,tf:110,true,p1,accepted,,657210724,657212695632178,6
tf_policy_elo_616bc2f2_phase7_random_to40_2026-08-20,animal-cycle-random-7x7_g111_vs_g110.jsonl,animal-cycle-random-7x7,animal-cycle,random-start,7x7,tf:110,tf:111,false,p1,accepted,,657210724,657212695632179,7
tf_policy_elo_616bc2f2_phase7_random_to40_2026-08-20,animal-cycle-random-7x7_g111_vs_g110.jsonl,animal-cycle-random-7x7,animal-cycle,random-start,7x7,tf:111,tf:110,true,p2,accepted,,657210724,657212695632180,8
tf_policy_elo_616bc2f2_phase7_random_to40_2026-08-20,animal-cycle-random-7x7_g111_vs_g110.jsonl,animal-cycle-random-7x7,animal-cycle,random-start,7x7,tf:110,tf:111,false,p1,accepted,,657210724,657212695632181,9
tf_policy_elo_616bc2f2_phase7_random_to40_2026-08-20,animal-cycle-random-7x7_g111_vs_g110.jsonl,animal-cycle-random-7x7,animal-cycle,random-start,7x7,tf:111,tf:110,true,p1,accepted,,657210724,657212695632182,10
tf_policy_elo_616bc2f2_phase7_random_to40_2026-08-20,animal-cycle-random-7x7_g111_vs_g110.jsonl,animal-cycle-random-7x7,animal-cycle,random-start,7x7,tf:110,tf:111,false,p1,accepted,,657210724,657212695632183,11
tf_policy_elo_616bc2f2_phase7_random_to40_2026-08-20,animal-cycle-random-7x7_g111_vs_g110.jsonl,animal-cycle-random-7x7,animal-cycle,random-start,7x7,tf:111,tf:110,true,p1,accepted,,657210724,657212695632184,12
tf_policy_elo_616bc2f2_phase7_random_to40_2026-08-20,animal-cycle-random-7x7_g111_vs_g110.jsonl,animal-cycle-random-7x7,animal-cycle,random-start,7x7,tf:110,tf:111,false,p1,accepted,,657210724,657212695632185,13
tf_policy_elo_616bc2f2_phase7_random_to40_2026-08-20,animal-cycle-random-7x7_g111_vs_g110.jsonl,animal-cycle-random-7x7,animal-cycle,random-start,7x7,tf:111,tf:110,true,p1,accepted,,657210724,657212695632186,14
tf_policy_elo_616bc2f2_phase7_random_to40_2026-08-20,animal-cycle-random-7x7_g111_vs_g110.jsonl,animal-cycle-random-7x7,animal-cycle,random-start,7x7,tf:110,tf:111,false,p2,accepted,,657210724,657212695632187,15
tf_policy_elo_616bc2f2_phase7_random_to40_2026-08-20,animal-cycle-random-7x7_g111_vs_g110.jsonl,animal-cycle-random-7x7,animal-cycle,random-start,7x7,tf:111,tf:110,true,p1,accepted,,657210724,657212695632188,16
tf_policy_elo_616bc2f2_phase7_random_to40_2026-08-20,animal-cycle-random-7x7_g111_vs_g110.jsonl,animal-cycle-random-7x7,animal-cycle,random-start,7x7,tf:110,tf:111,false,p1,accepted,,657210724,657212695632189,17
tf_policy_elo_616bc2f2_phase7_random_to40_2026-08-20,animal-cycle-random-7x7_g111_vs_g110.jsonl,animal-cycle-random-7x7,animal-cycle,random-start,7x7,tf:111,tf:110,true,p2,accepted,,657210724,657212695632190,18
tf_policy_elo_616bc2f2_phase7_random_to40_2026-08-20,animal-cycle-random-7x7_g111_vs_g110.jsonl,animal-cycle-random-7x7,animal-cycle,random-start,7x7,tf:110,tf:111,false,p1,accepted,,657210724,657212695632191,19
tf_policy_elo_616bc2f2_phase7_random_to40_2026-08-20,animal-cycle-random-7x7_g111_vs_g110.jsonl,animal-cycle-random-7x7,animal-cycle,random-start,7x7,tf:111,tf:110,true,p2,accepted,,657210724,657212695632192,20
tf_policy_elo_616bc2f2_phase7_random_to40_2026-08-20,animal-cycle-random-7x7_g111_vs_g110.jsonl,animal-cycle-random-7x7,animal-cycle,random-start,7x7,tf:110,tf:111,false,p1,accepted,,657210724,657212695632193,21
tf_policy_elo_616bc2f2_phase7_random_to40_2026-08-20,animal-cycle-random-7x7_g111_vs_g110.jsonl,animal-cycle-random-7x7,animal-cycle,random-start,7x7,tf:111,tf:110,true,p1,accepted,,657210724,657212695632194,22
tf_policy_elo_616bc2f2_phase7_random_to40_2026-08-20,animal-cycle-random-7x7_g111_vs_g110.jsonl,animal-cycle-random-7x7,animal-cycle,random-start,7x7,tf:110,tf:111,false,p1,accepted,,657210724,657212695632195,23
tf_policy_elo_616bc2f2_phase7_random_to40_2026-08-20,animal-cycle-random-7x7_g111_vs_g110.jsonl,animal-cycle-random-7x7,animal-cycle,random-start,7x7,tf:111,tf:110,true,p2,accepted,,657210724,657212695632196,24
tf_policy_elo_616bc2f2_phase7_random_to40_2026-08-20,animal-cycle-random-7x7_g111_vs_g110.jsonl,animal-cycle-random-7x7,animal-cycle,random-start,7x7,tf:110,tf:111,false,p2,accepted,,657210724,657212695632197,25
tf_policy_elo_616bc2f2_phase7_random_to40_2026-08-20,animal-cycle-random-7x7_g111_vs_g110.jsonl,animal-cycle-random-7x7,animal-cycle,random-start,7x7,tf:111,tf:110,true,p1,accepted,,657210724,657212695632198,26
tf_policy_elo_616bc2f2_phase7_random_to40_2026-08-20,animal-cycle-random-7x7_g111_vs_g110.jsonl,animal-cycle-random-7x7,animal-cycle,random-start,7x7,tf:110,tf:111,false,p2,accepted,,657210724,657212695632199,27
tf_policy_elo_616bc2f2_phase7_random_to40_2026-08-20,animal-cycle-random-7x7_g112_vs_g106.jsonl,animal-cycle-random-7x7,animal-cycle,random-start,7x7,tf:112,tf:106,true,p1,accepted,,657306724,657308695920172,0
tf_policy_elo_616bc2f2_phase7_random_to40_2026-08-20,animal-cycle-random-7x7_g112_vs_g106.jsonl,animal-cycle-random-7x7,animal-cycle,random-start,7x7,tf:106,tf:112,false,p2,accepted,,657306724,657308695920173,1
tf_policy_elo_616bc2f2_phase7_random_to40_2026-08-20,animal-cycle-random-7x7_g112_vs_g106.jsonl,animal-cycle-random-7x7,animal-cycle,random-start,7x7,tf:112,tf:106,true,p1,accepted,,657306724,657308695920174,2
tf_policy_elo_616bc2f2_phase7_random_to40_2026-08-20,animal-cycle-random-7x7_g112_vs_g106.jsonl,animal-cycle-random-7x7,animal-cycle,random-start,7x7,tf:106,tf:112,false,p1,accepted,,657306724,657308695920175,3
tf_policy_elo_616bc2f2_phase7_random_to40_2026-08-20,animal-cycle-random-7x7_g112_vs_g106.jsonl,animal-cycle-random-7x7,animal-cycle,random-start,7x7,tf:112,tf:106,true,p1,accepted,,657306724,657308695920176,4
tf_policy_elo_616bc2f2_phase7_random_to40_2026-08-20,animal-cycle-random-7x7_g112_vs_g106.jsonl,animal-cycle-random-7x7,animal-cycle,random-start,7x7,tf:106,tf:112,false,p2,accepted,,657306724,657308695920177,5
tf_policy_elo_616bc2f2_phase7_random_to40_2026-08-20,animal-cycle-random-7x7_g112_vs_g106.jsonl,animal-cycle-random-7x7,animal-cycle,random-start,7x7,tf:112,tf:106,true,p2,accepted,,657306724,657308695920178,6
tf_policy_elo_616bc2f2_phase7_random_to40_2026-08-20,animal-cycle-random-7x7_g112_vs_g106.jsonl,animal-cycle-random-7x7,animal-cycle,random-start,7x7,tf:106,tf:112,false,p2,accepted,,657306724,657308695920179,7
tf_policy_elo_616bc2f2_phase7_random_to40_2026-08-20,animal-cycle-random-7x7_g112_vs_g106.jsonl,animal-cycle-random-7x7,animal-cycle,random-start,7x7,tf:112,tf:106,true,p1,accepted,,657306724,657308695920180,8
tf_policy_elo_616bc2f2_phase7_random_to40_2026-08-20,animal-cycle-random-7x7_g112_vs_g106.jsonl,animal-cycle-random-7x7,animal-cycle,random-start,7x7,tf:106,tf:112,false,p2,accepted,,657306724,657308695920181,9
tf_policy_elo_616bc2f2_phase7_random_to40_2026-08-20,animal-cycle-random-7x7_g112_vs_g106.jsonl,animal-cycle-random-7x7,animal-cycle,random-start,7x7,tf:112,tf:106,true,p1,accepted,,657306724,657308695920182,10
tf_policy_elo_616bc2f2_phase7_random_to40_2026-08-20,animal-cycle-random-7x7_g112_vs_g106.jsonl,animal-cycle-random-7x7,animal-cycle,random-start,7x7,tf:106,tf:112,false,p2,accepted,,657306724,657308695920183,11
tf_policy_elo_616bc2f2_phase7_random_to40_2026-08-20,animal-cycle-random-7x7_g112_vs_g106.jsonl,animal-cycle-random-7x7,animal-cycle,random-start,7x7,tf:112,tf:106,true,p1,accepted,,657306724,657308695920184,12
tf_policy_elo_616bc2f2_phase7_random_to40_2026-08-20,animal-cycle-random-7x7_g112_vs_g106.jsonl,animal-cycle-random-7x7,animal-cycle,random-start,7x7,tf:106,tf:112,false,p1,accepted,,657306724,657308695920185,13
tf_policy_elo_616bc2f2_phase7_random_to40_2026-08-20,animal-cycle-random-7x7_g112_vs_g106.jsonl,animal-cycle-random-7x7,animal-cycle,random-start,7x7,tf:112,tf:106,true,p1,accepted,,657306724,657308695920186,14
tf_policy_elo_616bc2f2_phase7_random_to40_2026-08-20,animal-cycle-random-7x7_g112_vs_g106.jsonl,animal-cycle-random-7x7,animal-cycle,random-start,7x7,tf:106,tf:112,false,p2,accepted,,657306724,657308695920187,15
tf_policy_elo_616bc2f2_phase7_random_to40_2026-08-20,animal-cycle-random-7x7_g112_vs_g106.jsonl,animal-cycle-random-7x7,animal-cycle,random-start,7x7,tf:112,tf:106,true,p1,accepted,,657306724,657308695920188,16
tf_policy_elo_616bc2f2_phase7_random_to40_2026-08-20,animal-cycle-random-7x7_g112_vs_g106.jsonl,animal-cycle-random-7x7,animal-cycle,random-start,7x7,tf:106,tf:112,false,p2,accepted,,657306724,657308695920189,17
tf_policy_elo_616bc2f2_phase7_random_to40_2026-08-20,animal-cycle-random-7x7_g112_vs_g106.jsonl,animal-cycle-random-7x7,animal-cycle,random-start,7x7,tf:112,tf:106,true,p1,accepted,,657306724,657308695920190,18
tf_policy_elo_616bc2f2_phase7_random_to40_2026-08-20,animal-cycle-random-7x7_g112_vs_g106.jsonl,animal-cycle-random-7x7,animal-cycle,random-start,7x7,tf:106,tf:112,false,p2,accepted,,657306724,657308695920191,19
tf_policy_elo_616bc2f2_phase7_random_to40_2026-08-20,animal-cycle-random-7x7_g112_vs_g106.jsonl,animal-cycle-random-7x7,animal-cycle,random-start,7x7,tf:112,tf:106,true,p1,accepted,,657306724,657308695920192,20
tf_policy_elo_616bc2f2_phase7_random_to40_2026-08-20,animal-cycle-random-7x7_g112_vs_g106.jsonl,animal-cycle-random-7x7,animal-cycle,random-start,7x7,tf:106,tf:112,false,p2,accepted,,657306724,657308695920193,21
tf_policy_elo_616bc2f2_phase7_random_to40_2026-08-20,animal-cycle-random-7x7_g112_vs_g106.jsonl,animal-cycle-random-7x7,animal-cycle,random-start,7x7,tf:112,tf:106,true,p1,accepted,,657306724,657308695920194,22
tf_policy_elo_616bc2f2_phase7_random_to40_2026-08-20,animal-cycle-random-7x7_g112_vs_g106.jsonl,animal-cycle-random-7x7,animal-cycle,random-start,7x7,tf:106,tf:112,false,p2,accepted,,657306724,657308695920195,23
tf_policy_elo_616bc2f2_phase7_random_to40_2026-08-20,animal-cycle-random-7x7_g112_vs_g106.jsonl,animal-cycle-random-7x7,animal-cycle,random-start,7x7,tf:112,tf:106,true,p1,accepted,,657306724,657308695920196,24
tf_policy_elo_616bc2f2_phase7_random_to40_2026-08-20,animal-cycle-random-7x7_g112_vs_g106.jsonl,animal-cycle-random-7x7,animal-cycle,random-start,7x7,tf:106,tf:112,false,p2,accepted,,657306724,657308695920197,25
tf_policy_elo_616bc2f2_phase7_random_to40_2026-08-20,animal-cycle-random-7x7_g112_vs_g106.jsonl,animal-cycle-random-7x7,animal-cycle,random-start,7x7,tf:112,tf:106,true,p1,accepted,,657306724,657308695920198,26
tf_policy_elo_616bc2f2_phase7_random_to40_2026-08-20,animal-cycle-random-7x7_g112_vs_g106.jsonl,animal-cycle-random-7x7,animal-cycle,random-start,7x7,tf:106,tf:112,false,p2,accepted,,657306724,657308695920199,27
tf_policy_elo_616bc2f2_phase7_random_to40_2026-08-20,animal-cycle-random-7x7_g112_vs_g109.jsonl,animal-cycle-random-7x7,animal-cycle,random-start,7x7,tf:112,tf:109,true,p1,accepted,,657309724,657311695929172,0
tf_policy_elo_616bc2f2_phase7_random_to40_2026-08-20,animal-cycle-random-7x7_g112_vs_g109.jsonl,animal-cycle-random-7x7,animal-cycle,random-start,7x7,tf:109,tf:112,false,p1,accepted,,657309724,657311695929173,1
tf_policy_elo_616bc2f2_phase7_random_to40_2026-08-20,animal-cycle-random-7x7_g112_vs_g109.jsonl,animal-cycle-random-7x7,animal-cycle,random-start,7x7,tf:112,tf:109,true,p1,accepted,,657309724,657311695929174,2
tf_policy_elo_616bc2f2_phase7_random_to40_2026-08-20,animal-cycle-random-7x7_g112_vs_g109.jsonl,animal-cycle-random-7x7,animal-cycle,random-start,7x7,tf:109,tf:112,false,p1,accepted,,657309724,657311695929175,3
tf_policy_elo_616bc2f2_phase7_random_to40_2026-08-20,animal-cycle-random-7x7_g112_vs_g109.jsonl,animal-cycle-random-7x7,animal-cycle,random-start,7x7,tf:112,tf:109,true,p2,accepted,,657309724,657311695929176,4
tf_policy_elo_616bc2f2_phase7_random_to40_2026-08-20,animal-cycle-random-7x7_g112_vs_g109.jsonl,animal-cycle-random-7x7,animal-cycle,random-start,7x7,tf:109,tf:112,false,p2,accepted,,657309724,657311695929177,5
tf_policy_elo_616bc2f2_phase7_random_to40_2026-08-20,animal-cycle-random-7x7_g112_vs_g109.jsonl,animal-cycle-random-7x7,animal-cycle,random-start,7x7,tf:112,tf:109,true,p1,accepted,,657309724,657311695929178,6
tf_policy_elo_616bc2f2_phase7_random_to40_2026-08-20,animal-cycle-random-7x7_g112_vs_g109.jsonl,animal-cycle-random-7x7,animal-cycle,random-start,7x7,tf:109,tf:112,false,p1,accepted,,657309724,657311695929179,7
tf_policy_elo_616bc2f2_phase7_random_to40_2026-08-20,animal-cycle-random-7x7_g112_vs_g109.jsonl,animal-cycle-random-7x7,animal-cycle,random-start,7x7,tf:112,tf:109,true,p1,accepted,,657309724,657311695929180,8
tf_policy_elo_616bc2f2_phase7_random_to40_2026-08-20,animal-cycle-random-7x7_g112_vs_g109.jsonl,animal-cycle-random-7x7,animal-cycle,random-start,7x7,tf:109,tf:112,false,p2,accepted,,657309724,657311695929181,9
tf_policy_elo_616bc2f2_phase7_random_to40_2026-08-20,animal-cycle-random-7x7_g112_vs_g109.jsonl,animal-cycle-random-7x7,animal-cycle,random-start,7x7,tf:112,tf:109,true,p1,accepted,,657309724,657311695929182,10
tf_policy_elo_616bc2f2_phase7_random_to40_2026-08-20,animal-cycle-random-7x7_g112_vs_g109.jsonl,animal-cycle-random-7x7,animal-cycle,random-start,7x7,tf:109,tf:112,false,p1,accepted,,657309724,657311695929183,11
tf_policy_elo_616bc2f2_phase7_random_to40_2026-08-20,animal-cycle-random-7x7_g112_vs_g109.jsonl,animal-cycle-random-7x7,animal-cycle,random-start,7x7,tf:112,tf:109,true,p2,accepted,,657309724,657311695929184,12
tf_policy_elo_616bc2f2_phase7_random_to40_2026-08-20,animal-cycle-random-7x7_g112_vs_g109.jsonl,animal-cycle-random-7x7,animal-cycle,random-start,7x7,tf:109,tf:112,false,p1,accepted,,657309724,657311695929185,13
tf_policy_elo_616bc2f2_phase7_random_to40_2026-08-20,animal-cycle-random-7x7_g112_vs_g109.jsonl,animal-cycle-random-7x7,animal-cycle,random-start,7x7,tf:112,tf:109,true,p2,accepted,,657309724,657311695929186,14
tf_policy_elo_616bc2f2_phase7_random_to40_2026-08-20,animal-cycle-random-7x7_g112_vs_g109.jsonl,animal-cycle-random-7x7,animal-cycle,random-start,7x7,tf:109,tf:112,false,p1,accepted,,657309724,657311695929187,15
tf_policy_elo_616bc2f2_phase7_random_to40_2026-08-20,animal-cycle-random-7x7_g112_vs_g109.jsonl,animal-cycle-random-7x7,animal-cycle,random-start,7x7,tf:112,tf:109,true,p2,accepted,,657309724,657311695929188,16
tf_policy_elo_616bc2f2_phase7_random_to40_2026-08-20,animal-cycle-random-7x7_g112_vs_g109.jsonl,animal-cycle-random-7x7,animal-cycle,random-start,7x7,tf:109,tf:112,false,p1,accepted,,657309724,657311695929189,17
tf_policy_elo_616bc2f2_phase7_random_to40_2026-08-20,animal-cycle-random-7x7_g112_vs_g109.jsonl,animal-cycle-random-7x7,animal-cycle,random-start,7x7,tf:112,tf:109,true,p1,accepted,,657309724,657311695929190,18
tf_policy_elo_616bc2f2_phase7_random_to40_2026-08-20,animal-cycle-random-7x7_g112_vs_g109.jsonl,animal-cycle-random-7x7,animal-cycle,random-start,7x7,tf:109,tf:112,false,p2,accepted,,657309724,657311695929191,19
tf_policy_elo_616bc2f2_phase7_random_to40_2026-08-20,animal-cycle-random-7x7_g112_vs_g109.jsonl,animal-cycle-random-7x7,animal-cycle,random-start,7x7,tf:112,tf:109,true,p2,accepted,,657309724,657311695929192,20
tf_policy_elo_616bc2f2_phase7_random_to40_2026-08-20,animal-cycle-random-7x7_g112_vs_g109.jsonl,animal-cycle-random-7x7,animal-cycle,random-start,7x7,tf:109,tf:112,false,p2,accepted,,657309724,657311695929193,21
tf_policy_elo_616bc2f2_phase7_random_to40_2026-08-20,animal-cycle-random-7x7_g112_vs_g109.jsonl,animal-cycle-random-7x7,animal-cycle,random-start,7x7,tf:112,tf:109,true,p1,accepted,,657309724,657311695929194,22
tf_policy_elo_616bc2f2_phase7_random_to40_2026-08-20,animal-cycle-random-7x7_g112_vs_g109.jsonl,animal-cycle-random-7x7,animal-cycle,random-start,7x7,tf:109,tf:112,false,p1,accepted,,657309724,657311695929195,23
tf_policy_elo_616bc2f2_phase7_random_to40_2026-08-20,animal-cycle-random-7x7_g112_vs_g109.jsonl,animal-cycle-random-7x7,animal-cycle,random-start,7x7,tf:112,tf:109,true,p1,accepted,,657309724,657311695929196,24
tf_policy_elo_616bc2f2_phase7_random_to40_2026-08-20,animal-cycle-random-7x7_g112_vs_g109.jsonl,animal-cycle-random-7x7,animal-cycle,random-start,7x7,tf:109,tf:112,false,p1,accepted,,657309724,657311695929197,25
tf_policy_elo_616bc2f2_phase7_random_to40_2026-08-20,animal-cycle-random-7x7_g112_vs_g109.jsonl,animal-cycle-random-7x7,animal-cycle,random-start,7x7,tf:112,tf:109,true,p1,accepted,,657309724,657311695929198,26
tf_policy_elo_616bc2f2_phase7_random_to40_2026-08-20,animal-cycle-random-7x7_g112_vs_g109.jsonl,animal-cycle-random-7x7,animal-cycle,random-start,7x7,tf:109,tf:112,false,p1,accepted,,657309724,657311695929199,27
tf_policy_elo_616bc2f2_phase7_random_to40_2026-08-20,animal-cycle-random-7x7_g112_vs_g111.jsonl,animal-cycle-random-7x7,animal-cycle,random-start,7x7,tf:112,tf:111,true,p1,accepted,,657311724,657313695935172,0
tf_policy_elo_616bc2f2_phase7_random_to40_2026-08-20,animal-cycle-random-7x7_g112_vs_g111.jsonl,animal-cycle-random-7x7,animal-cycle,random-start,7x7,tf:111,tf:112,false,p2,accepted,,657311724,657313695935173,1
tf_policy_elo_616bc2f2_phase7_random_to40_2026-08-20,animal-cycle-random-7x7_g112_vs_g111.jsonl,animal-cycle-random-7x7,animal-cycle,random-start,7x7,tf:112,tf:111,true,p1,accepted,,657311724,657313695935174,2
tf_policy_elo_616bc2f2_phase7_random_to40_2026-08-20,animal-cycle-random-7x7_g112_vs_g111.jsonl,animal-cycle-random-7x7,animal-cycle,random-start,7x7,tf:111,tf:112,false,p1,accepted,,657311724,657313695935175,3
tf_policy_elo_616bc2f2_phase7_random_to40_2026-08-20,animal-cycle-random-7x7_g112_vs_g111.jsonl,animal-cycle-random-7x7,animal-cycle,random-start,7x7,tf:112,tf:111,true,p2,accepted,,657311724,657313695935176,4
tf_policy_elo_616bc2f2_phase7_random_to40_2026-08-20,animal-cycle-random-7x7_g112_vs_g111.jsonl,animal-cycle-random-7x7,animal-cycle,random-start,7x7,tf:111,tf:112,false,p1,accepted,,657311724,657313695935177,5
tf_policy_elo_616bc2f2_phase7_random_to40_2026-08-20,animal-cycle-random-7x7_g112_vs_g111.jsonl,animal-cycle-random-7x7,animal-cycle,random-start,7x7,tf:112,tf:111,true,p2,accepted,,657311724,657313695935178,6
tf_policy_elo_616bc2f2_phase7_random_to40_2026-08-20,animal-cycle-random-7x7_g112_vs_g111.jsonl,animal-cycle-random-7x7,animal-cycle,random-start,7x7,tf:111,tf:112,false,p1,accepted,,657311724,657313695935179,7
tf_policy_elo_616bc2f2_phase7_random_to40_2026-08-20,animal-cycle-random-7x7_g112_vs_g111.jsonl,animal-cycle-random-7x7,animal-cycle,random-start,7x7,tf:112,tf:111,true,p1,accepted,,657311724,657313695935180,8
tf_policy_elo_616bc2f2_phase7_random_to40_2026-08-20,animal-cycle-random-7x7_g112_vs_g111.jsonl,animal-cycle-random-7x7,animal-cycle,random-start,7x7,tf:111,tf:112,false,p2,accepted,,657311724,657313695935181,9
tf_policy_elo_616bc2f2_phase7_random_to40_2026-08-20,animal-cycle-random-7x7_g112_vs_g111.jsonl,animal-cycle-random-7x7,animal-cycle,random-start,7x7,tf:112,tf:111,true,p2,accepted,,657311724,657313695935182,10
tf_policy_elo_616bc2f2_phase7_random_to40_2026-08-20,animal-cycle-random-7x7_g112_vs_g111.jsonl,animal-cycle-random-7x7,animal-cycle,random-start,7x7,tf:111,tf:112,false,p2,accepted,,657311724,657313695935183,11
tf_policy_elo_616bc2f2_phase7_random_to40_2026-08-20,animal-cycle-random-7x7_g112_vs_g111.jsonl,animal-cycle-random-7x7,animal-cycle,random-start,7x7,tf:112,tf:111,true,p2,accepted,,657311724,657313695935184,12
tf_policy_elo_616bc2f2_phase7_random_to40_2026-08-20,animal-cycle-random-7x7_g112_vs_g111.jsonl,animal-cycle-random-7x7,animal-cycle,random-start,7x7,tf:111,tf:112,false,p1,accepted,,657311724,657313695935185,13
tf_policy_elo_616bc2f2_phase7_random_to40_2026-08-20,animal-cycle-random-7x7_g112_vs_g111.jsonl,animal-cycle-random-7x7,animal-cycle,random-start,7x7,tf:112,tf:111,true,p1,accepted,,657311724,657313695935186,14
tf_policy_elo_616bc2f2_phase7_random_to40_2026-08-20,animal-cycle-random-7x7_g112_vs_g111.jsonl,animal-cycle-random-7x7,animal-cycle,random-start,7x7,tf:111,tf:112,false,p2,accepted,,657311724,657313695935187,15
tf_policy_elo_616bc2f2_phase7_random_to40_2026-08-20,animal-cycle-random-7x7_g112_vs_g111.jsonl,animal-cycle-random-7x7,animal-cycle,random-start,7x7,tf:112,tf:111,true,p1,accepted,,657311724,657313695935188,16
tf_policy_elo_616bc2f2_phase7_random_to40_2026-08-20,animal-cycle-random-7x7_g112_vs_g111.jsonl,animal-cycle-random-7x7,animal-cycle,random-start,7x7,tf:111,tf:112,false,p1,accepted,,657311724,657313695935189,17
tf_policy_elo_616bc2f2_phase7_random_to40_2026-08-20,animal-cycle-random-7x7_g112_vs_g111.jsonl,animal-cycle-random-7x7,animal-cycle,random-start,7x7,tf:112,tf:111,true,p1,accepted,,657311724,657313695935190,18
tf_policy_elo_616bc2f2_phase7_random_to40_2026-08-20,animal-cycle-random-7x7_g112_vs_g111.jsonl,animal-cycle-random-7x7,animal-cycle,random-start,7x7,tf:111,tf:112,false,p2,accepted,,657311724,657313695935191,19
tf_policy_elo_616bc2f2_phase7_random_to40_2026-08-20,animal-cycle-random-7x7_g112_vs_g111.jsonl,animal-cycle-random-7x7,animal-cycle,random-start,7x7,tf:112,tf:111,true,p2,accepted,,657311724,657313695935192,20
tf_policy_elo_616bc2f2_phase7_random_to40_2026-08-20,animal-cycle-random-7x7_g112_vs_g111.jsonl,animal-cycle-random-7x7,animal-cycle,random-start,7x7,tf:111,tf:112,false,p2,accepted,,657311724,657313695935193,21
tf_policy_elo_616bc2f2_phase7_random_to40_2026-08-20,animal-cycle-random-7x7_g112_vs_g111.jsonl,animal-cycle-random-7x7,animal-cycle,random-start,7x7,tf:112,tf:111,true,p1,accepted,,657311724,657313695935194,22
tf_policy_elo_616bc2f2_phase7_random_to40_2026-08-20,animal-cycle-random-7x7_g112_vs_g111.jsonl,animal-cycle-random-7x7,animal-cycle,random-start,7x7,tf:111,tf:112,false,p1,accepted,,657311724,657313695935195,23
tf_policy_elo_616bc2f2_phase7_random_to40_2026-08-20,animal-cycle-random-7x7_g112_vs_g111.jsonl,animal-cycle-random-7x7,animal-cycle,random-start,7x7,tf:112,tf:111,true,p2,accepted,,657311724,657313695935196,24
tf_policy_elo_616bc2f2_phase7_random_to40_2026-08-20,animal-cycle-random-7x7_g112_vs_g111.jsonl,animal-cycle-random-7x7,animal-cycle,random-start,7x7,tf:111,tf:112,false,p1,accepted,,657311724,657313695935197,25
tf_policy_elo_616bc2f2_phase7_random_to40_2026-08-20,animal-cycle-random-7x7_g112_vs_g111.jsonl,animal-cycle-random-7x7,animal-cycle,random-start,7x7,tf:112,tf:111,true,p1,accepted,,657311724,657313695935198,26
tf_policy_elo_616bc2f2_phase7_random_to40_2026-08-20,animal-cycle-random-7x7_g112_vs_g111.jsonl,animal-cycle-random-7x7,animal-cycle,random-start,7x7,tf:111,tf:112,false,p1,accepted,,657311724,657313695935199,27
tf_policy_elo_616bc2f2_phase7_random_to40_2026-08-20,animal-cycle-random-7x7_g113_vs_g107.jsonl,animal-cycle-random-7x7,animal-cycle,random-start,7x7,tf:113,tf:107,true,p1,accepted,,657407724,657409696223172,0
tf_policy_elo_616bc2f2_phase7_random_to40_2026-08-20,animal-cycle-random-7x7_g113_vs_g107.jsonl,animal-cycle-random-7x7,animal-cycle,random-start,7x7,tf:107,tf:113,false,p2,accepted,,657407724,657409696223173,1
tf_policy_elo_616bc2f2_phase7_random_to40_2026-08-20,animal-cycle-random-7x7_g113_vs_g107.jsonl,animal-cycle-random-7x7,animal-cycle,random-start,7x7,tf:113,tf:107,true,p2,accepted,,657407724,657409696223174,2
tf_policy_elo_616bc2f2_phase7_random_to40_2026-08-20,animal-cycle-random-7x7_g113_vs_g107.jsonl,animal-cycle-random-7x7,animal-cycle,random-start,7x7,tf:107,tf:113,false,p2,accepted,,657407724,657409696223175,3
tf_policy_elo_616bc2f2_phase7_random_to40_2026-08-20,animal-cycle-random-7x7_g113_vs_g107.jsonl,animal-cycle-random-7x7,animal-cycle,random-start,7x7,tf:113,tf:107,true,p1,accepted,,657407724,657409696223176,4
tf_policy_elo_616bc2f2_phase7_random_to40_2026-08-20,animal-cycle-random-7x7_g113_vs_g107.jsonl,animal-cycle-random-7x7,animal-cycle,random-start,7x7,tf:107,tf:113,false,p1,accepted,,657407724,657409696223177,5
tf_policy_elo_616bc2f2_phase7_random_to40_2026-08-20,animal-cycle-random-7x7_g113_vs_g107.jsonl,animal-cycle-random-7x7,animal-cycle,random-start,7x7,tf:113,tf:107,true,p1,accepted,,657407724,657409696223178,6
tf_policy_elo_616bc2f2_phase7_random_to40_2026-08-20,animal-cycle-random-7x7_g113_vs_g107.jsonl,animal-cycle-random-7x7,animal-cycle,random-start,7x7,tf:107,tf:113,false,p1,accepted,,657407724,657409696223179,7
tf_policy_elo_616bc2f2_phase7_random_to40_2026-08-20,animal-cycle-random-7x7_g113_vs_g107.jsonl,animal-cycle-random-7x7,animal-cycle,random-start,7x7,tf:113,tf:107,true,p1,accepted,,657407724,657409696223180,8
tf_policy_elo_616bc2f2_phase7_random_to40_2026-08-20,animal-cycle-random-7x7_g113_vs_g107.jsonl,animal-cycle-random-7x7,animal-cycle,random-start,7x7,tf:107,tf:113,false,p1,accepted,,657407724,657409696223181,9
tf_policy_elo_616bc2f2_phase7_random_to40_2026-08-20,animal-cycle-random-7x7_g113_vs_g107.jsonl,animal-cycle-random-7x7,animal-cycle,random-start,7x7,tf:113,tf:107,true,p1,accepted,,657407724,657409696223182,10
tf_policy_elo_616bc2f2_phase7_random_to40_2026-08-20,animal-cycle-random-7x7_g113_vs_g107.jsonl,animal-cycle-random-7x7,animal-cycle,random-start,7x7,tf:107,tf:113,false,p2,accepted,,657407724,657409696223183,11
tf_policy_elo_616bc2f2_phase7_random_to40_2026-08-20,animal-cycle-random-7x7_g113_vs_g107.jsonl,animal-cycle-random-7x7,animal-cycle,random-start,7x7,tf:113,tf:107,true,p2,accepted,,657407724,657409696223184,12
tf_policy_elo_616bc2f2_phase7_random_to40_2026-08-20,animal-cycle-random-7x7_g113_vs_g107.jsonl,animal-cycle-random-7x7,animal-cycle,random-start,7x7,tf:107,tf:113,false,p2,accepted,,657407724,657409696223185,13
tf_policy_elo_616bc2f2_phase7_random_to40_2026-08-20,animal-cycle-random-7x7_g113_vs_g107.jsonl,animal-cycle-random-7x7,animal-cycle,random-start,7x7,tf:113,tf:107,true,p1,accepted,,657407724,657409696223186,14
tf_policy_elo_616bc2f2_phase7_random_to40_2026-08-20,animal-cycle-random-7x7_g113_vs_g107.jsonl,animal-cycle-random-7x7,animal-cycle,random-start,7x7,tf:107,tf:113,false,p2,accepted,,657407724,657409696223187,15
tf_policy_elo_616bc2f2_phase7_random_to40_2026-08-20,animal-cycle-random-7x7_g113_vs_g107.jsonl,animal-cycle-random-7x7,animal-cycle,random-start,7x7,tf:113,tf:107,true,p1,accepted,,657407724,657409696223188,16
tf_policy_elo_616bc2f2_phase7_random_to40_2026-08-20,animal-cycle-random-7x7_g113_vs_g107.jsonl,animal-cycle-random-7x7,animal-cycle,random-start,7x7,tf:107,tf:113,false,p2,accepted,,657407724,657409696223189,17
tf_policy_elo_616bc2f2_phase7_random_to40_2026-08-20,animal-cycle-random-7x7_g113_vs_g107.jsonl,animal-cycle-random-7x7,animal-cycle,random-start,7x7,tf:113,tf:107,true,p2,accepted,,657407724,657409696223190,18
tf_policy_elo_616bc2f2_phase7_random_to40_2026-08-20,animal-cycle-random-7x7_g113_vs_g107.jsonl,animal-cycle-random-7x7,animal-cycle,random-start,7x7,tf:107,tf:113,false,p2,accepted,,657407724,657409696223191,19
tf_policy_elo_616bc2f2_phase7_random_to40_2026-08-20,animal-cycle-random-7x7_g113_vs_g107.jsonl,animal-cycle-random-7x7,animal-cycle,random-start,7x7,tf:113,tf:107,true,p1,accepted,,657407724,657409696223192,20
tf_policy_elo_616bc2f2_phase7_random_to40_2026-08-20,animal-cycle-random-7x7_g113_vs_g107.jsonl,animal-cycle-random-7x7,animal-cycle,random-start,7x7,tf:107,tf:113,false,p1,accepted,,657407724,657409696223193,21
tf_policy_elo_616bc2f2_phase7_random_to40_2026-08-20,animal-cycle-random-7x7_g113_vs_g107.jsonl,animal-cycle-random-7x7,animal-cycle,random-start,7x7,tf:113,tf:107,true,p2,accepted,,657407724,657409696223194,22
tf_policy_elo_616bc2f2_phase7_random_to40_2026-08-20,animal-cycle-random-7x7_g113_vs_g107.jsonl,animal-cycle-random-7x7,animal-cycle,random-start,7x7,tf:107,tf:113,false,p2,accepted,,657407724,657409696223195,23
tf_policy_elo_616bc2f2_phase7_random_to40_2026-08-20,animal-cycle-random-7x7_g113_vs_g107.jsonl,animal-cycle-random-7x7,animal-cycle,random-start,7x7,tf:113,tf:107,true,p1,accepted,,657407724,657409696223196,24
tf_policy_elo_616bc2f2_phase7_random_to40_2026-08-20,animal-cycle-random-7x7_g113_vs_g107.jsonl,animal-cycle-random-7x7,animal-cycle,random-start,7x7,tf:107,tf:113,false,p1,accepted,,657407724,657409696223197,25
tf_policy_elo_616bc2f2_phase7_random_to40_2026-08-20,animal-cycle-random-7x7_g113_vs_g107.jsonl,animal-cycle-random-7x7,animal-cycle,random-start,7x7,tf:113,tf:107,true,p1,accepted,,657407724,657409696223198,26
tf_policy_elo_616bc2f2_phase7_random_to40_2026-08-20,animal-cycle-random-7x7_g113_vs_g107.jsonl,animal-cycle-random-7x7,animal-cycle,random-start,7x7,tf:107,tf:113,false,p2,accepted,,657407724,657409696223199,27
tf_policy_elo_616bc2f2_phase7_random_to40_2026-08-20,animal-cycle-random-7x7_g113_vs_g110.jsonl,animal-cycle-random-7x7,animal-cycle,random-start,7x7,tf:113,tf:110,true,p2,accepted,,657410724,657412696232172,0
tf_policy_elo_616bc2f2_phase7_random_to40_2026-08-20,animal-cycle-random-7x7_g113_vs_g110.jsonl,animal-cycle-random-7x7,animal-cycle,random-start,7x7,tf:110,tf:113,false,p1,accepted,,657410724,657412696232173,1
tf_policy_elo_616bc2f2_phase7_random_to40_2026-08-20,animal-cycle-random-7x7_g113_vs_g110.jsonl,animal-cycle-random-7x7,animal-cycle,random-start,7x7,tf:113,tf:110,true,p1,accepted,,657410724,657412696232174,2
tf_policy_elo_616bc2f2_phase7_random_to40_2026-08-20,animal-cycle-random-7x7_g113_vs_g110.jsonl,animal-cycle-random-7x7,animal-cycle,random-start,7x7,tf:110,tf:113,false,p1,accepted,,657410724,657412696232175,3
tf_policy_elo_616bc2f2_phase7_random_to40_2026-08-20,animal-cycle-random-7x7_g113_vs_g110.jsonl,animal-cycle-random-7x7,animal-cycle,random-start,7x7,tf:113,tf:110,true,p2,accepted,,657410724,657412696232176,4
tf_policy_elo_616bc2f2_phase7_random_to40_2026-08-20,animal-cycle-random-7x7_g113_vs_g110.jsonl,animal-cycle-random-7x7,animal-cycle,random-start,7x7,tf:110,tf:113,false,p1,accepted,,657410724,657412696232177,5
tf_policy_elo_616bc2f2_phase7_random_to40_2026-08-20,animal-cycle-random-7x7_g113_vs_g110.jsonl,animal-cycle-random-7x7,animal-cycle,random-start,7x7,tf:113,tf:110,true,p1,accepted,,657410724,657412696232178,6
tf_policy_elo_616bc2f2_phase7_random_to40_2026-08-20,animal-cycle-random-7x7_g113_vs_g110.jsonl,animal-cycle-random-7x7,animal-cycle,random-start,7x7,tf:110,tf:113,false,p1,accepted,,657410724,657412696232179,7
tf_policy_elo_616bc2f2_phase7_random_to40_2026-08-20,animal-cycle-random-7x7_g113_vs_g110.jsonl,animal-cycle-random-7x7,animal-cycle,random-start,7x7,tf:113,tf:110,true,p2,accepted,,657410724,657412696232180,8
tf_policy_elo_616bc2f2_phase7_random_to40_2026-08-20,animal-cycle-random-7x7_g113_vs_g110.jsonl,animal-cycle-random-7x7,animal-cycle,random-start,7x7,tf:110,tf:113,false,p1,accepted,,657410724,657412696232181,9
tf_policy_elo_616bc2f2_phase7_random_to40_2026-08-20,animal-cycle-random-7x7_g113_vs_g110.jsonl,animal-cycle-random-7x7,animal-cycle,random-start,7x7,tf:113,tf:110,true,p2,accepted,,657410724,657412696232182,10
tf_policy_elo_616bc2f2_phase7_random_to40_2026-08-20,animal-cycle-random-7x7_g113_vs_g110.jsonl,animal-cycle-random-7x7,animal-cycle,random-start,7x7,tf:110,tf:113,false,p1,accepted,,657410724,657412696232183,11
tf_policy_elo_616bc2f2_phase7_random_to40_2026-08-20,animal-cycle-random-7x7_g113_vs_g110.jsonl,animal-cycle-random-7x7,animal-cycle,random-start,7x7,tf:113,tf:110,true,p2,accepted,,657410724,657412696232184,12
tf_policy_elo_616bc2f2_phase7_random_to40_2026-08-20,animal-cycle-random-7x7_g113_vs_g110.jsonl,animal-cycle-random-7x7,animal-cycle,random-start,7x7,tf:110,tf:113,false,p2,accepted,,657410724,657412696232185,13
tf_policy_elo_616bc2f2_phase7_random_to40_2026-08-20,animal-cycle-random-7x7_g113_vs_g110.jsonl,animal-cycle-random-7x7,animal-cycle,random-start,7x7,tf:113,tf:110,true,p1,accepted,,657410724,657412696232186,14
tf_policy_elo_616bc2f2_phase7_random_to40_2026-08-20,animal-cycle-random-7x7_g113_vs_g110.jsonl,animal-cycle-random-7x7,animal-cycle,random-start,7x7,tf:110,tf:113,false,p1,accepted,,657410724,657412696232187,15
tf_policy_elo_616bc2f2_phase7_random_to40_2026-08-20,animal-cycle-random-7x7_g113_vs_g110.jsonl,animal-cycle-random-7x7,animal-cycle,random-start,7x7,tf:113,tf:110,true,p1,accepted,,657410724,657412696232188,16
tf_policy_elo_616bc2f2_phase7_random_to40_2026-08-20,animal-cycle-random-7x7_g113_vs_g110.jsonl,animal-cycle-random-7x7,animal-cycle,random-start,7x7,tf:110,tf:113,false,p1,accepted,,657410724,657412696232189,17
tf_policy_elo_616bc2f2_phase7_random_to40_2026-08-20,animal-cycle-random-7x7_g113_vs_g110.jsonl,animal-cycle-random-7x7,animal-cycle,random-start,7x7,tf:113,tf:110,true,p1,accepted,,657410724,657412696232190,18
tf_policy_elo_616bc2f2_phase7_random_to40_2026-08-20,animal-cycle-random-7x7_g113_vs_g110.jsonl,animal-cycle-random-7x7,animal-cycle,random-start,7x7,tf:110,tf:113,false,p2,accepted,,657410724,657412696232191,19
tf_policy_elo_616bc2f2_phase7_random_to40_2026-08-20,animal-cycle-random-7x7_g113_vs_g110.jsonl,animal-cycle-random-7x7,animal-cycle,random-start,7x7,tf:113,tf:110,true,p2,accepted,,657410724,657412696232192,20
tf_policy_elo_616bc2f2_phase7_random_to40_2026-08-20,animal-cycle-random-7x7_g113_vs_g110.jsonl,animal-cycle-random-7x7,animal-cycle,random-start,7x7,tf:110,tf:113,false,p1,accepted,,657410724,657412696232193,21
tf_policy_elo_616bc2f2_phase7_random_to40_2026-08-20,animal-cycle-random-7x7_g113_vs_g110.jsonl,animal-cycle-random-7x7,animal-cycle,random-start,7x7,tf:113,tf:110,true,p1,accepted,,657410724,657412696232194,22
tf_policy_elo_616bc2f2_phase7_random_to40_2026-08-20,animal-cycle-random-7x7_g113_vs_g110.jsonl,animal-cycle-random-7x7,animal-cycle,random-start,7x7,tf:110,tf:113,false,p2,accepted,,657410724,657412696232195,23
tf_policy_elo_616bc2f2_phase7_random_to40_2026-08-20,animal-cycle-random-7x7_g113_vs_g110.jsonl,animal-cycle-random-7x7,animal-cycle,random-start,7x7,tf:113,tf:110,true,p1,accepted,,657410724,657412696232196,24
tf_policy_elo_616bc2f2_phase7_random_to40_2026-08-20,animal-cycle-random-7x7_g113_vs_g110.jsonl,animal-cycle-random-7x7,animal-cycle,random-start,7x7,tf:110,tf:113,false,p1,accepted,,657410724,657412696232197,25
tf_policy_elo_616bc2f2_phase7_random_to40_2026-08-20,animal-cycle-random-7x7_g113_vs_g110.jsonl,animal-cycle-random-7x7,animal-cycle,random-start,7x7,tf:113,tf:110,true,p1,accepted,,657410724,657412696232198,26
tf_policy_elo_616bc2f2_phase7_random_to40_2026-08-20,animal-cycle-random-7x7_g113_vs_g110.jsonl,animal-cycle-random-7x7,animal-cycle,random-start,7x7,tf:110,tf:113,false,p1,accepted,,657410724,657412696232199,27
tf_policy_elo_616bc2f2_phase7_random_to40_2026-08-20,animal-cycle-random-7x7_g113_vs_g112.jsonl,animal-cycle-random-7x7,animal-cycle,random-start,7x7,tf:113,tf:112,true,p2,accepted,,657412724,657414696238172,0
tf_policy_elo_616bc2f2_phase7_random_to40_2026-08-20,animal-cycle-random-7x7_g113_vs_g112.jsonl,animal-cycle-random-7x7,animal-cycle,random-start,7x7,tf:112,tf:113,false,p1,accepted,,657412724,657414696238173,1
tf_policy_elo_616bc2f2_phase7_random_to40_2026-08-20,animal-cycle-random-7x7_g113_vs_g112.jsonl,animal-cycle-random-7x7,animal-cycle,random-start,7x7,tf:113,tf:112,true,p1,accepted,,657412724,657414696238174,2
tf_policy_elo_616bc2f2_phase7_random_to40_2026-08-20,animal-cycle-random-7x7_g113_vs_g112.jsonl,animal-cycle-random-7x7,animal-cycle,random-start,7x7,tf:112,tf:113,false,p1,accepted,,657412724,657414696238175,3
tf_policy_elo_616bc2f2_phase7_random_to40_2026-08-20,animal-cycle-random-7x7_g113_vs_g112.jsonl,animal-cycle-random-7x7,animal-cycle,random-start,7x7,tf:113,tf:112,true,p1,accepted,,657412724,657414696238176,4
tf_policy_elo_616bc2f2_phase7_random_to40_2026-08-20,animal-cycle-random-7x7_g113_vs_g112.jsonl,animal-cycle-random-7x7,animal-cycle,random-start,7x7,tf:112,tf:113,false,p1,accepted,,657412724,657414696238177,5
tf_policy_elo_616bc2f2_phase7_random_to40_2026-08-20,animal-cycle-random-7x7_g113_vs_g112.jsonl,animal-cycle-random-7x7,animal-cycle,random-start,7x7,tf:113,tf:112,true,p2,accepted,,657412724,657414696238178,6
tf_policy_elo_616bc2f2_phase7_random_to40_2026-08-20,animal-cycle-random-7x7_g113_vs_g112.jsonl,animal-cycle-random-7x7,animal-cycle,random-start,7x7,tf:112,tf:113,false,p2,accepted,,657412724,657414696238179,7
tf_policy_elo_616bc2f2_phase7_random_to40_2026-08-20,animal-cycle-random-7x7_g113_vs_g112.jsonl,animal-cycle-random-7x7,animal-cycle,random-start,7x7,tf:113,tf:112,true,p1,accepted,,657412724,657414696238180,8
tf_policy_elo_616bc2f2_phase7_random_to40_2026-08-20,animal-cycle-random-7x7_g113_vs_g112.jsonl,animal-cycle-random-7x7,animal-cycle,random-start,7x7,tf:112,tf:113,false,p1,accepted,,657412724,657414696238181,9
tf_policy_elo_616bc2f2_phase7_random_to40_2026-08-20,animal-cycle-random-7x7_g113_vs_g112.jsonl,animal-cycle-random-7x7,animal-cycle,random-start,7x7,tf:113,tf:112,true,p1,accepted,,657412724,657414696238182,10
tf_policy_elo_616bc2f2_phase7_random_to40_2026-08-20,animal-cycle-random-7x7_g113_vs_g112.jsonl,animal-cycle-random-7x7,animal-cycle,random-start,7x7,tf:112,tf:113,false,p1,accepted,,657412724,657414696238183,11
tf_policy_elo_616bc2f2_phase7_random_to40_2026-08-20,animal-cycle-random-7x7_g113_vs_g112.jsonl,animal-cycle-random-7x7,animal-cycle,random-start,7x7,tf:113,tf:112,true,p1,accepted,,657412724,657414696238184,12
tf_policy_elo_616bc2f2_phase7_random_to40_2026-08-20,animal-cycle-random-7x7_g113_vs_g112.jsonl,animal-cycle-random-7x7,animal-cycle,random-start,7x7,tf:112,tf:113,false,p1,accepted,,657412724,657414696238185,13
tf_policy_elo_616bc2f2_phase7_random_to40_2026-08-20,animal-cycle-random-7x7_g113_vs_g112.jsonl,animal-cycle-random-7x7,animal-cycle,random-start,7x7,tf:113,tf:112,true,p1,accepted,,657412724,657414696238186,14
tf_policy_elo_616bc2f2_phase7_random_to40_2026-08-20,animal-cycle-random-7x7_g113_vs_g112.jsonl,animal-cycle-random-7x7,animal-cycle,random-start,7x7,tf:112,tf:113,false,p2,accepted,,657412724,657414696238187,15
tf_policy_elo_616bc2f2_phase7_random_to40_2026-08-20,animal-cycle-random-7x7_g113_vs_g112.jsonl,animal-cycle-random-7x7,animal-cycle,random-start,7x7,tf:113,tf:112,true,p1,accepted,,657412724,657414696238188,16
tf_policy_elo_616bc2f2_phase7_random_to40_2026-08-20,animal-cycle-random-7x7_g113_vs_g112.jsonl,animal-cycle-random-7x7,animal-cycle,random-start,7x7,tf:112,tf:113,false,p1,accepted,,657412724,657414696238189,17
tf_policy_elo_616bc2f2_phase7_random_to40_2026-08-20,animal-cycle-random-7x7_g113_vs_g112.jsonl,animal-cycle-random-7x7,animal-cycle,random-start,7x7,tf:113,tf:112,true,p2,accepted,,657412724,657414696238190,18
tf_policy_elo_616bc2f2_phase7_random_to40_2026-08-20,animal-cycle-random-7x7_g113_vs_g112.jsonl,animal-cycle-random-7x7,animal-cycle,random-start,7x7,tf:112,tf:113,false,p1,accepted,,657412724,657414696238191,19
tf_policy_elo_616bc2f2_phase7_random_to40_2026-08-20,animal-cycle-random-7x7_g113_vs_g112.jsonl,animal-cycle-random-7x7,animal-cycle,random-start,7x7,tf:113,tf:112,true,p2,accepted,,657412724,657414696238192,20
tf_policy_elo_616bc2f2_phase7_random_to40_2026-08-20,animal-cycle-random-7x7_g113_vs_g112.jsonl,animal-cycle-random-7x7,animal-cycle,random-start,7x7,tf:112,tf:113,false,p1,accepted,,657412724,657414696238193,21
tf_policy_elo_616bc2f2_phase7_random_to40_2026-08-20,animal-cycle-random-7x7_g113_vs_g112.jsonl,animal-cycle-random-7x7,animal-cycle,random-start,7x7,tf:113,tf:112,true,p1,accepted,,657412724,657414696238194,22
tf_policy_elo_616bc2f2_phase7_random_to40_2026-08-20,animal-cycle-random-7x7_g113_vs_g112.jsonl,animal-cycle-random-7x7,animal-cycle,random-start,7x7,tf:112,tf:113,false,p2,accepted,,657412724,657414696238195,23
tf_policy_elo_616bc2f2_phase7_random_to40_2026-08-20,animal-cycle-random-7x7_g113_vs_g112.jsonl,animal-cycle-random-7x7,animal-cycle,random-start,7x7,tf:113,tf:112,true,p1,accepted,,657412724,657414696238196,24
tf_policy_elo_616bc2f2_phase7_random_to40_2026-08-20,animal-cycle-random-7x7_g113_vs_g112.jsonl,animal-cycle-random-7x7,animal-cycle,random-start,7x7,tf:112,tf:113,false,p2,accepted,,657412724,657414696238197,25
tf_policy_elo_616bc2f2_phase7_random_to40_2026-08-20,animal-cycle-random-7x7_g113_vs_g112.jsonl,animal-cycle-random-7x7,animal-cycle,random-start,7x7,tf:113,tf:112,true,p1,accepted,,657412724,657414696238198,26
tf_policy_elo_616bc2f2_phase7_random_to40_2026-08-20,animal-cycle-random-7x7_g113_vs_g112.jsonl,animal-cycle-random-7x7,animal-cycle,random-start,7x7,tf:112,tf:113,false,p1,accepted,,657412724,657414696238199,27
tf_policy_elo_616bc2f2_phase7_random_to40_2026-08-20,animal-cycle-random-7x7_g114_vs_g108.jsonl,animal-cycle-random-7x7,animal-cycle,random-start,7x7,tf:114,tf:108,true,p2,accepted,,657508724,657510696526172,0
tf_policy_elo_616bc2f2_phase7_random_to40_2026-08-20,animal-cycle-random-7x7_g114_vs_g108.jsonl,animal-cycle-random-7x7,animal-cycle,random-start,7x7,tf:108,tf:114,false,p2,accepted,,657508724,657510696526173,1
tf_policy_elo_616bc2f2_phase7_random_to40_2026-08-20,animal-cycle-random-7x7_g114_vs_g108.jsonl,animal-cycle-random-7x7,animal-cycle,random-start,7x7,tf:114,tf:108,true,p1,accepted,,657508724,657510696526174,2
tf_policy_elo_616bc2f2_phase7_random_to40_2026-08-20,animal-cycle-random-7x7_g114_vs_g108.jsonl,animal-cycle-random-7x7,animal-cycle,random-start,7x7,tf:108,tf:114,false,p1,accepted,,657508724,657510696526175,3
tf_policy_elo_616bc2f2_phase7_random_to40_2026-08-20,animal-cycle-random-7x7_g114_vs_g108.jsonl,animal-cycle-random-7x7,animal-cycle,random-start,7x7,tf:114,tf:108,true,p1,accepted,,657508724,657510696526176,4
tf_policy_elo_616bc2f2_phase7_random_to40_2026-08-20,animal-cycle-random-7x7_g114_vs_g108.jsonl,animal-cycle-random-7x7,animal-cycle,random-start,7x7,tf:108,tf:114,false,p2,accepted,,657508724,657510696526177,5
tf_policy_elo_616bc2f2_phase7_random_to40_2026-08-20,animal-cycle-random-7x7_g114_vs_g108.jsonl,animal-cycle-random-7x7,animal-cycle,random-start,7x7,tf:114,tf:108,true,p2,accepted,,657508724,657510696526178,6
tf_policy_elo_616bc2f2_phase7_random_to40_2026-08-20,animal-cycle-random-7x7_g114_vs_g108.jsonl,animal-cycle-random-7x7,animal-cycle,random-start,7x7,tf:108,tf:114,false,p1,accepted,,657508724,657510696526179,7
tf_policy_elo_616bc2f2_phase7_random_to40_2026-08-20,animal-cycle-random-7x7_g114_vs_g108.jsonl,animal-cycle-random-7x7,animal-cycle,random-start,7x7,tf:114,tf:108,true,p1,accepted,,657508724,657510696526180,8
tf_policy_elo_616bc2f2_phase7_random_to40_2026-08-20,animal-cycle-random-7x7_g114_vs_g108.jsonl,animal-cycle-random-7x7,animal-cycle,random-start,7x7,tf:108,tf:114,false,p1,accepted,,657508724,657510696526181,9
tf_policy_elo_616bc2f2_phase7_random_to40_2026-08-20,animal-cycle-random-7x7_g114_vs_g108.jsonl,animal-cycle-random-7x7,animal-cycle,random-start,7x7,tf:114,tf:108,true,p1,accepted,,657508724,657510696526182,10
tf_policy_elo_616bc2f2_phase7_random_to40_2026-08-20,animal-cycle-random-7x7_g114_vs_g108.jsonl,animal-cycle-random-7x7,animal-cycle,random-start,7x7,tf:108,tf:114,false,p2,accepted,,657508724,657510696526183,11
tf_policy_elo_616bc2f2_phase7_random_to40_2026-08-20,animal-cycle-random-7x7_g114_vs_g108.jsonl,animal-cycle-random-7x7,animal-cycle,random-start,7x7,tf:114,tf:108,true,p1,accepted,,657508724,657510696526184,12
tf_policy_elo_616bc2f2_phase7_random_to40_2026-08-20,animal-cycle-random-7x7_g114_vs_g108.jsonl,animal-cycle-random-7x7,animal-cycle,random-start,7x7,tf:108,tf:114,false,p1,accepted,,657508724,657510696526185,13
tf_policy_elo_616bc2f2_phase7_random_to40_2026-08-20,animal-cycle-random-7x7_g114_vs_g108.jsonl,animal-cycle-random-7x7,animal-cycle,random-start,7x7,tf:114,tf:108,true,p1,accepted,,657508724,657510696526186,14
tf_policy_elo_616bc2f2_phase7_random_to40_2026-08-20,animal-cycle-random-7x7_g114_vs_g108.jsonl,animal-cycle-random-7x7,animal-cycle,random-start,7x7,tf:108,tf:114,false,p2,accepted,,657508724,657510696526187,15
tf_policy_elo_616bc2f2_phase7_random_to40_2026-08-20,animal-cycle-random-7x7_g114_vs_g108.jsonl,animal-cycle-random-7x7,animal-cycle,random-start,7x7,tf:114,tf:108,true,p2,accepted,,657508724,657510696526188,16
tf_policy_elo_616bc2f2_phase7_random_to40_2026-08-20,animal-cycle-random-7x7_g114_vs_g108.jsonl,animal-cycle-random-7x7,animal-cycle,random-start,7x7,tf:108,tf:114,false,p2,accepted,,657508724,657510696526189,17
tf_policy_elo_616bc2f2_phase7_random_to40_2026-08-20,animal-cycle-random-7x7_g114_vs_g108.jsonl,animal-cycle-random-7x7,animal-cycle,random-start,7x7,tf:114,tf:108,true,p2,accepted,,657508724,657510696526190,18
tf_policy_elo_616bc2f2_phase7_random_to40_2026-08-20,animal-cycle-random-7x7_g114_vs_g108.jsonl,animal-cycle-random-7x7,animal-cycle,random-start,7x7,tf:108,tf:114,false,p1,accepted,,657508724,657510696526191,19
tf_policy_elo_616bc2f2_phase7_random_to40_2026-08-20,animal-cycle-random-7x7_g114_vs_g108.jsonl,animal-cycle-random-7x7,animal-cycle,random-start,7x7,tf:114,tf:108,true,p1,accepted,,657508724,657510696526192,20
tf_policy_elo_616bc2f2_phase7_random_to40_2026-08-20,animal-cycle-random-7x7_g114_vs_g108.jsonl,animal-cycle-random-7x7,animal-cycle,random-start,7x7,tf:108,tf:114,false,p1,accepted,,657508724,657510696526193,21
tf_policy_elo_616bc2f2_phase7_random_to40_2026-08-20,animal-cycle-random-7x7_g114_vs_g108.jsonl,animal-cycle-random-7x7,animal-cycle,random-start,7x7,tf:114,tf:108,true,p1,accepted,,657508724,657510696526194,22
tf_policy_elo_616bc2f2_phase7_random_to40_2026-08-20,animal-cycle-random-7x7_g114_vs_g108.jsonl,animal-cycle-random-7x7,animal-cycle,random-start,7x7,tf:108,tf:114,false,p2,accepted,,657508724,657510696526195,23
tf_policy_elo_616bc2f2_phase7_random_to40_2026-08-20,animal-cycle-random-7x7_g114_vs_g108.jsonl,animal-cycle-random-7x7,animal-cycle,random-start,7x7,tf:114,tf:108,true,p1,accepted,,657508724,657510696526196,24
tf_policy_elo_616bc2f2_phase7_random_to40_2026-08-20,animal-cycle-random-7x7_g114_vs_g108.jsonl,animal-cycle-random-7x7,animal-cycle,random-start,7x7,tf:108,tf:114,false,p1,accepted,,657508724,657510696526197,25
tf_policy_elo_616bc2f2_phase7_random_to40_2026-08-20,animal-cycle-random-7x7_g114_vs_g108.jsonl,animal-cycle-random-7x7,animal-cycle,random-start,7x7,tf:114,tf:108,true,p1,accepted,,657508724,657510696526198,26
tf_policy_elo_616bc2f2_phase7_random_to40_2026-08-20,animal-cycle-random-7x7_g114_vs_g108.jsonl,animal-cycle-random-7x7,animal-cycle,random-start,7x7,tf:108,tf:114,false,p2,accepted,,657508724,657510696526199,27
tf_policy_elo_616bc2f2_phase7_random_to40_2026-08-20,animal-cycle-random-7x7_g114_vs_g111.jsonl,animal-cycle-random-7x7,animal-cycle,random-start,7x7,tf:114,tf:111,true,p2,accepted,,657511724,657513696535172,0
tf_policy_elo_616bc2f2_phase7_random_to40_2026-08-20,animal-cycle-random-7x7_g114_vs_g111.jsonl,animal-cycle-random-7x7,animal-cycle,random-start,7x7,tf:111,tf:114,false,p2,accepted,,657511724,657513696535173,1
tf_policy_elo_616bc2f2_phase7_random_to40_2026-08-20,animal-cycle-random-7x7_g114_vs_g111.jsonl,animal-cycle-random-7x7,animal-cycle,random-start,7x7,tf:114,tf:111,true,p2,accepted,,657511724,657513696535174,2
tf_policy_elo_616bc2f2_phase7_random_to40_2026-08-20,animal-cycle-random-7x7_g114_vs_g111.jsonl,animal-cycle-random-7x7,animal-cycle,random-start,7x7,tf:111,tf:114,false,p2,accepted,,657511724,657513696535175,3
tf_policy_elo_616bc2f2_phase7_random_to40_2026-08-20,animal-cycle-random-7x7_g114_vs_g111.jsonl,animal-cycle-random-7x7,animal-cycle,random-start,7x7,tf:114,tf:111,true,p1,accepted,,657511724,657513696535176,4
tf_policy_elo_616bc2f2_phase7_random_to40_2026-08-20,animal-cycle-random-7x7_g114_vs_g111.jsonl,animal-cycle-random-7x7,animal-cycle,random-start,7x7,tf:111,tf:114,false,p1,accepted,,657511724,657513696535177,5
tf_policy_elo_616bc2f2_phase7_random_to40_2026-08-20,animal-cycle-random-7x7_g114_vs_g111.jsonl,animal-cycle-random-7x7,animal-cycle,random-start,7x7,tf:114,tf:111,true,p1,accepted,,657511724,657513696535178,6
tf_policy_elo_616bc2f2_phase7_random_to40_2026-08-20,animal-cycle-random-7x7_g114_vs_g111.jsonl,animal-cycle-random-7x7,animal-cycle,random-start,7x7,tf:111,tf:114,false,p1,accepted,,657511724,657513696535179,7
tf_policy_elo_616bc2f2_phase7_random_to40_2026-08-20,animal-cycle-random-7x7_g114_vs_g111.jsonl,animal-cycle-random-7x7,animal-cycle,random-start,7x7,tf:114,tf:111,true,p1,accepted,,657511724,657513696535180,8
tf_policy_elo_616bc2f2_phase7_random_to40_2026-08-20,animal-cycle-random-7x7_g114_vs_g111.jsonl,animal-cycle-random-7x7,animal-cycle,random-start,7x7,tf:111,tf:114,false,p1,accepted,,657511724,657513696535181,9
tf_policy_elo_616bc2f2_phase7_random_to40_2026-08-20,animal-cycle-random-7x7_g114_vs_g111.jsonl,animal-cycle-random-7x7,animal-cycle,random-start,7x7,tf:114,tf:111,true,p1,accepted,,657511724,657513696535182,10
tf_policy_elo_616bc2f2_phase7_random_to40_2026-08-20,animal-cycle-random-7x7_g114_vs_g111.jsonl,animal-cycle-random-7x7,animal-cycle,random-start,7x7,tf:111,tf:114,false,p2,accepted,,657511724,657513696535183,11
tf_policy_elo_616bc2f2_phase7_random_to40_2026-08-20,animal-cycle-random-7x7_g114_vs_g111.jsonl,animal-cycle-random-7x7,animal-cycle,random-start,7x7,tf:114,tf:111,true,p2,accepted,,657511724,657513696535184,12
tf_policy_elo_616bc2f2_phase7_random_to40_2026-08-20,animal-cycle-random-7x7_g114_vs_g111.jsonl,animal-cycle-random-7x7,animal-cycle,random-start,7x7,tf:111,tf:114,false,p2,accepted,,657511724,657513696535185,13
tf_policy_elo_616bc2f2_phase7_random_to40_2026-08-20,animal-cycle-random-7x7_g114_vs_g111.jsonl,animal-cycle-random-7x7,animal-cycle,random-start,7x7,tf:114,tf:111,true,p2,accepted,,657511724,657513696535186,14
tf_policy_elo_616bc2f2_phase7_random_to40_2026-08-20,animal-cycle-random-7x7_g114_vs_g111.jsonl,animal-cycle-random-7x7,animal-cycle,random-start,7x7,tf:111,tf:114,false,p1,accepted,,657511724,657513696535187,15
tf_policy_elo_616bc2f2_phase7_random_to40_2026-08-20,animal-cycle-random-7x7_g114_vs_g111.jsonl,animal-cycle-random-7x7,animal-cycle,random-start,7x7,tf:114,tf:111,true,p1,accepted,,657511724,657513696535188,16
tf_policy_elo_616bc2f2_phase7_random_to40_2026-08-20,animal-cycle-random-7x7_g114_vs_g111.jsonl,animal-cycle-random-7x7,animal-cycle,random-start,7x7,tf:111,tf:114,false,p2,accepted,,657511724,657513696535189,17
tf_policy_elo_616bc2f2_phase7_random_to40_2026-08-20,animal-cycle-random-7x7_g114_vs_g111.jsonl,animal-cycle-random-7x7,animal-cycle,random-start,7x7,tf:114,tf:111,true,p1,accepted,,657511724,657513696535190,18
tf_policy_elo_616bc2f2_phase7_random_to40_2026-08-20,animal-cycle-random-7x7_g114_vs_g111.jsonl,animal-cycle-random-7x7,animal-cycle,random-start,7x7,tf:111,tf:114,false,p2,accepted,,657511724,657513696535191,19
tf_policy_elo_616bc2f2_phase7_random_to40_2026-08-20,animal-cycle-random-7x7_g114_vs_g111.jsonl,animal-cycle-random-7x7,animal-cycle,random-start,7x7,tf:114,tf:111,true,p1,accepted,,657511724,657513696535192,20
tf_policy_elo_616bc2f2_phase7_random_to40_2026-08-20,animal-cycle-random-7x7_g114_vs_g111.jsonl,animal-cycle-random-7x7,animal-cycle,random-start,7x7,tf:111,tf:114,false,p2,accepted,,657511724,657513696535193,21
tf_policy_elo_616bc2f2_phase7_random_to40_2026-08-20,animal-cycle-random-7x7_g114_vs_g111.jsonl,animal-cycle-random-7x7,animal-cycle,random-start,7x7,tf:114,tf:111,true,p1,accepted,,657511724,657513696535194,22
tf_policy_elo_616bc2f2_phase7_random_to40_2026-08-20,animal-cycle-random-7x7_g114_vs_g111.jsonl,animal-cycle-random-7x7,animal-cycle,random-start,7x7,tf:111,tf:114,false,p2,accepted,,657511724,657513696535195,23
tf_policy_elo_616bc2f2_phase7_random_to40_2026-08-20,animal-cycle-random-7x7_g114_vs_g111.jsonl,animal-cycle-random-7x7,animal-cycle,random-start,7x7,tf:114,tf:111,true,p1,accepted,,657511724,657513696535196,24
tf_policy_elo_616bc2f2_phase7_random_to40_2026-08-20,animal-cycle-random-7x7_g114_vs_g111.jsonl,animal-cycle-random-7x7,animal-cycle,random-start,7x7,tf:111,tf:114,false,p2,accepted,,657511724,657513696535197,25
tf_policy_elo_616bc2f2_phase7_random_to40_2026-08-20,animal-cycle-random-7x7_g114_vs_g111.jsonl,animal-cycle-random-7x7,animal-cycle,random-start,7x7,tf:114,tf:111,true,p1,accepted,,657511724,657513696535198,26
tf_policy_elo_616bc2f2_phase7_random_to40_2026-08-20,animal-cycle-random-7x7_g114_vs_g111.jsonl,animal-cycle-random-7x7,animal-cycle,random-start,7x7,tf:111,tf:114,false,p1,accepted,,657511724,657513696535199,27
tf_policy_elo_616bc2f2_phase7_random_to40_2026-08-20,animal-cycle-random-7x7_g114_vs_g113.jsonl,animal-cycle-random-7x7,animal-cycle,random-start,7x7,tf:114,tf:113,true,p2,accepted,,657513724,657515696541172,0
tf_policy_elo_616bc2f2_phase7_random_to40_2026-08-20,animal-cycle-random-7x7_g114_vs_g113.jsonl,animal-cycle-random-7x7,animal-cycle,random-start,7x7,tf:113,tf:114,false,p1,accepted,,657513724,657515696541173,1
tf_policy_elo_616bc2f2_phase7_random_to40_2026-08-20,animal-cycle-random-7x7_g114_vs_g113.jsonl,animal-cycle-random-7x7,animal-cycle,random-start,7x7,tf:114,tf:113,true,p2,accepted,,657513724,657515696541174,2
tf_policy_elo_616bc2f2_phase7_random_to40_2026-08-20,animal-cycle-random-7x7_g114_vs_g113.jsonl,animal-cycle-random-7x7,animal-cycle,random-start,7x7,tf:113,tf:114,false,p2,accepted,,657513724,657515696541175,3
tf_policy_elo_616bc2f2_phase7_random_to40_2026-08-20,animal-cycle-random-7x7_g114_vs_g113.jsonl,animal-cycle-random-7x7,animal-cycle,random-start,7x7,tf:114,tf:113,true,p2,accepted,,657513724,657515696541176,4
tf_policy_elo_616bc2f2_phase7_random_to40_2026-08-20,animal-cycle-random-7x7_g114_vs_g113.jsonl,animal-cycle-random-7x7,animal-cycle,random-start,7x7,tf:113,tf:114,false,p1,accepted,,657513724,657515696541177,5
tf_policy_elo_616bc2f2_phase7_random_to40_2026-08-20,animal-cycle-random-7x7_g114_vs_g113.jsonl,animal-cycle-random-7x7,animal-cycle,random-start,7x7,tf:114,tf:113,true,p1,accepted,,657513724,657515696541178,6
tf_policy_elo_616bc2f2_phase7_random_to40_2026-08-20,animal-cycle-random-7x7_g114_vs_g113.jsonl,animal-cycle-random-7x7,animal-cycle,random-start,7x7,tf:113,tf:114,false,p1,accepted,,657513724,657515696541179,7
tf_policy_elo_616bc2f2_phase7_random_to40_2026-08-20,animal-cycle-random-7x7_g114_vs_g113.jsonl,animal-cycle-random-7x7,animal-cycle,random-start,7x7,tf:114,tf:113,true,p1,accepted,,657513724,657515696541180,8
tf_policy_elo_616bc2f2_phase7_random_to40_2026-08-20,animal-cycle-random-7x7_g114_vs_g113.jsonl,animal-cycle-random-7x7,animal-cycle,random-start,7x7,tf:113,tf:114,false,p1,accepted,,657513724,657515696541181,9
tf_policy_elo_616bc2f2_phase7_random_to40_2026-08-20,animal-cycle-random-7x7_g114_vs_g113.jsonl,animal-cycle-random-7x7,animal-cycle,random-start,7x7,tf:114,tf:113,true,p2,accepted,,657513724,657515696541182,10
tf_policy_elo_616bc2f2_phase7_random_to40_2026-08-20,animal-cycle-random-7x7_g114_vs_g113.jsonl,animal-cycle-random-7x7,animal-cycle,random-start,7x7,tf:113,tf:114,false,p1,accepted,,657513724,657515696541183,11
tf_policy_elo_616bc2f2_phase7_random_to40_2026-08-20,animal-cycle-random-7x7_g114_vs_g113.jsonl,animal-cycle-random-7x7,animal-cycle,random-start,7x7,tf:114,tf:113,true,p1,accepted,,657513724,657515696541184,12
tf_policy_elo_616bc2f2_phase7_random_to40_2026-08-20,animal-cycle-random-7x7_g114_vs_g113.jsonl,animal-cycle-random-7x7,animal-cycle,random-start,7x7,tf:113,tf:114,false,p1,accepted,,657513724,657515696541185,13
tf_policy_elo_616bc2f2_phase7_random_to40_2026-08-20,animal-cycle-random-7x7_g114_vs_g113.jsonl,animal-cycle-random-7x7,animal-cycle,random-start,7x7,tf:114,tf:113,true,p1,accepted,,657513724,657515696541186,14
tf_policy_elo_616bc2f2_phase7_random_to40_2026-08-20,animal-cycle-random-7x7_g114_vs_g113.jsonl,animal-cycle-random-7x7,animal-cycle,random-start,7x7,tf:113,tf:114,false,p1,accepted,,657513724,657515696541187,15
tf_policy_elo_616bc2f2_phase7_random_to40_2026-08-20,animal-cycle-random-7x7_g114_vs_g113.jsonl,animal-cycle-random-7x7,animal-cycle,random-start,7x7,tf:114,tf:113,true,p1,accepted,,657513724,657515696541188,16
tf_policy_elo_616bc2f2_phase7_random_to40_2026-08-20,animal-cycle-random-7x7_g114_vs_g113.jsonl,animal-cycle-random-7x7,animal-cycle,random-start,7x7,tf:113,tf:114,false,p1,accepted,,657513724,657515696541189,17
tf_policy_elo_616bc2f2_phase7_random_to40_2026-08-20,animal-cycle-random-7x7_g114_vs_g113.jsonl,animal-cycle-random-7x7,animal-cycle,random-start,7x7,tf:114,tf:113,true,p2,accepted,,657513724,657515696541190,18
tf_policy_elo_616bc2f2_phase7_random_to40_2026-08-20,animal-cycle-random-7x7_g114_vs_g113.jsonl,animal-cycle-random-7x7,animal-cycle,random-start,7x7,tf:113,tf:114,false,p1,accepted,,657513724,657515696541191,19
tf_policy_elo_616bc2f2_phase7_random_to40_2026-08-20,animal-cycle-random-7x7_g114_vs_g113.jsonl,animal-cycle-random-7x7,animal-cycle,random-start,7x7,tf:114,tf:113,true,p2,accepted,,657513724,657515696541192,20
tf_policy_elo_616bc2f2_phase7_random_to40_2026-08-20,animal-cycle-random-7x7_g114_vs_g113.jsonl,animal-cycle-random-7x7,animal-cycle,random-start,7x7,tf:113,tf:114,false,p1,accepted,,657513724,657515696541193,21
tf_policy_elo_616bc2f2_phase7_random_to40_2026-08-20,animal-cycle-random-7x7_g114_vs_g113.jsonl,animal-cycle-random-7x7,animal-cycle,random-start,7x7,tf:114,tf:113,true,p1,accepted,,657513724,657515696541194,22
tf_policy_elo_616bc2f2_phase7_random_to40_2026-08-20,animal-cycle-random-7x7_g114_vs_g113.jsonl,animal-cycle-random-7x7,animal-cycle,random-start,7x7,tf:113,tf:114,false,p1,accepted,,657513724,657515696541195,23
tf_policy_elo_616bc2f2_phase7_random_to40_2026-08-20,animal-cycle-random-7x7_g114_vs_g113.jsonl,animal-cycle-random-7x7,animal-cycle,random-start,7x7,tf:114,tf:113,true,p1,accepted,,657513724,657515696541196,24
tf_policy_elo_616bc2f2_phase7_random_to40_2026-08-20,animal-cycle-random-7x7_g114_vs_g113.jsonl,animal-cycle-random-7x7,animal-cycle,random-start,7x7,tf:113,tf:114,false,p2,accepted,,657513724,657515696541197,25
tf_policy_elo_616bc2f2_phase7_random_to40_2026-08-20,animal-cycle-random-7x7_g114_vs_g113.jsonl,animal-cycle-random-7x7,animal-cycle,random-start,7x7,tf:114,tf:113,true,p1,accepted,,657513724,657515696541198,26
tf_policy_elo_616bc2f2_phase7_random_to40_2026-08-20,animal-cycle-random-7x7_g114_vs_g113.jsonl,animal-cycle-random-7x7,animal-cycle,random-start,7x7,tf:113,tf:114,false,p1,accepted,,657513724,657515696541199,27
tf_policy_elo_616bc2f2_phase7_random_to40_2026-08-20,animal-cycle-random-7x7_g115_vs_g109.jsonl,animal-cycle-random-7x7,animal-cycle,random-start,7x7,tf:115,tf:109,true,p2,accepted,,657609724,657611696829172,0
tf_policy_elo_616bc2f2_phase7_random_to40_2026-08-20,animal-cycle-random-7x7_g115_vs_g109.jsonl,animal-cycle-random-7x7,animal-cycle,random-start,7x7,tf:109,tf:115,false,p2,accepted,,657609724,657611696829173,1
tf_policy_elo_616bc2f2_phase7_random_to40_2026-08-20,animal-cycle-random-7x7_g115_vs_g109.jsonl,animal-cycle-random-7x7,animal-cycle,random-start,7x7,tf:115,tf:109,true,p1,accepted,,657609724,657611696829174,2
tf_policy_elo_616bc2f2_phase7_random_to40_2026-08-20,animal-cycle-random-7x7_g115_vs_g109.jsonl,animal-cycle-random-7x7,animal-cycle,random-start,7x7,tf:109,tf:115,false,p2,accepted,,657609724,657611696829175,3
tf_policy_elo_616bc2f2_phase7_random_to40_2026-08-20,animal-cycle-random-7x7_g115_vs_g109.jsonl,animal-cycle-random-7x7,animal-cycle,random-start,7x7,tf:115,tf:109,true,p2,accepted,,657609724,657611696829176,4
tf_policy_elo_616bc2f2_phase7_random_to40_2026-08-20,animal-cycle-random-7x7_g115_vs_g109.jsonl,animal-cycle-random-7x7,animal-cycle,random-start,7x7,tf:109,tf:115,false,p1,accepted,,657609724,657611696829177,5
tf_policy_elo_616bc2f2_phase7_random_to40_2026-08-20,animal-cycle-random-7x7_g115_vs_g109.jsonl,animal-cycle-random-7x7,animal-cycle,random-start,7x7,tf:115,tf:109,true,p1,accepted,,657609724,657611696829178,6
tf_policy_elo_616bc2f2_phase7_random_to40_2026-08-20,animal-cycle-random-7x7_g115_vs_g109.jsonl,animal-cycle-random-7x7,animal-cycle,random-start,7x7,tf:109,tf:115,false,p2,accepted,,657609724,657611696829179,7
tf_policy_elo_616bc2f2_phase7_random_to40_2026-08-20,animal-cycle-random-7x7_g115_vs_g109.jsonl,animal-cycle-random-7x7,animal-cycle,random-start,7x7,tf:115,tf:109,true,p1,accepted,,657609724,657611696829180,8
tf_policy_elo_616bc2f2_phase7_random_to40_2026-08-20,animal-cycle-random-7x7_g115_vs_g109.jsonl,animal-cycle-random-7x7,animal-cycle,random-start,7x7,tf:109,tf:115,false,p2,accepted,,657609724,657611696829181,9
tf_policy_elo_616bc2f2_phase7_random_to40_2026-08-20,animal-cycle-random-7x7_g115_vs_g109.jsonl,animal-cycle-random-7x7,animal-cycle,random-start,7x7,tf:115,tf:109,true,p1,accepted,,657609724,657611696829182,10
tf_policy_elo_616bc2f2_phase7_random_to40_2026-08-20,animal-cycle-random-7x7_g115_vs_g109.jsonl,animal-cycle-random-7x7,animal-cycle,random-start,7x7,tf:109,tf:115,false,p2,accepted,,657609724,657611696829183,11
tf_policy_elo_616bc2f2_phase7_random_to40_2026-08-20,animal-cycle-random-7x7_g115_vs_g109.jsonl,animal-cycle-random-7x7,animal-cycle,random-start,7x7,tf:115,tf:109,true,p1,accepted,,657609724,657611696829184,12
tf_policy_elo_616bc2f2_phase7_random_to40_2026-08-20,animal-cycle-random-7x7_g115_vs_g109.jsonl,animal-cycle-random-7x7,animal-cycle,random-start,7x7,tf:109,tf:115,false,p2,accepted,,657609724,657611696829185,13
tf_policy_elo_616bc2f2_phase7_random_to40_2026-08-20,animal-cycle-random-7x7_g115_vs_g109.jsonl,animal-cycle-random-7x7,animal-cycle,random-start,7x7,tf:115,tf:109,true,p1,accepted,,657609724,657611696829186,14
tf_policy_elo_616bc2f2_phase7_random_to40_2026-08-20,animal-cycle-random-7x7_g115_vs_g109.jsonl,animal-cycle-random-7x7,animal-cycle,random-start,7x7,tf:109,tf:115,false,p1,accepted,,657609724,657611696829187,15
tf_policy_elo_616bc2f2_phase7_random_to40_2026-08-20,animal-cycle-random-7x7_g115_vs_g109.jsonl,animal-cycle-random-7x7,animal-cycle,random-start,7x7,tf:115,tf:109,true,p2,accepted,,657609724,657611696829188,16
tf_policy_elo_616bc2f2_phase7_random_to40_2026-08-20,animal-cycle-random-7x7_g115_vs_g109.jsonl,animal-cycle-random-7x7,animal-cycle,random-start,7x7,tf:109,tf:115,false,p1,accepted,,657609724,657611696829189,17
tf_policy_elo_616bc2f2_phase7_random_to40_2026-08-20,animal-cycle-random-7x7_g115_vs_g109.jsonl,animal-cycle-random-7x7,animal-cycle,random-start,7x7,tf:115,tf:109,true,p1,accepted,,657609724,657611696829190,18
tf_policy_elo_616bc2f2_phase7_random_to40_2026-08-20,animal-cycle-random-7x7_g115_vs_g109.jsonl,animal-cycle-random-7x7,animal-cycle,random-start,7x7,tf:109,tf:115,false,p1,accepted,,657609724,657611696829191,19
tf_policy_elo_616bc2f2_phase7_random_to40_2026-08-20,animal-cycle-random-7x7_g115_vs_g109.jsonl,animal-cycle-random-7x7,animal-cycle,random-start,7x7,tf:115,tf:109,true,p1,accepted,,657609724,657611696829192,20
tf_policy_elo_616bc2f2_phase7_random_to40_2026-08-20,animal-cycle-random-7x7_g115_vs_g109.jsonl,animal-cycle-random-7x7,animal-cycle,random-start,7x7,tf:109,tf:115,false,p2,accepted,,657609724,657611696829193,21
tf_policy_elo_616bc2f2_phase7_random_to40_2026-08-20,animal-cycle-random-7x7_g115_vs_g109.jsonl,animal-cycle-random-7x7,animal-cycle,random-start,7x7,tf:115,tf:109,true,p1,accepted,,657609724,657611696829194,22
tf_policy_elo_616bc2f2_phase7_random_to40_2026-08-20,animal-cycle-random-7x7_g115_vs_g109.jsonl,animal-cycle-random-7x7,animal-cycle,random-start,7x7,tf:109,tf:115,false,p1,accepted,,657609724,657611696829195,23
tf_policy_elo_616bc2f2_phase7_random_to40_2026-08-20,animal-cycle-random-7x7_g115_vs_g109.jsonl,animal-cycle-random-7x7,animal-cycle,random-start,7x7,tf:115,tf:109,true,p1,accepted,,657609724,657611696829196,24
tf_policy_elo_616bc2f2_phase7_random_to40_2026-08-20,animal-cycle-random-7x7_g115_vs_g109.jsonl,animal-cycle-random-7x7,animal-cycle,random-start,7x7,tf:109,tf:115,false,p1,accepted,,657609724,657611696829197,25
tf_policy_elo_616bc2f2_phase7_random_to40_2026-08-20,animal-cycle-random-7x7_g115_vs_g109.jsonl,animal-cycle-random-7x7,animal-cycle,random-start,7x7,tf:115,tf:109,true,p1,accepted,,657609724,657611696829198,26
tf_policy_elo_616bc2f2_phase7_random_to40_2026-08-20,animal-cycle-random-7x7_g115_vs_g109.jsonl,animal-cycle-random-7x7,animal-cycle,random-start,7x7,tf:109,tf:115,false,p2,accepted,,657609724,657611696829199,27
tf_policy_elo_616bc2f2_phase7_random_to40_2026-08-20,animal-cycle-random-7x7_g115_vs_g112.jsonl,animal-cycle-random-7x7,animal-cycle,random-start,7x7,tf:115,tf:112,true,p1,accepted,,657612724,657614696838172,0
tf_policy_elo_616bc2f2_phase7_random_to40_2026-08-20,animal-cycle-random-7x7_g115_vs_g112.jsonl,animal-cycle-random-7x7,animal-cycle,random-start,7x7,tf:112,tf:115,false,p1,accepted,,657612724,657614696838173,1
tf_policy_elo_616bc2f2_phase7_random_to40_2026-08-20,animal-cycle-random-7x7_g115_vs_g112.jsonl,animal-cycle-random-7x7,animal-cycle,random-start,7x7,tf:115,tf:112,true,p1,accepted,,657612724,657614696838174,2
tf_policy_elo_616bc2f2_phase7_random_to40_2026-08-20,animal-cycle-random-7x7_g115_vs_g112.jsonl,animal-cycle-random-7x7,animal-cycle,random-start,7x7,tf:112,tf:115,false,p1,accepted,,657612724,657614696838175,3
tf_policy_elo_616bc2f2_phase7_random_to40_2026-08-20,animal-cycle-random-7x7_g115_vs_g112.jsonl,animal-cycle-random-7x7,animal-cycle,random-start,7x7,tf:115,tf:112,true,p1,accepted,,657612724,657614696838176,4
tf_policy_elo_616bc2f2_phase7_random_to40_2026-08-20,animal-cycle-random-7x7_g115_vs_g112.jsonl,animal-cycle-random-7x7,animal-cycle,random-start,7x7,tf:112,tf:115,false,p1,accepted,,657612724,657614696838177,5
tf_policy_elo_616bc2f2_phase7_random_to40_2026-08-20,animal-cycle-random-7x7_g115_vs_g112.jsonl,animal-cycle-random-7x7,animal-cycle,random-start,7x7,tf:115,tf:112,true,p1,accepted,,657612724,657614696838178,6
tf_policy_elo_616bc2f2_phase7_random_to40_2026-08-20,animal-cycle-random-7x7_g115_vs_g112.jsonl,animal-cycle-random-7x7,animal-cycle,random-start,7x7,tf:112,tf:115,false,p1,accepted,,657612724,657614696838179,7
tf_policy_elo_616bc2f2_phase7_random_to40_2026-08-20,animal-cycle-random-7x7_g115_vs_g112.jsonl,animal-cycle-random-7x7,animal-cycle,random-start,7x7,tf:115,tf:112,true,p1,accepted,,657612724,657614696838180,8
tf_policy_elo_616bc2f2_phase7_random_to40_2026-08-20,animal-cycle-random-7x7_g115_vs_g112.jsonl,animal-cycle-random-7x7,animal-cycle,random-start,7x7,tf:112,tf:115,false,p1,accepted,,657612724,657614696838181,9
tf_policy_elo_616bc2f2_phase7_random_to40_2026-08-20,animal-cycle-random-7x7_g115_vs_g112.jsonl,animal-cycle-random-7x7,animal-cycle,random-start,7x7,tf:115,tf:112,true,p2,accepted,,657612724,657614696838182,10
tf_policy_elo_616bc2f2_phase7_random_to40_2026-08-20,animal-cycle-random-7x7_g115_vs_g112.jsonl,animal-cycle-random-7x7,animal-cycle,random-start,7x7,tf:112,tf:115,false,p1,accepted,,657612724,657614696838183,11
tf_policy_elo_616bc2f2_phase7_random_to40_2026-08-20,animal-cycle-random-7x7_g115_vs_g112.jsonl,animal-cycle-random-7x7,animal-cycle,random-start,7x7,tf:115,tf:112,true,p2,accepted,,657612724,657614696838184,12
tf_policy_elo_616bc2f2_phase7_random_to40_2026-08-20,animal-cycle-random-7x7_g115_vs_g112.jsonl,animal-cycle-random-7x7,animal-cycle,random-start,7x7,tf:112,tf:115,false,p1,accepted,,657612724,657614696838185,13
tf_policy_elo_616bc2f2_phase7_random_to40_2026-08-20,animal-cycle-random-7x7_g115_vs_g112.jsonl,animal-cycle-random-7x7,animal-cycle,random-start,7x7,tf:115,tf:112,true,p1,accepted,,657612724,657614696838186,14
tf_policy_elo_616bc2f2_phase7_random_to40_2026-08-20,animal-cycle-random-7x7_g115_vs_g112.jsonl,animal-cycle-random-7x7,animal-cycle,random-start,7x7,tf:112,tf:115,false,p2,accepted,,657612724,657614696838187,15
tf_policy_elo_616bc2f2_phase7_random_to40_2026-08-20,animal-cycle-random-7x7_g115_vs_g112.jsonl,animal-cycle-random-7x7,animal-cycle,random-start,7x7,tf:115,tf:112,true,p1,accepted,,657612724,657614696838188,16
tf_policy_elo_616bc2f2_phase7_random_to40_2026-08-20,animal-cycle-random-7x7_g115_vs_g112.jsonl,animal-cycle-random-7x7,animal-cycle,random-start,7x7,tf:112,tf:115,false,p1,accepted,,657612724,657614696838189,17
tf_policy_elo_616bc2f2_phase7_random_to40_2026-08-20,animal-cycle-random-7x7_g115_vs_g112.jsonl,animal-cycle-random-7x7,animal-cycle,random-start,7x7,tf:115,tf:112,true,p2,accepted,,657612724,657614696838190,18
tf_policy_elo_616bc2f2_phase7_random_to40_2026-08-20,animal-cycle-random-7x7_g115_vs_g112.jsonl,animal-cycle-random-7x7,animal-cycle,random-start,7x7,tf:112,tf:115,false,p2,accepted,,657612724,657614696838191,19
tf_policy_elo_616bc2f2_phase7_random_to40_2026-08-20,animal-cycle-random-7x7_g115_vs_g112.jsonl,animal-cycle-random-7x7,animal-cycle,random-start,7x7,tf:115,tf:112,true,p1,accepted,,657612724,657614696838192,20
tf_policy_elo_616bc2f2_phase7_random_to40_2026-08-20,animal-cycle-random-7x7_g115_vs_g112.jsonl,animal-cycle-random-7x7,animal-cycle,random-start,7x7,tf:112,tf:115,false,p1,accepted,,657612724,657614696838193,21
tf_policy_elo_616bc2f2_phase7_random_to40_2026-08-20,animal-cycle-random-7x7_g115_vs_g112.jsonl,animal-cycle-random-7x7,animal-cycle,random-start,7x7,tf:115,tf:112,true,p1,accepted,,657612724,657614696838194,22
tf_policy_elo_616bc2f2_phase7_random_to40_2026-08-20,animal-cycle-random-7x7_g115_vs_g112.jsonl,animal-cycle-random-7x7,animal-cycle,random-start,7x7,tf:112,tf:115,false,p1,accepted,,657612724,657614696838195,23
tf_policy_elo_616bc2f2_phase7_random_to40_2026-08-20,animal-cycle-random-7x7_g115_vs_g112.jsonl,animal-cycle-random-7x7,animal-cycle,random-start,7x7,tf:115,tf:112,true,p1,accepted,,657612724,657614696838196,24
tf_policy_elo_616bc2f2_phase7_random_to40_2026-08-20,animal-cycle-random-7x7_g115_vs_g112.jsonl,animal-cycle-random-7x7,animal-cycle,random-start,7x7,tf:112,tf:115,false,p1,accepted,,657612724,657614696838197,25
tf_policy_elo_616bc2f2_phase7_random_to40_2026-08-20,animal-cycle-random-7x7_g115_vs_g112.jsonl,animal-cycle-random-7x7,animal-cycle,random-start,7x7,tf:115,tf:112,true,p2,accepted,,657612724,657614696838198,26
tf_policy_elo_616bc2f2_phase7_random_to40_2026-08-20,animal-cycle-random-7x7_g115_vs_g112.jsonl,animal-cycle-random-7x7,animal-cycle,random-start,7x7,tf:112,tf:115,false,p1,accepted,,657612724,657614696838199,27
tf_policy_elo_616bc2f2_phase7_random_to40_2026-08-20,animal-cycle-random-7x7_g115_vs_g114.jsonl,animal-cycle-random-7x7,animal-cycle,random-start,7x7,tf:115,tf:114,true,p2,accepted,,657614724,657616696844172,0
tf_policy_elo_616bc2f2_phase7_random_to40_2026-08-20,animal-cycle-random-7x7_g115_vs_g114.jsonl,animal-cycle-random-7x7,animal-cycle,random-start,7x7,tf:114,tf:115,false,p1,accepted,,657614724,657616696844173,1
tf_policy_elo_616bc2f2_phase7_random_to40_2026-08-20,animal-cycle-random-7x7_g115_vs_g114.jsonl,animal-cycle-random-7x7,animal-cycle,random-start,7x7,tf:115,tf:114,true,p1,accepted,,657614724,657616696844174,2
tf_policy_elo_616bc2f2_phase7_random_to40_2026-08-20,animal-cycle-random-7x7_g115_vs_g114.jsonl,animal-cycle-random-7x7,animal-cycle,random-start,7x7,tf:114,tf:115,false,p2,accepted,,657614724,657616696844175,3
tf_policy_elo_616bc2f2_phase7_random_to40_2026-08-20,animal-cycle-random-7x7_g115_vs_g114.jsonl,animal-cycle-random-7x7,animal-cycle,random-start,7x7,tf:115,tf:114,true,p1,accepted,,657614724,657616696844176,4
tf_policy_elo_616bc2f2_phase7_random_to40_2026-08-20,animal-cycle-random-7x7_g115_vs_g114.jsonl,animal-cycle-random-7x7,animal-cycle,random-start,7x7,tf:114,tf:115,false,p2,accepted,,657614724,657616696844177,5
tf_policy_elo_616bc2f2_phase7_random_to40_2026-08-20,animal-cycle-random-7x7_g115_vs_g114.jsonl,animal-cycle-random-7x7,animal-cycle,random-start,7x7,tf:115,tf:114,true,p1,accepted,,657614724,657616696844178,6
tf_policy_elo_616bc2f2_phase7_random_to40_2026-08-20,animal-cycle-random-7x7_g115_vs_g114.jsonl,animal-cycle-random-7x7,animal-cycle,random-start,7x7,tf:114,tf:115,false,p2,accepted,,657614724,657616696844179,7
tf_policy_elo_616bc2f2_phase7_random_to40_2026-08-20,animal-cycle-random-7x7_g115_vs_g114.jsonl,animal-cycle-random-7x7,animal-cycle,random-start,7x7,tf:115,tf:114,true,p1,accepted,,657614724,657616696844180,8
tf_policy_elo_616bc2f2_phase7_random_to40_2026-08-20,animal-cycle-random-7x7_g115_vs_g114.jsonl,animal-cycle-random-7x7,animal-cycle,random-start,7x7,tf:114,tf:115,false,p1,accepted,,657614724,657616696844181,9
tf_policy_elo_616bc2f2_phase7_random_to40_2026-08-20,animal-cycle-random-7x7_g115_vs_g114.jsonl,animal-cycle-random-7x7,animal-cycle,random-start,7x7,tf:115,tf:114,true,p2,accepted,,657614724,657616696844182,10
tf_policy_elo_616bc2f2_phase7_random_to40_2026-08-20,animal-cycle-random-7x7_g115_vs_g114.jsonl,animal-cycle-random-7x7,animal-cycle,random-start,7x7,tf:114,tf:115,false,p2,accepted,,657614724,657616696844183,11
tf_policy_elo_616bc2f2_phase7_random_to40_2026-08-20,animal-cycle-random-7x7_g115_vs_g114.jsonl,animal-cycle-random-7x7,animal-cycle,random-start,7x7,tf:115,tf:114,true,p1,accepted,,657614724,657616696844184,12
tf_policy_elo_616bc2f2_phase7_random_to40_2026-08-20,animal-cycle-random-7x7_g115_vs_g114.jsonl,animal-cycle-random-7x7,animal-cycle,random-start,7x7,tf:114,tf:115,false,p1,accepted,,657614724,657616696844185,13
tf_policy_elo_616bc2f2_phase7_random_to40_2026-08-20,animal-cycle-random-7x7_g115_vs_g114.jsonl,animal-cycle-random-7x7,animal-cycle,random-start,7x7,tf:115,tf:114,true,p2,accepted,,657614724,657616696844186,14
tf_policy_elo_616bc2f2_phase7_random_to40_2026-08-20,animal-cycle-random-7x7_g115_vs_g114.jsonl,animal-cycle-random-7x7,animal-cycle,random-start,7x7,tf:114,tf:115,false,p1,accepted,,657614724,657616696844187,15
tf_policy_elo_616bc2f2_phase7_random_to40_2026-08-20,animal-cycle-random-7x7_g115_vs_g114.jsonl,animal-cycle-random-7x7,animal-cycle,random-start,7x7,tf:115,tf:114,true,p2,accepted,,657614724,657616696844188,16
tf_policy_elo_616bc2f2_phase7_random_to40_2026-08-20,animal-cycle-random-7x7_g115_vs_g114.jsonl,animal-cycle-random-7x7,animal-cycle,random-start,7x7,tf:114,tf:115,false,p2,accepted,,657614724,657616696844189,17
tf_policy_elo_616bc2f2_phase7_random_to40_2026-08-20,animal-cycle-random-7x7_g115_vs_g114.jsonl,animal-cycle-random-7x7,animal-cycle,random-start,7x7,tf:115,tf:114,true,p1,accepted,,657614724,657616696844190,18
tf_policy_elo_616bc2f2_phase7_random_to40_2026-08-20,animal-cycle-random-7x7_g115_vs_g114.jsonl,animal-cycle-random-7x7,animal-cycle,random-start,7x7,tf:114,tf:115,false,p2,accepted,,657614724,657616696844191,19
tf_policy_elo_616bc2f2_phase7_random_to40_2026-08-20,animal-cycle-random-7x7_g115_vs_g114.jsonl,animal-cycle-random-7x7,animal-cycle,random-start,7x7,tf:115,tf:114,true,p2,accepted,,657614724,657616696844192,20
tf_policy_elo_616bc2f2_phase7_random_to40_2026-08-20,animal-cycle-random-7x7_g115_vs_g114.jsonl,animal-cycle-random-7x7,animal-cycle,random-start,7x7,tf:114,tf:115,false,p1,accepted,,657614724,657616696844193,21
tf_policy_elo_616bc2f2_phase7_random_to40_2026-08-20,animal-cycle-random-7x7_g115_vs_g114.jsonl,animal-cycle-random-7x7,animal-cycle,random-start,7x7,tf:115,tf:114,true,p1,accepted,,657614724,657616696844194,22
tf_policy_elo_616bc2f2_phase7_random_to40_2026-08-20,animal-cycle-random-7x7_g115_vs_g114.jsonl,animal-cycle-random-7x7,animal-cycle,random-start,7x7,tf:114,tf:115,false,p1,accepted,,657614724,657616696844195,23
tf_policy_elo_616bc2f2_phase7_random_to40_2026-08-20,animal-cycle-random-7x7_g115_vs_g114.jsonl,animal-cycle-random-7x7,animal-cycle,random-start,7x7,tf:115,tf:114,true,p2,accepted,,657614724,657616696844196,24
tf_policy_elo_616bc2f2_phase7_random_to40_2026-08-20,animal-cycle-random-7x7_g115_vs_g114.jsonl,animal-cycle-random-7x7,animal-cycle,random-start,7x7,tf:114,tf:115,false,p1,accepted,,657614724,657616696844197,25
tf_policy_elo_616bc2f2_phase7_random_to40_2026-08-20,animal-cycle-random-7x7_g115_vs_g114.jsonl,animal-cycle-random-7x7,animal-cycle,random-start,7x7,tf:115,tf:114,true,p1,accepted,,657614724,657616696844198,26
tf_policy_elo_616bc2f2_phase7_random_to40_2026-08-20,animal-cycle-random-7x7_g115_vs_g114.jsonl,animal-cycle-random-7x7,animal-cycle,random-start,7x7,tf:114,tf:115,false,p2,accepted,,657614724,657616696844199,27
tf_policy_elo_616bc2f2_phase7_random_to40_2026-08-20,animal-cycle-random-7x7_g116_vs_g110.jsonl,animal-cycle-random-7x7,animal-cycle,random-start,7x7,tf:116,tf:110,true,p1,accepted,,657710724,657712697132172,0
tf_policy_elo_616bc2f2_phase7_random_to40_2026-08-20,animal-cycle-random-7x7_g116_vs_g110.jsonl,animal-cycle-random-7x7,animal-cycle,random-start,7x7,tf:110,tf:116,false,p1,accepted,,657710724,657712697132173,1
tf_policy_elo_616bc2f2_phase7_random_to40_2026-08-20,animal-cycle-random-7x7_g116_vs_g110.jsonl,animal-cycle-random-7x7,animal-cycle,random-start,7x7,tf:116,tf:110,true,p1,accepted,,657710724,657712697132174,2
tf_policy_elo_616bc2f2_phase7_random_to40_2026-08-20,animal-cycle-random-7x7_g116_vs_g110.jsonl,animal-cycle-random-7x7,animal-cycle,random-start,7x7,tf:110,tf:116,false,p2,accepted,,657710724,657712697132175,3
tf_policy_elo_616bc2f2_phase7_random_to40_2026-08-20,animal-cycle-random-7x7_g116_vs_g110.jsonl,animal-cycle-random-7x7,animal-cycle,random-start,7x7,tf:116,tf:110,true,p1,accepted,,657710724,657712697132176,4
tf_policy_elo_616bc2f2_phase7_random_to40_2026-08-20,animal-cycle-random-7x7_g116_vs_g110.jsonl,animal-cycle-random-7x7,animal-cycle,random-start,7x7,tf:110,tf:116,false,p2,accepted,,657710724,657712697132177,5
tf_policy_elo_616bc2f2_phase7_random_to40_2026-08-20,animal-cycle-random-7x7_g116_vs_g110.jsonl,animal-cycle-random-7x7,animal-cycle,random-start,7x7,tf:116,tf:110,true,p1,accepted,,657710724,657712697132178,6
tf_policy_elo_616bc2f2_phase7_random_to40_2026-08-20,animal-cycle-random-7x7_g116_vs_g110.jsonl,animal-cycle-random-7x7,animal-cycle,random-start,7x7,tf:110,tf:116,false,p1,accepted,,657710724,657712697132179,7
tf_policy_elo_616bc2f2_phase7_random_to40_2026-08-20,animal-cycle-random-7x7_g116_vs_g110.jsonl,animal-cycle-random-7x7,animal-cycle,random-start,7x7,tf:116,tf:110,true,p2,accepted,,657710724,657712697132180,8
tf_policy_elo_616bc2f2_phase7_random_to40_2026-08-20,animal-cycle-random-7x7_g116_vs_g110.jsonl,animal-cycle-random-7x7,animal-cycle,random-start,7x7,tf:110,tf:116,false,p2,accepted,,657710724,657712697132181,9
tf_policy_elo_616bc2f2_phase7_random_to40_2026-08-20,animal-cycle-random-7x7_g116_vs_g110.jsonl,animal-cycle-random-7x7,animal-cycle,random-start,7x7,tf:116,tf:110,true,p1,accepted,,657710724,657712697132182,10
tf_policy_elo_616bc2f2_phase7_random_to40_2026-08-20,animal-cycle-random-7x7_g116_vs_g110.jsonl,animal-cycle-random-7x7,animal-cycle,random-start,7x7,tf:110,tf:116,false,p2,accepted,,657710724,657712697132183,11
tf_policy_elo_616bc2f2_phase7_random_to40_2026-08-20,animal-cycle-random-7x7_g116_vs_g110.jsonl,animal-cycle-random-7x7,animal-cycle,random-start,7x7,tf:116,tf:110,true,p2,accepted,,657710724,657712697132184,12
tf_policy_elo_616bc2f2_phase7_random_to40_2026-08-20,animal-cycle-random-7x7_g116_vs_g110.jsonl,animal-cycle-random-7x7,animal-cycle,random-start,7x7,tf:110,tf:116,false,p1,accepted,,657710724,657712697132185,13
tf_policy_elo_616bc2f2_phase7_random_to40_2026-08-20,animal-cycle-random-7x7_g116_vs_g110.jsonl,animal-cycle-random-7x7,animal-cycle,random-start,7x7,tf:116,tf:110,true,p1,accepted,,657710724,657712697132186,14
tf_policy_elo_616bc2f2_phase7_random_to40_2026-08-20,animal-cycle-random-7x7_g116_vs_g110.jsonl,animal-cycle-random-7x7,animal-cycle,random-start,7x7,tf:110,tf:116,false,p2,accepted,,657710724,657712697132187,15
tf_policy_elo_616bc2f2_phase7_random_to40_2026-08-20,animal-cycle-random-7x7_g116_vs_g110.jsonl,animal-cycle-random-7x7,animal-cycle,random-start,7x7,tf:116,tf:110,true,p1,accepted,,657710724,657712697132188,16
tf_policy_elo_616bc2f2_phase7_random_to40_2026-08-20,animal-cycle-random-7x7_g116_vs_g110.jsonl,animal-cycle-random-7x7,animal-cycle,random-start,7x7,tf:110,tf:116,false,p2,accepted,,657710724,657712697132189,17
tf_policy_elo_616bc2f2_phase7_random_to40_2026-08-20,animal-cycle-random-7x7_g116_vs_g110.jsonl,animal-cycle-random-7x7,animal-cycle,random-start,7x7,tf:116,tf:110,true,p1,accepted,,657710724,657712697132190,18
tf_policy_elo_616bc2f2_phase7_random_to40_2026-08-20,animal-cycle-random-7x7_g116_vs_g110.jsonl,animal-cycle-random-7x7,animal-cycle,random-start,7x7,tf:110,tf:116,false,p1,accepted,,657710724,657712697132191,19
tf_policy_elo_616bc2f2_phase7_random_to40_2026-08-20,animal-cycle-random-7x7_g116_vs_g110.jsonl,animal-cycle-random-7x7,animal-cycle,random-start,7x7,tf:116,tf:110,true,p2,accepted,,657710724,657712697132192,20
tf_policy_elo_616bc2f2_phase7_random_to40_2026-08-20,animal-cycle-random-7x7_g116_vs_g110.jsonl,animal-cycle-random-7x7,animal-cycle,random-start,7x7,tf:110,tf:116,false,p2,accepted,,657710724,657712697132193,21
tf_policy_elo_616bc2f2_phase7_random_to40_2026-08-20,animal-cycle-random-7x7_g116_vs_g110.jsonl,animal-cycle-random-7x7,animal-cycle,random-start,7x7,tf:116,tf:110,true,p1,accepted,,657710724,657712697132194,22
tf_policy_elo_616bc2f2_phase7_random_to40_2026-08-20,animal-cycle-random-7x7_g116_vs_g110.jsonl,animal-cycle-random-7x7,animal-cycle,random-start,7x7,tf:110,tf:116,false,p1,accepted,,657710724,657712697132195,23
tf_policy_elo_616bc2f2_phase7_random_to40_2026-08-20,animal-cycle-random-7x7_g116_vs_g110.jsonl,animal-cycle-random-7x7,animal-cycle,random-start,7x7,tf:116,tf:110,true,p2,accepted,,657710724,657712697132196,24
tf_policy_elo_616bc2f2_phase7_random_to40_2026-08-20,animal-cycle-random-7x7_g116_vs_g110.jsonl,animal-cycle-random-7x7,animal-cycle,random-start,7x7,tf:110,tf:116,false,p2,accepted,,657710724,657712697132197,25
tf_policy_elo_616bc2f2_phase7_random_to40_2026-08-20,animal-cycle-random-7x7_g116_vs_g110.jsonl,animal-cycle-random-7x7,animal-cycle,random-start,7x7,tf:116,tf:110,true,p1,accepted,,657710724,657712697132198,26
tf_policy_elo_616bc2f2_phase7_random_to40_2026-08-20,animal-cycle-random-7x7_g116_vs_g110.jsonl,animal-cycle-random-7x7,animal-cycle,random-start,7x7,tf:110,tf:116,false,p2,accepted,,657710724,657712697132199,27
tf_policy_elo_616bc2f2_phase7_random_to40_2026-08-20,animal-cycle-random-7x7_g116_vs_g113.jsonl,animal-cycle-random-7x7,animal-cycle,random-start,7x7,tf:116,tf:113,true,p1,accepted,,657713724,657715697141172,0
tf_policy_elo_616bc2f2_phase7_random_to40_2026-08-20,animal-cycle-random-7x7_g116_vs_g113.jsonl,animal-cycle-random-7x7,animal-cycle,random-start,7x7,tf:113,tf:116,false,p2,accepted,,657713724,657715697141173,1
tf_policy_elo_616bc2f2_phase7_random_to40_2026-08-20,animal-cycle-random-7x7_g116_vs_g113.jsonl,animal-cycle-random-7x7,animal-cycle,random-start,7x7,tf:116,tf:113,true,p1,accepted,,657713724,657715697141174,2
tf_policy_elo_616bc2f2_phase7_random_to40_2026-08-20,animal-cycle-random-7x7_g116_vs_g113.jsonl,animal-cycle-random-7x7,animal-cycle,random-start,7x7,tf:113,tf:116,false,p2,accepted,,657713724,657715697141175,3
tf_policy_elo_616bc2f2_phase7_random_to40_2026-08-20,animal-cycle-random-7x7_g116_vs_g113.jsonl,animal-cycle-random-7x7,animal-cycle,random-start,7x7,tf:116,tf:113,true,p2,accepted,,657713724,657715697141176,4
tf_policy_elo_616bc2f2_phase7_random_to40_2026-08-20,animal-cycle-random-7x7_g116_vs_g113.jsonl,animal-cycle-random-7x7,animal-cycle,random-start,7x7,tf:113,tf:116,false,p1,accepted,,657713724,657715697141177,5
tf_policy_elo_616bc2f2_phase7_random_to40_2026-08-20,animal-cycle-random-7x7_g116_vs_g113.jsonl,animal-cycle-random-7x7,animal-cycle,random-start,7x7,tf:116,tf:113,true,p1,accepted,,657713724,657715697141178,6
tf_policy_elo_616bc2f2_phase7_random_to40_2026-08-20,animal-cycle-random-7x7_g116_vs_g113.jsonl,animal-cycle-random-7x7,animal-cycle,random-start,7x7,tf:113,tf:116,false,p1,accepted,,657713724,657715697141179,7
tf_policy_elo_616bc2f2_phase7_random_to40_2026-08-20,animal-cycle-random-7x7_g116_vs_g113.jsonl,animal-cycle-random-7x7,animal-cycle,random-start,7x7,tf:116,tf:113,true,p1,accepted,,657713724,657715697141180,8
tf_policy_elo_616bc2f2_phase7_random_to40_2026-08-20,animal-cycle-random-7x7_g116_vs_g113.jsonl,animal-cycle-random-7x7,animal-cycle,random-start,7x7,tf:113,tf:116,false,p1,accepted,,657713724,657715697141181,9
tf_policy_elo_616bc2f2_phase7_random_to40_2026-08-20,animal-cycle-random-7x7_g116_vs_g113.jsonl,animal-cycle-random-7x7,animal-cycle,random-start,7x7,tf:116,tf:113,true,p1,accepted,,657713724,657715697141182,10
tf_policy_elo_616bc2f2_phase7_random_to40_2026-08-20,animal-cycle-random-7x7_g116_vs_g113.jsonl,animal-cycle-random-7x7,animal-cycle,random-start,7x7,tf:113,tf:116,false,p1,accepted,,657713724,657715697141183,11
tf_policy_elo_616bc2f2_phase7_random_to40_2026-08-20,animal-cycle-random-7x7_g116_vs_g113.jsonl,animal-cycle-random-7x7,animal-cycle,random-start,7x7,tf:116,tf:113,true,p1,accepted,,657713724,657715697141184,12
tf_policy_elo_616bc2f2_phase7_random_to40_2026-08-20,animal-cycle-random-7x7_g116_vs_g113.jsonl,animal-cycle-random-7x7,animal-cycle,random-start,7x7,tf:113,tf:116,false,p2,accepted,,657713724,657715697141185,13
tf_policy_elo_616bc2f2_phase7_random_to40_2026-08-20,animal-cycle-random-7x7_g116_vs_g113.jsonl,animal-cycle-random-7x7,animal-cycle,random-start,7x7,tf:116,tf:113,true,p2,accepted,,657713724,657715697141186,14
tf_policy_elo_616bc2f2_phase7_random_to40_2026-08-20,animal-cycle-random-7x7_g116_vs_g113.jsonl,animal-cycle-random-7x7,animal-cycle,random-start,7x7,tf:113,tf:116,false,p2,accepted,,657713724,657715697141187,15
tf_policy_elo_616bc2f2_phase7_random_to40_2026-08-20,animal-cycle-random-7x7_g116_vs_g113.jsonl,animal-cycle-random-7x7,animal-cycle,random-start,7x7,tf:116,tf:113,true,p1,accepted,,657713724,657715697141188,16
tf_policy_elo_616bc2f2_phase7_random_to40_2026-08-20,animal-cycle-random-7x7_g116_vs_g113.jsonl,animal-cycle-random-7x7,animal-cycle,random-start,7x7,tf:113,tf:116,false,p2,accepted,,657713724,657715697141189,17
tf_policy_elo_616bc2f2_phase7_random_to40_2026-08-20,animal-cycle-random-7x7_g116_vs_g113.jsonl,animal-cycle-random-7x7,animal-cycle,random-start,7x7,tf:116,tf:113,true,p1,accepted,,657713724,657715697141190,18
tf_policy_elo_616bc2f2_phase7_random_to40_2026-08-20,animal-cycle-random-7x7_g116_vs_g113.jsonl,animal-cycle-random-7x7,animal-cycle,random-start,7x7,tf:113,tf:116,false,p2,accepted,,657713724,657715697141191,19
tf_policy_elo_616bc2f2_phase7_random_to40_2026-08-20,animal-cycle-random-7x7_g116_vs_g113.jsonl,animal-cycle-random-7x7,animal-cycle,random-start,7x7,tf:116,tf:113,true,p2,accepted,,657713724,657715697141192,20
tf_policy_elo_616bc2f2_phase7_random_to40_2026-08-20,animal-cycle-random-7x7_g116_vs_g113.jsonl,animal-cycle-random-7x7,animal-cycle,random-start,7x7,tf:113,tf:116,false,p2,accepted,,657713724,657715697141193,21
tf_policy_elo_616bc2f2_phase7_random_to40_2026-08-20,animal-cycle-random-7x7_g116_vs_g113.jsonl,animal-cycle-random-7x7,animal-cycle,random-start,7x7,tf:116,tf:113,true,p1,accepted,,657713724,657715697141194,22
tf_policy_elo_616bc2f2_phase7_random_to40_2026-08-20,animal-cycle-random-7x7_g116_vs_g113.jsonl,animal-cycle-random-7x7,animal-cycle,random-start,7x7,tf:113,tf:116,false,p1,accepted,,657713724,657715697141195,23
tf_policy_elo_616bc2f2_phase7_random_to40_2026-08-20,animal-cycle-random-7x7_g116_vs_g113.jsonl,animal-cycle-random-7x7,animal-cycle,random-start,7x7,tf:116,tf:113,true,p1,accepted,,657713724,657715697141196,24
tf_policy_elo_616bc2f2_phase7_random_to40_2026-08-20,animal-cycle-random-7x7_g116_vs_g113.jsonl,animal-cycle-random-7x7,animal-cycle,random-start,7x7,tf:113,tf:116,false,p1,accepted,,657713724,657715697141197,25
tf_policy_elo_616bc2f2_phase7_random_to40_2026-08-20,animal-cycle-random-7x7_g116_vs_g113.jsonl,animal-cycle-random-7x7,animal-cycle,random-start,7x7,tf:116,tf:113,true,p1,accepted,,657713724,657715697141198,26
tf_policy_elo_616bc2f2_phase7_random_to40_2026-08-20,animal-cycle-random-7x7_g116_vs_g113.jsonl,animal-cycle-random-7x7,animal-cycle,random-start,7x7,tf:113,tf:116,false,p1,accepted,,657713724,657715697141199,27
tf_policy_elo_616bc2f2_phase7_random_to40_2026-08-20,animal-cycle-random-7x7_g116_vs_g115.jsonl,animal-cycle-random-7x7,animal-cycle,random-start,7x7,tf:116,tf:115,true,p1,accepted,,657715724,657717697147172,0
tf_policy_elo_616bc2f2_phase7_random_to40_2026-08-20,animal-cycle-random-7x7_g116_vs_g115.jsonl,animal-cycle-random-7x7,animal-cycle,random-start,7x7,tf:115,tf:116,false,p1,accepted,,657715724,657717697147173,1
tf_policy_elo_616bc2f2_phase7_random_to40_2026-08-20,animal-cycle-random-7x7_g116_vs_g115.jsonl,animal-cycle-random-7x7,animal-cycle,random-start,7x7,tf:116,tf:115,true,p1,accepted,,657715724,657717697147174,2
tf_policy_elo_616bc2f2_phase7_random_to40_2026-08-20,animal-cycle-random-7x7_g116_vs_g115.jsonl,animal-cycle-random-7x7,animal-cycle,random-start,7x7,tf:115,tf:116,false,p2,accepted,,657715724,657717697147175,3
tf_policy_elo_616bc2f2_phase7_random_to40_2026-08-20,animal-cycle-random-7x7_g116_vs_g115.jsonl,animal-cycle-random-7x7,animal-cycle,random-start,7x7,tf:116,tf:115,true,p1,accepted,,657715724,657717697147176,4
tf_policy_elo_616bc2f2_phase7_random_to40_2026-08-20,animal-cycle-random-7x7_g116_vs_g115.jsonl,animal-cycle-random-7x7,animal-cycle,random-start,7x7,tf:115,tf:116,false,p2,accepted,,657715724,657717697147177,5
tf_policy_elo_616bc2f2_phase7_random_to40_2026-08-20,animal-cycle-random-7x7_g116_vs_g115.jsonl,animal-cycle-random-7x7,animal-cycle,random-start,7x7,tf:116,tf:115,true,p2,accepted,,657715724,657717697147178,6
tf_policy_elo_616bc2f2_phase7_random_to40_2026-08-20,animal-cycle-random-7x7_g116_vs_g115.jsonl,animal-cycle-random-7x7,animal-cycle,random-start,7x7,tf:115,tf:116,false,p1,accepted,,657715724,657717697147179,7
tf_policy_elo_616bc2f2_phase7_random_to40_2026-08-20,animal-cycle-random-7x7_g116_vs_g115.jsonl,animal-cycle-random-7x7,animal-cycle,random-start,7x7,tf:116,tf:115,true,p1,accepted,,657715724,657717697147180,8
tf_policy_elo_616bc2f2_phase7_random_to40_2026-08-20,animal-cycle-random-7x7_g116_vs_g115.jsonl,animal-cycle-random-7x7,animal-cycle,random-start,7x7,tf:115,tf:116,false,p2,accepted,,657715724,657717697147181,9
tf_policy_elo_616bc2f2_phase7_random_to40_2026-08-20,animal-cycle-random-7x7_g116_vs_g115.jsonl,animal-cycle-random-7x7,animal-cycle,random-start,7x7,tf:116,tf:115,true,p1,accepted,,657715724,657717697147182,10
tf_policy_elo_616bc2f2_phase7_random_to40_2026-08-20,animal-cycle-random-7x7_g116_vs_g115.jsonl,animal-cycle-random-7x7,animal-cycle,random-start,7x7,tf:115,tf:116,false,p1,accepted,,657715724,657717697147183,11
tf_policy_elo_616bc2f2_phase7_random_to40_2026-08-20,animal-cycle-random-7x7_g116_vs_g115.jsonl,animal-cycle-random-7x7,animal-cycle,random-start,7x7,tf:116,tf:115,true,p1,accepted,,657715724,657717697147184,12
tf_policy_elo_616bc2f2_phase7_random_to40_2026-08-20,animal-cycle-random-7x7_g116_vs_g115.jsonl,animal-cycle-random-7x7,animal-cycle,random-start,7x7,tf:115,tf:116,false,p1,accepted,,657715724,657717697147185,13
tf_policy_elo_616bc2f2_phase7_random_to40_2026-08-20,animal-cycle-random-7x7_g116_vs_g115.jsonl,animal-cycle-random-7x7,animal-cycle,random-start,7x7,tf:116,tf:115,true,p1,accepted,,657715724,657717697147186,14
tf_policy_elo_616bc2f2_phase7_random_to40_2026-08-20,animal-cycle-random-7x7_g116_vs_g115.jsonl,animal-cycle-random-7x7,animal-cycle,random-start,7x7,tf:115,tf:116,false,p2,accepted,,657715724,657717697147187,15
tf_policy_elo_616bc2f2_phase7_random_to40_2026-08-20,animal-cycle-random-7x7_g116_vs_g115.jsonl,animal-cycle-random-7x7,animal-cycle,random-start,7x7,tf:116,tf:115,true,p1,accepted,,657715724,657717697147188,16
tf_policy_elo_616bc2f2_phase7_random_to40_2026-08-20,animal-cycle-random-7x7_g116_vs_g115.jsonl,animal-cycle-random-7x7,animal-cycle,random-start,7x7,tf:115,tf:116,false,p2,accepted,,657715724,657717697147189,17
tf_policy_elo_616bc2f2_phase7_random_to40_2026-08-20,animal-cycle-random-7x7_g116_vs_g115.jsonl,animal-cycle-random-7x7,animal-cycle,random-start,7x7,tf:116,tf:115,true,p2,accepted,,657715724,657717697147190,18
tf_policy_elo_616bc2f2_phase7_random_to40_2026-08-20,animal-cycle-random-7x7_g116_vs_g115.jsonl,animal-cycle-random-7x7,animal-cycle,random-start,7x7,tf:115,tf:116,false,p2,accepted,,657715724,657717697147191,19
tf_policy_elo_616bc2f2_phase7_random_to40_2026-08-20,animal-cycle-random-7x7_g116_vs_g115.jsonl,animal-cycle-random-7x7,animal-cycle,random-start,7x7,tf:116,tf:115,true,p1,accepted,,657715724,657717697147192,20
tf_policy_elo_616bc2f2_phase7_random_to40_2026-08-20,animal-cycle-random-7x7_g116_vs_g115.jsonl,animal-cycle-random-7x7,animal-cycle,random-start,7x7,tf:115,tf:116,false,p2,accepted,,657715724,657717697147193,21
tf_policy_elo_616bc2f2_phase7_random_to40_2026-08-20,animal-cycle-random-7x7_g116_vs_g115.jsonl,animal-cycle-random-7x7,animal-cycle,random-start,7x7,tf:116,tf:115,true,p2,accepted,,657715724,657717697147194,22
tf_policy_elo_616bc2f2_phase7_random_to40_2026-08-20,animal-cycle-random-7x7_g116_vs_g115.jsonl,animal-cycle-random-7x7,animal-cycle,random-start,7x7,tf:115,tf:116,false,p2,accepted,,657715724,657717697147195,23
tf_policy_elo_616bc2f2_phase7_random_to40_2026-08-20,animal-cycle-random-7x7_g116_vs_g115.jsonl,animal-cycle-random-7x7,animal-cycle,random-start,7x7,tf:116,tf:115,true,p1,accepted,,657715724,657717697147196,24
tf_policy_elo_616bc2f2_phase7_random_to40_2026-08-20,animal-cycle-random-7x7_g116_vs_g115.jsonl,animal-cycle-random-7x7,animal-cycle,random-start,7x7,tf:115,tf:116,false,p2,accepted,,657715724,657717697147197,25
tf_policy_elo_616bc2f2_phase7_random_to40_2026-08-20,animal-cycle-random-7x7_g116_vs_g115.jsonl,animal-cycle-random-7x7,animal-cycle,random-start,7x7,tf:116,tf:115,true,p1,accepted,,657715724,657717697147198,26
tf_policy_elo_616bc2f2_phase7_random_to40_2026-08-20,animal-cycle-random-7x7_g116_vs_g115.jsonl,animal-cycle-random-7x7,animal-cycle,random-start,7x7,tf:115,tf:116,false,p1,accepted,,657715724,657717697147199,27
tf_policy_elo_616bc2f2_phase7_random_to40_2026-08-20,animal-cycle-random-7x7_g94_vs_g93.jsonl,animal-cycle-random-7x7,animal-cycle,random-start,7x7,tf:94,tf:93,true,p2,accepted,,655493724,655495690481172,0
tf_policy_elo_616bc2f2_phase7_random_to40_2026-08-20,animal-cycle-random-7x7_g94_vs_g93.jsonl,animal-cycle-random-7x7,animal-cycle,random-start,7x7,tf:93,tf:94,false,p2,accepted,,655493724,655495690481173,1
tf_policy_elo_616bc2f2_phase7_random_to40_2026-08-20,animal-cycle-random-7x7_g94_vs_g93.jsonl,animal-cycle-random-7x7,animal-cycle,random-start,7x7,tf:94,tf:93,true,p2,accepted,,655493724,655495690481174,2
tf_policy_elo_616bc2f2_phase7_random_to40_2026-08-20,animal-cycle-random-7x7_g94_vs_g93.jsonl,animal-cycle-random-7x7,animal-cycle,random-start,7x7,tf:93,tf:94,false,p2,accepted,,655493724,655495690481175,3
tf_policy_elo_616bc2f2_phase7_random_to40_2026-08-20,animal-cycle-random-7x7_g94_vs_g93.jsonl,animal-cycle-random-7x7,animal-cycle,random-start,7x7,tf:94,tf:93,true,p2,accepted,,655493724,655495690481176,4
tf_policy_elo_616bc2f2_phase7_random_to40_2026-08-20,animal-cycle-random-7x7_g94_vs_g93.jsonl,animal-cycle-random-7x7,animal-cycle,random-start,7x7,tf:93,tf:94,false,p2,accepted,,655493724,655495690481177,5
tf_policy_elo_616bc2f2_phase7_random_to40_2026-08-20,animal-cycle-random-7x7_g94_vs_g93.jsonl,animal-cycle-random-7x7,animal-cycle,random-start,7x7,tf:94,tf:93,true,p1,accepted,,655493724,655495690481178,6
tf_policy_elo_616bc2f2_phase7_random_to40_2026-08-20,animal-cycle-random-7x7_g94_vs_g93.jsonl,animal-cycle-random-7x7,animal-cycle,random-start,7x7,tf:93,tf:94,false,p2,accepted,,655493724,655495690481179,7
tf_policy_elo_616bc2f2_phase7_random_to40_2026-08-20,animal-cycle-random-7x7_g94_vs_g93.jsonl,animal-cycle-random-7x7,animal-cycle,random-start,7x7,tf:94,tf:93,true,p2,accepted,,655493724,655495690481180,8
tf_policy_elo_616bc2f2_phase7_random_to40_2026-08-20,animal-cycle-random-7x7_g94_vs_g93.jsonl,animal-cycle-random-7x7,animal-cycle,random-start,7x7,tf:93,tf:94,false,p2,accepted,,655493724,655495690481181,9
tf_policy_elo_616bc2f2_phase7_random_to40_2026-08-20,animal-cycle-random-7x7_g94_vs_g93.jsonl,animal-cycle-random-7x7,animal-cycle,random-start,7x7,tf:94,tf:93,true,p2,accepted,,655493724,655495690481182,10
tf_policy_elo_616bc2f2_phase7_random_to40_2026-08-20,animal-cycle-random-7x7_g94_vs_g93.jsonl,animal-cycle-random-7x7,animal-cycle,random-start,7x7,tf:93,tf:94,false,p1,accepted,,655493724,655495690481183,11
tf_policy_elo_616bc2f2_phase7_random_to40_2026-08-20,animal-cycle-random-7x7_g94_vs_g93.jsonl,animal-cycle-random-7x7,animal-cycle,random-start,7x7,tf:94,tf:93,true,p2,accepted,,655493724,655495690481184,12
tf_policy_elo_616bc2f2_phase7_random_to40_2026-08-20,animal-cycle-random-7x7_g94_vs_g93.jsonl,animal-cycle-random-7x7,animal-cycle,random-start,7x7,tf:93,tf:94,false,p2,accepted,,655493724,655495690481185,13
tf_policy_elo_616bc2f2_phase7_random_to40_2026-08-20,animal-cycle-random-7x7_g94_vs_g93.jsonl,animal-cycle-random-7x7,animal-cycle,random-start,7x7,tf:94,tf:93,true,p2,accepted,,655493724,655495690481186,14
tf_policy_elo_616bc2f2_phase7_random_to40_2026-08-20,animal-cycle-random-7x7_g94_vs_g93.jsonl,animal-cycle-random-7x7,animal-cycle,random-start,7x7,tf:93,tf:94,false,p2,accepted,,655493724,655495690481187,15
tf_policy_elo_616bc2f2_phase7_random_to40_2026-08-20,animal-cycle-random-7x7_g94_vs_g93.jsonl,animal-cycle-random-7x7,animal-cycle,random-start,7x7,tf:94,tf:93,true,p2,accepted,,655493724,655495690481188,16
tf_policy_elo_616bc2f2_phase7_random_to40_2026-08-20,animal-cycle-random-7x7_g94_vs_g93.jsonl,animal-cycle-random-7x7,animal-cycle,random-start,7x7,tf:93,tf:94,false,p2,accepted,,655493724,655495690481189,17
tf_policy_elo_616bc2f2_phase7_random_to40_2026-08-20,animal-cycle-random-7x7_g94_vs_g93.jsonl,animal-cycle-random-7x7,animal-cycle,random-start,7x7,tf:94,tf:93,true,p2,accepted,,655493724,655495690481190,18
tf_policy_elo_616bc2f2_phase7_random_to40_2026-08-20,animal-cycle-random-7x7_g94_vs_g93.jsonl,animal-cycle-random-7x7,animal-cycle,random-start,7x7,tf:93,tf:94,false,p2,accepted,,655493724,655495690481191,19
tf_policy_elo_616bc2f2_phase7_random_to40_2026-08-20,animal-cycle-random-7x7_g94_vs_g93.jsonl,animal-cycle-random-7x7,animal-cycle,random-start,7x7,tf:94,tf:93,true,p2,accepted,,655493724,655495690481192,20
tf_policy_elo_616bc2f2_phase7_random_to40_2026-08-20,animal-cycle-random-7x7_g94_vs_g93.jsonl,animal-cycle-random-7x7,animal-cycle,random-start,7x7,tf:93,tf:94,false,p2,accepted,,655493724,655495690481193,21
tf_policy_elo_616bc2f2_phase7_random_to40_2026-08-20,animal-cycle-random-7x7_g94_vs_g93.jsonl,animal-cycle-random-7x7,animal-cycle,random-start,7x7,tf:94,tf:93,true,p2,accepted,,655493724,655495690481194,22
tf_policy_elo_616bc2f2_phase7_random_to40_2026-08-20,animal-cycle-random-7x7_g94_vs_g93.jsonl,animal-cycle-random-7x7,animal-cycle,random-start,7x7,tf:93,tf:94,false,p1,accepted,,655493724,655495690481195,23
tf_policy_elo_616bc2f2_phase7_random_to40_2026-08-20,animal-cycle-random-7x7_g94_vs_g93.jsonl,animal-cycle-random-7x7,animal-cycle,random-start,7x7,tf:94,tf:93,true,p2,accepted,,655493724,655495690481196,24
tf_policy_elo_616bc2f2_phase7_random_to40_2026-08-20,animal-cycle-random-7x7_g94_vs_g93.jsonl,animal-cycle-random-7x7,animal-cycle,random-start,7x7,tf:93,tf:94,false,p2,accepted,,655493724,655495690481197,25
tf_policy_elo_616bc2f2_phase7_random_to40_2026-08-20,animal-cycle-random-7x7_g94_vs_g93.jsonl,animal-cycle-random-7x7,animal-cycle,random-start,7x7,tf:94,tf:93,true,p2,accepted,,655493724,655495690481198,26
tf_policy_elo_616bc2f2_phase7_random_to40_2026-08-20,animal-cycle-random-7x7_g94_vs_g93.jsonl,animal-cycle-random-7x7,animal-cycle,random-start,7x7,tf:93,tf:94,false,p2,accepted,,655493724,655495690481199,27
tf_policy_elo_616bc2f2_phase7_random_to40_2026-08-20,animal-cycle-random-7x7_g95_vs_g93.jsonl,animal-cycle-random-7x7,animal-cycle,random-start,7x7,tf:95,tf:93,true,p1,accepted,,655593724,655595690781172,0
tf_policy_elo_616bc2f2_phase7_random_to40_2026-08-20,animal-cycle-random-7x7_g95_vs_g93.jsonl,animal-cycle-random-7x7,animal-cycle,random-start,7x7,tf:93,tf:95,false,p2,accepted,,655593724,655595690781173,1
tf_policy_elo_616bc2f2_phase7_random_to40_2026-08-20,animal-cycle-random-7x7_g95_vs_g93.jsonl,animal-cycle-random-7x7,animal-cycle,random-start,7x7,tf:95,tf:93,true,p1,accepted,,655593724,655595690781174,2
tf_policy_elo_616bc2f2_phase7_random_to40_2026-08-20,animal-cycle-random-7x7_g95_vs_g93.jsonl,animal-cycle-random-7x7,animal-cycle,random-start,7x7,tf:93,tf:95,false,p2,accepted,,655593724,655595690781175,3
tf_policy_elo_616bc2f2_phase7_random_to40_2026-08-20,animal-cycle-random-7x7_g95_vs_g93.jsonl,animal-cycle-random-7x7,animal-cycle,random-start,7x7,tf:95,tf:93,true,p2,accepted,,655593724,655595690781176,4
tf_policy_elo_616bc2f2_phase7_random_to40_2026-08-20,animal-cycle-random-7x7_g95_vs_g93.jsonl,animal-cycle-random-7x7,animal-cycle,random-start,7x7,tf:93,tf:95,false,p2,accepted,,655593724,655595690781177,5
tf_policy_elo_616bc2f2_phase7_random_to40_2026-08-20,animal-cycle-random-7x7_g95_vs_g93.jsonl,animal-cycle-random-7x7,animal-cycle,random-start,7x7,tf:95,tf:93,true,p1,accepted,,655593724,655595690781178,6
tf_policy_elo_616bc2f2_phase7_random_to40_2026-08-20,animal-cycle-random-7x7_g95_vs_g93.jsonl,animal-cycle-random-7x7,animal-cycle,random-start,7x7,tf:93,tf:95,false,p2,accepted,,655593724,655595690781179,7
tf_policy_elo_616bc2f2_phase7_random_to40_2026-08-20,animal-cycle-random-7x7_g95_vs_g93.jsonl,animal-cycle-random-7x7,animal-cycle,random-start,7x7,tf:95,tf:93,true,p1,accepted,,655593724,655595690781180,8
tf_policy_elo_616bc2f2_phase7_random_to40_2026-08-20,animal-cycle-random-7x7_g95_vs_g93.jsonl,animal-cycle-random-7x7,animal-cycle,random-start,7x7,tf:93,tf:95,false,p2,accepted,,655593724,655595690781181,9
tf_policy_elo_616bc2f2_phase7_random_to40_2026-08-20,animal-cycle-random-7x7_g95_vs_g93.jsonl,animal-cycle-random-7x7,animal-cycle,random-start,7x7,tf:95,tf:93,true,p1,accepted,,655593724,655595690781182,10
tf_policy_elo_616bc2f2_phase7_random_to40_2026-08-20,animal-cycle-random-7x7_g95_vs_g93.jsonl,animal-cycle-random-7x7,animal-cycle,random-start,7x7,tf:93,tf:95,false,p2,accepted,,655593724,655595690781183,11
tf_policy_elo_616bc2f2_phase7_random_to40_2026-08-20,animal-cycle-random-7x7_g95_vs_g93.jsonl,animal-cycle-random-7x7,animal-cycle,random-start,7x7,tf:95,tf:93,true,p1,accepted,,655593724,655595690781184,12
tf_policy_elo_616bc2f2_phase7_random_to40_2026-08-20,animal-cycle-random-7x7_g95_vs_g93.jsonl,animal-cycle-random-7x7,animal-cycle,random-start,7x7,tf:93,tf:95,false,p2,accepted,,655593724,655595690781185,13
tf_policy_elo_616bc2f2_phase7_random_to40_2026-08-20,animal-cycle-random-7x7_g95_vs_g93.jsonl,animal-cycle-random-7x7,animal-cycle,random-start,7x7,tf:95,tf:93,true,p1,accepted,,655593724,655595690781186,14
tf_policy_elo_616bc2f2_phase7_random_to40_2026-08-20,animal-cycle-random-7x7_g95_vs_g93.jsonl,animal-cycle-random-7x7,animal-cycle,random-start,7x7,tf:93,tf:95,false,p2,accepted,,655593724,655595690781187,15
tf_policy_elo_616bc2f2_phase7_random_to40_2026-08-20,animal-cycle-random-7x7_g95_vs_g93.jsonl,animal-cycle-random-7x7,animal-cycle,random-start,7x7,tf:95,tf:93,true,p1,accepted,,655593724,655595690781188,16
tf_policy_elo_616bc2f2_phase7_random_to40_2026-08-20,animal-cycle-random-7x7_g95_vs_g93.jsonl,animal-cycle-random-7x7,animal-cycle,random-start,7x7,tf:93,tf:95,false,p2,accepted,,655593724,655595690781189,17
tf_policy_elo_616bc2f2_phase7_random_to40_2026-08-20,animal-cycle-random-7x7_g95_vs_g93.jsonl,animal-cycle-random-7x7,animal-cycle,random-start,7x7,tf:95,tf:93,true,p1,accepted,,655593724,655595690781190,18
tf_policy_elo_616bc2f2_phase7_random_to40_2026-08-20,animal-cycle-random-7x7_g95_vs_g93.jsonl,animal-cycle-random-7x7,animal-cycle,random-start,7x7,tf:93,tf:95,false,p2,accepted,,655593724,655595690781191,19
tf_policy_elo_616bc2f2_phase7_random_to40_2026-08-20,animal-cycle-random-7x7_g95_vs_g93.jsonl,animal-cycle-random-7x7,animal-cycle,random-start,7x7,tf:95,tf:93,true,p2,accepted,,655593724,655595690781192,20
tf_policy_elo_616bc2f2_phase7_random_to40_2026-08-20,animal-cycle-random-7x7_g95_vs_g93.jsonl,animal-cycle-random-7x7,animal-cycle,random-start,7x7,tf:93,tf:95,false,p2,accepted,,655593724,655595690781193,21
tf_policy_elo_616bc2f2_phase7_random_to40_2026-08-20,animal-cycle-random-7x7_g95_vs_g93.jsonl,animal-cycle-random-7x7,animal-cycle,random-start,7x7,tf:95,tf:93,true,p1,accepted,,655593724,655595690781194,22
tf_policy_elo_616bc2f2_phase7_random_to40_2026-08-20,animal-cycle-random-7x7_g95_vs_g93.jsonl,animal-cycle-random-7x7,animal-cycle,random-start,7x7,tf:93,tf:95,false,p2,accepted,,655593724,655595690781195,23
tf_policy_elo_616bc2f2_phase7_random_to40_2026-08-20,animal-cycle-random-7x7_g95_vs_g93.jsonl,animal-cycle-random-7x7,animal-cycle,random-start,7x7,tf:95,tf:93,true,p1,accepted,,655593724,655595690781196,24
tf_policy_elo_616bc2f2_phase7_random_to40_2026-08-20,animal-cycle-random-7x7_g95_vs_g93.jsonl,animal-cycle-random-7x7,animal-cycle,random-start,7x7,tf:93,tf:95,false,p2,accepted,,655593724,655595690781197,25
tf_policy_elo_616bc2f2_phase7_random_to40_2026-08-20,animal-cycle-random-7x7_g95_vs_g93.jsonl,animal-cycle-random-7x7,animal-cycle,random-start,7x7,tf:95,tf:93,true,p2,accepted,,655593724,655595690781198,26
tf_policy_elo_616bc2f2_phase7_random_to40_2026-08-20,animal-cycle-random-7x7_g95_vs_g93.jsonl,animal-cycle-random-7x7,animal-cycle,random-start,7x7,tf:93,tf:95,false,p2,accepted,,655593724,655595690781199,27
tf_policy_elo_616bc2f2_phase7_random_to40_2026-08-20,animal-cycle-random-7x7_g95_vs_g94.jsonl,animal-cycle-random-7x7,animal-cycle,random-start,7x7,tf:95,tf:94,true,p2,accepted,,655594724,655596690784172,0
tf_policy_elo_616bc2f2_phase7_random_to40_2026-08-20,animal-cycle-random-7x7_g95_vs_g94.jsonl,animal-cycle-random-7x7,animal-cycle,random-start,7x7,tf:94,tf:95,false,p2,accepted,,655594724,655596690784173,1
tf_policy_elo_616bc2f2_phase7_random_to40_2026-08-20,animal-cycle-random-7x7_g95_vs_g94.jsonl,animal-cycle-random-7x7,animal-cycle,random-start,7x7,tf:95,tf:94,true,p1,accepted,,655594724,655596690784174,2
tf_policy_elo_616bc2f2_phase7_random_to40_2026-08-20,animal-cycle-random-7x7_g95_vs_g94.jsonl,animal-cycle-random-7x7,animal-cycle,random-start,7x7,tf:94,tf:95,false,p2,accepted,,655594724,655596690784175,3
tf_policy_elo_616bc2f2_phase7_random_to40_2026-08-20,animal-cycle-random-7x7_g95_vs_g94.jsonl,animal-cycle-random-7x7,animal-cycle,random-start,7x7,tf:95,tf:94,true,p2,accepted,,655594724,655596690784176,4
tf_policy_elo_616bc2f2_phase7_random_to40_2026-08-20,animal-cycle-random-7x7_g95_vs_g94.jsonl,animal-cycle-random-7x7,animal-cycle,random-start,7x7,tf:94,tf:95,false,p2,accepted,,655594724,655596690784177,5
tf_policy_elo_616bc2f2_phase7_random_to40_2026-08-20,animal-cycle-random-7x7_g95_vs_g94.jsonl,animal-cycle-random-7x7,animal-cycle,random-start,7x7,tf:95,tf:94,true,p1,accepted,,655594724,655596690784178,6
tf_policy_elo_616bc2f2_phase7_random_to40_2026-08-20,animal-cycle-random-7x7_g95_vs_g94.jsonl,animal-cycle-random-7x7,animal-cycle,random-start,7x7,tf:94,tf:95,false,p2,accepted,,655594724,655596690784179,7
tf_policy_elo_616bc2f2_phase7_random_to40_2026-08-20,animal-cycle-random-7x7_g95_vs_g94.jsonl,animal-cycle-random-7x7,animal-cycle,random-start,7x7,tf:95,tf:94,true,p1,accepted,,655594724,655596690784180,8
tf_policy_elo_616bc2f2_phase7_random_to40_2026-08-20,animal-cycle-random-7x7_g95_vs_g94.jsonl,animal-cycle-random-7x7,animal-cycle,random-start,7x7,tf:94,tf:95,false,p2,accepted,,655594724,655596690784181,9
tf_policy_elo_616bc2f2_phase7_random_to40_2026-08-20,animal-cycle-random-7x7_g95_vs_g94.jsonl,animal-cycle-random-7x7,animal-cycle,random-start,7x7,tf:95,tf:94,true,p2,accepted,,655594724,655596690784182,10
tf_policy_elo_616bc2f2_phase7_random_to40_2026-08-20,animal-cycle-random-7x7_g95_vs_g94.jsonl,animal-cycle-random-7x7,animal-cycle,random-start,7x7,tf:94,tf:95,false,p1,accepted,,655594724,655596690784183,11
tf_policy_elo_616bc2f2_phase7_random_to40_2026-08-20,animal-cycle-random-7x7_g95_vs_g94.jsonl,animal-cycle-random-7x7,animal-cycle,random-start,7x7,tf:95,tf:94,true,p1,accepted,,655594724,655596690784184,12
tf_policy_elo_616bc2f2_phase7_random_to40_2026-08-20,animal-cycle-random-7x7_g95_vs_g94.jsonl,animal-cycle-random-7x7,animal-cycle,random-start,7x7,tf:94,tf:95,false,p2,accepted,,655594724,655596690784185,13
tf_policy_elo_616bc2f2_phase7_random_to40_2026-08-20,animal-cycle-random-7x7_g95_vs_g94.jsonl,animal-cycle-random-7x7,animal-cycle,random-start,7x7,tf:95,tf:94,true,p1,accepted,,655594724,655596690784186,14
tf_policy_elo_616bc2f2_phase7_random_to40_2026-08-20,animal-cycle-random-7x7_g95_vs_g94.jsonl,animal-cycle-random-7x7,animal-cycle,random-start,7x7,tf:94,tf:95,false,p2,accepted,,655594724,655596690784187,15
tf_policy_elo_616bc2f2_phase7_random_to40_2026-08-20,animal-cycle-random-7x7_g95_vs_g94.jsonl,animal-cycle-random-7x7,animal-cycle,random-start,7x7,tf:95,tf:94,true,p2,accepted,,655594724,655596690784188,16
tf_policy_elo_616bc2f2_phase7_random_to40_2026-08-20,animal-cycle-random-7x7_g95_vs_g94.jsonl,animal-cycle-random-7x7,animal-cycle,random-start,7x7,tf:94,tf:95,false,p2,accepted,,655594724,655596690784189,17
tf_policy_elo_616bc2f2_phase7_random_to40_2026-08-20,animal-cycle-random-7x7_g95_vs_g94.jsonl,animal-cycle-random-7x7,animal-cycle,random-start,7x7,tf:95,tf:94,true,p2,accepted,,655594724,655596690784190,18
tf_policy_elo_616bc2f2_phase7_random_to40_2026-08-20,animal-cycle-random-7x7_g95_vs_g94.jsonl,animal-cycle-random-7x7,animal-cycle,random-start,7x7,tf:94,tf:95,false,p2,accepted,,655594724,655596690784191,19
tf_policy_elo_616bc2f2_phase7_random_to40_2026-08-20,animal-cycle-random-7x7_g95_vs_g94.jsonl,animal-cycle-random-7x7,animal-cycle,random-start,7x7,tf:95,tf:94,true,p2,accepted,,655594724,655596690784192,20
tf_policy_elo_616bc2f2_phase7_random_to40_2026-08-20,animal-cycle-random-7x7_g95_vs_g94.jsonl,animal-cycle-random-7x7,animal-cycle,random-start,7x7,tf:94,tf:95,false,p2,accepted,,655594724,655596690784193,21
tf_policy_elo_616bc2f2_phase7_random_to40_2026-08-20,animal-cycle-random-7x7_g95_vs_g94.jsonl,animal-cycle-random-7x7,animal-cycle,random-start,7x7,tf:95,tf:94,true,p2,accepted,,655594724,655596690784194,22
tf_policy_elo_616bc2f2_phase7_random_to40_2026-08-20,animal-cycle-random-7x7_g95_vs_g94.jsonl,animal-cycle-random-7x7,animal-cycle,random-start,7x7,tf:94,tf:95,false,p2,accepted,,655594724,655596690784195,23
tf_policy_elo_616bc2f2_phase7_random_to40_2026-08-20,animal-cycle-random-7x7_g95_vs_g94.jsonl,animal-cycle-random-7x7,animal-cycle,random-start,7x7,tf:95,tf:94,true,p2,accepted,,655594724,655596690784196,24
tf_policy_elo_616bc2f2_phase7_random_to40_2026-08-20,animal-cycle-random-7x7_g95_vs_g94.jsonl,animal-cycle-random-7x7,animal-cycle,random-start,7x7,tf:94,tf:95,false,p1,accepted,,655594724,655596690784197,25
tf_policy_elo_616bc2f2_phase7_random_to40_2026-08-20,animal-cycle-random-7x7_g95_vs_g94.jsonl,animal-cycle-random-7x7,animal-cycle,random-start,7x7,tf:95,tf:94,true,p2,accepted,,655594724,655596690784198,26
tf_policy_elo_616bc2f2_phase7_random_to40_2026-08-20,animal-cycle-random-7x7_g95_vs_g94.jsonl,animal-cycle-random-7x7,animal-cycle,random-start,7x7,tf:94,tf:95,false,p2,accepted,,655594724,655596690784199,27
tf_policy_elo_616bc2f2_phase7_random_to40_2026-08-20,animal-cycle-random-7x7_g96_vs_g93.jsonl,animal-cycle-random-7x7,animal-cycle,random-start,7x7,tf:96,tf:93,true,p1,accepted,,655693724,655695691081172,0
tf_policy_elo_616bc2f2_phase7_random_to40_2026-08-20,animal-cycle-random-7x7_g96_vs_g93.jsonl,animal-cycle-random-7x7,animal-cycle,random-start,7x7,tf:93,tf:96,false,p2,accepted,,655693724,655695691081173,1
tf_policy_elo_616bc2f2_phase7_random_to40_2026-08-20,animal-cycle-random-7x7_g96_vs_g93.jsonl,animal-cycle-random-7x7,animal-cycle,random-start,7x7,tf:96,tf:93,true,p1,accepted,,655693724,655695691081174,2
tf_policy_elo_616bc2f2_phase7_random_to40_2026-08-20,animal-cycle-random-7x7_g96_vs_g93.jsonl,animal-cycle-random-7x7,animal-cycle,random-start,7x7,tf:93,tf:96,false,p2,accepted,,655693724,655695691081175,3
tf_policy_elo_616bc2f2_phase7_random_to40_2026-08-20,animal-cycle-random-7x7_g96_vs_g93.jsonl,animal-cycle-random-7x7,animal-cycle,random-start,7x7,tf:96,tf:93,true,p1,accepted,,655693724,655695691081176,4
tf_policy_elo_616bc2f2_phase7_random_to40_2026-08-20,animal-cycle-random-7x7_g96_vs_g93.jsonl,animal-cycle-random-7x7,animal-cycle,random-start,7x7,tf:93,tf:96,false,p2,accepted,,655693724,655695691081177,5
tf_policy_elo_616bc2f2_phase7_random_to40_2026-08-20,animal-cycle-random-7x7_g96_vs_g93.jsonl,animal-cycle-random-7x7,animal-cycle,random-start,7x7,tf:96,tf:93,true,p2,accepted,,655693724,655695691081178,6
tf_policy_elo_616bc2f2_phase7_random_to40_2026-08-20,animal-cycle-random-7x7_g96_vs_g93.jsonl,animal-cycle-random-7x7,animal-cycle,random-start,7x7,tf:93,tf:96,false,p2,accepted,,655693724,655695691081179,7
tf_policy_elo_616bc2f2_phase7_random_to40_2026-08-20,animal-cycle-random-7x7_g96_vs_g93.jsonl,animal-cycle-random-7x7,animal-cycle,random-start,7x7,tf:96,tf:93,true,p1,accepted,,655693724,655695691081180,8
tf_policy_elo_616bc2f2_phase7_random_to40_2026-08-20,animal-cycle-random-7x7_g96_vs_g93.jsonl,animal-cycle-random-7x7,animal-cycle,random-start,7x7,tf:93,tf:96,false,p2,accepted,,655693724,655695691081181,9
tf_policy_elo_616bc2f2_phase7_random_to40_2026-08-20,animal-cycle-random-7x7_g96_vs_g93.jsonl,animal-cycle-random-7x7,animal-cycle,random-start,7x7,tf:96,tf:93,true,p1,accepted,,655693724,655695691081182,10
tf_policy_elo_616bc2f2_phase7_random_to40_2026-08-20,animal-cycle-random-7x7_g96_vs_g93.jsonl,animal-cycle-random-7x7,animal-cycle,random-start,7x7,tf:93,tf:96,false,p2,accepted,,655693724,655695691081183,11
tf_policy_elo_616bc2f2_phase7_random_to40_2026-08-20,animal-cycle-random-7x7_g96_vs_g93.jsonl,animal-cycle-random-7x7,animal-cycle,random-start,7x7,tf:96,tf:93,true,p1,accepted,,655693724,655695691081184,12
tf_policy_elo_616bc2f2_phase7_random_to40_2026-08-20,animal-cycle-random-7x7_g96_vs_g93.jsonl,animal-cycle-random-7x7,animal-cycle,random-start,7x7,tf:93,tf:96,false,p2,accepted,,655693724,655695691081185,13
tf_policy_elo_616bc2f2_phase7_random_to40_2026-08-20,animal-cycle-random-7x7_g96_vs_g93.jsonl,animal-cycle-random-7x7,animal-cycle,random-start,7x7,tf:96,tf:93,true,p1,accepted,,655693724,655695691081186,14
tf_policy_elo_616bc2f2_phase7_random_to40_2026-08-20,animal-cycle-random-7x7_g96_vs_g93.jsonl,animal-cycle-random-7x7,animal-cycle,random-start,7x7,tf:93,tf:96,false,p2,accepted,,655693724,655695691081187,15
tf_policy_elo_616bc2f2_phase7_random_to40_2026-08-20,animal-cycle-random-7x7_g96_vs_g93.jsonl,animal-cycle-random-7x7,animal-cycle,random-start,7x7,tf:96,tf:93,true,p2,accepted,,655693724,655695691081188,16
tf_policy_elo_616bc2f2_phase7_random_to40_2026-08-20,animal-cycle-random-7x7_g96_vs_g93.jsonl,animal-cycle-random-7x7,animal-cycle,random-start,7x7,tf:93,tf:96,false,p2,accepted,,655693724,655695691081189,17
tf_policy_elo_616bc2f2_phase7_random_to40_2026-08-20,animal-cycle-random-7x7_g96_vs_g93.jsonl,animal-cycle-random-7x7,animal-cycle,random-start,7x7,tf:96,tf:93,true,p1,accepted,,655693724,655695691081190,18
tf_policy_elo_616bc2f2_phase7_random_to40_2026-08-20,animal-cycle-random-7x7_g96_vs_g93.jsonl,animal-cycle-random-7x7,animal-cycle,random-start,7x7,tf:93,tf:96,false,p2,accepted,,655693724,655695691081191,19
tf_policy_elo_616bc2f2_phase7_random_to40_2026-08-20,animal-cycle-random-7x7_g96_vs_g93.jsonl,animal-cycle-random-7x7,animal-cycle,random-start,7x7,tf:96,tf:93,true,p2,accepted,,655693724,655695691081192,20
tf_policy_elo_616bc2f2_phase7_random_to40_2026-08-20,animal-cycle-random-7x7_g96_vs_g93.jsonl,animal-cycle-random-7x7,animal-cycle,random-start,7x7,tf:93,tf:96,false,p2,accepted,,655693724,655695691081193,21
tf_policy_elo_616bc2f2_phase7_random_to40_2026-08-20,animal-cycle-random-7x7_g96_vs_g93.jsonl,animal-cycle-random-7x7,animal-cycle,random-start,7x7,tf:96,tf:93,true,p1,accepted,,655693724,655695691081194,22
tf_policy_elo_616bc2f2_phase7_random_to40_2026-08-20,animal-cycle-random-7x7_g96_vs_g93.jsonl,animal-cycle-random-7x7,animal-cycle,random-start,7x7,tf:93,tf:96,false,p2,accepted,,655693724,655695691081195,23
tf_policy_elo_616bc2f2_phase7_random_to40_2026-08-20,animal-cycle-random-7x7_g96_vs_g93.jsonl,animal-cycle-random-7x7,animal-cycle,random-start,7x7,tf:96,tf:93,true,p1,accepted,,655693724,655695691081196,24
tf_policy_elo_616bc2f2_phase7_random_to40_2026-08-20,animal-cycle-random-7x7_g96_vs_g93.jsonl,animal-cycle-random-7x7,animal-cycle,random-start,7x7,tf:93,tf:96,false,p2,accepted,,655693724,655695691081197,25
tf_policy_elo_616bc2f2_phase7_random_to40_2026-08-20,animal-cycle-random-7x7_g96_vs_g93.jsonl,animal-cycle-random-7x7,animal-cycle,random-start,7x7,tf:96,tf:93,true,p1,accepted,,655693724,655695691081198,26
tf_policy_elo_616bc2f2_phase7_random_to40_2026-08-20,animal-cycle-random-7x7_g96_vs_g93.jsonl,animal-cycle-random-7x7,animal-cycle,random-start,7x7,tf:93,tf:96,false,p2,accepted,,655693724,655695691081199,27
tf_policy_elo_616bc2f2_phase7_random_to40_2026-08-20,animal-cycle-random-7x7_g96_vs_g95.jsonl,animal-cycle-random-7x7,animal-cycle,random-start,7x7,tf:96,tf:95,true,p1,accepted,,655695724,655697691087172,0
tf_policy_elo_616bc2f2_phase7_random_to40_2026-08-20,animal-cycle-random-7x7_g96_vs_g95.jsonl,animal-cycle-random-7x7,animal-cycle,random-start,7x7,tf:95,tf:96,false,p2,accepted,,655695724,655697691087173,1
tf_policy_elo_616bc2f2_phase7_random_to40_2026-08-20,animal-cycle-random-7x7_g96_vs_g95.jsonl,animal-cycle-random-7x7,animal-cycle,random-start,7x7,tf:96,tf:95,true,p2,accepted,,655695724,655697691087174,2
tf_policy_elo_616bc2f2_phase7_random_to40_2026-08-20,animal-cycle-random-7x7_g96_vs_g95.jsonl,animal-cycle-random-7x7,animal-cycle,random-start,7x7,tf:95,tf:96,false,p2,accepted,,655695724,655697691087175,3
tf_policy_elo_616bc2f2_phase7_random_to40_2026-08-20,animal-cycle-random-7x7_g96_vs_g95.jsonl,animal-cycle-random-7x7,animal-cycle,random-start,7x7,tf:96,tf:95,true,p2,accepted,,655695724,655697691087176,4
tf_policy_elo_616bc2f2_phase7_random_to40_2026-08-20,animal-cycle-random-7x7_g96_vs_g95.jsonl,animal-cycle-random-7x7,animal-cycle,random-start,7x7,tf:95,tf:96,false,p2,accepted,,655695724,655697691087177,5
tf_policy_elo_616bc2f2_phase7_random_to40_2026-08-20,animal-cycle-random-7x7_g96_vs_g95.jsonl,animal-cycle-random-7x7,animal-cycle,random-start,7x7,tf:96,tf:95,true,p2,accepted,,655695724,655697691087178,6
tf_policy_elo_616bc2f2_phase7_random_to40_2026-08-20,animal-cycle-random-7x7_g96_vs_g95.jsonl,animal-cycle-random-7x7,animal-cycle,random-start,7x7,tf:95,tf:96,false,p1,accepted,,655695724,655697691087179,7
tf_policy_elo_616bc2f2_phase7_random_to40_2026-08-20,animal-cycle-random-7x7_g96_vs_g95.jsonl,animal-cycle-random-7x7,animal-cycle,random-start,7x7,tf:96,tf:95,true,p1,accepted,,655695724,655697691087180,8
tf_policy_elo_616bc2f2_phase7_random_to40_2026-08-20,animal-cycle-random-7x7_g96_vs_g95.jsonl,animal-cycle-random-7x7,animal-cycle,random-start,7x7,tf:95,tf:96,false,p2,accepted,,655695724,655697691087181,9
tf_policy_elo_616bc2f2_phase7_random_to40_2026-08-20,animal-cycle-random-7x7_g96_vs_g95.jsonl,animal-cycle-random-7x7,animal-cycle,random-start,7x7,tf:96,tf:95,true,p2,accepted,,655695724,655697691087182,10
tf_policy_elo_616bc2f2_phase7_random_to40_2026-08-20,animal-cycle-random-7x7_g96_vs_g95.jsonl,animal-cycle-random-7x7,animal-cycle,random-start,7x7,tf:95,tf:96,false,p2,accepted,,655695724,655697691087183,11
tf_policy_elo_616bc2f2_phase7_random_to40_2026-08-20,animal-cycle-random-7x7_g96_vs_g95.jsonl,animal-cycle-random-7x7,animal-cycle,random-start,7x7,tf:96,tf:95,true,p1,accepted,,655695724,655697691087184,12
tf_policy_elo_616bc2f2_phase7_random_to40_2026-08-20,animal-cycle-random-7x7_g96_vs_g95.jsonl,animal-cycle-random-7x7,animal-cycle,random-start,7x7,tf:95,tf:96,false,p2,accepted,,655695724,655697691087185,13
tf_policy_elo_616bc2f2_phase7_random_to40_2026-08-20,animal-cycle-random-7x7_g96_vs_g95.jsonl,animal-cycle-random-7x7,animal-cycle,random-start,7x7,tf:96,tf:95,true,p2,accepted,,655695724,655697691087186,14
tf_policy_elo_616bc2f2_phase7_random_to40_2026-08-20,animal-cycle-random-7x7_g96_vs_g95.jsonl,animal-cycle-random-7x7,animal-cycle,random-start,7x7,tf:95,tf:96,false,p2,accepted,,655695724,655697691087187,15
tf_policy_elo_616bc2f2_phase7_random_to40_2026-08-20,animal-cycle-random-7x7_g96_vs_g95.jsonl,animal-cycle-random-7x7,animal-cycle,random-start,7x7,tf:96,tf:95,true,p1,accepted,,655695724,655697691087188,16
tf_policy_elo_616bc2f2_phase7_random_to40_2026-08-20,animal-cycle-random-7x7_g96_vs_g95.jsonl,animal-cycle-random-7x7,animal-cycle,random-start,7x7,tf:95,tf:96,false,p2,accepted,,655695724,655697691087189,17
tf_policy_elo_616bc2f2_phase7_random_to40_2026-08-20,animal-cycle-random-7x7_g96_vs_g95.jsonl,animal-cycle-random-7x7,animal-cycle,random-start,7x7,tf:96,tf:95,true,p2,accepted,,655695724,655697691087190,18
tf_policy_elo_616bc2f2_phase7_random_to40_2026-08-20,animal-cycle-random-7x7_g96_vs_g95.jsonl,animal-cycle-random-7x7,animal-cycle,random-start,7x7,tf:95,tf:96,false,p2,accepted,,655695724,655697691087191,19
tf_policy_elo_616bc2f2_phase7_random_to40_2026-08-20,animal-cycle-random-7x7_g96_vs_g95.jsonl,animal-cycle-random-7x7,animal-cycle,random-start,7x7,tf:96,tf:95,true,p2,accepted,,655695724,655697691087192,20
tf_policy_elo_616bc2f2_phase7_random_to40_2026-08-20,animal-cycle-random-7x7_g96_vs_g95.jsonl,animal-cycle-random-7x7,animal-cycle,random-start,7x7,tf:95,tf:96,false,p2,accepted,,655695724,655697691087193,21
tf_policy_elo_616bc2f2_phase7_random_to40_2026-08-20,animal-cycle-random-7x7_g96_vs_g95.jsonl,animal-cycle-random-7x7,animal-cycle,random-start,7x7,tf:96,tf:95,true,p2,accepted,,655695724,655697691087194,22
tf_policy_elo_616bc2f2_phase7_random_to40_2026-08-20,animal-cycle-random-7x7_g96_vs_g95.jsonl,animal-cycle-random-7x7,animal-cycle,random-start,7x7,tf:95,tf:96,false,p2,accepted,,655695724,655697691087195,23
tf_policy_elo_616bc2f2_phase7_random_to40_2026-08-20,animal-cycle-random-7x7_g96_vs_g95.jsonl,animal-cycle-random-7x7,animal-cycle,random-start,7x7,tf:96,tf:95,true,p1,accepted,,655695724,655697691087196,24
tf_policy_elo_616bc2f2_phase7_random_to40_2026-08-20,animal-cycle-random-7x7_g96_vs_g95.jsonl,animal-cycle-random-7x7,animal-cycle,random-start,7x7,tf:95,tf:96,false,p2,accepted,,655695724,655697691087197,25
tf_policy_elo_616bc2f2_phase7_random_to40_2026-08-20,animal-cycle-random-7x7_g96_vs_g95.jsonl,animal-cycle-random-7x7,animal-cycle,random-start,7x7,tf:96,tf:95,true,p1,accepted,,655695724,655697691087198,26
tf_policy_elo_616bc2f2_phase7_random_to40_2026-08-20,animal-cycle-random-7x7_g96_vs_g95.jsonl,animal-cycle-random-7x7,animal-cycle,random-start,7x7,tf:95,tf:96,false,p2,accepted,,655695724,655697691087199,27
tf_policy_elo_616bc2f2_phase7_random_to40_2026-08-20,animal-cycle-random-7x7_g97_vs_g93.jsonl,animal-cycle-random-7x7,animal-cycle,random-start,7x7,tf:97,tf:93,true,p1,accepted,,655793724,655795691381172,0
tf_policy_elo_616bc2f2_phase7_random_to40_2026-08-20,animal-cycle-random-7x7_g97_vs_g93.jsonl,animal-cycle-random-7x7,animal-cycle,random-start,7x7,tf:93,tf:97,false,p2,accepted,,655793724,655795691381173,1
tf_policy_elo_616bc2f2_phase7_random_to40_2026-08-20,animal-cycle-random-7x7_g97_vs_g93.jsonl,animal-cycle-random-7x7,animal-cycle,random-start,7x7,tf:97,tf:93,true,p1,accepted,,655793724,655795691381174,2
tf_policy_elo_616bc2f2_phase7_random_to40_2026-08-20,animal-cycle-random-7x7_g97_vs_g93.jsonl,animal-cycle-random-7x7,animal-cycle,random-start,7x7,tf:93,tf:97,false,p2,accepted,,655793724,655795691381175,3
tf_policy_elo_616bc2f2_phase7_random_to40_2026-08-20,animal-cycle-random-7x7_g97_vs_g93.jsonl,animal-cycle-random-7x7,animal-cycle,random-start,7x7,tf:97,tf:93,true,p1,accepted,,655793724,655795691381176,4
tf_policy_elo_616bc2f2_phase7_random_to40_2026-08-20,animal-cycle-random-7x7_g97_vs_g93.jsonl,animal-cycle-random-7x7,animal-cycle,random-start,7x7,tf:93,tf:97,false,p2,accepted,,655793724,655795691381177,5
tf_policy_elo_616bc2f2_phase7_random_to40_2026-08-20,animal-cycle-random-7x7_g97_vs_g93.jsonl,animal-cycle-random-7x7,animal-cycle,random-start,7x7,tf:97,tf:93,true,p2,accepted,,655793724,655795691381178,6
tf_policy_elo_616bc2f2_phase7_random_to40_2026-08-20,animal-cycle-random-7x7_g97_vs_g93.jsonl,animal-cycle-random-7x7,animal-cycle,random-start,7x7,tf:93,tf:97,false,p2,accepted,,655793724,655795691381179,7
tf_policy_elo_616bc2f2_phase7_random_to40_2026-08-20,animal-cycle-random-7x7_g97_vs_g93.jsonl,animal-cycle-random-7x7,animal-cycle,random-start,7x7,tf:97,tf:93,true,p1,accepted,,655793724,655795691381180,8
tf_policy_elo_616bc2f2_phase7_random_to40_2026-08-20,animal-cycle-random-7x7_g97_vs_g93.jsonl,animal-cycle-random-7x7,animal-cycle,random-start,7x7,tf:93,tf:97,false,p2,accepted,,655793724,655795691381181,9
tf_policy_elo_616bc2f2_phase7_random_to40_2026-08-20,animal-cycle-random-7x7_g97_vs_g93.jsonl,animal-cycle-random-7x7,animal-cycle,random-start,7x7,tf:97,tf:93,true,p1,accepted,,655793724,655795691381182,10
tf_policy_elo_616bc2f2_phase7_random_to40_2026-08-20,animal-cycle-random-7x7_g97_vs_g93.jsonl,animal-cycle-random-7x7,animal-cycle,random-start,7x7,tf:93,tf:97,false,p2,accepted,,655793724,655795691381183,11
tf_policy_elo_616bc2f2_phase7_random_to40_2026-08-20,animal-cycle-random-7x7_g97_vs_g93.jsonl,animal-cycle-random-7x7,animal-cycle,random-start,7x7,tf:97,tf:93,true,p1,accepted,,655793724,655795691381184,12
tf_policy_elo_616bc2f2_phase7_random_to40_2026-08-20,animal-cycle-random-7x7_g97_vs_g93.jsonl,animal-cycle-random-7x7,animal-cycle,random-start,7x7,tf:93,tf:97,false,p2,accepted,,655793724,655795691381185,13
tf_policy_elo_616bc2f2_phase7_random_to40_2026-08-20,animal-cycle-random-7x7_g97_vs_g93.jsonl,animal-cycle-random-7x7,animal-cycle,random-start,7x7,tf:97,tf:93,true,p1,accepted,,655793724,655795691381186,14
tf_policy_elo_616bc2f2_phase7_random_to40_2026-08-20,animal-cycle-random-7x7_g97_vs_g93.jsonl,animal-cycle-random-7x7,animal-cycle,random-start,7x7,tf:93,tf:97,false,p2,accepted,,655793724,655795691381187,15
tf_policy_elo_616bc2f2_phase7_random_to40_2026-08-20,animal-cycle-random-7x7_g97_vs_g93.jsonl,animal-cycle-random-7x7,animal-cycle,random-start,7x7,tf:97,tf:93,true,p2,accepted,,655793724,655795691381188,16
tf_policy_elo_616bc2f2_phase7_random_to40_2026-08-20,animal-cycle-random-7x7_g97_vs_g93.jsonl,animal-cycle-random-7x7,animal-cycle,random-start,7x7,tf:93,tf:97,false,p2,accepted,,655793724,655795691381189,17
tf_policy_elo_616bc2f2_phase7_random_to40_2026-08-20,animal-cycle-random-7x7_g97_vs_g93.jsonl,animal-cycle-random-7x7,animal-cycle,random-start,7x7,tf:97,tf:93,true,p1,accepted,,655793724,655795691381190,18
tf_policy_elo_616bc2f2_phase7_random_to40_2026-08-20,animal-cycle-random-7x7_g97_vs_g93.jsonl,animal-cycle-random-7x7,animal-cycle,random-start,7x7,tf:93,tf:97,false,p2,accepted,,655793724,655795691381191,19
tf_policy_elo_616bc2f2_phase7_random_to40_2026-08-20,animal-cycle-random-7x7_g97_vs_g93.jsonl,animal-cycle-random-7x7,animal-cycle,random-start,7x7,tf:97,tf:93,true,p2,accepted,,655793724,655795691381192,20
tf_policy_elo_616bc2f2_phase7_random_to40_2026-08-20,animal-cycle-random-7x7_g97_vs_g93.jsonl,animal-cycle-random-7x7,animal-cycle,random-start,7x7,tf:93,tf:97,false,p2,accepted,,655793724,655795691381193,21
tf_policy_elo_616bc2f2_phase7_random_to40_2026-08-20,animal-cycle-random-7x7_g97_vs_g93.jsonl,animal-cycle-random-7x7,animal-cycle,random-start,7x7,tf:97,tf:93,true,p1,accepted,,655793724,655795691381194,22
tf_policy_elo_616bc2f2_phase7_random_to40_2026-08-20,animal-cycle-random-7x7_g97_vs_g93.jsonl,animal-cycle-random-7x7,animal-cycle,random-start,7x7,tf:93,tf:97,false,p2,accepted,,655793724,655795691381195,23
tf_policy_elo_616bc2f2_phase7_random_to40_2026-08-20,animal-cycle-random-7x7_g97_vs_g93.jsonl,animal-cycle-random-7x7,animal-cycle,random-start,7x7,tf:97,tf:93,true,p2,accepted,,655793724,655795691381196,24
tf_policy_elo_616bc2f2_phase7_random_to40_2026-08-20,animal-cycle-random-7x7_g97_vs_g93.jsonl,animal-cycle-random-7x7,animal-cycle,random-start,7x7,tf:93,tf:97,false,p2,accepted,,655793724,655795691381197,25
tf_policy_elo_616bc2f2_phase7_random_to40_2026-08-20,animal-cycle-random-7x7_g97_vs_g93.jsonl,animal-cycle-random-7x7,animal-cycle,random-start,7x7,tf:97,tf:93,true,p1,accepted,,655793724,655795691381198,26
tf_policy_elo_616bc2f2_phase7_random_to40_2026-08-20,animal-cycle-random-7x7_g97_vs_g93.jsonl,animal-cycle-random-7x7,animal-cycle,random-start,7x7,tf:93,tf:97,false,p2,accepted,,655793724,655795691381199,27
tf_policy_elo_616bc2f2_phase7_random_to40_2026-08-20,animal-cycle-random-7x7_g97_vs_g94.jsonl,animal-cycle-random-7x7,animal-cycle,random-start,7x7,tf:97,tf:94,true,p1,accepted,,655794724,655796691384172,0
tf_policy_elo_616bc2f2_phase7_random_to40_2026-08-20,animal-cycle-random-7x7_g97_vs_g94.jsonl,animal-cycle-random-7x7,animal-cycle,random-start,7x7,tf:94,tf:97,false,p2,accepted,,655794724,655796691384173,1
tf_policy_elo_616bc2f2_phase7_random_to40_2026-08-20,animal-cycle-random-7x7_g97_vs_g94.jsonl,animal-cycle-random-7x7,animal-cycle,random-start,7x7,tf:97,tf:94,true,p2,accepted,,655794724,655796691384174,2
tf_policy_elo_616bc2f2_phase7_random_to40_2026-08-20,animal-cycle-random-7x7_g97_vs_g94.jsonl,animal-cycle-random-7x7,animal-cycle,random-start,7x7,tf:94,tf:97,false,p2,accepted,,655794724,655796691384175,3
tf_policy_elo_616bc2f2_phase7_random_to40_2026-08-20,animal-cycle-random-7x7_g97_vs_g94.jsonl,animal-cycle-random-7x7,animal-cycle,random-start,7x7,tf:97,tf:94,true,p1,accepted,,655794724,655796691384176,4
tf_policy_elo_616bc2f2_phase7_random_to40_2026-08-20,animal-cycle-random-7x7_g97_vs_g94.jsonl,animal-cycle-random-7x7,animal-cycle,random-start,7x7,tf:94,tf:97,false,p2,accepted,,655794724,655796691384177,5
tf_policy_elo_616bc2f2_phase7_random_to40_2026-08-20,animal-cycle-random-7x7_g97_vs_g94.jsonl,animal-cycle-random-7x7,animal-cycle,random-start,7x7,tf:97,tf:94,true,p1,accepted,,655794724,655796691384178,6
tf_policy_elo_616bc2f2_phase7_random_to40_2026-08-20,animal-cycle-random-7x7_g97_vs_g94.jsonl,animal-cycle-random-7x7,animal-cycle,random-start,7x7,tf:94,tf:97,false,p2,accepted,,655794724,655796691384179,7
tf_policy_elo_616bc2f2_phase7_random_to40_2026-08-20,animal-cycle-random-7x7_g97_vs_g94.jsonl,animal-cycle-random-7x7,animal-cycle,random-start,7x7,tf:97,tf:94,true,p1,accepted,,655794724,655796691384180,8
tf_policy_elo_616bc2f2_phase7_random_to40_2026-08-20,animal-cycle-random-7x7_g97_vs_g94.jsonl,animal-cycle-random-7x7,animal-cycle,random-start,7x7,tf:94,tf:97,false,p2,accepted,,655794724,655796691384181,9
tf_policy_elo_616bc2f2_phase7_random_to40_2026-08-20,animal-cycle-random-7x7_g97_vs_g94.jsonl,animal-cycle-random-7x7,animal-cycle,random-start,7x7,tf:97,tf:94,true,p1,accepted,,655794724,655796691384182,10
tf_policy_elo_616bc2f2_phase7_random_to40_2026-08-20,animal-cycle-random-7x7_g97_vs_g94.jsonl,animal-cycle-random-7x7,animal-cycle,random-start,7x7,tf:94,tf:97,false,p2,accepted,,655794724,655796691384183,11
tf_policy_elo_616bc2f2_phase7_random_to40_2026-08-20,animal-cycle-random-7x7_g97_vs_g94.jsonl,animal-cycle-random-7x7,animal-cycle,random-start,7x7,tf:97,tf:94,true,p1,accepted,,655794724,655796691384184,12
tf_policy_elo_616bc2f2_phase7_random_to40_2026-08-20,animal-cycle-random-7x7_g97_vs_g94.jsonl,animal-cycle-random-7x7,animal-cycle,random-start,7x7,tf:94,tf:97,false,p2,accepted,,655794724,655796691384185,13
tf_policy_elo_616bc2f2_phase7_random_to40_2026-08-20,animal-cycle-random-7x7_g97_vs_g94.jsonl,animal-cycle-random-7x7,animal-cycle,random-start,7x7,tf:97,tf:94,true,p1,accepted,,655794724,655796691384186,14
tf_policy_elo_616bc2f2_phase7_random_to40_2026-08-20,animal-cycle-random-7x7_g97_vs_g94.jsonl,animal-cycle-random-7x7,animal-cycle,random-start,7x7,tf:94,tf:97,false,p2,accepted,,655794724,655796691384187,15
tf_policy_elo_616bc2f2_phase7_random_to40_2026-08-20,animal-cycle-random-7x7_g97_vs_g94.jsonl,animal-cycle-random-7x7,animal-cycle,random-start,7x7,tf:97,tf:94,true,p1,accepted,,655794724,655796691384188,16
tf_policy_elo_616bc2f2_phase7_random_to40_2026-08-20,animal-cycle-random-7x7_g97_vs_g94.jsonl,animal-cycle-random-7x7,animal-cycle,random-start,7x7,tf:94,tf:97,false,p2,accepted,,655794724,655796691384189,17
tf_policy_elo_616bc2f2_phase7_random_to40_2026-08-20,animal-cycle-random-7x7_g97_vs_g94.jsonl,animal-cycle-random-7x7,animal-cycle,random-start,7x7,tf:97,tf:94,true,p2,accepted,,655794724,655796691384190,18
tf_policy_elo_616bc2f2_phase7_random_to40_2026-08-20,animal-cycle-random-7x7_g97_vs_g94.jsonl,animal-cycle-random-7x7,animal-cycle,random-start,7x7,tf:94,tf:97,false,p2,accepted,,655794724,655796691384191,19
tf_policy_elo_616bc2f2_phase7_random_to40_2026-08-20,animal-cycle-random-7x7_g97_vs_g94.jsonl,animal-cycle-random-7x7,animal-cycle,random-start,7x7,tf:97,tf:94,true,p1,accepted,,655794724,655796691384192,20
tf_policy_elo_616bc2f2_phase7_random_to40_2026-08-20,animal-cycle-random-7x7_g97_vs_g94.jsonl,animal-cycle-random-7x7,animal-cycle,random-start,7x7,tf:94,tf:97,false,p2,accepted,,655794724,655796691384193,21
tf_policy_elo_616bc2f2_phase7_random_to40_2026-08-20,animal-cycle-random-7x7_g97_vs_g94.jsonl,animal-cycle-random-7x7,animal-cycle,random-start,7x7,tf:97,tf:94,true,p2,accepted,,655794724,655796691384194,22
tf_policy_elo_616bc2f2_phase7_random_to40_2026-08-20,animal-cycle-random-7x7_g97_vs_g94.jsonl,animal-cycle-random-7x7,animal-cycle,random-start,7x7,tf:94,tf:97,false,p2,accepted,,655794724,655796691384195,23
tf_policy_elo_616bc2f2_phase7_random_to40_2026-08-20,animal-cycle-random-7x7_g97_vs_g94.jsonl,animal-cycle-random-7x7,animal-cycle,random-start,7x7,tf:97,tf:94,true,p1,accepted,,655794724,655796691384196,24
tf_policy_elo_616bc2f2_phase7_random_to40_2026-08-20,animal-cycle-random-7x7_g97_vs_g94.jsonl,animal-cycle-random-7x7,animal-cycle,random-start,7x7,tf:94,tf:97,false,p2,accepted,,655794724,655796691384197,25
tf_policy_elo_616bc2f2_phase7_random_to40_2026-08-20,animal-cycle-random-7x7_g97_vs_g94.jsonl,animal-cycle-random-7x7,animal-cycle,random-start,7x7,tf:97,tf:94,true,p1,accepted,,655794724,655796691384198,26
tf_policy_elo_616bc2f2_phase7_random_to40_2026-08-20,animal-cycle-random-7x7_g97_vs_g94.jsonl,animal-cycle-random-7x7,animal-cycle,random-start,7x7,tf:94,tf:97,false,p2,accepted,,655794724,655796691384199,27
tf_policy_elo_616bc2f2_phase7_random_to40_2026-08-20,animal-cycle-random-7x7_g97_vs_g96.jsonl,animal-cycle-random-7x7,animal-cycle,random-start,7x7,tf:97,tf:96,true,p2,accepted,,655796724,655798691390172,0
tf_policy_elo_616bc2f2_phase7_random_to40_2026-08-20,animal-cycle-random-7x7_g97_vs_g96.jsonl,animal-cycle-random-7x7,animal-cycle,random-start,7x7,tf:96,tf:97,false,p2,accepted,,655796724,655798691390173,1
tf_policy_elo_616bc2f2_phase7_random_to40_2026-08-20,animal-cycle-random-7x7_g97_vs_g96.jsonl,animal-cycle-random-7x7,animal-cycle,random-start,7x7,tf:97,tf:96,true,p2,accepted,,655796724,655798691390174,2
tf_policy_elo_616bc2f2_phase7_random_to40_2026-08-20,animal-cycle-random-7x7_g97_vs_g96.jsonl,animal-cycle-random-7x7,animal-cycle,random-start,7x7,tf:96,tf:97,false,p2,accepted,,655796724,655798691390175,3
tf_policy_elo_616bc2f2_phase7_random_to40_2026-08-20,animal-cycle-random-7x7_g97_vs_g96.jsonl,animal-cycle-random-7x7,animal-cycle,random-start,7x7,tf:97,tf:96,true,p1,accepted,,655796724,655798691390176,4
tf_policy_elo_616bc2f2_phase7_random_to40_2026-08-20,animal-cycle-random-7x7_g97_vs_g96.jsonl,animal-cycle-random-7x7,animal-cycle,random-start,7x7,tf:96,tf:97,false,p2,accepted,,655796724,655798691390177,5
tf_policy_elo_616bc2f2_phase7_random_to40_2026-08-20,animal-cycle-random-7x7_g97_vs_g96.jsonl,animal-cycle-random-7x7,animal-cycle,random-start,7x7,tf:97,tf:96,true,p1,accepted,,655796724,655798691390178,6
tf_policy_elo_616bc2f2_phase7_random_to40_2026-08-20,animal-cycle-random-7x7_g97_vs_g96.jsonl,animal-cycle-random-7x7,animal-cycle,random-start,7x7,tf:96,tf:97,false,p2,accepted,,655796724,655798691390179,7
tf_policy_elo_616bc2f2_phase7_random_to40_2026-08-20,animal-cycle-random-7x7_g97_vs_g96.jsonl,animal-cycle-random-7x7,animal-cycle,random-start,7x7,tf:97,tf:96,true,p1,accepted,,655796724,655798691390180,8
tf_policy_elo_616bc2f2_phase7_random_to40_2026-08-20,animal-cycle-random-7x7_g97_vs_g96.jsonl,animal-cycle-random-7x7,animal-cycle,random-start,7x7,tf:96,tf:97,false,p2,accepted,,655796724,655798691390181,9
tf_policy_elo_616bc2f2_phase7_random_to40_2026-08-20,animal-cycle-random-7x7_g97_vs_g96.jsonl,animal-cycle-random-7x7,animal-cycle,random-start,7x7,tf:97,tf:96,true,p2,accepted,,655796724,655798691390182,10
tf_policy_elo_616bc2f2_phase7_random_to40_2026-08-20,animal-cycle-random-7x7_g97_vs_g96.jsonl,animal-cycle-random-7x7,animal-cycle,random-start,7x7,tf:96,tf:97,false,p2,accepted,,655796724,655798691390183,11
tf_policy_elo_616bc2f2_phase7_random_to40_2026-08-20,animal-cycle-random-7x7_g97_vs_g96.jsonl,animal-cycle-random-7x7,animal-cycle,random-start,7x7,tf:97,tf:96,true,p2,accepted,,655796724,655798691390184,12
tf_policy_elo_616bc2f2_phase7_random_to40_2026-08-20,animal-cycle-random-7x7_g97_vs_g96.jsonl,animal-cycle-random-7x7,animal-cycle,random-start,7x7,tf:96,tf:97,false,p2,accepted,,655796724,655798691390185,13
tf_policy_elo_616bc2f2_phase7_random_to40_2026-08-20,animal-cycle-random-7x7_g97_vs_g96.jsonl,animal-cycle-random-7x7,animal-cycle,random-start,7x7,tf:97,tf:96,true,p2,accepted,,655796724,655798691390186,14
tf_policy_elo_616bc2f2_phase7_random_to40_2026-08-20,animal-cycle-random-7x7_g97_vs_g96.jsonl,animal-cycle-random-7x7,animal-cycle,random-start,7x7,tf:96,tf:97,false,p1,accepted,,655796724,655798691390187,15
tf_policy_elo_616bc2f2_phase7_random_to40_2026-08-20,animal-cycle-random-7x7_g97_vs_g96.jsonl,animal-cycle-random-7x7,animal-cycle,random-start,7x7,tf:97,tf:96,true,p1,accepted,,655796724,655798691390188,16
tf_policy_elo_616bc2f2_phase7_random_to40_2026-08-20,animal-cycle-random-7x7_g97_vs_g96.jsonl,animal-cycle-random-7x7,animal-cycle,random-start,7x7,tf:96,tf:97,false,p2,accepted,,655796724,655798691390189,17
tf_policy_elo_616bc2f2_phase7_random_to40_2026-08-20,animal-cycle-random-7x7_g97_vs_g96.jsonl,animal-cycle-random-7x7,animal-cycle,random-start,7x7,tf:97,tf:96,true,p1,accepted,,655796724,655798691390190,18
tf_policy_elo_616bc2f2_phase7_random_to40_2026-08-20,animal-cycle-random-7x7_g97_vs_g96.jsonl,animal-cycle-random-7x7,animal-cycle,random-start,7x7,tf:96,tf:97,false,p2,accepted,,655796724,655798691390191,19
tf_policy_elo_616bc2f2_phase7_random_to40_2026-08-20,animal-cycle-random-7x7_g97_vs_g96.jsonl,animal-cycle-random-7x7,animal-cycle,random-start,7x7,tf:97,tf:96,true,p1,accepted,,655796724,655798691390192,20
tf_policy_elo_616bc2f2_phase7_random_to40_2026-08-20,animal-cycle-random-7x7_g97_vs_g96.jsonl,animal-cycle-random-7x7,animal-cycle,random-start,7x7,tf:96,tf:97,false,p2,accepted,,655796724,655798691390193,21
tf_policy_elo_616bc2f2_phase7_random_to40_2026-08-20,animal-cycle-random-7x7_g97_vs_g96.jsonl,animal-cycle-random-7x7,animal-cycle,random-start,7x7,tf:97,tf:96,true,p2,accepted,,655796724,655798691390194,22
tf_policy_elo_616bc2f2_phase7_random_to40_2026-08-20,animal-cycle-random-7x7_g97_vs_g96.jsonl,animal-cycle-random-7x7,animal-cycle,random-start,7x7,tf:96,tf:97,false,p2,accepted,,655796724,655798691390195,23
tf_policy_elo_616bc2f2_phase7_random_to40_2026-08-20,animal-cycle-random-7x7_g97_vs_g96.jsonl,animal-cycle-random-7x7,animal-cycle,random-start,7x7,tf:97,tf:96,true,p1,accepted,,655796724,655798691390196,24
tf_policy_elo_616bc2f2_phase7_random_to40_2026-08-20,animal-cycle-random-7x7_g97_vs_g96.jsonl,animal-cycle-random-7x7,animal-cycle,random-start,7x7,tf:96,tf:97,false,p2,accepted,,655796724,655798691390197,25
tf_policy_elo_616bc2f2_phase7_random_to40_2026-08-20,animal-cycle-random-7x7_g97_vs_g96.jsonl,animal-cycle-random-7x7,animal-cycle,random-start,7x7,tf:97,tf:96,true,p1,accepted,,655796724,655798691390198,26
tf_policy_elo_616bc2f2_phase7_random_to40_2026-08-20,animal-cycle-random-7x7_g97_vs_g96.jsonl,animal-cycle-random-7x7,animal-cycle,random-start,7x7,tf:96,tf:97,false,p1,accepted,,655796724,655798691390199,27
tf_policy_elo_616bc2f2_phase7_random_to40_2026-08-20,animal-cycle-random-7x7_g98_vs_g93.jsonl,animal-cycle-random-7x7,animal-cycle,random-start,7x7,tf:98,tf:93,true,p1,accepted,,655893724,655895691681172,0
tf_policy_elo_616bc2f2_phase7_random_to40_2026-08-20,animal-cycle-random-7x7_g98_vs_g93.jsonl,animal-cycle-random-7x7,animal-cycle,random-start,7x7,tf:93,tf:98,false,p2,accepted,,655893724,655895691681173,1
tf_policy_elo_616bc2f2_phase7_random_to40_2026-08-20,animal-cycle-random-7x7_g98_vs_g93.jsonl,animal-cycle-random-7x7,animal-cycle,random-start,7x7,tf:98,tf:93,true,p1,accepted,,655893724,655895691681174,2
tf_policy_elo_616bc2f2_phase7_random_to40_2026-08-20,animal-cycle-random-7x7_g98_vs_g93.jsonl,animal-cycle-random-7x7,animal-cycle,random-start,7x7,tf:93,tf:98,false,p2,accepted,,655893724,655895691681175,3
tf_policy_elo_616bc2f2_phase7_random_to40_2026-08-20,animal-cycle-random-7x7_g98_vs_g93.jsonl,animal-cycle-random-7x7,animal-cycle,random-start,7x7,tf:98,tf:93,true,p1,accepted,,655893724,655895691681176,4
tf_policy_elo_616bc2f2_phase7_random_to40_2026-08-20,animal-cycle-random-7x7_g98_vs_g93.jsonl,animal-cycle-random-7x7,animal-cycle,random-start,7x7,tf:93,tf:98,false,p2,accepted,,655893724,655895691681177,5
tf_policy_elo_616bc2f2_phase7_random_to40_2026-08-20,animal-cycle-random-7x7_g98_vs_g93.jsonl,animal-cycle-random-7x7,animal-cycle,random-start,7x7,tf:98,tf:93,true,p1,accepted,,655893724,655895691681178,6
tf_policy_elo_616bc2f2_phase7_random_to40_2026-08-20,animal-cycle-random-7x7_g98_vs_g93.jsonl,animal-cycle-random-7x7,animal-cycle,random-start,7x7,tf:93,tf:98,false,p2,accepted,,655893724,655895691681179,7
tf_policy_elo_616bc2f2_phase7_random_to40_2026-08-20,animal-cycle-random-7x7_g98_vs_g93.jsonl,animal-cycle-random-7x7,animal-cycle,random-start,7x7,tf:98,tf:93,true,p1,accepted,,655893724,655895691681180,8
tf_policy_elo_616bc2f2_phase7_random_to40_2026-08-20,animal-cycle-random-7x7_g98_vs_g93.jsonl,animal-cycle-random-7x7,animal-cycle,random-start,7x7,tf:93,tf:98,false,p2,accepted,,655893724,655895691681181,9
tf_policy_elo_616bc2f2_phase7_random_to40_2026-08-20,animal-cycle-random-7x7_g98_vs_g93.jsonl,animal-cycle-random-7x7,animal-cycle,random-start,7x7,tf:98,tf:93,true,p1,accepted,,655893724,655895691681182,10
tf_policy_elo_616bc2f2_phase7_random_to40_2026-08-20,animal-cycle-random-7x7_g98_vs_g93.jsonl,animal-cycle-random-7x7,animal-cycle,random-start,7x7,tf:93,tf:98,false,p2,accepted,,655893724,655895691681183,11
tf_policy_elo_616bc2f2_phase7_random_to40_2026-08-20,animal-cycle-random-7x7_g98_vs_g93.jsonl,animal-cycle-random-7x7,animal-cycle,random-start,7x7,tf:98,tf:93,true,p1,accepted,,655893724,655895691681184,12
tf_policy_elo_616bc2f2_phase7_random_to40_2026-08-20,animal-cycle-random-7x7_g98_vs_g93.jsonl,animal-cycle-random-7x7,animal-cycle,random-start,7x7,tf:93,tf:98,false,p1,accepted,,655893724,655895691681185,13
tf_policy_elo_616bc2f2_phase7_random_to40_2026-08-20,animal-cycle-random-7x7_g98_vs_g93.jsonl,animal-cycle-random-7x7,animal-cycle,random-start,7x7,tf:98,tf:93,true,p1,accepted,,655893724,655895691681186,14
tf_policy_elo_616bc2f2_phase7_random_to40_2026-08-20,animal-cycle-random-7x7_g98_vs_g93.jsonl,animal-cycle-random-7x7,animal-cycle,random-start,7x7,tf:93,tf:98,false,p2,accepted,,655893724,655895691681187,15
tf_policy_elo_616bc2f2_phase7_random_to40_2026-08-20,animal-cycle-random-7x7_g98_vs_g93.jsonl,animal-cycle-random-7x7,animal-cycle,random-start,7x7,tf:98,tf:93,true,p2,accepted,,655893724,655895691681188,16
tf_policy_elo_616bc2f2_phase7_random_to40_2026-08-20,animal-cycle-random-7x7_g98_vs_g93.jsonl,animal-cycle-random-7x7,animal-cycle,random-start,7x7,tf:93,tf:98,false,p1,accepted,,655893724,655895691681189,17
tf_policy_elo_616bc2f2_phase7_random_to40_2026-08-20,animal-cycle-random-7x7_g98_vs_g93.jsonl,animal-cycle-random-7x7,animal-cycle,random-start,7x7,tf:98,tf:93,true,p1,accepted,,655893724,655895691681190,18
tf_policy_elo_616bc2f2_phase7_random_to40_2026-08-20,animal-cycle-random-7x7_g98_vs_g93.jsonl,animal-cycle-random-7x7,animal-cycle,random-start,7x7,tf:93,tf:98,false,p2,accepted,,655893724,655895691681191,19
tf_policy_elo_616bc2f2_phase7_random_to40_2026-08-20,animal-cycle-random-7x7_g98_vs_g93.jsonl,animal-cycle-random-7x7,animal-cycle,random-start,7x7,tf:98,tf:93,true,p1,accepted,,655893724,655895691681192,20
tf_policy_elo_616bc2f2_phase7_random_to40_2026-08-20,animal-cycle-random-7x7_g98_vs_g93.jsonl,animal-cycle-random-7x7,animal-cycle,random-start,7x7,tf:93,tf:98,false,p2,accepted,,655893724,655895691681193,21
tf_policy_elo_616bc2f2_phase7_random_to40_2026-08-20,animal-cycle-random-7x7_g98_vs_g93.jsonl,animal-cycle-random-7x7,animal-cycle,random-start,7x7,tf:98,tf:93,true,p2,accepted,,655893724,655895691681194,22
tf_policy_elo_616bc2f2_phase7_random_to40_2026-08-20,animal-cycle-random-7x7_g98_vs_g93.jsonl,animal-cycle-random-7x7,animal-cycle,random-start,7x7,tf:93,tf:98,false,p2,accepted,,655893724,655895691681195,23
tf_policy_elo_616bc2f2_phase7_random_to40_2026-08-20,animal-cycle-random-7x7_g98_vs_g93.jsonl,animal-cycle-random-7x7,animal-cycle,random-start,7x7,tf:98,tf:93,true,p1,accepted,,655893724,655895691681196,24
tf_policy_elo_616bc2f2_phase7_random_to40_2026-08-20,animal-cycle-random-7x7_g98_vs_g93.jsonl,animal-cycle-random-7x7,animal-cycle,random-start,7x7,tf:93,tf:98,false,p2,accepted,,655893724,655895691681197,25
tf_policy_elo_616bc2f2_phase7_random_to40_2026-08-20,animal-cycle-random-7x7_g98_vs_g93.jsonl,animal-cycle-random-7x7,animal-cycle,random-start,7x7,tf:98,tf:93,true,p1,accepted,,655893724,655895691681198,26
tf_policy_elo_616bc2f2_phase7_random_to40_2026-08-20,animal-cycle-random-7x7_g98_vs_g93.jsonl,animal-cycle-random-7x7,animal-cycle,random-start,7x7,tf:93,tf:98,false,p2,accepted,,655893724,655895691681199,27
tf_policy_elo_616bc2f2_phase7_random_to40_2026-08-20,animal-cycle-random-7x7_g98_vs_g95.jsonl,animal-cycle-random-7x7,animal-cycle,random-start,7x7,tf:98,tf:95,true,p2,accepted,,655895724,655897691687172,0
tf_policy_elo_616bc2f2_phase7_random_to40_2026-08-20,animal-cycle-random-7x7_g98_vs_g95.jsonl,animal-cycle-random-7x7,animal-cycle,random-start,7x7,tf:95,tf:98,false,p2,accepted,,655895724,655897691687173,1
tf_policy_elo_616bc2f2_phase7_random_to40_2026-08-20,animal-cycle-random-7x7_g98_vs_g95.jsonl,animal-cycle-random-7x7,animal-cycle,random-start,7x7,tf:98,tf:95,true,p1,accepted,,655895724,655897691687174,2
tf_policy_elo_616bc2f2_phase7_random_to40_2026-08-20,animal-cycle-random-7x7_g98_vs_g95.jsonl,animal-cycle-random-7x7,animal-cycle,random-start,7x7,tf:95,tf:98,false,p2,accepted,,655895724,655897691687175,3
tf_policy_elo_616bc2f2_phase7_random_to40_2026-08-20,animal-cycle-random-7x7_g98_vs_g95.jsonl,animal-cycle-random-7x7,animal-cycle,random-start,7x7,tf:98,tf:95,true,p1,accepted,,655895724,655897691687176,4
tf_policy_elo_616bc2f2_phase7_random_to40_2026-08-20,animal-cycle-random-7x7_g98_vs_g95.jsonl,animal-cycle-random-7x7,animal-cycle,random-start,7x7,tf:95,tf:98,false,p2,accepted,,655895724,655897691687177,5
tf_policy_elo_616bc2f2_phase7_random_to40_2026-08-20,animal-cycle-random-7x7_g98_vs_g95.jsonl,animal-cycle-random-7x7,animal-cycle,random-start,7x7,tf:98,tf:95,true,p1,accepted,,655895724,655897691687178,6
tf_policy_elo_616bc2f2_phase7_random_to40_2026-08-20,animal-cycle-random-7x7_g98_vs_g95.jsonl,animal-cycle-random-7x7,animal-cycle,random-start,7x7,tf:95,tf:98,false,p2,accepted,,655895724,655897691687179,7
tf_policy_elo_616bc2f2_phase7_random_to40_2026-08-20,animal-cycle-random-7x7_g98_vs_g95.jsonl,animal-cycle-random-7x7,animal-cycle,random-start,7x7,tf:98,tf:95,true,p1,accepted,,655895724,655897691687180,8
tf_policy_elo_616bc2f2_phase7_random_to40_2026-08-20,animal-cycle-random-7x7_g98_vs_g95.jsonl,animal-cycle-random-7x7,animal-cycle,random-start,7x7,tf:95,tf:98,false,p2,accepted,,655895724,655897691687181,9
tf_policy_elo_616bc2f2_phase7_random_to40_2026-08-20,animal-cycle-random-7x7_g98_vs_g95.jsonl,animal-cycle-random-7x7,animal-cycle,random-start,7x7,tf:98,tf:95,true,p2,accepted,,655895724,655897691687182,10
tf_policy_elo_616bc2f2_phase7_random_to40_2026-08-20,animal-cycle-random-7x7_g98_vs_g95.jsonl,animal-cycle-random-7x7,animal-cycle,random-start,7x7,tf:95,tf:98,false,p2,accepted,,655895724,655897691687183,11
tf_policy_elo_616bc2f2_phase7_random_to40_2026-08-20,animal-cycle-random-7x7_g98_vs_g95.jsonl,animal-cycle-random-7x7,animal-cycle,random-start,7x7,tf:98,tf:95,true,p1,accepted,,655895724,655897691687184,12
tf_policy_elo_616bc2f2_phase7_random_to40_2026-08-20,animal-cycle-random-7x7_g98_vs_g95.jsonl,animal-cycle-random-7x7,animal-cycle,random-start,7x7,tf:95,tf:98,false,p2,accepted,,655895724,655897691687185,13
tf_policy_elo_616bc2f2_phase7_random_to40_2026-08-20,animal-cycle-random-7x7_g98_vs_g95.jsonl,animal-cycle-random-7x7,animal-cycle,random-start,7x7,tf:98,tf:95,true,p2,accepted,,655895724,655897691687186,14
tf_policy_elo_616bc2f2_phase7_random_to40_2026-08-20,animal-cycle-random-7x7_g98_vs_g95.jsonl,animal-cycle-random-7x7,animal-cycle,random-start,7x7,tf:95,tf:98,false,p2,accepted,,655895724,655897691687187,15
tf_policy_elo_616bc2f2_phase7_random_to40_2026-08-20,animal-cycle-random-7x7_g98_vs_g95.jsonl,animal-cycle-random-7x7,animal-cycle,random-start,7x7,tf:98,tf:95,true,p2,accepted,,655895724,655897691687188,16
tf_policy_elo_616bc2f2_phase7_random_to40_2026-08-20,animal-cycle-random-7x7_g98_vs_g95.jsonl,animal-cycle-random-7x7,animal-cycle,random-start,7x7,tf:95,tf:98,false,p2,accepted,,655895724,655897691687189,17
tf_policy_elo_616bc2f2_phase7_random_to40_2026-08-20,animal-cycle-random-7x7_g98_vs_g95.jsonl,animal-cycle-random-7x7,animal-cycle,random-start,7x7,tf:98,tf:95,true,p1,accepted,,655895724,655897691687190,18
tf_policy_elo_616bc2f2_phase7_random_to40_2026-08-20,animal-cycle-random-7x7_g98_vs_g95.jsonl,animal-cycle-random-7x7,animal-cycle,random-start,7x7,tf:95,tf:98,false,p2,accepted,,655895724,655897691687191,19
tf_policy_elo_616bc2f2_phase7_random_to40_2026-08-20,animal-cycle-random-7x7_g98_vs_g95.jsonl,animal-cycle-random-7x7,animal-cycle,random-start,7x7,tf:98,tf:95,true,p2,accepted,,655895724,655897691687192,20
tf_policy_elo_616bc2f2_phase7_random_to40_2026-08-20,animal-cycle-random-7x7_g98_vs_g95.jsonl,animal-cycle-random-7x7,animal-cycle,random-start,7x7,tf:95,tf:98,false,p2,accepted,,655895724,655897691687193,21
tf_policy_elo_616bc2f2_phase7_random_to40_2026-08-20,animal-cycle-random-7x7_g98_vs_g95.jsonl,animal-cycle-random-7x7,animal-cycle,random-start,7x7,tf:98,tf:95,true,p2,accepted,,655895724,655897691687194,22
tf_policy_elo_616bc2f2_phase7_random_to40_2026-08-20,animal-cycle-random-7x7_g98_vs_g95.jsonl,animal-cycle-random-7x7,animal-cycle,random-start,7x7,tf:95,tf:98,false,p2,accepted,,655895724,655897691687195,23
tf_policy_elo_616bc2f2_phase7_random_to40_2026-08-20,animal-cycle-random-7x7_g98_vs_g95.jsonl,animal-cycle-random-7x7,animal-cycle,random-start,7x7,tf:98,tf:95,true,p2,accepted,,655895724,655897691687196,24
tf_policy_elo_616bc2f2_phase7_random_to40_2026-08-20,animal-cycle-random-7x7_g98_vs_g95.jsonl,animal-cycle-random-7x7,animal-cycle,random-start,7x7,tf:95,tf:98,false,p2,accepted,,655895724,655897691687197,25
tf_policy_elo_616bc2f2_phase7_random_to40_2026-08-20,animal-cycle-random-7x7_g98_vs_g95.jsonl,animal-cycle-random-7x7,animal-cycle,random-start,7x7,tf:98,tf:95,true,p1,accepted,,655895724,655897691687198,26
tf_policy_elo_616bc2f2_phase7_random_to40_2026-08-20,animal-cycle-random-7x7_g98_vs_g95.jsonl,animal-cycle-random-7x7,animal-cycle,random-start,7x7,tf:95,tf:98,false,p2,accepted,,655895724,655897691687199,27
tf_policy_elo_616bc2f2_phase7_random_to40_2026-08-20,animal-cycle-random-7x7_g98_vs_g97.jsonl,animal-cycle-random-7x7,animal-cycle,random-start,7x7,tf:98,tf:97,true,p2,accepted,,655897724,655899691693172,0
tf_policy_elo_616bc2f2_phase7_random_to40_2026-08-20,animal-cycle-random-7x7_g98_vs_g97.jsonl,animal-cycle-random-7x7,animal-cycle,random-start,7x7,tf:97,tf:98,false,p2,accepted,,655897724,655899691693173,1
tf_policy_elo_616bc2f2_phase7_random_to40_2026-08-20,animal-cycle-random-7x7_g98_vs_g97.jsonl,animal-cycle-random-7x7,animal-cycle,random-start,7x7,tf:98,tf:97,true,p2,accepted,,655897724,655899691693174,2
tf_policy_elo_616bc2f2_phase7_random_to40_2026-08-20,animal-cycle-random-7x7_g98_vs_g97.jsonl,animal-cycle-random-7x7,animal-cycle,random-start,7x7,tf:97,tf:98,false,p2,accepted,,655897724,655899691693175,3
tf_policy_elo_616bc2f2_phase7_random_to40_2026-08-20,animal-cycle-random-7x7_g98_vs_g97.jsonl,animal-cycle-random-7x7,animal-cycle,random-start,7x7,tf:98,tf:97,true,p2,accepted,,655897724,655899691693176,4
tf_policy_elo_616bc2f2_phase7_random_to40_2026-08-20,animal-cycle-random-7x7_g98_vs_g97.jsonl,animal-cycle-random-7x7,animal-cycle,random-start,7x7,tf:97,tf:98,false,p2,accepted,,655897724,655899691693177,5
tf_policy_elo_616bc2f2_phase7_random_to40_2026-08-20,animal-cycle-random-7x7_g98_vs_g97.jsonl,animal-cycle-random-7x7,animal-cycle,random-start,7x7,tf:98,tf:97,true,p1,accepted,,655897724,655899691693178,6
tf_policy_elo_616bc2f2_phase7_random_to40_2026-08-20,animal-cycle-random-7x7_g98_vs_g97.jsonl,animal-cycle-random-7x7,animal-cycle,random-start,7x7,tf:97,tf:98,false,p1,accepted,,655897724,655899691693179,7
tf_policy_elo_616bc2f2_phase7_random_to40_2026-08-20,animal-cycle-random-7x7_g98_vs_g97.jsonl,animal-cycle-random-7x7,animal-cycle,random-start,7x7,tf:98,tf:97,true,p1,accepted,,655897724,655899691693180,8
tf_policy_elo_616bc2f2_phase7_random_to40_2026-08-20,animal-cycle-random-7x7_g98_vs_g97.jsonl,animal-cycle-random-7x7,animal-cycle,random-start,7x7,tf:97,tf:98,false,p1,accepted,,655897724,655899691693181,9
tf_policy_elo_616bc2f2_phase7_random_to40_2026-08-20,animal-cycle-random-7x7_g98_vs_g97.jsonl,animal-cycle-random-7x7,animal-cycle,random-start,7x7,tf:98,tf:97,true,p1,accepted,,655897724,655899691693182,10
tf_policy_elo_616bc2f2_phase7_random_to40_2026-08-20,animal-cycle-random-7x7_g98_vs_g97.jsonl,animal-cycle-random-7x7,animal-cycle,random-start,7x7,tf:97,tf:98,false,p1,accepted,,655897724,655899691693183,11
tf_policy_elo_616bc2f2_phase7_random_to40_2026-08-20,animal-cycle-random-7x7_g98_vs_g97.jsonl,animal-cycle-random-7x7,animal-cycle,random-start,7x7,tf:98,tf:97,true,p2,accepted,,655897724,655899691693184,12
tf_policy_elo_616bc2f2_phase7_random_to40_2026-08-20,animal-cycle-random-7x7_g98_vs_g97.jsonl,animal-cycle-random-7x7,animal-cycle,random-start,7x7,tf:97,tf:98,false,p2,accepted,,655897724,655899691693185,13
tf_policy_elo_616bc2f2_phase7_random_to40_2026-08-20,animal-cycle-random-7x7_g98_vs_g97.jsonl,animal-cycle-random-7x7,animal-cycle,random-start,7x7,tf:98,tf:97,true,p1,accepted,,655897724,655899691693186,14
tf_policy_elo_616bc2f2_phase7_random_to40_2026-08-20,animal-cycle-random-7x7_g98_vs_g97.jsonl,animal-cycle-random-7x7,animal-cycle,random-start,7x7,tf:97,tf:98,false,p2,accepted,,655897724,655899691693187,15
tf_policy_elo_616bc2f2_phase7_random_to40_2026-08-20,animal-cycle-random-7x7_g98_vs_g97.jsonl,animal-cycle-random-7x7,animal-cycle,random-start,7x7,tf:98,tf:97,true,p1,accepted,,655897724,655899691693188,16
tf_policy_elo_616bc2f2_phase7_random_to40_2026-08-20,animal-cycle-random-7x7_g98_vs_g97.jsonl,animal-cycle-random-7x7,animal-cycle,random-start,7x7,tf:97,tf:98,false,p2,accepted,,655897724,655899691693189,17
tf_policy_elo_616bc2f2_phase7_random_to40_2026-08-20,animal-cycle-random-7x7_g98_vs_g97.jsonl,animal-cycle-random-7x7,animal-cycle,random-start,7x7,tf:98,tf:97,true,p1,accepted,,655897724,655899691693190,18
tf_policy_elo_616bc2f2_phase7_random_to40_2026-08-20,animal-cycle-random-7x7_g98_vs_g97.jsonl,animal-cycle-random-7x7,animal-cycle,random-start,7x7,tf:97,tf:98,false,p2,accepted,,655897724,655899691693191,19
tf_policy_elo_616bc2f2_phase7_random_to40_2026-08-20,animal-cycle-random-7x7_g98_vs_g97.jsonl,animal-cycle-random-7x7,animal-cycle,random-start,7x7,tf:98,tf:97,true,p1,accepted,,655897724,655899691693192,20
tf_policy_elo_616bc2f2_phase7_random_to40_2026-08-20,animal-cycle-random-7x7_g98_vs_g97.jsonl,animal-cycle-random-7x7,animal-cycle,random-start,7x7,tf:97,tf:98,false,p2,accepted,,655897724,655899691693193,21
tf_policy_elo_616bc2f2_phase7_random_to40_2026-08-20,animal-cycle-random-7x7_g98_vs_g97.jsonl,animal-cycle-random-7x7,animal-cycle,random-start,7x7,tf:98,tf:97,true,p1,accepted,,655897724,655899691693194,22
tf_policy_elo_616bc2f2_phase7_random_to40_2026-08-20,animal-cycle-random-7x7_g98_vs_g97.jsonl,animal-cycle-random-7x7,animal-cycle,random-start,7x7,tf:97,tf:98,false,p2,accepted,,655897724,655899691693195,23
tf_policy_elo_616bc2f2_phase7_random_to40_2026-08-20,animal-cycle-random-7x7_g98_vs_g97.jsonl,animal-cycle-random-7x7,animal-cycle,random-start,7x7,tf:98,tf:97,true,p1,accepted,,655897724,655899691693196,24
tf_policy_elo_616bc2f2_phase7_random_to40_2026-08-20,animal-cycle-random-7x7_g98_vs_g97.jsonl,animal-cycle-random-7x7,animal-cycle,random-start,7x7,tf:97,tf:98,false,p2,accepted,,655897724,655899691693197,25
tf_policy_elo_616bc2f2_phase7_random_to40_2026-08-20,animal-cycle-random-7x7_g98_vs_g97.jsonl,animal-cycle-random-7x7,animal-cycle,random-start,7x7,tf:98,tf:97,true,p1,accepted,,655897724,655899691693198,26
tf_policy_elo_616bc2f2_phase7_random_to40_2026-08-20,animal-cycle-random-7x7_g98_vs_g97.jsonl,animal-cycle-random-7x7,animal-cycle,random-start,7x7,tf:97,tf:98,false,p1,accepted,,655897724,655899691693199,27
tf_policy_elo_616bc2f2_phase7_random_to40_2026-08-20,animal-cycle-random-7x7_g99_vs_g93.jsonl,animal-cycle-random-7x7,animal-cycle,random-start,7x7,tf:99,tf:93,true,p1,accepted,,655993724,655995691981172,0
tf_policy_elo_616bc2f2_phase7_random_to40_2026-08-20,animal-cycle-random-7x7_g99_vs_g93.jsonl,animal-cycle-random-7x7,animal-cycle,random-start,7x7,tf:93,tf:99,false,p2,accepted,,655993724,655995691981173,1
tf_policy_elo_616bc2f2_phase7_random_to40_2026-08-20,animal-cycle-random-7x7_g99_vs_g93.jsonl,animal-cycle-random-7x7,animal-cycle,random-start,7x7,tf:99,tf:93,true,p1,accepted,,655993724,655995691981174,2
tf_policy_elo_616bc2f2_phase7_random_to40_2026-08-20,animal-cycle-random-7x7_g99_vs_g93.jsonl,animal-cycle-random-7x7,animal-cycle,random-start,7x7,tf:93,tf:99,false,p2,accepted,,655993724,655995691981175,3
tf_policy_elo_616bc2f2_phase7_random_to40_2026-08-20,animal-cycle-random-7x7_g99_vs_g93.jsonl,animal-cycle-random-7x7,animal-cycle,random-start,7x7,tf:99,tf:93,true,p1,accepted,,655993724,655995691981176,4
tf_policy_elo_616bc2f2_phase7_random_to40_2026-08-20,animal-cycle-random-7x7_g99_vs_g93.jsonl,animal-cycle-random-7x7,animal-cycle,random-start,7x7,tf:93,tf:99,false,p2,accepted,,655993724,655995691981177,5
tf_policy_elo_616bc2f2_phase7_random_to40_2026-08-20,animal-cycle-random-7x7_g99_vs_g93.jsonl,animal-cycle-random-7x7,animal-cycle,random-start,7x7,tf:99,tf:93,true,p2,accepted,,655993724,655995691981178,6
tf_policy_elo_616bc2f2_phase7_random_to40_2026-08-20,animal-cycle-random-7x7_g99_vs_g93.jsonl,animal-cycle-random-7x7,animal-cycle,random-start,7x7,tf:93,tf:99,false,p2,accepted,,655993724,655995691981179,7
tf_policy_elo_616bc2f2_phase7_random_to40_2026-08-20,animal-cycle-random-7x7_g99_vs_g93.jsonl,animal-cycle-random-7x7,animal-cycle,random-start,7x7,tf:99,tf:93,true,p1,accepted,,655993724,655995691981180,8
tf_policy_elo_616bc2f2_phase7_random_to40_2026-08-20,animal-cycle-random-7x7_g99_vs_g93.jsonl,animal-cycle-random-7x7,animal-cycle,random-start,7x7,tf:93,tf:99,false,p2,accepted,,655993724,655995691981181,9
tf_policy_elo_616bc2f2_phase7_random_to40_2026-08-20,animal-cycle-random-7x7_g99_vs_g93.jsonl,animal-cycle-random-7x7,animal-cycle,random-start,7x7,tf:99,tf:93,true,p1,accepted,,655993724,655995691981182,10
tf_policy_elo_616bc2f2_phase7_random_to40_2026-08-20,animal-cycle-random-7x7_g99_vs_g93.jsonl,animal-cycle-random-7x7,animal-cycle,random-start,7x7,tf:93,tf:99,false,p2,accepted,,655993724,655995691981183,11
tf_policy_elo_616bc2f2_phase7_random_to40_2026-08-20,animal-cycle-random-7x7_g99_vs_g93.jsonl,animal-cycle-random-7x7,animal-cycle,random-start,7x7,tf:99,tf:93,true,p1,accepted,,655993724,655995691981184,12
tf_policy_elo_616bc2f2_phase7_random_to40_2026-08-20,animal-cycle-random-7x7_g99_vs_g93.jsonl,animal-cycle-random-7x7,animal-cycle,random-start,7x7,tf:93,tf:99,false,p2,accepted,,655993724,655995691981185,13
tf_policy_elo_616bc2f2_phase7_random_to40_2026-08-20,animal-cycle-random-7x7_g99_vs_g93.jsonl,animal-cycle-random-7x7,animal-cycle,random-start,7x7,tf:99,tf:93,true,p1,accepted,,655993724,655995691981186,14
tf_policy_elo_616bc2f2_phase7_random_to40_2026-08-20,animal-cycle-random-7x7_g99_vs_g93.jsonl,animal-cycle-random-7x7,animal-cycle,random-start,7x7,tf:93,tf:99,false,p2,accepted,,655993724,655995691981187,15
tf_policy_elo_616bc2f2_phase7_random_to40_2026-08-20,animal-cycle-random-7x7_g99_vs_g93.jsonl,animal-cycle-random-7x7,animal-cycle,random-start,7x7,tf:99,tf:93,true,p1,accepted,,655993724,655995691981188,16
tf_policy_elo_616bc2f2_phase7_random_to40_2026-08-20,animal-cycle-random-7x7_g99_vs_g93.jsonl,animal-cycle-random-7x7,animal-cycle,random-start,7x7,tf:93,tf:99,false,p2,accepted,,655993724,655995691981189,17
tf_policy_elo_616bc2f2_phase7_random_to40_2026-08-20,animal-cycle-random-7x7_g99_vs_g93.jsonl,animal-cycle-random-7x7,animal-cycle,random-start,7x7,tf:99,tf:93,true,p1,accepted,,655993724,655995691981190,18
tf_policy_elo_616bc2f2_phase7_random_to40_2026-08-20,animal-cycle-random-7x7_g99_vs_g93.jsonl,animal-cycle-random-7x7,animal-cycle,random-start,7x7,tf:93,tf:99,false,p2,accepted,,655993724,655995691981191,19
tf_policy_elo_616bc2f2_phase7_random_to40_2026-08-20,animal-cycle-random-7x7_g99_vs_g93.jsonl,animal-cycle-random-7x7,animal-cycle,random-start,7x7,tf:99,tf:93,true,p1,accepted,,655993724,655995691981192,20
tf_policy_elo_616bc2f2_phase7_random_to40_2026-08-20,animal-cycle-random-7x7_g99_vs_g93.jsonl,animal-cycle-random-7x7,animal-cycle,random-start,7x7,tf:93,tf:99,false,p2,accepted,,655993724,655995691981193,21
tf_policy_elo_616bc2f2_phase7_random_to40_2026-08-20,animal-cycle-random-7x7_g99_vs_g93.jsonl,animal-cycle-random-7x7,animal-cycle,random-start,7x7,tf:99,tf:93,true,p2,accepted,,655993724,655995691981194,22
tf_policy_elo_616bc2f2_phase7_random_to40_2026-08-20,animal-cycle-random-7x7_g99_vs_g93.jsonl,animal-cycle-random-7x7,animal-cycle,random-start,7x7,tf:93,tf:99,false,p2,accepted,,655993724,655995691981195,23
tf_policy_elo_616bc2f2_phase7_random_to40_2026-08-20,animal-cycle-random-7x7_g99_vs_g93.jsonl,animal-cycle-random-7x7,animal-cycle,random-start,7x7,tf:99,tf:93,true,p1,accepted,,655993724,655995691981196,24
tf_policy_elo_616bc2f2_phase7_random_to40_2026-08-20,animal-cycle-random-7x7_g99_vs_g93.jsonl,animal-cycle-random-7x7,animal-cycle,random-start,7x7,tf:93,tf:99,false,p2,accepted,,655993724,655995691981197,25
tf_policy_elo_616bc2f2_phase7_random_to40_2026-08-20,animal-cycle-random-7x7_g99_vs_g93.jsonl,animal-cycle-random-7x7,animal-cycle,random-start,7x7,tf:99,tf:93,true,p2,accepted,,655993724,655995691981198,26
tf_policy_elo_616bc2f2_phase7_random_to40_2026-08-20,animal-cycle-random-7x7_g99_vs_g93.jsonl,animal-cycle-random-7x7,animal-cycle,random-start,7x7,tf:93,tf:99,false,p2,accepted,,655993724,655995691981199,27
tf_policy_elo_616bc2f2_phase7_random_to40_2026-08-20,animal-cycle-random-7x7_g99_vs_g96.jsonl,animal-cycle-random-7x7,animal-cycle,random-start,7x7,tf:99,tf:96,true,p1,accepted,,655996724,655998691990172,0
tf_policy_elo_616bc2f2_phase7_random_to40_2026-08-20,animal-cycle-random-7x7_g99_vs_g96.jsonl,animal-cycle-random-7x7,animal-cycle,random-start,7x7,tf:96,tf:99,false,p2,accepted,,655996724,655998691990173,1
tf_policy_elo_616bc2f2_phase7_random_to40_2026-08-20,animal-cycle-random-7x7_g99_vs_g96.jsonl,animal-cycle-random-7x7,animal-cycle,random-start,7x7,tf:99,tf:96,true,p2,accepted,,655996724,655998691990174,2
tf_policy_elo_616bc2f2_phase7_random_to40_2026-08-20,animal-cycle-random-7x7_g99_vs_g96.jsonl,animal-cycle-random-7x7,animal-cycle,random-start,7x7,tf:96,tf:99,false,p2,accepted,,655996724,655998691990175,3
tf_policy_elo_616bc2f2_phase7_random_to40_2026-08-20,animal-cycle-random-7x7_g99_vs_g96.jsonl,animal-cycle-random-7x7,animal-cycle,random-start,7x7,tf:99,tf:96,true,p2,accepted,,655996724,655998691990176,4
tf_policy_elo_616bc2f2_phase7_random_to40_2026-08-20,animal-cycle-random-7x7_g99_vs_g96.jsonl,animal-cycle-random-7x7,animal-cycle,random-start,7x7,tf:96,tf:99,false,p2,accepted,,655996724,655998691990177,5
tf_policy_elo_616bc2f2_phase7_random_to40_2026-08-20,animal-cycle-random-7x7_g99_vs_g96.jsonl,animal-cycle-random-7x7,animal-cycle,random-start,7x7,tf:99,tf:96,true,p1,accepted,,655996724,655998691990178,6
tf_policy_elo_616bc2f2_phase7_random_to40_2026-08-20,animal-cycle-random-7x7_g99_vs_g96.jsonl,animal-cycle-random-7x7,animal-cycle,random-start,7x7,tf:96,tf:99,false,p2,accepted,,655996724,655998691990179,7
tf_policy_elo_616bc2f2_phase7_random_to40_2026-08-20,animal-cycle-random-7x7_g99_vs_g96.jsonl,animal-cycle-random-7x7,animal-cycle,random-start,7x7,tf:99,tf:96,true,p2,accepted,,655996724,655998691990180,8
tf_policy_elo_616bc2f2_phase7_random_to40_2026-08-20,animal-cycle-random-7x7_g99_vs_g96.jsonl,animal-cycle-random-7x7,animal-cycle,random-start,7x7,tf:96,tf:99,false,p1,accepted,,655996724,655998691990181,9
tf_policy_elo_616bc2f2_phase7_random_to40_2026-08-20,animal-cycle-random-7x7_g99_vs_g96.jsonl,animal-cycle-random-7x7,animal-cycle,random-start,7x7,tf:99,tf:96,true,p1,accepted,,655996724,655998691990182,10
tf_policy_elo_616bc2f2_phase7_random_to40_2026-08-20,animal-cycle-random-7x7_g99_vs_g96.jsonl,animal-cycle-random-7x7,animal-cycle,random-start,7x7,tf:96,tf:99,false,p2,accepted,,655996724,655998691990183,11
tf_policy_elo_616bc2f2_phase7_random_to40_2026-08-20,animal-cycle-random-7x7_g99_vs_g96.jsonl,animal-cycle-random-7x7,animal-cycle,random-start,7x7,tf:99,tf:96,true,p1,accepted,,655996724,655998691990184,12
tf_policy_elo_616bc2f2_phase7_random_to40_2026-08-20,animal-cycle-random-7x7_g99_vs_g96.jsonl,animal-cycle-random-7x7,animal-cycle,random-start,7x7,tf:96,tf:99,false,p2,accepted,,655996724,655998691990185,13
tf_policy_elo_616bc2f2_phase7_random_to40_2026-08-20,animal-cycle-random-7x7_g99_vs_g96.jsonl,animal-cycle-random-7x7,animal-cycle,random-start,7x7,tf:99,tf:96,true,p1,accepted,,655996724,655998691990186,14
tf_policy_elo_616bc2f2_phase7_random_to40_2026-08-20,animal-cycle-random-7x7_g99_vs_g96.jsonl,animal-cycle-random-7x7,animal-cycle,random-start,7x7,tf:96,tf:99,false,p2,accepted,,655996724,655998691990187,15
tf_policy_elo_616bc2f2_phase7_random_to40_2026-08-20,animal-cycle-random-7x7_g99_vs_g96.jsonl,animal-cycle-random-7x7,animal-cycle,random-start,7x7,tf:99,tf:96,true,p1,accepted,,655996724,655998691990188,16
tf_policy_elo_616bc2f2_phase7_random_to40_2026-08-20,animal-cycle-random-7x7_g99_vs_g96.jsonl,animal-cycle-random-7x7,animal-cycle,random-start,7x7,tf:96,tf:99,false,p2,accepted,,655996724,655998691990189,17
tf_policy_elo_616bc2f2_phase7_random_to40_2026-08-20,animal-cycle-random-7x7_g99_vs_g96.jsonl,animal-cycle-random-7x7,animal-cycle,random-start,7x7,tf:99,tf:96,true,p1,accepted,,655996724,655998691990190,18
tf_policy_elo_616bc2f2_phase7_random_to40_2026-08-20,animal-cycle-random-7x7_g99_vs_g96.jsonl,animal-cycle-random-7x7,animal-cycle,random-start,7x7,tf:96,tf:99,false,p1,accepted,,655996724,655998691990191,19
tf_policy_elo_616bc2f2_phase7_random_to40_2026-08-20,animal-cycle-random-7x7_g99_vs_g96.jsonl,animal-cycle-random-7x7,animal-cycle,random-start,7x7,tf:99,tf:96,true,p1,accepted,,655996724,655998691990192,20
tf_policy_elo_616bc2f2_phase7_random_to40_2026-08-20,animal-cycle-random-7x7_g99_vs_g96.jsonl,animal-cycle-random-7x7,animal-cycle,random-start,7x7,tf:96,tf:99,false,p2,accepted,,655996724,655998691990193,21
tf_policy_elo_616bc2f2_phase7_random_to40_2026-08-20,animal-cycle-random-7x7_g99_vs_g96.jsonl,animal-cycle-random-7x7,animal-cycle,random-start,7x7,tf:99,tf:96,true,p1,accepted,,655996724,655998691990194,22
tf_policy_elo_616bc2f2_phase7_random_to40_2026-08-20,animal-cycle-random-7x7_g99_vs_g96.jsonl,animal-cycle-random-7x7,animal-cycle,random-start,7x7,tf:96,tf:99,false,p2,accepted,,655996724,655998691990195,23
tf_policy_elo_616bc2f2_phase7_random_to40_2026-08-20,animal-cycle-random-7x7_g99_vs_g96.jsonl,animal-cycle-random-7x7,animal-cycle,random-start,7x7,tf:99,tf:96,true,p2,accepted,,655996724,655998691990196,24
tf_policy_elo_616bc2f2_phase7_random_to40_2026-08-20,animal-cycle-random-7x7_g99_vs_g96.jsonl,animal-cycle-random-7x7,animal-cycle,random-start,7x7,tf:96,tf:99,false,p2,accepted,,655996724,655998691990197,25
tf_policy_elo_616bc2f2_phase7_random_to40_2026-08-20,animal-cycle-random-7x7_g99_vs_g96.jsonl,animal-cycle-random-7x7,animal-cycle,random-start,7x7,tf:99,tf:96,true,p2,accepted,,655996724,655998691990198,26
tf_policy_elo_616bc2f2_phase7_random_to40_2026-08-20,animal-cycle-random-7x7_g99_vs_g96.jsonl,animal-cycle-random-7x7,animal-cycle,random-start,7x7,tf:96,tf:99,false,p2,accepted,,655996724,655998691990199,27
tf_policy_elo_616bc2f2_phase7_random_to40_2026-08-20,animal-cycle-random-7x7_g99_vs_g98.jsonl,animal-cycle-random-7x7,animal-cycle,random-start,7x7,tf:99,tf:98,true,p1,accepted,,655998724,656000691996172,0
tf_policy_elo_616bc2f2_phase7_random_to40_2026-08-20,animal-cycle-random-7x7_g99_vs_g98.jsonl,animal-cycle-random-7x7,animal-cycle,random-start,7x7,tf:98,tf:99,false,p1,accepted,,655998724,656000691996173,1
tf_policy_elo_616bc2f2_phase7_random_to40_2026-08-20,animal-cycle-random-7x7_g99_vs_g98.jsonl,animal-cycle-random-7x7,animal-cycle,random-start,7x7,tf:99,tf:98,true,p2,accepted,,655998724,656000691996174,2
tf_policy_elo_616bc2f2_phase7_random_to40_2026-08-20,animal-cycle-random-7x7_g99_vs_g98.jsonl,animal-cycle-random-7x7,animal-cycle,random-start,7x7,tf:98,tf:99,false,p2,accepted,,655998724,656000691996175,3
tf_policy_elo_616bc2f2_phase7_random_to40_2026-08-20,animal-cycle-random-7x7_g99_vs_g98.jsonl,animal-cycle-random-7x7,animal-cycle,random-start,7x7,tf:99,tf:98,true,p2,accepted,,655998724,656000691996176,4
tf_policy_elo_616bc2f2_phase7_random_to40_2026-08-20,animal-cycle-random-7x7_g99_vs_g98.jsonl,animal-cycle-random-7x7,animal-cycle,random-start,7x7,tf:98,tf:99,false,p2,accepted,,655998724,656000691996177,5
tf_policy_elo_616bc2f2_phase7_random_to40_2026-08-20,animal-cycle-random-7x7_g99_vs_g98.jsonl,animal-cycle-random-7x7,animal-cycle,random-start,7x7,tf:99,tf:98,true,p2,accepted,,655998724,656000691996178,6
tf_policy_elo_616bc2f2_phase7_random_to40_2026-08-20,animal-cycle-random-7x7_g99_vs_g98.jsonl,animal-cycle-random-7x7,animal-cycle,random-start,7x7,tf:98,tf:99,false,p1,accepted,,655998724,656000691996179,7
tf_policy_elo_616bc2f2_phase7_random_to40_2026-08-20,animal-cycle-random-7x7_g99_vs_g98.jsonl,animal-cycle-random-7x7,animal-cycle,random-start,7x7,tf:99,tf:98,true,p1,accepted,,655998724,656000691996180,8
tf_policy_elo_616bc2f2_phase7_random_to40_2026-08-20,animal-cycle-random-7x7_g99_vs_g98.jsonl,animal-cycle-random-7x7,animal-cycle,random-start,7x7,tf:98,tf:99,false,p2,accepted,,655998724,656000691996181,9
tf_policy_elo_616bc2f2_phase7_random_to40_2026-08-20,animal-cycle-random-7x7_g99_vs_g98.jsonl,animal-cycle-random-7x7,animal-cycle,random-start,7x7,tf:99,tf:98,true,p2,accepted,,655998724,656000691996182,10
tf_policy_elo_616bc2f2_phase7_random_to40_2026-08-20,animal-cycle-random-7x7_g99_vs_g98.jsonl,animal-cycle-random-7x7,animal-cycle,random-start,7x7,tf:98,tf:99,false,p2,accepted,,655998724,656000691996183,11
tf_policy_elo_616bc2f2_phase7_random_to40_2026-08-20,animal-cycle-random-7x7_g99_vs_g98.jsonl,animal-cycle-random-7x7,animal-cycle,random-start,7x7,tf:99,tf:98,true,p2,accepted,,655998724,656000691996184,12
tf_policy_elo_616bc2f2_phase7_random_to40_2026-08-20,animal-cycle-random-7x7_g99_vs_g98.jsonl,animal-cycle-random-7x7,animal-cycle,random-start,7x7,tf:98,tf:99,false,p1,accepted,,655998724,656000691996185,13
tf_policy_elo_616bc2f2_phase7_random_to40_2026-08-20,animal-cycle-random-7x7_g99_vs_g98.jsonl,animal-cycle-random-7x7,animal-cycle,random-start,7x7,tf:99,tf:98,true,p1,accepted,,655998724,656000691996186,14
tf_policy_elo_616bc2f2_phase7_random_to40_2026-08-20,animal-cycle-random-7x7_g99_vs_g98.jsonl,animal-cycle-random-7x7,animal-cycle,random-start,7x7,tf:98,tf:99,false,p2,accepted,,655998724,656000691996187,15
tf_policy_elo_616bc2f2_phase7_random_to40_2026-08-20,animal-cycle-random-7x7_g99_vs_g98.jsonl,animal-cycle-random-7x7,animal-cycle,random-start,7x7,tf:99,tf:98,true,p2,accepted,,655998724,656000691996188,16
tf_policy_elo_616bc2f2_phase7_random_to40_2026-08-20,animal-cycle-random-7x7_g99_vs_g98.jsonl,animal-cycle-random-7x7,animal-cycle,random-start,7x7,tf:98,tf:99,false,p1,accepted,,655998724,656000691996189,17
tf_policy_elo_616bc2f2_phase7_random_to40_2026-08-20,animal-cycle-random-7x7_g99_vs_g98.jsonl,animal-cycle-random-7x7,animal-cycle,random-start,7x7,tf:99,tf:98,true,p1,accepted,,655998724,656000691996190,18
tf_policy_elo_616bc2f2_phase7_random_to40_2026-08-20,animal-cycle-random-7x7_g99_vs_g98.jsonl,animal-cycle-random-7x7,animal-cycle,random-start,7x7,tf:98,tf:99,false,p2,accepted,,655998724,656000691996191,19
tf_policy_elo_616bc2f2_phase7_random_to40_2026-08-20,animal-cycle-random-7x7_g99_vs_g98.jsonl,animal-cycle-random-7x7,animal-cycle,random-start,7x7,tf:99,tf:98,true,p2,accepted,,655998724,656000691996192,20
tf_policy_elo_616bc2f2_phase7_random_to40_2026-08-20,animal-cycle-random-7x7_g99_vs_g98.jsonl,animal-cycle-random-7x7,animal-cycle,random-start,7x7,tf:98,tf:99,false,p1,accepted,,655998724,656000691996193,21
tf_policy_elo_616bc2f2_phase7_random_to40_2026-08-20,animal-cycle-random-7x7_g99_vs_g98.jsonl,animal-cycle-random-7x7,animal-cycle,random-start,7x7,tf:99,tf:98,true,p2,accepted,,655998724,656000691996194,22
tf_policy_elo_616bc2f2_phase7_random_to40_2026-08-20,animal-cycle-random-7x7_g99_vs_g98.jsonl,animal-cycle-random-7x7,animal-cycle,random-start,7x7,tf:98,tf:99,false,p2,accepted,,655998724,656000691996195,23
tf_policy_elo_616bc2f2_phase7_random_to40_2026-08-20,animal-cycle-random-7x7_g99_vs_g98.jsonl,animal-cycle-random-7x7,animal-cycle,random-start,7x7,tf:99,tf:98,true,p2,accepted,,655998724,656000691996196,24
tf_policy_elo_616bc2f2_phase7_random_to40_2026-08-20,animal-cycle-random-7x7_g99_vs_g98.jsonl,animal-cycle-random-7x7,animal-cycle,random-start,7x7,tf:98,tf:99,false,p2,accepted,,655998724,656000691996197,25
tf_policy_elo_616bc2f2_phase7_random_to40_2026-08-20,animal-cycle-random-7x7_g99_vs_g98.jsonl,animal-cycle-random-7x7,animal-cycle,random-start,7x7,tf:99,tf:98,true,p1,accepted,,655998724,656000691996198,26
tf_policy_elo_616bc2f2_phase7_random_to40_2026-08-20,animal-cycle-random-7x7_g99_vs_g98.jsonl,animal-cycle-random-7x7,animal-cycle,random-start,7x7,tf:98,tf:99,false,p1,accepted,,655998724,656000691996199,27
tf_policy_elo_616bc2f2_phase7_random_to40_2026-08-20,classic-random-12x10_g113_vs_g110.jsonl,classic-random-12x10,classic,random-start,12x10,tf:113,tf:110,true,p2,accepted,,657410267,657412239230801,0
tf_policy_elo_616bc2f2_phase7_random_to40_2026-08-20,classic-random-12x10_g113_vs_g110.jsonl,classic-random-12x10,classic,random-start,12x10,tf:110,tf:113,false,p1,accepted,,657410267,657412239230802,1
tf_policy_elo_616bc2f2_phase7_random_to40_2026-08-20,classic-random-8x8_g100_vs_g94.jsonl,classic-random-8x8,classic,random-start,8x8,tf:100,tf:94,true,p1,accepted,,656094338,656096306283014,0
tf_policy_elo_616bc2f2_phase7_random_to40_2026-08-20,classic-random-8x8_g100_vs_g94.jsonl,classic-random-8x8,classic,random-start,8x8,tf:94,tf:100,false,p1,accepted,,656094338,656096306283015,1
tf_policy_elo_616bc2f2_phase7_random_to40_2026-08-20,classic-random-8x8_g100_vs_g94.jsonl,classic-random-8x8,classic,random-start,8x8,tf:100,tf:94,true,p1,accepted,,656094338,656096306283016,2
tf_policy_elo_616bc2f2_phase7_random_to40_2026-08-20,classic-random-8x8_g100_vs_g94.jsonl,classic-random-8x8,classic,random-start,8x8,tf:94,tf:100,false,p1,accepted,,656094338,656096306283017,3
tf_policy_elo_616bc2f2_phase7_random_to40_2026-08-20,classic-random-8x8_g100_vs_g94.jsonl,classic-random-8x8,classic,random-start,8x8,tf:100,tf:94,true,p2,accepted,,656094338,656096306283018,4
tf_policy_elo_616bc2f2_phase7_random_to40_2026-08-20,classic-random-8x8_g100_vs_g94.jsonl,classic-random-8x8,classic,random-start,8x8,tf:94,tf:100,false,p1,accepted,,656094338,656096306283019,5
tf_policy_elo_616bc2f2_phase7_random_to40_2026-08-20,classic-random-8x8_g100_vs_g94.jsonl,classic-random-8x8,classic,random-start,8x8,tf:100,tf:94,true,p1,accepted,,656094338,656096306283020,6
tf_policy_elo_616bc2f2_phase7_random_to40_2026-08-20,classic-random-8x8_g100_vs_g94.jsonl,classic-random-8x8,classic,random-start,8x8,tf:94,tf:100,false,p2,accepted,,656094338,656096306283021,7
tf_policy_elo_616bc2f2_phase7_random_to40_2026-08-20,classic-random-8x8_g100_vs_g94.jsonl,classic-random-8x8,classic,random-start,8x8,tf:100,tf:94,true,p1,accepted,,656094338,656096306283022,8
tf_policy_elo_616bc2f2_phase7_random_to40_2026-08-20,classic-random-8x8_g100_vs_g94.jsonl,classic-random-8x8,classic,random-start,8x8,tf:94,tf:100,false,p2,accepted,,656094338,656096306283023,9
tf_policy_elo_616bc2f2_phase7_random_to40_2026-08-20,classic-random-8x8_g100_vs_g94.jsonl,classic-random-8x8,classic,random-start,8x8,tf:100,tf:94,true,p1,accepted,,656094338,656096306283024,10
tf_policy_elo_616bc2f2_phase7_random_to40_2026-08-20,classic-random-8x8_g100_vs_g94.jsonl,classic-random-8x8,classic,random-start,8x8,tf:94,tf:100,false,p1,accepted,,656094338,656096306283025,11
tf_policy_elo_616bc2f2_phase7_random_to40_2026-08-20,classic-random-8x8_g100_vs_g94.jsonl,classic-random-8x8,classic,random-start,8x8,tf:100,tf:94,true,p1,accepted,,656094338,656096306283026,12
tf_policy_elo_616bc2f2_phase7_random_to40_2026-08-20,classic-random-8x8_g100_vs_g94.jsonl,classic-random-8x8,classic,random-start,8x8,tf:94,tf:100,false,p1,accepted,,656094338,656096306283027,13
tf_policy_elo_616bc2f2_phase7_random_to40_2026-08-20,classic-random-8x8_g100_vs_g94.jsonl,classic-random-8x8,classic,random-start,8x8,tf:100,tf:94,true,p1,accepted,,656094338,656096306283028,14
tf_policy_elo_616bc2f2_phase7_random_to40_2026-08-20,classic-random-8x8_g100_vs_g94.jsonl,classic-random-8x8,classic,random-start,8x8,tf:94,tf:100,false,p1,accepted,,656094338,656096306283029,15
tf_policy_elo_616bc2f2_phase7_random_to40_2026-08-20,classic-random-8x8_g100_vs_g94.jsonl,classic-random-8x8,classic,random-start,8x8,tf:100,tf:94,true,p2,accepted,,656094338,656096306283030,16
tf_policy_elo_616bc2f2_phase7_random_to40_2026-08-20,classic-random-8x8_g100_vs_g94.jsonl,classic-random-8x8,classic,random-start,8x8,tf:94,tf:100,false,p1,accepted,,656094338,656096306283031,17
tf_policy_elo_616bc2f2_phase7_random_to40_2026-08-20,classic-random-8x8_g100_vs_g94.jsonl,classic-random-8x8,classic,random-start,8x8,tf:100,tf:94,true,p2,accepted,,656094338,656096306283032,18
tf_policy_elo_616bc2f2_phase7_random_to40_2026-08-20,classic-random-8x8_g100_vs_g94.jsonl,classic-random-8x8,classic,random-start,8x8,tf:94,tf:100,false,p1,accepted,,656094338,656096306283033,19
tf_policy_elo_616bc2f2_phase7_random_to40_2026-08-20,classic-random-8x8_g100_vs_g94.jsonl,classic-random-8x8,classic,random-start,8x8,tf:100,tf:94,true,p2,accepted,,656094338,656096306283034,20
tf_policy_elo_616bc2f2_phase7_random_to40_2026-08-20,classic-random-8x8_g100_vs_g94.jsonl,classic-random-8x8,classic,random-start,8x8,tf:94,tf:100,false,p1,accepted,,656094338,656096306283035,21
tf_policy_elo_616bc2f2_phase7_random_to40_2026-08-20,classic-random-8x8_g100_vs_g94.jsonl,classic-random-8x8,classic,random-start,8x8,tf:100,tf:94,true,p1,accepted,,656094338,656096306283036,22
tf_policy_elo_616bc2f2_phase7_random_to40_2026-08-20,classic-random-8x8_g100_vs_g94.jsonl,classic-random-8x8,classic,random-start,8x8,tf:94,tf:100,false,p1,accepted,,656094338,656096306283037,23
tf_policy_elo_616bc2f2_phase7_random_to40_2026-08-20,classic-random-8x8_g100_vs_g94.jsonl,classic-random-8x8,classic,random-start,8x8,tf:100,tf:94,true,p2,accepted,,656094338,656096306283038,24
tf_policy_elo_616bc2f2_phase7_random_to40_2026-08-20,classic-random-8x8_g100_vs_g94.jsonl,classic-random-8x8,classic,random-start,8x8,tf:94,tf:100,false,p2,accepted,,656094338,656096306283039,25
tf_policy_elo_616bc2f2_phase7_random_to40_2026-08-20,classic-random-8x8_g100_vs_g94.jsonl,classic-random-8x8,classic,random-start,8x8,tf:100,tf:94,true,p1,accepted,,656094338,656096306283040,26
tf_policy_elo_616bc2f2_phase7_random_to40_2026-08-20,classic-random-8x8_g100_vs_g94.jsonl,classic-random-8x8,classic,random-start,8x8,tf:94,tf:100,false,p1,accepted,,656094338,656096306283041,27
tf_policy_elo_616bc2f2_phase7_random_to40_2026-08-20,classic-random-8x8_g100_vs_g97.jsonl,classic-random-8x8,classic,random-start,8x8,tf:100,tf:97,true,p1,accepted,,656097338,656099306292014,0
tf_policy_elo_616bc2f2_phase7_random_to40_2026-08-20,classic-random-8x8_g100_vs_g97.jsonl,classic-random-8x8,classic,random-start,8x8,tf:97,tf:100,false,p2,accepted,,656097338,656099306292015,1
tf_policy_elo_616bc2f2_phase7_random_to40_2026-08-20,classic-random-8x8_g100_vs_g97.jsonl,classic-random-8x8,classic,random-start,8x8,tf:100,tf:97,true,p1,accepted,,656097338,656099306292016,2
tf_policy_elo_616bc2f2_phase7_random_to40_2026-08-20,classic-random-8x8_g100_vs_g97.jsonl,classic-random-8x8,classic,random-start,8x8,tf:97,tf:100,false,p1,accepted,,656097338,656099306292017,3
tf_policy_elo_616bc2f2_phase7_random_to40_2026-08-20,classic-random-8x8_g100_vs_g97.jsonl,classic-random-8x8,classic,random-start,8x8,tf:100,tf:97,true,p1,accepted,,656097338,656099306292018,4
tf_policy_elo_616bc2f2_phase7_random_to40_2026-08-20,classic-random-8x8_g100_vs_g97.jsonl,classic-random-8x8,classic,random-start,8x8,tf:97,tf:100,false,p1,accepted,,656097338,656099306292019,5
tf_policy_elo_616bc2f2_phase7_random_to40_2026-08-20,classic-random-8x8_g100_vs_g97.jsonl,classic-random-8x8,classic,random-start,8x8,tf:100,tf:97,true,p1,accepted,,656097338,656099306292020,6
tf_policy_elo_616bc2f2_phase7_random_to40_2026-08-20,classic-random-8x8_g100_vs_g97.jsonl,classic-random-8x8,classic,random-start,8x8,tf:97,tf:100,false,p2,accepted,,656097338,656099306292021,7
tf_policy_elo_616bc2f2_phase7_random_to40_2026-08-20,classic-random-8x8_g100_vs_g97.jsonl,classic-random-8x8,classic,random-start,8x8,tf:100,tf:97,true,p2,accepted,,656097338,656099306292022,8
tf_policy_elo_616bc2f2_phase7_random_to40_2026-08-20,classic-random-8x8_g100_vs_g97.jsonl,classic-random-8x8,classic,random-start,8x8,tf:97,tf:100,false,p1,accepted,,656097338,656099306292023,9
tf_policy_elo_616bc2f2_phase7_random_to40_2026-08-20,classic-random-8x8_g100_vs_g97.jsonl,classic-random-8x8,classic,random-start,8x8,tf:100,tf:97,true,p1,accepted,,656097338,656099306292024,10
tf_policy_elo_616bc2f2_phase7_random_to40_2026-08-20,classic-random-8x8_g100_vs_g97.jsonl,classic-random-8x8,classic,random-start,8x8,tf:97,tf:100,false,p2,accepted,,656097338,656099306292025,11
tf_policy_elo_616bc2f2_phase7_random_to40_2026-08-20,classic-random-8x8_g100_vs_g97.jsonl,classic-random-8x8,classic,random-start,8x8,tf:100,tf:97,true,p1,accepted,,656097338,656099306292026,12
tf_policy_elo_616bc2f2_phase7_random_to40_2026-08-20,classic-random-8x8_g100_vs_g97.jsonl,classic-random-8x8,classic,random-start,8x8,tf:97,tf:100,false,p2,accepted,,656097338,656099306292027,13
tf_policy_elo_616bc2f2_phase7_random_to40_2026-08-20,classic-random-8x8_g100_vs_g97.jsonl,classic-random-8x8,classic,random-start,8x8,tf:100,tf:97,true,p1,accepted,,656097338,656099306292028,14
tf_policy_elo_616bc2f2_phase7_random_to40_2026-08-20,classic-random-8x8_g100_vs_g97.jsonl,classic-random-8x8,classic,random-start,8x8,tf:97,tf:100,false,p1,accepted,,656097338,656099306292029,15
tf_policy_elo_616bc2f2_phase7_random_to40_2026-08-20,classic-random-8x8_g100_vs_g97.jsonl,classic-random-8x8,classic,random-start,8x8,tf:100,tf:97,true,p2,accepted,,656097338,656099306292030,16
tf_policy_elo_616bc2f2_phase7_random_to40_2026-08-20,classic-random-8x8_g100_vs_g97.jsonl,classic-random-8x8,classic,random-start,8x8,tf:97,tf:100,false,p2,accepted,,656097338,656099306292031,17
tf_policy_elo_616bc2f2_phase7_random_to40_2026-08-20,classic-random-8x8_g100_vs_g97.jsonl,classic-random-8x8,classic,random-start,8x8,tf:100,tf:97,true,p2,accepted,,656097338,656099306292032,18
tf_policy_elo_616bc2f2_phase7_random_to40_2026-08-20,classic-random-8x8_g100_vs_g97.jsonl,classic-random-8x8,classic,random-start,8x8,tf:97,tf:100,false,p1,accepted,,656097338,656099306292033,19
tf_policy_elo_616bc2f2_phase7_random_to40_2026-08-20,classic-random-8x8_g100_vs_g97.jsonl,classic-random-8x8,classic,random-start,8x8,tf:100,tf:97,true,p1,accepted,,656097338,656099306292034,20
tf_policy_elo_616bc2f2_phase7_random_to40_2026-08-20,classic-random-8x8_g100_vs_g97.jsonl,classic-random-8x8,classic,random-start,8x8,tf:97,tf:100,false,p1,accepted,,656097338,656099306292035,21
tf_policy_elo_616bc2f2_phase7_random_to40_2026-08-20,classic-random-8x8_g100_vs_g97.jsonl,classic-random-8x8,classic,random-start,8x8,tf:100,tf:97,true,p1,accepted,,656097338,656099306292036,22
tf_policy_elo_616bc2f2_phase7_random_to40_2026-08-20,classic-random-8x8_g100_vs_g97.jsonl,classic-random-8x8,classic,random-start,8x8,tf:97,tf:100,false,p1,accepted,,656097338,656099306292037,23
tf_policy_elo_616bc2f2_phase7_random_to40_2026-08-20,classic-random-8x8_g100_vs_g97.jsonl,classic-random-8x8,classic,random-start,8x8,tf:100,tf:97,true,p1,accepted,,656097338,656099306292038,24
tf_policy_elo_616bc2f2_phase7_random_to40_2026-08-20,classic-random-8x8_g100_vs_g97.jsonl,classic-random-8x8,classic,random-start,8x8,tf:97,tf:100,false,p1,accepted,,656097338,656099306292039,25
tf_policy_elo_616bc2f2_phase7_random_to40_2026-08-20,classic-random-8x8_g100_vs_g97.jsonl,classic-random-8x8,classic,random-start,8x8,tf:100,tf:97,true,p1,accepted,,656097338,656099306292040,26
tf_policy_elo_616bc2f2_phase7_random_to40_2026-08-20,classic-random-8x8_g100_vs_g97.jsonl,classic-random-8x8,classic,random-start,8x8,tf:97,tf:100,false,p1,accepted,,656097338,656099306292041,27
tf_policy_elo_616bc2f2_phase7_random_to40_2026-08-20,classic-random-8x8_g100_vs_g99.jsonl,classic-random-8x8,classic,random-start,8x8,tf:100,tf:99,true,p2,accepted,,656099338,656101306298014,0
tf_policy_elo_616bc2f2_phase7_random_to40_2026-08-20,classic-random-8x8_g100_vs_g99.jsonl,classic-random-8x8,classic,random-start,8x8,tf:99,tf:100,false,p1,accepted,,656099338,656101306298015,1
tf_policy_elo_616bc2f2_phase7_random_to40_2026-08-20,classic-random-8x8_g100_vs_g99.jsonl,classic-random-8x8,classic,random-start,8x8,tf:100,tf:99,true,p1,accepted,,656099338,656101306298016,2
tf_policy_elo_616bc2f2_phase7_random_to40_2026-08-20,classic-random-8x8_g100_vs_g99.jsonl,classic-random-8x8,classic,random-start,8x8,tf:99,tf:100,false,p1,accepted,,656099338,656101306298017,3
tf_policy_elo_616bc2f2_phase7_random_to40_2026-08-20,classic-random-8x8_g100_vs_g99.jsonl,classic-random-8x8,classic,random-start,8x8,tf:100,tf:99,true,p1,accepted,,656099338,656101306298018,4
tf_policy_elo_616bc2f2_phase7_random_to40_2026-08-20,classic-random-8x8_g100_vs_g99.jsonl,classic-random-8x8,classic,random-start,8x8,tf:99,tf:100,false,p2,accepted,,656099338,656101306298019,5
tf_policy_elo_616bc2f2_phase7_random_to40_2026-08-20,classic-random-8x8_g100_vs_g99.jsonl,classic-random-8x8,classic,random-start,8x8,tf:100,tf:99,true,p1,accepted,,656099338,656101306298020,6
tf_policy_elo_616bc2f2_phase7_random_to40_2026-08-20,classic-random-8x8_g100_vs_g99.jsonl,classic-random-8x8,classic,random-start,8x8,tf:99,tf:100,false,p2,accepted,,656099338,656101306298021,7
tf_policy_elo_616bc2f2_phase7_random_to40_2026-08-20,classic-random-8x8_g100_vs_g99.jsonl,classic-random-8x8,classic,random-start,8x8,tf:100,tf:99,true,p1,accepted,,656099338,656101306298022,8
tf_policy_elo_616bc2f2_phase7_random_to40_2026-08-20,classic-random-8x8_g100_vs_g99.jsonl,classic-random-8x8,classic,random-start,8x8,tf:99,tf:100,false,p2,accepted,,656099338,656101306298023,9
tf_policy_elo_616bc2f2_phase7_random_to40_2026-08-20,classic-random-8x8_g100_vs_g99.jsonl,classic-random-8x8,classic,random-start,8x8,tf:100,tf:99,true,p1,accepted,,656099338,656101306298024,10
tf_policy_elo_616bc2f2_phase7_random_to40_2026-08-20,classic-random-8x8_g100_vs_g99.jsonl,classic-random-8x8,classic,random-start,8x8,tf:99,tf:100,false,p1,accepted,,656099338,656101306298025,11
tf_policy_elo_616bc2f2_phase7_random_to40_2026-08-20,classic-random-8x8_g100_vs_g99.jsonl,classic-random-8x8,classic,random-start,8x8,tf:100,tf:99,true,p1,accepted,,656099338,656101306298026,12
tf_policy_elo_616bc2f2_phase7_random_to40_2026-08-20,classic-random-8x8_g100_vs_g99.jsonl,classic-random-8x8,classic,random-start,8x8,tf:99,tf:100,false,p1,accepted,,656099338,656101306298027,13
tf_policy_elo_616bc2f2_phase7_random_to40_2026-08-20,classic-random-8x8_g100_vs_g99.jsonl,classic-random-8x8,classic,random-start,8x8,tf:100,tf:99,true,p2,accepted,,656099338,656101306298028,14
tf_policy_elo_616bc2f2_phase7_random_to40_2026-08-20,classic-random-8x8_g100_vs_g99.jsonl,classic-random-8x8,classic,random-start,8x8,tf:99,tf:100,false,p1,accepted,,656099338,656101306298029,15
tf_policy_elo_616bc2f2_phase7_random_to40_2026-08-20,classic-random-8x8_g100_vs_g99.jsonl,classic-random-8x8,classic,random-start,8x8,tf:100,tf:99,true,p2,accepted,,656099338,656101306298030,16
tf_policy_elo_616bc2f2_phase7_random_to40_2026-08-20,classic-random-8x8_g100_vs_g99.jsonl,classic-random-8x8,classic,random-start,8x8,tf:99,tf:100,false,p1,accepted,,656099338,656101306298031,17
tf_policy_elo_616bc2f2_phase7_random_to40_2026-08-20,classic-random-8x8_g100_vs_g99.jsonl,classic-random-8x8,classic,random-start,8x8,tf:100,tf:99,true,p2,accepted,,656099338,656101306298032,18
tf_policy_elo_616bc2f2_phase7_random_to40_2026-08-20,classic-random-8x8_g100_vs_g99.jsonl,classic-random-8x8,classic,random-start,8x8,tf:99,tf:100,false,p1,accepted,,656099338,656101306298033,19
tf_policy_elo_616bc2f2_phase7_random_to40_2026-08-20,classic-random-8x8_g100_vs_g99.jsonl,classic-random-8x8,classic,random-start,8x8,tf:100,tf:99,true,p1,accepted,,656099338,656101306298034,20
tf_policy_elo_616bc2f2_phase7_random_to40_2026-08-20,classic-random-8x8_g100_vs_g99.jsonl,classic-random-8x8,classic,random-start,8x8,tf:99,tf:100,false,p2,accepted,,656099338,656101306298035,21
tf_policy_elo_616bc2f2_phase7_random_to40_2026-08-20,classic-random-8x8_g100_vs_g99.jsonl,classic-random-8x8,classic,random-start,8x8,tf:100,tf:99,true,p1,accepted,,656099338,656101306298036,22
tf_policy_elo_616bc2f2_phase7_random_to40_2026-08-20,classic-random-8x8_g100_vs_g99.jsonl,classic-random-8x8,classic,random-start,8x8,tf:99,tf:100,false,p2,accepted,,656099338,656101306298037,23
tf_policy_elo_616bc2f2_phase7_random_to40_2026-08-20,classic-random-8x8_g100_vs_g99.jsonl,classic-random-8x8,classic,random-start,8x8,tf:100,tf:99,true,p1,accepted,,656099338,656101306298038,24
tf_policy_elo_616bc2f2_phase7_random_to40_2026-08-20,classic-random-8x8_g100_vs_g99.jsonl,classic-random-8x8,classic,random-start,8x8,tf:99,tf:100,false,p2,accepted,,656099338,656101306298039,25
tf_policy_elo_616bc2f2_phase7_random_to40_2026-08-20,classic-random-8x8_g100_vs_g99.jsonl,classic-random-8x8,classic,random-start,8x8,tf:100,tf:99,true,p1,accepted,,656099338,656101306298040,26
tf_policy_elo_616bc2f2_phase7_random_to40_2026-08-20,classic-random-8x8_g100_vs_g99.jsonl,classic-random-8x8,classic,random-start,8x8,tf:99,tf:100,false,p2,accepted,,656099338,656101306298041,27
tf_policy_elo_616bc2f2_phase7_random_to40_2026-08-20,classic-random-8x8_g101_vs_g100.jsonl,classic-random-8x8,classic,random-start,8x8,tf:101,tf:100,true,p1,accepted,,656200338,656202306601014,0
tf_policy_elo_616bc2f2_phase7_random_to40_2026-08-20,classic-random-8x8_g101_vs_g100.jsonl,classic-random-8x8,classic,random-start,8x8,tf:100,tf:101,false,p2,accepted,,656200338,656202306601015,1
tf_policy_elo_616bc2f2_phase7_random_to40_2026-08-20,classic-random-8x8_g101_vs_g100.jsonl,classic-random-8x8,classic,random-start,8x8,tf:101,tf:100,true,p1,accepted,,656200338,656202306601016,2
tf_policy_elo_616bc2f2_phase7_random_to40_2026-08-20,classic-random-8x8_g101_vs_g100.jsonl,classic-random-8x8,classic,random-start,8x8,tf:100,tf:101,false,p1,accepted,,656200338,656202306601017,3
tf_policy_elo_616bc2f2_phase7_random_to40_2026-08-20,classic-random-8x8_g101_vs_g100.jsonl,classic-random-8x8,classic,random-start,8x8,tf:101,tf:100,true,p2,accepted,,656200338,656202306601018,4
tf_policy_elo_616bc2f2_phase7_random_to40_2026-08-20,classic-random-8x8_g101_vs_g100.jsonl,classic-random-8x8,classic,random-start,8x8,tf:100,tf:101,false,p1,accepted,,656200338,656202306601019,5
tf_policy_elo_616bc2f2_phase7_random_to40_2026-08-20,classic-random-8x8_g101_vs_g100.jsonl,classic-random-8x8,classic,random-start,8x8,tf:101,tf:100,true,p1,accepted,,656200338,656202306601020,6
tf_policy_elo_616bc2f2_phase7_random_to40_2026-08-20,classic-random-8x8_g101_vs_g100.jsonl,classic-random-8x8,classic,random-start,8x8,tf:100,tf:101,false,p2,accepted,,656200338,656202306601021,7
tf_policy_elo_616bc2f2_phase7_random_to40_2026-08-20,classic-random-8x8_g101_vs_g100.jsonl,classic-random-8x8,classic,random-start,8x8,tf:101,tf:100,true,p1,accepted,,656200338,656202306601022,8
tf_policy_elo_616bc2f2_phase7_random_to40_2026-08-20,classic-random-8x8_g101_vs_g100.jsonl,classic-random-8x8,classic,random-start,8x8,tf:100,tf:101,false,p2,accepted,,656200338,656202306601023,9
tf_policy_elo_616bc2f2_phase7_random_to40_2026-08-20,classic-random-8x8_g101_vs_g100.jsonl,classic-random-8x8,classic,random-start,8x8,tf:101,tf:100,true,p2,accepted,,656200338,656202306601024,10
tf_policy_elo_616bc2f2_phase7_random_to40_2026-08-20,classic-random-8x8_g101_vs_g100.jsonl,classic-random-8x8,classic,random-start,8x8,tf:100,tf:101,false,p1,accepted,,656200338,656202306601025,11
tf_policy_elo_616bc2f2_phase7_random_to40_2026-08-20,classic-random-8x8_g101_vs_g100.jsonl,classic-random-8x8,classic,random-start,8x8,tf:101,tf:100,true,p1,accepted,,656200338,656202306601026,12
tf_policy_elo_616bc2f2_phase7_random_to40_2026-08-20,classic-random-8x8_g101_vs_g100.jsonl,classic-random-8x8,classic,random-start,8x8,tf:100,tf:101,false,p1,accepted,,656200338,656202306601027,13
tf_policy_elo_616bc2f2_phase7_random_to40_2026-08-20,classic-random-8x8_g101_vs_g100.jsonl,classic-random-8x8,classic,random-start,8x8,tf:101,tf:100,true,p2,accepted,,656200338,656202306601028,14
tf_policy_elo_616bc2f2_phase7_random_to40_2026-08-20,classic-random-8x8_g101_vs_g100.jsonl,classic-random-8x8,classic,random-start,8x8,tf:100,tf:101,false,p1,accepted,,656200338,656202306601029,15
tf_policy_elo_616bc2f2_phase7_random_to40_2026-08-20,classic-random-8x8_g101_vs_g100.jsonl,classic-random-8x8,classic,random-start,8x8,tf:101,tf:100,true,p1,accepted,,656200338,656202306601030,16
tf_policy_elo_616bc2f2_phase7_random_to40_2026-08-20,classic-random-8x8_g101_vs_g100.jsonl,classic-random-8x8,classic,random-start,8x8,tf:100,tf:101,false,p1,accepted,,656200338,656202306601031,17
tf_policy_elo_616bc2f2_phase7_random_to40_2026-08-20,classic-random-8x8_g101_vs_g100.jsonl,classic-random-8x8,classic,random-start,8x8,tf:101,tf:100,true,p1,accepted,,656200338,656202306601032,18
tf_policy_elo_616bc2f2_phase7_random_to40_2026-08-20,classic-random-8x8_g101_vs_g100.jsonl,classic-random-8x8,classic,random-start,8x8,tf:100,tf:101,false,p1,accepted,,656200338,656202306601033,19
tf_policy_elo_616bc2f2_phase7_random_to40_2026-08-20,classic-random-8x8_g101_vs_g100.jsonl,classic-random-8x8,classic,random-start,8x8,tf:101,tf:100,true,p1,accepted,,656200338,656202306601034,20
tf_policy_elo_616bc2f2_phase7_random_to40_2026-08-20,classic-random-8x8_g101_vs_g100.jsonl,classic-random-8x8,classic,random-start,8x8,tf:100,tf:101,false,p1,accepted,,656200338,656202306601035,21
tf_policy_elo_616bc2f2_phase7_random_to40_2026-08-20,classic-random-8x8_g101_vs_g100.jsonl,classic-random-8x8,classic,random-start,8x8,tf:101,tf:100,true,p1,accepted,,656200338,656202306601036,22
tf_policy_elo_616bc2f2_phase7_random_to40_2026-08-20,classic-random-8x8_g101_vs_g100.jsonl,classic-random-8x8,classic,random-start,8x8,tf:100,tf:101,false,p1,accepted,,656200338,656202306601037,23
tf_policy_elo_616bc2f2_phase7_random_to40_2026-08-20,classic-random-8x8_g101_vs_g100.jsonl,classic-random-8x8,classic,random-start,8x8,tf:101,tf:100,true,p2,accepted,,656200338,656202306601038,24
tf_policy_elo_616bc2f2_phase7_random_to40_2026-08-20,classic-random-8x8_g101_vs_g100.jsonl,classic-random-8x8,classic,random-start,8x8,tf:100,tf:101,false,p2,accepted,,656200338,656202306601039,25
tf_policy_elo_616bc2f2_phase7_random_to40_2026-08-20,classic-random-8x8_g101_vs_g100.jsonl,classic-random-8x8,classic,random-start,8x8,tf:101,tf:100,true,p1,accepted,,656200338,656202306601040,26
tf_policy_elo_616bc2f2_phase7_random_to40_2026-08-20,classic-random-8x8_g101_vs_g100.jsonl,classic-random-8x8,classic,random-start,8x8,tf:100,tf:101,false,p2,accepted,,656200338,656202306601041,27
tf_policy_elo_616bc2f2_phase7_random_to40_2026-08-20,classic-random-8x8_g101_vs_g95.jsonl,classic-random-8x8,classic,random-start,8x8,tf:101,tf:95,true,p2,accepted,,656195338,656197306586014,0
tf_policy_elo_616bc2f2_phase7_random_to40_2026-08-20,classic-random-8x8_g101_vs_g95.jsonl,classic-random-8x8,classic,random-start,8x8,tf:95,tf:101,false,p2,accepted,,656195338,656197306586015,1
tf_policy_elo_616bc2f2_phase7_random_to40_2026-08-20,classic-random-8x8_g101_vs_g95.jsonl,classic-random-8x8,classic,random-start,8x8,tf:101,tf:95,true,p1,accepted,,656195338,656197306586016,2
tf_policy_elo_616bc2f2_phase7_random_to40_2026-08-20,classic-random-8x8_g101_vs_g95.jsonl,classic-random-8x8,classic,random-start,8x8,tf:95,tf:101,false,p1,accepted,,656195338,656197306586017,3
tf_policy_elo_616bc2f2_phase7_random_to40_2026-08-20,classic-random-8x8_g101_vs_g95.jsonl,classic-random-8x8,classic,random-start,8x8,tf:101,tf:95,true,p1,accepted,,656195338,656197306586018,4
tf_policy_elo_616bc2f2_phase7_random_to40_2026-08-20,classic-random-8x8_g101_vs_g95.jsonl,classic-random-8x8,classic,random-start,8x8,tf:95,tf:101,false,p1,accepted,,656195338,656197306586019,5
tf_policy_elo_616bc2f2_phase7_random_to40_2026-08-20,classic-random-8x8_g101_vs_g95.jsonl,classic-random-8x8,classic,random-start,8x8,tf:101,tf:95,true,p1,accepted,,656195338,656197306586020,6
tf_policy_elo_616bc2f2_phase7_random_to40_2026-08-20,classic-random-8x8_g101_vs_g95.jsonl,classic-random-8x8,classic,random-start,8x8,tf:95,tf:101,false,p1,accepted,,656195338,656197306586021,7
tf_policy_elo_616bc2f2_phase7_random_to40_2026-08-20,classic-random-8x8_g101_vs_g95.jsonl,classic-random-8x8,classic,random-start,8x8,tf:101,tf:95,true,p2,accepted,,656195338,656197306586022,8
tf_policy_elo_616bc2f2_phase7_random_to40_2026-08-20,classic-random-8x8_g101_vs_g95.jsonl,classic-random-8x8,classic,random-start,8x8,tf:95,tf:101,false,p1,accepted,,656195338,656197306586023,9
tf_policy_elo_616bc2f2_phase7_random_to40_2026-08-20,classic-random-8x8_g101_vs_g95.jsonl,classic-random-8x8,classic,random-start,8x8,tf:101,tf:95,true,p2,accepted,,656195338,656197306586024,10
tf_policy_elo_616bc2f2_phase7_random_to40_2026-08-20,classic-random-8x8_g101_vs_g95.jsonl,classic-random-8x8,classic,random-start,8x8,tf:95,tf:101,false,p1,accepted,,656195338,656197306586025,11
tf_policy_elo_616bc2f2_phase7_random_to40_2026-08-20,classic-random-8x8_g101_vs_g95.jsonl,classic-random-8x8,classic,random-start,8x8,tf:101,tf:95,true,p2,accepted,,656195338,656197306586026,12
tf_policy_elo_616bc2f2_phase7_random_to40_2026-08-20,classic-random-8x8_g101_vs_g95.jsonl,classic-random-8x8,classic,random-start,8x8,tf:95,tf:101,false,p1,accepted,,656195338,656197306586027,13
tf_policy_elo_616bc2f2_phase7_random_to40_2026-08-20,classic-random-8x8_g101_vs_g95.jsonl,classic-random-8x8,classic,random-start,8x8,tf:101,tf:95,true,p1,accepted,,656195338,656197306586028,14
tf_policy_elo_616bc2f2_phase7_random_to40_2026-08-20,classic-random-8x8_g101_vs_g95.jsonl,classic-random-8x8,classic,random-start,8x8,tf:95,tf:101,false,p1,accepted,,656195338,656197306586029,15
tf_policy_elo_616bc2f2_phase7_random_to40_2026-08-20,classic-random-8x8_g101_vs_g95.jsonl,classic-random-8x8,classic,random-start,8x8,tf:101,tf:95,true,p2,accepted,,656195338,656197306586030,16
tf_policy_elo_616bc2f2_phase7_random_to40_2026-08-20,classic-random-8x8_g101_vs_g95.jsonl,classic-random-8x8,classic,random-start,8x8,tf:95,tf:101,false,p2,accepted,,656195338,656197306586031,17
tf_policy_elo_616bc2f2_phase7_random_to40_2026-08-20,classic-random-8x8_g101_vs_g95.jsonl,classic-random-8x8,classic,random-start,8x8,tf:101,tf:95,true,p1,accepted,,656195338,656197306586032,18
tf_policy_elo_616bc2f2_phase7_random_to40_2026-08-20,classic-random-8x8_g101_vs_g95.jsonl,classic-random-8x8,classic,random-start,8x8,tf:95,tf:101,false,p2,accepted,,656195338,656197306586033,19
tf_policy_elo_616bc2f2_phase7_random_to40_2026-08-20,classic-random-8x8_g101_vs_g95.jsonl,classic-random-8x8,classic,random-start,8x8,tf:101,tf:95,true,p1,accepted,,656195338,656197306586034,20
tf_policy_elo_616bc2f2_phase7_random_to40_2026-08-20,classic-random-8x8_g101_vs_g95.jsonl,classic-random-8x8,classic,random-start,8x8,tf:95,tf:101,false,p2,accepted,,656195338,656197306586035,21
tf_policy_elo_616bc2f2_phase7_random_to40_2026-08-20,classic-random-8x8_g101_vs_g95.jsonl,classic-random-8x8,classic,random-start,8x8,tf:101,tf:95,true,p1,accepted,,656195338,656197306586036,22
tf_policy_elo_616bc2f2_phase7_random_to40_2026-08-20,classic-random-8x8_g101_vs_g95.jsonl,classic-random-8x8,classic,random-start,8x8,tf:95,tf:101,false,p2,accepted,,656195338,656197306586037,23
tf_policy_elo_616bc2f2_phase7_random_to40_2026-08-20,classic-random-8x8_g101_vs_g95.jsonl,classic-random-8x8,classic,random-start,8x8,tf:101,tf:95,true,p1,accepted,,656195338,656197306586038,24
tf_policy_elo_616bc2f2_phase7_random_to40_2026-08-20,classic-random-8x8_g101_vs_g95.jsonl,classic-random-8x8,classic,random-start,8x8,tf:95,tf:101,false,p1,accepted,,656195338,656197306586039,25
tf_policy_elo_616bc2f2_phase7_random_to40_2026-08-20,classic-random-8x8_g101_vs_g95.jsonl,classic-random-8x8,classic,random-start,8x8,tf:101,tf:95,true,p2,accepted,,656195338,656197306586040,26
tf_policy_elo_616bc2f2_phase7_random_to40_2026-08-20,classic-random-8x8_g101_vs_g95.jsonl,classic-random-8x8,classic,random-start,8x8,tf:95,tf:101,false,p1,accepted,,656195338,656197306586041,27
tf_policy_elo_616bc2f2_phase7_random_to40_2026-08-20,classic-random-8x8_g101_vs_g98.jsonl,classic-random-8x8,classic,random-start,8x8,tf:101,tf:98,true,p1,accepted,,656198338,656200306595014,0
tf_policy_elo_616bc2f2_phase7_random_to40_2026-08-20,classic-random-8x8_g101_vs_g98.jsonl,classic-random-8x8,classic,random-start,8x8,tf:98,tf:101,false,p2,accepted,,656198338,656200306595015,1
tf_policy_elo_616bc2f2_phase7_random_to40_2026-08-20,classic-random-8x8_g101_vs_g98.jsonl,classic-random-8x8,classic,random-start,8x8,tf:101,tf:98,true,p1,accepted,,656198338,656200306595016,2
tf_policy_elo_616bc2f2_phase7_random_to40_2026-08-20,classic-random-8x8_g101_vs_g98.jsonl,classic-random-8x8,classic,random-start,8x8,tf:98,tf:101,false,p1,accepted,,656198338,656200306595017,3
tf_policy_elo_616bc2f2_phase7_random_to40_2026-08-20,classic-random-8x8_g101_vs_g98.jsonl,classic-random-8x8,classic,random-start,8x8,tf:101,tf:98,true,p2,accepted,,656198338,656200306595018,4
tf_policy_elo_616bc2f2_phase7_random_to40_2026-08-20,classic-random-8x8_g101_vs_g98.jsonl,classic-random-8x8,classic,random-start,8x8,tf:98,tf:101,false,p1,accepted,,656198338,656200306595019,5
tf_policy_elo_616bc2f2_phase7_random_to40_2026-08-20,classic-random-8x8_g101_vs_g98.jsonl,classic-random-8x8,classic,random-start,8x8,tf:101,tf:98,true,p1,accepted,,656198338,656200306595020,6
tf_policy_elo_616bc2f2_phase7_random_to40_2026-08-20,classic-random-8x8_g101_vs_g98.jsonl,classic-random-8x8,classic,random-start,8x8,tf:98,tf:101,false,p2,accepted,,656198338,656200306595021,7
tf_policy_elo_616bc2f2_phase7_random_to40_2026-08-20,classic-random-8x8_g101_vs_g98.jsonl,classic-random-8x8,classic,random-start,8x8,tf:101,tf:98,true,p1,accepted,,656198338,656200306595022,8
tf_policy_elo_616bc2f2_phase7_random_to40_2026-08-20,classic-random-8x8_g101_vs_g98.jsonl,classic-random-8x8,classic,random-start,8x8,tf:98,tf:101,false,p1,accepted,,656198338,656200306595023,9
tf_policy_elo_616bc2f2_phase7_random_to40_2026-08-20,classic-random-8x8_g101_vs_g98.jsonl,classic-random-8x8,classic,random-start,8x8,tf:101,tf:98,true,p2,accepted,,656198338,656200306595024,10
tf_policy_elo_616bc2f2_phase7_random_to40_2026-08-20,classic-random-8x8_g101_vs_g98.jsonl,classic-random-8x8,classic,random-start,8x8,tf:98,tf:101,false,p1,accepted,,656198338,656200306595025,11
tf_policy_elo_616bc2f2_phase7_random_to40_2026-08-20,classic-random-8x8_g101_vs_g98.jsonl,classic-random-8x8,classic,random-start,8x8,tf:101,tf:98,true,p2,accepted,,656198338,656200306595026,12
tf_policy_elo_616bc2f2_phase7_random_to40_2026-08-20,classic-random-8x8_g101_vs_g98.jsonl,classic-random-8x8,classic,random-start,8x8,tf:98,tf:101,false,p1,accepted,,656198338,656200306595027,13
tf_policy_elo_616bc2f2_phase7_random_to40_2026-08-20,classic-random-8x8_g101_vs_g98.jsonl,classic-random-8x8,classic,random-start,8x8,tf:101,tf:98,true,p1,accepted,,656198338,656200306595028,14
tf_policy_elo_616bc2f2_phase7_random_to40_2026-08-20,classic-random-8x8_g101_vs_g98.jsonl,classic-random-8x8,classic,random-start,8x8,tf:98,tf:101,false,p2,accepted,,656198338,656200306595029,15
tf_policy_elo_616bc2f2_phase7_random_to40_2026-08-20,classic-random-8x8_g101_vs_g98.jsonl,classic-random-8x8,classic,random-start,8x8,tf:101,tf:98,true,p1,accepted,,656198338,656200306595030,16
tf_policy_elo_616bc2f2_phase7_random_to40_2026-08-20,classic-random-8x8_g101_vs_g98.jsonl,classic-random-8x8,classic,random-start,8x8,tf:98,tf:101,false,p1,accepted,,656198338,656200306595031,17
tf_policy_elo_616bc2f2_phase7_random_to40_2026-08-20,classic-random-8x8_g101_vs_g98.jsonl,classic-random-8x8,classic,random-start,8x8,tf:101,tf:98,true,p1,accepted,,656198338,656200306595032,18
tf_policy_elo_616bc2f2_phase7_random_to40_2026-08-20,classic-random-8x8_g101_vs_g98.jsonl,classic-random-8x8,classic,random-start,8x8,tf:98,tf:101,false,p1,accepted,,656198338,656200306595033,19
tf_policy_elo_616bc2f2_phase7_random_to40_2026-08-20,classic-random-8x8_g101_vs_g98.jsonl,classic-random-8x8,classic,random-start,8x8,tf:101,tf:98,true,p1,accepted,,656198338,656200306595034,20
tf_policy_elo_616bc2f2_phase7_random_to40_2026-08-20,classic-random-8x8_g101_vs_g98.jsonl,classic-random-8x8,classic,random-start,8x8,tf:98,tf:101,false,p2,accepted,,656198338,656200306595035,21
tf_policy_elo_616bc2f2_phase7_random_to40_2026-08-20,classic-random-8x8_g101_vs_g98.jsonl,classic-random-8x8,classic,random-start,8x8,tf:101,tf:98,true,p1,accepted,,656198338,656200306595036,22
tf_policy_elo_616bc2f2_phase7_random_to40_2026-08-20,classic-random-8x8_g101_vs_g98.jsonl,classic-random-8x8,classic,random-start,8x8,tf:98,tf:101,false,p1,accepted,,656198338,656200306595037,23
tf_policy_elo_616bc2f2_phase7_random_to40_2026-08-20,classic-random-8x8_g101_vs_g98.jsonl,classic-random-8x8,classic,random-start,8x8,tf:101,tf:98,true,p1,accepted,,656198338,656200306595038,24
tf_policy_elo_616bc2f2_phase7_random_to40_2026-08-20,classic-random-8x8_g101_vs_g98.jsonl,classic-random-8x8,classic,random-start,8x8,tf:98,tf:101,false,p1,accepted,,656198338,656200306595039,25
tf_policy_elo_616bc2f2_phase7_random_to40_2026-08-20,classic-random-8x8_g101_vs_g98.jsonl,classic-random-8x8,classic,random-start,8x8,tf:101,tf:98,true,p1,accepted,,656198338,656200306595040,26
tf_policy_elo_616bc2f2_phase7_random_to40_2026-08-20,classic-random-8x8_g101_vs_g98.jsonl,classic-random-8x8,classic,random-start,8x8,tf:98,tf:101,false,p2,accepted,,656198338,656200306595041,27
tf_policy_elo_616bc2f2_phase7_random_to40_2026-08-20,classic-random-8x8_g102_vs_g101.jsonl,classic-random-8x8,classic,random-start,8x8,tf:102,tf:101,true,p1,accepted,,656301338,656303306904014,0
tf_policy_elo_616bc2f2_phase7_random_to40_2026-08-20,classic-random-8x8_g102_vs_g101.jsonl,classic-random-8x8,classic,random-start,8x8,tf:101,tf:102,false,p1,accepted,,656301338,656303306904015,1
tf_policy_elo_616bc2f2_phase7_random_to40_2026-08-20,classic-random-8x8_g102_vs_g101.jsonl,classic-random-8x8,classic,random-start,8x8,tf:102,tf:101,true,p1,accepted,,656301338,656303306904016,2
tf_policy_elo_616bc2f2_phase7_random_to40_2026-08-20,classic-random-8x8_g102_vs_g101.jsonl,classic-random-8x8,classic,random-start,8x8,tf:101,tf:102,false,p1,accepted,,656301338,656303306904017,3
tf_policy_elo_616bc2f2_phase7_random_to40_2026-08-20,classic-random-8x8_g102_vs_g101.jsonl,classic-random-8x8,classic,random-start,8x8,tf:102,tf:101,true,p2,accepted,,656301338,656303306904018,4
tf_policy_elo_616bc2f2_phase7_random_to40_2026-08-20,classic-random-8x8_g102_vs_g101.jsonl,classic-random-8x8,classic,random-start,8x8,tf:101,tf:102,false,p1,accepted,,656301338,656303306904019,5
tf_policy_elo_616bc2f2_phase7_random_to40_2026-08-20,classic-random-8x8_g102_vs_g101.jsonl,classic-random-8x8,classic,random-start,8x8,tf:102,tf:101,true,p1,accepted,,656301338,656303306904020,6
tf_policy_elo_616bc2f2_phase7_random_to40_2026-08-20,classic-random-8x8_g102_vs_g101.jsonl,classic-random-8x8,classic,random-start,8x8,tf:101,tf:102,false,p1,accepted,,656301338,656303306904021,7
tf_policy_elo_616bc2f2_phase7_random_to40_2026-08-20,classic-random-8x8_g102_vs_g101.jsonl,classic-random-8x8,classic,random-start,8x8,tf:102,tf:101,true,p2,accepted,,656301338,656303306904022,8
tf_policy_elo_616bc2f2_phase7_random_to40_2026-08-20,classic-random-8x8_g102_vs_g101.jsonl,classic-random-8x8,classic,random-start,8x8,tf:101,tf:102,false,p2,accepted,,656301338,656303306904023,9
tf_policy_elo_616bc2f2_phase7_random_to40_2026-08-20,classic-random-8x8_g102_vs_g101.jsonl,classic-random-8x8,classic,random-start,8x8,tf:102,tf:101,true,p1,accepted,,656301338,656303306904024,10
tf_policy_elo_616bc2f2_phase7_random_to40_2026-08-20,classic-random-8x8_g102_vs_g101.jsonl,classic-random-8x8,classic,random-start,8x8,tf:101,tf:102,false,p2,accepted,,656301338,656303306904025,11
tf_policy_elo_616bc2f2_phase7_random_to40_2026-08-20,classic-random-8x8_g102_vs_g101.jsonl,classic-random-8x8,classic,random-start,8x8,tf:102,tf:101,true,p1,accepted,,656301338,656303306904026,12
tf_policy_elo_616bc2f2_phase7_random_to40_2026-08-20,classic-random-8x8_g102_vs_g101.jsonl,classic-random-8x8,classic,random-start,8x8,tf:101,tf:102,false,p1,accepted,,656301338,656303306904027,13
tf_policy_elo_616bc2f2_phase7_random_to40_2026-08-20,classic-random-8x8_g102_vs_g101.jsonl,classic-random-8x8,classic,random-start,8x8,tf:102,tf:101,true,p2,accepted,,656301338,656303306904028,14
tf_policy_elo_616bc2f2_phase7_random_to40_2026-08-20,classic-random-8x8_g102_vs_g101.jsonl,classic-random-8x8,classic,random-start,8x8,tf:101,tf:102,false,p1,accepted,,656301338,656303306904029,15
tf_policy_elo_616bc2f2_phase7_random_to40_2026-08-20,classic-random-8x8_g102_vs_g101.jsonl,classic-random-8x8,classic,random-start,8x8,tf:102,tf:101,true,p1,accepted,,656301338,656303306904030,16
tf_policy_elo_616bc2f2_phase7_random_to40_2026-08-20,classic-random-8x8_g102_vs_g101.jsonl,classic-random-8x8,classic,random-start,8x8,tf:101,tf:102,false,p2,accepted,,656301338,656303306904031,17
tf_policy_elo_616bc2f2_phase7_random_to40_2026-08-20,classic-random-8x8_g102_vs_g101.jsonl,classic-random-8x8,classic,random-start,8x8,tf:102,tf:101,true,p1,accepted,,656301338,656303306904032,18
tf_policy_elo_616bc2f2_phase7_random_to40_2026-08-20,classic-random-8x8_g102_vs_g101.jsonl,classic-random-8x8,classic,random-start,8x8,tf:101,tf:102,false,p1,accepted,,656301338,656303306904033,19
tf_policy_elo_616bc2f2_phase7_random_to40_2026-08-20,classic-random-8x8_g102_vs_g101.jsonl,classic-random-8x8,classic,random-start,8x8,tf:102,tf:101,true,p2,accepted,,656301338,656303306904034,20
tf_policy_elo_616bc2f2_phase7_random_to40_2026-08-20,classic-random-8x8_g102_vs_g101.jsonl,classic-random-8x8,classic,random-start,8x8,tf:101,tf:102,false,p1,accepted,,656301338,656303306904035,21
tf_policy_elo_616bc2f2_phase7_random_to40_2026-08-20,classic-random-8x8_g102_vs_g101.jsonl,classic-random-8x8,classic,random-start,8x8,tf:102,tf:101,true,p1,accepted,,656301338,656303306904036,22
tf_policy_elo_616bc2f2_phase7_random_to40_2026-08-20,classic-random-8x8_g102_vs_g101.jsonl,classic-random-8x8,classic,random-start,8x8,tf:101,tf:102,false,p1,accepted,,656301338,656303306904037,23
tf_policy_elo_616bc2f2_phase7_random_to40_2026-08-20,classic-random-8x8_g102_vs_g101.jsonl,classic-random-8x8,classic,random-start,8x8,tf:102,tf:101,true,p1,accepted,,656301338,656303306904038,24
tf_policy_elo_616bc2f2_phase7_random_to40_2026-08-20,classic-random-8x8_g102_vs_g101.jsonl,classic-random-8x8,classic,random-start,8x8,tf:101,tf:102,false,p1,accepted,,656301338,656303306904039,25
tf_policy_elo_616bc2f2_phase7_random_to40_2026-08-20,classic-random-8x8_g102_vs_g101.jsonl,classic-random-8x8,classic,random-start,8x8,tf:102,tf:101,true,p1,accepted,,656301338,656303306904040,26
tf_policy_elo_616bc2f2_phase7_random_to40_2026-08-20,classic-random-8x8_g102_vs_g101.jsonl,classic-random-8x8,classic,random-start,8x8,tf:101,tf:102,false,p2,accepted,,656301338,656303306904041,27
tf_policy_elo_616bc2f2_phase7_random_to40_2026-08-20,classic-random-8x8_g102_vs_g96.jsonl,classic-random-8x8,classic,random-start,8x8,tf:102,tf:96,true,p1,accepted,,656296338,656298306889014,0
tf_policy_elo_616bc2f2_phase7_random_to40_2026-08-20,classic-random-8x8_g102_vs_g96.jsonl,classic-random-8x8,classic,random-start,8x8,tf:96,tf:102,false,p1,accepted,,656296338,656298306889015,1
tf_policy_elo_616bc2f2_phase7_random_to40_2026-08-20,classic-random-8x8_g102_vs_g96.jsonl,classic-random-8x8,classic,random-start,8x8,tf:102,tf:96,true,p1,accepted,,656296338,656298306889016,2
tf_policy_elo_616bc2f2_phase7_random_to40_2026-08-20,classic-random-8x8_g102_vs_g96.jsonl,classic-random-8x8,classic,random-start,8x8,tf:96,tf:102,false,p2,accepted,,656296338,656298306889017,3
tf_policy_elo_616bc2f2_phase7_random_to40_2026-08-20,classic-random-8x8_g102_vs_g96.jsonl,classic-random-8x8,classic,random-start,8x8,tf:102,tf:96,true,p1,accepted,,656296338,656298306889018,4
tf_policy_elo_616bc2f2_phase7_random_to40_2026-08-20,classic-random-8x8_g102_vs_g96.jsonl,classic-random-8x8,classic,random-start,8x8,tf:96,tf:102,false,p2,accepted,,656296338,656298306889019,5
tf_policy_elo_616bc2f2_phase7_random_to40_2026-08-20,classic-random-8x8_g102_vs_g96.jsonl,classic-random-8x8,classic,random-start,8x8,tf:102,tf:96,true,p1,accepted,,656296338,656298306889020,6
tf_policy_elo_616bc2f2_phase7_random_to40_2026-08-20,classic-random-8x8_g102_vs_g96.jsonl,classic-random-8x8,classic,random-start,8x8,tf:96,tf:102,false,p2,accepted,,656296338,656298306889021,7
tf_policy_elo_616bc2f2_phase7_random_to40_2026-08-20,classic-random-8x8_g102_vs_g96.jsonl,classic-random-8x8,classic,random-start,8x8,tf:102,tf:96,true,p1,accepted,,656296338,656298306889022,8
tf_policy_elo_616bc2f2_phase7_random_to40_2026-08-20,classic-random-8x8_g102_vs_g96.jsonl,classic-random-8x8,classic,random-start,8x8,tf:96,tf:102,false,p1,accepted,,656296338,656298306889023,9
tf_policy_elo_616bc2f2_phase7_random_to40_2026-08-20,classic-random-8x8_g102_vs_g96.jsonl,classic-random-8x8,classic,random-start,8x8,tf:102,tf:96,true,p1,accepted,,656296338,656298306889024,10
tf_policy_elo_616bc2f2_phase7_random_to40_2026-08-20,classic-random-8x8_g102_vs_g96.jsonl,classic-random-8x8,classic,random-start,8x8,tf:96,tf:102,false,p1,accepted,,656296338,656298306889025,11
tf_policy_elo_616bc2f2_phase7_random_to40_2026-08-20,classic-random-8x8_g102_vs_g96.jsonl,classic-random-8x8,classic,random-start,8x8,tf:102,tf:96,true,p2,accepted,,656296338,656298306889026,12
tf_policy_elo_616bc2f2_phase7_random_to40_2026-08-20,classic-random-8x8_g102_vs_g96.jsonl,classic-random-8x8,classic,random-start,8x8,tf:96,tf:102,false,p1,accepted,,656296338,656298306889027,13
tf_policy_elo_616bc2f2_phase7_random_to40_2026-08-20,classic-random-8x8_g102_vs_g96.jsonl,classic-random-8x8,classic,random-start,8x8,tf:102,tf:96,true,p1,accepted,,656296338,656298306889028,14
tf_policy_elo_616bc2f2_phase7_random_to40_2026-08-20,classic-random-8x8_g102_vs_g96.jsonl,classic-random-8x8,classic,random-start,8x8,tf:96,tf:102,false,p2,accepted,,656296338,656298306889029,15
tf_policy_elo_616bc2f2_phase7_random_to40_2026-08-20,classic-random-8x8_g102_vs_g96.jsonl,classic-random-8x8,classic,random-start,8x8,tf:102,tf:96,true,p1,accepted,,656296338,656298306889030,16
tf_policy_elo_616bc2f2_phase7_random_to40_2026-08-20,classic-random-8x8_g102_vs_g96.jsonl,classic-random-8x8,classic,random-start,8x8,tf:96,tf:102,false,p1,accepted,,656296338,656298306889031,17
tf_policy_elo_616bc2f2_phase7_random_to40_2026-08-20,classic-random-8x8_g102_vs_g96.jsonl,classic-random-8x8,classic,random-start,8x8,tf:102,tf:96,true,p2,accepted,,656296338,656298306889032,18
tf_policy_elo_616bc2f2_phase7_random_to40_2026-08-20,classic-random-8x8_g102_vs_g96.jsonl,classic-random-8x8,classic,random-start,8x8,tf:96,tf:102,false,p2,accepted,,656296338,656298306889033,19
tf_policy_elo_616bc2f2_phase7_random_to40_2026-08-20,classic-random-8x8_g102_vs_g96.jsonl,classic-random-8x8,classic,random-start,8x8,tf:102,tf:96,true,p1,accepted,,656296338,656298306889034,20
tf_policy_elo_616bc2f2_phase7_random_to40_2026-08-20,classic-random-8x8_g102_vs_g96.jsonl,classic-random-8x8,classic,random-start,8x8,tf:96,tf:102,false,p1,accepted,,656296338,656298306889035,21
tf_policy_elo_616bc2f2_phase7_random_to40_2026-08-20,classic-random-8x8_g102_vs_g96.jsonl,classic-random-8x8,classic,random-start,8x8,tf:102,tf:96,true,p2,accepted,,656296338,656298306889036,22
tf_policy_elo_616bc2f2_phase7_random_to40_2026-08-20,classic-random-8x8_g102_vs_g96.jsonl,classic-random-8x8,classic,random-start,8x8,tf:96,tf:102,false,p1,accepted,,656296338,656298306889037,23
tf_policy_elo_616bc2f2_phase7_random_to40_2026-08-20,classic-random-8x8_g102_vs_g96.jsonl,classic-random-8x8,classic,random-start,8x8,tf:102,tf:96,true,p2,accepted,,656296338,656298306889038,24
tf_policy_elo_616bc2f2_phase7_random_to40_2026-08-20,classic-random-8x8_g102_vs_g96.jsonl,classic-random-8x8,classic,random-start,8x8,tf:96,tf:102,false,p2,accepted,,656296338,656298306889039,25
tf_policy_elo_616bc2f2_phase7_random_to40_2026-08-20,classic-random-8x8_g102_vs_g96.jsonl,classic-random-8x8,classic,random-start,8x8,tf:102,tf:96,true,p1,accepted,,656296338,656298306889040,26
tf_policy_elo_616bc2f2_phase7_random_to40_2026-08-20,classic-random-8x8_g102_vs_g96.jsonl,classic-random-8x8,classic,random-start,8x8,tf:96,tf:102,false,p1,accepted,,656296338,656298306889041,27
tf_policy_elo_616bc2f2_phase7_random_to40_2026-08-20,classic-random-8x8_g102_vs_g99.jsonl,classic-random-8x8,classic,random-start,8x8,tf:102,tf:99,true,p1,accepted,,656299338,656301306898014,0
tf_policy_elo_616bc2f2_phase7_random_to40_2026-08-20,classic-random-8x8_g102_vs_g99.jsonl,classic-random-8x8,classic,random-start,8x8,tf:99,tf:102,false,p2,accepted,,656299338,656301306898015,1
tf_policy_elo_616bc2f2_phase7_random_to40_2026-08-20,classic-random-8x8_g102_vs_g99.jsonl,classic-random-8x8,classic,random-start,8x8,tf:102,tf:99,true,p2,accepted,,656299338,656301306898016,2
tf_policy_elo_616bc2f2_phase7_random_to40_2026-08-20,classic-random-8x8_g102_vs_g99.jsonl,classic-random-8x8,classic,random-start,8x8,tf:99,tf:102,false,p1,accepted,,656299338,656301306898017,3
tf_policy_elo_616bc2f2_phase7_random_to40_2026-08-20,classic-random-8x8_g102_vs_g99.jsonl,classic-random-8x8,classic,random-start,8x8,tf:102,tf:99,true,p1,accepted,,656299338,656301306898018,4
tf_policy_elo_616bc2f2_phase7_random_to40_2026-08-20,classic-random-8x8_g102_vs_g99.jsonl,classic-random-8x8,classic,random-start,8x8,tf:99,tf:102,false,p2,accepted,,656299338,656301306898019,5
tf_policy_elo_616bc2f2_phase7_random_to40_2026-08-20,classic-random-8x8_g102_vs_g99.jsonl,classic-random-8x8,classic,random-start,8x8,tf:102,tf:99,true,p2,accepted,,656299338,656301306898020,6
tf_policy_elo_616bc2f2_phase7_random_to40_2026-08-20,classic-random-8x8_g102_vs_g99.jsonl,classic-random-8x8,classic,random-start,8x8,tf:99,tf:102,false,p2,accepted,,656299338,656301306898021,7
tf_policy_elo_616bc2f2_phase7_random_to40_2026-08-20,classic-random-8x8_g102_vs_g99.jsonl,classic-random-8x8,classic,random-start,8x8,tf:102,tf:99,true,p1,accepted,,656299338,656301306898022,8
tf_policy_elo_616bc2f2_phase7_random_to40_2026-08-20,classic-random-8x8_g102_vs_g99.jsonl,classic-random-8x8,classic,random-start,8x8,tf:99,tf:102,false,p2,accepted,,656299338,656301306898023,9
tf_policy_elo_616bc2f2_phase7_random_to40_2026-08-20,classic-random-8x8_g102_vs_g99.jsonl,classic-random-8x8,classic,random-start,8x8,tf:102,tf:99,true,p1,accepted,,656299338,656301306898024,10
tf_policy_elo_616bc2f2_phase7_random_to40_2026-08-20,classic-random-8x8_g102_vs_g99.jsonl,classic-random-8x8,classic,random-start,8x8,tf:99,tf:102,false,p1,accepted,,656299338,656301306898025,11
tf_policy_elo_616bc2f2_phase7_random_to40_2026-08-20,classic-random-8x8_g102_vs_g99.jsonl,classic-random-8x8,classic,random-start,8x8,tf:102,tf:99,true,p1,accepted,,656299338,656301306898026,12
tf_policy_elo_616bc2f2_phase7_random_to40_2026-08-20,classic-random-8x8_g102_vs_g99.jsonl,classic-random-8x8,classic,random-start,8x8,tf:99,tf:102,false,p2,accepted,,656299338,656301306898027,13
tf_policy_elo_616bc2f2_phase7_random_to40_2026-08-20,classic-random-8x8_g102_vs_g99.jsonl,classic-random-8x8,classic,random-start,8x8,tf:102,tf:99,true,p2,accepted,,656299338,656301306898028,14
tf_policy_elo_616bc2f2_phase7_random_to40_2026-08-20,classic-random-8x8_g102_vs_g99.jsonl,classic-random-8x8,classic,random-start,8x8,tf:99,tf:102,false,p1,accepted,,656299338,656301306898029,15
tf_policy_elo_616bc2f2_phase7_random_to40_2026-08-20,classic-random-8x8_g102_vs_g99.jsonl,classic-random-8x8,classic,random-start,8x8,tf:102,tf:99,true,p1,accepted,,656299338,656301306898030,16
tf_policy_elo_616bc2f2_phase7_random_to40_2026-08-20,classic-random-8x8_g102_vs_g99.jsonl,classic-random-8x8,classic,random-start,8x8,tf:99,tf:102,false,p1,accepted,,656299338,656301306898031,17
tf_policy_elo_616bc2f2_phase7_random_to40_2026-08-20,classic-random-8x8_g102_vs_g99.jsonl,classic-random-8x8,classic,random-start,8x8,tf:102,tf:99,true,p1,accepted,,656299338,656301306898032,18
tf_policy_elo_616bc2f2_phase7_random_to40_2026-08-20,classic-random-8x8_g102_vs_g99.jsonl,classic-random-8x8,classic,random-start,8x8,tf:99,tf:102,false,p1,accepted,,656299338,656301306898033,19
tf_policy_elo_616bc2f2_phase7_random_to40_2026-08-20,classic-random-8x8_g102_vs_g99.jsonl,classic-random-8x8,classic,random-start,8x8,tf:102,tf:99,true,p2,accepted,,656299338,656301306898034,20
tf_policy_elo_616bc2f2_phase7_random_to40_2026-08-20,classic-random-8x8_g102_vs_g99.jsonl,classic-random-8x8,classic,random-start,8x8,tf:99,tf:102,false,p2,accepted,,656299338,656301306898035,21
tf_policy_elo_616bc2f2_phase7_random_to40_2026-08-20,classic-random-8x8_g102_vs_g99.jsonl,classic-random-8x8,classic,random-start,8x8,tf:102,tf:99,true,p1,accepted,,656299338,656301306898036,22
tf_policy_elo_616bc2f2_phase7_random_to40_2026-08-20,classic-random-8x8_g102_vs_g99.jsonl,classic-random-8x8,classic,random-start,8x8,tf:99,tf:102,false,p1,accepted,,656299338,656301306898037,23
tf_policy_elo_616bc2f2_phase7_random_to40_2026-08-20,classic-random-8x8_g102_vs_g99.jsonl,classic-random-8x8,classic,random-start,8x8,tf:102,tf:99,true,p1,accepted,,656299338,656301306898038,24
tf_policy_elo_616bc2f2_phase7_random_to40_2026-08-20,classic-random-8x8_g102_vs_g99.jsonl,classic-random-8x8,classic,random-start,8x8,tf:99,tf:102,false,p2,accepted,,656299338,656301306898039,25
tf_policy_elo_616bc2f2_phase7_random_to40_2026-08-20,classic-random-8x8_g102_vs_g99.jsonl,classic-random-8x8,classic,random-start,8x8,tf:102,tf:99,true,p1,accepted,,656299338,656301306898040,26
tf_policy_elo_616bc2f2_phase7_random_to40_2026-08-20,classic-random-8x8_g102_vs_g99.jsonl,classic-random-8x8,classic,random-start,8x8,tf:99,tf:102,false,p1,accepted,,656299338,656301306898041,27
tf_policy_elo_616bc2f2_phase7_random_to40_2026-08-20,classic-random-8x8_g103_vs_g100.jsonl,classic-random-8x8,classic,random-start,8x8,tf:103,tf:100,true,p2,accepted,,656400338,656402307201014,0
tf_policy_elo_616bc2f2_phase7_random_to40_2026-08-20,classic-random-8x8_g103_vs_g100.jsonl,classic-random-8x8,classic,random-start,8x8,tf:100,tf:103,false,p1,accepted,,656400338,656402307201015,1
tf_policy_elo_616bc2f2_phase7_random_to40_2026-08-20,classic-random-8x8_g103_vs_g100.jsonl,classic-random-8x8,classic,random-start,8x8,tf:103,tf:100,true,p2,accepted,,656400338,656402307201016,2
tf_policy_elo_616bc2f2_phase7_random_to40_2026-08-20,classic-random-8x8_g103_vs_g100.jsonl,classic-random-8x8,classic,random-start,8x8,tf:100,tf:103,false,p2,accepted,,656400338,656402307201017,3
tf_policy_elo_616bc2f2_phase7_random_to40_2026-08-20,classic-random-8x8_g103_vs_g100.jsonl,classic-random-8x8,classic,random-start,8x8,tf:103,tf:100,true,p1,accepted,,656400338,656402307201018,4
tf_policy_elo_616bc2f2_phase7_random_to40_2026-08-20,classic-random-8x8_g103_vs_g100.jsonl,classic-random-8x8,classic,random-start,8x8,tf:100,tf:103,false,p1,accepted,,656400338,656402307201019,5
tf_policy_elo_616bc2f2_phase7_random_to40_2026-08-20,classic-random-8x8_g103_vs_g100.jsonl,classic-random-8x8,classic,random-start,8x8,tf:103,tf:100,true,p2,accepted,,656400338,656402307201020,6
tf_policy_elo_616bc2f2_phase7_random_to40_2026-08-20,classic-random-8x8_g103_vs_g100.jsonl,classic-random-8x8,classic,random-start,8x8,tf:100,tf:103,false,p1,accepted,,656400338,656402307201021,7
tf_policy_elo_616bc2f2_phase7_random_to40_2026-08-20,classic-random-8x8_g103_vs_g100.jsonl,classic-random-8x8,classic,random-start,8x8,tf:103,tf:100,true,p2,accepted,,656400338,656402307201022,8
tf_policy_elo_616bc2f2_phase7_random_to40_2026-08-20,classic-random-8x8_g103_vs_g100.jsonl,classic-random-8x8,classic,random-start,8x8,tf:100,tf:103,false,p2,accepted,,656400338,656402307201023,9
tf_policy_elo_616bc2f2_phase7_random_to40_2026-08-20,classic-random-8x8_g103_vs_g100.jsonl,classic-random-8x8,classic,random-start,8x8,tf:103,tf:100,true,p2,accepted,,656400338,656402307201024,10
tf_policy_elo_616bc2f2_phase7_random_to40_2026-08-20,classic-random-8x8_g103_vs_g100.jsonl,classic-random-8x8,classic,random-start,8x8,tf:100,tf:103,false,p1,accepted,,656400338,656402307201025,11
tf_policy_elo_616bc2f2_phase7_random_to40_2026-08-20,classic-random-8x8_g103_vs_g100.jsonl,classic-random-8x8,classic,random-start,8x8,tf:103,tf:100,true,p1,accepted,,656400338,656402307201026,12
tf_policy_elo_616bc2f2_phase7_random_to40_2026-08-20,classic-random-8x8_g103_vs_g100.jsonl,classic-random-8x8,classic,random-start,8x8,tf:100,tf:103,false,p2,accepted,,656400338,656402307201027,13
tf_policy_elo_616bc2f2_phase7_random_to40_2026-08-20,classic-random-8x8_g103_vs_g100.jsonl,classic-random-8x8,classic,random-start,8x8,tf:103,tf:100,true,p2,accepted,,656400338,656402307201028,14
tf_policy_elo_616bc2f2_phase7_random_to40_2026-08-20,classic-random-8x8_g103_vs_g100.jsonl,classic-random-8x8,classic,random-start,8x8,tf:100,tf:103,false,p1,accepted,,656400338,656402307201029,15
tf_policy_elo_616bc2f2_phase7_random_to40_2026-08-20,classic-random-8x8_g103_vs_g100.jsonl,classic-random-8x8,classic,random-start,8x8,tf:103,tf:100,true,p1,accepted,,656400338,656402307201030,16
tf_policy_elo_616bc2f2_phase7_random_to40_2026-08-20,classic-random-8x8_g103_vs_g100.jsonl,classic-random-8x8,classic,random-start,8x8,tf:100,tf:103,false,p1,accepted,,656400338,656402307201031,17
tf_policy_elo_616bc2f2_phase7_random_to40_2026-08-20,classic-random-8x8_g103_vs_g100.jsonl,classic-random-8x8,classic,random-start,8x8,tf:103,tf:100,true,p2,accepted,,656400338,656402307201032,18
tf_policy_elo_616bc2f2_phase7_random_to40_2026-08-20,classic-random-8x8_g103_vs_g100.jsonl,classic-random-8x8,classic,random-start,8x8,tf:100,tf:103,false,p1,accepted,,656400338,656402307201033,19
tf_policy_elo_616bc2f2_phase7_random_to40_2026-08-20,classic-random-8x8_g103_vs_g100.jsonl,classic-random-8x8,classic,random-start,8x8,tf:103,tf:100,true,p1,accepted,,656400338,656402307201034,20
tf_policy_elo_616bc2f2_phase7_random_to40_2026-08-20,classic-random-8x8_g103_vs_g100.jsonl,classic-random-8x8,classic,random-start,8x8,tf:100,tf:103,false,p1,accepted,,656400338,656402307201035,21
tf_policy_elo_616bc2f2_phase7_random_to40_2026-08-20,classic-random-8x8_g103_vs_g100.jsonl,classic-random-8x8,classic,random-start,8x8,tf:103,tf:100,true,p1,accepted,,656400338,656402307201036,22
tf_policy_elo_616bc2f2_phase7_random_to40_2026-08-20,classic-random-8x8_g103_vs_g100.jsonl,classic-random-8x8,classic,random-start,8x8,tf:100,tf:103,false,p1,accepted,,656400338,656402307201037,23
tf_policy_elo_616bc2f2_phase7_random_to40_2026-08-20,classic-random-8x8_g103_vs_g100.jsonl,classic-random-8x8,classic,random-start,8x8,tf:103,tf:100,true,p1,accepted,,656400338,656402307201038,24
tf_policy_elo_616bc2f2_phase7_random_to40_2026-08-20,classic-random-8x8_g103_vs_g100.jsonl,classic-random-8x8,classic,random-start,8x8,tf:100,tf:103,false,p2,accepted,,656400338,656402307201039,25
tf_policy_elo_616bc2f2_phase7_random_to40_2026-08-20,classic-random-8x8_g103_vs_g100.jsonl,classic-random-8x8,classic,random-start,8x8,tf:103,tf:100,true,p1,accepted,,656400338,656402307201040,26
tf_policy_elo_616bc2f2_phase7_random_to40_2026-08-20,classic-random-8x8_g103_vs_g100.jsonl,classic-random-8x8,classic,random-start,8x8,tf:100,tf:103,false,p1,accepted,,656400338,656402307201041,27
tf_policy_elo_616bc2f2_phase7_random_to40_2026-08-20,classic-random-8x8_g103_vs_g102.jsonl,classic-random-8x8,classic,random-start,8x8,tf:103,tf:102,true,p2,accepted,,656402338,656404307207014,0
tf_policy_elo_616bc2f2_phase7_random_to40_2026-08-20,classic-random-8x8_g103_vs_g102.jsonl,classic-random-8x8,classic,random-start,8x8,tf:102,tf:103,false,p1,accepted,,656402338,656404307207015,1
tf_policy_elo_616bc2f2_phase7_random_to40_2026-08-20,classic-random-8x8_g103_vs_g102.jsonl,classic-random-8x8,classic,random-start,8x8,tf:103,tf:102,true,p1,accepted,,656402338,656404307207016,2
tf_policy_elo_616bc2f2_phase7_random_to40_2026-08-20,classic-random-8x8_g103_vs_g102.jsonl,classic-random-8x8,classic,random-start,8x8,tf:102,tf:103,false,p2,accepted,,656402338,656404307207017,3
tf_policy_elo_616bc2f2_phase7_random_to40_2026-08-20,classic-random-8x8_g103_vs_g102.jsonl,classic-random-8x8,classic,random-start,8x8,tf:103,tf:102,true,p1,accepted,,656402338,656404307207018,4
tf_policy_elo_616bc2f2_phase7_random_to40_2026-08-20,classic-random-8x8_g103_vs_g102.jsonl,classic-random-8x8,classic,random-start,8x8,tf:102,tf:103,false,p1,accepted,,656402338,656404307207019,5
tf_policy_elo_616bc2f2_phase7_random_to40_2026-08-20,classic-random-8x8_g103_vs_g102.jsonl,classic-random-8x8,classic,random-start,8x8,tf:103,tf:102,true,p1,accepted,,656402338,656404307207020,6
tf_policy_elo_616bc2f2_phase7_random_to40_2026-08-20,classic-random-8x8_g103_vs_g102.jsonl,classic-random-8x8,classic,random-start,8x8,tf:102,tf:103,false,p1,accepted,,656402338,656404307207021,7
tf_policy_elo_616bc2f2_phase7_random_to40_2026-08-20,classic-random-8x8_g103_vs_g102.jsonl,classic-random-8x8,classic,random-start,8x8,tf:103,tf:102,true,p2,accepted,,656402338,656404307207022,8
tf_policy_elo_616bc2f2_phase7_random_to40_2026-08-20,classic-random-8x8_g103_vs_g102.jsonl,classic-random-8x8,classic,random-start,8x8,tf:102,tf:103,false,p2,accepted,,656402338,656404307207023,9
tf_policy_elo_616bc2f2_phase7_random_to40_2026-08-20,classic-random-8x8_g103_vs_g102.jsonl,classic-random-8x8,classic,random-start,8x8,tf:103,tf:102,true,p1,accepted,,656402338,656404307207024,10
tf_policy_elo_616bc2f2_phase7_random_to40_2026-08-20,classic-random-8x8_g103_vs_g102.jsonl,classic-random-8x8,classic,random-start,8x8,tf:102,tf:103,false,p1,accepted,,656402338,656404307207025,11
tf_policy_elo_616bc2f2_phase7_random_to40_2026-08-20,classic-random-8x8_g103_vs_g102.jsonl,classic-random-8x8,classic,random-start,8x8,tf:103,tf:102,true,p1,accepted,,656402338,656404307207026,12
tf_policy_elo_616bc2f2_phase7_random_to40_2026-08-20,classic-random-8x8_g103_vs_g102.jsonl,classic-random-8x8,classic,random-start,8x8,tf:102,tf:103,false,p1,accepted,,656402338,656404307207027,13
tf_policy_elo_616bc2f2_phase7_random_to40_2026-08-20,classic-random-8x8_g103_vs_g102.jsonl,classic-random-8x8,classic,random-start,8x8,tf:103,tf:102,true,p1,accepted,,656402338,656404307207028,14
tf_policy_elo_616bc2f2_phase7_random_to40_2026-08-20,classic-random-8x8_g103_vs_g102.jsonl,classic-random-8x8,classic,random-start,8x8,tf:102,tf:103,false,p1,accepted,,656402338,656404307207029,15
tf_policy_elo_616bc2f2_phase7_random_to40_2026-08-20,classic-random-8x8_g103_vs_g102.jsonl,classic-random-8x8,classic,random-start,8x8,tf:103,tf:102,true,p1,accepted,,656402338,656404307207030,16
tf_policy_elo_616bc2f2_phase7_random_to40_2026-08-20,classic-random-8x8_g103_vs_g102.jsonl,classic-random-8x8,classic,random-start,8x8,tf:102,tf:103,false,p1,accepted,,656402338,656404307207031,17
tf_policy_elo_616bc2f2_phase7_random_to40_2026-08-20,classic-random-8x8_g103_vs_g102.jsonl,classic-random-8x8,classic,random-start,8x8,tf:103,tf:102,true,p1,accepted,,656402338,656404307207032,18
tf_policy_elo_616bc2f2_phase7_random_to40_2026-08-20,classic-random-8x8_g103_vs_g102.jsonl,classic-random-8x8,classic,random-start,8x8,tf:102,tf:103,false,p1,accepted,,656402338,656404307207033,19
tf_policy_elo_616bc2f2_phase7_random_to40_2026-08-20,classic-random-8x8_g103_vs_g102.jsonl,classic-random-8x8,classic,random-start,8x8,tf:103,tf:102,true,p2,accepted,,656402338,656404307207034,20
tf_policy_elo_616bc2f2_phase7_random_to40_2026-08-20,classic-random-8x8_g103_vs_g102.jsonl,classic-random-8x8,classic,random-start,8x8,tf:102,tf:103,false,p1,accepted,,656402338,656404307207035,21
tf_policy_elo_616bc2f2_phase7_random_to40_2026-08-20,classic-random-8x8_g103_vs_g102.jsonl,classic-random-8x8,classic,random-start,8x8,tf:103,tf:102,true,p1,accepted,,656402338,656404307207036,22
tf_policy_elo_616bc2f2_phase7_random_to40_2026-08-20,classic-random-8x8_g103_vs_g102.jsonl,classic-random-8x8,classic,random-start,8x8,tf:102,tf:103,false,p1,accepted,,656402338,656404307207037,23
tf_policy_elo_616bc2f2_phase7_random_to40_2026-08-20,classic-random-8x8_g103_vs_g102.jsonl,classic-random-8x8,classic,random-start,8x8,tf:103,tf:102,true,p2,accepted,,656402338,656404307207038,24
tf_policy_elo_616bc2f2_phase7_random_to40_2026-08-20,classic-random-8x8_g103_vs_g102.jsonl,classic-random-8x8,classic,random-start,8x8,tf:102,tf:103,false,p1,accepted,,656402338,656404307207039,25
tf_policy_elo_616bc2f2_phase7_random_to40_2026-08-20,classic-random-8x8_g103_vs_g102.jsonl,classic-random-8x8,classic,random-start,8x8,tf:103,tf:102,true,p1,accepted,,656402338,656404307207040,26
tf_policy_elo_616bc2f2_phase7_random_to40_2026-08-20,classic-random-8x8_g103_vs_g102.jsonl,classic-random-8x8,classic,random-start,8x8,tf:102,tf:103,false,p1,accepted,,656402338,656404307207041,27
tf_policy_elo_616bc2f2_phase7_random_to40_2026-08-20,classic-random-8x8_g103_vs_g97.jsonl,classic-random-8x8,classic,random-start,8x8,tf:103,tf:97,true,p1,accepted,,656397338,656399307192014,0
tf_policy_elo_616bc2f2_phase7_random_to40_2026-08-20,classic-random-8x8_g103_vs_g97.jsonl,classic-random-8x8,classic,random-start,8x8,tf:97,tf:103,false,p2,accepted,,656397338,656399307192015,1
tf_policy_elo_616bc2f2_phase7_random_to40_2026-08-20,classic-random-8x8_g103_vs_g97.jsonl,classic-random-8x8,classic,random-start,8x8,tf:103,tf:97,true,p2,accepted,,656397338,656399307192016,2
tf_policy_elo_616bc2f2_phase7_random_to40_2026-08-20,classic-random-8x8_g103_vs_g97.jsonl,classic-random-8x8,classic,random-start,8x8,tf:97,tf:103,false,p2,accepted,,656397338,656399307192017,3
tf_policy_elo_616bc2f2_phase7_random_to40_2026-08-20,classic-random-8x8_g103_vs_g97.jsonl,classic-random-8x8,classic,random-start,8x8,tf:103,tf:97,true,p2,accepted,,656397338,656399307192018,4
tf_policy_elo_616bc2f2_phase7_random_to40_2026-08-20,classic-random-8x8_g103_vs_g97.jsonl,classic-random-8x8,classic,random-start,8x8,tf:97,tf:103,false,p2,accepted,,656397338,656399307192019,5
tf_policy_elo_616bc2f2_phase7_random_to40_2026-08-20,classic-random-8x8_g103_vs_g97.jsonl,classic-random-8x8,classic,random-start,8x8,tf:103,tf:97,true,p2,accepted,,656397338,656399307192020,6
tf_policy_elo_616bc2f2_phase7_random_to40_2026-08-20,classic-random-8x8_g103_vs_g97.jsonl,classic-random-8x8,classic,random-start,8x8,tf:97,tf:103,false,p2,accepted,,656397338,656399307192021,7
tf_policy_elo_616bc2f2_phase7_random_to40_2026-08-20,classic-random-8x8_g103_vs_g97.jsonl,classic-random-8x8,classic,random-start,8x8,tf:103,tf:97,true,p2,accepted,,656397338,656399307192022,8
tf_policy_elo_616bc2f2_phase7_random_to40_2026-08-20,classic-random-8x8_g103_vs_g97.jsonl,classic-random-8x8,classic,random-start,8x8,tf:97,tf:103,false,p1,accepted,,656397338,656399307192023,9
tf_policy_elo_616bc2f2_phase7_random_to40_2026-08-20,classic-random-8x8_g103_vs_g97.jsonl,classic-random-8x8,classic,random-start,8x8,tf:103,tf:97,true,p1,accepted,,656397338,656399307192024,10
tf_policy_elo_616bc2f2_phase7_random_to40_2026-08-20,classic-random-8x8_g103_vs_g97.jsonl,classic-random-8x8,classic,random-start,8x8,tf:97,tf:103,false,p1,accepted,,656397338,656399307192025,11
tf_policy_elo_616bc2f2_phase7_random_to40_2026-08-20,classic-random-8x8_g103_vs_g97.jsonl,classic-random-8x8,classic,random-start,8x8,tf:103,tf:97,true,p1,accepted,,656397338,656399307192026,12
tf_policy_elo_616bc2f2_phase7_random_to40_2026-08-20,classic-random-8x8_g103_vs_g97.jsonl,classic-random-8x8,classic,random-start,8x8,tf:97,tf:103,false,p2,accepted,,656397338,656399307192027,13
tf_policy_elo_616bc2f2_phase7_random_to40_2026-08-20,classic-random-8x8_g103_vs_g97.jsonl,classic-random-8x8,classic,random-start,8x8,tf:103,tf:97,true,p2,accepted,,656397338,656399307192028,14
tf_policy_elo_616bc2f2_phase7_random_to40_2026-08-20,classic-random-8x8_g103_vs_g97.jsonl,classic-random-8x8,classic,random-start,8x8,tf:97,tf:103,false,p1,accepted,,656397338,656399307192029,15
tf_policy_elo_616bc2f2_phase7_random_to40_2026-08-20,classic-random-8x8_g103_vs_g97.jsonl,classic-random-8x8,classic,random-start,8x8,tf:103,tf:97,true,p1,accepted,,656397338,656399307192030,16
tf_policy_elo_616bc2f2_phase7_random_to40_2026-08-20,classic-random-8x8_g103_vs_g97.jsonl,classic-random-8x8,classic,random-start,8x8,tf:97,tf:103,false,p1,accepted,,656397338,656399307192031,17
tf_policy_elo_616bc2f2_phase7_random_to40_2026-08-20,classic-random-8x8_g103_vs_g97.jsonl,classic-random-8x8,classic,random-start,8x8,tf:103,tf:97,true,p2,accepted,,656397338,656399307192032,18
tf_policy_elo_616bc2f2_phase7_random_to40_2026-08-20,classic-random-8x8_g103_vs_g97.jsonl,classic-random-8x8,classic,random-start,8x8,tf:97,tf:103,false,p2,accepted,,656397338,656399307192033,19
tf_policy_elo_616bc2f2_phase7_random_to40_2026-08-20,classic-random-8x8_g103_vs_g97.jsonl,classic-random-8x8,classic,random-start,8x8,tf:103,tf:97,true,p1,accepted,,656397338,656399307192034,20
tf_policy_elo_616bc2f2_phase7_random_to40_2026-08-20,classic-random-8x8_g103_vs_g97.jsonl,classic-random-8x8,classic,random-start,8x8,tf:97,tf:103,false,p2,accepted,,656397338,656399307192035,21
tf_policy_elo_616bc2f2_phase7_random_to40_2026-08-20,classic-random-8x8_g103_vs_g97.jsonl,classic-random-8x8,classic,random-start,8x8,tf:103,tf:97,true,p2,accepted,,656397338,656399307192036,22
tf_policy_elo_616bc2f2_phase7_random_to40_2026-08-20,classic-random-8x8_g103_vs_g97.jsonl,classic-random-8x8,classic,random-start,8x8,tf:97,tf:103,false,p2,accepted,,656397338,656399307192037,23
tf_policy_elo_616bc2f2_phase7_random_to40_2026-08-20,classic-random-8x8_g103_vs_g97.jsonl,classic-random-8x8,classic,random-start,8x8,tf:103,tf:97,true,p1,accepted,,656397338,656399307192038,24
tf_policy_elo_616bc2f2_phase7_random_to40_2026-08-20,classic-random-8x8_g103_vs_g97.jsonl,classic-random-8x8,classic,random-start,8x8,tf:97,tf:103,false,p2,accepted,,656397338,656399307192039,25
tf_policy_elo_616bc2f2_phase7_random_to40_2026-08-20,classic-random-8x8_g103_vs_g97.jsonl,classic-random-8x8,classic,random-start,8x8,tf:103,tf:97,true,p1,accepted,,656397338,656399307192040,26
tf_policy_elo_616bc2f2_phase7_random_to40_2026-08-20,classic-random-8x8_g103_vs_g97.jsonl,classic-random-8x8,classic,random-start,8x8,tf:97,tf:103,false,p1,accepted,,656397338,656399307192041,27
tf_policy_elo_616bc2f2_phase7_random_to40_2026-08-20,classic-random-8x8_g104_vs_g101.jsonl,classic-random-8x8,classic,random-start,8x8,tf:104,tf:101,true,p2,accepted,,656501338,656503307504014,0
tf_policy_elo_616bc2f2_phase7_random_to40_2026-08-20,classic-random-8x8_g104_vs_g101.jsonl,classic-random-8x8,classic,random-start,8x8,tf:101,tf:104,false,p2,accepted,,656501338,656503307504015,1
tf_policy_elo_616bc2f2_phase7_random_to40_2026-08-20,classic-random-8x8_g104_vs_g101.jsonl,classic-random-8x8,classic,random-start,8x8,tf:104,tf:101,true,p2,accepted,,656501338,656503307504016,2
tf_policy_elo_616bc2f2_phase7_random_to40_2026-08-20,classic-random-8x8_g104_vs_g101.jsonl,classic-random-8x8,classic,random-start,8x8,tf:101,tf:104,false,p1,accepted,,656501338,656503307504017,3
tf_policy_elo_616bc2f2_phase7_random_to40_2026-08-20,classic-random-8x8_g104_vs_g101.jsonl,classic-random-8x8,classic,random-start,8x8,tf:104,tf:101,true,p2,accepted,,656501338,656503307504018,4
tf_policy_elo_616bc2f2_phase7_random_to40_2026-08-20,classic-random-8x8_g104_vs_g101.jsonl,classic-random-8x8,classic,random-start,8x8,tf:101,tf:104,false,p1,accepted,,656501338,656503307504019,5
tf_policy_elo_616bc2f2_phase7_random_to40_2026-08-20,classic-random-8x8_g104_vs_g101.jsonl,classic-random-8x8,classic,random-start,8x8,tf:104,tf:101,true,p1,accepted,,656501338,656503307504020,6
tf_policy_elo_616bc2f2_phase7_random_to40_2026-08-20,classic-random-8x8_g104_vs_g101.jsonl,classic-random-8x8,classic,random-start,8x8,tf:101,tf:104,false,p2,accepted,,656501338,656503307504021,7
tf_policy_elo_616bc2f2_phase7_random_to40_2026-08-20,classic-random-8x8_g104_vs_g101.jsonl,classic-random-8x8,classic,random-start,8x8,tf:104,tf:101,true,p1,accepted,,656501338,656503307504022,8
tf_policy_elo_616bc2f2_phase7_random_to40_2026-08-20,classic-random-8x8_g104_vs_g101.jsonl,classic-random-8x8,classic,random-start,8x8,tf:101,tf:104,false,p2,accepted,,656501338,656503307504023,9
tf_policy_elo_616bc2f2_phase7_random_to40_2026-08-20,classic-random-8x8_g104_vs_g101.jsonl,classic-random-8x8,classic,random-start,8x8,tf:104,tf:101,true,p1,accepted,,656501338,656503307504024,10
tf_policy_elo_616bc2f2_phase7_random_to40_2026-08-20,classic-random-8x8_g104_vs_g101.jsonl,classic-random-8x8,classic,random-start,8x8,tf:101,tf:104,false,p1,accepted,,656501338,656503307504025,11
tf_policy_elo_616bc2f2_phase7_random_to40_2026-08-20,classic-random-8x8_g104_vs_g101.jsonl,classic-random-8x8,classic,random-start,8x8,tf:104,tf:101,true,p1,accepted,,656501338,656503307504026,12
tf_policy_elo_616bc2f2_phase7_random_to40_2026-08-20,classic-random-8x8_g104_vs_g101.jsonl,classic-random-8x8,classic,random-start,8x8,tf:101,tf:104,false,p1,accepted,,656501338,656503307504027,13
tf_policy_elo_616bc2f2_phase7_random_to40_2026-08-20,classic-random-8x8_g104_vs_g101.jsonl,classic-random-8x8,classic,random-start,8x8,tf:104,tf:101,true,p1,accepted,,656501338,656503307504028,14
tf_policy_elo_616bc2f2_phase7_random_to40_2026-08-20,classic-random-8x8_g104_vs_g101.jsonl,classic-random-8x8,classic,random-start,8x8,tf:101,tf:104,false,p2,accepted,,656501338,656503307504029,15
tf_policy_elo_616bc2f2_phase7_random_to40_2026-08-20,classic-random-8x8_g104_vs_g101.jsonl,classic-random-8x8,classic,random-start,8x8,tf:104,tf:101,true,p1,accepted,,656501338,656503307504030,16
tf_policy_elo_616bc2f2_phase7_random_to40_2026-08-20,classic-random-8x8_g104_vs_g101.jsonl,classic-random-8x8,classic,random-start,8x8,tf:101,tf:104,false,p1,accepted,,656501338,656503307504031,17
tf_policy_elo_616bc2f2_phase7_random_to40_2026-08-20,classic-random-8x8_g104_vs_g101.jsonl,classic-random-8x8,classic,random-start,8x8,tf:104,tf:101,true,p1,accepted,,656501338,656503307504032,18
tf_policy_elo_616bc2f2_phase7_random_to40_2026-08-20,classic-random-8x8_g104_vs_g101.jsonl,classic-random-8x8,classic,random-start,8x8,tf:101,tf:104,false,p1,accepted,,656501338,656503307504033,19
tf_policy_elo_616bc2f2_phase7_random_to40_2026-08-20,classic-random-8x8_g104_vs_g101.jsonl,classic-random-8x8,classic,random-start,8x8,tf:104,tf:101,true,p2,accepted,,656501338,656503307504034,20
tf_policy_elo_616bc2f2_phase7_random_to40_2026-08-20,classic-random-8x8_g104_vs_g101.jsonl,classic-random-8x8,classic,random-start,8x8,tf:101,tf:104,false,p2,accepted,,656501338,656503307504035,21
tf_policy_elo_616bc2f2_phase7_random_to40_2026-08-20,classic-random-8x8_g104_vs_g101.jsonl,classic-random-8x8,classic,random-start,8x8,tf:104,tf:101,true,p2,accepted,,656501338,656503307504036,22
tf_policy_elo_616bc2f2_phase7_random_to40_2026-08-20,classic-random-8x8_g104_vs_g101.jsonl,classic-random-8x8,classic,random-start,8x8,tf:101,tf:104,false,p1,accepted,,656501338,656503307504037,23
tf_policy_elo_616bc2f2_phase7_random_to40_2026-08-20,classic-random-8x8_g104_vs_g101.jsonl,classic-random-8x8,classic,random-start,8x8,tf:104,tf:101,true,p1,accepted,,656501338,656503307504038,24
tf_policy_elo_616bc2f2_phase7_random_to40_2026-08-20,classic-random-8x8_g104_vs_g101.jsonl,classic-random-8x8,classic,random-start,8x8,tf:101,tf:104,false,p1,accepted,,656501338,656503307504039,25
tf_policy_elo_616bc2f2_phase7_random_to40_2026-08-20,classic-random-8x8_g104_vs_g101.jsonl,classic-random-8x8,classic,random-start,8x8,tf:104,tf:101,true,p1,accepted,,656501338,656503307504040,26
tf_policy_elo_616bc2f2_phase7_random_to40_2026-08-20,classic-random-8x8_g104_vs_g101.jsonl,classic-random-8x8,classic,random-start,8x8,tf:101,tf:104,false,p1,accepted,,656501338,656503307504041,27
tf_policy_elo_616bc2f2_phase7_random_to40_2026-08-20,classic-random-8x8_g104_vs_g103.jsonl,classic-random-8x8,classic,random-start,8x8,tf:104,tf:103,true,p1,accepted,,656503338,656505307510014,0
tf_policy_elo_616bc2f2_phase7_random_to40_2026-08-20,classic-random-8x8_g104_vs_g103.jsonl,classic-random-8x8,classic,random-start,8x8,tf:103,tf:104,false,p2,accepted,,656503338,656505307510015,1
tf_policy_elo_616bc2f2_phase7_random_to40_2026-08-20,classic-random-8x8_g104_vs_g103.jsonl,classic-random-8x8,classic,random-start,8x8,tf:104,tf:103,true,p1,accepted,,656503338,656505307510016,2
tf_policy_elo_616bc2f2_phase7_random_to40_2026-08-20,classic-random-8x8_g104_vs_g103.jsonl,classic-random-8x8,classic,random-start,8x8,tf:103,tf:104,false,p1,accepted,,656503338,656505307510017,3
tf_policy_elo_616bc2f2_phase7_random_to40_2026-08-20,classic-random-8x8_g104_vs_g103.jsonl,classic-random-8x8,classic,random-start,8x8,tf:104,tf:103,true,p2,accepted,,656503338,656505307510018,4
tf_policy_elo_616bc2f2_phase7_random_to40_2026-08-20,classic-random-8x8_g104_vs_g103.jsonl,classic-random-8x8,classic,random-start,8x8,tf:103,tf:104,false,p1,accepted,,656503338,656505307510019,5
tf_policy_elo_616bc2f2_phase7_random_to40_2026-08-20,classic-random-8x8_g104_vs_g103.jsonl,classic-random-8x8,classic,random-start,8x8,tf:104,tf:103,true,p1,accepted,,656503338,656505307510020,6
tf_policy_elo_616bc2f2_phase7_random_to40_2026-08-20,classic-random-8x8_g104_vs_g103.jsonl,classic-random-8x8,classic,random-start,8x8,tf:103,tf:104,false,p2,accepted,,656503338,656505307510021,7
tf_policy_elo_616bc2f2_phase7_random_to40_2026-08-20,classic-random-8x8_g104_vs_g103.jsonl,classic-random-8x8,classic,random-start,8x8,tf:104,tf:103,true,p2,accepted,,656503338,656505307510022,8
tf_policy_elo_616bc2f2_phase7_random_to40_2026-08-20,classic-random-8x8_g104_vs_g103.jsonl,classic-random-8x8,classic,random-start,8x8,tf:103,tf:104,false,p1,accepted,,656503338,656505307510023,9
tf_policy_elo_616bc2f2_phase7_random_to40_2026-08-20,classic-random-8x8_g104_vs_g103.jsonl,classic-random-8x8,classic,random-start,8x8,tf:104,tf:103,true,p2,accepted,,656503338,656505307510024,10
tf_policy_elo_616bc2f2_phase7_random_to40_2026-08-20,classic-random-8x8_g104_vs_g103.jsonl,classic-random-8x8,classic,random-start,8x8,tf:103,tf:104,false,p1,accepted,,656503338,656505307510025,11
tf_policy_elo_616bc2f2_phase7_random_to40_2026-08-20,classic-random-8x8_g104_vs_g103.jsonl,classic-random-8x8,classic,random-start,8x8,tf:104,tf:103,true,p1,accepted,,656503338,656505307510026,12
tf_policy_elo_616bc2f2_phase7_random_to40_2026-08-20,classic-random-8x8_g104_vs_g103.jsonl,classic-random-8x8,classic,random-start,8x8,tf:103,tf:104,false,p1,accepted,,656503338,656505307510027,13
tf_policy_elo_616bc2f2_phase7_random_to40_2026-08-20,classic-random-8x8_g104_vs_g103.jsonl,classic-random-8x8,classic,random-start,8x8,tf:104,tf:103,true,p1,accepted,,656503338,656505307510028,14
tf_policy_elo_616bc2f2_phase7_random_to40_2026-08-20,classic-random-8x8_g104_vs_g103.jsonl,classic-random-8x8,classic,random-start,8x8,tf:103,tf:104,false,p1,accepted,,656503338,656505307510029,15
tf_policy_elo_616bc2f2_phase7_random_to40_2026-08-20,classic-random-8x8_g104_vs_g103.jsonl,classic-random-8x8,classic,random-start,8x8,tf:104,tf:103,true,p1,accepted,,656503338,656505307510030,16
tf_policy_elo_616bc2f2_phase7_random_to40_2026-08-20,classic-random-8x8_g104_vs_g103.jsonl,classic-random-8x8,classic,random-start,8x8,tf:103,tf:104,false,p1,accepted,,656503338,656505307510031,17
tf_policy_elo_616bc2f2_phase7_random_to40_2026-08-20,classic-random-8x8_g104_vs_g103.jsonl,classic-random-8x8,classic,random-start,8x8,tf:104,tf:103,true,p2,accepted,,656503338,656505307510032,18
tf_policy_elo_616bc2f2_phase7_random_to40_2026-08-20,classic-random-8x8_g104_vs_g103.jsonl,classic-random-8x8,classic,random-start,8x8,tf:103,tf:104,false,p1,accepted,,656503338,656505307510033,19
tf_policy_elo_616bc2f2_phase7_random_to40_2026-08-20,classic-random-8x8_g104_vs_g103.jsonl,classic-random-8x8,classic,random-start,8x8,tf:104,tf:103,true,p2,accepted,,656503338,656505307510034,20
tf_policy_elo_616bc2f2_phase7_random_to40_2026-08-20,classic-random-8x8_g104_vs_g103.jsonl,classic-random-8x8,classic,random-start,8x8,tf:103,tf:104,false,p1,accepted,,656503338,656505307510035,21
tf_policy_elo_616bc2f2_phase7_random_to40_2026-08-20,classic-random-8x8_g104_vs_g103.jsonl,classic-random-8x8,classic,random-start,8x8,tf:104,tf:103,true,p1,accepted,,656503338,656505307510036,22
tf_policy_elo_616bc2f2_phase7_random_to40_2026-08-20,classic-random-8x8_g104_vs_g103.jsonl,classic-random-8x8,classic,random-start,8x8,tf:103,tf:104,false,p2,accepted,,656503338,656505307510037,23
tf_policy_elo_616bc2f2_phase7_random_to40_2026-08-20,classic-random-8x8_g104_vs_g103.jsonl,classic-random-8x8,classic,random-start,8x8,tf:104,tf:103,true,p1,accepted,,656503338,656505307510038,24
tf_policy_elo_616bc2f2_phase7_random_to40_2026-08-20,classic-random-8x8_g104_vs_g103.jsonl,classic-random-8x8,classic,random-start,8x8,tf:103,tf:104,false,p1,accepted,,656503338,656505307510039,25
tf_policy_elo_616bc2f2_phase7_random_to40_2026-08-20,classic-random-8x8_g104_vs_g103.jsonl,classic-random-8x8,classic,random-start,8x8,tf:104,tf:103,true,p2,accepted,,656503338,656505307510040,26
tf_policy_elo_616bc2f2_phase7_random_to40_2026-08-20,classic-random-8x8_g104_vs_g103.jsonl,classic-random-8x8,classic,random-start,8x8,tf:103,tf:104,false,p2,accepted,,656503338,656505307510041,27
tf_policy_elo_616bc2f2_phase7_random_to40_2026-08-20,classic-random-8x8_g104_vs_g98.jsonl,classic-random-8x8,classic,random-start,8x8,tf:104,tf:98,true,p2,accepted,,656498338,656500307495014,0
tf_policy_elo_616bc2f2_phase7_random_to40_2026-08-20,classic-random-8x8_g104_vs_g98.jsonl,classic-random-8x8,classic,random-start,8x8,tf:98,tf:104,false,p1,accepted,,656498338,656500307495015,1
tf_policy_elo_616bc2f2_phase7_random_to40_2026-08-20,classic-random-8x8_g104_vs_g98.jsonl,classic-random-8x8,classic,random-start,8x8,tf:104,tf:98,true,p2,accepted,,656498338,656500307495016,2
tf_policy_elo_616bc2f2_phase7_random_to40_2026-08-20,classic-random-8x8_g104_vs_g98.jsonl,classic-random-8x8,classic,random-start,8x8,tf:98,tf:104,false,p1,accepted,,656498338,656500307495017,3
tf_policy_elo_616bc2f2_phase7_random_to40_2026-08-20,classic-random-8x8_g104_vs_g98.jsonl,classic-random-8x8,classic,random-start,8x8,tf:104,tf:98,true,p2,accepted,,656498338,656500307495018,4
tf_policy_elo_616bc2f2_phase7_random_to40_2026-08-20,classic-random-8x8_g104_vs_g98.jsonl,classic-random-8x8,classic,random-start,8x8,tf:98,tf:104,false,p1,accepted,,656498338,656500307495019,5
tf_policy_elo_616bc2f2_phase7_random_to40_2026-08-20,classic-random-8x8_g104_vs_g98.jsonl,classic-random-8x8,classic,random-start,8x8,tf:104,tf:98,true,p1,accepted,,656498338,656500307495020,6
tf_policy_elo_616bc2f2_phase7_random_to40_2026-08-20,classic-random-8x8_g104_vs_g98.jsonl,classic-random-8x8,classic,random-start,8x8,tf:98,tf:104,false,p1,accepted,,656498338,656500307495021,7
tf_policy_elo_616bc2f2_phase7_random_to40_2026-08-20,classic-random-8x8_g104_vs_g98.jsonl,classic-random-8x8,classic,random-start,8x8,tf:104,tf:98,true,p1,accepted,,656498338,656500307495022,8
tf_policy_elo_616bc2f2_phase7_random_to40_2026-08-20,classic-random-8x8_g104_vs_g98.jsonl,classic-random-8x8,classic,random-start,8x8,tf:98,tf:104,false,p1,accepted,,656498338,656500307495023,9
tf_policy_elo_616bc2f2_phase7_random_to40_2026-08-20,classic-random-8x8_g104_vs_g98.jsonl,classic-random-8x8,classic,random-start,8x8,tf:104,tf:98,true,p1,accepted,,656498338,656500307495024,10
tf_policy_elo_616bc2f2_phase7_random_to40_2026-08-20,classic-random-8x8_g104_vs_g98.jsonl,classic-random-8x8,classic,random-start,8x8,tf:98,tf:104,false,p2,accepted,,656498338,656500307495025,11
tf_policy_elo_616bc2f2_phase7_random_to40_2026-08-20,classic-random-8x8_g104_vs_g98.jsonl,classic-random-8x8,classic,random-start,8x8,tf:104,tf:98,true,p1,accepted,,656498338,656500307495026,12
tf_policy_elo_616bc2f2_phase7_random_to40_2026-08-20,classic-random-8x8_g104_vs_g98.jsonl,classic-random-8x8,classic,random-start,8x8,tf:98,tf:104,false,p1,accepted,,656498338,656500307495027,13
tf_policy_elo_616bc2f2_phase7_random_to40_2026-08-20,classic-random-8x8_g104_vs_g98.jsonl,classic-random-8x8,classic,random-start,8x8,tf:104,tf:98,true,p1,accepted,,656498338,656500307495028,14
tf_policy_elo_616bc2f2_phase7_random_to40_2026-08-20,classic-random-8x8_g104_vs_g98.jsonl,classic-random-8x8,classic,random-start,8x8,tf:98,tf:104,false,p1,accepted,,656498338,656500307495029,15
tf_policy_elo_616bc2f2_phase7_random_to40_2026-08-20,classic-random-8x8_g104_vs_g98.jsonl,classic-random-8x8,classic,random-start,8x8,tf:104,tf:98,true,p1,accepted,,656498338,656500307495030,16
tf_policy_elo_616bc2f2_phase7_random_to40_2026-08-20,classic-random-8x8_g104_vs_g98.jsonl,classic-random-8x8,classic,random-start,8x8,tf:98,tf:104,false,p2,accepted,,656498338,656500307495031,17
tf_policy_elo_616bc2f2_phase7_random_to40_2026-08-20,classic-random-8x8_g104_vs_g98.jsonl,classic-random-8x8,classic,random-start,8x8,tf:104,tf:98,true,p2,accepted,,656498338,656500307495032,18
tf_policy_elo_616bc2f2_phase7_random_to40_2026-08-20,classic-random-8x8_g104_vs_g98.jsonl,classic-random-8x8,classic,random-start,8x8,tf:98,tf:104,false,p2,accepted,,656498338,656500307495033,19
tf_policy_elo_616bc2f2_phase7_random_to40_2026-08-20,classic-random-8x8_g104_vs_g98.jsonl,classic-random-8x8,classic,random-start,8x8,tf:104,tf:98,true,p1,accepted,,656498338,656500307495034,20
tf_policy_elo_616bc2f2_phase7_random_to40_2026-08-20,classic-random-8x8_g104_vs_g98.jsonl,classic-random-8x8,classic,random-start,8x8,tf:98,tf:104,false,p1,accepted,,656498338,656500307495035,21
tf_policy_elo_616bc2f2_phase7_random_to40_2026-08-20,classic-random-8x8_g104_vs_g98.jsonl,classic-random-8x8,classic,random-start,8x8,tf:104,tf:98,true,p1,accepted,,656498338,656500307495036,22
tf_policy_elo_616bc2f2_phase7_random_to40_2026-08-20,classic-random-8x8_g104_vs_g98.jsonl,classic-random-8x8,classic,random-start,8x8,tf:98,tf:104,false,p1,accepted,,656498338,656500307495037,23
tf_policy_elo_616bc2f2_phase7_random_to40_2026-08-20,classic-random-8x8_g104_vs_g98.jsonl,classic-random-8x8,classic,random-start,8x8,tf:104,tf:98,true,p2,accepted,,656498338,656500307495038,24
tf_policy_elo_616bc2f2_phase7_random_to40_2026-08-20,classic-random-8x8_g104_vs_g98.jsonl,classic-random-8x8,classic,random-start,8x8,tf:98,tf:104,false,p1,accepted,,656498338,656500307495039,25
tf_policy_elo_616bc2f2_phase7_random_to40_2026-08-20,classic-random-8x8_g104_vs_g98.jsonl,classic-random-8x8,classic,random-start,8x8,tf:104,tf:98,true,p1,accepted,,656498338,656500307495040,26
tf_policy_elo_616bc2f2_phase7_random_to40_2026-08-20,classic-random-8x8_g104_vs_g98.jsonl,classic-random-8x8,classic,random-start,8x8,tf:98,tf:104,false,p2,accepted,,656498338,656500307495041,27
tf_policy_elo_616bc2f2_phase7_random_to40_2026-08-20,classic-random-8x8_g105_vs_g102.jsonl,classic-random-8x8,classic,random-start,8x8,tf:105,tf:102,true,p2,accepted,,656602338,656604307807014,0
tf_policy_elo_616bc2f2_phase7_random_to40_2026-08-20,classic-random-8x8_g105_vs_g102.jsonl,classic-random-8x8,classic,random-start,8x8,tf:102,tf:105,false,p1,accepted,,656602338,656604307807015,1
tf_policy_elo_616bc2f2_phase7_random_to40_2026-08-20,classic-random-8x8_g105_vs_g102.jsonl,classic-random-8x8,classic,random-start,8x8,tf:105,tf:102,true,p1,accepted,,656602338,656604307807016,2
tf_policy_elo_616bc2f2_phase7_random_to40_2026-08-20,classic-random-8x8_g105_vs_g102.jsonl,classic-random-8x8,classic,random-start,8x8,tf:102,tf:105,false,p1,accepted,,656602338,656604307807017,3
tf_policy_elo_616bc2f2_phase7_random_to40_2026-08-20,classic-random-8x8_g105_vs_g102.jsonl,classic-random-8x8,classic,random-start,8x8,tf:105,tf:102,true,p1,accepted,,656602338,656604307807018,4
tf_policy_elo_616bc2f2_phase7_random_to40_2026-08-20,classic-random-8x8_g105_vs_g102.jsonl,classic-random-8x8,classic,random-start,8x8,tf:102,tf:105,false,p1,accepted,,656602338,656604307807019,5
tf_policy_elo_616bc2f2_phase7_random_to40_2026-08-20,classic-random-8x8_g105_vs_g102.jsonl,classic-random-8x8,classic,random-start,8x8,tf:105,tf:102,true,p1,accepted,,656602338,656604307807020,6
tf_policy_elo_616bc2f2_phase7_random_to40_2026-08-20,classic-random-8x8_g105_vs_g102.jsonl,classic-random-8x8,classic,random-start,8x8,tf:102,tf:105,false,p1,accepted,,656602338,656604307807021,7
tf_policy_elo_616bc2f2_phase7_random_to40_2026-08-20,classic-random-8x8_g105_vs_g102.jsonl,classic-random-8x8,classic,random-start,8x8,tf:105,tf:102,true,p2,accepted,,656602338,656604307807022,8
tf_policy_elo_616bc2f2_phase7_random_to40_2026-08-20,classic-random-8x8_g105_vs_g102.jsonl,classic-random-8x8,classic,random-start,8x8,tf:102,tf:105,false,p1,accepted,,656602338,656604307807023,9
tf_policy_elo_616bc2f2_phase7_random_to40_2026-08-20,classic-random-8x8_g105_vs_g102.jsonl,classic-random-8x8,classic,random-start,8x8,tf:105,tf:102,true,p1,accepted,,656602338,656604307807024,10
tf_policy_elo_616bc2f2_phase7_random_to40_2026-08-20,classic-random-8x8_g105_vs_g102.jsonl,classic-random-8x8,classic,random-start,8x8,tf:102,tf:105,false,p2,accepted,,656602338,656604307807025,11
tf_policy_elo_616bc2f2_phase7_random_to40_2026-08-20,classic-random-8x8_g105_vs_g102.jsonl,classic-random-8x8,classic,random-start,8x8,tf:105,tf:102,true,p2,accepted,,656602338,656604307807026,12
tf_policy_elo_616bc2f2_phase7_random_to40_2026-08-20,classic-random-8x8_g105_vs_g102.jsonl,classic-random-8x8,classic,random-start,8x8,tf:102,tf:105,false,p1,accepted,,656602338,656604307807027,13
tf_policy_elo_616bc2f2_phase7_random_to40_2026-08-20,classic-random-8x8_g105_vs_g102.jsonl,classic-random-8x8,classic,random-start,8x8,tf:105,tf:102,true,p1,accepted,,656602338,656604307807028,14
tf_policy_elo_616bc2f2_phase7_random_to40_2026-08-20,classic-random-8x8_g105_vs_g102.jsonl,classic-random-8x8,classic,random-start,8x8,tf:102,tf:105,false,p1,accepted,,656602338,656604307807029,15
tf_policy_elo_616bc2f2_phase7_random_to40_2026-08-20,classic-random-8x8_g105_vs_g102.jsonl,classic-random-8x8,classic,random-start,8x8,tf:105,tf:102,true,p1,accepted,,656602338,656604307807030,16
tf_policy_elo_616bc2f2_phase7_random_to40_2026-08-20,classic-random-8x8_g105_vs_g102.jsonl,classic-random-8x8,classic,random-start,8x8,tf:102,tf:105,false,p2,accepted,,656602338,656604307807031,17
tf_policy_elo_616bc2f2_phase7_random_to40_2026-08-20,classic-random-8x8_g105_vs_g102.jsonl,classic-random-8x8,classic,random-start,8x8,tf:105,tf:102,true,p1,accepted,,656602338,656604307807032,18
tf_policy_elo_616bc2f2_phase7_random_to40_2026-08-20,classic-random-8x8_g105_vs_g102.jsonl,classic-random-8x8,classic,random-start,8x8,tf:102,tf:105,false,p1,accepted,,656602338,656604307807033,19
tf_policy_elo_616bc2f2_phase7_random_to40_2026-08-20,classic-random-8x8_g105_vs_g102.jsonl,classic-random-8x8,classic,random-start,8x8,tf:105,tf:102,true,p1,accepted,,656602338,656604307807034,20
tf_policy_elo_616bc2f2_phase7_random_to40_2026-08-20,classic-random-8x8_g105_vs_g102.jsonl,classic-random-8x8,classic,random-start,8x8,tf:102,tf:105,false,p1,accepted,,656602338,656604307807035,21
tf_policy_elo_616bc2f2_phase7_random_to40_2026-08-20,classic-random-8x8_g105_vs_g102.jsonl,classic-random-8x8,classic,random-start,8x8,tf:105,tf:102,true,p2,accepted,,656602338,656604307807036,22
tf_policy_elo_616bc2f2_phase7_random_to40_2026-08-20,classic-random-8x8_g105_vs_g102.jsonl,classic-random-8x8,classic,random-start,8x8,tf:102,tf:105,false,p1,accepted,,656602338,656604307807037,23
tf_policy_elo_616bc2f2_phase7_random_to40_2026-08-20,classic-random-8x8_g105_vs_g102.jsonl,classic-random-8x8,classic,random-start,8x8,tf:105,tf:102,true,p1,accepted,,656602338,656604307807038,24
tf_policy_elo_616bc2f2_phase7_random_to40_2026-08-20,classic-random-8x8_g105_vs_g102.jsonl,classic-random-8x8,classic,random-start,8x8,tf:102,tf:105,false,p1,accepted,,656602338,656604307807039,25
tf_policy_elo_616bc2f2_phase7_random_to40_2026-08-20,classic-random-8x8_g105_vs_g102.jsonl,classic-random-8x8,classic,random-start,8x8,tf:105,tf:102,true,p1,accepted,,656602338,656604307807040,26
tf_policy_elo_616bc2f2_phase7_random_to40_2026-08-20,classic-random-8x8_g105_vs_g102.jsonl,classic-random-8x8,classic,random-start,8x8,tf:102,tf:105,false,p2,accepted,,656602338,656604307807041,27
tf_policy_elo_616bc2f2_phase7_random_to40_2026-08-20,classic-random-8x8_g105_vs_g104.jsonl,classic-random-8x8,classic,random-start,8x8,tf:105,tf:104,true,p1,accepted,,656604338,656606307813014,0
tf_policy_elo_616bc2f2_phase7_random_to40_2026-08-20,classic-random-8x8_g105_vs_g104.jsonl,classic-random-8x8,classic,random-start,8x8,tf:104,tf:105,false,p2,accepted,,656604338,656606307813015,1
tf_policy_elo_616bc2f2_phase7_random_to40_2026-08-20,classic-random-8x8_g105_vs_g104.jsonl,classic-random-8x8,classic,random-start,8x8,tf:105,tf:104,true,p1,accepted,,656604338,656606307813016,2
tf_policy_elo_616bc2f2_phase7_random_to40_2026-08-20,classic-random-8x8_g105_vs_g104.jsonl,classic-random-8x8,classic,random-start,8x8,tf:104,tf:105,false,p2,accepted,,656604338,656606307813017,3
tf_policy_elo_616bc2f2_phase7_random_to40_2026-08-20,classic-random-8x8_g105_vs_g104.jsonl,classic-random-8x8,classic,random-start,8x8,tf:105,tf:104,true,p2,accepted,,656604338,656606307813018,4
tf_policy_elo_616bc2f2_phase7_random_to40_2026-08-20,classic-random-8x8_g105_vs_g104.jsonl,classic-random-8x8,classic,random-start,8x8,tf:104,tf:105,false,p1,accepted,,656604338,656606307813019,5
tf_policy_elo_616bc2f2_phase7_random_to40_2026-08-20,classic-random-8x8_g105_vs_g104.jsonl,classic-random-8x8,classic,random-start,8x8,tf:105,tf:104,true,p2,accepted,,656604338,656606307813020,6
tf_policy_elo_616bc2f2_phase7_random_to40_2026-08-20,classic-random-8x8_g105_vs_g104.jsonl,classic-random-8x8,classic,random-start,8x8,tf:104,tf:105,false,p2,accepted,,656604338,656606307813021,7
tf_policy_elo_616bc2f2_phase7_random_to40_2026-08-20,classic-random-8x8_g105_vs_g104.jsonl,classic-random-8x8,classic,random-start,8x8,tf:105,tf:104,true,p1,accepted,,656604338,656606307813022,8
tf_policy_elo_616bc2f2_phase7_random_to40_2026-08-20,classic-random-8x8_g105_vs_g104.jsonl,classic-random-8x8,classic,random-start,8x8,tf:104,tf:105,false,p1,accepted,,656604338,656606307813023,9
tf_policy_elo_616bc2f2_phase7_random_to40_2026-08-20,classic-random-8x8_g105_vs_g104.jsonl,classic-random-8x8,classic,random-start,8x8,tf:105,tf:104,true,p1,accepted,,656604338,656606307813024,10
tf_policy_elo_616bc2f2_phase7_random_to40_2026-08-20,classic-random-8x8_g105_vs_g104.jsonl,classic-random-8x8,classic,random-start,8x8,tf:104,tf:105,false,p2,accepted,,656604338,656606307813025,11
tf_policy_elo_616bc2f2_phase7_random_to40_2026-08-20,classic-random-8x8_g105_vs_g104.jsonl,classic-random-8x8,classic,random-start,8x8,tf:105,tf:104,true,p2,accepted,,656604338,656606307813026,12
tf_policy_elo_616bc2f2_phase7_random_to40_2026-08-20,classic-random-8x8_g105_vs_g104.jsonl,classic-random-8x8,classic,random-start,8x8,tf:104,tf:105,false,p2,accepted,,656604338,656606307813027,13
tf_policy_elo_616bc2f2_phase7_random_to40_2026-08-20,classic-random-8x8_g105_vs_g104.jsonl,classic-random-8x8,classic,random-start,8x8,tf:105,tf:104,true,p2,accepted,,656604338,656606307813028,14
tf_policy_elo_616bc2f2_phase7_random_to40_2026-08-20,classic-random-8x8_g105_vs_g104.jsonl,classic-random-8x8,classic,random-start,8x8,tf:104,tf:105,false,p1,accepted,,656604338,656606307813029,15
tf_policy_elo_616bc2f2_phase7_random_to40_2026-08-20,classic-random-8x8_g105_vs_g104.jsonl,classic-random-8x8,classic,random-start,8x8,tf:105,tf:104,true,p1,accepted,,656604338,656606307813030,16
tf_policy_elo_616bc2f2_phase7_random_to40_2026-08-20,classic-random-8x8_g105_vs_g104.jsonl,classic-random-8x8,classic,random-start,8x8,tf:104,tf:105,false,p2,accepted,,656604338,656606307813031,17
tf_policy_elo_616bc2f2_phase7_random_to40_2026-08-20,classic-random-8x8_g105_vs_g104.jsonl,classic-random-8x8,classic,random-start,8x8,tf:105,tf:104,true,p1,accepted,,656604338,656606307813032,18
tf_policy_elo_616bc2f2_phase7_random_to40_2026-08-20,classic-random-8x8_g105_vs_g104.jsonl,classic-random-8x8,classic,random-start,8x8,tf:104,tf:105,false,p1,accepted,,656604338,656606307813033,19
tf_policy_elo_616bc2f2_phase7_random_to40_2026-08-20,classic-random-8x8_g105_vs_g104.jsonl,classic-random-8x8,classic,random-start,8x8,tf:105,tf:104,true,p1,accepted,,656604338,656606307813034,20
tf_policy_elo_616bc2f2_phase7_random_to40_2026-08-20,classic-random-8x8_g105_vs_g104.jsonl,classic-random-8x8,classic,random-start,8x8,tf:104,tf:105,false,p2,accepted,,656604338,656606307813035,21
tf_policy_elo_616bc2f2_phase7_random_to40_2026-08-20,classic-random-8x8_g105_vs_g104.jsonl,classic-random-8x8,classic,random-start,8x8,tf:105,tf:104,true,p1,accepted,,656604338,656606307813036,22
tf_policy_elo_616bc2f2_phase7_random_to40_2026-08-20,classic-random-8x8_g105_vs_g104.jsonl,classic-random-8x8,classic,random-start,8x8,tf:104,tf:105,false,p2,accepted,,656604338,656606307813037,23
tf_policy_elo_616bc2f2_phase7_random_to40_2026-08-20,classic-random-8x8_g105_vs_g104.jsonl,classic-random-8x8,classic,random-start,8x8,tf:105,tf:104,true,p2,accepted,,656604338,656606307813038,24
tf_policy_elo_616bc2f2_phase7_random_to40_2026-08-20,classic-random-8x8_g105_vs_g104.jsonl,classic-random-8x8,classic,random-start,8x8,tf:104,tf:105,false,p2,accepted,,656604338,656606307813039,25
tf_policy_elo_616bc2f2_phase7_random_to40_2026-08-20,classic-random-8x8_g105_vs_g104.jsonl,classic-random-8x8,classic,random-start,8x8,tf:105,tf:104,true,p2,accepted,,656604338,656606307813040,26
tf_policy_elo_616bc2f2_phase7_random_to40_2026-08-20,classic-random-8x8_g105_vs_g104.jsonl,classic-random-8x8,classic,random-start,8x8,tf:104,tf:105,false,p1,accepted,,656604338,656606307813041,27
tf_policy_elo_616bc2f2_phase7_random_to40_2026-08-20,classic-random-8x8_g105_vs_g99.jsonl,classic-random-8x8,classic,random-start,8x8,tf:105,tf:99,true,p2,accepted,,656599338,656601307798014,0
tf_policy_elo_616bc2f2_phase7_random_to40_2026-08-20,classic-random-8x8_g105_vs_g99.jsonl,classic-random-8x8,classic,random-start,8x8,tf:99,tf:105,false,p2,accepted,,656599338,656601307798015,1
tf_policy_elo_616bc2f2_phase7_random_to40_2026-08-20,classic-random-8x8_g105_vs_g99.jsonl,classic-random-8x8,classic,random-start,8x8,tf:105,tf:99,true,p1,accepted,,656599338,656601307798016,2
tf_policy_elo_616bc2f2_phase7_random_to40_2026-08-20,classic-random-8x8_g105_vs_g99.jsonl,classic-random-8x8,classic,random-start,8x8,tf:99,tf:105,false,p2,accepted,,656599338,656601307798017,3
tf_policy_elo_616bc2f2_phase7_random_to40_2026-08-20,classic-random-8x8_g105_vs_g99.jsonl,classic-random-8x8,classic,random-start,8x8,tf:105,tf:99,true,p1,accepted,,656599338,656601307798018,4
tf_policy_elo_616bc2f2_phase7_random_to40_2026-08-20,classic-random-8x8_g105_vs_g99.jsonl,classic-random-8x8,classic,random-start,8x8,tf:99,tf:105,false,p1,accepted,,656599338,656601307798019,5
tf_policy_elo_616bc2f2_phase7_random_to40_2026-08-20,classic-random-8x8_g105_vs_g99.jsonl,classic-random-8x8,classic,random-start,8x8,tf:105,tf:99,true,p2,accepted,,656599338,656601307798020,6
tf_policy_elo_616bc2f2_phase7_random_to40_2026-08-20,classic-random-8x8_g105_vs_g99.jsonl,classic-random-8x8,classic,random-start,8x8,tf:99,tf:105,false,p1,accepted,,656599338,656601307798021,7
tf_policy_elo_616bc2f2_phase7_random_to40_2026-08-20,classic-random-8x8_g105_vs_g99.jsonl,classic-random-8x8,classic,random-start,8x8,tf:105,tf:99,true,p1,accepted,,656599338,656601307798022,8
tf_policy_elo_616bc2f2_phase7_random_to40_2026-08-20,classic-random-8x8_g105_vs_g99.jsonl,classic-random-8x8,classic,random-start,8x8,tf:99,tf:105,false,p1,accepted,,656599338,656601307798023,9
tf_policy_elo_616bc2f2_phase7_random_to40_2026-08-20,classic-random-8x8_g105_vs_g99.jsonl,classic-random-8x8,classic,random-start,8x8,tf:105,tf:99,true,p1,accepted,,656599338,656601307798024,10
tf_policy_elo_616bc2f2_phase7_random_to40_2026-08-20,classic-random-8x8_g105_vs_g99.jsonl,classic-random-8x8,classic,random-start,8x8,tf:99,tf:105,false,p2,accepted,,656599338,656601307798025,11
tf_policy_elo_616bc2f2_phase7_random_to40_2026-08-20,classic-random-8x8_g105_vs_g99.jsonl,classic-random-8x8,classic,random-start,8x8,tf:105,tf:99,true,p1,accepted,,656599338,656601307798026,12
tf_policy_elo_616bc2f2_phase7_random_to40_2026-08-20,classic-random-8x8_g105_vs_g99.jsonl,classic-random-8x8,classic,random-start,8x8,tf:99,tf:105,false,p1,accepted,,656599338,656601307798027,13
tf_policy_elo_616bc2f2_phase7_random_to40_2026-08-20,classic-random-8x8_g105_vs_g99.jsonl,classic-random-8x8,classic,random-start,8x8,tf:105,tf:99,true,p1,accepted,,656599338,656601307798028,14
tf_policy_elo_616bc2f2_phase7_random_to40_2026-08-20,classic-random-8x8_g105_vs_g99.jsonl,classic-random-8x8,classic,random-start,8x8,tf:99,tf:105,false,p1,accepted,,656599338,656601307798029,15
tf_policy_elo_616bc2f2_phase7_random_to40_2026-08-20,classic-random-8x8_g105_vs_g99.jsonl,classic-random-8x8,classic,random-start,8x8,tf:105,tf:99,true,p1,accepted,,656599338,656601307798030,16
tf_policy_elo_616bc2f2_phase7_random_to40_2026-08-20,classic-random-8x8_g105_vs_g99.jsonl,classic-random-8x8,classic,random-start,8x8,tf:99,tf:105,false,p1,accepted,,656599338,656601307798031,17
tf_policy_elo_616bc2f2_phase7_random_to40_2026-08-20,classic-random-8x8_g105_vs_g99.jsonl,classic-random-8x8,classic,random-start,8x8,tf:105,tf:99,true,p2,accepted,,656599338,656601307798032,18
tf_policy_elo_616bc2f2_phase7_random_to40_2026-08-20,classic-random-8x8_g105_vs_g99.jsonl,classic-random-8x8,classic,random-start,8x8,tf:99,tf:105,false,p2,accepted,,656599338,656601307798033,19
tf_policy_elo_616bc2f2_phase7_random_to40_2026-08-20,classic-random-8x8_g105_vs_g99.jsonl,classic-random-8x8,classic,random-start,8x8,tf:105,tf:99,true,p1,accepted,,656599338,656601307798034,20
tf_policy_elo_616bc2f2_phase7_random_to40_2026-08-20,classic-random-8x8_g105_vs_g99.jsonl,classic-random-8x8,classic,random-start,8x8,tf:99,tf:105,false,p1,accepted,,656599338,656601307798035,21
tf_policy_elo_616bc2f2_phase7_random_to40_2026-08-20,classic-random-8x8_g105_vs_g99.jsonl,classic-random-8x8,classic,random-start,8x8,tf:105,tf:99,true,p1,accepted,,656599338,656601307798036,22
tf_policy_elo_616bc2f2_phase7_random_to40_2026-08-20,classic-random-8x8_g105_vs_g99.jsonl,classic-random-8x8,classic,random-start,8x8,tf:99,tf:105,false,p2,accepted,,656599338,656601307798037,23
tf_policy_elo_616bc2f2_phase7_random_to40_2026-08-20,classic-random-8x8_g105_vs_g99.jsonl,classic-random-8x8,classic,random-start,8x8,tf:105,tf:99,true,p2,accepted,,656599338,656601307798038,24
tf_policy_elo_616bc2f2_phase7_random_to40_2026-08-20,classic-random-8x8_g105_vs_g99.jsonl,classic-random-8x8,classic,random-start,8x8,tf:99,tf:105,false,p2,accepted,,656599338,656601307798039,25
tf_policy_elo_616bc2f2_phase7_random_to40_2026-08-20,classic-random-8x8_g105_vs_g99.jsonl,classic-random-8x8,classic,random-start,8x8,tf:105,tf:99,true,p1,accepted,,656599338,656601307798040,26
tf_policy_elo_616bc2f2_phase7_random_to40_2026-08-20,classic-random-8x8_g105_vs_g99.jsonl,classic-random-8x8,classic,random-start,8x8,tf:99,tf:105,false,p1,accepted,,656599338,656601307798041,27
tf_policy_elo_616bc2f2_phase7_random_to40_2026-08-20,classic-random-8x8_g106_vs_g100.jsonl,classic-random-8x8,classic,random-start,8x8,tf:106,tf:100,true,p2,accepted,,656700338,656702308101014,0
tf_policy_elo_616bc2f2_phase7_random_to40_2026-08-20,classic-random-8x8_g106_vs_g100.jsonl,classic-random-8x8,classic,random-start,8x8,tf:100,tf:106,false,p2,accepted,,656700338,656702308101015,1
tf_policy_elo_616bc2f2_phase7_random_to40_2026-08-20,classic-random-8x8_g106_vs_g100.jsonl,classic-random-8x8,classic,random-start,8x8,tf:106,tf:100,true,p1,accepted,,656700338,656702308101016,2
tf_policy_elo_616bc2f2_phase7_random_to40_2026-08-20,classic-random-8x8_g106_vs_g100.jsonl,classic-random-8x8,classic,random-start,8x8,tf:100,tf:106,false,p2,accepted,,656700338,656702308101017,3
tf_policy_elo_616bc2f2_phase7_random_to40_2026-08-20,classic-random-8x8_g106_vs_g100.jsonl,classic-random-8x8,classic,random-start,8x8,tf:106,tf:100,true,p2,accepted,,656700338,656702308101018,4
tf_policy_elo_616bc2f2_phase7_random_to40_2026-08-20,classic-random-8x8_g106_vs_g100.jsonl,classic-random-8x8,classic,random-start,8x8,tf:100,tf:106,false,p1,accepted,,656700338,656702308101019,5
tf_policy_elo_616bc2f2_phase7_random_to40_2026-08-20,classic-random-8x8_g106_vs_g100.jsonl,classic-random-8x8,classic,random-start,8x8,tf:106,tf:100,true,p2,accepted,,656700338,656702308101020,6
tf_policy_elo_616bc2f2_phase7_random_to40_2026-08-20,classic-random-8x8_g106_vs_g100.jsonl,classic-random-8x8,classic,random-start,8x8,tf:100,tf:106,false,p2,accepted,,656700338,656702308101021,7
tf_policy_elo_616bc2f2_phase7_random_to40_2026-08-20,classic-random-8x8_g106_vs_g100.jsonl,classic-random-8x8,classic,random-start,8x8,tf:106,tf:100,true,p1,accepted,,656700338,656702308101022,8
tf_policy_elo_616bc2f2_phase7_random_to40_2026-08-20,classic-random-8x8_g106_vs_g100.jsonl,classic-random-8x8,classic,random-start,8x8,tf:100,tf:106,false,p2,accepted,,656700338,656702308101023,9
tf_policy_elo_616bc2f2_phase7_random_to40_2026-08-20,classic-random-8x8_g106_vs_g100.jsonl,classic-random-8x8,classic,random-start,8x8,tf:106,tf:100,true,p2,accepted,,656700338,656702308101024,10
tf_policy_elo_616bc2f2_phase7_random_to40_2026-08-20,classic-random-8x8_g106_vs_g100.jsonl,classic-random-8x8,classic,random-start,8x8,tf:100,tf:106,false,p1,accepted,,656700338,656702308101025,11
tf_policy_elo_616bc2f2_phase7_random_to40_2026-08-20,classic-random-8x8_g106_vs_g100.jsonl,classic-random-8x8,classic,random-start,8x8,tf:106,tf:100,true,p2,accepted,,656700338,656702308101026,12
tf_policy_elo_616bc2f2_phase7_random_to40_2026-08-20,classic-random-8x8_g106_vs_g100.jsonl,classic-random-8x8,classic,random-start,8x8,tf:100,tf:106,false,p1,accepted,,656700338,656702308101027,13
tf_policy_elo_616bc2f2_phase7_random_to40_2026-08-20,classic-random-8x8_g106_vs_g100.jsonl,classic-random-8x8,classic,random-start,8x8,tf:106,tf:100,true,p1,accepted,,656700338,656702308101028,14
tf_policy_elo_616bc2f2_phase7_random_to40_2026-08-20,classic-random-8x8_g106_vs_g100.jsonl,classic-random-8x8,classic,random-start,8x8,tf:100,tf:106,false,p1,accepted,,656700338,656702308101029,15
tf_policy_elo_616bc2f2_phase7_random_to40_2026-08-20,classic-random-8x8_g106_vs_g100.jsonl,classic-random-8x8,classic,random-start,8x8,tf:106,tf:100,true,p1,accepted,,656700338,656702308101030,16
tf_policy_elo_616bc2f2_phase7_random_to40_2026-08-20,classic-random-8x8_g106_vs_g100.jsonl,classic-random-8x8,classic,random-start,8x8,tf:100,tf:106,false,p2,accepted,,656700338,656702308101031,17
tf_policy_elo_616bc2f2_phase7_random_to40_2026-08-20,classic-random-8x8_g106_vs_g100.jsonl,classic-random-8x8,classic,random-start,8x8,tf:106,tf:100,true,p2,accepted,,656700338,656702308101032,18
tf_policy_elo_616bc2f2_phase7_random_to40_2026-08-20,classic-random-8x8_g106_vs_g100.jsonl,classic-random-8x8,classic,random-start,8x8,tf:100,tf:106,false,p1,accepted,,656700338,656702308101033,19
tf_policy_elo_616bc2f2_phase7_random_to40_2026-08-20,classic-random-8x8_g106_vs_g100.jsonl,classic-random-8x8,classic,random-start,8x8,tf:106,tf:100,true,p1,accepted,,656700338,656702308101034,20
tf_policy_elo_616bc2f2_phase7_random_to40_2026-08-20,classic-random-8x8_g106_vs_g100.jsonl,classic-random-8x8,classic,random-start,8x8,tf:100,tf:106,false,p1,accepted,,656700338,656702308101035,21
tf_policy_elo_616bc2f2_phase7_random_to40_2026-08-20,classic-random-8x8_g106_vs_g100.jsonl,classic-random-8x8,classic,random-start,8x8,tf:106,tf:100,true,p1,accepted,,656700338,656702308101036,22
tf_policy_elo_616bc2f2_phase7_random_to40_2026-08-20,classic-random-8x8_g106_vs_g100.jsonl,classic-random-8x8,classic,random-start,8x8,tf:100,tf:106,false,p2,accepted,,656700338,656702308101037,23
tf_policy_elo_616bc2f2_phase7_random_to40_2026-08-20,classic-random-8x8_g106_vs_g100.jsonl,classic-random-8x8,classic,random-start,8x8,tf:106,tf:100,true,p2,accepted,,656700338,656702308101038,24
tf_policy_elo_616bc2f2_phase7_random_to40_2026-08-20,classic-random-8x8_g106_vs_g100.jsonl,classic-random-8x8,classic,random-start,8x8,tf:100,tf:106,false,p2,accepted,,656700338,656702308101039,25
tf_policy_elo_616bc2f2_phase7_random_to40_2026-08-20,classic-random-8x8_g106_vs_g100.jsonl,classic-random-8x8,classic,random-start,8x8,tf:106,tf:100,true,p1,accepted,,656700338,656702308101040,26
tf_policy_elo_616bc2f2_phase7_random_to40_2026-08-20,classic-random-8x8_g106_vs_g100.jsonl,classic-random-8x8,classic,random-start,8x8,tf:100,tf:106,false,p1,accepted,,656700338,656702308101041,27
tf_policy_elo_616bc2f2_phase7_random_to40_2026-08-20,classic-random-8x8_g106_vs_g103.jsonl,classic-random-8x8,classic,random-start,8x8,tf:106,tf:103,true,p1,accepted,,656703338,656705308110014,0
tf_policy_elo_616bc2f2_phase7_random_to40_2026-08-20,classic-random-8x8_g106_vs_g103.jsonl,classic-random-8x8,classic,random-start,8x8,tf:103,tf:106,false,p1,accepted,,656703338,656705308110015,1
tf_policy_elo_616bc2f2_phase7_random_to40_2026-08-20,classic-random-8x8_g106_vs_g103.jsonl,classic-random-8x8,classic,random-start,8x8,tf:106,tf:103,true,p2,accepted,,656703338,656705308110016,2
tf_policy_elo_616bc2f2_phase7_random_to40_2026-08-20,classic-random-8x8_g106_vs_g103.jsonl,classic-random-8x8,classic,random-start,8x8,tf:103,tf:106,false,p1,accepted,,656703338,656705308110017,3
tf_policy_elo_616bc2f2_phase7_random_to40_2026-08-20,classic-random-8x8_g106_vs_g103.jsonl,classic-random-8x8,classic,random-start,8x8,tf:106,tf:103,true,p2,accepted,,656703338,656705308110018,4
tf_policy_elo_616bc2f2_phase7_random_to40_2026-08-20,classic-random-8x8_g106_vs_g103.jsonl,classic-random-8x8,classic,random-start,8x8,tf:103,tf:106,false,p1,accepted,,656703338,656705308110019,5
tf_policy_elo_616bc2f2_phase7_random_to40_2026-08-20,classic-random-8x8_g106_vs_g103.jsonl,classic-random-8x8,classic,random-start,8x8,tf:106,tf:103,true,p2,accepted,,656703338,656705308110020,6
tf_policy_elo_616bc2f2_phase7_random_to40_2026-08-20,classic-random-8x8_g106_vs_g103.jsonl,classic-random-8x8,classic,random-start,8x8,tf:103,tf:106,false,p1,accepted,,656703338,656705308110021,7
tf_policy_elo_616bc2f2_phase7_random_to40_2026-08-20,classic-random-8x8_g106_vs_g103.jsonl,classic-random-8x8,classic,random-start,8x8,tf:106,tf:103,true,p1,accepted,,656703338,656705308110022,8
tf_policy_elo_616bc2f2_phase7_random_to40_2026-08-20,classic-random-8x8_g106_vs_g103.jsonl,classic-random-8x8,classic,random-start,8x8,tf:103,tf:106,false,p2,accepted,,656703338,656705308110023,9
tf_policy_elo_616bc2f2_phase7_random_to40_2026-08-20,classic-random-8x8_g106_vs_g103.jsonl,classic-random-8x8,classic,random-start,8x8,tf:106,tf:103,true,p1,accepted,,656703338,656705308110024,10
tf_policy_elo_616bc2f2_phase7_random_to40_2026-08-20,classic-random-8x8_g106_vs_g103.jsonl,classic-random-8x8,classic,random-start,8x8,tf:103,tf:106,false,p1,accepted,,656703338,656705308110025,11
tf_policy_elo_616bc2f2_phase7_random_to40_2026-08-20,classic-random-8x8_g106_vs_g103.jsonl,classic-random-8x8,classic,random-start,8x8,tf:106,tf:103,true,p1,accepted,,656703338,656705308110026,12
tf_policy_elo_616bc2f2_phase7_random_to40_2026-08-20,classic-random-8x8_g106_vs_g103.jsonl,classic-random-8x8,classic,random-start,8x8,tf:103,tf:106,false,p2,accepted,,656703338,656705308110027,13
tf_policy_elo_616bc2f2_phase7_random_to40_2026-08-20,classic-random-8x8_g106_vs_g103.jsonl,classic-random-8x8,classic,random-start,8x8,tf:106,tf:103,true,p1,accepted,,656703338,656705308110028,14
tf_policy_elo_616bc2f2_phase7_random_to40_2026-08-20,classic-random-8x8_g106_vs_g103.jsonl,classic-random-8x8,classic,random-start,8x8,tf:103,tf:106,false,p1,accepted,,656703338,656705308110029,15
tf_policy_elo_616bc2f2_phase7_random_to40_2026-08-20,classic-random-8x8_g106_vs_g103.jsonl,classic-random-8x8,classic,random-start,8x8,tf:106,tf:103,true,p1,accepted,,656703338,656705308110030,16
tf_policy_elo_616bc2f2_phase7_random_to40_2026-08-20,classic-random-8x8_g106_vs_g103.jsonl,classic-random-8x8,classic,random-start,8x8,tf:103,tf:106,false,p1,accepted,,656703338,656705308110031,17
tf_policy_elo_616bc2f2_phase7_random_to40_2026-08-20,classic-random-8x8_g106_vs_g103.jsonl,classic-random-8x8,classic,random-start,8x8,tf:106,tf:103,true,p1,accepted,,656703338,656705308110032,18
tf_policy_elo_616bc2f2_phase7_random_to40_2026-08-20,classic-random-8x8_g106_vs_g103.jsonl,classic-random-8x8,classic,random-start,8x8,tf:103,tf:106,false,p1,accepted,,656703338,656705308110033,19
tf_policy_elo_616bc2f2_phase7_random_to40_2026-08-20,classic-random-8x8_g106_vs_g103.jsonl,classic-random-8x8,classic,random-start,8x8,tf:106,tf:103,true,p1,accepted,,656703338,656705308110034,20
tf_policy_elo_616bc2f2_phase7_random_to40_2026-08-20,classic-random-8x8_g106_vs_g103.jsonl,classic-random-8x8,classic,random-start,8x8,tf:103,tf:106,false,p1,accepted,,656703338,656705308110035,21
tf_policy_elo_616bc2f2_phase7_random_to40_2026-08-20,classic-random-8x8_g106_vs_g103.jsonl,classic-random-8x8,classic,random-start,8x8,tf:106,tf:103,true,p1,accepted,,656703338,656705308110036,22
tf_policy_elo_616bc2f2_phase7_random_to40_2026-08-20,classic-random-8x8_g106_vs_g103.jsonl,classic-random-8x8,classic,random-start,8x8,tf:103,tf:106,false,p2,accepted,,656703338,656705308110037,23
tf_policy_elo_616bc2f2_phase7_random_to40_2026-08-20,classic-random-8x8_g106_vs_g103.jsonl,classic-random-8x8,classic,random-start,8x8,tf:106,tf:103,true,p1,accepted,,656703338,656705308110038,24
tf_policy_elo_616bc2f2_phase7_random_to40_2026-08-20,classic-random-8x8_g106_vs_g103.jsonl,classic-random-8x8,classic,random-start,8x8,tf:103,tf:106,false,p1,accepted,,656703338,656705308110039,25
tf_policy_elo_616bc2f2_phase7_random_to40_2026-08-20,classic-random-8x8_g106_vs_g103.jsonl,classic-random-8x8,classic,random-start,8x8,tf:106,tf:103,true,p1,accepted,,656703338,656705308110040,26
tf_policy_elo_616bc2f2_phase7_random_to40_2026-08-20,classic-random-8x8_g106_vs_g103.jsonl,classic-random-8x8,classic,random-start,8x8,tf:103,tf:106,false,p1,accepted,,656703338,656705308110041,27
tf_policy_elo_616bc2f2_phase7_random_to40_2026-08-20,classic-random-8x8_g106_vs_g105.jsonl,classic-random-8x8,classic,random-start,8x8,tf:106,tf:105,true,p1,accepted,,656705338,656707308116014,0
tf_policy_elo_616bc2f2_phase7_random_to40_2026-08-20,classic-random-8x8_g106_vs_g105.jsonl,classic-random-8x8,classic,random-start,8x8,tf:105,tf:106,false,p1,accepted,,656705338,656707308116015,1
tf_policy_elo_616bc2f2_phase7_random_to40_2026-08-20,classic-random-8x8_g106_vs_g105.jsonl,classic-random-8x8,classic,random-start,8x8,tf:106,tf:105,true,p1,accepted,,656705338,656707308116016,2
tf_policy_elo_616bc2f2_phase7_random_to40_2026-08-20,classic-random-8x8_g106_vs_g105.jsonl,classic-random-8x8,classic,random-start,8x8,tf:105,tf:106,false,p1,accepted,,656705338,656707308116017,3
tf_policy_elo_616bc2f2_phase7_random_to40_2026-08-20,classic-random-8x8_g106_vs_g105.jsonl,classic-random-8x8,classic,random-start,8x8,tf:106,tf:105,true,p2,accepted,,656705338,656707308116018,4
tf_policy_elo_616bc2f2_phase7_random_to40_2026-08-20,classic-random-8x8_g106_vs_g105.jsonl,classic-random-8x8,classic,random-start,8x8,tf:105,tf:106,false,p1,accepted,,656705338,656707308116019,5
tf_policy_elo_616bc2f2_phase7_random_to40_2026-08-20,classic-random-8x8_g106_vs_g105.jsonl,classic-random-8x8,classic,random-start,8x8,tf:106,tf:105,true,p2,accepted,,656705338,656707308116020,6
tf_policy_elo_616bc2f2_phase7_random_to40_2026-08-20,classic-random-8x8_g106_vs_g105.jsonl,classic-random-8x8,classic,random-start,8x8,tf:105,tf:106,false,p2,accepted,,656705338,656707308116021,7
tf_policy_elo_616bc2f2_phase7_random_to40_2026-08-20,classic-random-8x8_g106_vs_g105.jsonl,classic-random-8x8,classic,random-start,8x8,tf:106,tf:105,true,p2,accepted,,656705338,656707308116022,8
tf_policy_elo_616bc2f2_phase7_random_to40_2026-08-20,classic-random-8x8_g106_vs_g105.jsonl,classic-random-8x8,classic,random-start,8x8,tf:105,tf:106,false,p1,accepted,,656705338,656707308116023,9
tf_policy_elo_616bc2f2_phase7_random_to40_2026-08-20,classic-random-8x8_g106_vs_g105.jsonl,classic-random-8x8,classic,random-start,8x8,tf:106,tf:105,true,p2,accepted,,656705338,656707308116024,10
tf_policy_elo_616bc2f2_phase7_random_to40_2026-08-20,classic-random-8x8_g106_vs_g105.jsonl,classic-random-8x8,classic,random-start,8x8,tf:105,tf:106,false,p1,accepted,,656705338,656707308116025,11
tf_policy_elo_616bc2f2_phase7_random_to40_2026-08-20,classic-random-8x8_g106_vs_g105.jsonl,classic-random-8x8,classic,random-start,8x8,tf:106,tf:105,true,p2,accepted,,656705338,656707308116026,12
tf_policy_elo_616bc2f2_phase7_random_to40_2026-08-20,classic-random-8x8_g106_vs_g105.jsonl,classic-random-8x8,classic,random-start,8x8,tf:105,tf:106,false,p1,accepted,,656705338,656707308116027,13
tf_policy_elo_616bc2f2_phase7_random_to40_2026-08-20,classic-random-8x8_g106_vs_g105.jsonl,classic-random-8x8,classic,random-start,8x8,tf:106,tf:105,true,p1,accepted,,656705338,656707308116028,14
tf_policy_elo_616bc2f2_phase7_random_to40_2026-08-20,classic-random-8x8_g106_vs_g105.jsonl,classic-random-8x8,classic,random-start,8x8,tf:105,tf:106,false,p1,accepted,,656705338,656707308116029,15
tf_policy_elo_616bc2f2_phase7_random_to40_2026-08-20,classic-random-8x8_g106_vs_g105.jsonl,classic-random-8x8,classic,random-start,8x8,tf:106,tf:105,true,p1,accepted,,656705338,656707308116030,16
tf_policy_elo_616bc2f2_phase7_random_to40_2026-08-20,classic-random-8x8_g106_vs_g105.jsonl,classic-random-8x8,classic,random-start,8x8,tf:105,tf:106,false,p1,accepted,,656705338,656707308116031,17
tf_policy_elo_616bc2f2_phase7_random_to40_2026-08-20,classic-random-8x8_g106_vs_g105.jsonl,classic-random-8x8,classic,random-start,8x8,tf:106,tf:105,true,p1,accepted,,656705338,656707308116032,18
tf_policy_elo_616bc2f2_phase7_random_to40_2026-08-20,classic-random-8x8_g106_vs_g105.jsonl,classic-random-8x8,classic,random-start,8x8,tf:105,tf:106,false,p1,accepted,,656705338,656707308116033,19
tf_policy_elo_616bc2f2_phase7_random_to40_2026-08-20,classic-random-8x8_g106_vs_g105.jsonl,classic-random-8x8,classic,random-start,8x8,tf:106,tf:105,true,p2,accepted,,656705338,656707308116034,20
tf_policy_elo_616bc2f2_phase7_random_to40_2026-08-20,classic-random-8x8_g106_vs_g105.jsonl,classic-random-8x8,classic,random-start,8x8,tf:105,tf:106,false,p1,accepted,,656705338,656707308116035,21
tf_policy_elo_616bc2f2_phase7_random_to40_2026-08-20,classic-random-8x8_g106_vs_g105.jsonl,classic-random-8x8,classic,random-start,8x8,tf:106,tf:105,true,p1,accepted,,656705338,656707308116036,22
tf_policy_elo_616bc2f2_phase7_random_to40_2026-08-20,classic-random-8x8_g106_vs_g105.jsonl,classic-random-8x8,classic,random-start,8x8,tf:105,tf:106,false,p1,accepted,,656705338,656707308116037,23
tf_policy_elo_616bc2f2_phase7_random_to40_2026-08-20,classic-random-8x8_g106_vs_g105.jsonl,classic-random-8x8,classic,random-start,8x8,tf:106,tf:105,true,p1,accepted,,656705338,656707308116038,24
tf_policy_elo_616bc2f2_phase7_random_to40_2026-08-20,classic-random-8x8_g106_vs_g105.jsonl,classic-random-8x8,classic,random-start,8x8,tf:105,tf:106,false,p1,accepted,,656705338,656707308116039,25
tf_policy_elo_616bc2f2_phase7_random_to40_2026-08-20,classic-random-8x8_g106_vs_g105.jsonl,classic-random-8x8,classic,random-start,8x8,tf:106,tf:105,true,p1,accepted,,656705338,656707308116040,26
tf_policy_elo_616bc2f2_phase7_random_to40_2026-08-20,classic-random-8x8_g106_vs_g105.jsonl,classic-random-8x8,classic,random-start,8x8,tf:105,tf:106,false,p1,accepted,,656705338,656707308116041,27
tf_policy_elo_616bc2f2_phase7_random_to40_2026-08-20,classic-random-8x8_g107_vs_g101.jsonl,classic-random-8x8,classic,random-start,8x8,tf:107,tf:101,true,p1,accepted,,656801338,656803308404014,0
tf_policy_elo_616bc2f2_phase7_random_to40_2026-08-20,classic-random-8x8_g107_vs_g101.jsonl,classic-random-8x8,classic,random-start,8x8,tf:101,tf:107,false,p2,accepted,,656801338,656803308404015,1
tf_policy_elo_616bc2f2_phase7_random_to40_2026-08-20,classic-random-8x8_g107_vs_g101.jsonl,classic-random-8x8,classic,random-start,8x8,tf:107,tf:101,true,p2,accepted,,656801338,656803308404016,2
tf_policy_elo_616bc2f2_phase7_random_to40_2026-08-20,classic-random-8x8_g107_vs_g101.jsonl,classic-random-8x8,classic,random-start,8x8,tf:101,tf:107,false,p1,accepted,,656801338,656803308404017,3
tf_policy_elo_616bc2f2_phase7_random_to40_2026-08-20,classic-random-8x8_g107_vs_g101.jsonl,classic-random-8x8,classic,random-start,8x8,tf:107,tf:101,true,p1,accepted,,656801338,656803308404018,4
tf_policy_elo_616bc2f2_phase7_random_to40_2026-08-20,classic-random-8x8_g107_vs_g101.jsonl,classic-random-8x8,classic,random-start,8x8,tf:101,tf:107,false,p1,accepted,,656801338,656803308404019,5
tf_policy_elo_616bc2f2_phase7_random_to40_2026-08-20,classic-random-8x8_g107_vs_g101.jsonl,classic-random-8x8,classic,random-start,8x8,tf:107,tf:101,true,p1,accepted,,656801338,656803308404020,6
tf_policy_elo_616bc2f2_phase7_random_to40_2026-08-20,classic-random-8x8_g107_vs_g101.jsonl,classic-random-8x8,classic,random-start,8x8,tf:101,tf:107,false,p1,accepted,,656801338,656803308404021,7
tf_policy_elo_616bc2f2_phase7_random_to40_2026-08-20,classic-random-8x8_g107_vs_g101.jsonl,classic-random-8x8,classic,random-start,8x8,tf:107,tf:101,true,p1,accepted,,656801338,656803308404022,8
tf_policy_elo_616bc2f2_phase7_random_to40_2026-08-20,classic-random-8x8_g107_vs_g101.jsonl,classic-random-8x8,classic,random-start,8x8,tf:101,tf:107,false,p1,accepted,,656801338,656803308404023,9
tf_policy_elo_616bc2f2_phase7_random_to40_2026-08-20,classic-random-8x8_g107_vs_g101.jsonl,classic-random-8x8,classic,random-start,8x8,tf:107,tf:101,true,p1,accepted,,656801338,656803308404024,10
tf_policy_elo_616bc2f2_phase7_random_to40_2026-08-20,classic-random-8x8_g107_vs_g101.jsonl,classic-random-8x8,classic,random-start,8x8,tf:101,tf:107,false,p1,accepted,,656801338,656803308404025,11
tf_policy_elo_616bc2f2_phase7_random_to40_2026-08-20,classic-random-8x8_g107_vs_g101.jsonl,classic-random-8x8,classic,random-start,8x8,tf:107,tf:101,true,p1,accepted,,656801338,656803308404026,12
tf_policy_elo_616bc2f2_phase7_random_to40_2026-08-20,classic-random-8x8_g107_vs_g101.jsonl,classic-random-8x8,classic,random-start,8x8,tf:101,tf:107,false,p2,accepted,,656801338,656803308404027,13
tf_policy_elo_616bc2f2_phase7_random_to40_2026-08-20,classic-random-8x8_g107_vs_g101.jsonl,classic-random-8x8,classic,random-start,8x8,tf:107,tf:101,true,p1,accepted,,656801338,656803308404028,14
tf_policy_elo_616bc2f2_phase7_random_to40_2026-08-20,classic-random-8x8_g107_vs_g101.jsonl,classic-random-8x8,classic,random-start,8x8,tf:101,tf:107,false,p1,accepted,,656801338,656803308404029,15
tf_policy_elo_616bc2f2_phase7_random_to40_2026-08-20,classic-random-8x8_g107_vs_g101.jsonl,classic-random-8x8,classic,random-start,8x8,tf:107,tf:101,true,p1,accepted,,656801338,656803308404030,16
tf_policy_elo_616bc2f2_phase7_random_to40_2026-08-20,classic-random-8x8_g107_vs_g101.jsonl,classic-random-8x8,classic,random-start,8x8,tf:101,tf:107,false,p2,accepted,,656801338,656803308404031,17
tf_policy_elo_616bc2f2_phase7_random_to40_2026-08-20,classic-random-8x8_g107_vs_g101.jsonl,classic-random-8x8,classic,random-start,8x8,tf:107,tf:101,true,p1,accepted,,656801338,656803308404032,18
tf_policy_elo_616bc2f2_phase7_random_to40_2026-08-20,classic-random-8x8_g107_vs_g101.jsonl,classic-random-8x8,classic,random-start,8x8,tf:101,tf:107,false,p1,accepted,,656801338,656803308404033,19
tf_policy_elo_616bc2f2_phase7_random_to40_2026-08-20,classic-random-8x8_g107_vs_g101.jsonl,classic-random-8x8,classic,random-start,8x8,tf:107,tf:101,true,p1,accepted,,656801338,656803308404034,20
tf_policy_elo_616bc2f2_phase7_random_to40_2026-08-20,classic-random-8x8_g107_vs_g101.jsonl,classic-random-8x8,classic,random-start,8x8,tf:101,tf:107,false,p1,accepted,,656801338,656803308404035,21
tf_policy_elo_616bc2f2_phase7_random_to40_2026-08-20,classic-random-8x8_g107_vs_g101.jsonl,classic-random-8x8,classic,random-start,8x8,tf:107,tf:101,true,p2,accepted,,656801338,656803308404036,22
tf_policy_elo_616bc2f2_phase7_random_to40_2026-08-20,classic-random-8x8_g107_vs_g101.jsonl,classic-random-8x8,classic,random-start,8x8,tf:101,tf:107,false,p1,accepted,,656801338,656803308404037,23
tf_policy_elo_616bc2f2_phase7_random_to40_2026-08-20,classic-random-8x8_g107_vs_g101.jsonl,classic-random-8x8,classic,random-start,8x8,tf:107,tf:101,true,p2,accepted,,656801338,656803308404038,24
tf_policy_elo_616bc2f2_phase7_random_to40_2026-08-20,classic-random-8x8_g107_vs_g101.jsonl,classic-random-8x8,classic,random-start,8x8,tf:101,tf:107,false,p2,accepted,,656801338,656803308404039,25
tf_policy_elo_616bc2f2_phase7_random_to40_2026-08-20,classic-random-8x8_g107_vs_g101.jsonl,classic-random-8x8,classic,random-start,8x8,tf:107,tf:101,true,p1,accepted,,656801338,656803308404040,26
tf_policy_elo_616bc2f2_phase7_random_to40_2026-08-20,classic-random-8x8_g107_vs_g101.jsonl,classic-random-8x8,classic,random-start,8x8,tf:101,tf:107,false,p2,accepted,,656801338,656803308404041,27
tf_policy_elo_616bc2f2_phase7_random_to40_2026-08-20,classic-random-8x8_g107_vs_g104.jsonl,classic-random-8x8,classic,random-start,8x8,tf:107,tf:104,true,p1,accepted,,656804338,656806308413014,0
tf_policy_elo_616bc2f2_phase7_random_to40_2026-08-20,classic-random-8x8_g107_vs_g104.jsonl,classic-random-8x8,classic,random-start,8x8,tf:104,tf:107,false,p1,accepted,,656804338,656806308413015,1
tf_policy_elo_616bc2f2_phase7_random_to40_2026-08-20,classic-random-8x8_g107_vs_g104.jsonl,classic-random-8x8,classic,random-start,8x8,tf:107,tf:104,true,p2,accepted,,656804338,656806308413016,2
tf_policy_elo_616bc2f2_phase7_random_to40_2026-08-20,classic-random-8x8_g107_vs_g104.jsonl,classic-random-8x8,classic,random-start,8x8,tf:104,tf:107,false,p2,accepted,,656804338,656806308413017,3
tf_policy_elo_616bc2f2_phase7_random_to40_2026-08-20,classic-random-8x8_g107_vs_g104.jsonl,classic-random-8x8,classic,random-start,8x8,tf:107,tf:104,true,p1,accepted,,656804338,656806308413018,4
tf_policy_elo_616bc2f2_phase7_random_to40_2026-08-20,classic-random-8x8_g107_vs_g104.jsonl,classic-random-8x8,classic,random-start,8x8,tf:104,tf:107,false,p1,accepted,,656804338,656806308413019,5
tf_policy_elo_616bc2f2_phase7_random_to40_2026-08-20,classic-random-8x8_g107_vs_g104.jsonl,classic-random-8x8,classic,random-start,8x8,tf:107,tf:104,true,p1,accepted,,656804338,656806308413020,6
tf_policy_elo_616bc2f2_phase7_random_to40_2026-08-20,classic-random-8x8_g107_vs_g104.jsonl,classic-random-8x8,classic,random-start,8x8,tf:104,tf:107,false,p1,accepted,,656804338,656806308413021,7
tf_policy_elo_616bc2f2_phase7_random_to40_2026-08-20,classic-random-8x8_g107_vs_g104.jsonl,classic-random-8x8,classic,random-start,8x8,tf:107,tf:104,true,p2,accepted,,656804338,656806308413022,8
tf_policy_elo_616bc2f2_phase7_random_to40_2026-08-20,classic-random-8x8_g107_vs_g104.jsonl,classic-random-8x8,classic,random-start,8x8,tf:104,tf:107,false,p2,accepted,,656804338,656806308413023,9
tf_policy_elo_616bc2f2_phase7_random_to40_2026-08-20,classic-random-8x8_g107_vs_g104.jsonl,classic-random-8x8,classic,random-start,8x8,tf:107,tf:104,true,p1,accepted,,656804338,656806308413024,10
tf_policy_elo_616bc2f2_phase7_random_to40_2026-08-20,classic-random-8x8_g107_vs_g104.jsonl,classic-random-8x8,classic,random-start,8x8,tf:104,tf:107,false,p1,accepted,,656804338,656806308413025,11
tf_policy_elo_616bc2f2_phase7_random_to40_2026-08-20,classic-random-8x8_g107_vs_g104.jsonl,classic-random-8x8,classic,random-start,8x8,tf:107,tf:104,true,p1,accepted,,656804338,656806308413026,12
tf_policy_elo_616bc2f2_phase7_random_to40_2026-08-20,classic-random-8x8_g107_vs_g104.jsonl,classic-random-8x8,classic,random-start,8x8,tf:104,tf:107,false,p1,accepted,,656804338,656806308413027,13
tf_policy_elo_616bc2f2_phase7_random_to40_2026-08-20,classic-random-8x8_g107_vs_g104.jsonl,classic-random-8x8,classic,random-start,8x8,tf:107,tf:104,true,p1,accepted,,656804338,656806308413028,14
tf_policy_elo_616bc2f2_phase7_random_to40_2026-08-20,classic-random-8x8_g107_vs_g104.jsonl,classic-random-8x8,classic,random-start,8x8,tf:104,tf:107,false,p1,accepted,,656804338,656806308413029,15
tf_policy_elo_616bc2f2_phase7_random_to40_2026-08-20,classic-random-8x8_g107_vs_g104.jsonl,classic-random-8x8,classic,random-start,8x8,tf:107,tf:104,true,p1,accepted,,656804338,656806308413030,16
tf_policy_elo_616bc2f2_phase7_random_to40_2026-08-20,classic-random-8x8_g107_vs_g104.jsonl,classic-random-8x8,classic,random-start,8x8,tf:104,tf:107,false,p1,accepted,,656804338,656806308413031,17
tf_policy_elo_616bc2f2_phase7_random_to40_2026-08-20,classic-random-8x8_g107_vs_g104.jsonl,classic-random-8x8,classic,random-start,8x8,tf:107,tf:104,true,p2,accepted,,656804338,656806308413032,18
tf_policy_elo_616bc2f2_phase7_random_to40_2026-08-20,classic-random-8x8_g107_vs_g104.jsonl,classic-random-8x8,classic,random-start,8x8,tf:104,tf:107,false,p1,accepted,,656804338,656806308413033,19
tf_policy_elo_616bc2f2_phase7_random_to40_2026-08-20,classic-random-8x8_g107_vs_g104.jsonl,classic-random-8x8,classic,random-start,8x8,tf:107,tf:104,true,p1,accepted,,656804338,656806308413034,20
tf_policy_elo_616bc2f2_phase7_random_to40_2026-08-20,classic-random-8x8_g107_vs_g104.jsonl,classic-random-8x8,classic,random-start,8x8,tf:104,tf:107,false,p1,accepted,,656804338,656806308413035,21
tf_policy_elo_616bc2f2_phase7_random_to40_2026-08-20,classic-random-8x8_g107_vs_g104.jsonl,classic-random-8x8,classic,random-start,8x8,tf:107,tf:104,true,p1,accepted,,656804338,656806308413036,22
tf_policy_elo_616bc2f2_phase7_random_to40_2026-08-20,classic-random-8x8_g107_vs_g104.jsonl,classic-random-8x8,classic,random-start,8x8,tf:104,tf:107,false,p1,accepted,,656804338,656806308413037,23
tf_policy_elo_616bc2f2_phase7_random_to40_2026-08-20,classic-random-8x8_g107_vs_g104.jsonl,classic-random-8x8,classic,random-start,8x8,tf:107,tf:104,true,p1,accepted,,656804338,656806308413038,24
tf_policy_elo_616bc2f2_phase7_random_to40_2026-08-20,classic-random-8x8_g107_vs_g104.jsonl,classic-random-8x8,classic,random-start,8x8,tf:104,tf:107,false,p2,accepted,,656804338,656806308413039,25
tf_policy_elo_616bc2f2_phase7_random_to40_2026-08-20,classic-random-8x8_g107_vs_g104.jsonl,classic-random-8x8,classic,random-start,8x8,tf:107,tf:104,true,p1,accepted,,656804338,656806308413040,26
tf_policy_elo_616bc2f2_phase7_random_to40_2026-08-20,classic-random-8x8_g107_vs_g104.jsonl,classic-random-8x8,classic,random-start,8x8,tf:104,tf:107,false,p1,accepted,,656804338,656806308413041,27
tf_policy_elo_616bc2f2_phase7_random_to40_2026-08-20,classic-random-8x8_g107_vs_g106.jsonl,classic-random-8x8,classic,random-start,8x8,tf:107,tf:106,true,p1,accepted,,656806338,656808308419014,0
tf_policy_elo_616bc2f2_phase7_random_to40_2026-08-20,classic-random-8x8_g107_vs_g106.jsonl,classic-random-8x8,classic,random-start,8x8,tf:106,tf:107,false,p1,accepted,,656806338,656808308419015,1
tf_policy_elo_616bc2f2_phase7_random_to40_2026-08-20,classic-random-8x8_g107_vs_g106.jsonl,classic-random-8x8,classic,random-start,8x8,tf:107,tf:106,true,p2,accepted,,656806338,656808308419016,2
tf_policy_elo_616bc2f2_phase7_random_to40_2026-08-20,classic-random-8x8_g107_vs_g106.jsonl,classic-random-8x8,classic,random-start,8x8,tf:106,tf:107,false,p1,accepted,,656806338,656808308419017,3
tf_policy_elo_616bc2f2_phase7_random_to40_2026-08-20,classic-random-8x8_g107_vs_g106.jsonl,classic-random-8x8,classic,random-start,8x8,tf:107,tf:106,true,p2,accepted,,656806338,656808308419018,4
tf_policy_elo_616bc2f2_phase7_random_to40_2026-08-20,classic-random-8x8_g107_vs_g106.jsonl,classic-random-8x8,classic,random-start,8x8,tf:106,tf:107,false,p1,accepted,,656806338,656808308419019,5
tf_policy_elo_616bc2f2_phase7_random_to40_2026-08-20,classic-random-8x8_g107_vs_g106.jsonl,classic-random-8x8,classic,random-start,8x8,tf:107,tf:106,true,p2,accepted,,656806338,656808308419020,6
tf_policy_elo_616bc2f2_phase7_random_to40_2026-08-20,classic-random-8x8_g107_vs_g106.jsonl,classic-random-8x8,classic,random-start,8x8,tf:106,tf:107,false,p1,accepted,,656806338,656808308419021,7
tf_policy_elo_616bc2f2_phase7_random_to40_2026-08-20,classic-random-8x8_g107_vs_g106.jsonl,classic-random-8x8,classic,random-start,8x8,tf:107,tf:106,true,p1,accepted,,656806338,656808308419022,8
tf_policy_elo_616bc2f2_phase7_random_to40_2026-08-20,classic-random-8x8_g107_vs_g106.jsonl,classic-random-8x8,classic,random-start,8x8,tf:106,tf:107,false,p2,accepted,,656806338,656808308419023,9
tf_policy_elo_616bc2f2_phase7_random_to40_2026-08-20,classic-random-8x8_g107_vs_g106.jsonl,classic-random-8x8,classic,random-start,8x8,tf:107,tf:106,true,p2,accepted,,656806338,656808308419024,10
tf_policy_elo_616bc2f2_phase7_random_to40_2026-08-20,classic-random-8x8_g107_vs_g106.jsonl,classic-random-8x8,classic,random-start,8x8,tf:106,tf:107,false,p2,accepted,,656806338,656808308419025,11
tf_policy_elo_616bc2f2_phase7_random_to40_2026-08-20,classic-random-8x8_g107_vs_g106.jsonl,classic-random-8x8,classic,random-start,8x8,tf:107,tf:106,true,p1,accepted,,656806338,656808308419026,12
tf_policy_elo_616bc2f2_phase7_random_to40_2026-08-20,classic-random-8x8_g107_vs_g106.jsonl,classic-random-8x8,classic,random-start,8x8,tf:106,tf:107,false,p1,accepted,,656806338,656808308419027,13
tf_policy_elo_616bc2f2_phase7_random_to40_2026-08-20,classic-random-8x8_g107_vs_g106.jsonl,classic-random-8x8,classic,random-start,8x8,tf:107,tf:106,true,p1,accepted,,656806338,656808308419028,14
tf_policy_elo_616bc2f2_phase7_random_to40_2026-08-20,classic-random-8x8_g107_vs_g106.jsonl,classic-random-8x8,classic,random-start,8x8,tf:106,tf:107,false,p1,accepted,,656806338,656808308419029,15
tf_policy_elo_616bc2f2_phase7_random_to40_2026-08-20,classic-random-8x8_g107_vs_g106.jsonl,classic-random-8x8,classic,random-start,8x8,tf:107,tf:106,true,p1,accepted,,656806338,656808308419030,16
tf_policy_elo_616bc2f2_phase7_random_to40_2026-08-20,classic-random-8x8_g107_vs_g106.jsonl,classic-random-8x8,classic,random-start,8x8,tf:106,tf:107,false,p1,accepted,,656806338,656808308419031,17
tf_policy_elo_616bc2f2_phase7_random_to40_2026-08-20,classic-random-8x8_g107_vs_g106.jsonl,classic-random-8x8,classic,random-start,8x8,tf:107,tf:106,true,p1,accepted,,656806338,656808308419032,18
tf_policy_elo_616bc2f2_phase7_random_to40_2026-08-20,classic-random-8x8_g107_vs_g106.jsonl,classic-random-8x8,classic,random-start,8x8,tf:106,tf:107,false,p1,accepted,,656806338,656808308419033,19
tf_policy_elo_616bc2f2_phase7_random_to40_2026-08-20,classic-random-8x8_g107_vs_g106.jsonl,classic-random-8x8,classic,random-start,8x8,tf:107,tf:106,true,p2,accepted,,656806338,656808308419034,20
tf_policy_elo_616bc2f2_phase7_random_to40_2026-08-20,classic-random-8x8_g107_vs_g106.jsonl,classic-random-8x8,classic,random-start,8x8,tf:106,tf:107,false,p1,accepted,,656806338,656808308419035,21
tf_policy_elo_616bc2f2_phase7_random_to40_2026-08-20,classic-random-8x8_g107_vs_g106.jsonl,classic-random-8x8,classic,random-start,8x8,tf:107,tf:106,true,p2,accepted,,656806338,656808308419036,22
tf_policy_elo_616bc2f2_phase7_random_to40_2026-08-20,classic-random-8x8_g107_vs_g106.jsonl,classic-random-8x8,classic,random-start,8x8,tf:106,tf:107,false,p2,accepted,,656806338,656808308419037,23
tf_policy_elo_616bc2f2_phase7_random_to40_2026-08-20,classic-random-8x8_g107_vs_g106.jsonl,classic-random-8x8,classic,random-start,8x8,tf:107,tf:106,true,p2,accepted,,656806338,656808308419038,24
tf_policy_elo_616bc2f2_phase7_random_to40_2026-08-20,classic-random-8x8_g107_vs_g106.jsonl,classic-random-8x8,classic,random-start,8x8,tf:106,tf:107,false,p2,accepted,,656806338,656808308419039,25
tf_policy_elo_616bc2f2_phase7_random_to40_2026-08-20,classic-random-8x8_g107_vs_g106.jsonl,classic-random-8x8,classic,random-start,8x8,tf:107,tf:106,true,p1,accepted,,656806338,656808308419040,26
tf_policy_elo_616bc2f2_phase7_random_to40_2026-08-20,classic-random-8x8_g107_vs_g106.jsonl,classic-random-8x8,classic,random-start,8x8,tf:106,tf:107,false,p2,accepted,,656806338,656808308419041,27
tf_policy_elo_616bc2f2_phase7_random_to40_2026-08-20,classic-random-8x8_g108_vs_g102.jsonl,classic-random-8x8,classic,random-start,8x8,tf:108,tf:102,true,p1,accepted,,656902338,656904308707014,0
tf_policy_elo_616bc2f2_phase7_random_to40_2026-08-20,classic-random-8x8_g108_vs_g102.jsonl,classic-random-8x8,classic,random-start,8x8,tf:102,tf:108,false,p1,accepted,,656902338,656904308707015,1
tf_policy_elo_616bc2f2_phase7_random_to40_2026-08-20,classic-random-8x8_g108_vs_g102.jsonl,classic-random-8x8,classic,random-start,8x8,tf:108,tf:102,true,p1,accepted,,656902338,656904308707016,2
tf_policy_elo_616bc2f2_phase7_random_to40_2026-08-20,classic-random-8x8_g108_vs_g102.jsonl,classic-random-8x8,classic,random-start,8x8,tf:102,tf:108,false,p1,accepted,,656902338,656904308707017,3
tf_policy_elo_616bc2f2_phase7_random_to40_2026-08-20,classic-random-8x8_g108_vs_g102.jsonl,classic-random-8x8,classic,random-start,8x8,tf:108,tf:102,true,p1,accepted,,656902338,656904308707018,4
tf_policy_elo_616bc2f2_phase7_random_to40_2026-08-20,classic-random-8x8_g108_vs_g102.jsonl,classic-random-8x8,classic,random-start,8x8,tf:102,tf:108,false,p1,accepted,,656902338,656904308707019,5
tf_policy_elo_616bc2f2_phase7_random_to40_2026-08-20,classic-random-8x8_g108_vs_g102.jsonl,classic-random-8x8,classic,random-start,8x8,tf:108,tf:102,true,p2,accepted,,656902338,656904308707020,6
tf_policy_elo_616bc2f2_phase7_random_to40_2026-08-20,classic-random-8x8_g108_vs_g102.jsonl,classic-random-8x8,classic,random-start,8x8,tf:102,tf:108,false,p1,accepted,,656902338,656904308707021,7
tf_policy_elo_616bc2f2_phase7_random_to40_2026-08-20,classic-random-8x8_g108_vs_g102.jsonl,classic-random-8x8,classic,random-start,8x8,tf:108,tf:102,true,p1,accepted,,656902338,656904308707022,8
tf_policy_elo_616bc2f2_phase7_random_to40_2026-08-20,classic-random-8x8_g108_vs_g102.jsonl,classic-random-8x8,classic,random-start,8x8,tf:102,tf:108,false,p2,accepted,,656902338,656904308707023,9
tf_policy_elo_616bc2f2_phase7_random_to40_2026-08-20,classic-random-8x8_g108_vs_g102.jsonl,classic-random-8x8,classic,random-start,8x8,tf:108,tf:102,true,p1,accepted,,656902338,656904308707024,10
tf_policy_elo_616bc2f2_phase7_random_to40_2026-08-20,classic-random-8x8_g108_vs_g102.jsonl,classic-random-8x8,classic,random-start,8x8,tf:102,tf:108,false,p1,accepted,,656902338,656904308707025,11
tf_policy_elo_616bc2f2_phase7_random_to40_2026-08-20,classic-random-8x8_g108_vs_g102.jsonl,classic-random-8x8,classic,random-start,8x8,tf:108,tf:102,true,p2,accepted,,656902338,656904308707026,12
tf_policy_elo_616bc2f2_phase7_random_to40_2026-08-20,classic-random-8x8_g108_vs_g102.jsonl,classic-random-8x8,classic,random-start,8x8,tf:102,tf:108,false,p2,accepted,,656902338,656904308707027,13
tf_policy_elo_616bc2f2_phase7_random_to40_2026-08-20,classic-random-8x8_g108_vs_g102.jsonl,classic-random-8x8,classic,random-start,8x8,tf:108,tf:102,true,p2,accepted,,656902338,656904308707028,14
tf_policy_elo_616bc2f2_phase7_random_to40_2026-08-20,classic-random-8x8_g108_vs_g102.jsonl,classic-random-8x8,classic,random-start,8x8,tf:102,tf:108,false,p1,accepted,,656902338,656904308707029,15
tf_policy_elo_616bc2f2_phase7_random_to40_2026-08-20,classic-random-8x8_g108_vs_g102.jsonl,classic-random-8x8,classic,random-start,8x8,tf:108,tf:102,true,p2,accepted,,656902338,656904308707030,16
tf_policy_elo_616bc2f2_phase7_random_to40_2026-08-20,classic-random-8x8_g108_vs_g102.jsonl,classic-random-8x8,classic,random-start,8x8,tf:102,tf:108,false,p1,accepted,,656902338,656904308707031,17
tf_policy_elo_616bc2f2_phase7_random_to40_2026-08-20,classic-random-8x8_g108_vs_g102.jsonl,classic-random-8x8,classic,random-start,8x8,tf:108,tf:102,true,p2,accepted,,656902338,656904308707032,18
tf_policy_elo_616bc2f2_phase7_random_to40_2026-08-20,classic-random-8x8_g108_vs_g102.jsonl,classic-random-8x8,classic,random-start,8x8,tf:102,tf:108,false,p1,accepted,,656902338,656904308707033,19
tf_policy_elo_616bc2f2_phase7_random_to40_2026-08-20,classic-random-8x8_g108_vs_g102.jsonl,classic-random-8x8,classic,random-start,8x8,tf:108,tf:102,true,p1,accepted,,656902338,656904308707034,20
tf_policy_elo_616bc2f2_phase7_random_to40_2026-08-20,classic-random-8x8_g108_vs_g102.jsonl,classic-random-8x8,classic,random-start,8x8,tf:102,tf:108,false,p2,accepted,,656902338,656904308707035,21
tf_policy_elo_616bc2f2_phase7_random_to40_2026-08-20,classic-random-8x8_g108_vs_g102.jsonl,classic-random-8x8,classic,random-start,8x8,tf:108,tf:102,true,p1,accepted,,656902338,656904308707036,22
tf_policy_elo_616bc2f2_phase7_random_to40_2026-08-20,classic-random-8x8_g108_vs_g102.jsonl,classic-random-8x8,classic,random-start,8x8,tf:102,tf:108,false,p2,accepted,,656902338,656904308707037,23
tf_policy_elo_616bc2f2_phase7_random_to40_2026-08-20,classic-random-8x8_g108_vs_g102.jsonl,classic-random-8x8,classic,random-start,8x8,tf:108,tf:102,true,p2,accepted,,656902338,656904308707038,24
tf_policy_elo_616bc2f2_phase7_random_to40_2026-08-20,classic-random-8x8_g108_vs_g102.jsonl,classic-random-8x8,classic,random-start,8x8,tf:102,tf:108,false,p1,accepted,,656902338,656904308707039,25
tf_policy_elo_616bc2f2_phase7_random_to40_2026-08-20,classic-random-8x8_g108_vs_g102.jsonl,classic-random-8x8,classic,random-start,8x8,tf:108,tf:102,true,p1,accepted,,656902338,656904308707040,26
tf_policy_elo_616bc2f2_phase7_random_to40_2026-08-20,classic-random-8x8_g108_vs_g102.jsonl,classic-random-8x8,classic,random-start,8x8,tf:102,tf:108,false,p1,accepted,,656902338,656904308707041,27
tf_policy_elo_616bc2f2_phase7_random_to40_2026-08-20,classic-random-8x8_g108_vs_g105.jsonl,classic-random-8x8,classic,random-start,8x8,tf:108,tf:105,true,p1,accepted,,656905338,656907308716014,0
tf_policy_elo_616bc2f2_phase7_random_to40_2026-08-20,classic-random-8x8_g108_vs_g105.jsonl,classic-random-8x8,classic,random-start,8x8,tf:105,tf:108,false,p1,accepted,,656905338,656907308716015,1
tf_policy_elo_616bc2f2_phase7_random_to40_2026-08-20,classic-random-8x8_g108_vs_g105.jsonl,classic-random-8x8,classic,random-start,8x8,tf:108,tf:105,true,p1,accepted,,656905338,656907308716016,2
tf_policy_elo_616bc2f2_phase7_random_to40_2026-08-20,classic-random-8x8_g108_vs_g105.jsonl,classic-random-8x8,classic,random-start,8x8,tf:105,tf:108,false,p1,accepted,,656905338,656907308716017,3
tf_policy_elo_616bc2f2_phase7_random_to40_2026-08-20,classic-random-8x8_g108_vs_g105.jsonl,classic-random-8x8,classic,random-start,8x8,tf:108,tf:105,true,p1,accepted,,656905338,656907308716018,4
tf_policy_elo_616bc2f2_phase7_random_to40_2026-08-20,classic-random-8x8_g108_vs_g105.jsonl,classic-random-8x8,classic,random-start,8x8,tf:105,tf:108,false,p2,accepted,,656905338,656907308716019,5
tf_policy_elo_616bc2f2_phase7_random_to40_2026-08-20,classic-random-8x8_g108_vs_g105.jsonl,classic-random-8x8,classic,random-start,8x8,tf:108,tf:105,true,p1,accepted,,656905338,656907308716020,6
tf_policy_elo_616bc2f2_phase7_random_to40_2026-08-20,classic-random-8x8_g108_vs_g105.jsonl,classic-random-8x8,classic,random-start,8x8,tf:105,tf:108,false,p2,accepted,,656905338,656907308716021,7
tf_policy_elo_616bc2f2_phase7_random_to40_2026-08-20,classic-random-8x8_g108_vs_g105.jsonl,classic-random-8x8,classic,random-start,8x8,tf:108,tf:105,true,p1,accepted,,656905338,656907308716022,8
tf_policy_elo_616bc2f2_phase7_random_to40_2026-08-20,classic-random-8x8_g108_vs_g105.jsonl,classic-random-8x8,classic,random-start,8x8,tf:105,tf:108,false,p1,accepted,,656905338,656907308716023,9
tf_policy_elo_616bc2f2_phase7_random_to40_2026-08-20,classic-random-8x8_g108_vs_g105.jsonl,classic-random-8x8,classic,random-start,8x8,tf:108,tf:105,true,p1,accepted,,656905338,656907308716024,10
tf_policy_elo_616bc2f2_phase7_random_to40_2026-08-20,classic-random-8x8_g108_vs_g105.jsonl,classic-random-8x8,classic,random-start,8x8,tf:105,tf:108,false,p1,accepted,,656905338,656907308716025,11
tf_policy_elo_616bc2f2_phase7_random_to40_2026-08-20,classic-random-8x8_g108_vs_g105.jsonl,classic-random-8x8,classic,random-start,8x8,tf:108,tf:105,true,p1,accepted,,656905338,656907308716026,12
tf_policy_elo_616bc2f2_phase7_random_to40_2026-08-20,classic-random-8x8_g108_vs_g105.jsonl,classic-random-8x8,classic,random-start,8x8,tf:105,tf:108,false,p1,accepted,,656905338,656907308716027,13
tf_policy_elo_616bc2f2_phase7_random_to40_2026-08-20,classic-random-8x8_g108_vs_g105.jsonl,classic-random-8x8,classic,random-start,8x8,tf:108,tf:105,true,p2,accepted,,656905338,656907308716028,14
tf_policy_elo_616bc2f2_phase7_random_to40_2026-08-20,classic-random-8x8_g108_vs_g105.jsonl,classic-random-8x8,classic,random-start,8x8,tf:105,tf:108,false,p2,accepted,,656905338,656907308716029,15
tf_policy_elo_616bc2f2_phase7_random_to40_2026-08-20,classic-random-8x8_g108_vs_g105.jsonl,classic-random-8x8,classic,random-start,8x8,tf:108,tf:105,true,p2,accepted,,656905338,656907308716030,16
tf_policy_elo_616bc2f2_phase7_random_to40_2026-08-20,classic-random-8x8_g108_vs_g105.jsonl,classic-random-8x8,classic,random-start,8x8,tf:105,tf:108,false,p1,accepted,,656905338,656907308716031,17
tf_policy_elo_616bc2f2_phase7_random_to40_2026-08-20,classic-random-8x8_g108_vs_g105.jsonl,classic-random-8x8,classic,random-start,8x8,tf:108,tf:105,true,p1,accepted,,656905338,656907308716032,18
tf_policy_elo_616bc2f2_phase7_random_to40_2026-08-20,classic-random-8x8_g108_vs_g105.jsonl,classic-random-8x8,classic,random-start,8x8,tf:105,tf:108,false,p1,accepted,,656905338,656907308716033,19
tf_policy_elo_616bc2f2_phase7_random_to40_2026-08-20,classic-random-8x8_g108_vs_g105.jsonl,classic-random-8x8,classic,random-start,8x8,tf:108,tf:105,true,p1,accepted,,656905338,656907308716034,20
tf_policy_elo_616bc2f2_phase7_random_to40_2026-08-20,classic-random-8x8_g108_vs_g105.jsonl,classic-random-8x8,classic,random-start,8x8,tf:105,tf:108,false,p1,accepted,,656905338,656907308716035,21
tf_policy_elo_616bc2f2_phase7_random_to40_2026-08-20,classic-random-8x8_g108_vs_g105.jsonl,classic-random-8x8,classic,random-start,8x8,tf:108,tf:105,true,p2,accepted,,656905338,656907308716036,22
tf_policy_elo_616bc2f2_phase7_random_to40_2026-08-20,classic-random-8x8_g108_vs_g105.jsonl,classic-random-8x8,classic,random-start,8x8,tf:105,tf:108,false,p2,accepted,,656905338,656907308716037,23
tf_policy_elo_616bc2f2_phase7_random_to40_2026-08-20,classic-random-8x8_g108_vs_g105.jsonl,classic-random-8x8,classic,random-start,8x8,tf:108,tf:105,true,p1,accepted,,656905338,656907308716038,24
tf_policy_elo_616bc2f2_phase7_random_to40_2026-08-20,classic-random-8x8_g108_vs_g105.jsonl,classic-random-8x8,classic,random-start,8x8,tf:105,tf:108,false,p1,accepted,,656905338,656907308716039,25
tf_policy_elo_616bc2f2_phase7_random_to40_2026-08-20,classic-random-8x8_g108_vs_g105.jsonl,classic-random-8x8,classic,random-start,8x8,tf:108,tf:105,true,p2,accepted,,656905338,656907308716040,26
tf_policy_elo_616bc2f2_phase7_random_to40_2026-08-20,classic-random-8x8_g108_vs_g105.jsonl,classic-random-8x8,classic,random-start,8x8,tf:105,tf:108,false,p2,accepted,,656905338,656907308716041,27
tf_policy_elo_616bc2f2_phase7_random_to40_2026-08-20,classic-random-8x8_g108_vs_g107.jsonl,classic-random-8x8,classic,random-start,8x8,tf:108,tf:107,true,p2,accepted,,656907338,656909308722014,0
tf_policy_elo_616bc2f2_phase7_random_to40_2026-08-20,classic-random-8x8_g108_vs_g107.jsonl,classic-random-8x8,classic,random-start,8x8,tf:107,tf:108,false,p1,accepted,,656907338,656909308722015,1
tf_policy_elo_616bc2f2_phase7_random_to40_2026-08-20,classic-random-8x8_g108_vs_g107.jsonl,classic-random-8x8,classic,random-start,8x8,tf:108,tf:107,true,p2,accepted,,656907338,656909308722016,2
tf_policy_elo_616bc2f2_phase7_random_to40_2026-08-20,classic-random-8x8_g108_vs_g107.jsonl,classic-random-8x8,classic,random-start,8x8,tf:107,tf:108,false,p1,accepted,,656907338,656909308722017,3
tf_policy_elo_616bc2f2_phase7_random_to40_2026-08-20,classic-random-8x8_g108_vs_g107.jsonl,classic-random-8x8,classic,random-start,8x8,tf:108,tf:107,true,p1,accepted,,656907338,656909308722018,4
tf_policy_elo_616bc2f2_phase7_random_to40_2026-08-20,classic-random-8x8_g108_vs_g107.jsonl,classic-random-8x8,classic,random-start,8x8,tf:107,tf:108,false,p1,accepted,,656907338,656909308722019,5
tf_policy_elo_616bc2f2_phase7_random_to40_2026-08-20,classic-random-8x8_g108_vs_g107.jsonl,classic-random-8x8,classic,random-start,8x8,tf:108,tf:107,true,p1,accepted,,656907338,656909308722020,6
tf_policy_elo_616bc2f2_phase7_random_to40_2026-08-20,classic-random-8x8_g108_vs_g107.jsonl,classic-random-8x8,classic,random-start,8x8,tf:107,tf:108,false,p1,accepted,,656907338,656909308722021,7
tf_policy_elo_616bc2f2_phase7_random_to40_2026-08-20,classic-random-8x8_g108_vs_g107.jsonl,classic-random-8x8,classic,random-start,8x8,tf:108,tf:107,true,p1,accepted,,656907338,656909308722022,8
tf_policy_elo_616bc2f2_phase7_random_to40_2026-08-20,classic-random-8x8_g108_vs_g107.jsonl,classic-random-8x8,classic,random-start,8x8,tf:107,tf:108,false,p2,accepted,,656907338,656909308722023,9
tf_policy_elo_616bc2f2_phase7_random_to40_2026-08-20,classic-random-8x8_g108_vs_g107.jsonl,classic-random-8x8,classic,random-start,8x8,tf:108,tf:107,true,p1,accepted,,656907338,656909308722024,10
tf_policy_elo_616bc2f2_phase7_random_to40_2026-08-20,classic-random-8x8_g108_vs_g107.jsonl,classic-random-8x8,classic,random-start,8x8,tf:107,tf:108,false,p2,accepted,,656907338,656909308722025,11
tf_policy_elo_616bc2f2_phase7_random_to40_2026-08-20,classic-random-8x8_g108_vs_g107.jsonl,classic-random-8x8,classic,random-start,8x8,tf:108,tf:107,true,p1,accepted,,656907338,656909308722026,12
tf_policy_elo_616bc2f2_phase7_random_to40_2026-08-20,classic-random-8x8_g108_vs_g107.jsonl,classic-random-8x8,classic,random-start,8x8,tf:107,tf:108,false,p1,accepted,,656907338,656909308722027,13
tf_policy_elo_616bc2f2_phase7_random_to40_2026-08-20,classic-random-8x8_g108_vs_g107.jsonl,classic-random-8x8,classic,random-start,8x8,tf:108,tf:107,true,p1,accepted,,656907338,656909308722028,14
tf_policy_elo_616bc2f2_phase7_random_to40_2026-08-20,classic-random-8x8_g108_vs_g107.jsonl,classic-random-8x8,classic,random-start,8x8,tf:107,tf:108,false,p1,accepted,,656907338,656909308722029,15
tf_policy_elo_616bc2f2_phase7_random_to40_2026-08-20,classic-random-8x8_g108_vs_g107.jsonl,classic-random-8x8,classic,random-start,8x8,tf:108,tf:107,true,p2,accepted,,656907338,656909308722030,16
tf_policy_elo_616bc2f2_phase7_random_to40_2026-08-20,classic-random-8x8_g108_vs_g107.jsonl,classic-random-8x8,classic,random-start,8x8,tf:107,tf:108,false,p1,accepted,,656907338,656909308722031,17
tf_policy_elo_616bc2f2_phase7_random_to40_2026-08-20,classic-random-8x8_g108_vs_g107.jsonl,classic-random-8x8,classic,random-start,8x8,tf:108,tf:107,true,p1,accepted,,656907338,656909308722032,18
tf_policy_elo_616bc2f2_phase7_random_to40_2026-08-20,classic-random-8x8_g108_vs_g107.jsonl,classic-random-8x8,classic,random-start,8x8,tf:107,tf:108,false,p2,accepted,,656907338,656909308722033,19
tf_policy_elo_616bc2f2_phase7_random_to40_2026-08-20,classic-random-8x8_g108_vs_g107.jsonl,classic-random-8x8,classic,random-start,8x8,tf:108,tf:107,true,p1,accepted,,656907338,656909308722034,20
tf_policy_elo_616bc2f2_phase7_random_to40_2026-08-20,classic-random-8x8_g108_vs_g107.jsonl,classic-random-8x8,classic,random-start,8x8,tf:107,tf:108,false,p1,accepted,,656907338,656909308722035,21
tf_policy_elo_616bc2f2_phase7_random_to40_2026-08-20,classic-random-8x8_g108_vs_g107.jsonl,classic-random-8x8,classic,random-start,8x8,tf:108,tf:107,true,p1,accepted,,656907338,656909308722036,22
tf_policy_elo_616bc2f2_phase7_random_to40_2026-08-20,classic-random-8x8_g108_vs_g107.jsonl,classic-random-8x8,classic,random-start,8x8,tf:107,tf:108,false,p1,accepted,,656907338,656909308722037,23
tf_policy_elo_616bc2f2_phase7_random_to40_2026-08-20,classic-random-8x8_g108_vs_g107.jsonl,classic-random-8x8,classic,random-start,8x8,tf:108,tf:107,true,p1,accepted,,656907338,656909308722038,24
tf_policy_elo_616bc2f2_phase7_random_to40_2026-08-20,classic-random-8x8_g108_vs_g107.jsonl,classic-random-8x8,classic,random-start,8x8,tf:107,tf:108,false,p1,accepted,,656907338,656909308722039,25
tf_policy_elo_616bc2f2_phase7_random_to40_2026-08-20,classic-random-8x8_g108_vs_g107.jsonl,classic-random-8x8,classic,random-start,8x8,tf:108,tf:107,true,p2,accepted,,656907338,656909308722040,26
tf_policy_elo_616bc2f2_phase7_random_to40_2026-08-20,classic-random-8x8_g108_vs_g107.jsonl,classic-random-8x8,classic,random-start,8x8,tf:107,tf:108,false,p2,accepted,,656907338,656909308722041,27
tf_policy_elo_616bc2f2_phase7_random_to40_2026-08-20,classic-random-8x8_g109_vs_g103.jsonl,classic-random-8x8,classic,random-start,8x8,tf:109,tf:103,true,p2,accepted,,657003338,657005309010014,0
tf_policy_elo_616bc2f2_phase7_random_to40_2026-08-20,classic-random-8x8_g109_vs_g103.jsonl,classic-random-8x8,classic,random-start,8x8,tf:103,tf:109,false,p1,accepted,,657003338,657005309010015,1
tf_policy_elo_616bc2f2_phase7_random_to40_2026-08-20,classic-random-8x8_g109_vs_g103.jsonl,classic-random-8x8,classic,random-start,8x8,tf:109,tf:103,true,p1,accepted,,657003338,657005309010016,2
tf_policy_elo_616bc2f2_phase7_random_to40_2026-08-20,classic-random-8x8_g109_vs_g103.jsonl,classic-random-8x8,classic,random-start,8x8,tf:103,tf:109,false,p2,accepted,,657003338,657005309010017,3
tf_policy_elo_616bc2f2_phase7_random_to40_2026-08-20,classic-random-8x8_g109_vs_g103.jsonl,classic-random-8x8,classic,random-start,8x8,tf:109,tf:103,true,p1,accepted,,657003338,657005309010018,4
tf_policy_elo_616bc2f2_phase7_random_to40_2026-08-20,classic-random-8x8_g109_vs_g103.jsonl,classic-random-8x8,classic,random-start,8x8,tf:103,tf:109,false,p1,accepted,,657003338,657005309010019,5
tf_policy_elo_616bc2f2_phase7_random_to40_2026-08-20,classic-random-8x8_g109_vs_g103.jsonl,classic-random-8x8,classic,random-start,8x8,tf:109,tf:103,true,p2,accepted,,657003338,657005309010020,6
tf_policy_elo_616bc2f2_phase7_random_to40_2026-08-20,classic-random-8x8_g109_vs_g103.jsonl,classic-random-8x8,classic,random-start,8x8,tf:103,tf:109,false,p1,accepted,,657003338,657005309010021,7
tf_policy_elo_616bc2f2_phase7_random_to40_2026-08-20,classic-random-8x8_g109_vs_g103.jsonl,classic-random-8x8,classic,random-start,8x8,tf:109,tf:103,true,p2,accepted,,657003338,657005309010022,8
tf_policy_elo_616bc2f2_phase7_random_to40_2026-08-20,classic-random-8x8_g109_vs_g103.jsonl,classic-random-8x8,classic,random-start,8x8,tf:103,tf:109,false,p2,accepted,,657003338,657005309010023,9
tf_policy_elo_616bc2f2_phase7_random_to40_2026-08-20,classic-random-8x8_g109_vs_g103.jsonl,classic-random-8x8,classic,random-start,8x8,tf:109,tf:103,true,p1,accepted,,657003338,657005309010024,10
tf_policy_elo_616bc2f2_phase7_random_to40_2026-08-20,classic-random-8x8_g109_vs_g103.jsonl,classic-random-8x8,classic,random-start,8x8,tf:103,tf:109,false,p1,accepted,,657003338,657005309010025,11
tf_policy_elo_616bc2f2_phase7_random_to40_2026-08-20,classic-random-8x8_g109_vs_g103.jsonl,classic-random-8x8,classic,random-start,8x8,tf:109,tf:103,true,p1,accepted,,657003338,657005309010026,12
tf_policy_elo_616bc2f2_phase7_random_to40_2026-08-20,classic-random-8x8_g109_vs_g103.jsonl,classic-random-8x8,classic,random-start,8x8,tf:103,tf:109,false,p1,accepted,,657003338,657005309010027,13
tf_policy_elo_616bc2f2_phase7_random_to40_2026-08-20,classic-random-8x8_g109_vs_g103.jsonl,classic-random-8x8,classic,random-start,8x8,tf:109,tf:103,true,p1,accepted,,657003338,657005309010028,14
tf_policy_elo_616bc2f2_phase7_random_to40_2026-08-20,classic-random-8x8_g109_vs_g103.jsonl,classic-random-8x8,classic,random-start,8x8,tf:103,tf:109,false,p1,accepted,,657003338,657005309010029,15
tf_policy_elo_616bc2f2_phase7_random_to40_2026-08-20,classic-random-8x8_g109_vs_g103.jsonl,classic-random-8x8,classic,random-start,8x8,tf:109,tf:103,true,p1,accepted,,657003338,657005309010030,16
tf_policy_elo_616bc2f2_phase7_random_to40_2026-08-20,classic-random-8x8_g109_vs_g103.jsonl,classic-random-8x8,classic,random-start,8x8,tf:103,tf:109,false,p2,accepted,,657003338,657005309010031,17
tf_policy_elo_616bc2f2_phase7_random_to40_2026-08-20,classic-random-8x8_g109_vs_g103.jsonl,classic-random-8x8,classic,random-start,8x8,tf:109,tf:103,true,p1,accepted,,657003338,657005309010032,18
tf_policy_elo_616bc2f2_phase7_random_to40_2026-08-20,classic-random-8x8_g109_vs_g103.jsonl,classic-random-8x8,classic,random-start,8x8,tf:103,tf:109,false,p1,accepted,,657003338,657005309010033,19
tf_policy_elo_616bc2f2_phase7_random_to40_2026-08-20,classic-random-8x8_g109_vs_g103.jsonl,classic-random-8x8,classic,random-start,8x8,tf:109,tf:103,true,p1,accepted,,657003338,657005309010034,20
tf_policy_elo_616bc2f2_phase7_random_to40_2026-08-20,classic-random-8x8_g109_vs_g103.jsonl,classic-random-8x8,classic,random-start,8x8,tf:103,tf:109,false,p1,accepted,,657003338,657005309010035,21
tf_policy_elo_616bc2f2_phase7_random_to40_2026-08-20,classic-random-8x8_g109_vs_g103.jsonl,classic-random-8x8,classic,random-start,8x8,tf:109,tf:103,true,p2,accepted,,657003338,657005309010036,22
tf_policy_elo_616bc2f2_phase7_random_to40_2026-08-20,classic-random-8x8_g109_vs_g103.jsonl,classic-random-8x8,classic,random-start,8x8,tf:103,tf:109,false,p1,accepted,,657003338,657005309010037,23
tf_policy_elo_616bc2f2_phase7_random_to40_2026-08-20,classic-random-8x8_g109_vs_g103.jsonl,classic-random-8x8,classic,random-start,8x8,tf:109,tf:103,true,p2,accepted,,657003338,657005309010038,24
tf_policy_elo_616bc2f2_phase7_random_to40_2026-08-20,classic-random-8x8_g109_vs_g103.jsonl,classic-random-8x8,classic,random-start,8x8,tf:103,tf:109,false,p1,accepted,,657003338,657005309010039,25
tf_policy_elo_616bc2f2_phase7_random_to40_2026-08-20,classic-random-8x8_g109_vs_g103.jsonl,classic-random-8x8,classic,random-start,8x8,tf:109,tf:103,true,p2,accepted,,657003338,657005309010040,26
tf_policy_elo_616bc2f2_phase7_random_to40_2026-08-20,classic-random-8x8_g109_vs_g103.jsonl,classic-random-8x8,classic,random-start,8x8,tf:103,tf:109,false,p1,accepted,,657003338,657005309010041,27
tf_policy_elo_616bc2f2_phase7_random_to40_2026-08-20,classic-random-8x8_g109_vs_g106.jsonl,classic-random-8x8,classic,random-start,8x8,tf:109,tf:106,true,p1,accepted,,657006338,657008309019014,0
tf_policy_elo_616bc2f2_phase7_random_to40_2026-08-20,classic-random-8x8_g109_vs_g106.jsonl,classic-random-8x8,classic,random-start,8x8,tf:106,tf:109,false,p1,accepted,,657006338,657008309019015,1
tf_policy_elo_616bc2f2_phase7_random_to40_2026-08-20,classic-random-8x8_g109_vs_g106.jsonl,classic-random-8x8,classic,random-start,8x8,tf:109,tf:106,true,p1,accepted,,657006338,657008309019016,2
tf_policy_elo_616bc2f2_phase7_random_to40_2026-08-20,classic-random-8x8_g109_vs_g106.jsonl,classic-random-8x8,classic,random-start,8x8,tf:106,tf:109,false,p1,accepted,,657006338,657008309019017,3
tf_policy_elo_616bc2f2_phase7_random_to40_2026-08-20,classic-random-8x8_g109_vs_g106.jsonl,classic-random-8x8,classic,random-start,8x8,tf:109,tf:106,true,p1,accepted,,657006338,657008309019018,4
tf_policy_elo_616bc2f2_phase7_random_to40_2026-08-20,classic-random-8x8_g109_vs_g106.jsonl,classic-random-8x8,classic,random-start,8x8,tf:106,tf:109,false,p2,accepted,,657006338,657008309019019,5
tf_policy_elo_616bc2f2_phase7_random_to40_2026-08-20,classic-random-8x8_g109_vs_g106.jsonl,classic-random-8x8,classic,random-start,8x8,tf:109,tf:106,true,p1,accepted,,657006338,657008309019020,6
tf_policy_elo_616bc2f2_phase7_random_to40_2026-08-20,classic-random-8x8_g109_vs_g106.jsonl,classic-random-8x8,classic,random-start,8x8,tf:106,tf:109,false,p2,accepted,,657006338,657008309019021,7
tf_policy_elo_616bc2f2_phase7_random_to40_2026-08-20,classic-random-8x8_g109_vs_g106.jsonl,classic-random-8x8,classic,random-start,8x8,tf:109,tf:106,true,p2,accepted,,657006338,657008309019022,8
tf_policy_elo_616bc2f2_phase7_random_to40_2026-08-20,classic-random-8x8_g109_vs_g106.jsonl,classic-random-8x8,classic,random-start,8x8,tf:106,tf:109,false,p2,accepted,,657006338,657008309019023,9
tf_policy_elo_616bc2f2_phase7_random_to40_2026-08-20,classic-random-8x8_g109_vs_g106.jsonl,classic-random-8x8,classic,random-start,8x8,tf:109,tf:106,true,p1,accepted,,657006338,657008309019024,10
tf_policy_elo_616bc2f2_phase7_random_to40_2026-08-20,classic-random-8x8_g109_vs_g106.jsonl,classic-random-8x8,classic,random-start,8x8,tf:106,tf:109,false,p1,accepted,,657006338,657008309019025,11
tf_policy_elo_616bc2f2_phase7_random_to40_2026-08-20,classic-random-8x8_g109_vs_g106.jsonl,classic-random-8x8,classic,random-start,8x8,tf:109,tf:106,true,p1,accepted,,657006338,657008309019026,12
tf_policy_elo_616bc2f2_phase7_random_to40_2026-08-20,classic-random-8x8_g109_vs_g106.jsonl,classic-random-8x8,classic,random-start,8x8,tf:106,tf:109,false,p2,accepted,,657006338,657008309019027,13
tf_policy_elo_616bc2f2_phase7_random_to40_2026-08-20,classic-random-8x8_g109_vs_g106.jsonl,classic-random-8x8,classic,random-start,8x8,tf:109,tf:106,true,p1,accepted,,657006338,657008309019028,14
tf_policy_elo_616bc2f2_phase7_random_to40_2026-08-20,classic-random-8x8_g109_vs_g106.jsonl,classic-random-8x8,classic,random-start,8x8,tf:106,tf:109,false,p2,accepted,,657006338,657008309019029,15
tf_policy_elo_616bc2f2_phase7_random_to40_2026-08-20,classic-random-8x8_g109_vs_g106.jsonl,classic-random-8x8,classic,random-start,8x8,tf:109,tf:106,true,p2,accepted,,657006338,657008309019030,16
tf_policy_elo_616bc2f2_phase7_random_to40_2026-08-20,classic-random-8x8_g109_vs_g106.jsonl,classic-random-8x8,classic,random-start,8x8,tf:106,tf:109,false,p1,accepted,,657006338,657008309019031,17
tf_policy_elo_616bc2f2_phase7_random_to40_2026-08-20,classic-random-8x8_g109_vs_g106.jsonl,classic-random-8x8,classic,random-start,8x8,tf:109,tf:106,true,p1,accepted,,657006338,657008309019032,18
tf_policy_elo_616bc2f2_phase7_random_to40_2026-08-20,classic-random-8x8_g109_vs_g106.jsonl,classic-random-8x8,classic,random-start,8x8,tf:106,tf:109,false,p1,accepted,,657006338,657008309019033,19
tf_policy_elo_616bc2f2_phase7_random_to40_2026-08-20,classic-random-8x8_g109_vs_g106.jsonl,classic-random-8x8,classic,random-start,8x8,tf:109,tf:106,true,p2,accepted,,657006338,657008309019034,20
tf_policy_elo_616bc2f2_phase7_random_to40_2026-08-20,classic-random-8x8_g109_vs_g106.jsonl,classic-random-8x8,classic,random-start,8x8,tf:106,tf:109,false,p2,accepted,,657006338,657008309019035,21
tf_policy_elo_616bc2f2_phase7_random_to40_2026-08-20,classic-random-8x8_g109_vs_g106.jsonl,classic-random-8x8,classic,random-start,8x8,tf:109,tf:106,true,p1,accepted,,657006338,657008309019036,22
tf_policy_elo_616bc2f2_phase7_random_to40_2026-08-20,classic-random-8x8_g109_vs_g106.jsonl,classic-random-8x8,classic,random-start,8x8,tf:106,tf:109,false,p1,accepted,,657006338,657008309019037,23
tf_policy_elo_616bc2f2_phase7_random_to40_2026-08-20,classic-random-8x8_g109_vs_g106.jsonl,classic-random-8x8,classic,random-start,8x8,tf:109,tf:106,true,p2,accepted,,657006338,657008309019038,24
tf_policy_elo_616bc2f2_phase7_random_to40_2026-08-20,classic-random-8x8_g109_vs_g106.jsonl,classic-random-8x8,classic,random-start,8x8,tf:106,tf:109,false,p1,accepted,,657006338,657008309019039,25
tf_policy_elo_616bc2f2_phase7_random_to40_2026-08-20,classic-random-8x8_g109_vs_g106.jsonl,classic-random-8x8,classic,random-start,8x8,tf:109,tf:106,true,p1,accepted,,657006338,657008309019040,26
tf_policy_elo_616bc2f2_phase7_random_to40_2026-08-20,classic-random-8x8_g109_vs_g106.jsonl,classic-random-8x8,classic,random-start,8x8,tf:106,tf:109,false,p1,accepted,,657006338,657008309019041,27
tf_policy_elo_616bc2f2_phase7_random_to40_2026-08-20,classic-random-8x8_g109_vs_g108.jsonl,classic-random-8x8,classic,random-start,8x8,tf:109,tf:108,true,p2,accepted,,657008338,657010309025014,0
tf_policy_elo_616bc2f2_phase7_random_to40_2026-08-20,classic-random-8x8_g109_vs_g108.jsonl,classic-random-8x8,classic,random-start,8x8,tf:108,tf:109,false,p1,accepted,,657008338,657010309025015,1
tf_policy_elo_616bc2f2_phase7_random_to40_2026-08-20,classic-random-8x8_g109_vs_g108.jsonl,classic-random-8x8,classic,random-start,8x8,tf:109,tf:108,true,p1,accepted,,657008338,657010309025016,2
tf_policy_elo_616bc2f2_phase7_random_to40_2026-08-20,classic-random-8x8_g109_vs_g108.jsonl,classic-random-8x8,classic,random-start,8x8,tf:108,tf:109,false,p1,accepted,,657008338,657010309025017,3
tf_policy_elo_616bc2f2_phase7_random_to40_2026-08-20,classic-random-8x8_g109_vs_g108.jsonl,classic-random-8x8,classic,random-start,8x8,tf:109,tf:108,true,p2,accepted,,657008338,657010309025018,4
tf_policy_elo_616bc2f2_phase7_random_to40_2026-08-20,classic-random-8x8_g109_vs_g108.jsonl,classic-random-8x8,classic,random-start,8x8,tf:108,tf:109,false,p1,accepted,,657008338,657010309025019,5
tf_policy_elo_616bc2f2_phase7_random_to40_2026-08-20,classic-random-8x8_g109_vs_g108.jsonl,classic-random-8x8,classic,random-start,8x8,tf:109,tf:108,true,p1,accepted,,657008338,657010309025020,6
tf_policy_elo_616bc2f2_phase7_random_to40_2026-08-20,classic-random-8x8_g109_vs_g108.jsonl,classic-random-8x8,classic,random-start,8x8,tf:108,tf:109,false,p2,accepted,,657008338,657010309025021,7
tf_policy_elo_616bc2f2_phase7_random_to40_2026-08-20,classic-random-8x8_g109_vs_g108.jsonl,classic-random-8x8,classic,random-start,8x8,tf:109,tf:108,true,p2,accepted,,657008338,657010309025022,8
tf_policy_elo_616bc2f2_phase7_random_to40_2026-08-20,classic-random-8x8_g109_vs_g108.jsonl,classic-random-8x8,classic,random-start,8x8,tf:108,tf:109,false,p1,accepted,,657008338,657010309025023,9
tf_policy_elo_616bc2f2_phase7_random_to40_2026-08-20,classic-random-8x8_g109_vs_g108.jsonl,classic-random-8x8,classic,random-start,8x8,tf:109,tf:108,true,p2,accepted,,657008338,657010309025024,10
tf_policy_elo_616bc2f2_phase7_random_to40_2026-08-20,classic-random-8x8_g109_vs_g108.jsonl,classic-random-8x8,classic,random-start,8x8,tf:108,tf:109,false,p1,accepted,,657008338,657010309025025,11
tf_policy_elo_616bc2f2_phase7_random_to40_2026-08-20,classic-random-8x8_g109_vs_g108.jsonl,classic-random-8x8,classic,random-start,8x8,tf:109,tf:108,true,p2,accepted,,657008338,657010309025026,12
tf_policy_elo_616bc2f2_phase7_random_to40_2026-08-20,classic-random-8x8_g109_vs_g108.jsonl,classic-random-8x8,classic,random-start,8x8,tf:108,tf:109,false,p1,accepted,,657008338,657010309025027,13
tf_policy_elo_616bc2f2_phase7_random_to40_2026-08-20,classic-random-8x8_g109_vs_g108.jsonl,classic-random-8x8,classic,random-start,8x8,tf:109,tf:108,true,p1,accepted,,657008338,657010309025028,14
tf_policy_elo_616bc2f2_phase7_random_to40_2026-08-20,classic-random-8x8_g109_vs_g108.jsonl,classic-random-8x8,classic,random-start,8x8,tf:108,tf:109,false,p1,accepted,,657008338,657010309025029,15
tf_policy_elo_616bc2f2_phase7_random_to40_2026-08-20,classic-random-8x8_g109_vs_g108.jsonl,classic-random-8x8,classic,random-start,8x8,tf:109,tf:108,true,p2,accepted,,657008338,657010309025030,16
tf_policy_elo_616bc2f2_phase7_random_to40_2026-08-20,classic-random-8x8_g109_vs_g108.jsonl,classic-random-8x8,classic,random-start,8x8,tf:108,tf:109,false,p1,accepted,,657008338,657010309025031,17
tf_policy_elo_616bc2f2_phase7_random_to40_2026-08-20,classic-random-8x8_g109_vs_g108.jsonl,classic-random-8x8,classic,random-start,8x8,tf:109,tf:108,true,p1,accepted,,657008338,657010309025032,18
tf_policy_elo_616bc2f2_phase7_random_to40_2026-08-20,classic-random-8x8_g109_vs_g108.jsonl,classic-random-8x8,classic,random-start,8x8,tf:108,tf:109,false,p1,accepted,,657008338,657010309025033,19
tf_policy_elo_616bc2f2_phase7_random_to40_2026-08-20,classic-random-8x8_g109_vs_g108.jsonl,classic-random-8x8,classic,random-start,8x8,tf:109,tf:108,true,p2,accepted,,657008338,657010309025034,20
tf_policy_elo_616bc2f2_phase7_random_to40_2026-08-20,classic-random-8x8_g109_vs_g108.jsonl,classic-random-8x8,classic,random-start,8x8,tf:108,tf:109,false,p1,accepted,,657008338,657010309025035,21
tf_policy_elo_616bc2f2_phase7_random_to40_2026-08-20,classic-random-8x8_g109_vs_g108.jsonl,classic-random-8x8,classic,random-start,8x8,tf:109,tf:108,true,p1,accepted,,657008338,657010309025036,22
tf_policy_elo_616bc2f2_phase7_random_to40_2026-08-20,classic-random-8x8_g109_vs_g108.jsonl,classic-random-8x8,classic,random-start,8x8,tf:108,tf:109,false,p1,accepted,,657008338,657010309025037,23
tf_policy_elo_616bc2f2_phase7_random_to40_2026-08-20,classic-random-8x8_g109_vs_g108.jsonl,classic-random-8x8,classic,random-start,8x8,tf:109,tf:108,true,p2,accepted,,657008338,657010309025038,24
tf_policy_elo_616bc2f2_phase7_random_to40_2026-08-20,classic-random-8x8_g109_vs_g108.jsonl,classic-random-8x8,classic,random-start,8x8,tf:108,tf:109,false,p2,accepted,,657008338,657010309025039,25
tf_policy_elo_616bc2f2_phase7_random_to40_2026-08-20,classic-random-8x8_g109_vs_g108.jsonl,classic-random-8x8,classic,random-start,8x8,tf:109,tf:108,true,p2,accepted,,657008338,657010309025040,26
tf_policy_elo_616bc2f2_phase7_random_to40_2026-08-20,classic-random-8x8_g109_vs_g108.jsonl,classic-random-8x8,classic,random-start,8x8,tf:108,tf:109,false,p1,accepted,,657008338,657010309025041,27
tf_policy_elo_616bc2f2_phase7_random_to40_2026-08-20,classic-random-8x8_g110_vs_g104.jsonl,classic-random-8x8,classic,random-start,8x8,tf:110,tf:104,true,p1,accepted,,657104338,657106309313014,0
tf_policy_elo_616bc2f2_phase7_random_to40_2026-08-20,classic-random-8x8_g110_vs_g104.jsonl,classic-random-8x8,classic,random-start,8x8,tf:104,tf:110,false,p2,accepted,,657104338,657106309313015,1
tf_policy_elo_616bc2f2_phase7_random_to40_2026-08-20,classic-random-8x8_g110_vs_g104.jsonl,classic-random-8x8,classic,random-start,8x8,tf:110,tf:104,true,p2,accepted,,657104338,657106309313016,2
tf_policy_elo_616bc2f2_phase7_random_to40_2026-08-20,classic-random-8x8_g110_vs_g104.jsonl,classic-random-8x8,classic,random-start,8x8,tf:104,tf:110,false,p2,accepted,,657104338,657106309313017,3
tf_policy_elo_616bc2f2_phase7_random_to40_2026-08-20,classic-random-8x8_g110_vs_g104.jsonl,classic-random-8x8,classic,random-start,8x8,tf:110,tf:104,true,p1,accepted,,657104338,657106309313018,4
tf_policy_elo_616bc2f2_phase7_random_to40_2026-08-20,classic-random-8x8_g110_vs_g104.jsonl,classic-random-8x8,classic,random-start,8x8,tf:104,tf:110,false,p1,accepted,,657104338,657106309313019,5
tf_policy_elo_616bc2f2_phase7_random_to40_2026-08-20,classic-random-8x8_g110_vs_g104.jsonl,classic-random-8x8,classic,random-start,8x8,tf:110,tf:104,true,p1,accepted,,657104338,657106309313020,6
tf_policy_elo_616bc2f2_phase7_random_to40_2026-08-20,classic-random-8x8_g110_vs_g104.jsonl,classic-random-8x8,classic,random-start,8x8,tf:104,tf:110,false,p1,accepted,,657104338,657106309313021,7
tf_policy_elo_616bc2f2_phase7_random_to40_2026-08-20,classic-random-8x8_g110_vs_g104.jsonl,classic-random-8x8,classic,random-start,8x8,tf:110,tf:104,true,p2,accepted,,657104338,657106309313022,8
tf_policy_elo_616bc2f2_phase7_random_to40_2026-08-20,classic-random-8x8_g110_vs_g104.jsonl,classic-random-8x8,classic,random-start,8x8,tf:104,tf:110,false,p1,accepted,,657104338,657106309313023,9
tf_policy_elo_616bc2f2_phase7_random_to40_2026-08-20,classic-random-8x8_g110_vs_g104.jsonl,classic-random-8x8,classic,random-start,8x8,tf:110,tf:104,true,p1,accepted,,657104338,657106309313024,10
tf_policy_elo_616bc2f2_phase7_random_to40_2026-08-20,classic-random-8x8_g110_vs_g104.jsonl,classic-random-8x8,classic,random-start,8x8,tf:104,tf:110,false,p1,accepted,,657104338,657106309313025,11
tf_policy_elo_616bc2f2_phase7_random_to40_2026-08-20,classic-random-8x8_g110_vs_g104.jsonl,classic-random-8x8,classic,random-start,8x8,tf:110,tf:104,true,p2,accepted,,657104338,657106309313026,12
tf_policy_elo_616bc2f2_phase7_random_to40_2026-08-20,classic-random-8x8_g110_vs_g104.jsonl,classic-random-8x8,classic,random-start,8x8,tf:104,tf:110,false,p2,accepted,,657104338,657106309313027,13
tf_policy_elo_616bc2f2_phase7_random_to40_2026-08-20,classic-random-8x8_g110_vs_g104.jsonl,classic-random-8x8,classic,random-start,8x8,tf:110,tf:104,true,p1,accepted,,657104338,657106309313028,14
tf_policy_elo_616bc2f2_phase7_random_to40_2026-08-20,classic-random-8x8_g110_vs_g104.jsonl,classic-random-8x8,classic,random-start,8x8,tf:104,tf:110,false,p2,accepted,,657104338,657106309313029,15
tf_policy_elo_616bc2f2_phase7_random_to40_2026-08-20,classic-random-8x8_g110_vs_g104.jsonl,classic-random-8x8,classic,random-start,8x8,tf:110,tf:104,true,p1,accepted,,657104338,657106309313030,16
tf_policy_elo_616bc2f2_phase7_random_to40_2026-08-20,classic-random-8x8_g110_vs_g104.jsonl,classic-random-8x8,classic,random-start,8x8,tf:104,tf:110,false,p2,accepted,,657104338,657106309313031,17
tf_policy_elo_616bc2f2_phase7_random_to40_2026-08-20,classic-random-8x8_g110_vs_g104.jsonl,classic-random-8x8,classic,random-start,8x8,tf:110,tf:104,true,p1,accepted,,657104338,657106309313032,18
tf_policy_elo_616bc2f2_phase7_random_to40_2026-08-20,classic-random-8x8_g110_vs_g104.jsonl,classic-random-8x8,classic,random-start,8x8,tf:104,tf:110,false,p1,accepted,,657104338,657106309313033,19
tf_policy_elo_616bc2f2_phase7_random_to40_2026-08-20,classic-random-8x8_g110_vs_g104.jsonl,classic-random-8x8,classic,random-start,8x8,tf:110,tf:104,true,p2,accepted,,657104338,657106309313034,20
tf_policy_elo_616bc2f2_phase7_random_to40_2026-08-20,classic-random-8x8_g110_vs_g104.jsonl,classic-random-8x8,classic,random-start,8x8,tf:104,tf:110,false,p1,accepted,,657104338,657106309313035,21
tf_policy_elo_616bc2f2_phase7_random_to40_2026-08-20,classic-random-8x8_g110_vs_g104.jsonl,classic-random-8x8,classic,random-start,8x8,tf:110,tf:104,true,p1,accepted,,657104338,657106309313036,22
tf_policy_elo_616bc2f2_phase7_random_to40_2026-08-20,classic-random-8x8_g110_vs_g104.jsonl,classic-random-8x8,classic,random-start,8x8,tf:104,tf:110,false,p2,accepted,,657104338,657106309313037,23
tf_policy_elo_616bc2f2_phase7_random_to40_2026-08-20,classic-random-8x8_g110_vs_g104.jsonl,classic-random-8x8,classic,random-start,8x8,tf:110,tf:104,true,p2,accepted,,657104338,657106309313038,24
tf_policy_elo_616bc2f2_phase7_random_to40_2026-08-20,classic-random-8x8_g110_vs_g104.jsonl,classic-random-8x8,classic,random-start,8x8,tf:104,tf:110,false,p2,accepted,,657104338,657106309313039,25
tf_policy_elo_616bc2f2_phase7_random_to40_2026-08-20,classic-random-8x8_g110_vs_g104.jsonl,classic-random-8x8,classic,random-start,8x8,tf:110,tf:104,true,p1,accepted,,657104338,657106309313040,26
tf_policy_elo_616bc2f2_phase7_random_to40_2026-08-20,classic-random-8x8_g110_vs_g104.jsonl,classic-random-8x8,classic,random-start,8x8,tf:104,tf:110,false,p1,accepted,,657104338,657106309313041,27
tf_policy_elo_616bc2f2_phase7_random_to40_2026-08-20,classic-random-8x8_g110_vs_g107.jsonl,classic-random-8x8,classic,random-start,8x8,tf:110,tf:107,true,p1,accepted,,657107338,657109309322014,0
tf_policy_elo_616bc2f2_phase7_random_to40_2026-08-20,classic-random-8x8_g110_vs_g107.jsonl,classic-random-8x8,classic,random-start,8x8,tf:107,tf:110,false,p1,accepted,,657107338,657109309322015,1
tf_policy_elo_616bc2f2_phase7_random_to40_2026-08-20,classic-random-8x8_g110_vs_g107.jsonl,classic-random-8x8,classic,random-start,8x8,tf:110,tf:107,true,p2,accepted,,657107338,657109309322016,2
tf_policy_elo_616bc2f2_phase7_random_to40_2026-08-20,classic-random-8x8_g110_vs_g107.jsonl,classic-random-8x8,classic,random-start,8x8,tf:107,tf:110,false,p1,accepted,,657107338,657109309322017,3
tf_policy_elo_616bc2f2_phase7_random_to40_2026-08-20,classic-random-8x8_g110_vs_g107.jsonl,classic-random-8x8,classic,random-start,8x8,tf:110,tf:107,true,p1,accepted,,657107338,657109309322018,4
tf_policy_elo_616bc2f2_phase7_random_to40_2026-08-20,classic-random-8x8_g110_vs_g107.jsonl,classic-random-8x8,classic,random-start,8x8,tf:107,tf:110,false,p1,accepted,,657107338,657109309322019,5
tf_policy_elo_616bc2f2_phase7_random_to40_2026-08-20,classic-random-8x8_g110_vs_g107.jsonl,classic-random-8x8,classic,random-start,8x8,tf:110,tf:107,true,p2,accepted,,657107338,657109309322020,6
tf_policy_elo_616bc2f2_phase7_random_to40_2026-08-20,classic-random-8x8_g110_vs_g107.jsonl,classic-random-8x8,classic,random-start,8x8,tf:107,tf:110,false,p1,accepted,,657107338,657109309322021,7
tf_policy_elo_616bc2f2_phase7_random_to40_2026-08-20,classic-random-8x8_g110_vs_g107.jsonl,classic-random-8x8,classic,random-start,8x8,tf:110,tf:107,true,p1,accepted,,657107338,657109309322022,8
tf_policy_elo_616bc2f2_phase7_random_to40_2026-08-20,classic-random-8x8_g110_vs_g107.jsonl,classic-random-8x8,classic,random-start,8x8,tf:107,tf:110,false,p2,accepted,,657107338,657109309322023,9
tf_policy_elo_616bc2f2_phase7_random_to40_2026-08-20,classic-random-8x8_g110_vs_g107.jsonl,classic-random-8x8,classic,random-start,8x8,tf:110,tf:107,true,p1,accepted,,657107338,657109309322024,10
tf_policy_elo_616bc2f2_phase7_random_to40_2026-08-20,classic-random-8x8_g110_vs_g107.jsonl,classic-random-8x8,classic,random-start,8x8,tf:107,tf:110,false,p2,accepted,,657107338,657109309322025,11
tf_policy_elo_616bc2f2_phase7_random_to40_2026-08-20,classic-random-8x8_g110_vs_g107.jsonl,classic-random-8x8,classic,random-start,8x8,tf:110,tf:107,true,p1,accepted,,657107338,657109309322026,12
tf_policy_elo_616bc2f2_phase7_random_to40_2026-08-20,classic-random-8x8_g110_vs_g107.jsonl,classic-random-8x8,classic,random-start,8x8,tf:107,tf:110,false,p1,accepted,,657107338,657109309322027,13
tf_policy_elo_616bc2f2_phase7_random_to40_2026-08-20,classic-random-8x8_g110_vs_g107.jsonl,classic-random-8x8,classic,random-start,8x8,tf:110,tf:107,true,p1,accepted,,657107338,657109309322028,14
tf_policy_elo_616bc2f2_phase7_random_to40_2026-08-20,classic-random-8x8_g110_vs_g107.jsonl,classic-random-8x8,classic,random-start,8x8,tf:107,tf:110,false,p2,accepted,,657107338,657109309322029,15
tf_policy_elo_616bc2f2_phase7_random_to40_2026-08-20,classic-random-8x8_g110_vs_g107.jsonl,classic-random-8x8,classic,random-start,8x8,tf:110,tf:107,true,p1,accepted,,657107338,657109309322030,16
tf_policy_elo_616bc2f2_phase7_random_to40_2026-08-20,classic-random-8x8_g110_vs_g107.jsonl,classic-random-8x8,classic,random-start,8x8,tf:107,tf:110,false,p1,accepted,,657107338,657109309322031,17
tf_policy_elo_616bc2f2_phase7_random_to40_2026-08-20,classic-random-8x8_g110_vs_g107.jsonl,classic-random-8x8,classic,random-start,8x8,tf:110,tf:107,true,p1,accepted,,657107338,657109309322032,18
tf_policy_elo_616bc2f2_phase7_random_to40_2026-08-20,classic-random-8x8_g110_vs_g107.jsonl,classic-random-8x8,classic,random-start,8x8,tf:107,tf:110,false,p2,accepted,,657107338,657109309322033,19
tf_policy_elo_616bc2f2_phase7_random_to40_2026-08-20,classic-random-8x8_g110_vs_g107.jsonl,classic-random-8x8,classic,random-start,8x8,tf:110,tf:107,true,p1,accepted,,657107338,657109309322034,20
tf_policy_elo_616bc2f2_phase7_random_to40_2026-08-20,classic-random-8x8_g110_vs_g107.jsonl,classic-random-8x8,classic,random-start,8x8,tf:107,tf:110,false,p2,accepted,,657107338,657109309322035,21
tf_policy_elo_616bc2f2_phase7_random_to40_2026-08-20,classic-random-8x8_g110_vs_g107.jsonl,classic-random-8x8,classic,random-start,8x8,tf:110,tf:107,true,p1,accepted,,657107338,657109309322036,22
tf_policy_elo_616bc2f2_phase7_random_to40_2026-08-20,classic-random-8x8_g110_vs_g107.jsonl,classic-random-8x8,classic,random-start,8x8,tf:107,tf:110,false,p1,accepted,,657107338,657109309322037,23
tf_policy_elo_616bc2f2_phase7_random_to40_2026-08-20,classic-random-8x8_g110_vs_g107.jsonl,classic-random-8x8,classic,random-start,8x8,tf:110,tf:107,true,p2,accepted,,657107338,657109309322038,24
tf_policy_elo_616bc2f2_phase7_random_to40_2026-08-20,classic-random-8x8_g110_vs_g107.jsonl,classic-random-8x8,classic,random-start,8x8,tf:107,tf:110,false,p2,accepted,,657107338,657109309322039,25
tf_policy_elo_616bc2f2_phase7_random_to40_2026-08-20,classic-random-8x8_g110_vs_g107.jsonl,classic-random-8x8,classic,random-start,8x8,tf:110,tf:107,true,p1,accepted,,657107338,657109309322040,26
tf_policy_elo_616bc2f2_phase7_random_to40_2026-08-20,classic-random-8x8_g110_vs_g107.jsonl,classic-random-8x8,classic,random-start,8x8,tf:107,tf:110,false,p2,accepted,,657107338,657109309322041,27
tf_policy_elo_616bc2f2_phase7_random_to40_2026-08-20,classic-random-8x8_g110_vs_g109.jsonl,classic-random-8x8,classic,random-start,8x8,tf:110,tf:109,true,p1,accepted,,657109338,657111309328014,0
tf_policy_elo_616bc2f2_phase7_random_to40_2026-08-20,classic-random-8x8_g110_vs_g109.jsonl,classic-random-8x8,classic,random-start,8x8,tf:109,tf:110,false,p1,accepted,,657109338,657111309328015,1
tf_policy_elo_616bc2f2_phase7_random_to40_2026-08-20,classic-random-8x8_g110_vs_g109.jsonl,classic-random-8x8,classic,random-start,8x8,tf:110,tf:109,true,p2,accepted,,657109338,657111309328016,2
tf_policy_elo_616bc2f2_phase7_random_to40_2026-08-20,classic-random-8x8_g110_vs_g109.jsonl,classic-random-8x8,classic,random-start,8x8,tf:109,tf:110,false,p1,accepted,,657109338,657111309328017,3
tf_policy_elo_616bc2f2_phase7_random_to40_2026-08-20,classic-random-8x8_g110_vs_g109.jsonl,classic-random-8x8,classic,random-start,8x8,tf:110,tf:109,true,p1,accepted,,657109338,657111309328018,4
tf_policy_elo_616bc2f2_phase7_random_to40_2026-08-20,classic-random-8x8_g110_vs_g109.jsonl,classic-random-8x8,classic,random-start,8x8,tf:109,tf:110,false,p1,accepted,,657109338,657111309328019,5
tf_policy_elo_616bc2f2_phase7_random_to40_2026-08-20,classic-random-8x8_g110_vs_g109.jsonl,classic-random-8x8,classic,random-start,8x8,tf:110,tf:109,true,p2,accepted,,657109338,657111309328020,6
tf_policy_elo_616bc2f2_phase7_random_to40_2026-08-20,classic-random-8x8_g110_vs_g109.jsonl,classic-random-8x8,classic,random-start,8x8,tf:109,tf:110,false,p2,accepted,,657109338,657111309328021,7
tf_policy_elo_616bc2f2_phase7_random_to40_2026-08-20,classic-random-8x8_g110_vs_g109.jsonl,classic-random-8x8,classic,random-start,8x8,tf:110,tf:109,true,p1,accepted,,657109338,657111309328022,8
tf_policy_elo_616bc2f2_phase7_random_to40_2026-08-20,classic-random-8x8_g110_vs_g109.jsonl,classic-random-8x8,classic,random-start,8x8,tf:109,tf:110,false,p1,accepted,,657109338,657111309328023,9
tf_policy_elo_616bc2f2_phase7_random_to40_2026-08-20,classic-random-8x8_g110_vs_g109.jsonl,classic-random-8x8,classic,random-start,8x8,tf:110,tf:109,true,p1,accepted,,657109338,657111309328024,10
tf_policy_elo_616bc2f2_phase7_random_to40_2026-08-20,classic-random-8x8_g110_vs_g109.jsonl,classic-random-8x8,classic,random-start,8x8,tf:109,tf:110,false,p2,accepted,,657109338,657111309328025,11
tf_policy_elo_616bc2f2_phase7_random_to40_2026-08-20,classic-random-8x8_g110_vs_g109.jsonl,classic-random-8x8,classic,random-start,8x8,tf:110,tf:109,true,p1,accepted,,657109338,657111309328026,12
tf_policy_elo_616bc2f2_phase7_random_to40_2026-08-20,classic-random-8x8_g110_vs_g109.jsonl,classic-random-8x8,classic,random-start,8x8,tf:109,tf:110,false,p2,accepted,,657109338,657111309328027,13
tf_policy_elo_616bc2f2_phase7_random_to40_2026-08-20,classic-random-8x8_g110_vs_g109.jsonl,classic-random-8x8,classic,random-start,8x8,tf:110,tf:109,true,p1,accepted,,657109338,657111309328028,14
tf_policy_elo_616bc2f2_phase7_random_to40_2026-08-20,classic-random-8x8_g110_vs_g109.jsonl,classic-random-8x8,classic,random-start,8x8,tf:109,tf:110,false,p1,accepted,,657109338,657111309328029,15
tf_policy_elo_616bc2f2_phase7_random_to40_2026-08-20,classic-random-8x8_g110_vs_g109.jsonl,classic-random-8x8,classic,random-start,8x8,tf:110,tf:109,true,p1,accepted,,657109338,657111309328030,16
tf_policy_elo_616bc2f2_phase7_random_to40_2026-08-20,classic-random-8x8_g110_vs_g109.jsonl,classic-random-8x8,classic,random-start,8x8,tf:109,tf:110,false,p1,accepted,,657109338,657111309328031,17
tf_policy_elo_616bc2f2_phase7_random_to40_2026-08-20,classic-random-8x8_g110_vs_g109.jsonl,classic-random-8x8,classic,random-start,8x8,tf:110,tf:109,true,p1,accepted,,657109338,657111309328032,18
tf_policy_elo_616bc2f2_phase7_random_to40_2026-08-20,classic-random-8x8_g110_vs_g109.jsonl,classic-random-8x8,classic,random-start,8x8,tf:109,tf:110,false,p2,accepted,,657109338,657111309328033,19
tf_policy_elo_616bc2f2_phase7_random_to40_2026-08-20,classic-random-8x8_g110_vs_g109.jsonl,classic-random-8x8,classic,random-start,8x8,tf:110,tf:109,true,p1,accepted,,657109338,657111309328034,20
tf_policy_elo_616bc2f2_phase7_random_to40_2026-08-20,classic-random-8x8_g110_vs_g109.jsonl,classic-random-8x8,classic,random-start,8x8,tf:109,tf:110,false,p2,accepted,,657109338,657111309328035,21
tf_policy_elo_616bc2f2_phase7_random_to40_2026-08-20,classic-random-8x8_g110_vs_g109.jsonl,classic-random-8x8,classic,random-start,8x8,tf:110,tf:109,true,p1,accepted,,657109338,657111309328036,22
tf_policy_elo_616bc2f2_phase7_random_to40_2026-08-20,classic-random-8x8_g110_vs_g109.jsonl,classic-random-8x8,classic,random-start,8x8,tf:109,tf:110,false,p2,accepted,,657109338,657111309328037,23
tf_policy_elo_616bc2f2_phase7_random_to40_2026-08-20,classic-random-8x8_g110_vs_g109.jsonl,classic-random-8x8,classic,random-start,8x8,tf:110,tf:109,true,p1,accepted,,657109338,657111309328038,24
tf_policy_elo_616bc2f2_phase7_random_to40_2026-08-20,classic-random-8x8_g110_vs_g109.jsonl,classic-random-8x8,classic,random-start,8x8,tf:109,tf:110,false,p1,accepted,,657109338,657111309328039,25
tf_policy_elo_616bc2f2_phase7_random_to40_2026-08-20,classic-random-8x8_g110_vs_g109.jsonl,classic-random-8x8,classic,random-start,8x8,tf:110,tf:109,true,p1,accepted,,657109338,657111309328040,26
tf_policy_elo_616bc2f2_phase7_random_to40_2026-08-20,classic-random-8x8_g110_vs_g109.jsonl,classic-random-8x8,classic,random-start,8x8,tf:109,tf:110,false,p1,accepted,,657109338,657111309328041,27
tf_policy_elo_616bc2f2_phase7_random_to40_2026-08-20,classic-random-8x8_g111_vs_g105.jsonl,classic-random-8x8,classic,random-start,8x8,tf:111,tf:105,true,p1,accepted,,657205338,657207309616014,0
tf_policy_elo_616bc2f2_phase7_random_to40_2026-08-20,classic-random-8x8_g111_vs_g105.jsonl,classic-random-8x8,classic,random-start,8x8,tf:105,tf:111,false,p1,accepted,,657205338,657207309616015,1
tf_policy_elo_616bc2f2_phase7_random_to40_2026-08-20,classic-random-8x8_g111_vs_g105.jsonl,classic-random-8x8,classic,random-start,8x8,tf:111,tf:105,true,p2,accepted,,657205338,657207309616016,2
tf_policy_elo_616bc2f2_phase7_random_to40_2026-08-20,classic-random-8x8_g111_vs_g105.jsonl,classic-random-8x8,classic,random-start,8x8,tf:105,tf:111,false,p1,accepted,,657205338,657207309616017,3
tf_policy_elo_616bc2f2_phase7_random_to40_2026-08-20,classic-random-8x8_g111_vs_g105.jsonl,classic-random-8x8,classic,random-start,8x8,tf:111,tf:105,true,p2,accepted,,657205338,657207309616018,4
tf_policy_elo_616bc2f2_phase7_random_to40_2026-08-20,classic-random-8x8_g111_vs_g105.jsonl,classic-random-8x8,classic,random-start,8x8,tf:105,tf:111,false,p1,accepted,,657205338,657207309616019,5
tf_policy_elo_616bc2f2_phase7_random_to40_2026-08-20,classic-random-8x8_g111_vs_g105.jsonl,classic-random-8x8,classic,random-start,8x8,tf:111,tf:105,true,p1,accepted,,657205338,657207309616020,6
tf_policy_elo_616bc2f2_phase7_random_to40_2026-08-20,classic-random-8x8_g111_vs_g105.jsonl,classic-random-8x8,classic,random-start,8x8,tf:105,tf:111,false,p1,accepted,,657205338,657207309616021,7
tf_policy_elo_616bc2f2_phase7_random_to40_2026-08-20,classic-random-8x8_g111_vs_g105.jsonl,classic-random-8x8,classic,random-start,8x8,tf:111,tf:105,true,p2,accepted,,657205338,657207309616022,8
tf_policy_elo_616bc2f2_phase7_random_to40_2026-08-20,classic-random-8x8_g111_vs_g105.jsonl,classic-random-8x8,classic,random-start,8x8,tf:105,tf:111,false,p1,accepted,,657205338,657207309616023,9
tf_policy_elo_616bc2f2_phase7_random_to40_2026-08-20,classic-random-8x8_g111_vs_g105.jsonl,classic-random-8x8,classic,random-start,8x8,tf:111,tf:105,true,p2,accepted,,657205338,657207309616024,10
tf_policy_elo_616bc2f2_phase7_random_to40_2026-08-20,classic-random-8x8_g111_vs_g105.jsonl,classic-random-8x8,classic,random-start,8x8,tf:105,tf:111,false,p1,accepted,,657205338,657207309616025,11
tf_policy_elo_616bc2f2_phase7_random_to40_2026-08-20,classic-random-8x8_g111_vs_g105.jsonl,classic-random-8x8,classic,random-start,8x8,tf:111,tf:105,true,p1,accepted,,657205338,657207309616026,12
tf_policy_elo_616bc2f2_phase7_random_to40_2026-08-20,classic-random-8x8_g111_vs_g105.jsonl,classic-random-8x8,classic,random-start,8x8,tf:105,tf:111,false,p2,accepted,,657205338,657207309616027,13
tf_policy_elo_616bc2f2_phase7_random_to40_2026-08-20,classic-random-8x8_g111_vs_g105.jsonl,classic-random-8x8,classic,random-start,8x8,tf:111,tf:105,true,p1,accepted,,657205338,657207309616028,14
tf_policy_elo_616bc2f2_phase7_random_to40_2026-08-20,classic-random-8x8_g111_vs_g105.jsonl,classic-random-8x8,classic,random-start,8x8,tf:105,tf:111,false,p2,accepted,,657205338,657207309616029,15
tf_policy_elo_616bc2f2_phase7_random_to40_2026-08-20,classic-random-8x8_g111_vs_g105.jsonl,classic-random-8x8,classic,random-start,8x8,tf:111,tf:105,true,p1,accepted,,657205338,657207309616030,16
tf_policy_elo_616bc2f2_phase7_random_to40_2026-08-20,classic-random-8x8_g111_vs_g105.jsonl,classic-random-8x8,classic,random-start,8x8,tf:105,tf:111,false,p2,accepted,,657205338,657207309616031,17
tf_policy_elo_616bc2f2_phase7_random_to40_2026-08-20,classic-random-8x8_g111_vs_g105.jsonl,classic-random-8x8,classic,random-start,8x8,tf:111,tf:105,true,p2,accepted,,657205338,657207309616032,18
tf_policy_elo_616bc2f2_phase7_random_to40_2026-08-20,classic-random-8x8_g111_vs_g105.jsonl,classic-random-8x8,classic,random-start,8x8,tf:105,tf:111,false,p2,accepted,,657205338,657207309616033,19
tf_policy_elo_616bc2f2_phase7_random_to40_2026-08-20,classic-random-8x8_g111_vs_g105.jsonl,classic-random-8x8,classic,random-start,8x8,tf:111,tf:105,true,p1,accepted,,657205338,657207309616034,20
tf_policy_elo_616bc2f2_phase7_random_to40_2026-08-20,classic-random-8x8_g111_vs_g105.jsonl,classic-random-8x8,classic,random-start,8x8,tf:105,tf:111,false,p2,accepted,,657205338,657207309616035,21
tf_policy_elo_616bc2f2_phase7_random_to40_2026-08-20,classic-random-8x8_g111_vs_g105.jsonl,classic-random-8x8,classic,random-start,8x8,tf:111,tf:105,true,p2,accepted,,657205338,657207309616036,22
tf_policy_elo_616bc2f2_phase7_random_to40_2026-08-20,classic-random-8x8_g111_vs_g105.jsonl,classic-random-8x8,classic,random-start,8x8,tf:105,tf:111,false,p1,accepted,,657205338,657207309616037,23
tf_policy_elo_616bc2f2_phase7_random_to40_2026-08-20,classic-random-8x8_g111_vs_g105.jsonl,classic-random-8x8,classic,random-start,8x8,tf:111,tf:105,true,p1,accepted,,657205338,657207309616038,24
tf_policy_elo_616bc2f2_phase7_random_to40_2026-08-20,classic-random-8x8_g111_vs_g105.jsonl,classic-random-8x8,classic,random-start,8x8,tf:105,tf:111,false,p1,accepted,,657205338,657207309616039,25
tf_policy_elo_616bc2f2_phase7_random_to40_2026-08-20,classic-random-8x8_g111_vs_g105.jsonl,classic-random-8x8,classic,random-start,8x8,tf:111,tf:105,true,p1,accepted,,657205338,657207309616040,26
tf_policy_elo_616bc2f2_phase7_random_to40_2026-08-20,classic-random-8x8_g111_vs_g105.jsonl,classic-random-8x8,classic,random-start,8x8,tf:105,tf:111,false,p1,accepted,,657205338,657207309616041,27
tf_policy_elo_616bc2f2_phase7_random_to40_2026-08-20,classic-random-8x8_g111_vs_g108.jsonl,classic-random-8x8,classic,random-start,8x8,tf:111,tf:108,true,p1,accepted,,657208338,657210309625014,0
tf_policy_elo_616bc2f2_phase7_random_to40_2026-08-20,classic-random-8x8_g111_vs_g108.jsonl,classic-random-8x8,classic,random-start,8x8,tf:108,tf:111,false,p1,accepted,,657208338,657210309625015,1
tf_policy_elo_616bc2f2_phase7_random_to40_2026-08-20,classic-random-8x8_g111_vs_g108.jsonl,classic-random-8x8,classic,random-start,8x8,tf:111,tf:108,true,p1,accepted,,657208338,657210309625016,2
tf_policy_elo_616bc2f2_phase7_random_to40_2026-08-20,classic-random-8x8_g111_vs_g108.jsonl,classic-random-8x8,classic,random-start,8x8,tf:108,tf:111,false,p1,accepted,,657208338,657210309625017,3
tf_policy_elo_616bc2f2_phase7_random_to40_2026-08-20,classic-random-8x8_g111_vs_g108.jsonl,classic-random-8x8,classic,random-start,8x8,tf:111,tf:108,true,p2,accepted,,657208338,657210309625018,4
tf_policy_elo_616bc2f2_phase7_random_to40_2026-08-20,classic-random-8x8_g111_vs_g108.jsonl,classic-random-8x8,classic,random-start,8x8,tf:108,tf:111,false,p1,accepted,,657208338,657210309625019,5
tf_policy_elo_616bc2f2_phase7_random_to40_2026-08-20,classic-random-8x8_g111_vs_g108.jsonl,classic-random-8x8,classic,random-start,8x8,tf:111,tf:108,true,p1,accepted,,657208338,657210309625020,6
tf_policy_elo_616bc2f2_phase7_random_to40_2026-08-20,classic-random-8x8_g111_vs_g108.jsonl,classic-random-8x8,classic,random-start,8x8,tf:108,tf:111,false,p2,accepted,,657208338,657210309625021,7
tf_policy_elo_616bc2f2_phase7_random_to40_2026-08-20,classic-random-8x8_g111_vs_g108.jsonl,classic-random-8x8,classic,random-start,8x8,tf:111,tf:108,true,p1,accepted,,657208338,657210309625022,8
tf_policy_elo_616bc2f2_phase7_random_to40_2026-08-20,classic-random-8x8_g111_vs_g108.jsonl,classic-random-8x8,classic,random-start,8x8,tf:108,tf:111,false,p1,accepted,,657208338,657210309625023,9
tf_policy_elo_616bc2f2_phase7_random_to40_2026-08-20,classic-random-8x8_g111_vs_g108.jsonl,classic-random-8x8,classic,random-start,8x8,tf:111,tf:108,true,p1,accepted,,657208338,657210309625024,10
tf_policy_elo_616bc2f2_phase7_random_to40_2026-08-20,classic-random-8x8_g111_vs_g108.jsonl,classic-random-8x8,classic,random-start,8x8,tf:108,tf:111,false,p1,accepted,,657208338,657210309625025,11
tf_policy_elo_616bc2f2_phase7_random_to40_2026-08-20,classic-random-8x8_g111_vs_g108.jsonl,classic-random-8x8,classic,random-start,8x8,tf:111,tf:108,true,p2,accepted,,657208338,657210309625026,12
tf_policy_elo_616bc2f2_phase7_random_to40_2026-08-20,classic-random-8x8_g111_vs_g108.jsonl,classic-random-8x8,classic,random-start,8x8,tf:108,tf:111,false,p2,accepted,,657208338,657210309625027,13
tf_policy_elo_616bc2f2_phase7_random_to40_2026-08-20,classic-random-8x8_g111_vs_g108.jsonl,classic-random-8x8,classic,random-start,8x8,tf:111,tf:108,true,p1,accepted,,657208338,657210309625028,14
tf_policy_elo_616bc2f2_phase7_random_to40_2026-08-20,classic-random-8x8_g111_vs_g108.jsonl,classic-random-8x8,classic,random-start,8x8,tf:108,tf:111,false,p1,accepted,,657208338,657210309625029,15
tf_policy_elo_616bc2f2_phase7_random_to40_2026-08-20,classic-random-8x8_g111_vs_g108.jsonl,classic-random-8x8,classic,random-start,8x8,tf:111,tf:108,true,p1,accepted,,657208338,657210309625030,16
tf_policy_elo_616bc2f2_phase7_random_to40_2026-08-20,classic-random-8x8_g111_vs_g108.jsonl,classic-random-8x8,classic,random-start,8x8,tf:108,tf:111,false,p2,accepted,,657208338,657210309625031,17
tf_policy_elo_616bc2f2_phase7_random_to40_2026-08-20,classic-random-8x8_g111_vs_g108.jsonl,classic-random-8x8,classic,random-start,8x8,tf:111,tf:108,true,p2,accepted,,657208338,657210309625032,18
tf_policy_elo_616bc2f2_phase7_random_to40_2026-08-20,classic-random-8x8_g111_vs_g108.jsonl,classic-random-8x8,classic,random-start,8x8,tf:108,tf:111,false,p1,accepted,,657208338,657210309625033,19
tf_policy_elo_616bc2f2_phase7_random_to40_2026-08-20,classic-random-8x8_g111_vs_g108.jsonl,classic-random-8x8,classic,random-start,8x8,tf:111,tf:108,true,p1,accepted,,657208338,657210309625034,20
tf_policy_elo_616bc2f2_phase7_random_to40_2026-08-20,classic-random-8x8_g111_vs_g108.jsonl,classic-random-8x8,classic,random-start,8x8,tf:108,tf:111,false,p2,accepted,,657208338,657210309625035,21
tf_policy_elo_616bc2f2_phase7_random_to40_2026-08-20,classic-random-8x8_g111_vs_g108.jsonl,classic-random-8x8,classic,random-start,8x8,tf:111,tf:108,true,p1,accepted,,657208338,657210309625036,22
tf_policy_elo_616bc2f2_phase7_random_to40_2026-08-20,classic-random-8x8_g111_vs_g108.jsonl,classic-random-8x8,classic,random-start,8x8,tf:108,tf:111,false,p2,accepted,,657208338,657210309625037,23
tf_policy_elo_616bc2f2_phase7_random_to40_2026-08-20,classic-random-8x8_g111_vs_g108.jsonl,classic-random-8x8,classic,random-start,8x8,tf:111,tf:108,true,p1,accepted,,657208338,657210309625038,24
tf_policy_elo_616bc2f2_phase7_random_to40_2026-08-20,classic-random-8x8_g111_vs_g108.jsonl,classic-random-8x8,classic,random-start,8x8,tf:108,tf:111,false,p1,accepted,,657208338,657210309625039,25
tf_policy_elo_616bc2f2_phase7_random_to40_2026-08-20,classic-random-8x8_g111_vs_g108.jsonl,classic-random-8x8,classic,random-start,8x8,tf:111,tf:108,true,p1,accepted,,657208338,657210309625040,26
tf_policy_elo_616bc2f2_phase7_random_to40_2026-08-20,classic-random-8x8_g111_vs_g108.jsonl,classic-random-8x8,classic,random-start,8x8,tf:108,tf:111,false,p1,accepted,,657208338,657210309625041,27
tf_policy_elo_616bc2f2_phase7_random_to40_2026-08-20,classic-random-8x8_g111_vs_g110.jsonl,classic-random-8x8,classic,random-start,8x8,tf:111,tf:110,true,p1,accepted,,657210338,657212309631014,0
tf_policy_elo_616bc2f2_phase7_random_to40_2026-08-20,classic-random-8x8_g111_vs_g110.jsonl,classic-random-8x8,classic,random-start,8x8,tf:110,tf:111,false,p2,accepted,,657210338,657212309631015,1
tf_policy_elo_616bc2f2_phase7_random_to40_2026-08-20,classic-random-8x8_g111_vs_g110.jsonl,classic-random-8x8,classic,random-start,8x8,tf:111,tf:110,true,p1,accepted,,657210338,657212309631016,2
tf_policy_elo_616bc2f2_phase7_random_to40_2026-08-20,classic-random-8x8_g111_vs_g110.jsonl,classic-random-8x8,classic,random-start,8x8,tf:110,tf:111,false,p2,accepted,,657210338,657212309631017,3
tf_policy_elo_616bc2f2_phase7_random_to40_2026-08-20,classic-random-8x8_g111_vs_g110.jsonl,classic-random-8x8,classic,random-start,8x8,tf:111,tf:110,true,p1,accepted,,657210338,657212309631018,4
tf_policy_elo_616bc2f2_phase7_random_to40_2026-08-20,classic-random-8x8_g111_vs_g110.jsonl,classic-random-8x8,classic,random-start,8x8,tf:110,tf:111,false,p1,accepted,,657210338,657212309631019,5
tf_policy_elo_616bc2f2_phase7_random_to40_2026-08-20,classic-random-8x8_g111_vs_g110.jsonl,classic-random-8x8,classic,random-start,8x8,tf:111,tf:110,true,p2,accepted,,657210338,657212309631020,6
tf_policy_elo_616bc2f2_phase7_random_to40_2026-08-20,classic-random-8x8_g111_vs_g110.jsonl,classic-random-8x8,classic,random-start,8x8,tf:110,tf:111,false,p1,accepted,,657210338,657212309631021,7
tf_policy_elo_616bc2f2_phase7_random_to40_2026-08-20,classic-random-8x8_g111_vs_g110.jsonl,classic-random-8x8,classic,random-start,8x8,tf:111,tf:110,true,p2,accepted,,657210338,657212309631022,8
tf_policy_elo_616bc2f2_phase7_random_to40_2026-08-20,classic-random-8x8_g111_vs_g110.jsonl,classic-random-8x8,classic,random-start,8x8,tf:110,tf:111,false,p1,accepted,,657210338,657212309631023,9
tf_policy_elo_616bc2f2_phase7_random_to40_2026-08-20,classic-random-8x8_g111_vs_g110.jsonl,classic-random-8x8,classic,random-start,8x8,tf:111,tf:110,true,p1,accepted,,657210338,657212309631024,10
tf_policy_elo_616bc2f2_phase7_random_to40_2026-08-20,classic-random-8x8_g111_vs_g110.jsonl,classic-random-8x8,classic,random-start,8x8,tf:110,tf:111,false,p1,accepted,,657210338,657212309631025,11
tf_policy_elo_616bc2f2_phase7_random_to40_2026-08-20,classic-random-8x8_g111_vs_g110.jsonl,classic-random-8x8,classic,random-start,8x8,tf:111,tf:110,true,p2,accepted,,657210338,657212309631026,12
tf_policy_elo_616bc2f2_phase7_random_to40_2026-08-20,classic-random-8x8_g111_vs_g110.jsonl,classic-random-8x8,classic,random-start,8x8,tf:110,tf:111,false,p1,accepted,,657210338,657212309631027,13
tf_policy_elo_616bc2f2_phase7_random_to40_2026-08-20,classic-random-8x8_g111_vs_g110.jsonl,classic-random-8x8,classic,random-start,8x8,tf:111,tf:110,true,p1,accepted,,657210338,657212309631028,14
tf_policy_elo_616bc2f2_phase7_random_to40_2026-08-20,classic-random-8x8_g111_vs_g110.jsonl,classic-random-8x8,classic,random-start,8x8,tf:110,tf:111,false,p1,accepted,,657210338,657212309631029,15
tf_policy_elo_616bc2f2_phase7_random_to40_2026-08-20,classic-random-8x8_g111_vs_g110.jsonl,classic-random-8x8,classic,random-start,8x8,tf:111,tf:110,true,p1,accepted,,657210338,657212309631030,16
tf_policy_elo_616bc2f2_phase7_random_to40_2026-08-20,classic-random-8x8_g111_vs_g110.jsonl,classic-random-8x8,classic,random-start,8x8,tf:110,tf:111,false,p1,accepted,,657210338,657212309631031,17
tf_policy_elo_616bc2f2_phase7_random_to40_2026-08-20,classic-random-8x8_g111_vs_g110.jsonl,classic-random-8x8,classic,random-start,8x8,tf:111,tf:110,true,p1,accepted,,657210338,657212309631032,18
tf_policy_elo_616bc2f2_phase7_random_to40_2026-08-20,classic-random-8x8_g111_vs_g110.jsonl,classic-random-8x8,classic,random-start,8x8,tf:110,tf:111,false,p2,accepted,,657210338,657212309631033,19
tf_policy_elo_616bc2f2_phase7_random_to40_2026-08-20,classic-random-8x8_g111_vs_g110.jsonl,classic-random-8x8,classic,random-start,8x8,tf:111,tf:110,true,p1,accepted,,657210338,657212309631034,20
tf_policy_elo_616bc2f2_phase7_random_to40_2026-08-20,classic-random-8x8_g111_vs_g110.jsonl,classic-random-8x8,classic,random-start,8x8,tf:110,tf:111,false,p2,accepted,,657210338,657212309631035,21
tf_policy_elo_616bc2f2_phase7_random_to40_2026-08-20,classic-random-8x8_g111_vs_g110.jsonl,classic-random-8x8,classic,random-start,8x8,tf:111,tf:110,true,p1,accepted,,657210338,657212309631036,22
tf_policy_elo_616bc2f2_phase7_random_to40_2026-08-20,classic-random-8x8_g111_vs_g110.jsonl,classic-random-8x8,classic,random-start,8x8,tf:110,tf:111,false,p1,accepted,,657210338,657212309631037,23
tf_policy_elo_616bc2f2_phase7_random_to40_2026-08-20,classic-random-8x8_g111_vs_g110.jsonl,classic-random-8x8,classic,random-start,8x8,tf:111,tf:110,true,p1,accepted,,657210338,657212309631038,24
tf_policy_elo_616bc2f2_phase7_random_to40_2026-08-20,classic-random-8x8_g111_vs_g110.jsonl,classic-random-8x8,classic,random-start,8x8,tf:110,tf:111,false,p1,accepted,,657210338,657212309631039,25
tf_policy_elo_616bc2f2_phase7_random_to40_2026-08-20,classic-random-8x8_g111_vs_g110.jsonl,classic-random-8x8,classic,random-start,8x8,tf:111,tf:110,true,p2,accepted,,657210338,657212309631040,26
tf_policy_elo_616bc2f2_phase7_random_to40_2026-08-20,classic-random-8x8_g111_vs_g110.jsonl,classic-random-8x8,classic,random-start,8x8,tf:110,tf:111,false,p1,accepted,,657210338,657212309631041,27
tf_policy_elo_616bc2f2_phase7_random_to40_2026-08-20,classic-random-8x8_g112_vs_g106.jsonl,classic-random-8x8,classic,random-start,8x8,tf:112,tf:106,true,p1,accepted,,657306338,657308309919014,0
tf_policy_elo_616bc2f2_phase7_random_to40_2026-08-20,classic-random-8x8_g112_vs_g106.jsonl,classic-random-8x8,classic,random-start,8x8,tf:106,tf:112,false,p2,accepted,,657306338,657308309919015,1
tf_policy_elo_616bc2f2_phase7_random_to40_2026-08-20,classic-random-8x8_g112_vs_g106.jsonl,classic-random-8x8,classic,random-start,8x8,tf:112,tf:106,true,p2,accepted,,657306338,657308309919016,2
tf_policy_elo_616bc2f2_phase7_random_to40_2026-08-20,classic-random-8x8_g112_vs_g106.jsonl,classic-random-8x8,classic,random-start,8x8,tf:106,tf:112,false,p1,accepted,,657306338,657308309919017,3
tf_policy_elo_616bc2f2_phase7_random_to40_2026-08-20,classic-random-8x8_g112_vs_g106.jsonl,classic-random-8x8,classic,random-start,8x8,tf:112,tf:106,true,p1,accepted,,657306338,657308309919018,4
tf_policy_elo_616bc2f2_phase7_random_to40_2026-08-20,classic-random-8x8_g112_vs_g106.jsonl,classic-random-8x8,classic,random-start,8x8,tf:106,tf:112,false,p1,accepted,,657306338,657308309919019,5
tf_policy_elo_616bc2f2_phase7_random_to40_2026-08-20,classic-random-8x8_g112_vs_g106.jsonl,classic-random-8x8,classic,random-start,8x8,tf:112,tf:106,true,p2,accepted,,657306338,657308309919020,6
tf_policy_elo_616bc2f2_phase7_random_to40_2026-08-20,classic-random-8x8_g112_vs_g106.jsonl,classic-random-8x8,classic,random-start,8x8,tf:106,tf:112,false,p1,accepted,,657306338,657308309919021,7
tf_policy_elo_616bc2f2_phase7_random_to40_2026-08-20,classic-random-8x8_g112_vs_g106.jsonl,classic-random-8x8,classic,random-start,8x8,tf:112,tf:106,true,p1,accepted,,657306338,657308309919022,8
tf_policy_elo_616bc2f2_phase7_random_to40_2026-08-20,classic-random-8x8_g112_vs_g106.jsonl,classic-random-8x8,classic,random-start,8x8,tf:106,tf:112,false,p2,accepted,,657306338,657308309919023,9
tf_policy_elo_616bc2f2_phase7_random_to40_2026-08-20,classic-random-8x8_g112_vs_g106.jsonl,classic-random-8x8,classic,random-start,8x8,tf:112,tf:106,true,p1,accepted,,657306338,657308309919024,10
tf_policy_elo_616bc2f2_phase7_random_to40_2026-08-20,classic-random-8x8_g112_vs_g106.jsonl,classic-random-8x8,classic,random-start,8x8,tf:106,tf:112,false,p1,accepted,,657306338,657308309919025,11
tf_policy_elo_616bc2f2_phase7_random_to40_2026-08-20,classic-random-8x8_g112_vs_g106.jsonl,classic-random-8x8,classic,random-start,8x8,tf:112,tf:106,true,p1,accepted,,657306338,657308309919026,12
tf_policy_elo_616bc2f2_phase7_random_to40_2026-08-20,classic-random-8x8_g112_vs_g106.jsonl,classic-random-8x8,classic,random-start,8x8,tf:106,tf:112,false,p2,accepted,,657306338,657308309919027,13
tf_policy_elo_616bc2f2_phase7_random_to40_2026-08-20,classic-random-8x8_g112_vs_g106.jsonl,classic-random-8x8,classic,random-start,8x8,tf:112,tf:106,true,p1,accepted,,657306338,657308309919028,14
tf_policy_elo_616bc2f2_phase7_random_to40_2026-08-20,classic-random-8x8_g112_vs_g106.jsonl,classic-random-8x8,classic,random-start,8x8,tf:106,tf:112,false,p1,accepted,,657306338,657308309919029,15
tf_policy_elo_616bc2f2_phase7_random_to40_2026-08-20,classic-random-8x8_g112_vs_g106.jsonl,classic-random-8x8,classic,random-start,8x8,tf:112,tf:106,true,p2,accepted,,657306338,657308309919030,16
tf_policy_elo_616bc2f2_phase7_random_to40_2026-08-20,classic-random-8x8_g112_vs_g106.jsonl,classic-random-8x8,classic,random-start,8x8,tf:106,tf:112,false,p1,accepted,,657306338,657308309919031,17
tf_policy_elo_616bc2f2_phase7_random_to40_2026-08-20,classic-random-8x8_g112_vs_g106.jsonl,classic-random-8x8,classic,random-start,8x8,tf:112,tf:106,true,p1,accepted,,657306338,657308309919032,18
tf_policy_elo_616bc2f2_phase7_random_to40_2026-08-20,classic-random-8x8_g112_vs_g106.jsonl,classic-random-8x8,classic,random-start,8x8,tf:106,tf:112,false,p1,accepted,,657306338,657308309919033,19
tf_policy_elo_616bc2f2_phase7_random_to40_2026-08-20,classic-random-8x8_g112_vs_g106.jsonl,classic-random-8x8,classic,random-start,8x8,tf:112,tf:106,true,p1,accepted,,657306338,657308309919034,20
tf_policy_elo_616bc2f2_phase7_random_to40_2026-08-20,classic-random-8x8_g112_vs_g106.jsonl,classic-random-8x8,classic,random-start,8x8,tf:106,tf:112,false,p2,accepted,,657306338,657308309919035,21
tf_policy_elo_616bc2f2_phase7_random_to40_2026-08-20,classic-random-8x8_g112_vs_g106.jsonl,classic-random-8x8,classic,random-start,8x8,tf:112,tf:106,true,p1,accepted,,657306338,657308309919036,22
tf_policy_elo_616bc2f2_phase7_random_to40_2026-08-20,classic-random-8x8_g112_vs_g106.jsonl,classic-random-8x8,classic,random-start,8x8,tf:106,tf:112,false,p1,accepted,,657306338,657308309919037,23
tf_policy_elo_616bc2f2_phase7_random_to40_2026-08-20,classic-random-8x8_g112_vs_g106.jsonl,classic-random-8x8,classic,random-start,8x8,tf:112,tf:106,true,p1,accepted,,657306338,657308309919038,24
tf_policy_elo_616bc2f2_phase7_random_to40_2026-08-20,classic-random-8x8_g112_vs_g106.jsonl,classic-random-8x8,classic,random-start,8x8,tf:106,tf:112,false,p1,accepted,,657306338,657308309919039,25
tf_policy_elo_616bc2f2_phase7_random_to40_2026-08-20,classic-random-8x8_g112_vs_g106.jsonl,classic-random-8x8,classic,random-start,8x8,tf:112,tf:106,true,p1,accepted,,657306338,657308309919040,26
tf_policy_elo_616bc2f2_phase7_random_to40_2026-08-20,classic-random-8x8_g112_vs_g106.jsonl,classic-random-8x8,classic,random-start,8x8,tf:106,tf:112,false,p1,accepted,,657306338,657308309919041,27
tf_policy_elo_616bc2f2_phase7_random_to40_2026-08-20,classic-random-8x8_g112_vs_g109.jsonl,classic-random-8x8,classic,random-start,8x8,tf:112,tf:109,true,p2,accepted,,657309338,657311309928014,0
tf_policy_elo_616bc2f2_phase7_random_to40_2026-08-20,classic-random-8x8_g112_vs_g109.jsonl,classic-random-8x8,classic,random-start,8x8,tf:109,tf:112,false,p1,accepted,,657309338,657311309928015,1
tf_policy_elo_616bc2f2_phase7_random_to40_2026-08-20,classic-random-8x8_g112_vs_g109.jsonl,classic-random-8x8,classic,random-start,8x8,tf:112,tf:109,true,p1,accepted,,657309338,657311309928016,2
tf_policy_elo_616bc2f2_phase7_random_to40_2026-08-20,classic-random-8x8_g112_vs_g109.jsonl,classic-random-8x8,classic,random-start,8x8,tf:109,tf:112,false,p2,accepted,,657309338,657311309928017,3
tf_policy_elo_616bc2f2_phase7_random_to40_2026-08-20,classic-random-8x8_g112_vs_g109.jsonl,classic-random-8x8,classic,random-start,8x8,tf:112,tf:109,true,p1,accepted,,657309338,657311309928018,4
tf_policy_elo_616bc2f2_phase7_random_to40_2026-08-20,classic-random-8x8_g112_vs_g109.jsonl,classic-random-8x8,classic,random-start,8x8,tf:109,tf:112,false,p1,accepted,,657309338,657311309928019,5
tf_policy_elo_616bc2f2_phase7_random_to40_2026-08-20,classic-random-8x8_g112_vs_g109.jsonl,classic-random-8x8,classic,random-start,8x8,tf:112,tf:109,true,p1,accepted,,657309338,657311309928020,6
tf_policy_elo_616bc2f2_phase7_random_to40_2026-08-20,classic-random-8x8_g112_vs_g109.jsonl,classic-random-8x8,classic,random-start,8x8,tf:109,tf:112,false,p1,accepted,,657309338,657311309928021,7
tf_policy_elo_616bc2f2_phase7_random_to40_2026-08-20,classic-random-8x8_g112_vs_g109.jsonl,classic-random-8x8,classic,random-start,8x8,tf:112,tf:109,true,p2,accepted,,657309338,657311309928022,8
tf_policy_elo_616bc2f2_phase7_random_to40_2026-08-20,classic-random-8x8_g112_vs_g109.jsonl,classic-random-8x8,classic,random-start,8x8,tf:109,tf:112,false,p1,accepted,,657309338,657311309928023,9
tf_policy_elo_616bc2f2_phase7_random_to40_2026-08-20,classic-random-8x8_g112_vs_g109.jsonl,classic-random-8x8,classic,random-start,8x8,tf:112,tf:109,true,p1,accepted,,657309338,657311309928024,10
tf_policy_elo_616bc2f2_phase7_random_to40_2026-08-20,classic-random-8x8_g112_vs_g109.jsonl,classic-random-8x8,classic,random-start,8x8,tf:109,tf:112,false,p1,accepted,,657309338,657311309928025,11
tf_policy_elo_616bc2f2_phase7_random_to40_2026-08-20,classic-random-8x8_g112_vs_g109.jsonl,classic-random-8x8,classic,random-start,8x8,tf:112,tf:109,true,p1,accepted,,657309338,657311309928026,12
tf_policy_elo_616bc2f2_phase7_random_to40_2026-08-20,classic-random-8x8_g112_vs_g109.jsonl,classic-random-8x8,classic,random-start,8x8,tf:109,tf:112,false,p1,accepted,,657309338,657311309928027,13
tf_policy_elo_616bc2f2_phase7_random_to40_2026-08-20,classic-random-8x8_g112_vs_g109.jsonl,classic-random-8x8,classic,random-start,8x8,tf:112,tf:109,true,p1,accepted,,657309338,657311309928028,14
tf_policy_elo_616bc2f2_phase7_random_to40_2026-08-20,classic-random-8x8_g112_vs_g109.jsonl,classic-random-8x8,classic,random-start,8x8,tf:109,tf:112,false,p2,accepted,,657309338,657311309928029,15
tf_policy_elo_616bc2f2_phase7_random_to40_2026-08-20,classic-random-8x8_g112_vs_g109.jsonl,classic-random-8x8,classic,random-start,8x8,tf:112,tf:109,true,p2,accepted,,657309338,657311309928030,16
tf_policy_elo_616bc2f2_phase7_random_to40_2026-08-20,classic-random-8x8_g112_vs_g109.jsonl,classic-random-8x8,classic,random-start,8x8,tf:109,tf:112,false,p1,accepted,,657309338,657311309928031,17
tf_policy_elo_616bc2f2_phase7_random_to40_2026-08-20,classic-random-8x8_g112_vs_g109.jsonl,classic-random-8x8,classic,random-start,8x8,tf:112,tf:109,true,p2,accepted,,657309338,657311309928032,18
tf_policy_elo_616bc2f2_phase7_random_to40_2026-08-20,classic-random-8x8_g112_vs_g109.jsonl,classic-random-8x8,classic,random-start,8x8,tf:109,tf:112,false,p1,accepted,,657309338,657311309928033,19
tf_policy_elo_616bc2f2_phase7_random_to40_2026-08-20,classic-random-8x8_g112_vs_g109.jsonl,classic-random-8x8,classic,random-start,8x8,tf:112,tf:109,true,p1,accepted,,657309338,657311309928034,20
tf_policy_elo_616bc2f2_phase7_random_to40_2026-08-20,classic-random-8x8_g112_vs_g109.jsonl,classic-random-8x8,classic,random-start,8x8,tf:109,tf:112,false,p1,accepted,,657309338,657311309928035,21
tf_policy_elo_616bc2f2_phase7_random_to40_2026-08-20,classic-random-8x8_g112_vs_g109.jsonl,classic-random-8x8,classic,random-start,8x8,tf:112,tf:109,true,p2,accepted,,657309338,657311309928036,22
tf_policy_elo_616bc2f2_phase7_random_to40_2026-08-20,classic-random-8x8_g112_vs_g109.jsonl,classic-random-8x8,classic,random-start,8x8,tf:109,tf:112,false,p1,accepted,,657309338,657311309928037,23
tf_policy_elo_616bc2f2_phase7_random_to40_2026-08-20,classic-random-8x8_g112_vs_g109.jsonl,classic-random-8x8,classic,random-start,8x8,tf:112,tf:109,true,p2,accepted,,657309338,657311309928038,24
tf_policy_elo_616bc2f2_phase7_random_to40_2026-08-20,classic-random-8x8_g112_vs_g109.jsonl,classic-random-8x8,classic,random-start,8x8,tf:109,tf:112,false,p1,accepted,,657309338,657311309928039,25
tf_policy_elo_616bc2f2_phase7_random_to40_2026-08-20,classic-random-8x8_g112_vs_g109.jsonl,classic-random-8x8,classic,random-start,8x8,tf:112,tf:109,true,p1,accepted,,657309338,657311309928040,26
tf_policy_elo_616bc2f2_phase7_random_to40_2026-08-20,classic-random-8x8_g112_vs_g109.jsonl,classic-random-8x8,classic,random-start,8x8,tf:109,tf:112,false,p1,accepted,,657309338,657311309928041,27
tf_policy_elo_616bc2f2_phase7_random_to40_2026-08-20,classic-random-8x8_g112_vs_g111.jsonl,classic-random-8x8,classic,random-start,8x8,tf:112,tf:111,true,p2,accepted,,657311338,657313309934014,0
tf_policy_elo_616bc2f2_phase7_random_to40_2026-08-20,classic-random-8x8_g112_vs_g111.jsonl,classic-random-8x8,classic,random-start,8x8,tf:111,tf:112,false,p1,accepted,,657311338,657313309934015,1
tf_policy_elo_616bc2f2_phase7_random_to40_2026-08-20,classic-random-8x8_g112_vs_g111.jsonl,classic-random-8x8,classic,random-start,8x8,tf:112,tf:111,true,p1,accepted,,657311338,657313309934016,2
tf_policy_elo_616bc2f2_phase7_random_to40_2026-08-20,classic-random-8x8_g112_vs_g111.jsonl,classic-random-8x8,classic,random-start,8x8,tf:111,tf:112,false,p2,accepted,,657311338,657313309934017,3
tf_policy_elo_616bc2f2_phase7_random_to40_2026-08-20,classic-random-8x8_g112_vs_g111.jsonl,classic-random-8x8,classic,random-start,8x8,tf:112,tf:111,true,p1,accepted,,657311338,657313309934018,4
tf_policy_elo_616bc2f2_phase7_random_to40_2026-08-20,classic-random-8x8_g112_vs_g111.jsonl,classic-random-8x8,classic,random-start,8x8,tf:111,tf:112,false,p2,accepted,,657311338,657313309934019,5
tf_policy_elo_616bc2f2_phase7_random_to40_2026-08-20,classic-random-8x8_g112_vs_g111.jsonl,classic-random-8x8,classic,random-start,8x8,tf:112,tf:111,true,p1,accepted,,657311338,657313309934020,6
tf_policy_elo_616bc2f2_phase7_random_to40_2026-08-20,classic-random-8x8_g112_vs_g111.jsonl,classic-random-8x8,classic,random-start,8x8,tf:111,tf:112,false,p1,accepted,,657311338,657313309934021,7
tf_policy_elo_616bc2f2_phase7_random_to40_2026-08-20,classic-random-8x8_g112_vs_g111.jsonl,classic-random-8x8,classic,random-start,8x8,tf:112,tf:111,true,p1,accepted,,657311338,657313309934022,8
tf_policy_elo_616bc2f2_phase7_random_to40_2026-08-20,classic-random-8x8_g112_vs_g111.jsonl,classic-random-8x8,classic,random-start,8x8,tf:111,tf:112,false,p1,accepted,,657311338,657313309934023,9
tf_policy_elo_616bc2f2_phase7_random_to40_2026-08-20,classic-random-8x8_g112_vs_g111.jsonl,classic-random-8x8,classic,random-start,8x8,tf:112,tf:111,true,p1,accepted,,657311338,657313309934024,10
tf_policy_elo_616bc2f2_phase7_random_to40_2026-08-20,classic-random-8x8_g112_vs_g111.jsonl,classic-random-8x8,classic,random-start,8x8,tf:111,tf:112,false,p2,accepted,,657311338,657313309934025,11
tf_policy_elo_616bc2f2_phase7_random_to40_2026-08-20,classic-random-8x8_g112_vs_g111.jsonl,classic-random-8x8,classic,random-start,8x8,tf:112,tf:111,true,p1,accepted,,657311338,657313309934026,12
tf_policy_elo_616bc2f2_phase7_random_to40_2026-08-20,classic-random-8x8_g112_vs_g111.jsonl,classic-random-8x8,classic,random-start,8x8,tf:111,tf:112,false,p1,accepted,,657311338,657313309934027,13
tf_policy_elo_616bc2f2_phase7_random_to40_2026-08-20,classic-random-8x8_g112_vs_g111.jsonl,classic-random-8x8,classic,random-start,8x8,tf:112,tf:111,true,p1,accepted,,657311338,657313309934028,14
tf_policy_elo_616bc2f2_phase7_random_to40_2026-08-20,classic-random-8x8_g112_vs_g111.jsonl,classic-random-8x8,classic,random-start,8x8,tf:111,tf:112,false,p1,accepted,,657311338,657313309934029,15
tf_policy_elo_616bc2f2_phase7_random_to40_2026-08-20,classic-random-8x8_g112_vs_g111.jsonl,classic-random-8x8,classic,random-start,8x8,tf:112,tf:111,true,p1,accepted,,657311338,657313309934030,16
tf_policy_elo_616bc2f2_phase7_random_to40_2026-08-20,classic-random-8x8_g112_vs_g111.jsonl,classic-random-8x8,classic,random-start,8x8,tf:111,tf:112,false,p2,accepted,,657311338,657313309934031,17
tf_policy_elo_616bc2f2_phase7_random_to40_2026-08-20,classic-random-8x8_g112_vs_g111.jsonl,classic-random-8x8,classic,random-start,8x8,tf:112,tf:111,true,p2,accepted,,657311338,657313309934032,18
tf_policy_elo_616bc2f2_phase7_random_to40_2026-08-20,classic-random-8x8_g112_vs_g111.jsonl,classic-random-8x8,classic,random-start,8x8,tf:111,tf:112,false,p2,accepted,,657311338,657313309934033,19
tf_policy_elo_616bc2f2_phase7_random_to40_2026-08-20,classic-random-8x8_g112_vs_g111.jsonl,classic-random-8x8,classic,random-start,8x8,tf:112,tf:111,true,p2,accepted,,657311338,657313309934034,20
tf_policy_elo_616bc2f2_phase7_random_to40_2026-08-20,classic-random-8x8_g112_vs_g111.jsonl,classic-random-8x8,classic,random-start,8x8,tf:111,tf:112,false,p1,accepted,,657311338,657313309934035,21
tf_policy_elo_616bc2f2_phase7_random_to40_2026-08-20,classic-random-8x8_g112_vs_g111.jsonl,classic-random-8x8,classic,random-start,8x8,tf:112,tf:111,true,p1,accepted,,657311338,657313309934036,22
tf_policy_elo_616bc2f2_phase7_random_to40_2026-08-20,classic-random-8x8_g112_vs_g111.jsonl,classic-random-8x8,classic,random-start,8x8,tf:111,tf:112,false,p1,accepted,,657311338,657313309934037,23
tf_policy_elo_616bc2f2_phase7_random_to40_2026-08-20,classic-random-8x8_g112_vs_g111.jsonl,classic-random-8x8,classic,random-start,8x8,tf:112,tf:111,true,p1,accepted,,657311338,657313309934038,24
tf_policy_elo_616bc2f2_phase7_random_to40_2026-08-20,classic-random-8x8_g112_vs_g111.jsonl,classic-random-8x8,classic,random-start,8x8,tf:111,tf:112,false,p1,accepted,,657311338,657313309934039,25
tf_policy_elo_616bc2f2_phase7_random_to40_2026-08-20,classic-random-8x8_g112_vs_g111.jsonl,classic-random-8x8,classic,random-start,8x8,tf:112,tf:111,true,p2,accepted,,657311338,657313309934040,26
tf_policy_elo_616bc2f2_phase7_random_to40_2026-08-20,classic-random-8x8_g112_vs_g111.jsonl,classic-random-8x8,classic,random-start,8x8,tf:111,tf:112,false,p1,accepted,,657311338,657313309934041,27
tf_policy_elo_616bc2f2_phase7_random_to40_2026-08-20,classic-random-8x8_g113_vs_g107.jsonl,classic-random-8x8,classic,random-start,8x8,tf:113,tf:107,true,p1,accepted,,657407338,657409310222014,0
tf_policy_elo_616bc2f2_phase7_random_to40_2026-08-20,classic-random-8x8_g113_vs_g107.jsonl,classic-random-8x8,classic,random-start,8x8,tf:107,tf:113,false,p1,accepted,,657407338,657409310222015,1
tf_policy_elo_616bc2f2_phase7_random_to40_2026-08-20,classic-random-8x8_g113_vs_g107.jsonl,classic-random-8x8,classic,random-start,8x8,tf:113,tf:107,true,p1,accepted,,657407338,657409310222016,2
tf_policy_elo_616bc2f2_phase7_random_to40_2026-08-20,classic-random-8x8_g113_vs_g107.jsonl,classic-random-8x8,classic,random-start,8x8,tf:107,tf:113,false,p2,accepted,,657407338,657409310222017,3
tf_policy_elo_616bc2f2_phase7_random_to40_2026-08-20,classic-random-8x8_g113_vs_g107.jsonl,classic-random-8x8,classic,random-start,8x8,tf:113,tf:107,true,p1,accepted,,657407338,657409310222018,4
tf_policy_elo_616bc2f2_phase7_random_to40_2026-08-20,classic-random-8x8_g113_vs_g107.jsonl,classic-random-8x8,classic,random-start,8x8,tf:107,tf:113,false,p2,accepted,,657407338,657409310222019,5
tf_policy_elo_616bc2f2_phase7_random_to40_2026-08-20,classic-random-8x8_g113_vs_g107.jsonl,classic-random-8x8,classic,random-start,8x8,tf:113,tf:107,true,p1,accepted,,657407338,657409310222020,6
tf_policy_elo_616bc2f2_phase7_random_to40_2026-08-20,classic-random-8x8_g113_vs_g107.jsonl,classic-random-8x8,classic,random-start,8x8,tf:107,tf:113,false,p1,accepted,,657407338,657409310222021,7
tf_policy_elo_616bc2f2_phase7_random_to40_2026-08-20,classic-random-8x8_g113_vs_g107.jsonl,classic-random-8x8,classic,random-start,8x8,tf:113,tf:107,true,p2,accepted,,657407338,657409310222022,8
tf_policy_elo_616bc2f2_phase7_random_to40_2026-08-20,classic-random-8x8_g113_vs_g107.jsonl,classic-random-8x8,classic,random-start,8x8,tf:107,tf:113,false,p1,accepted,,657407338,657409310222023,9
tf_policy_elo_616bc2f2_phase7_random_to40_2026-08-20,classic-random-8x8_g113_vs_g107.jsonl,classic-random-8x8,classic,random-start,8x8,tf:113,tf:107,true,p1,accepted,,657407338,657409310222024,10
tf_policy_elo_616bc2f2_phase7_random_to40_2026-08-20,classic-random-8x8_g113_vs_g107.jsonl,classic-random-8x8,classic,random-start,8x8,tf:107,tf:113,false,p1,accepted,,657407338,657409310222025,11
tf_policy_elo_616bc2f2_phase7_random_to40_2026-08-20,classic-random-8x8_g113_vs_g107.jsonl,classic-random-8x8,classic,random-start,8x8,tf:113,tf:107,true,p1,accepted,,657407338,657409310222026,12
tf_policy_elo_616bc2f2_phase7_random_to40_2026-08-20,classic-random-8x8_g113_vs_g107.jsonl,classic-random-8x8,classic,random-start,8x8,tf:107,tf:113,false,p2,accepted,,657407338,657409310222027,13
tf_policy_elo_616bc2f2_phase7_random_to40_2026-08-20,classic-random-8x8_g113_vs_g107.jsonl,classic-random-8x8,classic,random-start,8x8,tf:113,tf:107,true,p1,accepted,,657407338,657409310222028,14
tf_policy_elo_616bc2f2_phase7_random_to40_2026-08-20,classic-random-8x8_g113_vs_g107.jsonl,classic-random-8x8,classic,random-start,8x8,tf:107,tf:113,false,p1,accepted,,657407338,657409310222029,15
tf_policy_elo_616bc2f2_phase7_random_to40_2026-08-20,classic-random-8x8_g113_vs_g107.jsonl,classic-random-8x8,classic,random-start,8x8,tf:113,tf:107,true,p1,accepted,,657407338,657409310222030,16
tf_policy_elo_616bc2f2_phase7_random_to40_2026-08-20,classic-random-8x8_g113_vs_g107.jsonl,classic-random-8x8,classic,random-start,8x8,tf:107,tf:113,false,p1,accepted,,657407338,657409310222031,17
tf_policy_elo_616bc2f2_phase7_random_to40_2026-08-20,classic-random-8x8_g113_vs_g107.jsonl,classic-random-8x8,classic,random-start,8x8,tf:113,tf:107,true,p1,accepted,,657407338,657409310222032,18
tf_policy_elo_616bc2f2_phase7_random_to40_2026-08-20,classic-random-8x8_g113_vs_g107.jsonl,classic-random-8x8,classic,random-start,8x8,tf:107,tf:113,false,p1,accepted,,657407338,657409310222033,19
tf_policy_elo_616bc2f2_phase7_random_to40_2026-08-20,classic-random-8x8_g113_vs_g107.jsonl,classic-random-8x8,classic,random-start,8x8,tf:113,tf:107,true,p1,accepted,,657407338,657409310222034,20
tf_policy_elo_616bc2f2_phase7_random_to40_2026-08-20,classic-random-8x8_g113_vs_g107.jsonl,classic-random-8x8,classic,random-start,8x8,tf:107,tf:113,false,p1,accepted,,657407338,657409310222035,21
tf_policy_elo_616bc2f2_phase7_random_to40_2026-08-20,classic-random-8x8_g113_vs_g107.jsonl,classic-random-8x8,classic,random-start,8x8,tf:113,tf:107,true,p1,accepted,,657407338,657409310222036,22
tf_policy_elo_616bc2f2_phase7_random_to40_2026-08-20,classic-random-8x8_g113_vs_g107.jsonl,classic-random-8x8,classic,random-start,8x8,tf:107,tf:113,false,p1,accepted,,657407338,657409310222037,23
tf_policy_elo_616bc2f2_phase7_random_to40_2026-08-20,classic-random-8x8_g113_vs_g107.jsonl,classic-random-8x8,classic,random-start,8x8,tf:113,tf:107,true,p2,accepted,,657407338,657409310222038,24
tf_policy_elo_616bc2f2_phase7_random_to40_2026-08-20,classic-random-8x8_g113_vs_g107.jsonl,classic-random-8x8,classic,random-start,8x8,tf:107,tf:113,false,p1,accepted,,657407338,657409310222039,25
tf_policy_elo_616bc2f2_phase7_random_to40_2026-08-20,classic-random-8x8_g113_vs_g107.jsonl,classic-random-8x8,classic,random-start,8x8,tf:113,tf:107,true,p1,accepted,,657407338,657409310222040,26
tf_policy_elo_616bc2f2_phase7_random_to40_2026-08-20,classic-random-8x8_g113_vs_g107.jsonl,classic-random-8x8,classic,random-start,8x8,tf:107,tf:113,false,p1,accepted,,657407338,657409310222041,27
tf_policy_elo_616bc2f2_phase7_random_to40_2026-08-20,classic-random-8x8_g113_vs_g110.jsonl,classic-random-8x8,classic,random-start,8x8,tf:113,tf:110,true,p2,accepted,,657410338,657412310231014,0
tf_policy_elo_616bc2f2_phase7_random_to40_2026-08-20,classic-random-8x8_g113_vs_g110.jsonl,classic-random-8x8,classic,random-start,8x8,tf:110,tf:113,false,p1,accepted,,657410338,657412310231015,1
tf_policy_elo_616bc2f2_phase7_random_to40_2026-08-20,classic-random-8x8_g113_vs_g110.jsonl,classic-random-8x8,classic,random-start,8x8,tf:113,tf:110,true,p1,accepted,,657410338,657412310231016,2
tf_policy_elo_616bc2f2_phase7_random_to40_2026-08-20,classic-random-8x8_g113_vs_g110.jsonl,classic-random-8x8,classic,random-start,8x8,tf:110,tf:113,false,p1,accepted,,657410338,657412310231017,3
tf_policy_elo_616bc2f2_phase7_random_to40_2026-08-20,classic-random-8x8_g113_vs_g110.jsonl,classic-random-8x8,classic,random-start,8x8,tf:113,tf:110,true,p2,accepted,,657410338,657412310231018,4
tf_policy_elo_616bc2f2_phase7_random_to40_2026-08-20,classic-random-8x8_g113_vs_g110.jsonl,classic-random-8x8,classic,random-start,8x8,tf:110,tf:113,false,p2,accepted,,657410338,657412310231019,5
tf_policy_elo_616bc2f2_phase7_random_to40_2026-08-20,classic-random-8x8_g113_vs_g110.jsonl,classic-random-8x8,classic,random-start,8x8,tf:113,tf:110,true,p1,accepted,,657410338,657412310231020,6
tf_policy_elo_616bc2f2_phase7_random_to40_2026-08-20,classic-random-8x8_g113_vs_g110.jsonl,classic-random-8x8,classic,random-start,8x8,tf:110,tf:113,false,p1,accepted,,657410338,657412310231021,7
tf_policy_elo_616bc2f2_phase7_random_to40_2026-08-20,classic-random-8x8_g113_vs_g110.jsonl,classic-random-8x8,classic,random-start,8x8,tf:113,tf:110,true,p2,accepted,,657410338,657412310231022,8
tf_policy_elo_616bc2f2_phase7_random_to40_2026-08-20,classic-random-8x8_g113_vs_g110.jsonl,classic-random-8x8,classic,random-start,8x8,tf:110,tf:113,false,p1,accepted,,657410338,657412310231023,9
tf_policy_elo_616bc2f2_phase7_random_to40_2026-08-20,classic-random-8x8_g113_vs_g110.jsonl,classic-random-8x8,classic,random-start,8x8,tf:113,tf:110,true,p2,accepted,,657410338,657412310231024,10
tf_policy_elo_616bc2f2_phase7_random_to40_2026-08-20,classic-random-8x8_g113_vs_g110.jsonl,classic-random-8x8,classic,random-start,8x8,tf:110,tf:113,false,p2,accepted,,657410338,657412310231025,11
tf_policy_elo_616bc2f2_phase7_random_to40_2026-08-20,classic-random-8x8_g113_vs_g110.jsonl,classic-random-8x8,classic,random-start,8x8,tf:113,tf:110,true,p1,accepted,,657410338,657412310231026,12
tf_policy_elo_616bc2f2_phase7_random_to40_2026-08-20,classic-random-8x8_g113_vs_g110.jsonl,classic-random-8x8,classic,random-start,8x8,tf:110,tf:113,false,p1,accepted,,657410338,657412310231027,13
tf_policy_elo_616bc2f2_phase7_random_to40_2026-08-20,classic-random-8x8_g113_vs_g110.jsonl,classic-random-8x8,classic,random-start,8x8,tf:113,tf:110,true,p2,accepted,,657410338,657412310231028,14
tf_policy_elo_616bc2f2_phase7_random_to40_2026-08-20,classic-random-8x8_g113_vs_g110.jsonl,classic-random-8x8,classic,random-start,8x8,tf:110,tf:113,false,p1,accepted,,657410338,657412310231029,15
tf_policy_elo_616bc2f2_phase7_random_to40_2026-08-20,classic-random-8x8_g113_vs_g110.jsonl,classic-random-8x8,classic,random-start,8x8,tf:113,tf:110,true,p1,accepted,,657410338,657412310231030,16
tf_policy_elo_616bc2f2_phase7_random_to40_2026-08-20,classic-random-8x8_g113_vs_g110.jsonl,classic-random-8x8,classic,random-start,8x8,tf:110,tf:113,false,p2,accepted,,657410338,657412310231031,17
tf_policy_elo_616bc2f2_phase7_random_to40_2026-08-20,classic-random-8x8_g113_vs_g110.jsonl,classic-random-8x8,classic,random-start,8x8,tf:113,tf:110,true,p1,accepted,,657410338,657412310231032,18
tf_policy_elo_616bc2f2_phase7_random_to40_2026-08-20,classic-random-8x8_g113_vs_g110.jsonl,classic-random-8x8,classic,random-start,8x8,tf:110,tf:113,false,p1,accepted,,657410338,657412310231033,19
tf_policy_elo_616bc2f2_phase7_random_to40_2026-08-20,classic-random-8x8_g113_vs_g110.jsonl,classic-random-8x8,classic,random-start,8x8,tf:113,tf:110,true,p1,accepted,,657410338,657412310231034,20
tf_policy_elo_616bc2f2_phase7_random_to40_2026-08-20,classic-random-8x8_g113_vs_g110.jsonl,classic-random-8x8,classic,random-start,8x8,tf:110,tf:113,false,p2,accepted,,657410338,657412310231035,21
tf_policy_elo_616bc2f2_phase7_random_to40_2026-08-20,classic-random-8x8_g113_vs_g110.jsonl,classic-random-8x8,classic,random-start,8x8,tf:113,tf:110,true,p1,accepted,,657410338,657412310231036,22
tf_policy_elo_616bc2f2_phase7_random_to40_2026-08-20,classic-random-8x8_g113_vs_g110.jsonl,classic-random-8x8,classic,random-start,8x8,tf:110,tf:113,false,p1,accepted,,657410338,657412310231037,23
tf_policy_elo_616bc2f2_phase7_random_to40_2026-08-20,classic-random-8x8_g113_vs_g110.jsonl,classic-random-8x8,classic,random-start,8x8,tf:113,tf:110,true,p2,accepted,,657410338,657412310231038,24
tf_policy_elo_616bc2f2_phase7_random_to40_2026-08-20,classic-random-8x8_g113_vs_g110.jsonl,classic-random-8x8,classic,random-start,8x8,tf:110,tf:113,false,p2,accepted,,657410338,657412310231039,25
tf_policy_elo_616bc2f2_phase7_random_to40_2026-08-20,classic-random-8x8_g113_vs_g110.jsonl,classic-random-8x8,classic,random-start,8x8,tf:113,tf:110,true,p2,accepted,,657410338,657412310231040,26
tf_policy_elo_616bc2f2_phase7_random_to40_2026-08-20,classic-random-8x8_g113_vs_g110.jsonl,classic-random-8x8,classic,random-start,8x8,tf:110,tf:113,false,p1,accepted,,657410338,657412310231041,27
tf_policy_elo_616bc2f2_phase7_random_to40_2026-08-20,classic-random-8x8_g113_vs_g112.jsonl,classic-random-8x8,classic,random-start,8x8,tf:113,tf:112,true,p2,accepted,,657412338,657414310237014,0
tf_policy_elo_616bc2f2_phase7_random_to40_2026-08-20,classic-random-8x8_g113_vs_g112.jsonl,classic-random-8x8,classic,random-start,8x8,tf:112,tf:113,false,p1,accepted,,657412338,657414310237015,1
tf_policy_elo_616bc2f2_phase7_random_to40_2026-08-20,classic-random-8x8_g113_vs_g112.jsonl,classic-random-8x8,classic,random-start,8x8,tf:113,tf:112,true,p1,accepted,,657412338,657414310237016,2
tf_policy_elo_616bc2f2_phase7_random_to40_2026-08-20,classic-random-8x8_g113_vs_g112.jsonl,classic-random-8x8,classic,random-start,8x8,tf:112,tf:113,false,p2,accepted,,657412338,657414310237017,3
tf_policy_elo_616bc2f2_phase7_random_to40_2026-08-20,classic-random-8x8_g113_vs_g112.jsonl,classic-random-8x8,classic,random-start,8x8,tf:113,tf:112,true,p2,accepted,,657412338,657414310237018,4
tf_policy_elo_616bc2f2_phase7_random_to40_2026-08-20,classic-random-8x8_g113_vs_g112.jsonl,classic-random-8x8,classic,random-start,8x8,tf:112,tf:113,false,p1,accepted,,657412338,657414310237019,5
tf_policy_elo_616bc2f2_phase7_random_to40_2026-08-20,classic-random-8x8_g113_vs_g112.jsonl,classic-random-8x8,classic,random-start,8x8,tf:113,tf:112,true,p2,accepted,,657412338,657414310237020,6
tf_policy_elo_616bc2f2_phase7_random_to40_2026-08-20,classic-random-8x8_g113_vs_g112.jsonl,classic-random-8x8,classic,random-start,8x8,tf:112,tf:113,false,p2,accepted,,657412338,657414310237021,7
tf_policy_elo_616bc2f2_phase7_random_to40_2026-08-20,classic-random-8x8_g113_vs_g112.jsonl,classic-random-8x8,classic,random-start,8x8,tf:113,tf:112,true,p2,accepted,,657412338,657414310237022,8
tf_policy_elo_616bc2f2_phase7_random_to40_2026-08-20,classic-random-8x8_g113_vs_g112.jsonl,classic-random-8x8,classic,random-start,8x8,tf:112,tf:113,false,p1,accepted,,657412338,657414310237023,9
tf_policy_elo_616bc2f2_phase7_random_to40_2026-08-20,classic-random-8x8_g113_vs_g112.jsonl,classic-random-8x8,classic,random-start,8x8,tf:113,tf:112,true,p1,accepted,,657412338,657414310237024,10
tf_policy_elo_616bc2f2_phase7_random_to40_2026-08-20,classic-random-8x8_g113_vs_g112.jsonl,classic-random-8x8,classic,random-start,8x8,tf:112,tf:113,false,p1,accepted,,657412338,657414310237025,11
tf_policy_elo_616bc2f2_phase7_random_to40_2026-08-20,classic-random-8x8_g113_vs_g112.jsonl,classic-random-8x8,classic,random-start,8x8,tf:113,tf:112,true,p1,accepted,,657412338,657414310237026,12
tf_policy_elo_616bc2f2_phase7_random_to40_2026-08-20,classic-random-8x8_g113_vs_g112.jsonl,classic-random-8x8,classic,random-start,8x8,tf:112,tf:113,false,p1,accepted,,657412338,657414310237027,13
tf_policy_elo_616bc2f2_phase7_random_to40_2026-08-20,classic-random-8x8_g113_vs_g112.jsonl,classic-random-8x8,classic,random-start,8x8,tf:113,tf:112,true,p1,accepted,,657412338,657414310237028,14
tf_policy_elo_616bc2f2_phase7_random_to40_2026-08-20,classic-random-8x8_g113_vs_g112.jsonl,classic-random-8x8,classic,random-start,8x8,tf:112,tf:113,false,p2,accepted,,657412338,657414310237029,15
tf_policy_elo_616bc2f2_phase7_random_to40_2026-08-20,classic-random-8x8_g113_vs_g112.jsonl,classic-random-8x8,classic,random-start,8x8,tf:113,tf:112,true,p2,accepted,,657412338,657414310237030,16
tf_policy_elo_616bc2f2_phase7_random_to40_2026-08-20,classic-random-8x8_g113_vs_g112.jsonl,classic-random-8x8,classic,random-start,8x8,tf:112,tf:113,false,p2,accepted,,657412338,657414310237031,17
tf_policy_elo_616bc2f2_phase7_random_to40_2026-08-20,classic-random-8x8_g113_vs_g112.jsonl,classic-random-8x8,classic,random-start,8x8,tf:113,tf:112,true,p1,accepted,,657412338,657414310237032,18
tf_policy_elo_616bc2f2_phase7_random_to40_2026-08-20,classic-random-8x8_g113_vs_g112.jsonl,classic-random-8x8,classic,random-start,8x8,tf:112,tf:113,false,p1,accepted,,657412338,657414310237033,19
tf_policy_elo_616bc2f2_phase7_random_to40_2026-08-20,classic-random-8x8_g113_vs_g112.jsonl,classic-random-8x8,classic,random-start,8x8,tf:113,tf:112,true,p1,accepted,,657412338,657414310237034,20
tf_policy_elo_616bc2f2_phase7_random_to40_2026-08-20,classic-random-8x8_g113_vs_g112.jsonl,classic-random-8x8,classic,random-start,8x8,tf:112,tf:113,false,p1,accepted,,657412338,657414310237035,21
tf_policy_elo_616bc2f2_phase7_random_to40_2026-08-20,classic-random-8x8_g113_vs_g112.jsonl,classic-random-8x8,classic,random-start,8x8,tf:113,tf:112,true,p1,accepted,,657412338,657414310237036,22
tf_policy_elo_616bc2f2_phase7_random_to40_2026-08-20,classic-random-8x8_g113_vs_g112.jsonl,classic-random-8x8,classic,random-start,8x8,tf:112,tf:113,false,p1,accepted,,657412338,657414310237037,23
tf_policy_elo_616bc2f2_phase7_random_to40_2026-08-20,classic-random-8x8_g113_vs_g112.jsonl,classic-random-8x8,classic,random-start,8x8,tf:113,tf:112,true,p2,accepted,,657412338,657414310237038,24
tf_policy_elo_616bc2f2_phase7_random_to40_2026-08-20,classic-random-8x8_g113_vs_g112.jsonl,classic-random-8x8,classic,random-start,8x8,tf:112,tf:113,false,p1,accepted,,657412338,657414310237039,25
tf_policy_elo_616bc2f2_phase7_random_to40_2026-08-20,classic-random-8x8_g113_vs_g112.jsonl,classic-random-8x8,classic,random-start,8x8,tf:113,tf:112,true,p2,accepted,,657412338,657414310237040,26
tf_policy_elo_616bc2f2_phase7_random_to40_2026-08-20,classic-random-8x8_g113_vs_g112.jsonl,classic-random-8x8,classic,random-start,8x8,tf:112,tf:113,false,p1,accepted,,657412338,657414310237041,27
tf_policy_elo_616bc2f2_phase7_random_to40_2026-08-20,classic-random-8x8_g114_vs_g108.jsonl,classic-random-8x8,classic,random-start,8x8,tf:114,tf:108,true,p2,accepted,,657508338,657510310525014,0
tf_policy_elo_616bc2f2_phase7_random_to40_2026-08-20,classic-random-8x8_g114_vs_g108.jsonl,classic-random-8x8,classic,random-start,8x8,tf:108,tf:114,false,p2,accepted,,657508338,657510310525015,1
tf_policy_elo_616bc2f2_phase7_random_to40_2026-08-20,classic-random-8x8_g114_vs_g108.jsonl,classic-random-8x8,classic,random-start,8x8,tf:114,tf:108,true,p1,accepted,,657508338,657510310525016,2
tf_policy_elo_616bc2f2_phase7_random_to40_2026-08-20,classic-random-8x8_g114_vs_g108.jsonl,classic-random-8x8,classic,random-start,8x8,tf:108,tf:114,false,p1,accepted,,657508338,657510310525017,3
tf_policy_elo_616bc2f2_phase7_random_to40_2026-08-20,classic-random-8x8_g114_vs_g108.jsonl,classic-random-8x8,classic,random-start,8x8,tf:114,tf:108,true,p1,accepted,,657508338,657510310525018,4
tf_policy_elo_616bc2f2_phase7_random_to40_2026-08-20,classic-random-8x8_g114_vs_g108.jsonl,classic-random-8x8,classic,random-start,8x8,tf:108,tf:114,false,p1,accepted,,657508338,657510310525019,5
tf_policy_elo_616bc2f2_phase7_random_to40_2026-08-20,classic-random-8x8_g114_vs_g108.jsonl,classic-random-8x8,classic,random-start,8x8,tf:114,tf:108,true,p1,accepted,,657508338,657510310525020,6
tf_policy_elo_616bc2f2_phase7_random_to40_2026-08-20,classic-random-8x8_g114_vs_g108.jsonl,classic-random-8x8,classic,random-start,8x8,tf:108,tf:114,false,p1,accepted,,657508338,657510310525021,7
tf_policy_elo_616bc2f2_phase7_random_to40_2026-08-20,classic-random-8x8_g114_vs_g108.jsonl,classic-random-8x8,classic,random-start,8x8,tf:114,tf:108,true,p1,accepted,,657508338,657510310525022,8
tf_policy_elo_616bc2f2_phase7_random_to40_2026-08-20,classic-random-8x8_g114_vs_g108.jsonl,classic-random-8x8,classic,random-start,8x8,tf:108,tf:114,false,p1,accepted,,657508338,657510310525023,9
tf_policy_elo_616bc2f2_phase7_random_to40_2026-08-20,classic-random-8x8_g114_vs_g108.jsonl,classic-random-8x8,classic,random-start,8x8,tf:114,tf:108,true,p2,accepted,,657508338,657510310525024,10
tf_policy_elo_616bc2f2_phase7_random_to40_2026-08-20,classic-random-8x8_g114_vs_g108.jsonl,classic-random-8x8,classic,random-start,8x8,tf:108,tf:114,false,p1,accepted,,657508338,657510310525025,11
tf_policy_elo_616bc2f2_phase7_random_to40_2026-08-20,classic-random-8x8_g114_vs_g108.jsonl,classic-random-8x8,classic,random-start,8x8,tf:114,tf:108,true,p1,accepted,,657508338,657510310525026,12
tf_policy_elo_616bc2f2_phase7_random_to40_2026-08-20,classic-random-8x8_g114_vs_g108.jsonl,classic-random-8x8,classic,random-start,8x8,tf:108,tf:114,false,p2,accepted,,657508338,657510310525027,13
tf_policy_elo_616bc2f2_phase7_random_to40_2026-08-20,classic-random-8x8_g114_vs_g108.jsonl,classic-random-8x8,classic,random-start,8x8,tf:114,tf:108,true,p1,accepted,,657508338,657510310525028,14
tf_policy_elo_616bc2f2_phase7_random_to40_2026-08-20,classic-random-8x8_g114_vs_g108.jsonl,classic-random-8x8,classic,random-start,8x8,tf:108,tf:114,false,p1,accepted,,657508338,657510310525029,15
tf_policy_elo_616bc2f2_phase7_random_to40_2026-08-20,classic-random-8x8_g114_vs_g108.jsonl,classic-random-8x8,classic,random-start,8x8,tf:114,tf:108,true,p1,accepted,,657508338,657510310525030,16
tf_policy_elo_616bc2f2_phase7_random_to40_2026-08-20,classic-random-8x8_g114_vs_g108.jsonl,classic-random-8x8,classic,random-start,8x8,tf:108,tf:114,false,p1,accepted,,657508338,657510310525031,17
tf_policy_elo_616bc2f2_phase7_random_to40_2026-08-20,classic-random-8x8_g114_vs_g108.jsonl,classic-random-8x8,classic,random-start,8x8,tf:114,tf:108,true,p2,accepted,,657508338,657510310525032,18
tf_policy_elo_616bc2f2_phase7_random_to40_2026-08-20,classic-random-8x8_g114_vs_g108.jsonl,classic-random-8x8,classic,random-start,8x8,tf:108,tf:114,false,p1,accepted,,657508338,657510310525033,19
tf_policy_elo_616bc2f2_phase7_random_to40_2026-08-20,classic-random-8x8_g114_vs_g108.jsonl,classic-random-8x8,classic,random-start,8x8,tf:114,tf:108,true,p2,accepted,,657508338,657510310525034,20
tf_policy_elo_616bc2f2_phase7_random_to40_2026-08-20,classic-random-8x8_g114_vs_g108.jsonl,classic-random-8x8,classic,random-start,8x8,tf:108,tf:114,false,p1,accepted,,657508338,657510310525035,21
tf_policy_elo_616bc2f2_phase7_random_to40_2026-08-20,classic-random-8x8_g114_vs_g108.jsonl,classic-random-8x8,classic,random-start,8x8,tf:114,tf:108,true,p1,accepted,,657508338,657510310525036,22
tf_policy_elo_616bc2f2_phase7_random_to40_2026-08-20,classic-random-8x8_g114_vs_g108.jsonl,classic-random-8x8,classic,random-start,8x8,tf:108,tf:114,false,p1,accepted,,657508338,657510310525037,23
tf_policy_elo_616bc2f2_phase7_random_to40_2026-08-20,classic-random-8x8_g114_vs_g108.jsonl,classic-random-8x8,classic,random-start,8x8,tf:114,tf:108,true,p2,accepted,,657508338,657510310525038,24
tf_policy_elo_616bc2f2_phase7_random_to40_2026-08-20,classic-random-8x8_g114_vs_g108.jsonl,classic-random-8x8,classic,random-start,8x8,tf:108,tf:114,false,p2,accepted,,657508338,657510310525039,25
tf_policy_elo_616bc2f2_phase7_random_to40_2026-08-20,classic-random-8x8_g114_vs_g108.jsonl,classic-random-8x8,classic,random-start,8x8,tf:114,tf:108,true,p1,accepted,,657508338,657510310525040,26
tf_policy_elo_616bc2f2_phase7_random_to40_2026-08-20,classic-random-8x8_g114_vs_g108.jsonl,classic-random-8x8,classic,random-start,8x8,tf:108,tf:114,false,p2,accepted,,657508338,657510310525041,27
tf_policy_elo_616bc2f2_phase7_random_to40_2026-08-20,classic-random-8x8_g114_vs_g111.jsonl,classic-random-8x8,classic,random-start,8x8,tf:114,tf:111,true,p2,accepted,,657511338,657513310534014,0
tf_policy_elo_616bc2f2_phase7_random_to40_2026-08-20,classic-random-8x8_g114_vs_g111.jsonl,classic-random-8x8,classic,random-start,8x8,tf:111,tf:114,false,p1,accepted,,657511338,657513310534015,1
tf_policy_elo_616bc2f2_phase7_random_to40_2026-08-20,classic-random-8x8_g114_vs_g111.jsonl,classic-random-8x8,classic,random-start,8x8,tf:114,tf:111,true,p1,accepted,,657511338,657513310534016,2
tf_policy_elo_616bc2f2_phase7_random_to40_2026-08-20,classic-random-8x8_g114_vs_g111.jsonl,classic-random-8x8,classic,random-start,8x8,tf:111,tf:114,false,p1,accepted,,657511338,657513310534017,3
tf_policy_elo_616bc2f2_phase7_random_to40_2026-08-20,classic-random-8x8_g114_vs_g111.jsonl,classic-random-8x8,classic,random-start,8x8,tf:114,tf:111,true,p2,accepted,,657511338,657513310534018,4
tf_policy_elo_616bc2f2_phase7_random_to40_2026-08-20,classic-random-8x8_g114_vs_g111.jsonl,classic-random-8x8,classic,random-start,8x8,tf:111,tf:114,false,p2,accepted,,657511338,657513310534019,5
tf_policy_elo_616bc2f2_phase7_random_to40_2026-08-20,classic-random-8x8_g114_vs_g111.jsonl,classic-random-8x8,classic,random-start,8x8,tf:114,tf:111,true,p1,accepted,,657511338,657513310534020,6
tf_policy_elo_616bc2f2_phase7_random_to40_2026-08-20,classic-random-8x8_g114_vs_g111.jsonl,classic-random-8x8,classic,random-start,8x8,tf:111,tf:114,false,p2,accepted,,657511338,657513310534021,7
tf_policy_elo_616bc2f2_phase7_random_to40_2026-08-20,classic-random-8x8_g114_vs_g111.jsonl,classic-random-8x8,classic,random-start,8x8,tf:114,tf:111,true,p1,accepted,,657511338,657513310534022,8
tf_policy_elo_616bc2f2_phase7_random_to40_2026-08-20,classic-random-8x8_g114_vs_g111.jsonl,classic-random-8x8,classic,random-start,8x8,tf:111,tf:114,false,p2,accepted,,657511338,657513310534023,9
tf_policy_elo_616bc2f2_phase7_random_to40_2026-08-20,classic-random-8x8_g114_vs_g111.jsonl,classic-random-8x8,classic,random-start,8x8,tf:114,tf:111,true,p1,accepted,,657511338,657513310534024,10
tf_policy_elo_616bc2f2_phase7_random_to40_2026-08-20,classic-random-8x8_g114_vs_g111.jsonl,classic-random-8x8,classic,random-start,8x8,tf:111,tf:114,false,p2,accepted,,657511338,657513310534025,11
tf_policy_elo_616bc2f2_phase7_random_to40_2026-08-20,classic-random-8x8_g114_vs_g111.jsonl,classic-random-8x8,classic,random-start,8x8,tf:114,tf:111,true,p1,accepted,,657511338,657513310534026,12
tf_policy_elo_616bc2f2_phase7_random_to40_2026-08-20,classic-random-8x8_g114_vs_g111.jsonl,classic-random-8x8,classic,random-start,8x8,tf:111,tf:114,false,p1,accepted,,657511338,657513310534027,13
tf_policy_elo_616bc2f2_phase7_random_to40_2026-08-20,classic-random-8x8_g114_vs_g111.jsonl,classic-random-8x8,classic,random-start,8x8,tf:114,tf:111,true,p2,accepted,,657511338,657513310534028,14
tf_policy_elo_616bc2f2_phase7_random_to40_2026-08-20,classic-random-8x8_g114_vs_g111.jsonl,classic-random-8x8,classic,random-start,8x8,tf:111,tf:114,false,p2,accepted,,657511338,657513310534029,15
tf_policy_elo_616bc2f2_phase7_random_to40_2026-08-20,classic-random-8x8_g114_vs_g111.jsonl,classic-random-8x8,classic,random-start,8x8,tf:114,tf:111,true,p1,accepted,,657511338,657513310534030,16
tf_policy_elo_616bc2f2_phase7_random_to40_2026-08-20,classic-random-8x8_g114_vs_g111.jsonl,classic-random-8x8,classic,random-start,8x8,tf:111,tf:114,false,p1,accepted,,657511338,657513310534031,17
tf_policy_elo_616bc2f2_phase7_random_to40_2026-08-20,classic-random-8x8_g114_vs_g111.jsonl,classic-random-8x8,classic,random-start,8x8,tf:114,tf:111,true,p1,accepted,,657511338,657513310534032,18
tf_policy_elo_616bc2f2_phase7_random_to40_2026-08-20,classic-random-8x8_g114_vs_g111.jsonl,classic-random-8x8,classic,random-start,8x8,tf:111,tf:114,false,p2,accepted,,657511338,657513310534033,19
tf_policy_elo_616bc2f2_phase7_random_to40_2026-08-20,classic-random-8x8_g114_vs_g111.jsonl,classic-random-8x8,classic,random-start,8x8,tf:114,tf:111,true,p1,accepted,,657511338,657513310534034,20
tf_policy_elo_616bc2f2_phase7_random_to40_2026-08-20,classic-random-8x8_g114_vs_g111.jsonl,classic-random-8x8,classic,random-start,8x8,tf:111,tf:114,false,p1,accepted,,657511338,657513310534035,21
tf_policy_elo_616bc2f2_phase7_random_to40_2026-08-20,classic-random-8x8_g114_vs_g111.jsonl,classic-random-8x8,classic,random-start,8x8,tf:114,tf:111,true,p1,accepted,,657511338,657513310534036,22
tf_policy_elo_616bc2f2_phase7_random_to40_2026-08-20,classic-random-8x8_g114_vs_g111.jsonl,classic-random-8x8,classic,random-start,8x8,tf:111,tf:114,false,p2,accepted,,657511338,657513310534037,23
tf_policy_elo_616bc2f2_phase7_random_to40_2026-08-20,classic-random-8x8_g114_vs_g111.jsonl,classic-random-8x8,classic,random-start,8x8,tf:114,tf:111,true,p1,accepted,,657511338,657513310534038,24
tf_policy_elo_616bc2f2_phase7_random_to40_2026-08-20,classic-random-8x8_g114_vs_g111.jsonl,classic-random-8x8,classic,random-start,8x8,tf:111,tf:114,false,p1,accepted,,657511338,657513310534039,25
tf_policy_elo_616bc2f2_phase7_random_to40_2026-08-20,classic-random-8x8_g114_vs_g111.jsonl,classic-random-8x8,classic,random-start,8x8,tf:114,tf:111,true,p2,accepted,,657511338,657513310534040,26
tf_policy_elo_616bc2f2_phase7_random_to40_2026-08-20,classic-random-8x8_g114_vs_g111.jsonl,classic-random-8x8,classic,random-start,8x8,tf:111,tf:114,false,p1,accepted,,657511338,657513310534041,27
tf_policy_elo_616bc2f2_phase7_random_to40_2026-08-20,classic-random-8x8_g114_vs_g113.jsonl,classic-random-8x8,classic,random-start,8x8,tf:114,tf:113,true,p1,accepted,,657513338,657515310540014,0
tf_policy_elo_616bc2f2_phase7_random_to40_2026-08-20,classic-random-8x8_g114_vs_g113.jsonl,classic-random-8x8,classic,random-start,8x8,tf:113,tf:114,false,p1,accepted,,657513338,657515310540015,1
tf_policy_elo_616bc2f2_phase7_random_to40_2026-08-20,classic-random-8x8_g114_vs_g113.jsonl,classic-random-8x8,classic,random-start,8x8,tf:114,tf:113,true,p1,accepted,,657513338,657515310540016,2
tf_policy_elo_616bc2f2_phase7_random_to40_2026-08-20,classic-random-8x8_g114_vs_g113.jsonl,classic-random-8x8,classic,random-start,8x8,tf:113,tf:114,false,p2,accepted,,657513338,657515310540017,3
tf_policy_elo_616bc2f2_phase7_random_to40_2026-08-20,classic-random-8x8_g114_vs_g113.jsonl,classic-random-8x8,classic,random-start,8x8,tf:114,tf:113,true,p1,accepted,,657513338,657515310540018,4
tf_policy_elo_616bc2f2_phase7_random_to40_2026-08-20,classic-random-8x8_g114_vs_g113.jsonl,classic-random-8x8,classic,random-start,8x8,tf:113,tf:114,false,p1,accepted,,657513338,657515310540019,5
tf_policy_elo_616bc2f2_phase7_random_to40_2026-08-20,classic-random-8x8_g114_vs_g113.jsonl,classic-random-8x8,classic,random-start,8x8,tf:114,tf:113,true,p2,accepted,,657513338,657515310540020,6
tf_policy_elo_616bc2f2_phase7_random_to40_2026-08-20,classic-random-8x8_g114_vs_g113.jsonl,classic-random-8x8,classic,random-start,8x8,tf:113,tf:114,false,p1,accepted,,657513338,657515310540021,7
tf_policy_elo_616bc2f2_phase7_random_to40_2026-08-20,classic-random-8x8_g114_vs_g113.jsonl,classic-random-8x8,classic,random-start,8x8,tf:114,tf:113,true,p2,accepted,,657513338,657515310540022,8
tf_policy_elo_616bc2f2_phase7_random_to40_2026-08-20,classic-random-8x8_g114_vs_g113.jsonl,classic-random-8x8,classic,random-start,8x8,tf:113,tf:114,false,p1,accepted,,657513338,657515310540023,9
tf_policy_elo_616bc2f2_phase7_random_to40_2026-08-20,classic-random-8x8_g114_vs_g113.jsonl,classic-random-8x8,classic,random-start,8x8,tf:114,tf:113,true,p2,accepted,,657513338,657515310540024,10
tf_policy_elo_616bc2f2_phase7_random_to40_2026-08-20,classic-random-8x8_g114_vs_g113.jsonl,classic-random-8x8,classic,random-start,8x8,tf:113,tf:114,false,p2,accepted,,657513338,657515310540025,11
tf_policy_elo_616bc2f2_phase7_random_to40_2026-08-20,classic-random-8x8_g114_vs_g113.jsonl,classic-random-8x8,classic,random-start,8x8,tf:114,tf:113,true,p2,accepted,,657513338,657515310540026,12
tf_policy_elo_616bc2f2_phase7_random_to40_2026-08-20,classic-random-8x8_g114_vs_g113.jsonl,classic-random-8x8,classic,random-start,8x8,tf:113,tf:114,false,p2,accepted,,657513338,657515310540027,13
tf_policy_elo_616bc2f2_phase7_random_to40_2026-08-20,classic-random-8x8_g114_vs_g113.jsonl,classic-random-8x8,classic,random-start,8x8,tf:114,tf:113,true,p1,accepted,,657513338,657515310540028,14
tf_policy_elo_616bc2f2_phase7_random_to40_2026-08-20,classic-random-8x8_g114_vs_g113.jsonl,classic-random-8x8,classic,random-start,8x8,tf:113,tf:114,false,p1,accepted,,657513338,657515310540029,15
tf_policy_elo_616bc2f2_phase7_random_to40_2026-08-20,classic-random-8x8_g114_vs_g113.jsonl,classic-random-8x8,classic,random-start,8x8,tf:114,tf:113,true,p1,accepted,,657513338,657515310540030,16
tf_policy_elo_616bc2f2_phase7_random_to40_2026-08-20,classic-random-8x8_g114_vs_g113.jsonl,classic-random-8x8,classic,random-start,8x8,tf:113,tf:114,false,p2,accepted,,657513338,657515310540031,17
tf_policy_elo_616bc2f2_phase7_random_to40_2026-08-20,classic-random-8x8_g114_vs_g113.jsonl,classic-random-8x8,classic,random-start,8x8,tf:114,tf:113,true,p1,accepted,,657513338,657515310540032,18
tf_policy_elo_616bc2f2_phase7_random_to40_2026-08-20,classic-random-8x8_g114_vs_g113.jsonl,classic-random-8x8,classic,random-start,8x8,tf:113,tf:114,false,p2,accepted,,657513338,657515310540033,19
tf_policy_elo_616bc2f2_phase7_random_to40_2026-08-20,classic-random-8x8_g114_vs_g113.jsonl,classic-random-8x8,classic,random-start,8x8,tf:114,tf:113,true,p1,accepted,,657513338,657515310540034,20
tf_policy_elo_616bc2f2_phase7_random_to40_2026-08-20,classic-random-8x8_g114_vs_g113.jsonl,classic-random-8x8,classic,random-start,8x8,tf:113,tf:114,false,p1,accepted,,657513338,657515310540035,21
tf_policy_elo_616bc2f2_phase7_random_to40_2026-08-20,classic-random-8x8_g114_vs_g113.jsonl,classic-random-8x8,classic,random-start,8x8,tf:114,tf:113,true,p1,accepted,,657513338,657515310540036,22
tf_policy_elo_616bc2f2_phase7_random_to40_2026-08-20,classic-random-8x8_g114_vs_g113.jsonl,classic-random-8x8,classic,random-start,8x8,tf:113,tf:114,false,p1,accepted,,657513338,657515310540037,23
tf_policy_elo_616bc2f2_phase7_random_to40_2026-08-20,classic-random-8x8_g114_vs_g113.jsonl,classic-random-8x8,classic,random-start,8x8,tf:114,tf:113,true,p1,accepted,,657513338,657515310540038,24
tf_policy_elo_616bc2f2_phase7_random_to40_2026-08-20,classic-random-8x8_g114_vs_g113.jsonl,classic-random-8x8,classic,random-start,8x8,tf:113,tf:114,false,p2,accepted,,657513338,657515310540039,25
tf_policy_elo_616bc2f2_phase7_random_to40_2026-08-20,classic-random-8x8_g114_vs_g113.jsonl,classic-random-8x8,classic,random-start,8x8,tf:114,tf:113,true,p2,accepted,,657513338,657515310540040,26
tf_policy_elo_616bc2f2_phase7_random_to40_2026-08-20,classic-random-8x8_g114_vs_g113.jsonl,classic-random-8x8,classic,random-start,8x8,tf:113,tf:114,false,p1,accepted,,657513338,657515310540041,27
tf_policy_elo_616bc2f2_phase7_random_to40_2026-08-20,classic-random-8x8_g115_vs_g109.jsonl,classic-random-8x8,classic,random-start,8x8,tf:115,tf:109,true,p1,accepted,,657609338,657611310828014,0
tf_policy_elo_616bc2f2_phase7_random_to40_2026-08-20,classic-random-8x8_g115_vs_g109.jsonl,classic-random-8x8,classic,random-start,8x8,tf:109,tf:115,false,p2,accepted,,657609338,657611310828015,1
tf_policy_elo_616bc2f2_phase7_random_to40_2026-08-20,classic-random-8x8_g115_vs_g109.jsonl,classic-random-8x8,classic,random-start,8x8,tf:115,tf:109,true,p2,accepted,,657609338,657611310828016,2
tf_policy_elo_616bc2f2_phase7_random_to40_2026-08-20,classic-random-8x8_g115_vs_g109.jsonl,classic-random-8x8,classic,random-start,8x8,tf:109,tf:115,false,p1,accepted,,657609338,657611310828017,3
tf_policy_elo_616bc2f2_phase7_random_to40_2026-08-20,classic-random-8x8_g115_vs_g109.jsonl,classic-random-8x8,classic,random-start,8x8,tf:115,tf:109,true,p1,accepted,,657609338,657611310828018,4
tf_policy_elo_616bc2f2_phase7_random_to40_2026-08-20,classic-random-8x8_g115_vs_g109.jsonl,classic-random-8x8,classic,random-start,8x8,tf:109,tf:115,false,p1,accepted,,657609338,657611310828019,5
tf_policy_elo_616bc2f2_phase7_random_to40_2026-08-20,classic-random-8x8_g115_vs_g109.jsonl,classic-random-8x8,classic,random-start,8x8,tf:115,tf:109,true,p1,accepted,,657609338,657611310828020,6
tf_policy_elo_616bc2f2_phase7_random_to40_2026-08-20,classic-random-8x8_g115_vs_g109.jsonl,classic-random-8x8,classic,random-start,8x8,tf:109,tf:115,false,p1,accepted,,657609338,657611310828021,7
tf_policy_elo_616bc2f2_phase7_random_to40_2026-08-20,classic-random-8x8_g115_vs_g109.jsonl,classic-random-8x8,classic,random-start,8x8,tf:115,tf:109,true,p1,accepted,,657609338,657611310828022,8
tf_policy_elo_616bc2f2_phase7_random_to40_2026-08-20,classic-random-8x8_g115_vs_g109.jsonl,classic-random-8x8,classic,random-start,8x8,tf:109,tf:115,false,p1,accepted,,657609338,657611310828023,9
tf_policy_elo_616bc2f2_phase7_random_to40_2026-08-20,classic-random-8x8_g115_vs_g109.jsonl,classic-random-8x8,classic,random-start,8x8,tf:115,tf:109,true,p1,accepted,,657609338,657611310828024,10
tf_policy_elo_616bc2f2_phase7_random_to40_2026-08-20,classic-random-8x8_g115_vs_g109.jsonl,classic-random-8x8,classic,random-start,8x8,tf:109,tf:115,false,p2,accepted,,657609338,657611310828025,11
tf_policy_elo_616bc2f2_phase7_random_to40_2026-08-20,classic-random-8x8_g115_vs_g109.jsonl,classic-random-8x8,classic,random-start,8x8,tf:115,tf:109,true,p2,accepted,,657609338,657611310828026,12
tf_policy_elo_616bc2f2_phase7_random_to40_2026-08-20,classic-random-8x8_g115_vs_g109.jsonl,classic-random-8x8,classic,random-start,8x8,tf:109,tf:115,false,p2,accepted,,657609338,657611310828027,13
tf_policy_elo_616bc2f2_phase7_random_to40_2026-08-20,classic-random-8x8_g115_vs_g109.jsonl,classic-random-8x8,classic,random-start,8x8,tf:115,tf:109,true,p1,accepted,,657609338,657611310828028,14
tf_policy_elo_616bc2f2_phase7_random_to40_2026-08-20,classic-random-8x8_g115_vs_g109.jsonl,classic-random-8x8,classic,random-start,8x8,tf:109,tf:115,false,p1,accepted,,657609338,657611310828029,15
tf_policy_elo_616bc2f2_phase7_random_to40_2026-08-20,classic-random-8x8_g115_vs_g109.jsonl,classic-random-8x8,classic,random-start,8x8,tf:115,tf:109,true,p1,accepted,,657609338,657611310828030,16
tf_policy_elo_616bc2f2_phase7_random_to40_2026-08-20,classic-random-8x8_g115_vs_g109.jsonl,classic-random-8x8,classic,random-start,8x8,tf:109,tf:115,false,p1,accepted,,657609338,657611310828031,17
tf_policy_elo_616bc2f2_phase7_random_to40_2026-08-20,classic-random-8x8_g115_vs_g109.jsonl,classic-random-8x8,classic,random-start,8x8,tf:115,tf:109,true,p2,accepted,,657609338,657611310828032,18
tf_policy_elo_616bc2f2_phase7_random_to40_2026-08-20,classic-random-8x8_g115_vs_g109.jsonl,classic-random-8x8,classic,random-start,8x8,tf:109,tf:115,false,p1,accepted,,657609338,657611310828033,19
tf_policy_elo_616bc2f2_phase7_random_to40_2026-08-20,classic-random-8x8_g115_vs_g109.jsonl,classic-random-8x8,classic,random-start,8x8,tf:115,tf:109,true,p1,accepted,,657609338,657611310828034,20
tf_policy_elo_616bc2f2_phase7_random_to40_2026-08-20,classic-random-8x8_g115_vs_g109.jsonl,classic-random-8x8,classic,random-start,8x8,tf:109,tf:115,false,p1,accepted,,657609338,657611310828035,21
tf_policy_elo_616bc2f2_phase7_random_to40_2026-08-20,classic-random-8x8_g115_vs_g109.jsonl,classic-random-8x8,classic,random-start,8x8,tf:115,tf:109,true,p1,accepted,,657609338,657611310828036,22
tf_policy_elo_616bc2f2_phase7_random_to40_2026-08-20,classic-random-8x8_g115_vs_g109.jsonl,classic-random-8x8,classic,random-start,8x8,tf:109,tf:115,false,p1,accepted,,657609338,657611310828037,23
tf_policy_elo_616bc2f2_phase7_random_to40_2026-08-20,classic-random-8x8_g115_vs_g109.jsonl,classic-random-8x8,classic,random-start,8x8,tf:115,tf:109,true,p1,accepted,,657609338,657611310828038,24
tf_policy_elo_616bc2f2_phase7_random_to40_2026-08-20,classic-random-8x8_g115_vs_g109.jsonl,classic-random-8x8,classic,random-start,8x8,tf:109,tf:115,false,p1,accepted,,657609338,657611310828039,25
tf_policy_elo_616bc2f2_phase7_random_to40_2026-08-20,classic-random-8x8_g115_vs_g109.jsonl,classic-random-8x8,classic,random-start,8x8,tf:115,tf:109,true,p2,accepted,,657609338,657611310828040,26
tf_policy_elo_616bc2f2_phase7_random_to40_2026-08-20,classic-random-8x8_g115_vs_g109.jsonl,classic-random-8x8,classic,random-start,8x8,tf:109,tf:115,false,p2,accepted,,657609338,657611310828041,27
tf_policy_elo_616bc2f2_phase7_random_to40_2026-08-20,classic-random-8x8_g115_vs_g112.jsonl,classic-random-8x8,classic,random-start,8x8,tf:115,tf:112,true,p2,accepted,,657612338,657614310837014,0
tf_policy_elo_616bc2f2_phase7_random_to40_2026-08-20,classic-random-8x8_g115_vs_g112.jsonl,classic-random-8x8,classic,random-start,8x8,tf:112,tf:115,false,p1,accepted,,657612338,657614310837015,1
tf_policy_elo_616bc2f2_phase7_random_to40_2026-08-20,classic-random-8x8_g115_vs_g112.jsonl,classic-random-8x8,classic,random-start,8x8,tf:115,tf:112,true,p1,accepted,,657612338,657614310837016,2
tf_policy_elo_616bc2f2_phase7_random_to40_2026-08-20,classic-random-8x8_g115_vs_g112.jsonl,classic-random-8x8,classic,random-start,8x8,tf:112,tf:115,false,p1,accepted,,657612338,657614310837017,3
tf_policy_elo_616bc2f2_phase7_random_to40_2026-08-20,classic-random-8x8_g115_vs_g112.jsonl,classic-random-8x8,classic,random-start,8x8,tf:115,tf:112,true,p1,accepted,,657612338,657614310837018,4
tf_policy_elo_616bc2f2_phase7_random_to40_2026-08-20,classic-random-8x8_g115_vs_g112.jsonl,classic-random-8x8,classic,random-start,8x8,tf:112,tf:115,false,p1,accepted,,657612338,657614310837019,5
tf_policy_elo_616bc2f2_phase7_random_to40_2026-08-20,classic-random-8x8_g115_vs_g112.jsonl,classic-random-8x8,classic,random-start,8x8,tf:115,tf:112,true,p2,accepted,,657612338,657614310837020,6
tf_policy_elo_616bc2f2_phase7_random_to40_2026-08-20,classic-random-8x8_g115_vs_g112.jsonl,classic-random-8x8,classic,random-start,8x8,tf:112,tf:115,false,p2,accepted,,657612338,657614310837021,7
tf_policy_elo_616bc2f2_phase7_random_to40_2026-08-20,classic-random-8x8_g115_vs_g112.jsonl,classic-random-8x8,classic,random-start,8x8,tf:115,tf:112,true,p1,accepted,,657612338,657614310837022,8
tf_policy_elo_616bc2f2_phase7_random_to40_2026-08-20,classic-random-8x8_g115_vs_g112.jsonl,classic-random-8x8,classic,random-start,8x8,tf:112,tf:115,false,p2,accepted,,657612338,657614310837023,9
tf_policy_elo_616bc2f2_phase7_random_to40_2026-08-20,classic-random-8x8_g115_vs_g112.jsonl,classic-random-8x8,classic,random-start,8x8,tf:115,tf:112,true,p1,accepted,,657612338,657614310837024,10
tf_policy_elo_616bc2f2_phase7_random_to40_2026-08-20,classic-random-8x8_g115_vs_g112.jsonl,classic-random-8x8,classic,random-start,8x8,tf:112,tf:115,false,p1,accepted,,657612338,657614310837025,11
tf_policy_elo_616bc2f2_phase7_random_to40_2026-08-20,classic-random-8x8_g115_vs_g112.jsonl,classic-random-8x8,classic,random-start,8x8,tf:115,tf:112,true,p1,accepted,,657612338,657614310837026,12
tf_policy_elo_616bc2f2_phase7_random_to40_2026-08-20,classic-random-8x8_g115_vs_g112.jsonl,classic-random-8x8,classic,random-start,8x8,tf:112,tf:115,false,p1,accepted,,657612338,657614310837027,13
tf_policy_elo_616bc2f2_phase7_random_to40_2026-08-20,classic-random-8x8_g115_vs_g112.jsonl,classic-random-8x8,classic,random-start,8x8,tf:115,tf:112,true,p2,accepted,,657612338,657614310837028,14
tf_policy_elo_616bc2f2_phase7_random_to40_2026-08-20,classic-random-8x8_g115_vs_g112.jsonl,classic-random-8x8,classic,random-start,8x8,tf:112,tf:115,false,p2,accepted,,657612338,657614310837029,15
tf_policy_elo_616bc2f2_phase7_random_to40_2026-08-20,classic-random-8x8_g115_vs_g112.jsonl,classic-random-8x8,classic,random-start,8x8,tf:115,tf:112,true,p1,accepted,,657612338,657614310837030,16
tf_policy_elo_616bc2f2_phase7_random_to40_2026-08-20,classic-random-8x8_g115_vs_g112.jsonl,classic-random-8x8,classic,random-start,8x8,tf:112,tf:115,false,p1,accepted,,657612338,657614310837031,17
tf_policy_elo_616bc2f2_phase7_random_to40_2026-08-20,classic-random-8x8_g115_vs_g112.jsonl,classic-random-8x8,classic,random-start,8x8,tf:115,tf:112,true,p2,accepted,,657612338,657614310837032,18
tf_policy_elo_616bc2f2_phase7_random_to40_2026-08-20,classic-random-8x8_g115_vs_g112.jsonl,classic-random-8x8,classic,random-start,8x8,tf:112,tf:115,false,p1,accepted,,657612338,657614310837033,19
tf_policy_elo_616bc2f2_phase7_random_to40_2026-08-20,classic-random-8x8_g115_vs_g112.jsonl,classic-random-8x8,classic,random-start,8x8,tf:115,tf:112,true,p1,accepted,,657612338,657614310837034,20
tf_policy_elo_616bc2f2_phase7_random_to40_2026-08-20,classic-random-8x8_g115_vs_g112.jsonl,classic-random-8x8,classic,random-start,8x8,tf:112,tf:115,false,p1,accepted,,657612338,657614310837035,21
tf_policy_elo_616bc2f2_phase7_random_to40_2026-08-20,classic-random-8x8_g115_vs_g112.jsonl,classic-random-8x8,classic,random-start,8x8,tf:115,tf:112,true,p1,accepted,,657612338,657614310837036,22
tf_policy_elo_616bc2f2_phase7_random_to40_2026-08-20,classic-random-8x8_g115_vs_g112.jsonl,classic-random-8x8,classic,random-start,8x8,tf:112,tf:115,false,p2,accepted,,657612338,657614310837037,23
tf_policy_elo_616bc2f2_phase7_random_to40_2026-08-20,classic-random-8x8_g115_vs_g112.jsonl,classic-random-8x8,classic,random-start,8x8,tf:115,tf:112,true,p1,accepted,,657612338,657614310837038,24
tf_policy_elo_616bc2f2_phase7_random_to40_2026-08-20,classic-random-8x8_g115_vs_g112.jsonl,classic-random-8x8,classic,random-start,8x8,tf:112,tf:115,false,p2,accepted,,657612338,657614310837039,25
tf_policy_elo_616bc2f2_phase7_random_to40_2026-08-20,classic-random-8x8_g115_vs_g112.jsonl,classic-random-8x8,classic,random-start,8x8,tf:115,tf:112,true,p2,accepted,,657612338,657614310837040,26
tf_policy_elo_616bc2f2_phase7_random_to40_2026-08-20,classic-random-8x8_g115_vs_g112.jsonl,classic-random-8x8,classic,random-start,8x8,tf:112,tf:115,false,p1,accepted,,657612338,657614310837041,27
tf_policy_elo_616bc2f2_phase7_random_to40_2026-08-20,classic-random-8x8_g115_vs_g114.jsonl,classic-random-8x8,classic,random-start,8x8,tf:115,tf:114,true,p1,accepted,,657614338,657616310843014,0
tf_policy_elo_616bc2f2_phase7_random_to40_2026-08-20,classic-random-8x8_g115_vs_g114.jsonl,classic-random-8x8,classic,random-start,8x8,tf:114,tf:115,false,p2,accepted,,657614338,657616310843015,1
tf_policy_elo_616bc2f2_phase7_random_to40_2026-08-20,classic-random-8x8_g115_vs_g114.jsonl,classic-random-8x8,classic,random-start,8x8,tf:115,tf:114,true,p2,accepted,,657614338,657616310843016,2
tf_policy_elo_616bc2f2_phase7_random_to40_2026-08-20,classic-random-8x8_g115_vs_g114.jsonl,classic-random-8x8,classic,random-start,8x8,tf:114,tf:115,false,p2,accepted,,657614338,657616310843017,3
tf_policy_elo_616bc2f2_phase7_random_to40_2026-08-20,classic-random-8x8_g115_vs_g114.jsonl,classic-random-8x8,classic,random-start,8x8,tf:115,tf:114,true,p2,accepted,,657614338,657616310843018,4
tf_policy_elo_616bc2f2_phase7_random_to40_2026-08-20,classic-random-8x8_g115_vs_g114.jsonl,classic-random-8x8,classic,random-start,8x8,tf:114,tf:115,false,p1,accepted,,657614338,657616310843019,5
tf_policy_elo_616bc2f2_phase7_random_to40_2026-08-20,classic-random-8x8_g115_vs_g114.jsonl,classic-random-8x8,classic,random-start,8x8,tf:115,tf:114,true,p1,accepted,,657614338,657616310843020,6
tf_policy_elo_616bc2f2_phase7_random_to40_2026-08-20,classic-random-8x8_g115_vs_g114.jsonl,classic-random-8x8,classic,random-start,8x8,tf:114,tf:115,false,p1,accepted,,657614338,657616310843021,7
tf_policy_elo_616bc2f2_phase7_random_to40_2026-08-20,classic-random-8x8_g115_vs_g114.jsonl,classic-random-8x8,classic,random-start,8x8,tf:115,tf:114,true,p2,accepted,,657614338,657616310843022,8
tf_policy_elo_616bc2f2_phase7_random_to40_2026-08-20,classic-random-8x8_g115_vs_g114.jsonl,classic-random-8x8,classic,random-start,8x8,tf:114,tf:115,false,p2,accepted,,657614338,657616310843023,9
tf_policy_elo_616bc2f2_phase7_random_to40_2026-08-20,classic-random-8x8_g115_vs_g114.jsonl,classic-random-8x8,classic,random-start,8x8,tf:115,tf:114,true,p1,accepted,,657614338,657616310843024,10
tf_policy_elo_616bc2f2_phase7_random_to40_2026-08-20,classic-random-8x8_g115_vs_g114.jsonl,classic-random-8x8,classic,random-start,8x8,tf:114,tf:115,false,p2,accepted,,657614338,657616310843025,11
tf_policy_elo_616bc2f2_phase7_random_to40_2026-08-20,classic-random-8x8_g115_vs_g114.jsonl,classic-random-8x8,classic,random-start,8x8,tf:115,tf:114,true,p1,accepted,,657614338,657616310843026,12
tf_policy_elo_616bc2f2_phase7_random_to40_2026-08-20,classic-random-8x8_g115_vs_g114.jsonl,classic-random-8x8,classic,random-start,8x8,tf:114,tf:115,false,p1,accepted,,657614338,657616310843027,13
tf_policy_elo_616bc2f2_phase7_random_to40_2026-08-20,classic-random-8x8_g115_vs_g114.jsonl,classic-random-8x8,classic,random-start,8x8,tf:115,tf:114,true,p2,accepted,,657614338,657616310843028,14
tf_policy_elo_616bc2f2_phase7_random_to40_2026-08-20,classic-random-8x8_g115_vs_g114.jsonl,classic-random-8x8,classic,random-start,8x8,tf:114,tf:115,false,p1,accepted,,657614338,657616310843029,15
tf_policy_elo_616bc2f2_phase7_random_to40_2026-08-20,classic-random-8x8_g115_vs_g114.jsonl,classic-random-8x8,classic,random-start,8x8,tf:115,tf:114,true,p2,accepted,,657614338,657616310843030,16
tf_policy_elo_616bc2f2_phase7_random_to40_2026-08-20,classic-random-8x8_g115_vs_g114.jsonl,classic-random-8x8,classic,random-start,8x8,tf:114,tf:115,false,p1,accepted,,657614338,657616310843031,17
tf_policy_elo_616bc2f2_phase7_random_to40_2026-08-20,classic-random-8x8_g115_vs_g114.jsonl,classic-random-8x8,classic,random-start,8x8,tf:115,tf:114,true,p1,accepted,,657614338,657616310843032,18
tf_policy_elo_616bc2f2_phase7_random_to40_2026-08-20,classic-random-8x8_g115_vs_g114.jsonl,classic-random-8x8,classic,random-start,8x8,tf:114,tf:115,false,p1,accepted,,657614338,657616310843033,19
tf_policy_elo_616bc2f2_phase7_random_to40_2026-08-20,classic-random-8x8_g115_vs_g114.jsonl,classic-random-8x8,classic,random-start,8x8,tf:115,tf:114,true,p1,accepted,,657614338,657616310843034,20
tf_policy_elo_616bc2f2_phase7_random_to40_2026-08-20,classic-random-8x8_g115_vs_g114.jsonl,classic-random-8x8,classic,random-start,8x8,tf:114,tf:115,false,p2,accepted,,657614338,657616310843035,21
tf_policy_elo_616bc2f2_phase7_random_to40_2026-08-20,classic-random-8x8_g115_vs_g114.jsonl,classic-random-8x8,classic,random-start,8x8,tf:115,tf:114,true,p2,accepted,,657614338,657616310843036,22
tf_policy_elo_616bc2f2_phase7_random_to40_2026-08-20,classic-random-8x8_g115_vs_g114.jsonl,classic-random-8x8,classic,random-start,8x8,tf:114,tf:115,false,p1,accepted,,657614338,657616310843037,23
tf_policy_elo_616bc2f2_phase7_random_to40_2026-08-20,classic-random-8x8_g115_vs_g114.jsonl,classic-random-8x8,classic,random-start,8x8,tf:115,tf:114,true,p2,accepted,,657614338,657616310843038,24
tf_policy_elo_616bc2f2_phase7_random_to40_2026-08-20,classic-random-8x8_g115_vs_g114.jsonl,classic-random-8x8,classic,random-start,8x8,tf:114,tf:115,false,p1,accepted,,657614338,657616310843039,25
tf_policy_elo_616bc2f2_phase7_random_to40_2026-08-20,classic-random-8x8_g115_vs_g114.jsonl,classic-random-8x8,classic,random-start,8x8,tf:115,tf:114,true,p2,accepted,,657614338,657616310843040,26
tf_policy_elo_616bc2f2_phase7_random_to40_2026-08-20,classic-random-8x8_g115_vs_g114.jsonl,classic-random-8x8,classic,random-start,8x8,tf:114,tf:115,false,p1,accepted,,657614338,657616310843041,27
tf_policy_elo_616bc2f2_phase7_random_to40_2026-08-20,classic-random-8x8_g116_vs_g110.jsonl,classic-random-8x8,classic,random-start,8x8,tf:116,tf:110,true,p2,accepted,,657710338,657712311131014,0
tf_policy_elo_616bc2f2_phase7_random_to40_2026-08-20,classic-random-8x8_g116_vs_g110.jsonl,classic-random-8x8,classic,random-start,8x8,tf:110,tf:116,false,p2,accepted,,657710338,657712311131015,1
tf_policy_elo_616bc2f2_phase7_random_to40_2026-08-20,classic-random-8x8_g116_vs_g110.jsonl,classic-random-8x8,classic,random-start,8x8,tf:116,tf:110,true,p2,accepted,,657710338,657712311131016,2
tf_policy_elo_616bc2f2_phase7_random_to40_2026-08-20,classic-random-8x8_g116_vs_g110.jsonl,classic-random-8x8,classic,random-start,8x8,tf:110,tf:116,false,p1,accepted,,657710338,657712311131017,3
tf_policy_elo_616bc2f2_phase7_random_to40_2026-08-20,classic-random-8x8_g116_vs_g110.jsonl,classic-random-8x8,classic,random-start,8x8,tf:116,tf:110,true,p1,accepted,,657710338,657712311131018,4
tf_policy_elo_616bc2f2_phase7_random_to40_2026-08-20,classic-random-8x8_g116_vs_g110.jsonl,classic-random-8x8,classic,random-start,8x8,tf:110,tf:116,false,p1,accepted,,657710338,657712311131019,5
tf_policy_elo_616bc2f2_phase7_random_to40_2026-08-20,classic-random-8x8_g116_vs_g110.jsonl,classic-random-8x8,classic,random-start,8x8,tf:116,tf:110,true,p1,accepted,,657710338,657712311131020,6
tf_policy_elo_616bc2f2_phase7_random_to40_2026-08-20,classic-random-8x8_g116_vs_g110.jsonl,classic-random-8x8,classic,random-start,8x8,tf:110,tf:116,false,p1,accepted,,657710338,657712311131021,7
tf_policy_elo_616bc2f2_phase7_random_to40_2026-08-20,classic-random-8x8_g116_vs_g110.jsonl,classic-random-8x8,classic,random-start,8x8,tf:116,tf:110,true,p1,accepted,,657710338,657712311131022,8
tf_policy_elo_616bc2f2_phase7_random_to40_2026-08-20,classic-random-8x8_g116_vs_g110.jsonl,classic-random-8x8,classic,random-start,8x8,tf:110,tf:116,false,p1,accepted,,657710338,657712311131023,9
tf_policy_elo_616bc2f2_phase7_random_to40_2026-08-20,classic-random-8x8_g116_vs_g110.jsonl,classic-random-8x8,classic,random-start,8x8,tf:116,tf:110,true,p1,accepted,,657710338,657712311131024,10
tf_policy_elo_616bc2f2_phase7_random_to40_2026-08-20,classic-random-8x8_g116_vs_g110.jsonl,classic-random-8x8,classic,random-start,8x8,tf:110,tf:116,false,p1,accepted,,657710338,657712311131025,11
tf_policy_elo_616bc2f2_phase7_random_to40_2026-08-20,classic-random-8x8_g116_vs_g110.jsonl,classic-random-8x8,classic,random-start,8x8,tf:116,tf:110,true,p2,accepted,,657710338,657712311131026,12
tf_policy_elo_616bc2f2_phase7_random_to40_2026-08-20,classic-random-8x8_g116_vs_g110.jsonl,classic-random-8x8,classic,random-start,8x8,tf:110,tf:116,false,p1,accepted,,657710338,657712311131027,13
tf_policy_elo_616bc2f2_phase7_random_to40_2026-08-20,classic-random-8x8_g116_vs_g110.jsonl,classic-random-8x8,classic,random-start,8x8,tf:116,tf:110,true,p1,accepted,,657710338,657712311131028,14
tf_policy_elo_616bc2f2_phase7_random_to40_2026-08-20,classic-random-8x8_g116_vs_g110.jsonl,classic-random-8x8,classic,random-start,8x8,tf:110,tf:116,false,p1,accepted,,657710338,657712311131029,15
tf_policy_elo_616bc2f2_phase7_random_to40_2026-08-20,classic-random-8x8_g116_vs_g110.jsonl,classic-random-8x8,classic,random-start,8x8,tf:116,tf:110,true,p1,accepted,,657710338,657712311131030,16
tf_policy_elo_616bc2f2_phase7_random_to40_2026-08-20,classic-random-8x8_g116_vs_g110.jsonl,classic-random-8x8,classic,random-start,8x8,tf:110,tf:116,false,p2,accepted,,657710338,657712311131031,17
tf_policy_elo_616bc2f2_phase7_random_to40_2026-08-20,classic-random-8x8_g116_vs_g110.jsonl,classic-random-8x8,classic,random-start,8x8,tf:116,tf:110,true,p2,accepted,,657710338,657712311131032,18
tf_policy_elo_616bc2f2_phase7_random_to40_2026-08-20,classic-random-8x8_g116_vs_g110.jsonl,classic-random-8x8,classic,random-start,8x8,tf:110,tf:116,false,p2,accepted,,657710338,657712311131033,19
tf_policy_elo_616bc2f2_phase7_random_to40_2026-08-20,classic-random-8x8_g116_vs_g110.jsonl,classic-random-8x8,classic,random-start,8x8,tf:116,tf:110,true,p1,accepted,,657710338,657712311131034,20
tf_policy_elo_616bc2f2_phase7_random_to40_2026-08-20,classic-random-8x8_g116_vs_g110.jsonl,classic-random-8x8,classic,random-start,8x8,tf:110,tf:116,false,p1,accepted,,657710338,657712311131035,21
tf_policy_elo_616bc2f2_phase7_random_to40_2026-08-20,classic-random-8x8_g116_vs_g110.jsonl,classic-random-8x8,classic,random-start,8x8,tf:116,tf:110,true,p2,accepted,,657710338,657712311131036,22
tf_policy_elo_616bc2f2_phase7_random_to40_2026-08-20,classic-random-8x8_g116_vs_g110.jsonl,classic-random-8x8,classic,random-start,8x8,tf:110,tf:116,false,p1,accepted,,657710338,657712311131037,23
tf_policy_elo_616bc2f2_phase7_random_to40_2026-08-20,classic-random-8x8_g116_vs_g110.jsonl,classic-random-8x8,classic,random-start,8x8,tf:116,tf:110,true,p2,accepted,,657710338,657712311131038,24
tf_policy_elo_616bc2f2_phase7_random_to40_2026-08-20,classic-random-8x8_g116_vs_g110.jsonl,classic-random-8x8,classic,random-start,8x8,tf:110,tf:116,false,p1,accepted,,657710338,657712311131039,25
tf_policy_elo_616bc2f2_phase7_random_to40_2026-08-20,classic-random-8x8_g116_vs_g110.jsonl,classic-random-8x8,classic,random-start,8x8,tf:116,tf:110,true,p1,accepted,,657710338,657712311131040,26
tf_policy_elo_616bc2f2_phase7_random_to40_2026-08-20,classic-random-8x8_g116_vs_g110.jsonl,classic-random-8x8,classic,random-start,8x8,tf:110,tf:116,false,p1,accepted,,657710338,657712311131041,27
tf_policy_elo_616bc2f2_phase7_random_to40_2026-08-20,classic-random-8x8_g116_vs_g113.jsonl,classic-random-8x8,classic,random-start,8x8,tf:116,tf:113,true,p1,accepted,,657713338,657715311140014,0
tf_policy_elo_616bc2f2_phase7_random_to40_2026-08-20,classic-random-8x8_g116_vs_g113.jsonl,classic-random-8x8,classic,random-start,8x8,tf:113,tf:116,false,p1,accepted,,657713338,657715311140015,1
tf_policy_elo_616bc2f2_phase7_random_to40_2026-08-20,classic-random-8x8_g116_vs_g113.jsonl,classic-random-8x8,classic,random-start,8x8,tf:116,tf:113,true,p1,accepted,,657713338,657715311140016,2
tf_policy_elo_616bc2f2_phase7_random_to40_2026-08-20,classic-random-8x8_g116_vs_g113.jsonl,classic-random-8x8,classic,random-start,8x8,tf:113,tf:116,false,p1,accepted,,657713338,657715311140017,3
tf_policy_elo_616bc2f2_phase7_random_to40_2026-08-20,classic-random-8x8_g116_vs_g113.jsonl,classic-random-8x8,classic,random-start,8x8,tf:116,tf:113,true,p2,accepted,,657713338,657715311140018,4
tf_policy_elo_616bc2f2_phase7_random_to40_2026-08-20,classic-random-8x8_g116_vs_g113.jsonl,classic-random-8x8,classic,random-start,8x8,tf:113,tf:116,false,p1,accepted,,657713338,657715311140019,5
tf_policy_elo_616bc2f2_phase7_random_to40_2026-08-20,classic-random-8x8_g116_vs_g113.jsonl,classic-random-8x8,classic,random-start,8x8,tf:116,tf:113,true,p1,accepted,,657713338,657715311140020,6
tf_policy_elo_616bc2f2_phase7_random_to40_2026-08-20,classic-random-8x8_g116_vs_g113.jsonl,classic-random-8x8,classic,random-start,8x8,tf:113,tf:116,false,p1,accepted,,657713338,657715311140021,7
tf_policy_elo_616bc2f2_phase7_random_to40_2026-08-20,classic-random-8x8_g116_vs_g113.jsonl,classic-random-8x8,classic,random-start,8x8,tf:116,tf:113,true,p2,accepted,,657713338,657715311140022,8
tf_policy_elo_616bc2f2_phase7_random_to40_2026-08-20,classic-random-8x8_g116_vs_g113.jsonl,classic-random-8x8,classic,random-start,8x8,tf:113,tf:116,false,p1,accepted,,657713338,657715311140023,9
tf_policy_elo_616bc2f2_phase7_random_to40_2026-08-20,classic-random-8x8_g116_vs_g113.jsonl,classic-random-8x8,classic,random-start,8x8,tf:116,tf:113,true,p1,accepted,,657713338,657715311140024,10
tf_policy_elo_616bc2f2_phase7_random_to40_2026-08-20,classic-random-8x8_g116_vs_g113.jsonl,classic-random-8x8,classic,random-start,8x8,tf:113,tf:116,false,p1,accepted,,657713338,657715311140025,11
tf_policy_elo_616bc2f2_phase7_random_to40_2026-08-20,classic-random-8x8_g116_vs_g113.jsonl,classic-random-8x8,classic,random-start,8x8,tf:116,tf:113,true,p2,accepted,,657713338,657715311140026,12
tf_policy_elo_616bc2f2_phase7_random_to40_2026-08-20,classic-random-8x8_g116_vs_g113.jsonl,classic-random-8x8,classic,random-start,8x8,tf:113,tf:116,false,p1,accepted,,657713338,657715311140027,13
tf_policy_elo_616bc2f2_phase7_random_to40_2026-08-20,classic-random-8x8_g116_vs_g113.jsonl,classic-random-8x8,classic,random-start,8x8,tf:116,tf:113,true,p2,accepted,,657713338,657715311140028,14
tf_policy_elo_616bc2f2_phase7_random_to40_2026-08-20,classic-random-8x8_g116_vs_g113.jsonl,classic-random-8x8,classic,random-start,8x8,tf:113,tf:116,false,p1,accepted,,657713338,657715311140029,15
tf_policy_elo_616bc2f2_phase7_random_to40_2026-08-20,classic-random-8x8_g116_vs_g113.jsonl,classic-random-8x8,classic,random-start,8x8,tf:116,tf:113,true,p2,accepted,,657713338,657715311140030,16
tf_policy_elo_616bc2f2_phase7_random_to40_2026-08-20,classic-random-8x8_g116_vs_g113.jsonl,classic-random-8x8,classic,random-start,8x8,tf:113,tf:116,false,p1,accepted,,657713338,657715311140031,17
tf_policy_elo_616bc2f2_phase7_random_to40_2026-08-20,classic-random-8x8_g116_vs_g113.jsonl,classic-random-8x8,classic,random-start,8x8,tf:116,tf:113,true,p1,accepted,,657713338,657715311140032,18
tf_policy_elo_616bc2f2_phase7_random_to40_2026-08-20,classic-random-8x8_g116_vs_g113.jsonl,classic-random-8x8,classic,random-start,8x8,tf:113,tf:116,false,p1,accepted,,657713338,657715311140033,19
tf_policy_elo_616bc2f2_phase7_random_to40_2026-08-20,classic-random-8x8_g116_vs_g113.jsonl,classic-random-8x8,classic,random-start,8x8,tf:116,tf:113,true,p1,accepted,,657713338,657715311140034,20
tf_policy_elo_616bc2f2_phase7_random_to40_2026-08-20,classic-random-8x8_g116_vs_g113.jsonl,classic-random-8x8,classic,random-start,8x8,tf:113,tf:116,false,p1,accepted,,657713338,657715311140035,21
tf_policy_elo_616bc2f2_phase7_random_to40_2026-08-20,classic-random-8x8_g116_vs_g113.jsonl,classic-random-8x8,classic,random-start,8x8,tf:116,tf:113,true,p1,accepted,,657713338,657715311140036,22
tf_policy_elo_616bc2f2_phase7_random_to40_2026-08-20,classic-random-8x8_g116_vs_g113.jsonl,classic-random-8x8,classic,random-start,8x8,tf:113,tf:116,false,p1,accepted,,657713338,657715311140037,23
tf_policy_elo_616bc2f2_phase7_random_to40_2026-08-20,classic-random-8x8_g116_vs_g113.jsonl,classic-random-8x8,classic,random-start,8x8,tf:116,tf:113,true,p2,accepted,,657713338,657715311140038,24
tf_policy_elo_616bc2f2_phase7_random_to40_2026-08-20,classic-random-8x8_g116_vs_g113.jsonl,classic-random-8x8,classic,random-start,8x8,tf:113,tf:116,false,p1,accepted,,657713338,657715311140039,25
tf_policy_elo_616bc2f2_phase7_random_to40_2026-08-20,classic-random-8x8_g116_vs_g113.jsonl,classic-random-8x8,classic,random-start,8x8,tf:116,tf:113,true,p1,accepted,,657713338,657715311140040,26
tf_policy_elo_616bc2f2_phase7_random_to40_2026-08-20,classic-random-8x8_g116_vs_g113.jsonl,classic-random-8x8,classic,random-start,8x8,tf:113,tf:116,false,p1,accepted,,657713338,657715311140041,27
tf_policy_elo_616bc2f2_phase7_random_to40_2026-08-20,classic-random-8x8_g116_vs_g115.jsonl,classic-random-8x8,classic,random-start,8x8,tf:116,tf:115,true,p2,accepted,,657715338,657717311146014,0
tf_policy_elo_616bc2f2_phase7_random_to40_2026-08-20,classic-random-8x8_g116_vs_g115.jsonl,classic-random-8x8,classic,random-start,8x8,tf:115,tf:116,false,p2,accepted,,657715338,657717311146015,1
tf_policy_elo_616bc2f2_phase7_random_to40_2026-08-20,classic-random-8x8_g116_vs_g115.jsonl,classic-random-8x8,classic,random-start,8x8,tf:116,tf:115,true,p2,accepted,,657715338,657717311146016,2
tf_policy_elo_616bc2f2_phase7_random_to40_2026-08-20,classic-random-8x8_g116_vs_g115.jsonl,classic-random-8x8,classic,random-start,8x8,tf:115,tf:116,false,p1,accepted,,657715338,657717311146017,3
tf_policy_elo_616bc2f2_phase7_random_to40_2026-08-20,classic-random-8x8_g116_vs_g115.jsonl,classic-random-8x8,classic,random-start,8x8,tf:116,tf:115,true,p1,accepted,,657715338,657717311146018,4
tf_policy_elo_616bc2f2_phase7_random_to40_2026-08-20,classic-random-8x8_g116_vs_g115.jsonl,classic-random-8x8,classic,random-start,8x8,tf:115,tf:116,false,p2,accepted,,657715338,657717311146019,5
tf_policy_elo_616bc2f2_phase7_random_to40_2026-08-20,classic-random-8x8_g116_vs_g115.jsonl,classic-random-8x8,classic,random-start,8x8,tf:116,tf:115,true,p1,accepted,,657715338,657717311146020,6
tf_policy_elo_616bc2f2_phase7_random_to40_2026-08-20,classic-random-8x8_g116_vs_g115.jsonl,classic-random-8x8,classic,random-start,8x8,tf:115,tf:116,false,p2,accepted,,657715338,657717311146021,7
tf_policy_elo_616bc2f2_phase7_random_to40_2026-08-20,classic-random-8x8_g116_vs_g115.jsonl,classic-random-8x8,classic,random-start,8x8,tf:116,tf:115,true,p1,accepted,,657715338,657717311146022,8
tf_policy_elo_616bc2f2_phase7_random_to40_2026-08-20,classic-random-8x8_g116_vs_g115.jsonl,classic-random-8x8,classic,random-start,8x8,tf:115,tf:116,false,p1,accepted,,657715338,657717311146023,9
tf_policy_elo_616bc2f2_phase7_random_to40_2026-08-20,classic-random-8x8_g116_vs_g115.jsonl,classic-random-8x8,classic,random-start,8x8,tf:116,tf:115,true,p2,accepted,,657715338,657717311146024,10
tf_policy_elo_616bc2f2_phase7_random_to40_2026-08-20,classic-random-8x8_g116_vs_g115.jsonl,classic-random-8x8,classic,random-start,8x8,tf:115,tf:116,false,p2,accepted,,657715338,657717311146025,11
tf_policy_elo_616bc2f2_phase7_random_to40_2026-08-20,classic-random-8x8_g116_vs_g115.jsonl,classic-random-8x8,classic,random-start,8x8,tf:116,tf:115,true,p2,accepted,,657715338,657717311146026,12
tf_policy_elo_616bc2f2_phase7_random_to40_2026-08-20,classic-random-8x8_g116_vs_g115.jsonl,classic-random-8x8,classic,random-start,8x8,tf:115,tf:116,false,p2,accepted,,657715338,657717311146027,13
tf_policy_elo_616bc2f2_phase7_random_to40_2026-08-20,classic-random-8x8_g116_vs_g115.jsonl,classic-random-8x8,classic,random-start,8x8,tf:116,tf:115,true,p2,accepted,,657715338,657717311146028,14
tf_policy_elo_616bc2f2_phase7_random_to40_2026-08-20,classic-random-8x8_g116_vs_g115.jsonl,classic-random-8x8,classic,random-start,8x8,tf:115,tf:116,false,p2,accepted,,657715338,657717311146029,15
tf_policy_elo_616bc2f2_phase7_random_to40_2026-08-20,classic-random-8x8_g116_vs_g115.jsonl,classic-random-8x8,classic,random-start,8x8,tf:116,tf:115,true,p1,accepted,,657715338,657717311146030,16
tf_policy_elo_616bc2f2_phase7_random_to40_2026-08-20,classic-random-8x8_g116_vs_g115.jsonl,classic-random-8x8,classic,random-start,8x8,tf:115,tf:116,false,p1,accepted,,657715338,657717311146031,17
tf_policy_elo_616bc2f2_phase7_random_to40_2026-08-20,classic-random-8x8_g116_vs_g115.jsonl,classic-random-8x8,classic,random-start,8x8,tf:116,tf:115,true,p2,accepted,,657715338,657717311146032,18
tf_policy_elo_616bc2f2_phase7_random_to40_2026-08-20,classic-random-8x8_g116_vs_g115.jsonl,classic-random-8x8,classic,random-start,8x8,tf:115,tf:116,false,p2,accepted,,657715338,657717311146033,19
tf_policy_elo_616bc2f2_phase7_random_to40_2026-08-20,classic-random-8x8_g116_vs_g115.jsonl,classic-random-8x8,classic,random-start,8x8,tf:116,tf:115,true,p2,accepted,,657715338,657717311146034,20
tf_policy_elo_616bc2f2_phase7_random_to40_2026-08-20,classic-random-8x8_g116_vs_g115.jsonl,classic-random-8x8,classic,random-start,8x8,tf:115,tf:116,false,p1,accepted,,657715338,657717311146035,21
tf_policy_elo_616bc2f2_phase7_random_to40_2026-08-20,classic-random-8x8_g116_vs_g115.jsonl,classic-random-8x8,classic,random-start,8x8,tf:116,tf:115,true,p2,accepted,,657715338,657717311146036,22
tf_policy_elo_616bc2f2_phase7_random_to40_2026-08-20,classic-random-8x8_g116_vs_g115.jsonl,classic-random-8x8,classic,random-start,8x8,tf:115,tf:116,false,p1,accepted,,657715338,657717311146037,23
tf_policy_elo_616bc2f2_phase7_random_to40_2026-08-20,classic-random-8x8_g116_vs_g115.jsonl,classic-random-8x8,classic,random-start,8x8,tf:116,tf:115,true,p1,accepted,,657715338,657717311146038,24
tf_policy_elo_616bc2f2_phase7_random_to40_2026-08-20,classic-random-8x8_g116_vs_g115.jsonl,classic-random-8x8,classic,random-start,8x8,tf:115,tf:116,false,p2,accepted,,657715338,657717311146039,25
tf_policy_elo_616bc2f2_phase7_random_to40_2026-08-20,classic-random-8x8_g116_vs_g115.jsonl,classic-random-8x8,classic,random-start,8x8,tf:116,tf:115,true,p1,accepted,,657715338,657717311146040,26
tf_policy_elo_616bc2f2_phase7_random_to40_2026-08-20,classic-random-8x8_g116_vs_g115.jsonl,classic-random-8x8,classic,random-start,8x8,tf:115,tf:116,false,p1,accepted,,657715338,657717311146041,27
tf_policy_elo_616bc2f2_phase7_random_to40_2026-08-20,classic-random-8x8_g94_vs_g93.jsonl,classic-random-8x8,classic,random-start,8x8,tf:94,tf:93,true,p1,accepted,,655493338,655495304480014,0
tf_policy_elo_616bc2f2_phase7_random_to40_2026-08-20,classic-random-8x8_g94_vs_g93.jsonl,classic-random-8x8,classic,random-start,8x8,tf:93,tf:94,false,p2,accepted,,655493338,655495304480015,1
tf_policy_elo_616bc2f2_phase7_random_to40_2026-08-20,classic-random-8x8_g94_vs_g93.jsonl,classic-random-8x8,classic,random-start,8x8,tf:94,tf:93,true,p1,accepted,,655493338,655495304480016,2
tf_policy_elo_616bc2f2_phase7_random_to40_2026-08-20,classic-random-8x8_g94_vs_g93.jsonl,classic-random-8x8,classic,random-start,8x8,tf:93,tf:94,false,p1,accepted,,655493338,655495304480017,3
tf_policy_elo_616bc2f2_phase7_random_to40_2026-08-20,classic-random-8x8_g94_vs_g93.jsonl,classic-random-8x8,classic,random-start,8x8,tf:94,tf:93,true,p2,accepted,,655493338,655495304480018,4
tf_policy_elo_616bc2f2_phase7_random_to40_2026-08-20,classic-random-8x8_g94_vs_g93.jsonl,classic-random-8x8,classic,random-start,8x8,tf:93,tf:94,false,p1,accepted,,655493338,655495304480019,5
tf_policy_elo_616bc2f2_phase7_random_to40_2026-08-20,classic-random-8x8_g94_vs_g93.jsonl,classic-random-8x8,classic,random-start,8x8,tf:94,tf:93,true,p1,accepted,,655493338,655495304480020,6
tf_policy_elo_616bc2f2_phase7_random_to40_2026-08-20,classic-random-8x8_g94_vs_g93.jsonl,classic-random-8x8,classic,random-start,8x8,tf:93,tf:94,false,p2,accepted,,655493338,655495304480021,7
tf_policy_elo_616bc2f2_phase7_random_to40_2026-08-20,classic-random-8x8_g94_vs_g93.jsonl,classic-random-8x8,classic,random-start,8x8,tf:94,tf:93,true,p1,accepted,,655493338,655495304480022,8
tf_policy_elo_616bc2f2_phase7_random_to40_2026-08-20,classic-random-8x8_g94_vs_g93.jsonl,classic-random-8x8,classic,random-start,8x8,tf:93,tf:94,false,p1,accepted,,655493338,655495304480023,9
tf_policy_elo_616bc2f2_phase7_random_to40_2026-08-20,classic-random-8x8_g94_vs_g93.jsonl,classic-random-8x8,classic,random-start,8x8,tf:94,tf:93,true,p1,accepted,,655493338,655495304480024,10
tf_policy_elo_616bc2f2_phase7_random_to40_2026-08-20,classic-random-8x8_g94_vs_g93.jsonl,classic-random-8x8,classic,random-start,8x8,tf:93,tf:94,false,p1,accepted,,655493338,655495304480025,11
tf_policy_elo_616bc2f2_phase7_random_to40_2026-08-20,classic-random-8x8_g94_vs_g93.jsonl,classic-random-8x8,classic,random-start,8x8,tf:94,tf:93,true,p1,accepted,,655493338,655495304480026,12
tf_policy_elo_616bc2f2_phase7_random_to40_2026-08-20,classic-random-8x8_g94_vs_g93.jsonl,classic-random-8x8,classic,random-start,8x8,tf:93,tf:94,false,p1,accepted,,655493338,655495304480027,13
tf_policy_elo_616bc2f2_phase7_random_to40_2026-08-20,classic-random-8x8_g94_vs_g93.jsonl,classic-random-8x8,classic,random-start,8x8,tf:94,tf:93,true,p2,accepted,,655493338,655495304480028,14
tf_policy_elo_616bc2f2_phase7_random_to40_2026-08-20,classic-random-8x8_g94_vs_g93.jsonl,classic-random-8x8,classic,random-start,8x8,tf:93,tf:94,false,p1,accepted,,655493338,655495304480029,15
tf_policy_elo_616bc2f2_phase7_random_to40_2026-08-20,classic-random-8x8_g94_vs_g93.jsonl,classic-random-8x8,classic,random-start,8x8,tf:94,tf:93,true,p1,accepted,,655493338,655495304480030,16
tf_policy_elo_616bc2f2_phase7_random_to40_2026-08-20,classic-random-8x8_g94_vs_g93.jsonl,classic-random-8x8,classic,random-start,8x8,tf:93,tf:94,false,p1,accepted,,655493338,655495304480031,17
tf_policy_elo_616bc2f2_phase7_random_to40_2026-08-20,classic-random-8x8_g94_vs_g93.jsonl,classic-random-8x8,classic,random-start,8x8,tf:94,tf:93,true,p1,accepted,,655493338,655495304480032,18
tf_policy_elo_616bc2f2_phase7_random_to40_2026-08-20,classic-random-8x8_g94_vs_g93.jsonl,classic-random-8x8,classic,random-start,8x8,tf:93,tf:94,false,p2,accepted,,655493338,655495304480033,19
tf_policy_elo_616bc2f2_phase7_random_to40_2026-08-20,classic-random-8x8_g94_vs_g93.jsonl,classic-random-8x8,classic,random-start,8x8,tf:94,tf:93,true,p1,accepted,,655493338,655495304480034,20
tf_policy_elo_616bc2f2_phase7_random_to40_2026-08-20,classic-random-8x8_g94_vs_g93.jsonl,classic-random-8x8,classic,random-start,8x8,tf:93,tf:94,false,p2,accepted,,655493338,655495304480035,21
tf_policy_elo_616bc2f2_phase7_random_to40_2026-08-20,classic-random-8x8_g94_vs_g93.jsonl,classic-random-8x8,classic,random-start,8x8,tf:94,tf:93,true,p1,accepted,,655493338,655495304480036,22
tf_policy_elo_616bc2f2_phase7_random_to40_2026-08-20,classic-random-8x8_g94_vs_g93.jsonl,classic-random-8x8,classic,random-start,8x8,tf:93,tf:94,false,p1,accepted,,655493338,655495304480037,23
tf_policy_elo_616bc2f2_phase7_random_to40_2026-08-20,classic-random-8x8_g94_vs_g93.jsonl,classic-random-8x8,classic,random-start,8x8,tf:94,tf:93,true,p1,accepted,,655493338,655495304480038,24
tf_policy_elo_616bc2f2_phase7_random_to40_2026-08-20,classic-random-8x8_g94_vs_g93.jsonl,classic-random-8x8,classic,random-start,8x8,tf:93,tf:94,false,p2,accepted,,655493338,655495304480039,25
tf_policy_elo_616bc2f2_phase7_random_to40_2026-08-20,classic-random-8x8_g94_vs_g93.jsonl,classic-random-8x8,classic,random-start,8x8,tf:94,tf:93,true,p1,accepted,,655493338,655495304480040,26
tf_policy_elo_616bc2f2_phase7_random_to40_2026-08-20,classic-random-8x8_g94_vs_g93.jsonl,classic-random-8x8,classic,random-start,8x8,tf:93,tf:94,false,p2,accepted,,655493338,655495304480041,27
tf_policy_elo_616bc2f2_phase7_random_to40_2026-08-20,classic-random-8x8_g95_vs_g93.jsonl,classic-random-8x8,classic,random-start,8x8,tf:95,tf:93,true,p1,accepted,,655593338,655595304780014,0
tf_policy_elo_616bc2f2_phase7_random_to40_2026-08-20,classic-random-8x8_g95_vs_g93.jsonl,classic-random-8x8,classic,random-start,8x8,tf:93,tf:95,false,p1,accepted,,655593338,655595304780015,1
tf_policy_elo_616bc2f2_phase7_random_to40_2026-08-20,classic-random-8x8_g95_vs_g93.jsonl,classic-random-8x8,classic,random-start,8x8,tf:95,tf:93,true,p1,accepted,,655593338,655595304780016,2
tf_policy_elo_616bc2f2_phase7_random_to40_2026-08-20,classic-random-8x8_g95_vs_g93.jsonl,classic-random-8x8,classic,random-start,8x8,tf:93,tf:95,false,p1,accepted,,655593338,655595304780017,3
tf_policy_elo_616bc2f2_phase7_random_to40_2026-08-20,classic-random-8x8_g95_vs_g93.jsonl,classic-random-8x8,classic,random-start,8x8,tf:95,tf:93,true,p1,accepted,,655593338,655595304780018,4
tf_policy_elo_616bc2f2_phase7_random_to40_2026-08-20,classic-random-8x8_g95_vs_g93.jsonl,classic-random-8x8,classic,random-start,8x8,tf:93,tf:95,false,p1,accepted,,655593338,655595304780019,5
tf_policy_elo_616bc2f2_phase7_random_to40_2026-08-20,classic-random-8x8_g95_vs_g93.jsonl,classic-random-8x8,classic,random-start,8x8,tf:95,tf:93,true,p2,accepted,,655593338,655595304780020,6
tf_policy_elo_616bc2f2_phase7_random_to40_2026-08-20,classic-random-8x8_g95_vs_g93.jsonl,classic-random-8x8,classic,random-start,8x8,tf:93,tf:95,false,p2,accepted,,655593338,655595304780021,7
tf_policy_elo_616bc2f2_phase7_random_to40_2026-08-20,classic-random-8x8_g95_vs_g93.jsonl,classic-random-8x8,classic,random-start,8x8,tf:95,tf:93,true,p2,accepted,,655593338,655595304780022,8
tf_policy_elo_616bc2f2_phase7_random_to40_2026-08-20,classic-random-8x8_g95_vs_g93.jsonl,classic-random-8x8,classic,random-start,8x8,tf:93,tf:95,false,p2,accepted,,655593338,655595304780023,9
tf_policy_elo_616bc2f2_phase7_random_to40_2026-08-20,classic-random-8x8_g95_vs_g93.jsonl,classic-random-8x8,classic,random-start,8x8,tf:95,tf:93,true,p1,accepted,,655593338,655595304780024,10
tf_policy_elo_616bc2f2_phase7_random_to40_2026-08-20,classic-random-8x8_g95_vs_g93.jsonl,classic-random-8x8,classic,random-start,8x8,tf:93,tf:95,false,p1,accepted,,655593338,655595304780025,11
tf_policy_elo_616bc2f2_phase7_random_to40_2026-08-20,classic-random-8x8_g95_vs_g93.jsonl,classic-random-8x8,classic,random-start,8x8,tf:95,tf:93,true,p1,accepted,,655593338,655595304780026,12
tf_policy_elo_616bc2f2_phase7_random_to40_2026-08-20,classic-random-8x8_g95_vs_g93.jsonl,classic-random-8x8,classic,random-start,8x8,tf:93,tf:95,false,p1,accepted,,655593338,655595304780027,13
tf_policy_elo_616bc2f2_phase7_random_to40_2026-08-20,classic-random-8x8_g95_vs_g93.jsonl,classic-random-8x8,classic,random-start,8x8,tf:95,tf:93,true,p1,accepted,,655593338,655595304780028,14
tf_policy_elo_616bc2f2_phase7_random_to40_2026-08-20,classic-random-8x8_g95_vs_g93.jsonl,classic-random-8x8,classic,random-start,8x8,tf:93,tf:95,false,p1,accepted,,655593338,655595304780029,15
tf_policy_elo_616bc2f2_phase7_random_to40_2026-08-20,classic-random-8x8_g95_vs_g93.jsonl,classic-random-8x8,classic,random-start,8x8,tf:95,tf:93,true,p1,accepted,,655593338,655595304780030,16
tf_policy_elo_616bc2f2_phase7_random_to40_2026-08-20,classic-random-8x8_g95_vs_g93.jsonl,classic-random-8x8,classic,random-start,8x8,tf:93,tf:95,false,p1,accepted,,655593338,655595304780031,17
tf_policy_elo_616bc2f2_phase7_random_to40_2026-08-20,classic-random-8x8_g95_vs_g93.jsonl,classic-random-8x8,classic,random-start,8x8,tf:95,tf:93,true,p2,accepted,,655593338,655595304780032,18
tf_policy_elo_616bc2f2_phase7_random_to40_2026-08-20,classic-random-8x8_g95_vs_g93.jsonl,classic-random-8x8,classic,random-start,8x8,tf:93,tf:95,false,p1,accepted,,655593338,655595304780033,19
tf_policy_elo_616bc2f2_phase7_random_to40_2026-08-20,classic-random-8x8_g95_vs_g93.jsonl,classic-random-8x8,classic,random-start,8x8,tf:95,tf:93,true,p1,accepted,,655593338,655595304780034,20
tf_policy_elo_616bc2f2_phase7_random_to40_2026-08-20,classic-random-8x8_g95_vs_g93.jsonl,classic-random-8x8,classic,random-start,8x8,tf:93,tf:95,false,p1,accepted,,655593338,655595304780035,21
tf_policy_elo_616bc2f2_phase7_random_to40_2026-08-20,classic-random-8x8_g95_vs_g93.jsonl,classic-random-8x8,classic,random-start,8x8,tf:95,tf:93,true,p2,accepted,,655593338,655595304780036,22
tf_policy_elo_616bc2f2_phase7_random_to40_2026-08-20,classic-random-8x8_g95_vs_g93.jsonl,classic-random-8x8,classic,random-start,8x8,tf:93,tf:95,false,p1,accepted,,655593338,655595304780037,23
tf_policy_elo_616bc2f2_phase7_random_to40_2026-08-20,classic-random-8x8_g95_vs_g93.jsonl,classic-random-8x8,classic,random-start,8x8,tf:95,tf:93,true,p1,accepted,,655593338,655595304780038,24
tf_policy_elo_616bc2f2_phase7_random_to40_2026-08-20,classic-random-8x8_g95_vs_g93.jsonl,classic-random-8x8,classic,random-start,8x8,tf:93,tf:95,false,p1,accepted,,655593338,655595304780039,25
tf_policy_elo_616bc2f2_phase7_random_to40_2026-08-20,classic-random-8x8_g95_vs_g93.jsonl,classic-random-8x8,classic,random-start,8x8,tf:95,tf:93,true,p1,accepted,,655593338,655595304780040,26
tf_policy_elo_616bc2f2_phase7_random_to40_2026-08-20,classic-random-8x8_g95_vs_g93.jsonl,classic-random-8x8,classic,random-start,8x8,tf:93,tf:95,false,p1,accepted,,655593338,655595304780041,27
tf_policy_elo_616bc2f2_phase7_random_to40_2026-08-20,classic-random-8x8_g95_vs_g94.jsonl,classic-random-8x8,classic,random-start,8x8,tf:95,tf:94,true,p1,accepted,,655594338,655596304783014,0
tf_policy_elo_616bc2f2_phase7_random_to40_2026-08-20,classic-random-8x8_g95_vs_g94.jsonl,classic-random-8x8,classic,random-start,8x8,tf:94,tf:95,false,p1,accepted,,655594338,655596304783015,1
tf_policy_elo_616bc2f2_phase7_random_to40_2026-08-20,classic-random-8x8_g95_vs_g94.jsonl,classic-random-8x8,classic,random-start,8x8,tf:95,tf:94,true,p1,accepted,,655594338,655596304783016,2
tf_policy_elo_616bc2f2_phase7_random_to40_2026-08-20,classic-random-8x8_g95_vs_g94.jsonl,classic-random-8x8,classic,random-start,8x8,tf:94,tf:95,false,p1,accepted,,655594338,655596304783017,3
tf_policy_elo_616bc2f2_phase7_random_to40_2026-08-20,classic-random-8x8_g95_vs_g94.jsonl,classic-random-8x8,classic,random-start,8x8,tf:95,tf:94,true,p1,accepted,,655594338,655596304783018,4
tf_policy_elo_616bc2f2_phase7_random_to40_2026-08-20,classic-random-8x8_g95_vs_g94.jsonl,classic-random-8x8,classic,random-start,8x8,tf:94,tf:95,false,p1,accepted,,655594338,655596304783019,5
tf_policy_elo_616bc2f2_phase7_random_to40_2026-08-20,classic-random-8x8_g95_vs_g94.jsonl,classic-random-8x8,classic,random-start,8x8,tf:95,tf:94,true,p2,accepted,,655594338,655596304783020,6
tf_policy_elo_616bc2f2_phase7_random_to40_2026-08-20,classic-random-8x8_g95_vs_g94.jsonl,classic-random-8x8,classic,random-start,8x8,tf:94,tf:95,false,p2,accepted,,655594338,655596304783021,7
tf_policy_elo_616bc2f2_phase7_random_to40_2026-08-20,classic-random-8x8_g95_vs_g94.jsonl,classic-random-8x8,classic,random-start,8x8,tf:95,tf:94,true,p1,accepted,,655594338,655596304783022,8
tf_policy_elo_616bc2f2_phase7_random_to40_2026-08-20,classic-random-8x8_g95_vs_g94.jsonl,classic-random-8x8,classic,random-start,8x8,tf:94,tf:95,false,p1,accepted,,655594338,655596304783023,9
tf_policy_elo_616bc2f2_phase7_random_to40_2026-08-20,classic-random-8x8_g95_vs_g94.jsonl,classic-random-8x8,classic,random-start,8x8,tf:95,tf:94,true,p1,accepted,,655594338,655596304783024,10
tf_policy_elo_616bc2f2_phase7_random_to40_2026-08-20,classic-random-8x8_g95_vs_g94.jsonl,classic-random-8x8,classic,random-start,8x8,tf:94,tf:95,false,p2,accepted,,655594338,655596304783025,11
tf_policy_elo_616bc2f2_phase7_random_to40_2026-08-20,classic-random-8x8_g95_vs_g94.jsonl,classic-random-8x8,classic,random-start,8x8,tf:95,tf:94,true,p1,accepted,,655594338,655596304783026,12
tf_policy_elo_616bc2f2_phase7_random_to40_2026-08-20,classic-random-8x8_g95_vs_g94.jsonl,classic-random-8x8,classic,random-start,8x8,tf:94,tf:95,false,p1,accepted,,655594338,655596304783027,13
tf_policy_elo_616bc2f2_phase7_random_to40_2026-08-20,classic-random-8x8_g95_vs_g94.jsonl,classic-random-8x8,classic,random-start,8x8,tf:95,tf:94,true,p2,accepted,,655594338,655596304783028,14
tf_policy_elo_616bc2f2_phase7_random_to40_2026-08-20,classic-random-8x8_g95_vs_g94.jsonl,classic-random-8x8,classic,random-start,8x8,tf:94,tf:95,false,p2,accepted,,655594338,655596304783029,15
tf_policy_elo_616bc2f2_phase7_random_to40_2026-08-20,classic-random-8x8_g95_vs_g94.jsonl,classic-random-8x8,classic,random-start,8x8,tf:95,tf:94,true,p2,accepted,,655594338,655596304783030,16
tf_policy_elo_616bc2f2_phase7_random_to40_2026-08-20,classic-random-8x8_g95_vs_g94.jsonl,classic-random-8x8,classic,random-start,8x8,tf:94,tf:95,false,p1,accepted,,655594338,655596304783031,17
tf_policy_elo_616bc2f2_phase7_random_to40_2026-08-20,classic-random-8x8_g95_vs_g94.jsonl,classic-random-8x8,classic,random-start,8x8,tf:95,tf:94,true,p2,accepted,,655594338,655596304783032,18
tf_policy_elo_616bc2f2_phase7_random_to40_2026-08-20,classic-random-8x8_g95_vs_g94.jsonl,classic-random-8x8,classic,random-start,8x8,tf:94,tf:95,false,p1,accepted,,655594338,655596304783033,19
tf_policy_elo_616bc2f2_phase7_random_to40_2026-08-20,classic-random-8x8_g95_vs_g94.jsonl,classic-random-8x8,classic,random-start,8x8,tf:95,tf:94,true,p1,accepted,,655594338,655596304783034,20
tf_policy_elo_616bc2f2_phase7_random_to40_2026-08-20,classic-random-8x8_g95_vs_g94.jsonl,classic-random-8x8,classic,random-start,8x8,tf:94,tf:95,false,p1,accepted,,655594338,655596304783035,21
tf_policy_elo_616bc2f2_phase7_random_to40_2026-08-20,classic-random-8x8_g95_vs_g94.jsonl,classic-random-8x8,classic,random-start,8x8,tf:95,tf:94,true,p2,accepted,,655594338,655596304783036,22
tf_policy_elo_616bc2f2_phase7_random_to40_2026-08-20,classic-random-8x8_g95_vs_g94.jsonl,classic-random-8x8,classic,random-start,8x8,tf:94,tf:95,false,p2,accepted,,655594338,655596304783037,23
tf_policy_elo_616bc2f2_phase7_random_to40_2026-08-20,classic-random-8x8_g95_vs_g94.jsonl,classic-random-8x8,classic,random-start,8x8,tf:95,tf:94,true,p1,accepted,,655594338,655596304783038,24
tf_policy_elo_616bc2f2_phase7_random_to40_2026-08-20,classic-random-8x8_g95_vs_g94.jsonl,classic-random-8x8,classic,random-start,8x8,tf:94,tf:95,false,p1,accepted,,655594338,655596304783039,25
tf_policy_elo_616bc2f2_phase7_random_to40_2026-08-20,classic-random-8x8_g95_vs_g94.jsonl,classic-random-8x8,classic,random-start,8x8,tf:95,tf:94,true,p1,accepted,,655594338,655596304783040,26
tf_policy_elo_616bc2f2_phase7_random_to40_2026-08-20,classic-random-8x8_g95_vs_g94.jsonl,classic-random-8x8,classic,random-start,8x8,tf:94,tf:95,false,p1,accepted,,655594338,655596304783041,27
tf_policy_elo_616bc2f2_phase7_random_to40_2026-08-20,classic-random-8x8_g96_vs_g93.jsonl,classic-random-8x8,classic,random-start,8x8,tf:96,tf:93,true,p1,accepted,,655693338,655695305080014,0
tf_policy_elo_616bc2f2_phase7_random_to40_2026-08-20,classic-random-8x8_g96_vs_g93.jsonl,classic-random-8x8,classic,random-start,8x8,tf:93,tf:96,false,p2,accepted,,655693338,655695305080015,1
tf_policy_elo_616bc2f2_phase7_random_to40_2026-08-20,classic-random-8x8_g96_vs_g93.jsonl,classic-random-8x8,classic,random-start,8x8,tf:96,tf:93,true,p2,accepted,,655693338,655695305080016,2
tf_policy_elo_616bc2f2_phase7_random_to40_2026-08-20,classic-random-8x8_g96_vs_g93.jsonl,classic-random-8x8,classic,random-start,8x8,tf:93,tf:96,false,p2,accepted,,655693338,655695305080017,3
tf_policy_elo_616bc2f2_phase7_random_to40_2026-08-20,classic-random-8x8_g96_vs_g93.jsonl,classic-random-8x8,classic,random-start,8x8,tf:96,tf:93,true,p1,accepted,,655693338,655695305080018,4
tf_policy_elo_616bc2f2_phase7_random_to40_2026-08-20,classic-random-8x8_g96_vs_g93.jsonl,classic-random-8x8,classic,random-start,8x8,tf:93,tf:96,false,p1,accepted,,655693338,655695305080019,5
tf_policy_elo_616bc2f2_phase7_random_to40_2026-08-20,classic-random-8x8_g96_vs_g93.jsonl,classic-random-8x8,classic,random-start,8x8,tf:96,tf:93,true,p1,accepted,,655693338,655695305080020,6
tf_policy_elo_616bc2f2_phase7_random_to40_2026-08-20,classic-random-8x8_g96_vs_g93.jsonl,classic-random-8x8,classic,random-start,8x8,tf:93,tf:96,false,p1,accepted,,655693338,655695305080021,7
tf_policy_elo_616bc2f2_phase7_random_to40_2026-08-20,classic-random-8x8_g96_vs_g93.jsonl,classic-random-8x8,classic,random-start,8x8,tf:96,tf:93,true,p1,accepted,,655693338,655695305080022,8
tf_policy_elo_616bc2f2_phase7_random_to40_2026-08-20,classic-random-8x8_g96_vs_g93.jsonl,classic-random-8x8,classic,random-start,8x8,tf:93,tf:96,false,p1,accepted,,655693338,655695305080023,9
tf_policy_elo_616bc2f2_phase7_random_to40_2026-08-20,classic-random-8x8_g96_vs_g93.jsonl,classic-random-8x8,classic,random-start,8x8,tf:96,tf:93,true,p1,accepted,,655693338,655695305080024,10
tf_policy_elo_616bc2f2_phase7_random_to40_2026-08-20,classic-random-8x8_g96_vs_g93.jsonl,classic-random-8x8,classic,random-start,8x8,tf:93,tf:96,false,p1,accepted,,655693338,655695305080025,11
tf_policy_elo_616bc2f2_phase7_random_to40_2026-08-20,classic-random-8x8_g96_vs_g93.jsonl,classic-random-8x8,classic,random-start,8x8,tf:96,tf:93,true,p2,accepted,,655693338,655695305080026,12
tf_policy_elo_616bc2f2_phase7_random_to40_2026-08-20,classic-random-8x8_g96_vs_g93.jsonl,classic-random-8x8,classic,random-start,8x8,tf:93,tf:96,false,p1,accepted,,655693338,655695305080027,13
tf_policy_elo_616bc2f2_phase7_random_to40_2026-08-20,classic-random-8x8_g96_vs_g93.jsonl,classic-random-8x8,classic,random-start,8x8,tf:96,tf:93,true,p2,accepted,,655693338,655695305080028,14
tf_policy_elo_616bc2f2_phase7_random_to40_2026-08-20,classic-random-8x8_g96_vs_g93.jsonl,classic-random-8x8,classic,random-start,8x8,tf:93,tf:96,false,p1,accepted,,655693338,655695305080029,15
tf_policy_elo_616bc2f2_phase7_random_to40_2026-08-20,classic-random-8x8_g96_vs_g93.jsonl,classic-random-8x8,classic,random-start,8x8,tf:96,tf:93,true,p2,accepted,,655693338,655695305080030,16
tf_policy_elo_616bc2f2_phase7_random_to40_2026-08-20,classic-random-8x8_g96_vs_g93.jsonl,classic-random-8x8,classic,random-start,8x8,tf:93,tf:96,false,p1,accepted,,655693338,655695305080031,17
tf_policy_elo_616bc2f2_phase7_random_to40_2026-08-20,classic-random-8x8_g96_vs_g93.jsonl,classic-random-8x8,classic,random-start,8x8,tf:96,tf:93,true,p1,accepted,,655693338,655695305080032,18
tf_policy_elo_616bc2f2_phase7_random_to40_2026-08-20,classic-random-8x8_g96_vs_g93.jsonl,classic-random-8x8,classic,random-start,8x8,tf:93,tf:96,false,p2,accepted,,655693338,655695305080033,19
tf_policy_elo_616bc2f2_phase7_random_to40_2026-08-20,classic-random-8x8_g96_vs_g93.jsonl,classic-random-8x8,classic,random-start,8x8,tf:96,tf:93,true,p1,accepted,,655693338,655695305080034,20
tf_policy_elo_616bc2f2_phase7_random_to40_2026-08-20,classic-random-8x8_g96_vs_g93.jsonl,classic-random-8x8,classic,random-start,8x8,tf:93,tf:96,false,p1,accepted,,655693338,655695305080035,21
tf_policy_elo_616bc2f2_phase7_random_to40_2026-08-20,classic-random-8x8_g96_vs_g93.jsonl,classic-random-8x8,classic,random-start,8x8,tf:96,tf:93,true,p1,accepted,,655693338,655695305080036,22
tf_policy_elo_616bc2f2_phase7_random_to40_2026-08-20,classic-random-8x8_g96_vs_g93.jsonl,classic-random-8x8,classic,random-start,8x8,tf:93,tf:96,false,p1,accepted,,655693338,655695305080037,23
tf_policy_elo_616bc2f2_phase7_random_to40_2026-08-20,classic-random-8x8_g96_vs_g93.jsonl,classic-random-8x8,classic,random-start,8x8,tf:96,tf:93,true,p2,accepted,,655693338,655695305080038,24
tf_policy_elo_616bc2f2_phase7_random_to40_2026-08-20,classic-random-8x8_g96_vs_g93.jsonl,classic-random-8x8,classic,random-start,8x8,tf:93,tf:96,false,p1,accepted,,655693338,655695305080039,25
tf_policy_elo_616bc2f2_phase7_random_to40_2026-08-20,classic-random-8x8_g96_vs_g93.jsonl,classic-random-8x8,classic,random-start,8x8,tf:96,tf:93,true,p1,accepted,,655693338,655695305080040,26
tf_policy_elo_616bc2f2_phase7_random_to40_2026-08-20,classic-random-8x8_g96_vs_g93.jsonl,classic-random-8x8,classic,random-start,8x8,tf:93,tf:96,false,p1,accepted,,655693338,655695305080041,27
tf_policy_elo_616bc2f2_phase7_random_to40_2026-08-20,classic-random-8x8_g96_vs_g95.jsonl,classic-random-8x8,classic,random-start,8x8,tf:96,tf:95,true,p1,accepted,,655695338,655697305086014,0
tf_policy_elo_616bc2f2_phase7_random_to40_2026-08-20,classic-random-8x8_g96_vs_g95.jsonl,classic-random-8x8,classic,random-start,8x8,tf:95,tf:96,false,p1,accepted,,655695338,655697305086015,1
tf_policy_elo_616bc2f2_phase7_random_to40_2026-08-20,classic-random-8x8_g96_vs_g95.jsonl,classic-random-8x8,classic,random-start,8x8,tf:96,tf:95,true,p2,accepted,,655695338,655697305086016,2
tf_policy_elo_616bc2f2_phase7_random_to40_2026-08-20,classic-random-8x8_g96_vs_g95.jsonl,classic-random-8x8,classic,random-start,8x8,tf:95,tf:96,false,p2,accepted,,655695338,655697305086017,3
tf_policy_elo_616bc2f2_phase7_random_to40_2026-08-20,classic-random-8x8_g96_vs_g95.jsonl,classic-random-8x8,classic,random-start,8x8,tf:96,tf:95,true,p1,accepted,,655695338,655697305086018,4
tf_policy_elo_616bc2f2_phase7_random_to40_2026-08-20,classic-random-8x8_g96_vs_g95.jsonl,classic-random-8x8,classic,random-start,8x8,tf:95,tf:96,false,p1,accepted,,655695338,655697305086019,5
tf_policy_elo_616bc2f2_phase7_random_to40_2026-08-20,classic-random-8x8_g96_vs_g95.jsonl,classic-random-8x8,classic,random-start,8x8,tf:96,tf:95,true,p2,accepted,,655695338,655697305086020,6
tf_policy_elo_616bc2f2_phase7_random_to40_2026-08-20,classic-random-8x8_g96_vs_g95.jsonl,classic-random-8x8,classic,random-start,8x8,tf:95,tf:96,false,p1,accepted,,655695338,655697305086021,7
tf_policy_elo_616bc2f2_phase7_random_to40_2026-08-20,classic-random-8x8_g96_vs_g95.jsonl,classic-random-8x8,classic,random-start,8x8,tf:96,tf:95,true,p1,accepted,,655695338,655697305086022,8
tf_policy_elo_616bc2f2_phase7_random_to40_2026-08-20,classic-random-8x8_g96_vs_g95.jsonl,classic-random-8x8,classic,random-start,8x8,tf:95,tf:96,false,p2,accepted,,655695338,655697305086023,9
tf_policy_elo_616bc2f2_phase7_random_to40_2026-08-20,classic-random-8x8_g96_vs_g95.jsonl,classic-random-8x8,classic,random-start,8x8,tf:96,tf:95,true,p1,accepted,,655695338,655697305086024,10
tf_policy_elo_616bc2f2_phase7_random_to40_2026-08-20,classic-random-8x8_g96_vs_g95.jsonl,classic-random-8x8,classic,random-start,8x8,tf:95,tf:96,false,p1,accepted,,655695338,655697305086025,11
tf_policy_elo_616bc2f2_phase7_random_to40_2026-08-20,classic-random-8x8_g96_vs_g95.jsonl,classic-random-8x8,classic,random-start,8x8,tf:96,tf:95,true,p1,accepted,,655695338,655697305086026,12
tf_policy_elo_616bc2f2_phase7_random_to40_2026-08-20,classic-random-8x8_g96_vs_g95.jsonl,classic-random-8x8,classic,random-start,8x8,tf:95,tf:96,false,p1,accepted,,655695338,655697305086027,13
tf_policy_elo_616bc2f2_phase7_random_to40_2026-08-20,classic-random-8x8_g96_vs_g95.jsonl,classic-random-8x8,classic,random-start,8x8,tf:96,tf:95,true,p1,accepted,,655695338,655697305086028,14
tf_policy_elo_616bc2f2_phase7_random_to40_2026-08-20,classic-random-8x8_g96_vs_g95.jsonl,classic-random-8x8,classic,random-start,8x8,tf:95,tf:96,false,p1,accepted,,655695338,655697305086029,15
tf_policy_elo_616bc2f2_phase7_random_to40_2026-08-20,classic-random-8x8_g96_vs_g95.jsonl,classic-random-8x8,classic,random-start,8x8,tf:96,tf:95,true,p1,accepted,,655695338,655697305086030,16
tf_policy_elo_616bc2f2_phase7_random_to40_2026-08-20,classic-random-8x8_g96_vs_g95.jsonl,classic-random-8x8,classic,random-start,8x8,tf:95,tf:96,false,p1,accepted,,655695338,655697305086031,17
tf_policy_elo_616bc2f2_phase7_random_to40_2026-08-20,classic-random-8x8_g96_vs_g95.jsonl,classic-random-8x8,classic,random-start,8x8,tf:96,tf:95,true,p2,accepted,,655695338,655697305086032,18
tf_policy_elo_616bc2f2_phase7_random_to40_2026-08-20,classic-random-8x8_g96_vs_g95.jsonl,classic-random-8x8,classic,random-start,8x8,tf:95,tf:96,false,p1,accepted,,655695338,655697305086033,19
tf_policy_elo_616bc2f2_phase7_random_to40_2026-08-20,classic-random-8x8_g96_vs_g95.jsonl,classic-random-8x8,classic,random-start,8x8,tf:96,tf:95,true,p2,accepted,,655695338,655697305086034,20
tf_policy_elo_616bc2f2_phase7_random_to40_2026-08-20,classic-random-8x8_g96_vs_g95.jsonl,classic-random-8x8,classic,random-start,8x8,tf:95,tf:96,false,p1,accepted,,655695338,655697305086035,21
tf_policy_elo_616bc2f2_phase7_random_to40_2026-08-20,classic-random-8x8_g96_vs_g95.jsonl,classic-random-8x8,classic,random-start,8x8,tf:96,tf:95,true,p1,accepted,,655695338,655697305086036,22
tf_policy_elo_616bc2f2_phase7_random_to40_2026-08-20,classic-random-8x8_g96_vs_g95.jsonl,classic-random-8x8,classic,random-start,8x8,tf:95,tf:96,false,p1,accepted,,655695338,655697305086037,23
tf_policy_elo_616bc2f2_phase7_random_to40_2026-08-20,classic-random-8x8_g96_vs_g95.jsonl,classic-random-8x8,classic,random-start,8x8,tf:96,tf:95,true,p1,accepted,,655695338,655697305086038,24
tf_policy_elo_616bc2f2_phase7_random_to40_2026-08-20,classic-random-8x8_g96_vs_g95.jsonl,classic-random-8x8,classic,random-start,8x8,tf:95,tf:96,false,p1,accepted,,655695338,655697305086039,25
tf_policy_elo_616bc2f2_phase7_random_to40_2026-08-20,classic-random-8x8_g96_vs_g95.jsonl,classic-random-8x8,classic,random-start,8x8,tf:96,tf:95,true,p1,accepted,,655695338,655697305086040,26
tf_policy_elo_616bc2f2_phase7_random_to40_2026-08-20,classic-random-8x8_g96_vs_g95.jsonl,classic-random-8x8,classic,random-start,8x8,tf:95,tf:96,false,p2,accepted,,655695338,655697305086041,27
tf_policy_elo_616bc2f2_phase7_random_to40_2026-08-20,classic-random-8x8_g97_vs_g93.jsonl,classic-random-8x8,classic,random-start,8x8,tf:97,tf:93,true,p1,accepted,,655793338,655795305380014,0
tf_policy_elo_616bc2f2_phase7_random_to40_2026-08-20,classic-random-8x8_g97_vs_g93.jsonl,classic-random-8x8,classic,random-start,8x8,tf:93,tf:97,false,p1,accepted,,655793338,655795305380015,1
tf_policy_elo_616bc2f2_phase7_random_to40_2026-08-20,classic-random-8x8_g97_vs_g93.jsonl,classic-random-8x8,classic,random-start,8x8,tf:97,tf:93,true,p1,accepted,,655793338,655795305380016,2
tf_policy_elo_616bc2f2_phase7_random_to40_2026-08-20,classic-random-8x8_g97_vs_g93.jsonl,classic-random-8x8,classic,random-start,8x8,tf:93,tf:97,false,p2,accepted,,655793338,655795305380017,3
tf_policy_elo_616bc2f2_phase7_random_to40_2026-08-20,classic-random-8x8_g97_vs_g93.jsonl,classic-random-8x8,classic,random-start,8x8,tf:97,tf:93,true,p2,accepted,,655793338,655795305380018,4
tf_policy_elo_616bc2f2_phase7_random_to40_2026-08-20,classic-random-8x8_g97_vs_g93.jsonl,classic-random-8x8,classic,random-start,8x8,tf:93,tf:97,false,p2,accepted,,655793338,655795305380019,5
tf_policy_elo_616bc2f2_phase7_random_to40_2026-08-20,classic-random-8x8_g97_vs_g93.jsonl,classic-random-8x8,classic,random-start,8x8,tf:97,tf:93,true,p1,accepted,,655793338,655795305380020,6
tf_policy_elo_616bc2f2_phase7_random_to40_2026-08-20,classic-random-8x8_g97_vs_g93.jsonl,classic-random-8x8,classic,random-start,8x8,tf:93,tf:97,false,p1,accepted,,655793338,655795305380021,7
tf_policy_elo_616bc2f2_phase7_random_to40_2026-08-20,classic-random-8x8_g97_vs_g93.jsonl,classic-random-8x8,classic,random-start,8x8,tf:97,tf:93,true,p1,accepted,,655793338,655795305380022,8
tf_policy_elo_616bc2f2_phase7_random_to40_2026-08-20,classic-random-8x8_g97_vs_g93.jsonl,classic-random-8x8,classic,random-start,8x8,tf:93,tf:97,false,p2,accepted,,655793338,655795305380023,9
tf_policy_elo_616bc2f2_phase7_random_to40_2026-08-20,classic-random-8x8_g97_vs_g93.jsonl,classic-random-8x8,classic,random-start,8x8,tf:97,tf:93,true,p2,accepted,,655793338,655795305380024,10
tf_policy_elo_616bc2f2_phase7_random_to40_2026-08-20,classic-random-8x8_g97_vs_g93.jsonl,classic-random-8x8,classic,random-start,8x8,tf:93,tf:97,false,p2,accepted,,655793338,655795305380025,11
tf_policy_elo_616bc2f2_phase7_random_to40_2026-08-20,classic-random-8x8_g97_vs_g93.jsonl,classic-random-8x8,classic,random-start,8x8,tf:97,tf:93,true,p1,accepted,,655793338,655795305380026,12
tf_policy_elo_616bc2f2_phase7_random_to40_2026-08-20,classic-random-8x8_g97_vs_g93.jsonl,classic-random-8x8,classic,random-start,8x8,tf:93,tf:97,false,p1,accepted,,655793338,655795305380027,13
tf_policy_elo_616bc2f2_phase7_random_to40_2026-08-20,classic-random-8x8_g97_vs_g93.jsonl,classic-random-8x8,classic,random-start,8x8,tf:97,tf:93,true,p1,accepted,,655793338,655795305380028,14
tf_policy_elo_616bc2f2_phase7_random_to40_2026-08-20,classic-random-8x8_g97_vs_g93.jsonl,classic-random-8x8,classic,random-start,8x8,tf:93,tf:97,false,p1,accepted,,655793338,655795305380029,15
tf_policy_elo_616bc2f2_phase7_random_to40_2026-08-20,classic-random-8x8_g97_vs_g93.jsonl,classic-random-8x8,classic,random-start,8x8,tf:97,tf:93,true,p1,accepted,,655793338,655795305380030,16
tf_policy_elo_616bc2f2_phase7_random_to40_2026-08-20,classic-random-8x8_g97_vs_g93.jsonl,classic-random-8x8,classic,random-start,8x8,tf:93,tf:97,false,p1,accepted,,655793338,655795305380031,17
tf_policy_elo_616bc2f2_phase7_random_to40_2026-08-20,classic-random-8x8_g97_vs_g93.jsonl,classic-random-8x8,classic,random-start,8x8,tf:97,tf:93,true,p1,accepted,,655793338,655795305380032,18
tf_policy_elo_616bc2f2_phase7_random_to40_2026-08-20,classic-random-8x8_g97_vs_g93.jsonl,classic-random-8x8,classic,random-start,8x8,tf:93,tf:97,false,p2,accepted,,655793338,655795305380033,19
tf_policy_elo_616bc2f2_phase7_random_to40_2026-08-20,classic-random-8x8_g97_vs_g93.jsonl,classic-random-8x8,classic,random-start,8x8,tf:97,tf:93,true,p2,accepted,,655793338,655795305380034,20
tf_policy_elo_616bc2f2_phase7_random_to40_2026-08-20,classic-random-8x8_g97_vs_g93.jsonl,classic-random-8x8,classic,random-start,8x8,tf:93,tf:97,false,p2,accepted,,655793338,655795305380035,21
tf_policy_elo_616bc2f2_phase7_random_to40_2026-08-20,classic-random-8x8_g97_vs_g93.jsonl,classic-random-8x8,classic,random-start,8x8,tf:97,tf:93,true,p2,accepted,,655793338,655795305380036,22
tf_policy_elo_616bc2f2_phase7_random_to40_2026-08-20,classic-random-8x8_g97_vs_g93.jsonl,classic-random-8x8,classic,random-start,8x8,tf:93,tf:97,false,p2,accepted,,655793338,655795305380037,23
tf_policy_elo_616bc2f2_phase7_random_to40_2026-08-20,classic-random-8x8_g97_vs_g93.jsonl,classic-random-8x8,classic,random-start,8x8,tf:97,tf:93,true,p2,accepted,,655793338,655795305380038,24
tf_policy_elo_616bc2f2_phase7_random_to40_2026-08-20,classic-random-8x8_g97_vs_g93.jsonl,classic-random-8x8,classic,random-start,8x8,tf:93,tf:97,false,p1,accepted,,655793338,655795305380039,25
tf_policy_elo_616bc2f2_phase7_random_to40_2026-08-20,classic-random-8x8_g97_vs_g93.jsonl,classic-random-8x8,classic,random-start,8x8,tf:97,tf:93,true,p2,accepted,,655793338,655795305380040,26
tf_policy_elo_616bc2f2_phase7_random_to40_2026-08-20,classic-random-8x8_g97_vs_g93.jsonl,classic-random-8x8,classic,random-start,8x8,tf:93,tf:97,false,p1,accepted,,655793338,655795305380041,27
tf_policy_elo_616bc2f2_phase7_random_to40_2026-08-20,classic-random-8x8_g97_vs_g94.jsonl,classic-random-8x8,classic,random-start,8x8,tf:97,tf:94,true,p2,accepted,,655794338,655796305383014,0
tf_policy_elo_616bc2f2_phase7_random_to40_2026-08-20,classic-random-8x8_g97_vs_g94.jsonl,classic-random-8x8,classic,random-start,8x8,tf:94,tf:97,false,p2,accepted,,655794338,655796305383015,1
tf_policy_elo_616bc2f2_phase7_random_to40_2026-08-20,classic-random-8x8_g97_vs_g94.jsonl,classic-random-8x8,classic,random-start,8x8,tf:97,tf:94,true,p2,accepted,,655794338,655796305383016,2
tf_policy_elo_616bc2f2_phase7_random_to40_2026-08-20,classic-random-8x8_g97_vs_g94.jsonl,classic-random-8x8,classic,random-start,8x8,tf:94,tf:97,false,p1,accepted,,655794338,655796305383017,3
tf_policy_elo_616bc2f2_phase7_random_to40_2026-08-20,classic-random-8x8_g97_vs_g94.jsonl,classic-random-8x8,classic,random-start,8x8,tf:97,tf:94,true,p1,accepted,,655794338,655796305383018,4
tf_policy_elo_616bc2f2_phase7_random_to40_2026-08-20,classic-random-8x8_g97_vs_g94.jsonl,classic-random-8x8,classic,random-start,8x8,tf:94,tf:97,false,p1,accepted,,655794338,655796305383019,5
tf_policy_elo_616bc2f2_phase7_random_to40_2026-08-20,classic-random-8x8_g97_vs_g94.jsonl,classic-random-8x8,classic,random-start,8x8,tf:97,tf:94,true,p1,accepted,,655794338,655796305383020,6
tf_policy_elo_616bc2f2_phase7_random_to40_2026-08-20,classic-random-8x8_g97_vs_g94.jsonl,classic-random-8x8,classic,random-start,8x8,tf:94,tf:97,false,p1,accepted,,655794338,655796305383021,7
tf_policy_elo_616bc2f2_phase7_random_to40_2026-08-20,classic-random-8x8_g97_vs_g94.jsonl,classic-random-8x8,classic,random-start,8x8,tf:97,tf:94,true,p1,accepted,,655794338,655796305383022,8
tf_policy_elo_616bc2f2_phase7_random_to40_2026-08-20,classic-random-8x8_g97_vs_g94.jsonl,classic-random-8x8,classic,random-start,8x8,tf:94,tf:97,false,p2,accepted,,655794338,655796305383023,9
tf_policy_elo_616bc2f2_phase7_random_to40_2026-08-20,classic-random-8x8_g97_vs_g94.jsonl,classic-random-8x8,classic,random-start,8x8,tf:97,tf:94,true,p1,accepted,,655794338,655796305383024,10
tf_policy_elo_616bc2f2_phase7_random_to40_2026-08-20,classic-random-8x8_g97_vs_g94.jsonl,classic-random-8x8,classic,random-start,8x8,tf:94,tf:97,false,p1,accepted,,655794338,655796305383025,11
tf_policy_elo_616bc2f2_phase7_random_to40_2026-08-20,classic-random-8x8_g97_vs_g94.jsonl,classic-random-8x8,classic,random-start,8x8,tf:97,tf:94,true,p1,accepted,,655794338,655796305383026,12
tf_policy_elo_616bc2f2_phase7_random_to40_2026-08-20,classic-random-8x8_g97_vs_g94.jsonl,classic-random-8x8,classic,random-start,8x8,tf:94,tf:97,false,p2,accepted,,655794338,655796305383027,13
tf_policy_elo_616bc2f2_phase7_random_to40_2026-08-20,classic-random-8x8_g97_vs_g94.jsonl,classic-random-8x8,classic,random-start,8x8,tf:97,tf:94,true,p2,accepted,,655794338,655796305383028,14
tf_policy_elo_616bc2f2_phase7_random_to40_2026-08-20,classic-random-8x8_g97_vs_g94.jsonl,classic-random-8x8,classic,random-start,8x8,tf:94,tf:97,false,p1,accepted,,655794338,655796305383029,15
tf_policy_elo_616bc2f2_phase7_random_to40_2026-08-20,classic-random-8x8_g97_vs_g94.jsonl,classic-random-8x8,classic,random-start,8x8,tf:97,tf:94,true,p1,accepted,,655794338,655796305383030,16
tf_policy_elo_616bc2f2_phase7_random_to40_2026-08-20,classic-random-8x8_g97_vs_g94.jsonl,classic-random-8x8,classic,random-start,8x8,tf:94,tf:97,false,p1,accepted,,655794338,655796305383031,17
tf_policy_elo_616bc2f2_phase7_random_to40_2026-08-20,classic-random-8x8_g97_vs_g94.jsonl,classic-random-8x8,classic,random-start,8x8,tf:97,tf:94,true,p1,accepted,,655794338,655796305383032,18
tf_policy_elo_616bc2f2_phase7_random_to40_2026-08-20,classic-random-8x8_g97_vs_g94.jsonl,classic-random-8x8,classic,random-start,8x8,tf:94,tf:97,false,p2,accepted,,655794338,655796305383033,19
tf_policy_elo_616bc2f2_phase7_random_to40_2026-08-20,classic-random-8x8_g97_vs_g94.jsonl,classic-random-8x8,classic,random-start,8x8,tf:97,tf:94,true,p1,accepted,,655794338,655796305383034,20
tf_policy_elo_616bc2f2_phase7_random_to40_2026-08-20,classic-random-8x8_g97_vs_g94.jsonl,classic-random-8x8,classic,random-start,8x8,tf:94,tf:97,false,p2,accepted,,655794338,655796305383035,21
tf_policy_elo_616bc2f2_phase7_random_to40_2026-08-20,classic-random-8x8_g97_vs_g94.jsonl,classic-random-8x8,classic,random-start,8x8,tf:97,tf:94,true,p2,accepted,,655794338,655796305383036,22
tf_policy_elo_616bc2f2_phase7_random_to40_2026-08-20,classic-random-8x8_g97_vs_g94.jsonl,classic-random-8x8,classic,random-start,8x8,tf:94,tf:97,false,p1,accepted,,655794338,655796305383037,23
tf_policy_elo_616bc2f2_phase7_random_to40_2026-08-20,classic-random-8x8_g97_vs_g94.jsonl,classic-random-8x8,classic,random-start,8x8,tf:97,tf:94,true,p2,accepted,,655794338,655796305383038,24
tf_policy_elo_616bc2f2_phase7_random_to40_2026-08-20,classic-random-8x8_g97_vs_g94.jsonl,classic-random-8x8,classic,random-start,8x8,tf:94,tf:97,false,p1,accepted,,655794338,655796305383039,25
tf_policy_elo_616bc2f2_phase7_random_to40_2026-08-20,classic-random-8x8_g97_vs_g94.jsonl,classic-random-8x8,classic,random-start,8x8,tf:97,tf:94,true,p1,accepted,,655794338,655796305383040,26
tf_policy_elo_616bc2f2_phase7_random_to40_2026-08-20,classic-random-8x8_g97_vs_g94.jsonl,classic-random-8x8,classic,random-start,8x8,tf:94,tf:97,false,p1,accepted,,655794338,655796305383041,27
tf_policy_elo_616bc2f2_phase7_random_to40_2026-08-20,classic-random-8x8_g97_vs_g96.jsonl,classic-random-8x8,classic,random-start,8x8,tf:97,tf:96,true,p2,accepted,,655796338,655798305389014,0
tf_policy_elo_616bc2f2_phase7_random_to40_2026-08-20,classic-random-8x8_g97_vs_g96.jsonl,classic-random-8x8,classic,random-start,8x8,tf:96,tf:97,false,p2,accepted,,655796338,655798305389015,1
tf_policy_elo_616bc2f2_phase7_random_to40_2026-08-20,classic-random-8x8_g97_vs_g96.jsonl,classic-random-8x8,classic,random-start,8x8,tf:97,tf:96,true,p2,accepted,,655796338,655798305389016,2
tf_policy_elo_616bc2f2_phase7_random_to40_2026-08-20,classic-random-8x8_g97_vs_g96.jsonl,classic-random-8x8,classic,random-start,8x8,tf:96,tf:97,false,p2,accepted,,655796338,655798305389017,3
tf_policy_elo_616bc2f2_phase7_random_to40_2026-08-20,classic-random-8x8_g97_vs_g96.jsonl,classic-random-8x8,classic,random-start,8x8,tf:97,tf:96,true,p1,accepted,,655796338,655798305389018,4
tf_policy_elo_616bc2f2_phase7_random_to40_2026-08-20,classic-random-8x8_g97_vs_g96.jsonl,classic-random-8x8,classic,random-start,8x8,tf:96,tf:97,false,p1,accepted,,655796338,655798305389019,5
tf_policy_elo_616bc2f2_phase7_random_to40_2026-08-20,classic-random-8x8_g97_vs_g96.jsonl,classic-random-8x8,classic,random-start,8x8,tf:97,tf:96,true,p1,accepted,,655796338,655798305389020,6
tf_policy_elo_616bc2f2_phase7_random_to40_2026-08-20,classic-random-8x8_g97_vs_g96.jsonl,classic-random-8x8,classic,random-start,8x8,tf:96,tf:97,false,p1,accepted,,655796338,655798305389021,7
tf_policy_elo_616bc2f2_phase7_random_to40_2026-08-20,classic-random-8x8_g97_vs_g96.jsonl,classic-random-8x8,classic,random-start,8x8,tf:97,tf:96,true,p1,accepted,,655796338,655798305389022,8
tf_policy_elo_616bc2f2_phase7_random_to40_2026-08-20,classic-random-8x8_g97_vs_g96.jsonl,classic-random-8x8,classic,random-start,8x8,tf:96,tf:97,false,p1,accepted,,655796338,655798305389023,9
tf_policy_elo_616bc2f2_phase7_random_to40_2026-08-20,classic-random-8x8_g97_vs_g96.jsonl,classic-random-8x8,classic,random-start,8x8,tf:97,tf:96,true,p2,accepted,,655796338,655798305389024,10
tf_policy_elo_616bc2f2_phase7_random_to40_2026-08-20,classic-random-8x8_g97_vs_g96.jsonl,classic-random-8x8,classic,random-start,8x8,tf:96,tf:97,false,p1,accepted,,655796338,655798305389025,11
tf_policy_elo_616bc2f2_phase7_random_to40_2026-08-20,classic-random-8x8_g97_vs_g96.jsonl,classic-random-8x8,classic,random-start,8x8,tf:97,tf:96,true,p1,accepted,,655796338,655798305389026,12
tf_policy_elo_616bc2f2_phase7_random_to40_2026-08-20,classic-random-8x8_g97_vs_g96.jsonl,classic-random-8x8,classic,random-start,8x8,tf:96,tf:97,false,p1,accepted,,655796338,655798305389027,13
tf_policy_elo_616bc2f2_phase7_random_to40_2026-08-20,classic-random-8x8_g97_vs_g96.jsonl,classic-random-8x8,classic,random-start,8x8,tf:97,tf:96,true,p1,accepted,,655796338,655798305389028,14
tf_policy_elo_616bc2f2_phase7_random_to40_2026-08-20,classic-random-8x8_g97_vs_g96.jsonl,classic-random-8x8,classic,random-start,8x8,tf:96,tf:97,false,p1,accepted,,655796338,655798305389029,15
tf_policy_elo_616bc2f2_phase7_random_to40_2026-08-20,classic-random-8x8_g97_vs_g96.jsonl,classic-random-8x8,classic,random-start,8x8,tf:97,tf:96,true,p1,accepted,,655796338,655798305389030,16
tf_policy_elo_616bc2f2_phase7_random_to40_2026-08-20,classic-random-8x8_g97_vs_g96.jsonl,classic-random-8x8,classic,random-start,8x8,tf:96,tf:97,false,p2,accepted,,655796338,655798305389031,17
tf_policy_elo_616bc2f2_phase7_random_to40_2026-08-20,classic-random-8x8_g97_vs_g96.jsonl,classic-random-8x8,classic,random-start,8x8,tf:97,tf:96,true,p1,accepted,,655796338,655798305389032,18
tf_policy_elo_616bc2f2_phase7_random_to40_2026-08-20,classic-random-8x8_g97_vs_g96.jsonl,classic-random-8x8,classic,random-start,8x8,tf:96,tf:97,false,p1,accepted,,655796338,655798305389033,19
tf_policy_elo_616bc2f2_phase7_random_to40_2026-08-20,classic-random-8x8_g97_vs_g96.jsonl,classic-random-8x8,classic,random-start,8x8,tf:97,tf:96,true,p1,accepted,,655796338,655798305389034,20
tf_policy_elo_616bc2f2_phase7_random_to40_2026-08-20,classic-random-8x8_g97_vs_g96.jsonl,classic-random-8x8,classic,random-start,8x8,tf:96,tf:97,false,p1,accepted,,655796338,655798305389035,21
tf_policy_elo_616bc2f2_phase7_random_to40_2026-08-20,classic-random-8x8_g97_vs_g96.jsonl,classic-random-8x8,classic,random-start,8x8,tf:97,tf:96,true,p1,accepted,,655796338,655798305389036,22
tf_policy_elo_616bc2f2_phase7_random_to40_2026-08-20,classic-random-8x8_g97_vs_g96.jsonl,classic-random-8x8,classic,random-start,8x8,tf:96,tf:97,false,p2,accepted,,655796338,655798305389037,23
tf_policy_elo_616bc2f2_phase7_random_to40_2026-08-20,classic-random-8x8_g97_vs_g96.jsonl,classic-random-8x8,classic,random-start,8x8,tf:97,tf:96,true,p2,accepted,,655796338,655798305389038,24
tf_policy_elo_616bc2f2_phase7_random_to40_2026-08-20,classic-random-8x8_g97_vs_g96.jsonl,classic-random-8x8,classic,random-start,8x8,tf:96,tf:97,false,p1,accepted,,655796338,655798305389039,25
tf_policy_elo_616bc2f2_phase7_random_to40_2026-08-20,classic-random-8x8_g97_vs_g96.jsonl,classic-random-8x8,classic,random-start,8x8,tf:97,tf:96,true,p1,accepted,,655796338,655798305389040,26
tf_policy_elo_616bc2f2_phase7_random_to40_2026-08-20,classic-random-8x8_g97_vs_g96.jsonl,classic-random-8x8,classic,random-start,8x8,tf:96,tf:97,false,p2,accepted,,655796338,655798305389041,27
tf_policy_elo_616bc2f2_phase7_random_to40_2026-08-20,classic-random-8x8_g98_vs_g93.jsonl,classic-random-8x8,classic,random-start,8x8,tf:98,tf:93,true,p1,accepted,,655893338,655895305680014,0
tf_policy_elo_616bc2f2_phase7_random_to40_2026-08-20,classic-random-8x8_g98_vs_g93.jsonl,classic-random-8x8,classic,random-start,8x8,tf:93,tf:98,false,p2,accepted,,655893338,655895305680015,1
tf_policy_elo_616bc2f2_phase7_random_to40_2026-08-20,classic-random-8x8_g98_vs_g93.jsonl,classic-random-8x8,classic,random-start,8x8,tf:98,tf:93,true,p2,accepted,,655893338,655895305680016,2
tf_policy_elo_616bc2f2_phase7_random_to40_2026-08-20,classic-random-8x8_g98_vs_g93.jsonl,classic-random-8x8,classic,random-start,8x8,tf:93,tf:98,false,p1,accepted,,655893338,655895305680017,3
tf_policy_elo_616bc2f2_phase7_random_to40_2026-08-20,classic-random-8x8_g98_vs_g93.jsonl,classic-random-8x8,classic,random-start,8x8,tf:98,tf:93,true,p2,accepted,,655893338,655895305680018,4
tf_policy_elo_616bc2f2_phase7_random_to40_2026-08-20,classic-random-8x8_g98_vs_g93.jsonl,classic-random-8x8,classic,random-start,8x8,tf:93,tf:98,false,p2,accepted,,655893338,655895305680019,5
tf_policy_elo_616bc2f2_phase7_random_to40_2026-08-20,classic-random-8x8_g98_vs_g93.jsonl,classic-random-8x8,classic,random-start,8x8,tf:98,tf:93,true,p2,accepted,,655893338,655895305680020,6
tf_policy_elo_616bc2f2_phase7_random_to40_2026-08-20,classic-random-8x8_g98_vs_g93.jsonl,classic-random-8x8,classic,random-start,8x8,tf:93,tf:98,false,p1,accepted,,655893338,655895305680021,7
tf_policy_elo_616bc2f2_phase7_random_to40_2026-08-20,classic-random-8x8_g98_vs_g93.jsonl,classic-random-8x8,classic,random-start,8x8,tf:98,tf:93,true,p2,accepted,,655893338,655895305680022,8
tf_policy_elo_616bc2f2_phase7_random_to40_2026-08-20,classic-random-8x8_g98_vs_g93.jsonl,classic-random-8x8,classic,random-start,8x8,tf:93,tf:98,false,p1,accepted,,655893338,655895305680023,9
tf_policy_elo_616bc2f2_phase7_random_to40_2026-08-20,classic-random-8x8_g98_vs_g93.jsonl,classic-random-8x8,classic,random-start,8x8,tf:98,tf:93,true,p1,accepted,,655893338,655895305680024,10
tf_policy_elo_616bc2f2_phase7_random_to40_2026-08-20,classic-random-8x8_g98_vs_g93.jsonl,classic-random-8x8,classic,random-start,8x8,tf:93,tf:98,false,p1,accepted,,655893338,655895305680025,11
tf_policy_elo_616bc2f2_phase7_random_to40_2026-08-20,classic-random-8x8_g98_vs_g93.jsonl,classic-random-8x8,classic,random-start,8x8,tf:98,tf:93,true,p2,accepted,,655893338,655895305680026,12
tf_policy_elo_616bc2f2_phase7_random_to40_2026-08-20,classic-random-8x8_g98_vs_g93.jsonl,classic-random-8x8,classic,random-start,8x8,tf:93,tf:98,false,p1,accepted,,655893338,655895305680027,13
tf_policy_elo_616bc2f2_phase7_random_to40_2026-08-20,classic-random-8x8_g98_vs_g93.jsonl,classic-random-8x8,classic,random-start,8x8,tf:98,tf:93,true,p1,accepted,,655893338,655895305680028,14
tf_policy_elo_616bc2f2_phase7_random_to40_2026-08-20,classic-random-8x8_g98_vs_g93.jsonl,classic-random-8x8,classic,random-start,8x8,tf:93,tf:98,false,p1,accepted,,655893338,655895305680029,15
tf_policy_elo_616bc2f2_phase7_random_to40_2026-08-20,classic-random-8x8_g98_vs_g93.jsonl,classic-random-8x8,classic,random-start,8x8,tf:98,tf:93,true,p2,accepted,,655893338,655895305680030,16
tf_policy_elo_616bc2f2_phase7_random_to40_2026-08-20,classic-random-8x8_g98_vs_g93.jsonl,classic-random-8x8,classic,random-start,8x8,tf:93,tf:98,false,p1,accepted,,655893338,655895305680031,17
tf_policy_elo_616bc2f2_phase7_random_to40_2026-08-20,classic-random-8x8_g98_vs_g93.jsonl,classic-random-8x8,classic,random-start,8x8,tf:98,tf:93,true,p2,accepted,,655893338,655895305680032,18
tf_policy_elo_616bc2f2_phase7_random_to40_2026-08-20,classic-random-8x8_g98_vs_g93.jsonl,classic-random-8x8,classic,random-start,8x8,tf:93,tf:98,false,p1,accepted,,655893338,655895305680033,19
tf_policy_elo_616bc2f2_phase7_random_to40_2026-08-20,classic-random-8x8_g98_vs_g93.jsonl,classic-random-8x8,classic,random-start,8x8,tf:98,tf:93,true,p1,accepted,,655893338,655895305680034,20
tf_policy_elo_616bc2f2_phase7_random_to40_2026-08-20,classic-random-8x8_g98_vs_g93.jsonl,classic-random-8x8,classic,random-start,8x8,tf:93,tf:98,false,p1,accepted,,655893338,655895305680035,21
tf_policy_elo_616bc2f2_phase7_random_to40_2026-08-20,classic-random-8x8_g98_vs_g93.jsonl,classic-random-8x8,classic,random-start,8x8,tf:98,tf:93,true,p1,accepted,,655893338,655895305680036,22
tf_policy_elo_616bc2f2_phase7_random_to40_2026-08-20,classic-random-8x8_g98_vs_g93.jsonl,classic-random-8x8,classic,random-start,8x8,tf:93,tf:98,false,p1,accepted,,655893338,655895305680037,23
tf_policy_elo_616bc2f2_phase7_random_to40_2026-08-20,classic-random-8x8_g98_vs_g93.jsonl,classic-random-8x8,classic,random-start,8x8,tf:98,tf:93,true,p2,accepted,,655893338,655895305680038,24
tf_policy_elo_616bc2f2_phase7_random_to40_2026-08-20,classic-random-8x8_g98_vs_g93.jsonl,classic-random-8x8,classic,random-start,8x8,tf:93,tf:98,false,p1,accepted,,655893338,655895305680039,25
tf_policy_elo_616bc2f2_phase7_random_to40_2026-08-20,classic-random-8x8_g98_vs_g93.jsonl,classic-random-8x8,classic,random-start,8x8,tf:98,tf:93,true,p1,accepted,,655893338,655895305680040,26
tf_policy_elo_616bc2f2_phase7_random_to40_2026-08-20,classic-random-8x8_g98_vs_g93.jsonl,classic-random-8x8,classic,random-start,8x8,tf:93,tf:98,false,p1,accepted,,655893338,655895305680041,27
tf_policy_elo_616bc2f2_phase7_random_to40_2026-08-20,classic-random-8x8_g98_vs_g95.jsonl,classic-random-8x8,classic,random-start,8x8,tf:98,tf:95,true,p2,accepted,,655895338,655897305686014,0
tf_policy_elo_616bc2f2_phase7_random_to40_2026-08-20,classic-random-8x8_g98_vs_g95.jsonl,classic-random-8x8,classic,random-start,8x8,tf:95,tf:98,false,p1,accepted,,655895338,655897305686015,1
tf_policy_elo_616bc2f2_phase7_random_to40_2026-08-20,classic-random-8x8_g98_vs_g95.jsonl,classic-random-8x8,classic,random-start,8x8,tf:98,tf:95,true,p1,accepted,,655895338,655897305686016,2
tf_policy_elo_616bc2f2_phase7_random_to40_2026-08-20,classic-random-8x8_g98_vs_g95.jsonl,classic-random-8x8,classic,random-start,8x8,tf:95,tf:98,false,p1,accepted,,655895338,655897305686017,3
tf_policy_elo_616bc2f2_phase7_random_to40_2026-08-20,classic-random-8x8_g98_vs_g95.jsonl,classic-random-8x8,classic,random-start,8x8,tf:98,tf:95,true,p1,accepted,,655895338,655897305686018,4
tf_policy_elo_616bc2f2_phase7_random_to40_2026-08-20,classic-random-8x8_g98_vs_g95.jsonl,classic-random-8x8,classic,random-start,8x8,tf:95,tf:98,false,p2,accepted,,655895338,655897305686019,5
tf_policy_elo_616bc2f2_phase7_random_to40_2026-08-20,classic-random-8x8_g98_vs_g95.jsonl,classic-random-8x8,classic,random-start,8x8,tf:98,tf:95,true,p1,accepted,,655895338,655897305686020,6
tf_policy_elo_616bc2f2_phase7_random_to40_2026-08-20,classic-random-8x8_g98_vs_g95.jsonl,classic-random-8x8,classic,random-start,8x8,tf:95,tf:98,false,p2,accepted,,655895338,655897305686021,7
tf_policy_elo_616bc2f2_phase7_random_to40_2026-08-20,classic-random-8x8_g98_vs_g95.jsonl,classic-random-8x8,classic,random-start,8x8,tf:98,tf:95,true,p1,accepted,,655895338,655897305686022,8
tf_policy_elo_616bc2f2_phase7_random_to40_2026-08-20,classic-random-8x8_g98_vs_g95.jsonl,classic-random-8x8,classic,random-start,8x8,tf:95,tf:98,false,p1,accepted,,655895338,655897305686023,9
tf_policy_elo_616bc2f2_phase7_random_to40_2026-08-20,classic-random-8x8_g98_vs_g95.jsonl,classic-random-8x8,classic,random-start,8x8,tf:98,tf:95,true,p1,accepted,,655895338,655897305686024,10
tf_policy_elo_616bc2f2_phase7_random_to40_2026-08-20,classic-random-8x8_g98_vs_g95.jsonl,classic-random-8x8,classic,random-start,8x8,tf:95,tf:98,false,p1,accepted,,655895338,655897305686025,11
tf_policy_elo_616bc2f2_phase7_random_to40_2026-08-20,classic-random-8x8_g98_vs_g95.jsonl,classic-random-8x8,classic,random-start,8x8,tf:98,tf:95,true,p1,accepted,,655895338,655897305686026,12
tf_policy_elo_616bc2f2_phase7_random_to40_2026-08-20,classic-random-8x8_g98_vs_g95.jsonl,classic-random-8x8,classic,random-start,8x8,tf:95,tf:98,false,p1,accepted,,655895338,655897305686027,13
tf_policy_elo_616bc2f2_phase7_random_to40_2026-08-20,classic-random-8x8_g98_vs_g95.jsonl,classic-random-8x8,classic,random-start,8x8,tf:98,tf:95,true,p1,accepted,,655895338,655897305686028,14
tf_policy_elo_616bc2f2_phase7_random_to40_2026-08-20,classic-random-8x8_g98_vs_g95.jsonl,classic-random-8x8,classic,random-start,8x8,tf:95,tf:98,false,p1,accepted,,655895338,655897305686029,15
tf_policy_elo_616bc2f2_phase7_random_to40_2026-08-20,classic-random-8x8_g98_vs_g95.jsonl,classic-random-8x8,classic,random-start,8x8,tf:98,tf:95,true,p2,accepted,,655895338,655897305686030,16
tf_policy_elo_616bc2f2_phase7_random_to40_2026-08-20,classic-random-8x8_g98_vs_g95.jsonl,classic-random-8x8,classic,random-start,8x8,tf:95,tf:98,false,p1,accepted,,655895338,655897305686031,17
tf_policy_elo_616bc2f2_phase7_random_to40_2026-08-20,classic-random-8x8_g98_vs_g95.jsonl,classic-random-8x8,classic,random-start,8x8,tf:98,tf:95,true,p2,accepted,,655895338,655897305686032,18
tf_policy_elo_616bc2f2_phase7_random_to40_2026-08-20,classic-random-8x8_g98_vs_g95.jsonl,classic-random-8x8,classic,random-start,8x8,tf:95,tf:98,false,p1,accepted,,655895338,655897305686033,19
tf_policy_elo_616bc2f2_phase7_random_to40_2026-08-20,classic-random-8x8_g98_vs_g95.jsonl,classic-random-8x8,classic,random-start,8x8,tf:98,tf:95,true,p1,accepted,,655895338,655897305686034,20
tf_policy_elo_616bc2f2_phase7_random_to40_2026-08-20,classic-random-8x8_g98_vs_g95.jsonl,classic-random-8x8,classic,random-start,8x8,tf:95,tf:98,false,p1,accepted,,655895338,655897305686035,21
tf_policy_elo_616bc2f2_phase7_random_to40_2026-08-20,classic-random-8x8_g98_vs_g95.jsonl,classic-random-8x8,classic,random-start,8x8,tf:98,tf:95,true,p1,accepted,,655895338,655897305686036,22
tf_policy_elo_616bc2f2_phase7_random_to40_2026-08-20,classic-random-8x8_g98_vs_g95.jsonl,classic-random-8x8,classic,random-start,8x8,tf:95,tf:98,false,p2,accepted,,655895338,655897305686037,23
tf_policy_elo_616bc2f2_phase7_random_to40_2026-08-20,classic-random-8x8_g98_vs_g95.jsonl,classic-random-8x8,classic,random-start,8x8,tf:98,tf:95,true,p2,accepted,,655895338,655897305686038,24
tf_policy_elo_616bc2f2_phase7_random_to40_2026-08-20,classic-random-8x8_g98_vs_g95.jsonl,classic-random-8x8,classic,random-start,8x8,tf:95,tf:98,false,p2,accepted,,655895338,655897305686039,25
tf_policy_elo_616bc2f2_phase7_random_to40_2026-08-20,classic-random-8x8_g98_vs_g95.jsonl,classic-random-8x8,classic,random-start,8x8,tf:98,tf:95,true,p1,accepted,,655895338,655897305686040,26
tf_policy_elo_616bc2f2_phase7_random_to40_2026-08-20,classic-random-8x8_g98_vs_g95.jsonl,classic-random-8x8,classic,random-start,8x8,tf:95,tf:98,false,p1,accepted,,655895338,655897305686041,27
tf_policy_elo_616bc2f2_phase7_random_to40_2026-08-20,classic-random-8x8_g98_vs_g97.jsonl,classic-random-8x8,classic,random-start,8x8,tf:98,tf:97,true,p2,accepted,,655897338,655899305692014,0
tf_policy_elo_616bc2f2_phase7_random_to40_2026-08-20,classic-random-8x8_g98_vs_g97.jsonl,classic-random-8x8,classic,random-start,8x8,tf:97,tf:98,false,p1,accepted,,655897338,655899305692015,1
tf_policy_elo_616bc2f2_phase7_random_to40_2026-08-20,classic-random-8x8_g98_vs_g97.jsonl,classic-random-8x8,classic,random-start,8x8,tf:98,tf:97,true,p1,accepted,,655897338,655899305692016,2
tf_policy_elo_616bc2f2_phase7_random_to40_2026-08-20,classic-random-8x8_g98_vs_g97.jsonl,classic-random-8x8,classic,random-start,8x8,tf:97,tf:98,false,p1,accepted,,655897338,655899305692017,3
tf_policy_elo_616bc2f2_phase7_random_to40_2026-08-20,classic-random-8x8_g98_vs_g97.jsonl,classic-random-8x8,classic,random-start,8x8,tf:98,tf:97,true,p1,accepted,,655897338,655899305692018,4
tf_policy_elo_616bc2f2_phase7_random_to40_2026-08-20,classic-random-8x8_g98_vs_g97.jsonl,classic-random-8x8,classic,random-start,8x8,tf:97,tf:98,false,p1,accepted,,655897338,655899305692019,5
tf_policy_elo_616bc2f2_phase7_random_to40_2026-08-20,classic-random-8x8_g98_vs_g97.jsonl,classic-random-8x8,classic,random-start,8x8,tf:98,tf:97,true,p2,accepted,,655897338,655899305692020,6
tf_policy_elo_616bc2f2_phase7_random_to40_2026-08-20,classic-random-8x8_g98_vs_g97.jsonl,classic-random-8x8,classic,random-start,8x8,tf:97,tf:98,false,p2,accepted,,655897338,655899305692021,7
tf_policy_elo_616bc2f2_phase7_random_to40_2026-08-20,classic-random-8x8_g98_vs_g97.jsonl,classic-random-8x8,classic,random-start,8x8,tf:98,tf:97,true,p1,accepted,,655897338,655899305692022,8
tf_policy_elo_616bc2f2_phase7_random_to40_2026-08-20,classic-random-8x8_g98_vs_g97.jsonl,classic-random-8x8,classic,random-start,8x8,tf:97,tf:98,false,p2,accepted,,655897338,655899305692023,9
tf_policy_elo_616bc2f2_phase7_random_to40_2026-08-20,classic-random-8x8_g98_vs_g97.jsonl,classic-random-8x8,classic,random-start,8x8,tf:98,tf:97,true,p1,accepted,,655897338,655899305692024,10
tf_policy_elo_616bc2f2_phase7_random_to40_2026-08-20,classic-random-8x8_g98_vs_g97.jsonl,classic-random-8x8,classic,random-start,8x8,tf:97,tf:98,false,p2,accepted,,655897338,655899305692025,11
tf_policy_elo_616bc2f2_phase7_random_to40_2026-08-20,classic-random-8x8_g98_vs_g97.jsonl,classic-random-8x8,classic,random-start,8x8,tf:98,tf:97,true,p1,accepted,,655897338,655899305692026,12
tf_policy_elo_616bc2f2_phase7_random_to40_2026-08-20,classic-random-8x8_g98_vs_g97.jsonl,classic-random-8x8,classic,random-start,8x8,tf:97,tf:98,false,p1,accepted,,655897338,655899305692027,13
tf_policy_elo_616bc2f2_phase7_random_to40_2026-08-20,classic-random-8x8_g98_vs_g97.jsonl,classic-random-8x8,classic,random-start,8x8,tf:98,tf:97,true,p1,accepted,,655897338,655899305692028,14
tf_policy_elo_616bc2f2_phase7_random_to40_2026-08-20,classic-random-8x8_g98_vs_g97.jsonl,classic-random-8x8,classic,random-start,8x8,tf:97,tf:98,false,p1,accepted,,655897338,655899305692029,15
tf_policy_elo_616bc2f2_phase7_random_to40_2026-08-20,classic-random-8x8_g98_vs_g97.jsonl,classic-random-8x8,classic,random-start,8x8,tf:98,tf:97,true,p1,accepted,,655897338,655899305692030,16
tf_policy_elo_616bc2f2_phase7_random_to40_2026-08-20,classic-random-8x8_g98_vs_g97.jsonl,classic-random-8x8,classic,random-start,8x8,tf:97,tf:98,false,p1,accepted,,655897338,655899305692031,17
tf_policy_elo_616bc2f2_phase7_random_to40_2026-08-20,classic-random-8x8_g98_vs_g97.jsonl,classic-random-8x8,classic,random-start,8x8,tf:98,tf:97,true,p1,accepted,,655897338,655899305692032,18
tf_policy_elo_616bc2f2_phase7_random_to40_2026-08-20,classic-random-8x8_g98_vs_g97.jsonl,classic-random-8x8,classic,random-start,8x8,tf:97,tf:98,false,p1,accepted,,655897338,655899305692033,19
tf_policy_elo_616bc2f2_phase7_random_to40_2026-08-20,classic-random-8x8_g98_vs_g97.jsonl,classic-random-8x8,classic,random-start,8x8,tf:98,tf:97,true,p2,accepted,,655897338,655899305692034,20
tf_policy_elo_616bc2f2_phase7_random_to40_2026-08-20,classic-random-8x8_g98_vs_g97.jsonl,classic-random-8x8,classic,random-start,8x8,tf:97,tf:98,false,p1,accepted,,655897338,655899305692035,21
tf_policy_elo_616bc2f2_phase7_random_to40_2026-08-20,classic-random-8x8_g98_vs_g97.jsonl,classic-random-8x8,classic,random-start,8x8,tf:98,tf:97,true,p1,accepted,,655897338,655899305692036,22
tf_policy_elo_616bc2f2_phase7_random_to40_2026-08-20,classic-random-8x8_g98_vs_g97.jsonl,classic-random-8x8,classic,random-start,8x8,tf:97,tf:98,false,p1,accepted,,655897338,655899305692037,23
tf_policy_elo_616bc2f2_phase7_random_to40_2026-08-20,classic-random-8x8_g98_vs_g97.jsonl,classic-random-8x8,classic,random-start,8x8,tf:98,tf:97,true,p2,accepted,,655897338,655899305692038,24
tf_policy_elo_616bc2f2_phase7_random_to40_2026-08-20,classic-random-8x8_g98_vs_g97.jsonl,classic-random-8x8,classic,random-start,8x8,tf:97,tf:98,false,p1,accepted,,655897338,655899305692039,25
tf_policy_elo_616bc2f2_phase7_random_to40_2026-08-20,classic-random-8x8_g98_vs_g97.jsonl,classic-random-8x8,classic,random-start,8x8,tf:98,tf:97,true,p1,accepted,,655897338,655899305692040,26
tf_policy_elo_616bc2f2_phase7_random_to40_2026-08-20,classic-random-8x8_g98_vs_g97.jsonl,classic-random-8x8,classic,random-start,8x8,tf:97,tf:98,false,p1,accepted,,655897338,655899305692041,27
tf_policy_elo_616bc2f2_phase7_random_to40_2026-08-20,classic-random-8x8_g99_vs_g93.jsonl,classic-random-8x8,classic,random-start,8x8,tf:99,tf:93,true,p2,accepted,,655993338,655995305980014,0
tf_policy_elo_616bc2f2_phase7_random_to40_2026-08-20,classic-random-8x8_g99_vs_g93.jsonl,classic-random-8x8,classic,random-start,8x8,tf:93,tf:99,false,p1,accepted,,655993338,655995305980015,1
tf_policy_elo_616bc2f2_phase7_random_to40_2026-08-20,classic-random-8x8_g99_vs_g93.jsonl,classic-random-8x8,classic,random-start,8x8,tf:99,tf:93,true,p1,accepted,,655993338,655995305980016,2
tf_policy_elo_616bc2f2_phase7_random_to40_2026-08-20,classic-random-8x8_g99_vs_g93.jsonl,classic-random-8x8,classic,random-start,8x8,tf:93,tf:99,false,p1,accepted,,655993338,655995305980017,3
tf_policy_elo_616bc2f2_phase7_random_to40_2026-08-20,classic-random-8x8_g99_vs_g93.jsonl,classic-random-8x8,classic,random-start,8x8,tf:99,tf:93,true,p2,accepted,,655993338,655995305980018,4
tf_policy_elo_616bc2f2_phase7_random_to40_2026-08-20,classic-random-8x8_g99_vs_g93.jsonl,classic-random-8x8,classic,random-start,8x8,tf:93,tf:99,false,p1,accepted,,655993338,655995305980019,5
tf_policy_elo_616bc2f2_phase7_random_to40_2026-08-20,classic-random-8x8_g99_vs_g93.jsonl,classic-random-8x8,classic,random-start,8x8,tf:99,tf:93,true,p1,accepted,,655993338,655995305980020,6
tf_policy_elo_616bc2f2_phase7_random_to40_2026-08-20,classic-random-8x8_g99_vs_g93.jsonl,classic-random-8x8,classic,random-start,8x8,tf:93,tf:99,false,p1,accepted,,655993338,655995305980021,7
tf_policy_elo_616bc2f2_phase7_random_to40_2026-08-20,classic-random-8x8_g99_vs_g93.jsonl,classic-random-8x8,classic,random-start,8x8,tf:99,tf:93,true,p1,accepted,,655993338,655995305980022,8
tf_policy_elo_616bc2f2_phase7_random_to40_2026-08-20,classic-random-8x8_g99_vs_g93.jsonl,classic-random-8x8,classic,random-start,8x8,tf:93,tf:99,false,p1,accepted,,655993338,655995305980023,9
tf_policy_elo_616bc2f2_phase7_random_to40_2026-08-20,classic-random-8x8_g99_vs_g93.jsonl,classic-random-8x8,classic,random-start,8x8,tf:99,tf:93,true,p1,accepted,,655993338,655995305980024,10
tf_policy_elo_616bc2f2_phase7_random_to40_2026-08-20,classic-random-8x8_g99_vs_g93.jsonl,classic-random-8x8,classic,random-start,8x8,tf:93,tf:99,false,p1,accepted,,655993338,655995305980025,11
tf_policy_elo_616bc2f2_phase7_random_to40_2026-08-20,classic-random-8x8_g99_vs_g93.jsonl,classic-random-8x8,classic,random-start,8x8,tf:99,tf:93,true,p1,accepted,,655993338,655995305980026,12
tf_policy_elo_616bc2f2_phase7_random_to40_2026-08-20,classic-random-8x8_g99_vs_g93.jsonl,classic-random-8x8,classic,random-start,8x8,tf:93,tf:99,false,p1,accepted,,655993338,655995305980027,13
tf_policy_elo_616bc2f2_phase7_random_to40_2026-08-20,classic-random-8x8_g99_vs_g93.jsonl,classic-random-8x8,classic,random-start,8x8,tf:99,tf:93,true,p1,accepted,,655993338,655995305980028,14
tf_policy_elo_616bc2f2_phase7_random_to40_2026-08-20,classic-random-8x8_g99_vs_g93.jsonl,classic-random-8x8,classic,random-start,8x8,tf:93,tf:99,false,p2,accepted,,655993338,655995305980029,15
tf_policy_elo_616bc2f2_phase7_random_to40_2026-08-20,classic-random-8x8_g99_vs_g93.jsonl,classic-random-8x8,classic,random-start,8x8,tf:99,tf:93,true,p1,accepted,,655993338,655995305980030,16
tf_policy_elo_616bc2f2_phase7_random_to40_2026-08-20,classic-random-8x8_g99_vs_g93.jsonl,classic-random-8x8,classic,random-start,8x8,tf:93,tf:99,false,p1,accepted,,655993338,655995305980031,17
tf_policy_elo_616bc2f2_phase7_random_to40_2026-08-20,classic-random-8x8_g99_vs_g93.jsonl,classic-random-8x8,classic,random-start,8x8,tf:99,tf:93,true,p1,accepted,,655993338,655995305980032,18
tf_policy_elo_616bc2f2_phase7_random_to40_2026-08-20,classic-random-8x8_g99_vs_g93.jsonl,classic-random-8x8,classic,random-start,8x8,tf:93,tf:99,false,p1,accepted,,655993338,655995305980033,19
tf_policy_elo_616bc2f2_phase7_random_to40_2026-08-20,classic-random-8x8_g99_vs_g93.jsonl,classic-random-8x8,classic,random-start,8x8,tf:99,tf:93,true,p1,accepted,,655993338,655995305980034,20
tf_policy_elo_616bc2f2_phase7_random_to40_2026-08-20,classic-random-8x8_g99_vs_g93.jsonl,classic-random-8x8,classic,random-start,8x8,tf:93,tf:99,false,p1,accepted,,655993338,655995305980035,21
tf_policy_elo_616bc2f2_phase7_random_to40_2026-08-20,classic-random-8x8_g99_vs_g93.jsonl,classic-random-8x8,classic,random-start,8x8,tf:99,tf:93,true,p2,accepted,,655993338,655995305980036,22
tf_policy_elo_616bc2f2_phase7_random_to40_2026-08-20,classic-random-8x8_g99_vs_g93.jsonl,classic-random-8x8,classic,random-start,8x8,tf:93,tf:99,false,p1,accepted,,655993338,655995305980037,23
tf_policy_elo_616bc2f2_phase7_random_to40_2026-08-20,classic-random-8x8_g99_vs_g93.jsonl,classic-random-8x8,classic,random-start,8x8,tf:99,tf:93,true,p1,accepted,,655993338,655995305980038,24
tf_policy_elo_616bc2f2_phase7_random_to40_2026-08-20,classic-random-8x8_g99_vs_g93.jsonl,classic-random-8x8,classic,random-start,8x8,tf:93,tf:99,false,p2,accepted,,655993338,655995305980039,25
tf_policy_elo_616bc2f2_phase7_random_to40_2026-08-20,classic-random-8x8_g99_vs_g93.jsonl,classic-random-8x8,classic,random-start,8x8,tf:99,tf:93,true,p1,accepted,,655993338,655995305980040,26
tf_policy_elo_616bc2f2_phase7_random_to40_2026-08-20,classic-random-8x8_g99_vs_g93.jsonl,classic-random-8x8,classic,random-start,8x8,tf:93,tf:99,false,p2,accepted,,655993338,655995305980041,27
tf_policy_elo_616bc2f2_phase7_random_to40_2026-08-20,classic-random-8x8_g99_vs_g96.jsonl,classic-random-8x8,classic,random-start,8x8,tf:99,tf:96,true,p2,accepted,,655996338,655998305989014,0
tf_policy_elo_616bc2f2_phase7_random_to40_2026-08-20,classic-random-8x8_g99_vs_g96.jsonl,classic-random-8x8,classic,random-start,8x8,tf:96,tf:99,false,p1,accepted,,655996338,655998305989015,1
tf_policy_elo_616bc2f2_phase7_random_to40_2026-08-20,classic-random-8x8_g99_vs_g96.jsonl,classic-random-8x8,classic,random-start,8x8,tf:99,tf:96,true,p1,accepted,,655996338,655998305989016,2
tf_policy_elo_616bc2f2_phase7_random_to40_2026-08-20,classic-random-8x8_g99_vs_g96.jsonl,classic-random-8x8,classic,random-start,8x8,tf:96,tf:99,false,p1,accepted,,655996338,655998305989017,3
tf_policy_elo_616bc2f2_phase7_random_to40_2026-08-20,classic-random-8x8_g99_vs_g96.jsonl,classic-random-8x8,classic,random-start,8x8,tf:99,tf:96,true,p2,accepted,,655996338,655998305989018,4
tf_policy_elo_616bc2f2_phase7_random_to40_2026-08-20,classic-random-8x8_g99_vs_g96.jsonl,classic-random-8x8,classic,random-start,8x8,tf:96,tf:99,false,p1,accepted,,655996338,655998305989019,5
tf_policy_elo_616bc2f2_phase7_random_to40_2026-08-20,classic-random-8x8_g99_vs_g96.jsonl,classic-random-8x8,classic,random-start,8x8,tf:99,tf:96,true,p2,accepted,,655996338,655998305989020,6
tf_policy_elo_616bc2f2_phase7_random_to40_2026-08-20,classic-random-8x8_g99_vs_g96.jsonl,classic-random-8x8,classic,random-start,8x8,tf:96,tf:99,false,p2,accepted,,655996338,655998305989021,7
tf_policy_elo_616bc2f2_phase7_random_to40_2026-08-20,classic-random-8x8_g99_vs_g96.jsonl,classic-random-8x8,classic,random-start,8x8,tf:99,tf:96,true,p1,accepted,,655996338,655998305989022,8
tf_policy_elo_616bc2f2_phase7_random_to40_2026-08-20,classic-random-8x8_g99_vs_g96.jsonl,classic-random-8x8,classic,random-start,8x8,tf:96,tf:99,false,p1,accepted,,655996338,655998305989023,9
tf_policy_elo_616bc2f2_phase7_random_to40_2026-08-20,classic-random-8x8_g99_vs_g96.jsonl,classic-random-8x8,classic,random-start,8x8,tf:99,tf:96,true,p2,accepted,,655996338,655998305989024,10
tf_policy_elo_616bc2f2_phase7_random_to40_2026-08-20,classic-random-8x8_g99_vs_g96.jsonl,classic-random-8x8,classic,random-start,8x8,tf:96,tf:99,false,p1,accepted,,655996338,655998305989025,11
tf_policy_elo_616bc2f2_phase7_random_to40_2026-08-20,classic-random-8x8_g99_vs_g96.jsonl,classic-random-8x8,classic,random-start,8x8,tf:99,tf:96,true,p1,accepted,,655996338,655998305989026,12
tf_policy_elo_616bc2f2_phase7_random_to40_2026-08-20,classic-random-8x8_g99_vs_g96.jsonl,classic-random-8x8,classic,random-start,8x8,tf:96,tf:99,false,p2,accepted,,655996338,655998305989027,13
tf_policy_elo_616bc2f2_phase7_random_to40_2026-08-20,classic-random-8x8_g99_vs_g96.jsonl,classic-random-8x8,classic,random-start,8x8,tf:99,tf:96,true,p2,accepted,,655996338,655998305989028,14
tf_policy_elo_616bc2f2_phase7_random_to40_2026-08-20,classic-random-8x8_g99_vs_g96.jsonl,classic-random-8x8,classic,random-start,8x8,tf:96,tf:99,false,p1,accepted,,655996338,655998305989029,15
tf_policy_elo_616bc2f2_phase7_random_to40_2026-08-20,classic-random-8x8_g99_vs_g96.jsonl,classic-random-8x8,classic,random-start,8x8,tf:99,tf:96,true,p2,accepted,,655996338,655998305989030,16
tf_policy_elo_616bc2f2_phase7_random_to40_2026-08-20,classic-random-8x8_g99_vs_g96.jsonl,classic-random-8x8,classic,random-start,8x8,tf:96,tf:99,false,p1,accepted,,655996338,655998305989031,17
tf_policy_elo_616bc2f2_phase7_random_to40_2026-08-20,classic-random-8x8_g99_vs_g96.jsonl,classic-random-8x8,classic,random-start,8x8,tf:99,tf:96,true,p1,accepted,,655996338,655998305989032,18
tf_policy_elo_616bc2f2_phase7_random_to40_2026-08-20,classic-random-8x8_g99_vs_g96.jsonl,classic-random-8x8,classic,random-start,8x8,tf:96,tf:99,false,p1,accepted,,655996338,655998305989033,19
tf_policy_elo_616bc2f2_phase7_random_to40_2026-08-20,classic-random-8x8_g99_vs_g96.jsonl,classic-random-8x8,classic,random-start,8x8,tf:99,tf:96,true,p1,accepted,,655996338,655998305989034,20
tf_policy_elo_616bc2f2_phase7_random_to40_2026-08-20,classic-random-8x8_g99_vs_g96.jsonl,classic-random-8x8,classic,random-start,8x8,tf:96,tf:99,false,p1,accepted,,655996338,655998305989035,21
tf_policy_elo_616bc2f2_phase7_random_to40_2026-08-20,classic-random-8x8_g99_vs_g96.jsonl,classic-random-8x8,classic,random-start,8x8,tf:99,tf:96,true,p1,accepted,,655996338,655998305989036,22
tf_policy_elo_616bc2f2_phase7_random_to40_2026-08-20,classic-random-8x8_g99_vs_g96.jsonl,classic-random-8x8,classic,random-start,8x8,tf:96,tf:99,false,p2,accepted,,655996338,655998305989037,23
tf_policy_elo_616bc2f2_phase7_random_to40_2026-08-20,classic-random-8x8_g99_vs_g96.jsonl,classic-random-8x8,classic,random-start,8x8,tf:99,tf:96,true,p1,accepted,,655996338,655998305989038,24
tf_policy_elo_616bc2f2_phase7_random_to40_2026-08-20,classic-random-8x8_g99_vs_g96.jsonl,classic-random-8x8,classic,random-start,8x8,tf:96,tf:99,false,p2,accepted,,655996338,655998305989039,25
tf_policy_elo_616bc2f2_phase7_random_to40_2026-08-20,classic-random-8x8_g99_vs_g96.jsonl,classic-random-8x8,classic,random-start,8x8,tf:99,tf:96,true,p2,accepted,,655996338,655998305989040,26
tf_policy_elo_616bc2f2_phase7_random_to40_2026-08-20,classic-random-8x8_g99_vs_g96.jsonl,classic-random-8x8,classic,random-start,8x8,tf:96,tf:99,false,p2,accepted,,655996338,655998305989041,27
tf_policy_elo_616bc2f2_phase7_random_to40_2026-08-20,classic-random-8x8_g99_vs_g98.jsonl,classic-random-8x8,classic,random-start,8x8,tf:99,tf:98,true,p2,accepted,,655998338,656000305995014,0
tf_policy_elo_616bc2f2_phase7_random_to40_2026-08-20,classic-random-8x8_g99_vs_g98.jsonl,classic-random-8x8,classic,random-start,8x8,tf:98,tf:99,false,p1,accepted,,655998338,656000305995015,1
tf_policy_elo_616bc2f2_phase7_random_to40_2026-08-20,classic-random-8x8_g99_vs_g98.jsonl,classic-random-8x8,classic,random-start,8x8,tf:99,tf:98,true,p1,accepted,,655998338,656000305995016,2
tf_policy_elo_616bc2f2_phase7_random_to40_2026-08-20,classic-random-8x8_g99_vs_g98.jsonl,classic-random-8x8,classic,random-start,8x8,tf:98,tf:99,false,p1,accepted,,655998338,656000305995017,3
tf_policy_elo_616bc2f2_phase7_random_to40_2026-08-20,classic-random-8x8_g99_vs_g98.jsonl,classic-random-8x8,classic,random-start,8x8,tf:99,tf:98,true,p1,accepted,,655998338,656000305995018,4
tf_policy_elo_616bc2f2_phase7_random_to40_2026-08-20,classic-random-8x8_g99_vs_g98.jsonl,classic-random-8x8,classic,random-start,8x8,tf:98,tf:99,false,p1,accepted,,655998338,656000305995019,5
tf_policy_elo_616bc2f2_phase7_random_to40_2026-08-20,classic-random-8x8_g99_vs_g98.jsonl,classic-random-8x8,classic,random-start,8x8,tf:99,tf:98,true,p1,accepted,,655998338,656000305995020,6
tf_policy_elo_616bc2f2_phase7_random_to40_2026-08-20,classic-random-8x8_g99_vs_g98.jsonl,classic-random-8x8,classic,random-start,8x8,tf:98,tf:99,false,p1,accepted,,655998338,656000305995021,7
tf_policy_elo_616bc2f2_phase7_random_to40_2026-08-20,classic-random-8x8_g99_vs_g98.jsonl,classic-random-8x8,classic,random-start,8x8,tf:99,tf:98,true,p1,accepted,,655998338,656000305995022,8
tf_policy_elo_616bc2f2_phase7_random_to40_2026-08-20,classic-random-8x8_g99_vs_g98.jsonl,classic-random-8x8,classic,random-start,8x8,tf:98,tf:99,false,p1,accepted,,655998338,656000305995023,9
tf_policy_elo_616bc2f2_phase7_random_to40_2026-08-20,classic-random-8x8_g99_vs_g98.jsonl,classic-random-8x8,classic,random-start,8x8,tf:99,tf:98,true,p1,accepted,,655998338,656000305995024,10
tf_policy_elo_616bc2f2_phase7_random_to40_2026-08-20,classic-random-8x8_g99_vs_g98.jsonl,classic-random-8x8,classic,random-start,8x8,tf:98,tf:99,false,p2,accepted,,655998338,656000305995025,11
tf_policy_elo_616bc2f2_phase7_random_to40_2026-08-20,classic-random-8x8_g99_vs_g98.jsonl,classic-random-8x8,classic,random-start,8x8,tf:99,tf:98,true,p1,accepted,,655998338,656000305995026,12
tf_policy_elo_616bc2f2_phase7_random_to40_2026-08-20,classic-random-8x8_g99_vs_g98.jsonl,classic-random-8x8,classic,random-start,8x8,tf:98,tf:99,false,p2,accepted,,655998338,656000305995027,13
tf_policy_elo_616bc2f2_phase7_random_to40_2026-08-20,classic-random-8x8_g99_vs_g98.jsonl,classic-random-8x8,classic,random-start,8x8,tf:99,tf:98,true,p1,accepted,,655998338,656000305995028,14
tf_policy_elo_616bc2f2_phase7_random_to40_2026-08-20,classic-random-8x8_g99_vs_g98.jsonl,classic-random-8x8,classic,random-start,8x8,tf:98,tf:99,false,p1,accepted,,655998338,656000305995029,15
tf_policy_elo_616bc2f2_phase7_random_to40_2026-08-20,classic-random-8x8_g99_vs_g98.jsonl,classic-random-8x8,classic,random-start,8x8,tf:99,tf:98,true,p1,accepted,,655998338,656000305995030,16
tf_policy_elo_616bc2f2_phase7_random_to40_2026-08-20,classic-random-8x8_g99_vs_g98.jsonl,classic-random-8x8,classic,random-start,8x8,tf:98,tf:99,false,p2,accepted,,655998338,656000305995031,17
tf_policy_elo_616bc2f2_phase7_random_to40_2026-08-20,classic-random-8x8_g99_vs_g98.jsonl,classic-random-8x8,classic,random-start,8x8,tf:99,tf:98,true,p2,accepted,,655998338,656000305995032,18
tf_policy_elo_616bc2f2_phase7_random_to40_2026-08-20,classic-random-8x8_g99_vs_g98.jsonl,classic-random-8x8,classic,random-start,8x8,tf:98,tf:99,false,p2,accepted,,655998338,656000305995033,19
tf_policy_elo_616bc2f2_phase7_random_to40_2026-08-20,classic-random-8x8_g99_vs_g98.jsonl,classic-random-8x8,classic,random-start,8x8,tf:99,tf:98,true,p1,accepted,,655998338,656000305995034,20
tf_policy_elo_616bc2f2_phase7_random_to40_2026-08-20,classic-random-8x8_g99_vs_g98.jsonl,classic-random-8x8,classic,random-start,8x8,tf:98,tf:99,false,p1,accepted,,655998338,656000305995035,21
tf_policy_elo_616bc2f2_phase7_random_to40_2026-08-20,classic-random-8x8_g99_vs_g98.jsonl,classic-random-8x8,classic,random-start,8x8,tf:99,tf:98,true,p2,accepted,,655998338,656000305995036,22
tf_policy_elo_616bc2f2_phase7_random_to40_2026-08-20,classic-random-8x8_g99_vs_g98.jsonl,classic-random-8x8,classic,random-start,8x8,tf:98,tf:99,false,p2,accepted,,655998338,656000305995037,23
tf_policy_elo_616bc2f2_phase7_random_to40_2026-08-20,classic-random-8x8_g99_vs_g98.jsonl,classic-random-8x8,classic,random-start,8x8,tf:99,tf:98,true,p1,accepted,,655998338,656000305995038,24
tf_policy_elo_616bc2f2_phase7_random_to40_2026-08-20,classic-random-8x8_g99_vs_g98.jsonl,classic-random-8x8,classic,random-start,8x8,tf:98,tf:99,false,p1,accepted,,655998338,656000305995039,25
tf_policy_elo_616bc2f2_phase7_random_to40_2026-08-20,classic-random-8x8_g99_vs_g98.jsonl,classic-random-8x8,classic,random-start,8x8,tf:99,tf:98,true,p1,accepted,,655998338,656000305995040,26
tf_policy_elo_616bc2f2_phase7_random_to40_2026-08-20,classic-random-8x8_g99_vs_g98.jsonl,classic-random-8x8,classic,random-start,8x8,tf:98,tf:99,false,p1,accepted,,655998338,656000305995041,27
tf_policy_elo_616bc2f2_phase7_random_to40_2026-08-20,standard-random-8x8_g110_vs_g107.jsonl,standard-random-8x8,standard,random-start,8x8,tf:110,tf:107,true,p1,accepted,,657107568,657109539322704,0
tf_policy_elo_616bc2f2_phase7_random_to40_2026-08-20,standard-random-8x8_g110_vs_g107.jsonl,standard-random-8x8,standard,random-start,8x8,tf:107,tf:110,false,p2,accepted,,657107568,657109539322705,1
