exp,sourceFile,conditionId,variant,setup,board,p1,p2,candidateIsP1,winner,evidenceStatus,exclusionReason,engineSeed,randomStartSeed,game
tf_phase7_policy_classic_2026-08-20,classic_12x10_g100_vs_g94.jsonl,classic-random-12x10,classic,random-start,12x10,tf:100,tf:94,true,p1,accepted,,831094,831096493282,0
tf_phase7_policy_classic_2026-08-20,classic_12x10_g100_vs_g94.jsonl,classic-random-12x10,classic,random-start,12x10,tf:94,tf:100,false,p2,accepted,,831094,831096493283,1
tf_phase7_policy_classic_2026-08-20,classic_12x10_g100_vs_g94.jsonl,classic-random-12x10,classic,random-start,12x10,tf:100,tf:94,true,p1,accepted,,831094,831096493284,2
tf_phase7_policy_classic_2026-08-20,classic_12x10_g100_vs_g94.jsonl,classic-random-12x10,classic,random-start,12x10,tf:94,tf:100,false,p1,accepted,,831094,831096493285,3
tf_phase7_policy_classic_2026-08-20,classic_12x10_g100_vs_g94.jsonl,classic-random-12x10,classic,random-start,12x10,tf:100,tf:94,true,p2,accepted,,831094,831096493286,4
tf_phase7_policy_classic_2026-08-20,classic_12x10_g100_vs_g94.jsonl,classic-random-12x10,classic,random-start,12x10,tf:94,tf:100,false,p2,accepted,,831094,831096493287,5
tf_phase7_policy_classic_2026-08-20,classic_12x10_g100_vs_g94.jsonl,classic-random-12x10,classic,random-start,12x10,tf:100,tf:94,true,p2,accepted,,831094,831096493288,6
tf_phase7_policy_classic_2026-08-20,classic_12x10_g100_vs_g94.jsonl,classic-random-12x10,classic,random-start,12x10,tf:94,tf:100,false,p1,accepted,,831094,831096493289,7
tf_phase7_policy_classic_2026-08-20,classic_12x10_g100_vs_g94.jsonl,classic-random-12x10,classic,random-start,12x10,tf:100,tf:94,true,p2,accepted,,831094,831096493290,8
tf_phase7_policy_classic_2026-08-20,classic_12x10_g100_vs_g94.jsonl,classic-random-12x10,classic,random-start,12x10,tf:94,tf:100,false,p1,accepted,,831094,831096493291,9
tf_phase7_policy_classic_2026-08-20,classic_12x10_g100_vs_g94.jsonl,classic-random-12x10,classic,random-start,12x10,tf:100,tf:94,true,p2,accepted,,831094,831096493292,10
tf_phase7_policy_classic_2026-08-20,classic_12x10_g100_vs_g94.jsonl,classic-random-12x10,classic,random-start,12x10,tf:94,tf:100,false,p1,accepted,,831094,831096493293,11
tf_phase7_policy_classic_2026-08-20,classic_12x10_g100_vs_g94.jsonl,classic-random-12x10,classic,random-start,12x10,tf:100,tf:94,true,p1,accepted,,831094,831096493294,12
tf_phase7_policy_classic_2026-08-20,classic_12x10_g100_vs_g94.jsonl,classic-random-12x10,classic,random-start,12x10,tf:94,tf:100,false,p2,accepted,,831094,831096493295,13
tf_phase7_policy_classic_2026-08-20,classic_12x10_g100_vs_g94.jsonl,classic-random-12x10,classic,random-start,12x10,tf:100,tf:94,true,p1,accepted,,831094,831096493296,14
tf_phase7_policy_classic_2026-08-20,classic_12x10_g100_vs_g94.jsonl,classic-random-12x10,classic,random-start,12x10,tf:94,tf:100,false,p2,accepted,,831094,831096493297,15
tf_phase7_policy_classic_2026-08-20,classic_12x10_g100_vs_g94.jsonl,classic-random-12x10,classic,random-start,12x10,tf:100,tf:94,true,p2,accepted,,831094,831096493298,16
tf_phase7_policy_classic_2026-08-20,classic_12x10_g100_vs_g94.jsonl,classic-random-12x10,classic,random-start,12x10,tf:94,tf:100,false,p1,accepted,,831094,831096493299,17
tf_phase7_policy_classic_2026-08-20,classic_12x10_g100_vs_g94.jsonl,classic-random-12x10,classic,random-start,12x10,tf:100,tf:94,true,p2,accepted,,831094,831096493300,18
tf_phase7_policy_classic_2026-08-20,classic_12x10_g100_vs_g94.jsonl,classic-random-12x10,classic,random-start,12x10,tf:94,tf:100,false,p2,accepted,,831094,831096493301,19
tf_phase7_policy_classic_2026-08-20,classic_12x10_g100_vs_g94.jsonl,classic-random-12x10,classic,random-start,12x10,tf:100,tf:94,true,p2,accepted,,831094,831096493302,20
tf_phase7_policy_classic_2026-08-20,classic_12x10_g100_vs_g94.jsonl,classic-random-12x10,classic,random-start,12x10,tf:94,tf:100,false,p2,accepted,,831094,831096493303,21
tf_phase7_policy_classic_2026-08-20,classic_12x10_g100_vs_g94.jsonl,classic-random-12x10,classic,random-start,12x10,tf:100,tf:94,true,p1,accepted,,831094,831096493304,22
tf_phase7_policy_classic_2026-08-20,classic_12x10_g100_vs_g94.jsonl,classic-random-12x10,classic,random-start,12x10,tf:94,tf:100,false,p2,accepted,,831094,831096493305,23
tf_phase7_policy_classic_2026-08-20,classic_12x10_g100_vs_g94.jsonl,classic-random-12x10,classic,random-start,12x10,tf:100,tf:94,true,p1,accepted,,831094,831096493306,24
tf_phase7_policy_classic_2026-08-20,classic_12x10_g100_vs_g94.jsonl,classic-random-12x10,classic,random-start,12x10,tf:94,tf:100,false,p1,accepted,,831094,831096493307,25
tf_phase7_policy_classic_2026-08-20,classic_12x10_g100_vs_g94.jsonl,classic-random-12x10,classic,random-start,12x10,tf:100,tf:94,true,p2,accepted,,831094,831096493308,26
tf_phase7_policy_classic_2026-08-20,classic_12x10_g100_vs_g94.jsonl,classic-random-12x10,classic,random-start,12x10,tf:94,tf:100,false,p1,accepted,,831094,831096493309,27
tf_phase7_policy_classic_2026-08-20,classic_12x10_g100_vs_g94.jsonl,classic-random-12x10,classic,random-start,12x10,tf:100,tf:94,true,p1,accepted,,831094,831096493310,28
tf_phase7_policy_classic_2026-08-20,classic_12x10_g100_vs_g94.jsonl,classic-random-12x10,classic,random-start,12x10,tf:94,tf:100,false,p1,accepted,,831094,831096493311,29
tf_phase7_policy_classic_2026-08-20,classic_12x10_g100_vs_g94.jsonl,classic-random-12x10,classic,random-start,12x10,tf:100,tf:94,true,p1,accepted,,831094,831096493312,30
tf_phase7_policy_classic_2026-08-20,classic_12x10_g100_vs_g94.jsonl,classic-random-12x10,classic,random-start,12x10,tf:94,tf:100,false,p1,accepted,,831094,831096493313,31
tf_phase7_policy_classic_2026-08-20,classic_12x10_g100_vs_g94.jsonl,classic-random-12x10,classic,random-start,12x10,tf:100,tf:94,true,p2,accepted,,831094,831096493314,32
tf_phase7_policy_classic_2026-08-20,classic_12x10_g100_vs_g94.jsonl,classic-random-12x10,classic,random-start,12x10,tf:94,tf:100,false,p1,accepted,,831094,831096493315,33
tf_phase7_policy_classic_2026-08-20,classic_12x10_g100_vs_g94.jsonl,classic-random-12x10,classic,random-start,12x10,tf:100,tf:94,true,p1,accepted,,831094,831096493316,34
tf_phase7_policy_classic_2026-08-20,classic_12x10_g100_vs_g94.jsonl,classic-random-12x10,classic,random-start,12x10,tf:94,tf:100,false,p1,accepted,,831094,831096493317,35
tf_phase7_policy_classic_2026-08-20,classic_12x10_g100_vs_g94.jsonl,classic-random-12x10,classic,random-start,12x10,tf:100,tf:94,true,p2,accepted,,831094,831096493318,36
tf_phase7_policy_classic_2026-08-20,classic_12x10_g100_vs_g94.jsonl,classic-random-12x10,classic,random-start,12x10,tf:94,tf:100,false,p2,accepted,,831094,831096493319,37
tf_phase7_policy_classic_2026-08-20,classic_12x10_g100_vs_g94.jsonl,classic-random-12x10,classic,random-start,12x10,tf:100,tf:94,true,p1,accepted,,831094,831096493320,38
tf_phase7_policy_classic_2026-08-20,classic_12x10_g100_vs_g94.jsonl,classic-random-12x10,classic,random-start,12x10,tf:94,tf:100,false,p1,accepted,,831094,831096493321,39
tf_phase7_policy_classic_2026-08-20,classic_12x10_g100_vs_g97.jsonl,classic-random-12x10,classic,random-start,12x10,tf:100,tf:97,true,p1,accepted,,831097,831099493291,0
tf_phase7_policy_classic_2026-08-20,classic_12x10_g100_vs_g97.jsonl,classic-random-12x10,classic,random-start,12x10,tf:97,tf:100,false,p2,accepted,,831097,831099493292,1
tf_phase7_policy_classic_2026-08-20,classic_12x10_g100_vs_g97.jsonl,classic-random-12x10,classic,random-start,12x10,tf:100,tf:97,true,p2,accepted,,831097,831099493293,2
tf_phase7_policy_classic_2026-08-20,classic_12x10_g100_vs_g97.jsonl,classic-random-12x10,classic,random-start,12x10,tf:97,tf:100,false,p2,accepted,,831097,831099493294,3
tf_phase7_policy_classic_2026-08-20,classic_12x10_g100_vs_g97.jsonl,classic-random-12x10,classic,random-start,12x10,tf:100,tf:97,true,p1,accepted,,831097,831099493295,4
tf_phase7_policy_classic_2026-08-20,classic_12x10_g100_vs_g97.jsonl,classic-random-12x10,classic,random-start,12x10,tf:97,tf:100,false,p1,accepted,,831097,831099493296,5
tf_phase7_policy_classic_2026-08-20,classic_12x10_g100_vs_g97.jsonl,classic-random-12x10,classic,random-start,12x10,tf:100,tf:97,true,p1,accepted,,831097,831099493297,6
tf_phase7_policy_classic_2026-08-20,classic_12x10_g100_vs_g97.jsonl,classic-random-12x10,classic,random-start,12x10,tf:97,tf:100,false,p1,accepted,,831097,831099493298,7
tf_phase7_policy_classic_2026-08-20,classic_12x10_g100_vs_g97.jsonl,classic-random-12x10,classic,random-start,12x10,tf:100,tf:97,true,p2,accepted,,831097,831099493299,8
tf_phase7_policy_classic_2026-08-20,classic_12x10_g100_vs_g97.jsonl,classic-random-12x10,classic,random-start,12x10,tf:97,tf:100,false,p2,accepted,,831097,831099493300,9
tf_phase7_policy_classic_2026-08-20,classic_12x10_g100_vs_g97.jsonl,classic-random-12x10,classic,random-start,12x10,tf:100,tf:97,true,p1,accepted,,831097,831099493301,10
tf_phase7_policy_classic_2026-08-20,classic_12x10_g100_vs_g97.jsonl,classic-random-12x10,classic,random-start,12x10,tf:97,tf:100,false,p1,accepted,,831097,831099493302,11
tf_phase7_policy_classic_2026-08-20,classic_12x10_g100_vs_g97.jsonl,classic-random-12x10,classic,random-start,12x10,tf:100,tf:97,true,p1,accepted,,831097,831099493303,12
tf_phase7_policy_classic_2026-08-20,classic_12x10_g100_vs_g97.jsonl,classic-random-12x10,classic,random-start,12x10,tf:97,tf:100,false,p2,accepted,,831097,831099493304,13
tf_phase7_policy_classic_2026-08-20,classic_12x10_g100_vs_g97.jsonl,classic-random-12x10,classic,random-start,12x10,tf:100,tf:97,true,p2,accepted,,831097,831099493305,14
tf_phase7_policy_classic_2026-08-20,classic_12x10_g100_vs_g97.jsonl,classic-random-12x10,classic,random-start,12x10,tf:97,tf:100,false,p2,accepted,,831097,831099493306,15
tf_phase7_policy_classic_2026-08-20,classic_12x10_g100_vs_g97.jsonl,classic-random-12x10,classic,random-start,12x10,tf:100,tf:97,true,p1,accepted,,831097,831099493307,16
tf_phase7_policy_classic_2026-08-20,classic_12x10_g100_vs_g97.jsonl,classic-random-12x10,classic,random-start,12x10,tf:97,tf:100,false,p1,accepted,,831097,831099493308,17
tf_phase7_policy_classic_2026-08-20,classic_12x10_g100_vs_g97.jsonl,classic-random-12x10,classic,random-start,12x10,tf:100,tf:97,true,p2,accepted,,831097,831099493309,18
tf_phase7_policy_classic_2026-08-20,classic_12x10_g100_vs_g97.jsonl,classic-random-12x10,classic,random-start,12x10,tf:97,tf:100,false,p1,accepted,,831097,831099493310,19
tf_phase7_policy_classic_2026-08-20,classic_12x10_g100_vs_g97.jsonl,classic-random-12x10,classic,random-start,12x10,tf:100,tf:97,true,p2,accepted,,831097,831099493311,20
tf_phase7_policy_classic_2026-08-20,classic_12x10_g100_vs_g97.jsonl,classic-random-12x10,classic,random-start,12x10,tf:97,tf:100,false,p1,accepted,,831097,831099493312,21
tf_phase7_policy_classic_2026-08-20,classic_12x10_g100_vs_g97.jsonl,classic-random-12x10,classic,random-start,12x10,tf:100,tf:97,true,p2,accepted,,831097,831099493313,22
tf_phase7_policy_classic_2026-08-20,classic_12x10_g100_vs_g97.jsonl,classic-random-12x10,classic,random-start,12x10,tf:97,tf:100,false,p1,accepted,,831097,831099493314,23
tf_phase7_policy_classic_2026-08-20,classic_12x10_g100_vs_g97.jsonl,classic-random-12x10,classic,random-start,12x10,tf:100,tf:97,true,p2,accepted,,831097,831099493315,24
tf_phase7_policy_classic_2026-08-20,classic_12x10_g100_vs_g97.jsonl,classic-random-12x10,classic,random-start,12x10,tf:97,tf:100,false,p1,accepted,,831097,831099493316,25
tf_phase7_policy_classic_2026-08-20,classic_12x10_g100_vs_g97.jsonl,classic-random-12x10,classic,random-start,12x10,tf:100,tf:97,true,p1,accepted,,831097,831099493317,26
tf_phase7_policy_classic_2026-08-20,classic_12x10_g100_vs_g97.jsonl,classic-random-12x10,classic,random-start,12x10,tf:97,tf:100,false,p2,accepted,,831097,831099493318,27
tf_phase7_policy_classic_2026-08-20,classic_12x10_g100_vs_g97.jsonl,classic-random-12x10,classic,random-start,12x10,tf:100,tf:97,true,p1,accepted,,831097,831099493319,28
tf_phase7_policy_classic_2026-08-20,classic_12x10_g100_vs_g97.jsonl,classic-random-12x10,classic,random-start,12x10,tf:97,tf:100,false,p1,accepted,,831097,831099493320,29
tf_phase7_policy_classic_2026-08-20,classic_12x10_g100_vs_g97.jsonl,classic-random-12x10,classic,random-start,12x10,tf:100,tf:97,true,p1,accepted,,831097,831099493321,30
tf_phase7_policy_classic_2026-08-20,classic_12x10_g100_vs_g97.jsonl,classic-random-12x10,classic,random-start,12x10,tf:97,tf:100,false,p1,accepted,,831097,831099493322,31
tf_phase7_policy_classic_2026-08-20,classic_12x10_g100_vs_g97.jsonl,classic-random-12x10,classic,random-start,12x10,tf:100,tf:97,true,p1,accepted,,831097,831099493323,32
tf_phase7_policy_classic_2026-08-20,classic_12x10_g100_vs_g97.jsonl,classic-random-12x10,classic,random-start,12x10,tf:97,tf:100,false,p1,accepted,,831097,831099493324,33
tf_phase7_policy_classic_2026-08-20,classic_12x10_g100_vs_g97.jsonl,classic-random-12x10,classic,random-start,12x10,tf:100,tf:97,true,p2,accepted,,831097,831099493325,34
tf_phase7_policy_classic_2026-08-20,classic_12x10_g100_vs_g97.jsonl,classic-random-12x10,classic,random-start,12x10,tf:97,tf:100,false,p2,accepted,,831097,831099493326,35
tf_phase7_policy_classic_2026-08-20,classic_12x10_g100_vs_g97.jsonl,classic-random-12x10,classic,random-start,12x10,tf:100,tf:97,true,p1,accepted,,831097,831099493327,36
tf_phase7_policy_classic_2026-08-20,classic_12x10_g100_vs_g97.jsonl,classic-random-12x10,classic,random-start,12x10,tf:97,tf:100,false,p1,accepted,,831097,831099493328,37
tf_phase7_policy_classic_2026-08-20,classic_12x10_g100_vs_g97.jsonl,classic-random-12x10,classic,random-start,12x10,tf:100,tf:97,true,p1,accepted,,831097,831099493329,38
tf_phase7_policy_classic_2026-08-20,classic_12x10_g100_vs_g97.jsonl,classic-random-12x10,classic,random-start,12x10,tf:97,tf:100,false,p1,accepted,,831097,831099493330,39
tf_phase7_policy_classic_2026-08-20,classic_12x10_g100_vs_g99.jsonl,classic-random-12x10,classic,random-start,12x10,tf:100,tf:99,true,p1,accepted,,831099,831101493297,0
tf_phase7_policy_classic_2026-08-20,classic_12x10_g100_vs_g99.jsonl,classic-random-12x10,classic,random-start,12x10,tf:99,tf:100,false,p1,accepted,,831099,831101493298,1
tf_phase7_policy_classic_2026-08-20,classic_12x10_g100_vs_g99.jsonl,classic-random-12x10,classic,random-start,12x10,tf:100,tf:99,true,p2,accepted,,831099,831101493299,2
tf_phase7_policy_classic_2026-08-20,classic_12x10_g100_vs_g99.jsonl,classic-random-12x10,classic,random-start,12x10,tf:99,tf:100,false,p1,accepted,,831099,831101493300,3
tf_phase7_policy_classic_2026-08-20,classic_12x10_g100_vs_g99.jsonl,classic-random-12x10,classic,random-start,12x10,tf:100,tf:99,true,p1,accepted,,831099,831101493301,4
tf_phase7_policy_classic_2026-08-20,classic_12x10_g100_vs_g99.jsonl,classic-random-12x10,classic,random-start,12x10,tf:99,tf:100,false,p2,accepted,,831099,831101493302,5
tf_phase7_policy_classic_2026-08-20,classic_12x10_g100_vs_g99.jsonl,classic-random-12x10,classic,random-start,12x10,tf:100,tf:99,true,p2,accepted,,831099,831101493303,6
tf_phase7_policy_classic_2026-08-20,classic_12x10_g100_vs_g99.jsonl,classic-random-12x10,classic,random-start,12x10,tf:99,tf:100,false,p2,accepted,,831099,831101493304,7
tf_phase7_policy_classic_2026-08-20,classic_12x10_g100_vs_g99.jsonl,classic-random-12x10,classic,random-start,12x10,tf:100,tf:99,true,p2,accepted,,831099,831101493305,8
tf_phase7_policy_classic_2026-08-20,classic_12x10_g100_vs_g99.jsonl,classic-random-12x10,classic,random-start,12x10,tf:99,tf:100,false,p2,accepted,,831099,831101493306,9
tf_phase7_policy_classic_2026-08-20,classic_12x10_g100_vs_g99.jsonl,classic-random-12x10,classic,random-start,12x10,tf:100,tf:99,true,p1,accepted,,831099,831101493307,10
tf_phase7_policy_classic_2026-08-20,classic_12x10_g100_vs_g99.jsonl,classic-random-12x10,classic,random-start,12x10,tf:99,tf:100,false,p1,accepted,,831099,831101493308,11
tf_phase7_policy_classic_2026-08-20,classic_12x10_g100_vs_g99.jsonl,classic-random-12x10,classic,random-start,12x10,tf:100,tf:99,true,p2,accepted,,831099,831101493309,12
tf_phase7_policy_classic_2026-08-20,classic_12x10_g100_vs_g99.jsonl,classic-random-12x10,classic,random-start,12x10,tf:99,tf:100,false,p1,accepted,,831099,831101493310,13
tf_phase7_policy_classic_2026-08-20,classic_12x10_g100_vs_g99.jsonl,classic-random-12x10,classic,random-start,12x10,tf:100,tf:99,true,p2,accepted,,831099,831101493311,14
tf_phase7_policy_classic_2026-08-20,classic_12x10_g100_vs_g99.jsonl,classic-random-12x10,classic,random-start,12x10,tf:99,tf:100,false,p1,accepted,,831099,831101493312,15
tf_phase7_policy_classic_2026-08-20,classic_12x10_g100_vs_g99.jsonl,classic-random-12x10,classic,random-start,12x10,tf:100,tf:99,true,p1,accepted,,831099,831101493313,16
tf_phase7_policy_classic_2026-08-20,classic_12x10_g100_vs_g99.jsonl,classic-random-12x10,classic,random-start,12x10,tf:99,tf:100,false,p1,accepted,,831099,831101493314,17
tf_phase7_policy_classic_2026-08-20,classic_12x10_g100_vs_g99.jsonl,classic-random-12x10,classic,random-start,12x10,tf:100,tf:99,true,p2,accepted,,831099,831101493315,18
tf_phase7_policy_classic_2026-08-20,classic_12x10_g100_vs_g99.jsonl,classic-random-12x10,classic,random-start,12x10,tf:99,tf:100,false,p1,accepted,,831099,831101493316,19
tf_phase7_policy_classic_2026-08-20,classic_12x10_g100_vs_g99.jsonl,classic-random-12x10,classic,random-start,12x10,tf:100,tf:99,true,p1,accepted,,831099,831101493317,20
tf_phase7_policy_classic_2026-08-20,classic_12x10_g100_vs_g99.jsonl,classic-random-12x10,classic,random-start,12x10,tf:99,tf:100,false,p1,accepted,,831099,831101493318,21
tf_phase7_policy_classic_2026-08-20,classic_12x10_g100_vs_g99.jsonl,classic-random-12x10,classic,random-start,12x10,tf:100,tf:99,true,p2,accepted,,831099,831101493319,22
tf_phase7_policy_classic_2026-08-20,classic_12x10_g100_vs_g99.jsonl,classic-random-12x10,classic,random-start,12x10,tf:99,tf:100,false,p1,accepted,,831099,831101493320,23
tf_phase7_policy_classic_2026-08-20,classic_12x10_g100_vs_g99.jsonl,classic-random-12x10,classic,random-start,12x10,tf:100,tf:99,true,p2,accepted,,831099,831101493321,24
tf_phase7_policy_classic_2026-08-20,classic_12x10_g100_vs_g99.jsonl,classic-random-12x10,classic,random-start,12x10,tf:99,tf:100,false,p2,accepted,,831099,831101493322,25
tf_phase7_policy_classic_2026-08-20,classic_12x10_g100_vs_g99.jsonl,classic-random-12x10,classic,random-start,12x10,tf:100,tf:99,true,p1,accepted,,831099,831101493323,26
tf_phase7_policy_classic_2026-08-20,classic_12x10_g100_vs_g99.jsonl,classic-random-12x10,classic,random-start,12x10,tf:99,tf:100,false,p1,accepted,,831099,831101493324,27
tf_phase7_policy_classic_2026-08-20,classic_12x10_g100_vs_g99.jsonl,classic-random-12x10,classic,random-start,12x10,tf:100,tf:99,true,p2,accepted,,831099,831101493325,28
tf_phase7_policy_classic_2026-08-20,classic_12x10_g100_vs_g99.jsonl,classic-random-12x10,classic,random-start,12x10,tf:99,tf:100,false,p1,accepted,,831099,831101493326,29
tf_phase7_policy_classic_2026-08-20,classic_12x10_g100_vs_g99.jsonl,classic-random-12x10,classic,random-start,12x10,tf:100,tf:99,true,p2,accepted,,831099,831101493327,30
tf_phase7_policy_classic_2026-08-20,classic_12x10_g100_vs_g99.jsonl,classic-random-12x10,classic,random-start,12x10,tf:99,tf:100,false,p1,accepted,,831099,831101493328,31
tf_phase7_policy_classic_2026-08-20,classic_12x10_g100_vs_g99.jsonl,classic-random-12x10,classic,random-start,12x10,tf:100,tf:99,true,p1,accepted,,831099,831101493329,32
tf_phase7_policy_classic_2026-08-20,classic_12x10_g100_vs_g99.jsonl,classic-random-12x10,classic,random-start,12x10,tf:99,tf:100,false,p1,accepted,,831099,831101493330,33
tf_phase7_policy_classic_2026-08-20,classic_12x10_g100_vs_g99.jsonl,classic-random-12x10,classic,random-start,12x10,tf:100,tf:99,true,p1,accepted,,831099,831101493331,34
tf_phase7_policy_classic_2026-08-20,classic_12x10_g100_vs_g99.jsonl,classic-random-12x10,classic,random-start,12x10,tf:99,tf:100,false,p1,accepted,,831099,831101493332,35
tf_phase7_policy_classic_2026-08-20,classic_12x10_g100_vs_g99.jsonl,classic-random-12x10,classic,random-start,12x10,tf:100,tf:99,true,p2,accepted,,831099,831101493333,36
tf_phase7_policy_classic_2026-08-20,classic_12x10_g100_vs_g99.jsonl,classic-random-12x10,classic,random-start,12x10,tf:99,tf:100,false,p1,accepted,,831099,831101493334,37
tf_phase7_policy_classic_2026-08-20,classic_12x10_g100_vs_g99.jsonl,classic-random-12x10,classic,random-start,12x10,tf:100,tf:99,true,p1,accepted,,831099,831101493335,38
tf_phase7_policy_classic_2026-08-20,classic_12x10_g100_vs_g99.jsonl,classic-random-12x10,classic,random-start,12x10,tf:99,tf:100,false,p1,accepted,,831099,831101493336,39
tf_phase7_policy_classic_2026-08-20,classic_12x10_g101_vs_g100.jsonl,classic-random-12x10,classic,random-start,12x10,tf:101,tf:100,true,p1,accepted,,831200,831202493600,0
tf_phase7_policy_classic_2026-08-20,classic_12x10_g101_vs_g100.jsonl,classic-random-12x10,classic,random-start,12x10,tf:100,tf:101,false,p2,accepted,,831200,831202493601,1
tf_phase7_policy_classic_2026-08-20,classic_12x10_g101_vs_g100.jsonl,classic-random-12x10,classic,random-start,12x10,tf:101,tf:100,true,p1,accepted,,831200,831202493602,2
tf_phase7_policy_classic_2026-08-20,classic_12x10_g101_vs_g100.jsonl,classic-random-12x10,classic,random-start,12x10,tf:100,tf:101,false,p1,accepted,,831200,831202493603,3
tf_phase7_policy_classic_2026-08-20,classic_12x10_g101_vs_g100.jsonl,classic-random-12x10,classic,random-start,12x10,tf:101,tf:100,true,p2,accepted,,831200,831202493604,4
tf_phase7_policy_classic_2026-08-20,classic_12x10_g101_vs_g100.jsonl,classic-random-12x10,classic,random-start,12x10,tf:100,tf:101,false,p1,accepted,,831200,831202493605,5
tf_phase7_policy_classic_2026-08-20,classic_12x10_g101_vs_g100.jsonl,classic-random-12x10,classic,random-start,12x10,tf:101,tf:100,true,p1,accepted,,831200,831202493606,6
tf_phase7_policy_classic_2026-08-20,classic_12x10_g101_vs_g100.jsonl,classic-random-12x10,classic,random-start,12x10,tf:100,tf:101,false,p1,accepted,,831200,831202493607,7
tf_phase7_policy_classic_2026-08-20,classic_12x10_g101_vs_g100.jsonl,classic-random-12x10,classic,random-start,12x10,tf:101,tf:100,true,p2,accepted,,831200,831202493608,8
tf_phase7_policy_classic_2026-08-20,classic_12x10_g101_vs_g100.jsonl,classic-random-12x10,classic,random-start,12x10,tf:100,tf:101,false,p2,accepted,,831200,831202493609,9
tf_phase7_policy_classic_2026-08-20,classic_12x10_g101_vs_g100.jsonl,classic-random-12x10,classic,random-start,12x10,tf:101,tf:100,true,p1,accepted,,831200,831202493610,10
tf_phase7_policy_classic_2026-08-20,classic_12x10_g101_vs_g100.jsonl,classic-random-12x10,classic,random-start,12x10,tf:100,tf:101,false,p2,accepted,,831200,831202493611,11
tf_phase7_policy_classic_2026-08-20,classic_12x10_g101_vs_g100.jsonl,classic-random-12x10,classic,random-start,12x10,tf:101,tf:100,true,p1,accepted,,831200,831202493612,12
tf_phase7_policy_classic_2026-08-20,classic_12x10_g101_vs_g100.jsonl,classic-random-12x10,classic,random-start,12x10,tf:100,tf:101,false,p2,accepted,,831200,831202493613,13
tf_phase7_policy_classic_2026-08-20,classic_12x10_g101_vs_g100.jsonl,classic-random-12x10,classic,random-start,12x10,tf:101,tf:100,true,p1,accepted,,831200,831202493614,14
tf_phase7_policy_classic_2026-08-20,classic_12x10_g101_vs_g100.jsonl,classic-random-12x10,classic,random-start,12x10,tf:100,tf:101,false,p1,accepted,,831200,831202493615,15
tf_phase7_policy_classic_2026-08-20,classic_12x10_g101_vs_g100.jsonl,classic-random-12x10,classic,random-start,12x10,tf:101,tf:100,true,p1,accepted,,831200,831202493616,16
tf_phase7_policy_classic_2026-08-20,classic_12x10_g101_vs_g100.jsonl,classic-random-12x10,classic,random-start,12x10,tf:100,tf:101,false,p1,accepted,,831200,831202493617,17
tf_phase7_policy_classic_2026-08-20,classic_12x10_g101_vs_g100.jsonl,classic-random-12x10,classic,random-start,12x10,tf:101,tf:100,true,p1,accepted,,831200,831202493618,18
tf_phase7_policy_classic_2026-08-20,classic_12x10_g101_vs_g100.jsonl,classic-random-12x10,classic,random-start,12x10,tf:100,tf:101,false,p1,accepted,,831200,831202493619,19
tf_phase7_policy_classic_2026-08-20,classic_12x10_g101_vs_g100.jsonl,classic-random-12x10,classic,random-start,12x10,tf:101,tf:100,true,p1,accepted,,831200,831202493620,20
tf_phase7_policy_classic_2026-08-20,classic_12x10_g101_vs_g100.jsonl,classic-random-12x10,classic,random-start,12x10,tf:100,tf:101,false,p1,accepted,,831200,831202493621,21
tf_phase7_policy_classic_2026-08-20,classic_12x10_g101_vs_g100.jsonl,classic-random-12x10,classic,random-start,12x10,tf:101,tf:100,true,p1,accepted,,831200,831202493622,22
tf_phase7_policy_classic_2026-08-20,classic_12x10_g101_vs_g100.jsonl,classic-random-12x10,classic,random-start,12x10,tf:100,tf:101,false,p1,accepted,,831200,831202493623,23
tf_phase7_policy_classic_2026-08-20,classic_12x10_g101_vs_g100.jsonl,classic-random-12x10,classic,random-start,12x10,tf:101,tf:100,true,p2,accepted,,831200,831202493624,24
tf_phase7_policy_classic_2026-08-20,classic_12x10_g101_vs_g100.jsonl,classic-random-12x10,classic,random-start,12x10,tf:100,tf:101,false,p2,accepted,,831200,831202493625,25
tf_phase7_policy_classic_2026-08-20,classic_12x10_g101_vs_g100.jsonl,classic-random-12x10,classic,random-start,12x10,tf:101,tf:100,true,p2,accepted,,831200,831202493626,26
tf_phase7_policy_classic_2026-08-20,classic_12x10_g101_vs_g100.jsonl,classic-random-12x10,classic,random-start,12x10,tf:100,tf:101,false,p1,accepted,,831200,831202493627,27
tf_phase7_policy_classic_2026-08-20,classic_12x10_g101_vs_g100.jsonl,classic-random-12x10,classic,random-start,12x10,tf:101,tf:100,true,p2,accepted,,831200,831202493628,28
tf_phase7_policy_classic_2026-08-20,classic_12x10_g101_vs_g100.jsonl,classic-random-12x10,classic,random-start,12x10,tf:100,tf:101,false,p1,accepted,,831200,831202493629,29
tf_phase7_policy_classic_2026-08-20,classic_12x10_g101_vs_g100.jsonl,classic-random-12x10,classic,random-start,12x10,tf:101,tf:100,true,p2,accepted,,831200,831202493630,30
tf_phase7_policy_classic_2026-08-20,classic_12x10_g101_vs_g100.jsonl,classic-random-12x10,classic,random-start,12x10,tf:100,tf:101,false,p1,accepted,,831200,831202493631,31
tf_phase7_policy_classic_2026-08-20,classic_12x10_g101_vs_g100.jsonl,classic-random-12x10,classic,random-start,12x10,tf:101,tf:100,true,p1,accepted,,831200,831202493632,32
tf_phase7_policy_classic_2026-08-20,classic_12x10_g101_vs_g100.jsonl,classic-random-12x10,classic,random-start,12x10,tf:100,tf:101,false,p1,accepted,,831200,831202493633,33
tf_phase7_policy_classic_2026-08-20,classic_12x10_g101_vs_g100.jsonl,classic-random-12x10,classic,random-start,12x10,tf:101,tf:100,true,p1,accepted,,831200,831202493634,34
tf_phase7_policy_classic_2026-08-20,classic_12x10_g101_vs_g100.jsonl,classic-random-12x10,classic,random-start,12x10,tf:100,tf:101,false,p2,accepted,,831200,831202493635,35
tf_phase7_policy_classic_2026-08-20,classic_12x10_g101_vs_g100.jsonl,classic-random-12x10,classic,random-start,12x10,tf:101,tf:100,true,p2,accepted,,831200,831202493636,36
tf_phase7_policy_classic_2026-08-20,classic_12x10_g101_vs_g100.jsonl,classic-random-12x10,classic,random-start,12x10,tf:100,tf:101,false,p2,accepted,,831200,831202493637,37
tf_phase7_policy_classic_2026-08-20,classic_12x10_g101_vs_g100.jsonl,classic-random-12x10,classic,random-start,12x10,tf:101,tf:100,true,p1,accepted,,831200,831202493638,38
tf_phase7_policy_classic_2026-08-20,classic_12x10_g101_vs_g100.jsonl,classic-random-12x10,classic,random-start,12x10,tf:100,tf:101,false,p1,accepted,,831200,831202493639,39
tf_phase7_policy_classic_2026-08-20,classic_12x10_g101_vs_g95.jsonl,classic-random-12x10,classic,random-start,12x10,tf:101,tf:95,true,p1,accepted,,831195,831197493585,0
tf_phase7_policy_classic_2026-08-20,classic_12x10_g101_vs_g95.jsonl,classic-random-12x10,classic,random-start,12x10,tf:95,tf:101,false,p1,accepted,,831195,831197493586,1
tf_phase7_policy_classic_2026-08-20,classic_12x10_g101_vs_g95.jsonl,classic-random-12x10,classic,random-start,12x10,tf:101,tf:95,true,p2,accepted,,831195,831197493587,2
tf_phase7_policy_classic_2026-08-20,classic_12x10_g101_vs_g95.jsonl,classic-random-12x10,classic,random-start,12x10,tf:95,tf:101,false,p1,accepted,,831195,831197493588,3
tf_phase7_policy_classic_2026-08-20,classic_12x10_g101_vs_g95.jsonl,classic-random-12x10,classic,random-start,12x10,tf:101,tf:95,true,p2,accepted,,831195,831197493589,4
tf_phase7_policy_classic_2026-08-20,classic_12x10_g101_vs_g95.jsonl,classic-random-12x10,classic,random-start,12x10,tf:95,tf:101,false,p1,accepted,,831195,831197493590,5
tf_phase7_policy_classic_2026-08-20,classic_12x10_g101_vs_g95.jsonl,classic-random-12x10,classic,random-start,12x10,tf:101,tf:95,true,p2,accepted,,831195,831197493591,6
tf_phase7_policy_classic_2026-08-20,classic_12x10_g101_vs_g95.jsonl,classic-random-12x10,classic,random-start,12x10,tf:95,tf:101,false,p2,accepted,,831195,831197493592,7
tf_phase7_policy_classic_2026-08-20,classic_12x10_g101_vs_g95.jsonl,classic-random-12x10,classic,random-start,12x10,tf:101,tf:95,true,p1,accepted,,831195,831197493593,8
tf_phase7_policy_classic_2026-08-20,classic_12x10_g101_vs_g95.jsonl,classic-random-12x10,classic,random-start,12x10,tf:95,tf:101,false,p1,accepted,,831195,831197493594,9
tf_phase7_policy_classic_2026-08-20,classic_12x10_g101_vs_g95.jsonl,classic-random-12x10,classic,random-start,12x10,tf:101,tf:95,true,p1,accepted,,831195,831197493595,10
tf_phase7_policy_classic_2026-08-20,classic_12x10_g101_vs_g95.jsonl,classic-random-12x10,classic,random-start,12x10,tf:95,tf:101,false,p1,accepted,,831195,831197493596,11
tf_phase7_policy_classic_2026-08-20,classic_12x10_g101_vs_g95.jsonl,classic-random-12x10,classic,random-start,12x10,tf:101,tf:95,true,p1,accepted,,831195,831197493597,12
tf_phase7_policy_classic_2026-08-20,classic_12x10_g101_vs_g95.jsonl,classic-random-12x10,classic,random-start,12x10,tf:95,tf:101,false,p1,accepted,,831195,831197493598,13
tf_phase7_policy_classic_2026-08-20,classic_12x10_g101_vs_g95.jsonl,classic-random-12x10,classic,random-start,12x10,tf:101,tf:95,true,p2,accepted,,831195,831197493599,14
tf_phase7_policy_classic_2026-08-20,classic_12x10_g101_vs_g95.jsonl,classic-random-12x10,classic,random-start,12x10,tf:95,tf:101,false,p2,accepted,,831195,831197493600,15
tf_phase7_policy_classic_2026-08-20,classic_12x10_g101_vs_g95.jsonl,classic-random-12x10,classic,random-start,12x10,tf:101,tf:95,true,p2,accepted,,831195,831197493601,16
tf_phase7_policy_classic_2026-08-20,classic_12x10_g101_vs_g95.jsonl,classic-random-12x10,classic,random-start,12x10,tf:95,tf:101,false,p1,accepted,,831195,831197493602,17
tf_phase7_policy_classic_2026-08-20,classic_12x10_g101_vs_g95.jsonl,classic-random-12x10,classic,random-start,12x10,tf:101,tf:95,true,p2,accepted,,831195,831197493603,18
tf_phase7_policy_classic_2026-08-20,classic_12x10_g101_vs_g95.jsonl,classic-random-12x10,classic,random-start,12x10,tf:95,tf:101,false,p1,accepted,,831195,831197493604,19
tf_phase7_policy_classic_2026-08-20,classic_12x10_g101_vs_g95.jsonl,classic-random-12x10,classic,random-start,12x10,tf:101,tf:95,true,p1,accepted,,831195,831197493605,20
tf_phase7_policy_classic_2026-08-20,classic_12x10_g101_vs_g95.jsonl,classic-random-12x10,classic,random-start,12x10,tf:95,tf:101,false,p1,accepted,,831195,831197493606,21
tf_phase7_policy_classic_2026-08-20,classic_12x10_g101_vs_g95.jsonl,classic-random-12x10,classic,random-start,12x10,tf:101,tf:95,true,p1,accepted,,831195,831197493607,22
tf_phase7_policy_classic_2026-08-20,classic_12x10_g101_vs_g95.jsonl,classic-random-12x10,classic,random-start,12x10,tf:95,tf:101,false,p2,accepted,,831195,831197493608,23
tf_phase7_policy_classic_2026-08-20,classic_12x10_g101_vs_g95.jsonl,classic-random-12x10,classic,random-start,12x10,tf:101,tf:95,true,p1,accepted,,831195,831197493609,24
tf_phase7_policy_classic_2026-08-20,classic_12x10_g101_vs_g95.jsonl,classic-random-12x10,classic,random-start,12x10,tf:95,tf:101,false,p2,accepted,,831195,831197493610,25
tf_phase7_policy_classic_2026-08-20,classic_12x10_g101_vs_g95.jsonl,classic-random-12x10,classic,random-start,12x10,tf:101,tf:95,true,p2,accepted,,831195,831197493611,26
tf_phase7_policy_classic_2026-08-20,classic_12x10_g101_vs_g95.jsonl,classic-random-12x10,classic,random-start,12x10,tf:95,tf:101,false,p2,accepted,,831195,831197493612,27
tf_phase7_policy_classic_2026-08-20,classic_12x10_g101_vs_g95.jsonl,classic-random-12x10,classic,random-start,12x10,tf:101,tf:95,true,p2,accepted,,831195,831197493613,28
tf_phase7_policy_classic_2026-08-20,classic_12x10_g101_vs_g95.jsonl,classic-random-12x10,classic,random-start,12x10,tf:95,tf:101,false,p1,accepted,,831195,831197493614,29
tf_phase7_policy_classic_2026-08-20,classic_12x10_g101_vs_g95.jsonl,classic-random-12x10,classic,random-start,12x10,tf:101,tf:95,true,p1,accepted,,831195,831197493615,30
tf_phase7_policy_classic_2026-08-20,classic_12x10_g101_vs_g95.jsonl,classic-random-12x10,classic,random-start,12x10,tf:95,tf:101,false,p1,accepted,,831195,831197493616,31
tf_phase7_policy_classic_2026-08-20,classic_12x10_g101_vs_g95.jsonl,classic-random-12x10,classic,random-start,12x10,tf:101,tf:95,true,p1,accepted,,831195,831197493617,32
tf_phase7_policy_classic_2026-08-20,classic_12x10_g101_vs_g95.jsonl,classic-random-12x10,classic,random-start,12x10,tf:95,tf:101,false,p2,accepted,,831195,831197493618,33
tf_phase7_policy_classic_2026-08-20,classic_12x10_g101_vs_g95.jsonl,classic-random-12x10,classic,random-start,12x10,tf:101,tf:95,true,p2,accepted,,831195,831197493619,34
tf_phase7_policy_classic_2026-08-20,classic_12x10_g101_vs_g95.jsonl,classic-random-12x10,classic,random-start,12x10,tf:95,tf:101,false,p1,accepted,,831195,831197493620,35
tf_phase7_policy_classic_2026-08-20,classic_12x10_g101_vs_g95.jsonl,classic-random-12x10,classic,random-start,12x10,tf:101,tf:95,true,p1,accepted,,831195,831197493621,36
tf_phase7_policy_classic_2026-08-20,classic_12x10_g101_vs_g95.jsonl,classic-random-12x10,classic,random-start,12x10,tf:95,tf:101,false,p2,accepted,,831195,831197493622,37
tf_phase7_policy_classic_2026-08-20,classic_12x10_g101_vs_g95.jsonl,classic-random-12x10,classic,random-start,12x10,tf:101,tf:95,true,p2,accepted,,831195,831197493623,38
tf_phase7_policy_classic_2026-08-20,classic_12x10_g101_vs_g95.jsonl,classic-random-12x10,classic,random-start,12x10,tf:95,tf:101,false,p1,accepted,,831195,831197493624,39
tf_phase7_policy_classic_2026-08-20,classic_12x10_g101_vs_g98.jsonl,classic-random-12x10,classic,random-start,12x10,tf:101,tf:98,true,p1,accepted,,831198,831200493594,0
tf_phase7_policy_classic_2026-08-20,classic_12x10_g101_vs_g98.jsonl,classic-random-12x10,classic,random-start,12x10,tf:98,tf:101,false,p1,accepted,,831198,831200493595,1
tf_phase7_policy_classic_2026-08-20,classic_12x10_g101_vs_g98.jsonl,classic-random-12x10,classic,random-start,12x10,tf:101,tf:98,true,p1,accepted,,831198,831200493596,2
tf_phase7_policy_classic_2026-08-20,classic_12x10_g101_vs_g98.jsonl,classic-random-12x10,classic,random-start,12x10,tf:98,tf:101,false,p2,accepted,,831198,831200493597,3
tf_phase7_policy_classic_2026-08-20,classic_12x10_g101_vs_g98.jsonl,classic-random-12x10,classic,random-start,12x10,tf:101,tf:98,true,p1,accepted,,831198,831200493598,4
tf_phase7_policy_classic_2026-08-20,classic_12x10_g101_vs_g98.jsonl,classic-random-12x10,classic,random-start,12x10,tf:98,tf:101,false,p2,accepted,,831198,831200493599,5
tf_phase7_policy_classic_2026-08-20,classic_12x10_g101_vs_g98.jsonl,classic-random-12x10,classic,random-start,12x10,tf:101,tf:98,true,p1,accepted,,831198,831200493600,6
tf_phase7_policy_classic_2026-08-20,classic_12x10_g101_vs_g98.jsonl,classic-random-12x10,classic,random-start,12x10,tf:98,tf:101,false,p1,accepted,,831198,831200493601,7
tf_phase7_policy_classic_2026-08-20,classic_12x10_g101_vs_g98.jsonl,classic-random-12x10,classic,random-start,12x10,tf:101,tf:98,true,p1,accepted,,831198,831200493602,8
tf_phase7_policy_classic_2026-08-20,classic_12x10_g101_vs_g98.jsonl,classic-random-12x10,classic,random-start,12x10,tf:98,tf:101,false,p2,accepted,,831198,831200493603,9
tf_phase7_policy_classic_2026-08-20,classic_12x10_g101_vs_g98.jsonl,classic-random-12x10,classic,random-start,12x10,tf:101,tf:98,true,p2,accepted,,831198,831200493604,10
tf_phase7_policy_classic_2026-08-20,classic_12x10_g101_vs_g98.jsonl,classic-random-12x10,classic,random-start,12x10,tf:98,tf:101,false,p1,accepted,,831198,831200493605,11
tf_phase7_policy_classic_2026-08-20,classic_12x10_g101_vs_g98.jsonl,classic-random-12x10,classic,random-start,12x10,tf:101,tf:98,true,p2,accepted,,831198,831200493606,12
tf_phase7_policy_classic_2026-08-20,classic_12x10_g101_vs_g98.jsonl,classic-random-12x10,classic,random-start,12x10,tf:98,tf:101,false,p1,accepted,,831198,831200493607,13
tf_phase7_policy_classic_2026-08-20,classic_12x10_g101_vs_g98.jsonl,classic-random-12x10,classic,random-start,12x10,tf:101,tf:98,true,p2,accepted,,831198,831200493608,14
tf_phase7_policy_classic_2026-08-20,classic_12x10_g101_vs_g98.jsonl,classic-random-12x10,classic,random-start,12x10,tf:98,tf:101,false,p2,accepted,,831198,831200493609,15
tf_phase7_policy_classic_2026-08-20,classic_12x10_g101_vs_g98.jsonl,classic-random-12x10,classic,random-start,12x10,tf:101,tf:98,true,p2,accepted,,831198,831200493610,16
tf_phase7_policy_classic_2026-08-20,classic_12x10_g101_vs_g98.jsonl,classic-random-12x10,classic,random-start,12x10,tf:98,tf:101,false,p1,accepted,,831198,831200493611,17
tf_phase7_policy_classic_2026-08-20,classic_12x10_g101_vs_g98.jsonl,classic-random-12x10,classic,random-start,12x10,tf:101,tf:98,true,p1,accepted,,831198,831200493612,18
tf_phase7_policy_classic_2026-08-20,classic_12x10_g101_vs_g98.jsonl,classic-random-12x10,classic,random-start,12x10,tf:98,tf:101,false,p2,accepted,,831198,831200493613,19
tf_phase7_policy_classic_2026-08-20,classic_12x10_g101_vs_g98.jsonl,classic-random-12x10,classic,random-start,12x10,tf:101,tf:98,true,p2,accepted,,831198,831200493614,20
tf_phase7_policy_classic_2026-08-20,classic_12x10_g101_vs_g98.jsonl,classic-random-12x10,classic,random-start,12x10,tf:98,tf:101,false,p1,accepted,,831198,831200493615,21
tf_phase7_policy_classic_2026-08-20,classic_12x10_g101_vs_g98.jsonl,classic-random-12x10,classic,random-start,12x10,tf:101,tf:98,true,p1,accepted,,831198,831200493616,22
tf_phase7_policy_classic_2026-08-20,classic_12x10_g101_vs_g98.jsonl,classic-random-12x10,classic,random-start,12x10,tf:98,tf:101,false,p1,accepted,,831198,831200493617,23
tf_phase7_policy_classic_2026-08-20,classic_12x10_g101_vs_g98.jsonl,classic-random-12x10,classic,random-start,12x10,tf:101,tf:98,true,p1,accepted,,831198,831200493618,24
tf_phase7_policy_classic_2026-08-20,classic_12x10_g101_vs_g98.jsonl,classic-random-12x10,classic,random-start,12x10,tf:98,tf:101,false,p1,accepted,,831198,831200493619,25
tf_phase7_policy_classic_2026-08-20,classic_12x10_g101_vs_g98.jsonl,classic-random-12x10,classic,random-start,12x10,tf:101,tf:98,true,p1,accepted,,831198,831200493620,26
tf_phase7_policy_classic_2026-08-20,classic_12x10_g101_vs_g98.jsonl,classic-random-12x10,classic,random-start,12x10,tf:98,tf:101,false,p2,accepted,,831198,831200493621,27
tf_phase7_policy_classic_2026-08-20,classic_12x10_g101_vs_g98.jsonl,classic-random-12x10,classic,random-start,12x10,tf:101,tf:98,true,p1,accepted,,831198,831200493622,28
tf_phase7_policy_classic_2026-08-20,classic_12x10_g101_vs_g98.jsonl,classic-random-12x10,classic,random-start,12x10,tf:98,tf:101,false,p1,accepted,,831198,831200493623,29
tf_phase7_policy_classic_2026-08-20,classic_12x10_g101_vs_g98.jsonl,classic-random-12x10,classic,random-start,12x10,tf:101,tf:98,true,p1,accepted,,831198,831200493624,30
tf_phase7_policy_classic_2026-08-20,classic_12x10_g101_vs_g98.jsonl,classic-random-12x10,classic,random-start,12x10,tf:98,tf:101,false,p2,accepted,,831198,831200493625,31
tf_phase7_policy_classic_2026-08-20,classic_12x10_g101_vs_g98.jsonl,classic-random-12x10,classic,random-start,12x10,tf:101,tf:98,true,p1,accepted,,831198,831200493626,32
tf_phase7_policy_classic_2026-08-20,classic_12x10_g101_vs_g98.jsonl,classic-random-12x10,classic,random-start,12x10,tf:98,tf:101,false,p2,accepted,,831198,831200493627,33
tf_phase7_policy_classic_2026-08-20,classic_12x10_g101_vs_g98.jsonl,classic-random-12x10,classic,random-start,12x10,tf:101,tf:98,true,p1,accepted,,831198,831200493628,34
tf_phase7_policy_classic_2026-08-20,classic_12x10_g101_vs_g98.jsonl,classic-random-12x10,classic,random-start,12x10,tf:98,tf:101,false,p2,accepted,,831198,831200493629,35
tf_phase7_policy_classic_2026-08-20,classic_12x10_g101_vs_g98.jsonl,classic-random-12x10,classic,random-start,12x10,tf:101,tf:98,true,p2,accepted,,831198,831200493630,36
tf_phase7_policy_classic_2026-08-20,classic_12x10_g101_vs_g98.jsonl,classic-random-12x10,classic,random-start,12x10,tf:98,tf:101,false,p1,accepted,,831198,831200493631,37
tf_phase7_policy_classic_2026-08-20,classic_12x10_g101_vs_g98.jsonl,classic-random-12x10,classic,random-start,12x10,tf:101,tf:98,true,p2,accepted,,831198,831200493632,38
tf_phase7_policy_classic_2026-08-20,classic_12x10_g101_vs_g98.jsonl,classic-random-12x10,classic,random-start,12x10,tf:98,tf:101,false,p1,accepted,,831198,831200493633,39
tf_phase7_policy_classic_2026-08-20,classic_12x10_g102_vs_g101.jsonl,classic-random-12x10,classic,random-start,12x10,tf:102,tf:101,true,p2,accepted,,831301,831303493903,0
tf_phase7_policy_classic_2026-08-20,classic_12x10_g102_vs_g101.jsonl,classic-random-12x10,classic,random-start,12x10,tf:101,tf:102,false,p2,accepted,,831301,831303493904,1
tf_phase7_policy_classic_2026-08-20,classic_12x10_g102_vs_g101.jsonl,classic-random-12x10,classic,random-start,12x10,tf:102,tf:101,true,p1,accepted,,831301,831303493905,2
tf_phase7_policy_classic_2026-08-20,classic_12x10_g102_vs_g101.jsonl,classic-random-12x10,classic,random-start,12x10,tf:101,tf:102,false,p2,accepted,,831301,831303493906,3
tf_phase7_policy_classic_2026-08-20,classic_12x10_g102_vs_g101.jsonl,classic-random-12x10,classic,random-start,12x10,tf:102,tf:101,true,p2,accepted,,831301,831303493907,4
tf_phase7_policy_classic_2026-08-20,classic_12x10_g102_vs_g101.jsonl,classic-random-12x10,classic,random-start,12x10,tf:101,tf:102,false,p1,accepted,,831301,831303493908,5
tf_phase7_policy_classic_2026-08-20,classic_12x10_g102_vs_g101.jsonl,classic-random-12x10,classic,random-start,12x10,tf:102,tf:101,true,p1,accepted,,831301,831303493909,6
tf_phase7_policy_classic_2026-08-20,classic_12x10_g102_vs_g101.jsonl,classic-random-12x10,classic,random-start,12x10,tf:101,tf:102,false,p2,accepted,,831301,831303493910,7
tf_phase7_policy_classic_2026-08-20,classic_12x10_g102_vs_g101.jsonl,classic-random-12x10,classic,random-start,12x10,tf:102,tf:101,true,p1,accepted,,831301,831303493911,8
tf_phase7_policy_classic_2026-08-20,classic_12x10_g102_vs_g101.jsonl,classic-random-12x10,classic,random-start,12x10,tf:101,tf:102,false,p1,accepted,,831301,831303493912,9
tf_phase7_policy_classic_2026-08-20,classic_12x10_g102_vs_g101.jsonl,classic-random-12x10,classic,random-start,12x10,tf:102,tf:101,true,p2,accepted,,831301,831303493913,10
tf_phase7_policy_classic_2026-08-20,classic_12x10_g102_vs_g101.jsonl,classic-random-12x10,classic,random-start,12x10,tf:101,tf:102,false,p2,accepted,,831301,831303493914,11
tf_phase7_policy_classic_2026-08-20,classic_12x10_g102_vs_g101.jsonl,classic-random-12x10,classic,random-start,12x10,tf:102,tf:101,true,p1,accepted,,831301,831303493915,12
tf_phase7_policy_classic_2026-08-20,classic_12x10_g102_vs_g101.jsonl,classic-random-12x10,classic,random-start,12x10,tf:101,tf:102,false,p2,accepted,,831301,831303493916,13
tf_phase7_policy_classic_2026-08-20,classic_12x10_g102_vs_g101.jsonl,classic-random-12x10,classic,random-start,12x10,tf:102,tf:101,true,p1,accepted,,831301,831303493917,14
tf_phase7_policy_classic_2026-08-20,classic_12x10_g102_vs_g101.jsonl,classic-random-12x10,classic,random-start,12x10,tf:101,tf:102,false,p2,accepted,,831301,831303493918,15
tf_phase7_policy_classic_2026-08-20,classic_12x10_g102_vs_g101.jsonl,classic-random-12x10,classic,random-start,12x10,tf:102,tf:101,true,p2,accepted,,831301,831303493919,16
tf_phase7_policy_classic_2026-08-20,classic_12x10_g102_vs_g101.jsonl,classic-random-12x10,classic,random-start,12x10,tf:101,tf:102,false,p2,accepted,,831301,831303493920,17
tf_phase7_policy_classic_2026-08-20,classic_12x10_g102_vs_g101.jsonl,classic-random-12x10,classic,random-start,12x10,tf:102,tf:101,true,p1,accepted,,831301,831303493921,18
tf_phase7_policy_classic_2026-08-20,classic_12x10_g102_vs_g101.jsonl,classic-random-12x10,classic,random-start,12x10,tf:101,tf:102,false,p1,accepted,,831301,831303493922,19
tf_phase7_policy_classic_2026-08-20,classic_12x10_g102_vs_g101.jsonl,classic-random-12x10,classic,random-start,12x10,tf:102,tf:101,true,p1,accepted,,831301,831303493923,20
tf_phase7_policy_classic_2026-08-20,classic_12x10_g102_vs_g101.jsonl,classic-random-12x10,classic,random-start,12x10,tf:101,tf:102,false,p2,accepted,,831301,831303493924,21
tf_phase7_policy_classic_2026-08-20,classic_12x10_g102_vs_g101.jsonl,classic-random-12x10,classic,random-start,12x10,tf:102,tf:101,true,p1,accepted,,831301,831303493925,22
tf_phase7_policy_classic_2026-08-20,classic_12x10_g102_vs_g101.jsonl,classic-random-12x10,classic,random-start,12x10,tf:101,tf:102,false,p1,accepted,,831301,831303493926,23
tf_phase7_policy_classic_2026-08-20,classic_12x10_g102_vs_g101.jsonl,classic-random-12x10,classic,random-start,12x10,tf:102,tf:101,true,p2,accepted,,831301,831303493927,24
tf_phase7_policy_classic_2026-08-20,classic_12x10_g102_vs_g101.jsonl,classic-random-12x10,classic,random-start,12x10,tf:101,tf:102,false,p1,accepted,,831301,831303493928,25
tf_phase7_policy_classic_2026-08-20,classic_12x10_g102_vs_g101.jsonl,classic-random-12x10,classic,random-start,12x10,tf:102,tf:101,true,p1,accepted,,831301,831303493929,26
tf_phase7_policy_classic_2026-08-20,classic_12x10_g102_vs_g101.jsonl,classic-random-12x10,classic,random-start,12x10,tf:101,tf:102,false,p2,accepted,,831301,831303493930,27
tf_phase7_policy_classic_2026-08-20,classic_12x10_g102_vs_g101.jsonl,classic-random-12x10,classic,random-start,12x10,tf:102,tf:101,true,p1,accepted,,831301,831303493931,28
tf_phase7_policy_classic_2026-08-20,classic_12x10_g102_vs_g101.jsonl,classic-random-12x10,classic,random-start,12x10,tf:101,tf:102,false,p2,accepted,,831301,831303493932,29
tf_phase7_policy_classic_2026-08-20,classic_12x10_g102_vs_g101.jsonl,classic-random-12x10,classic,random-start,12x10,tf:102,tf:101,true,p2,accepted,,831301,831303493933,30
tf_phase7_policy_classic_2026-08-20,classic_12x10_g102_vs_g101.jsonl,classic-random-12x10,classic,random-start,12x10,tf:101,tf:102,false,p2,accepted,,831301,831303493934,31
tf_phase7_policy_classic_2026-08-20,classic_12x10_g102_vs_g101.jsonl,classic-random-12x10,classic,random-start,12x10,tf:102,tf:101,true,p2,accepted,,831301,831303493935,32
tf_phase7_policy_classic_2026-08-20,classic_12x10_g102_vs_g101.jsonl,classic-random-12x10,classic,random-start,12x10,tf:101,tf:102,false,p2,accepted,,831301,831303493936,33
tf_phase7_policy_classic_2026-08-20,classic_12x10_g102_vs_g101.jsonl,classic-random-12x10,classic,random-start,12x10,tf:102,tf:101,true,p1,accepted,,831301,831303493937,34
tf_phase7_policy_classic_2026-08-20,classic_12x10_g102_vs_g101.jsonl,classic-random-12x10,classic,random-start,12x10,tf:101,tf:102,false,p2,accepted,,831301,831303493938,35
tf_phase7_policy_classic_2026-08-20,classic_12x10_g102_vs_g101.jsonl,classic-random-12x10,classic,random-start,12x10,tf:102,tf:101,true,p1,accepted,,831301,831303493939,36
tf_phase7_policy_classic_2026-08-20,classic_12x10_g102_vs_g101.jsonl,classic-random-12x10,classic,random-start,12x10,tf:101,tf:102,false,p2,accepted,,831301,831303493940,37
tf_phase7_policy_classic_2026-08-20,classic_12x10_g102_vs_g101.jsonl,classic-random-12x10,classic,random-start,12x10,tf:102,tf:101,true,p1,accepted,,831301,831303493941,38
tf_phase7_policy_classic_2026-08-20,classic_12x10_g102_vs_g101.jsonl,classic-random-12x10,classic,random-start,12x10,tf:101,tf:102,false,p1,accepted,,831301,831303493942,39
tf_phase7_policy_classic_2026-08-20,classic_12x10_g102_vs_g96.jsonl,classic-random-12x10,classic,random-start,12x10,tf:102,tf:96,true,p1,accepted,,831296,831298493888,0
tf_phase7_policy_classic_2026-08-20,classic_12x10_g102_vs_g96.jsonl,classic-random-12x10,classic,random-start,12x10,tf:96,tf:102,false,p2,accepted,,831296,831298493889,1
tf_phase7_policy_classic_2026-08-20,classic_12x10_g102_vs_g96.jsonl,classic-random-12x10,classic,random-start,12x10,tf:102,tf:96,true,p2,accepted,,831296,831298493890,2
tf_phase7_policy_classic_2026-08-20,classic_12x10_g102_vs_g96.jsonl,classic-random-12x10,classic,random-start,12x10,tf:96,tf:102,false,p2,accepted,,831296,831298493891,3
tf_phase7_policy_classic_2026-08-20,classic_12x10_g102_vs_g96.jsonl,classic-random-12x10,classic,random-start,12x10,tf:102,tf:96,true,p1,accepted,,831296,831298493892,4
tf_phase7_policy_classic_2026-08-20,classic_12x10_g102_vs_g96.jsonl,classic-random-12x10,classic,random-start,12x10,tf:96,tf:102,false,p1,accepted,,831296,831298493893,5
tf_phase7_policy_classic_2026-08-20,classic_12x10_g102_vs_g96.jsonl,classic-random-12x10,classic,random-start,12x10,tf:102,tf:96,true,p1,accepted,,831296,831298493894,6
tf_phase7_policy_classic_2026-08-20,classic_12x10_g102_vs_g96.jsonl,classic-random-12x10,classic,random-start,12x10,tf:96,tf:102,false,p1,accepted,,831296,831298493895,7
tf_phase7_policy_classic_2026-08-20,classic_12x10_g102_vs_g96.jsonl,classic-random-12x10,classic,random-start,12x10,tf:102,tf:96,true,p2,accepted,,831296,831298493896,8
tf_phase7_policy_classic_2026-08-20,classic_12x10_g102_vs_g96.jsonl,classic-random-12x10,classic,random-start,12x10,tf:96,tf:102,false,p2,accepted,,831296,831298493897,9
tf_phase7_policy_classic_2026-08-20,classic_12x10_g102_vs_g96.jsonl,classic-random-12x10,classic,random-start,12x10,tf:102,tf:96,true,p1,accepted,,831296,831298493898,10
tf_phase7_policy_classic_2026-08-20,classic_12x10_g102_vs_g96.jsonl,classic-random-12x10,classic,random-start,12x10,tf:96,tf:102,false,p1,accepted,,831296,831298493899,11
tf_phase7_policy_classic_2026-08-20,classic_12x10_g102_vs_g96.jsonl,classic-random-12x10,classic,random-start,12x10,tf:102,tf:96,true,p2,accepted,,831296,831298493900,12
tf_phase7_policy_classic_2026-08-20,classic_12x10_g102_vs_g96.jsonl,classic-random-12x10,classic,random-start,12x10,tf:96,tf:102,false,p2,accepted,,831296,831298493901,13
tf_phase7_policy_classic_2026-08-20,classic_12x10_g102_vs_g96.jsonl,classic-random-12x10,classic,random-start,12x10,tf:102,tf:96,true,p1,accepted,,831296,831298493902,14
tf_phase7_policy_classic_2026-08-20,classic_12x10_g102_vs_g96.jsonl,classic-random-12x10,classic,random-start,12x10,tf:96,tf:102,false,p2,accepted,,831296,831298493903,15
tf_phase7_policy_classic_2026-08-20,classic_12x10_g102_vs_g96.jsonl,classic-random-12x10,classic,random-start,12x10,tf:102,tf:96,true,p2,accepted,,831296,831298493904,16
tf_phase7_policy_classic_2026-08-20,classic_12x10_g102_vs_g96.jsonl,classic-random-12x10,classic,random-start,12x10,tf:96,tf:102,false,p1,accepted,,831296,831298493905,17
tf_phase7_policy_classic_2026-08-20,classic_12x10_g102_vs_g96.jsonl,classic-random-12x10,classic,random-start,12x10,tf:102,tf:96,true,p2,accepted,,831296,831298493906,18
tf_phase7_policy_classic_2026-08-20,classic_12x10_g102_vs_g96.jsonl,classic-random-12x10,classic,random-start,12x10,tf:96,tf:102,false,p2,accepted,,831296,831298493907,19
tf_phase7_policy_classic_2026-08-20,classic_12x10_g102_vs_g96.jsonl,classic-random-12x10,classic,random-start,12x10,tf:102,tf:96,true,p2,accepted,,831296,831298493908,20
tf_phase7_policy_classic_2026-08-20,classic_12x10_g102_vs_g96.jsonl,classic-random-12x10,classic,random-start,12x10,tf:96,tf:102,false,p1,accepted,,831296,831298493909,21
tf_phase7_policy_classic_2026-08-20,classic_12x10_g102_vs_g96.jsonl,classic-random-12x10,classic,random-start,12x10,tf:102,tf:96,true,p2,accepted,,831296,831298493910,22
tf_phase7_policy_classic_2026-08-20,classic_12x10_g102_vs_g96.jsonl,classic-random-12x10,classic,random-start,12x10,tf:96,tf:102,false,p1,accepted,,831296,831298493911,23
tf_phase7_policy_classic_2026-08-20,classic_12x10_g102_vs_g96.jsonl,classic-random-12x10,classic,random-start,12x10,tf:102,tf:96,true,p1,accepted,,831296,831298493912,24
tf_phase7_policy_classic_2026-08-20,classic_12x10_g102_vs_g96.jsonl,classic-random-12x10,classic,random-start,12x10,tf:96,tf:102,false,p2,accepted,,831296,831298493913,25
tf_phase7_policy_classic_2026-08-20,classic_12x10_g102_vs_g96.jsonl,classic-random-12x10,classic,random-start,12x10,tf:102,tf:96,true,p1,accepted,,831296,831298493914,26
tf_phase7_policy_classic_2026-08-20,classic_12x10_g102_vs_g96.jsonl,classic-random-12x10,classic,random-start,12x10,tf:96,tf:102,false,p1,accepted,,831296,831298493915,27
tf_phase7_policy_classic_2026-08-20,classic_12x10_g102_vs_g96.jsonl,classic-random-12x10,classic,random-start,12x10,tf:102,tf:96,true,p1,accepted,,831296,831298493916,28
tf_phase7_policy_classic_2026-08-20,classic_12x10_g102_vs_g96.jsonl,classic-random-12x10,classic,random-start,12x10,tf:96,tf:102,false,p1,accepted,,831296,831298493917,29
tf_phase7_policy_classic_2026-08-20,classic_12x10_g102_vs_g96.jsonl,classic-random-12x10,classic,random-start,12x10,tf:102,tf:96,true,p2,accepted,,831296,831298493918,30
tf_phase7_policy_classic_2026-08-20,classic_12x10_g102_vs_g96.jsonl,classic-random-12x10,classic,random-start,12x10,tf:96,tf:102,false,p1,accepted,,831296,831298493919,31
tf_phase7_policy_classic_2026-08-20,classic_12x10_g102_vs_g96.jsonl,classic-random-12x10,classic,random-start,12x10,tf:102,tf:96,true,p2,accepted,,831296,831298493920,32
tf_phase7_policy_classic_2026-08-20,classic_12x10_g102_vs_g96.jsonl,classic-random-12x10,classic,random-start,12x10,tf:96,tf:102,false,p2,accepted,,831296,831298493921,33
tf_phase7_policy_classic_2026-08-20,classic_12x10_g102_vs_g96.jsonl,classic-random-12x10,classic,random-start,12x10,tf:102,tf:96,true,p1,accepted,,831296,831298493922,34
tf_phase7_policy_classic_2026-08-20,classic_12x10_g102_vs_g96.jsonl,classic-random-12x10,classic,random-start,12x10,tf:96,tf:102,false,p1,accepted,,831296,831298493923,35
tf_phase7_policy_classic_2026-08-20,classic_12x10_g102_vs_g96.jsonl,classic-random-12x10,classic,random-start,12x10,tf:102,tf:96,true,p1,accepted,,831296,831298493924,36
tf_phase7_policy_classic_2026-08-20,classic_12x10_g102_vs_g96.jsonl,classic-random-12x10,classic,random-start,12x10,tf:96,tf:102,false,p1,accepted,,831296,831298493925,37
tf_phase7_policy_classic_2026-08-20,classic_12x10_g102_vs_g96.jsonl,classic-random-12x10,classic,random-start,12x10,tf:102,tf:96,true,p1,accepted,,831296,831298493926,38
tf_phase7_policy_classic_2026-08-20,classic_12x10_g102_vs_g96.jsonl,classic-random-12x10,classic,random-start,12x10,tf:96,tf:102,false,p2,accepted,,831296,831298493927,39
tf_phase7_policy_classic_2026-08-20,classic_12x10_g102_vs_g99.jsonl,classic-random-12x10,classic,random-start,12x10,tf:102,tf:99,true,p2,accepted,,831299,831301493897,0
tf_phase7_policy_classic_2026-08-20,classic_12x10_g102_vs_g99.jsonl,classic-random-12x10,classic,random-start,12x10,tf:99,tf:102,false,p1,accepted,,831299,831301493898,1
tf_phase7_policy_classic_2026-08-20,classic_12x10_g102_vs_g99.jsonl,classic-random-12x10,classic,random-start,12x10,tf:102,tf:99,true,p2,accepted,,831299,831301493899,2
tf_phase7_policy_classic_2026-08-20,classic_12x10_g102_vs_g99.jsonl,classic-random-12x10,classic,random-start,12x10,tf:99,tf:102,false,p1,accepted,,831299,831301493900,3
tf_phase7_policy_classic_2026-08-20,classic_12x10_g102_vs_g99.jsonl,classic-random-12x10,classic,random-start,12x10,tf:102,tf:99,true,p2,accepted,,831299,831301493901,4
tf_phase7_policy_classic_2026-08-20,classic_12x10_g102_vs_g99.jsonl,classic-random-12x10,classic,random-start,12x10,tf:99,tf:102,false,p1,accepted,,831299,831301493902,5
tf_phase7_policy_classic_2026-08-20,classic_12x10_g102_vs_g99.jsonl,classic-random-12x10,classic,random-start,12x10,tf:102,tf:99,true,p2,accepted,,831299,831301493903,6
tf_phase7_policy_classic_2026-08-20,classic_12x10_g102_vs_g99.jsonl,classic-random-12x10,classic,random-start,12x10,tf:99,tf:102,false,p1,accepted,,831299,831301493904,7
tf_phase7_policy_classic_2026-08-20,classic_12x10_g102_vs_g99.jsonl,classic-random-12x10,classic,random-start,12x10,tf:102,tf:99,true,p2,accepted,,831299,831301493905,8
tf_phase7_policy_classic_2026-08-20,classic_12x10_g102_vs_g99.jsonl,classic-random-12x10,classic,random-start,12x10,tf:99,tf:102,false,p1,accepted,,831299,831301493906,9
tf_phase7_policy_classic_2026-08-20,classic_12x10_g102_vs_g99.jsonl,classic-random-12x10,classic,random-start,12x10,tf:102,tf:99,true,p2,accepted,,831299,831301493907,10
tf_phase7_policy_classic_2026-08-20,classic_12x10_g102_vs_g99.jsonl,classic-random-12x10,classic,random-start,12x10,tf:99,tf:102,false,p1,accepted,,831299,831301493908,11
tf_phase7_policy_classic_2026-08-20,classic_12x10_g102_vs_g99.jsonl,classic-random-12x10,classic,random-start,12x10,tf:102,tf:99,true,p1,accepted,,831299,831301493909,12
tf_phase7_policy_classic_2026-08-20,classic_12x10_g102_vs_g99.jsonl,classic-random-12x10,classic,random-start,12x10,tf:99,tf:102,false,p2,accepted,,831299,831301493910,13
tf_phase7_policy_classic_2026-08-20,classic_12x10_g102_vs_g99.jsonl,classic-random-12x10,classic,random-start,12x10,tf:102,tf:99,true,p2,accepted,,831299,831301493911,14
tf_phase7_policy_classic_2026-08-20,classic_12x10_g102_vs_g99.jsonl,classic-random-12x10,classic,random-start,12x10,tf:99,tf:102,false,p2,accepted,,831299,831301493912,15
tf_phase7_policy_classic_2026-08-20,classic_12x10_g102_vs_g99.jsonl,classic-random-12x10,classic,random-start,12x10,tf:102,tf:99,true,p1,accepted,,831299,831301493913,16
tf_phase7_policy_classic_2026-08-20,classic_12x10_g102_vs_g99.jsonl,classic-random-12x10,classic,random-start,12x10,tf:99,tf:102,false,p1,accepted,,831299,831301493914,17
tf_phase7_policy_classic_2026-08-20,classic_12x10_g102_vs_g99.jsonl,classic-random-12x10,classic,random-start,12x10,tf:102,tf:99,true,p1,accepted,,831299,831301493915,18
tf_phase7_policy_classic_2026-08-20,classic_12x10_g102_vs_g99.jsonl,classic-random-12x10,classic,random-start,12x10,tf:99,tf:102,false,p2,accepted,,831299,831301493916,19
tf_phase7_policy_classic_2026-08-20,classic_12x10_g102_vs_g99.jsonl,classic-random-12x10,classic,random-start,12x10,tf:102,tf:99,true,p2,accepted,,831299,831301493917,20
tf_phase7_policy_classic_2026-08-20,classic_12x10_g102_vs_g99.jsonl,classic-random-12x10,classic,random-start,12x10,tf:99,tf:102,false,p1,accepted,,831299,831301493918,21
tf_phase7_policy_classic_2026-08-20,classic_12x10_g102_vs_g99.jsonl,classic-random-12x10,classic,random-start,12x10,tf:102,tf:99,true,p2,accepted,,831299,831301493919,22
tf_phase7_policy_classic_2026-08-20,classic_12x10_g102_vs_g99.jsonl,classic-random-12x10,classic,random-start,12x10,tf:99,tf:102,false,p2,accepted,,831299,831301493920,23
tf_phase7_policy_classic_2026-08-20,classic_12x10_g102_vs_g99.jsonl,classic-random-12x10,classic,random-start,12x10,tf:102,tf:99,true,p2,accepted,,831299,831301493921,24
tf_phase7_policy_classic_2026-08-20,classic_12x10_g102_vs_g99.jsonl,classic-random-12x10,classic,random-start,12x10,tf:99,tf:102,false,p2,accepted,,831299,831301493922,25
tf_phase7_policy_classic_2026-08-20,classic_12x10_g102_vs_g99.jsonl,classic-random-12x10,classic,random-start,12x10,tf:102,tf:99,true,p1,accepted,,831299,831301493923,26
tf_phase7_policy_classic_2026-08-20,classic_12x10_g102_vs_g99.jsonl,classic-random-12x10,classic,random-start,12x10,tf:99,tf:102,false,p2,accepted,,831299,831301493924,27
tf_phase7_policy_classic_2026-08-20,classic_12x10_g102_vs_g99.jsonl,classic-random-12x10,classic,random-start,12x10,tf:102,tf:99,true,p2,accepted,,831299,831301493925,28
tf_phase7_policy_classic_2026-08-20,classic_12x10_g102_vs_g99.jsonl,classic-random-12x10,classic,random-start,12x10,tf:99,tf:102,false,p1,accepted,,831299,831301493926,29
tf_phase7_policy_classic_2026-08-20,classic_12x10_g102_vs_g99.jsonl,classic-random-12x10,classic,random-start,12x10,tf:102,tf:99,true,p2,accepted,,831299,831301493927,30
tf_phase7_policy_classic_2026-08-20,classic_12x10_g102_vs_g99.jsonl,classic-random-12x10,classic,random-start,12x10,tf:99,tf:102,false,p2,accepted,,831299,831301493928,31
tf_phase7_policy_classic_2026-08-20,classic_12x10_g102_vs_g99.jsonl,classic-random-12x10,classic,random-start,12x10,tf:102,tf:99,true,p1,accepted,,831299,831301493929,32
tf_phase7_policy_classic_2026-08-20,classic_12x10_g102_vs_g99.jsonl,classic-random-12x10,classic,random-start,12x10,tf:99,tf:102,false,p2,accepted,,831299,831301493930,33
tf_phase7_policy_classic_2026-08-20,classic_12x10_g102_vs_g99.jsonl,classic-random-12x10,classic,random-start,12x10,tf:102,tf:99,true,p2,accepted,,831299,831301493931,34
tf_phase7_policy_classic_2026-08-20,classic_12x10_g102_vs_g99.jsonl,classic-random-12x10,classic,random-start,12x10,tf:99,tf:102,false,p2,accepted,,831299,831301493932,35
tf_phase7_policy_classic_2026-08-20,classic_12x10_g102_vs_g99.jsonl,classic-random-12x10,classic,random-start,12x10,tf:102,tf:99,true,p2,accepted,,831299,831301493933,36
tf_phase7_policy_classic_2026-08-20,classic_12x10_g102_vs_g99.jsonl,classic-random-12x10,classic,random-start,12x10,tf:99,tf:102,false,p2,accepted,,831299,831301493934,37
tf_phase7_policy_classic_2026-08-20,classic_12x10_g102_vs_g99.jsonl,classic-random-12x10,classic,random-start,12x10,tf:102,tf:99,true,p2,accepted,,831299,831301493935,38
tf_phase7_policy_classic_2026-08-20,classic_12x10_g102_vs_g99.jsonl,classic-random-12x10,classic,random-start,12x10,tf:99,tf:102,false,p2,accepted,,831299,831301493936,39
tf_phase7_policy_classic_2026-08-20,classic_12x10_g103_vs_g100.jsonl,classic-random-12x10,classic,random-start,12x10,tf:103,tf:100,true,p1,accepted,,831400,831402494200,0
tf_phase7_policy_classic_2026-08-20,classic_12x10_g103_vs_g100.jsonl,classic-random-12x10,classic,random-start,12x10,tf:100,tf:103,false,p1,accepted,,831400,831402494201,1
tf_phase7_policy_classic_2026-08-20,classic_12x10_g103_vs_g100.jsonl,classic-random-12x10,classic,random-start,12x10,tf:103,tf:100,true,p1,accepted,,831400,831402494202,2
tf_phase7_policy_classic_2026-08-20,classic_12x10_g103_vs_g100.jsonl,classic-random-12x10,classic,random-start,12x10,tf:100,tf:103,false,p1,accepted,,831400,831402494203,3
tf_phase7_policy_classic_2026-08-20,classic_12x10_g103_vs_g100.jsonl,classic-random-12x10,classic,random-start,12x10,tf:103,tf:100,true,p1,accepted,,831400,831402494204,4
tf_phase7_policy_classic_2026-08-20,classic_12x10_g103_vs_g100.jsonl,classic-random-12x10,classic,random-start,12x10,tf:100,tf:103,false,p1,accepted,,831400,831402494205,5
tf_phase7_policy_classic_2026-08-20,classic_12x10_g103_vs_g100.jsonl,classic-random-12x10,classic,random-start,12x10,tf:103,tf:100,true,p1,accepted,,831400,831402494206,6
tf_phase7_policy_classic_2026-08-20,classic_12x10_g103_vs_g100.jsonl,classic-random-12x10,classic,random-start,12x10,tf:100,tf:103,false,p1,accepted,,831400,831402494207,7
tf_phase7_policy_classic_2026-08-20,classic_12x10_g103_vs_g100.jsonl,classic-random-12x10,classic,random-start,12x10,tf:103,tf:100,true,p1,accepted,,831400,831402494208,8
tf_phase7_policy_classic_2026-08-20,classic_12x10_g103_vs_g100.jsonl,classic-random-12x10,classic,random-start,12x10,tf:100,tf:103,false,p2,accepted,,831400,831402494209,9
tf_phase7_policy_classic_2026-08-20,classic_12x10_g103_vs_g100.jsonl,classic-random-12x10,classic,random-start,12x10,tf:103,tf:100,true,p2,accepted,,831400,831402494210,10
tf_phase7_policy_classic_2026-08-20,classic_12x10_g103_vs_g100.jsonl,classic-random-12x10,classic,random-start,12x10,tf:100,tf:103,false,p2,accepted,,831400,831402494211,11
tf_phase7_policy_classic_2026-08-20,classic_12x10_g103_vs_g100.jsonl,classic-random-12x10,classic,random-start,12x10,tf:103,tf:100,true,p2,accepted,,831400,831402494212,12
tf_phase7_policy_classic_2026-08-20,classic_12x10_g103_vs_g100.jsonl,classic-random-12x10,classic,random-start,12x10,tf:100,tf:103,false,p2,accepted,,831400,831402494213,13
tf_phase7_policy_classic_2026-08-20,classic_12x10_g103_vs_g100.jsonl,classic-random-12x10,classic,random-start,12x10,tf:103,tf:100,true,p1,accepted,,831400,831402494214,14
tf_phase7_policy_classic_2026-08-20,classic_12x10_g103_vs_g100.jsonl,classic-random-12x10,classic,random-start,12x10,tf:100,tf:103,false,p2,accepted,,831400,831402494215,15
tf_phase7_policy_classic_2026-08-20,classic_12x10_g103_vs_g100.jsonl,classic-random-12x10,classic,random-start,12x10,tf:103,tf:100,true,p1,accepted,,831400,831402494216,16
tf_phase7_policy_classic_2026-08-20,classic_12x10_g103_vs_g100.jsonl,classic-random-12x10,classic,random-start,12x10,tf:100,tf:103,false,p1,accepted,,831400,831402494217,17
tf_phase7_policy_classic_2026-08-20,classic_12x10_g103_vs_g100.jsonl,classic-random-12x10,classic,random-start,12x10,tf:103,tf:100,true,p1,accepted,,831400,831402494218,18
tf_phase7_policy_classic_2026-08-20,classic_12x10_g103_vs_g100.jsonl,classic-random-12x10,classic,random-start,12x10,tf:100,tf:103,false,p2,accepted,,831400,831402494219,19
tf_phase7_policy_classic_2026-08-20,classic_12x10_g103_vs_g100.jsonl,classic-random-12x10,classic,random-start,12x10,tf:103,tf:100,true,p2,accepted,,831400,831402494220,20
tf_phase7_policy_classic_2026-08-20,classic_12x10_g103_vs_g100.jsonl,classic-random-12x10,classic,random-start,12x10,tf:100,tf:103,false,p2,accepted,,831400,831402494221,21
tf_phase7_policy_classic_2026-08-20,classic_12x10_g103_vs_g100.jsonl,classic-random-12x10,classic,random-start,12x10,tf:103,tf:100,true,p2,accepted,,831400,831402494222,22
tf_phase7_policy_classic_2026-08-20,classic_12x10_g103_vs_g100.jsonl,classic-random-12x10,classic,random-start,12x10,tf:100,tf:103,false,p2,accepted,,831400,831402494223,23
tf_phase7_policy_classic_2026-08-20,classic_12x10_g103_vs_g100.jsonl,classic-random-12x10,classic,random-start,12x10,tf:103,tf:100,true,p2,accepted,,831400,831402494224,24
tf_phase7_policy_classic_2026-08-20,classic_12x10_g103_vs_g100.jsonl,classic-random-12x10,classic,random-start,12x10,tf:100,tf:103,false,p2,accepted,,831400,831402494225,25
tf_phase7_policy_classic_2026-08-20,classic_12x10_g103_vs_g100.jsonl,classic-random-12x10,classic,random-start,12x10,tf:103,tf:100,true,p2,accepted,,831400,831402494226,26
tf_phase7_policy_classic_2026-08-20,classic_12x10_g103_vs_g100.jsonl,classic-random-12x10,classic,random-start,12x10,tf:100,tf:103,false,p2,accepted,,831400,831402494227,27
tf_phase7_policy_classic_2026-08-20,classic_12x10_g103_vs_g100.jsonl,classic-random-12x10,classic,random-start,12x10,tf:103,tf:100,true,p2,accepted,,831400,831402494228,28
tf_phase7_policy_classic_2026-08-20,classic_12x10_g103_vs_g100.jsonl,classic-random-12x10,classic,random-start,12x10,tf:100,tf:103,false,p2,accepted,,831400,831402494229,29
tf_phase7_policy_classic_2026-08-20,classic_12x10_g103_vs_g100.jsonl,classic-random-12x10,classic,random-start,12x10,tf:103,tf:100,true,p1,accepted,,831400,831402494230,30
tf_phase7_policy_classic_2026-08-20,classic_12x10_g103_vs_g100.jsonl,classic-random-12x10,classic,random-start,12x10,tf:100,tf:103,false,p2,accepted,,831400,831402494231,31
tf_phase7_policy_classic_2026-08-20,classic_12x10_g103_vs_g100.jsonl,classic-random-12x10,classic,random-start,12x10,tf:103,tf:100,true,p2,accepted,,831400,831402494232,32
tf_phase7_policy_classic_2026-08-20,classic_12x10_g103_vs_g100.jsonl,classic-random-12x10,classic,random-start,12x10,tf:100,tf:103,false,p2,accepted,,831400,831402494233,33
tf_phase7_policy_classic_2026-08-20,classic_12x10_g103_vs_g100.jsonl,classic-random-12x10,classic,random-start,12x10,tf:103,tf:100,true,p1,accepted,,831400,831402494234,34
tf_phase7_policy_classic_2026-08-20,classic_12x10_g103_vs_g100.jsonl,classic-random-12x10,classic,random-start,12x10,tf:100,tf:103,false,p2,accepted,,831400,831402494235,35
tf_phase7_policy_classic_2026-08-20,classic_12x10_g103_vs_g100.jsonl,classic-random-12x10,classic,random-start,12x10,tf:103,tf:100,true,p2,accepted,,831400,831402494236,36
tf_phase7_policy_classic_2026-08-20,classic_12x10_g103_vs_g100.jsonl,classic-random-12x10,classic,random-start,12x10,tf:100,tf:103,false,p1,accepted,,831400,831402494237,37
tf_phase7_policy_classic_2026-08-20,classic_12x10_g103_vs_g100.jsonl,classic-random-12x10,classic,random-start,12x10,tf:103,tf:100,true,p2,accepted,,831400,831402494238,38
tf_phase7_policy_classic_2026-08-20,classic_12x10_g103_vs_g100.jsonl,classic-random-12x10,classic,random-start,12x10,tf:100,tf:103,false,p1,accepted,,831400,831402494239,39
tf_phase7_policy_classic_2026-08-20,classic_12x10_g103_vs_g102.jsonl,classic-random-12x10,classic,random-start,12x10,tf:103,tf:102,true,p1,accepted,,831402,831404494206,0
tf_phase7_policy_classic_2026-08-20,classic_12x10_g103_vs_g102.jsonl,classic-random-12x10,classic,random-start,12x10,tf:102,tf:103,false,p2,accepted,,831402,831404494207,1
tf_phase7_policy_classic_2026-08-20,classic_12x10_g103_vs_g102.jsonl,classic-random-12x10,classic,random-start,12x10,tf:103,tf:102,true,p1,accepted,,831402,831404494208,2
tf_phase7_policy_classic_2026-08-20,classic_12x10_g103_vs_g102.jsonl,classic-random-12x10,classic,random-start,12x10,tf:102,tf:103,false,p1,accepted,,831402,831404494209,3
tf_phase7_policy_classic_2026-08-20,classic_12x10_g103_vs_g102.jsonl,classic-random-12x10,classic,random-start,12x10,tf:103,tf:102,true,p2,accepted,,831402,831404494210,4
tf_phase7_policy_classic_2026-08-20,classic_12x10_g103_vs_g102.jsonl,classic-random-12x10,classic,random-start,12x10,tf:102,tf:103,false,p2,accepted,,831402,831404494211,5
tf_phase7_policy_classic_2026-08-20,classic_12x10_g103_vs_g102.jsonl,classic-random-12x10,classic,random-start,12x10,tf:103,tf:102,true,p2,accepted,,831402,831404494212,6
tf_phase7_policy_classic_2026-08-20,classic_12x10_g103_vs_g102.jsonl,classic-random-12x10,classic,random-start,12x10,tf:102,tf:103,false,p1,accepted,,831402,831404494213,7
tf_phase7_policy_classic_2026-08-20,classic_12x10_g103_vs_g102.jsonl,classic-random-12x10,classic,random-start,12x10,tf:103,tf:102,true,p2,accepted,,831402,831404494214,8
tf_phase7_policy_classic_2026-08-20,classic_12x10_g103_vs_g102.jsonl,classic-random-12x10,classic,random-start,12x10,tf:102,tf:103,false,p1,accepted,,831402,831404494215,9
tf_phase7_policy_classic_2026-08-20,classic_12x10_g103_vs_g102.jsonl,classic-random-12x10,classic,random-start,12x10,tf:103,tf:102,true,p2,accepted,,831402,831404494216,10
tf_phase7_policy_classic_2026-08-20,classic_12x10_g103_vs_g102.jsonl,classic-random-12x10,classic,random-start,12x10,tf:102,tf:103,false,p2,accepted,,831402,831404494217,11
tf_phase7_policy_classic_2026-08-20,classic_12x10_g103_vs_g102.jsonl,classic-random-12x10,classic,random-start,12x10,tf:103,tf:102,true,p2,accepted,,831402,831404494218,12
tf_phase7_policy_classic_2026-08-20,classic_12x10_g103_vs_g102.jsonl,classic-random-12x10,classic,random-start,12x10,tf:102,tf:103,false,p1,accepted,,831402,831404494219,13
tf_phase7_policy_classic_2026-08-20,classic_12x10_g103_vs_g102.jsonl,classic-random-12x10,classic,random-start,12x10,tf:103,tf:102,true,p2,accepted,,831402,831404494220,14
tf_phase7_policy_classic_2026-08-20,classic_12x10_g103_vs_g102.jsonl,classic-random-12x10,classic,random-start,12x10,tf:102,tf:103,false,p1,accepted,,831402,831404494221,15
tf_phase7_policy_classic_2026-08-20,classic_12x10_g103_vs_g102.jsonl,classic-random-12x10,classic,random-start,12x10,tf:103,tf:102,true,p1,accepted,,831402,831404494222,16
tf_phase7_policy_classic_2026-08-20,classic_12x10_g103_vs_g102.jsonl,classic-random-12x10,classic,random-start,12x10,tf:102,tf:103,false,p2,accepted,,831402,831404494223,17
tf_phase7_policy_classic_2026-08-20,classic_12x10_g103_vs_g102.jsonl,classic-random-12x10,classic,random-start,12x10,tf:103,tf:102,true,p1,accepted,,831402,831404494224,18
tf_phase7_policy_classic_2026-08-20,classic_12x10_g103_vs_g102.jsonl,classic-random-12x10,classic,random-start,12x10,tf:102,tf:103,false,p1,accepted,,831402,831404494225,19
tf_phase7_policy_classic_2026-08-20,classic_12x10_g103_vs_g102.jsonl,classic-random-12x10,classic,random-start,12x10,tf:103,tf:102,true,p1,accepted,,831402,831404494226,20
tf_phase7_policy_classic_2026-08-20,classic_12x10_g103_vs_g102.jsonl,classic-random-12x10,classic,random-start,12x10,tf:102,tf:103,false,p1,accepted,,831402,831404494227,21
tf_phase7_policy_classic_2026-08-20,classic_12x10_g103_vs_g102.jsonl,classic-random-12x10,classic,random-start,12x10,tf:103,tf:102,true,p1,accepted,,831402,831404494228,22
tf_phase7_policy_classic_2026-08-20,classic_12x10_g103_vs_g102.jsonl,classic-random-12x10,classic,random-start,12x10,tf:102,tf:103,false,p1,accepted,,831402,831404494229,23
tf_phase7_policy_classic_2026-08-20,classic_12x10_g103_vs_g102.jsonl,classic-random-12x10,classic,random-start,12x10,tf:103,tf:102,true,p1,accepted,,831402,831404494230,24
tf_phase7_policy_classic_2026-08-20,classic_12x10_g103_vs_g102.jsonl,classic-random-12x10,classic,random-start,12x10,tf:102,tf:103,false,p2,accepted,,831402,831404494231,25
tf_phase7_policy_classic_2026-08-20,classic_12x10_g103_vs_g102.jsonl,classic-random-12x10,classic,random-start,12x10,tf:103,tf:102,true,p1,accepted,,831402,831404494232,26
tf_phase7_policy_classic_2026-08-20,classic_12x10_g103_vs_g102.jsonl,classic-random-12x10,classic,random-start,12x10,tf:102,tf:103,false,p2,accepted,,831402,831404494233,27
tf_phase7_policy_classic_2026-08-20,classic_12x10_g103_vs_g102.jsonl,classic-random-12x10,classic,random-start,12x10,tf:103,tf:102,true,p1,accepted,,831402,831404494234,28
tf_phase7_policy_classic_2026-08-20,classic_12x10_g103_vs_g102.jsonl,classic-random-12x10,classic,random-start,12x10,tf:102,tf:103,false,p1,accepted,,831402,831404494235,29
tf_phase7_policy_classic_2026-08-20,classic_12x10_g103_vs_g102.jsonl,classic-random-12x10,classic,random-start,12x10,tf:103,tf:102,true,p1,accepted,,831402,831404494236,30
tf_phase7_policy_classic_2026-08-20,classic_12x10_g103_vs_g102.jsonl,classic-random-12x10,classic,random-start,12x10,tf:102,tf:103,false,p1,accepted,,831402,831404494237,31
tf_phase7_policy_classic_2026-08-20,classic_12x10_g103_vs_g102.jsonl,classic-random-12x10,classic,random-start,12x10,tf:103,tf:102,true,p2,accepted,,831402,831404494238,32
tf_phase7_policy_classic_2026-08-20,classic_12x10_g103_vs_g102.jsonl,classic-random-12x10,classic,random-start,12x10,tf:102,tf:103,false,p2,accepted,,831402,831404494239,33
tf_phase7_policy_classic_2026-08-20,classic_12x10_g103_vs_g102.jsonl,classic-random-12x10,classic,random-start,12x10,tf:103,tf:102,true,p2,accepted,,831402,831404494240,34
tf_phase7_policy_classic_2026-08-20,classic_12x10_g103_vs_g102.jsonl,classic-random-12x10,classic,random-start,12x10,tf:102,tf:103,false,p2,accepted,,831402,831404494241,35
tf_phase7_policy_classic_2026-08-20,classic_12x10_g103_vs_g102.jsonl,classic-random-12x10,classic,random-start,12x10,tf:103,tf:102,true,p2,accepted,,831402,831404494242,36
tf_phase7_policy_classic_2026-08-20,classic_12x10_g103_vs_g102.jsonl,classic-random-12x10,classic,random-start,12x10,tf:102,tf:103,false,p2,accepted,,831402,831404494243,37
tf_phase7_policy_classic_2026-08-20,classic_12x10_g103_vs_g102.jsonl,classic-random-12x10,classic,random-start,12x10,tf:103,tf:102,true,p2,accepted,,831402,831404494244,38
tf_phase7_policy_classic_2026-08-20,classic_12x10_g103_vs_g102.jsonl,classic-random-12x10,classic,random-start,12x10,tf:102,tf:103,false,p2,accepted,,831402,831404494245,39
tf_phase7_policy_classic_2026-08-20,classic_12x10_g103_vs_g97.jsonl,classic-random-12x10,classic,random-start,12x10,tf:103,tf:97,true,p2,accepted,,831397,831399494191,0
tf_phase7_policy_classic_2026-08-20,classic_12x10_g103_vs_g97.jsonl,classic-random-12x10,classic,random-start,12x10,tf:97,tf:103,false,p1,accepted,,831397,831399494192,1
tf_phase7_policy_classic_2026-08-20,classic_12x10_g103_vs_g97.jsonl,classic-random-12x10,classic,random-start,12x10,tf:103,tf:97,true,p2,accepted,,831397,831399494193,2
tf_phase7_policy_classic_2026-08-20,classic_12x10_g103_vs_g97.jsonl,classic-random-12x10,classic,random-start,12x10,tf:97,tf:103,false,p1,accepted,,831397,831399494194,3
tf_phase7_policy_classic_2026-08-20,classic_12x10_g103_vs_g97.jsonl,classic-random-12x10,classic,random-start,12x10,tf:103,tf:97,true,p1,accepted,,831397,831399494195,4
tf_phase7_policy_classic_2026-08-20,classic_12x10_g103_vs_g97.jsonl,classic-random-12x10,classic,random-start,12x10,tf:97,tf:103,false,p1,accepted,,831397,831399494196,5
tf_phase7_policy_classic_2026-08-20,classic_12x10_g103_vs_g97.jsonl,classic-random-12x10,classic,random-start,12x10,tf:103,tf:97,true,p2,accepted,,831397,831399494197,6
tf_phase7_policy_classic_2026-08-20,classic_12x10_g103_vs_g97.jsonl,classic-random-12x10,classic,random-start,12x10,tf:97,tf:103,false,p1,accepted,,831397,831399494198,7
tf_phase7_policy_classic_2026-08-20,classic_12x10_g103_vs_g97.jsonl,classic-random-12x10,classic,random-start,12x10,tf:103,tf:97,true,p1,accepted,,831397,831399494199,8
tf_phase7_policy_classic_2026-08-20,classic_12x10_g103_vs_g97.jsonl,classic-random-12x10,classic,random-start,12x10,tf:97,tf:103,false,p1,accepted,,831397,831399494200,9
tf_phase7_policy_classic_2026-08-20,classic_12x10_g103_vs_g97.jsonl,classic-random-12x10,classic,random-start,12x10,tf:103,tf:97,true,p1,accepted,,831397,831399494201,10
tf_phase7_policy_classic_2026-08-20,classic_12x10_g103_vs_g97.jsonl,classic-random-12x10,classic,random-start,12x10,tf:97,tf:103,false,p1,accepted,,831397,831399494202,11
tf_phase7_policy_classic_2026-08-20,classic_12x10_g103_vs_g97.jsonl,classic-random-12x10,classic,random-start,12x10,tf:103,tf:97,true,p2,accepted,,831397,831399494203,12
tf_phase7_policy_classic_2026-08-20,classic_12x10_g103_vs_g97.jsonl,classic-random-12x10,classic,random-start,12x10,tf:97,tf:103,false,p2,accepted,,831397,831399494204,13
tf_phase7_policy_classic_2026-08-20,classic_12x10_g103_vs_g97.jsonl,classic-random-12x10,classic,random-start,12x10,tf:103,tf:97,true,p2,accepted,,831397,831399494205,14
tf_phase7_policy_classic_2026-08-20,classic_12x10_g103_vs_g97.jsonl,classic-random-12x10,classic,random-start,12x10,tf:97,tf:103,false,p1,accepted,,831397,831399494206,15
tf_phase7_policy_classic_2026-08-20,classic_12x10_g103_vs_g97.jsonl,classic-random-12x10,classic,random-start,12x10,tf:103,tf:97,true,p1,accepted,,831397,831399494207,16
tf_phase7_policy_classic_2026-08-20,classic_12x10_g103_vs_g97.jsonl,classic-random-12x10,classic,random-start,12x10,tf:97,tf:103,false,p2,accepted,,831397,831399494208,17
tf_phase7_policy_classic_2026-08-20,classic_12x10_g103_vs_g97.jsonl,classic-random-12x10,classic,random-start,12x10,tf:103,tf:97,true,p2,accepted,,831397,831399494209,18
tf_phase7_policy_classic_2026-08-20,classic_12x10_g103_vs_g97.jsonl,classic-random-12x10,classic,random-start,12x10,tf:97,tf:103,false,p2,accepted,,831397,831399494210,19
tf_phase7_policy_classic_2026-08-20,classic_12x10_g103_vs_g97.jsonl,classic-random-12x10,classic,random-start,12x10,tf:103,tf:97,true,p1,accepted,,831397,831399494211,20
tf_phase7_policy_classic_2026-08-20,classic_12x10_g103_vs_g97.jsonl,classic-random-12x10,classic,random-start,12x10,tf:97,tf:103,false,p2,accepted,,831397,831399494212,21
tf_phase7_policy_classic_2026-08-20,classic_12x10_g103_vs_g97.jsonl,classic-random-12x10,classic,random-start,12x10,tf:103,tf:97,true,p1,accepted,,831397,831399494213,22
tf_phase7_policy_classic_2026-08-20,classic_12x10_g103_vs_g97.jsonl,classic-random-12x10,classic,random-start,12x10,tf:97,tf:103,false,p2,accepted,,831397,831399494214,23
tf_phase7_policy_classic_2026-08-20,classic_12x10_g103_vs_g97.jsonl,classic-random-12x10,classic,random-start,12x10,tf:103,tf:97,true,p1,accepted,,831397,831399494215,24
tf_phase7_policy_classic_2026-08-20,classic_12x10_g103_vs_g97.jsonl,classic-random-12x10,classic,random-start,12x10,tf:97,tf:103,false,p2,accepted,,831397,831399494216,25
tf_phase7_policy_classic_2026-08-20,classic_12x10_g103_vs_g97.jsonl,classic-random-12x10,classic,random-start,12x10,tf:103,tf:97,true,p1,accepted,,831397,831399494217,26
tf_phase7_policy_classic_2026-08-20,classic_12x10_g103_vs_g97.jsonl,classic-random-12x10,classic,random-start,12x10,tf:97,tf:103,false,p2,accepted,,831397,831399494218,27
tf_phase7_policy_classic_2026-08-20,classic_12x10_g103_vs_g97.jsonl,classic-random-12x10,classic,random-start,12x10,tf:103,tf:97,true,p1,accepted,,831397,831399494219,28
tf_phase7_policy_classic_2026-08-20,classic_12x10_g103_vs_g97.jsonl,classic-random-12x10,classic,random-start,12x10,tf:97,tf:103,false,p2,accepted,,831397,831399494220,29
tf_phase7_policy_classic_2026-08-20,classic_12x10_g103_vs_g97.jsonl,classic-random-12x10,classic,random-start,12x10,tf:103,tf:97,true,p1,accepted,,831397,831399494221,30
tf_phase7_policy_classic_2026-08-20,classic_12x10_g103_vs_g97.jsonl,classic-random-12x10,classic,random-start,12x10,tf:97,tf:103,false,p1,accepted,,831397,831399494222,31
tf_phase7_policy_classic_2026-08-20,classic_12x10_g103_vs_g97.jsonl,classic-random-12x10,classic,random-start,12x10,tf:103,tf:97,true,p1,accepted,,831397,831399494223,32
tf_phase7_policy_classic_2026-08-20,classic_12x10_g103_vs_g97.jsonl,classic-random-12x10,classic,random-start,12x10,tf:97,tf:103,false,p1,accepted,,831397,831399494224,33
tf_phase7_policy_classic_2026-08-20,classic_12x10_g103_vs_g97.jsonl,classic-random-12x10,classic,random-start,12x10,tf:103,tf:97,true,p1,accepted,,831397,831399494225,34
tf_phase7_policy_classic_2026-08-20,classic_12x10_g103_vs_g97.jsonl,classic-random-12x10,classic,random-start,12x10,tf:97,tf:103,false,p1,accepted,,831397,831399494226,35
tf_phase7_policy_classic_2026-08-20,classic_12x10_g103_vs_g97.jsonl,classic-random-12x10,classic,random-start,12x10,tf:103,tf:97,true,p1,accepted,,831397,831399494227,36
tf_phase7_policy_classic_2026-08-20,classic_12x10_g103_vs_g97.jsonl,classic-random-12x10,classic,random-start,12x10,tf:97,tf:103,false,p1,accepted,,831397,831399494228,37
tf_phase7_policy_classic_2026-08-20,classic_12x10_g103_vs_g97.jsonl,classic-random-12x10,classic,random-start,12x10,tf:103,tf:97,true,p2,accepted,,831397,831399494229,38
tf_phase7_policy_classic_2026-08-20,classic_12x10_g103_vs_g97.jsonl,classic-random-12x10,classic,random-start,12x10,tf:97,tf:103,false,p1,accepted,,831397,831399494230,39
tf_phase7_policy_classic_2026-08-20,classic_12x10_g104_vs_g101.jsonl,classic-random-12x10,classic,random-start,12x10,tf:104,tf:101,true,p1,accepted,,831501,831503494503,0
tf_phase7_policy_classic_2026-08-20,classic_12x10_g104_vs_g101.jsonl,classic-random-12x10,classic,random-start,12x10,tf:101,tf:104,false,p1,accepted,,831501,831503494504,1
tf_phase7_policy_classic_2026-08-20,classic_12x10_g104_vs_g101.jsonl,classic-random-12x10,classic,random-start,12x10,tf:104,tf:101,true,p1,accepted,,831501,831503494505,2
tf_phase7_policy_classic_2026-08-20,classic_12x10_g104_vs_g101.jsonl,classic-random-12x10,classic,random-start,12x10,tf:101,tf:104,false,p2,accepted,,831501,831503494506,3
tf_phase7_policy_classic_2026-08-20,classic_12x10_g104_vs_g101.jsonl,classic-random-12x10,classic,random-start,12x10,tf:104,tf:101,true,p2,accepted,,831501,831503494507,4
tf_phase7_policy_classic_2026-08-20,classic_12x10_g104_vs_g101.jsonl,classic-random-12x10,classic,random-start,12x10,tf:101,tf:104,false,p2,accepted,,831501,831503494508,5
tf_phase7_policy_classic_2026-08-20,classic_12x10_g104_vs_g101.jsonl,classic-random-12x10,classic,random-start,12x10,tf:104,tf:101,true,p1,accepted,,831501,831503494509,6
tf_phase7_policy_classic_2026-08-20,classic_12x10_g104_vs_g101.jsonl,classic-random-12x10,classic,random-start,12x10,tf:101,tf:104,false,p1,accepted,,831501,831503494510,7
tf_phase7_policy_classic_2026-08-20,classic_12x10_g104_vs_g101.jsonl,classic-random-12x10,classic,random-start,12x10,tf:104,tf:101,true,p1,accepted,,831501,831503494511,8
tf_phase7_policy_classic_2026-08-20,classic_12x10_g104_vs_g101.jsonl,classic-random-12x10,classic,random-start,12x10,tf:101,tf:104,false,p2,accepted,,831501,831503494512,9
tf_phase7_policy_classic_2026-08-20,classic_12x10_g104_vs_g101.jsonl,classic-random-12x10,classic,random-start,12x10,tf:104,tf:101,true,p1,accepted,,831501,831503494513,10
tf_phase7_policy_classic_2026-08-20,classic_12x10_g104_vs_g101.jsonl,classic-random-12x10,classic,random-start,12x10,tf:101,tf:104,false,p1,accepted,,831501,831503494514,11
tf_phase7_policy_classic_2026-08-20,classic_12x10_g104_vs_g101.jsonl,classic-random-12x10,classic,random-start,12x10,tf:104,tf:101,true,p2,accepted,,831501,831503494515,12
tf_phase7_policy_classic_2026-08-20,classic_12x10_g104_vs_g101.jsonl,classic-random-12x10,classic,random-start,12x10,tf:101,tf:104,false,p2,accepted,,831501,831503494516,13
tf_phase7_policy_classic_2026-08-20,classic_12x10_g104_vs_g101.jsonl,classic-random-12x10,classic,random-start,12x10,tf:104,tf:101,true,p2,accepted,,831501,831503494517,14
tf_phase7_policy_classic_2026-08-20,classic_12x10_g104_vs_g101.jsonl,classic-random-12x10,classic,random-start,12x10,tf:101,tf:104,false,p2,accepted,,831501,831503494518,15
tf_phase7_policy_classic_2026-08-20,classic_12x10_g104_vs_g101.jsonl,classic-random-12x10,classic,random-start,12x10,tf:104,tf:101,true,p2,accepted,,831501,831503494519,16
tf_phase7_policy_classic_2026-08-20,classic_12x10_g104_vs_g101.jsonl,classic-random-12x10,classic,random-start,12x10,tf:101,tf:104,false,p2,accepted,,831501,831503494520,17
tf_phase7_policy_classic_2026-08-20,classic_12x10_g104_vs_g101.jsonl,classic-random-12x10,classic,random-start,12x10,tf:104,tf:101,true,p1,accepted,,831501,831503494521,18
tf_phase7_policy_classic_2026-08-20,classic_12x10_g104_vs_g101.jsonl,classic-random-12x10,classic,random-start,12x10,tf:101,tf:104,false,p2,accepted,,831501,831503494522,19
tf_phase7_policy_classic_2026-08-20,classic_12x10_g104_vs_g101.jsonl,classic-random-12x10,classic,random-start,12x10,tf:104,tf:101,true,p1,accepted,,831501,831503494523,20
tf_phase7_policy_classic_2026-08-20,classic_12x10_g104_vs_g101.jsonl,classic-random-12x10,classic,random-start,12x10,tf:101,tf:104,false,p2,accepted,,831501,831503494524,21
tf_phase7_policy_classic_2026-08-20,classic_12x10_g104_vs_g101.jsonl,classic-random-12x10,classic,random-start,12x10,tf:104,tf:101,true,p1,accepted,,831501,831503494525,22
tf_phase7_policy_classic_2026-08-20,classic_12x10_g104_vs_g101.jsonl,classic-random-12x10,classic,random-start,12x10,tf:101,tf:104,false,p1,accepted,,831501,831503494526,23
tf_phase7_policy_classic_2026-08-20,classic_12x10_g104_vs_g101.jsonl,classic-random-12x10,classic,random-start,12x10,tf:104,tf:101,true,p1,accepted,,831501,831503494527,24
tf_phase7_policy_classic_2026-08-20,classic_12x10_g104_vs_g101.jsonl,classic-random-12x10,classic,random-start,12x10,tf:101,tf:104,false,p1,accepted,,831501,831503494528,25
tf_phase7_policy_classic_2026-08-20,classic_12x10_g104_vs_g101.jsonl,classic-random-12x10,classic,random-start,12x10,tf:104,tf:101,true,p1,accepted,,831501,831503494529,26
tf_phase7_policy_classic_2026-08-20,classic_12x10_g104_vs_g101.jsonl,classic-random-12x10,classic,random-start,12x10,tf:101,tf:104,false,p1,accepted,,831501,831503494530,27
tf_phase7_policy_classic_2026-08-20,classic_12x10_g104_vs_g101.jsonl,classic-random-12x10,classic,random-start,12x10,tf:104,tf:101,true,p1,accepted,,831501,831503494531,28
tf_phase7_policy_classic_2026-08-20,classic_12x10_g104_vs_g101.jsonl,classic-random-12x10,classic,random-start,12x10,tf:101,tf:104,false,p2,accepted,,831501,831503494532,29
tf_phase7_policy_classic_2026-08-20,classic_12x10_g104_vs_g101.jsonl,classic-random-12x10,classic,random-start,12x10,tf:104,tf:101,true,p1,accepted,,831501,831503494533,30
tf_phase7_policy_classic_2026-08-20,classic_12x10_g104_vs_g101.jsonl,classic-random-12x10,classic,random-start,12x10,tf:101,tf:104,false,p1,accepted,,831501,831503494534,31
tf_phase7_policy_classic_2026-08-20,classic_12x10_g104_vs_g101.jsonl,classic-random-12x10,classic,random-start,12x10,tf:104,tf:101,true,p1,accepted,,831501,831503494535,32
tf_phase7_policy_classic_2026-08-20,classic_12x10_g104_vs_g101.jsonl,classic-random-12x10,classic,random-start,12x10,tf:101,tf:104,false,p1,accepted,,831501,831503494536,33
tf_phase7_policy_classic_2026-08-20,classic_12x10_g104_vs_g101.jsonl,classic-random-12x10,classic,random-start,12x10,tf:104,tf:101,true,p1,accepted,,831501,831503494537,34
tf_phase7_policy_classic_2026-08-20,classic_12x10_g104_vs_g101.jsonl,classic-random-12x10,classic,random-start,12x10,tf:101,tf:104,false,p2,accepted,,831501,831503494538,35
tf_phase7_policy_classic_2026-08-20,classic_12x10_g104_vs_g101.jsonl,classic-random-12x10,classic,random-start,12x10,tf:104,tf:101,true,p2,accepted,,831501,831503494539,36
tf_phase7_policy_classic_2026-08-20,classic_12x10_g104_vs_g101.jsonl,classic-random-12x10,classic,random-start,12x10,tf:101,tf:104,false,p1,accepted,,831501,831503494540,37
tf_phase7_policy_classic_2026-08-20,classic_12x10_g104_vs_g101.jsonl,classic-random-12x10,classic,random-start,12x10,tf:104,tf:101,true,p1,accepted,,831501,831503494541,38
tf_phase7_policy_classic_2026-08-20,classic_12x10_g104_vs_g101.jsonl,classic-random-12x10,classic,random-start,12x10,tf:101,tf:104,false,p2,accepted,,831501,831503494542,39
tf_phase7_policy_classic_2026-08-20,classic_12x10_g104_vs_g103.jsonl,classic-random-12x10,classic,random-start,12x10,tf:104,tf:103,true,p2,accepted,,831503,831505494509,0
tf_phase7_policy_classic_2026-08-20,classic_12x10_g104_vs_g103.jsonl,classic-random-12x10,classic,random-start,12x10,tf:103,tf:104,false,p2,accepted,,831503,831505494510,1
tf_phase7_policy_classic_2026-08-20,classic_12x10_g104_vs_g103.jsonl,classic-random-12x10,classic,random-start,12x10,tf:104,tf:103,true,p1,accepted,,831503,831505494511,2
tf_phase7_policy_classic_2026-08-20,classic_12x10_g104_vs_g103.jsonl,classic-random-12x10,classic,random-start,12x10,tf:103,tf:104,false,p2,accepted,,831503,831505494512,3
tf_phase7_policy_classic_2026-08-20,classic_12x10_g104_vs_g103.jsonl,classic-random-12x10,classic,random-start,12x10,tf:104,tf:103,true,p1,accepted,,831503,831505494513,4
tf_phase7_policy_classic_2026-08-20,classic_12x10_g104_vs_g103.jsonl,classic-random-12x10,classic,random-start,12x10,tf:103,tf:104,false,p1,accepted,,831503,831505494514,5
tf_phase7_policy_classic_2026-08-20,classic_12x10_g104_vs_g103.jsonl,classic-random-12x10,classic,random-start,12x10,tf:104,tf:103,true,p2,accepted,,831503,831505494515,6
tf_phase7_policy_classic_2026-08-20,classic_12x10_g104_vs_g103.jsonl,classic-random-12x10,classic,random-start,12x10,tf:103,tf:104,false,p1,accepted,,831503,831505494516,7
tf_phase7_policy_classic_2026-08-20,classic_12x10_g104_vs_g103.jsonl,classic-random-12x10,classic,random-start,12x10,tf:104,tf:103,true,p2,accepted,,831503,831505494517,8
tf_phase7_policy_classic_2026-08-20,classic_12x10_g104_vs_g103.jsonl,classic-random-12x10,classic,random-start,12x10,tf:103,tf:104,false,p1,accepted,,831503,831505494518,9
tf_phase7_policy_classic_2026-08-20,classic_12x10_g104_vs_g103.jsonl,classic-random-12x10,classic,random-start,12x10,tf:104,tf:103,true,p2,accepted,,831503,831505494519,10
tf_phase7_policy_classic_2026-08-20,classic_12x10_g104_vs_g103.jsonl,classic-random-12x10,classic,random-start,12x10,tf:103,tf:104,false,p1,accepted,,831503,831505494520,11
tf_phase7_policy_classic_2026-08-20,classic_12x10_g104_vs_g103.jsonl,classic-random-12x10,classic,random-start,12x10,tf:104,tf:103,true,p1,accepted,,831503,831505494521,12
tf_phase7_policy_classic_2026-08-20,classic_12x10_g104_vs_g103.jsonl,classic-random-12x10,classic,random-start,12x10,tf:103,tf:104,false,p2,accepted,,831503,831505494522,13
tf_phase7_policy_classic_2026-08-20,classic_12x10_g104_vs_g103.jsonl,classic-random-12x10,classic,random-start,12x10,tf:104,tf:103,true,p2,accepted,,831503,831505494523,14
tf_phase7_policy_classic_2026-08-20,classic_12x10_g104_vs_g103.jsonl,classic-random-12x10,classic,random-start,12x10,tf:103,tf:104,false,p1,accepted,,831503,831505494524,15
tf_phase7_policy_classic_2026-08-20,classic_12x10_g104_vs_g103.jsonl,classic-random-12x10,classic,random-start,12x10,tf:104,tf:103,true,p1,accepted,,831503,831505494525,16
tf_phase7_policy_classic_2026-08-20,classic_12x10_g104_vs_g103.jsonl,classic-random-12x10,classic,random-start,12x10,tf:103,tf:104,false,p2,accepted,,831503,831505494526,17
tf_phase7_policy_classic_2026-08-20,classic_12x10_g104_vs_g103.jsonl,classic-random-12x10,classic,random-start,12x10,tf:104,tf:103,true,p1,accepted,,831503,831505494527,18
tf_phase7_policy_classic_2026-08-20,classic_12x10_g104_vs_g103.jsonl,classic-random-12x10,classic,random-start,12x10,tf:103,tf:104,false,p1,accepted,,831503,831505494528,19
tf_phase7_policy_classic_2026-08-20,classic_12x10_g104_vs_g103.jsonl,classic-random-12x10,classic,random-start,12x10,tf:104,tf:103,true,p2,accepted,,831503,831505494529,20
tf_phase7_policy_classic_2026-08-20,classic_12x10_g104_vs_g103.jsonl,classic-random-12x10,classic,random-start,12x10,tf:103,tf:104,false,p2,accepted,,831503,831505494530,21
tf_phase7_policy_classic_2026-08-20,classic_12x10_g104_vs_g103.jsonl,classic-random-12x10,classic,random-start,12x10,tf:104,tf:103,true,p1,accepted,,831503,831505494531,22
tf_phase7_policy_classic_2026-08-20,classic_12x10_g104_vs_g103.jsonl,classic-random-12x10,classic,random-start,12x10,tf:103,tf:104,false,p2,accepted,,831503,831505494532,23
tf_phase7_policy_classic_2026-08-20,classic_12x10_g104_vs_g103.jsonl,classic-random-12x10,classic,random-start,12x10,tf:104,tf:103,true,p1,accepted,,831503,831505494533,24
tf_phase7_policy_classic_2026-08-20,classic_12x10_g104_vs_g103.jsonl,classic-random-12x10,classic,random-start,12x10,tf:103,tf:104,false,p1,accepted,,831503,831505494534,25
tf_phase7_policy_classic_2026-08-20,classic_12x10_g104_vs_g103.jsonl,classic-random-12x10,classic,random-start,12x10,tf:104,tf:103,true,p2,accepted,,831503,831505494535,26
tf_phase7_policy_classic_2026-08-20,classic_12x10_g104_vs_g103.jsonl,classic-random-12x10,classic,random-start,12x10,tf:103,tf:104,false,p2,accepted,,831503,831505494536,27
tf_phase7_policy_classic_2026-08-20,classic_12x10_g104_vs_g103.jsonl,classic-random-12x10,classic,random-start,12x10,tf:104,tf:103,true,p1,accepted,,831503,831505494537,28
tf_phase7_policy_classic_2026-08-20,classic_12x10_g104_vs_g103.jsonl,classic-random-12x10,classic,random-start,12x10,tf:103,tf:104,false,p1,accepted,,831503,831505494538,29
tf_phase7_policy_classic_2026-08-20,classic_12x10_g104_vs_g103.jsonl,classic-random-12x10,classic,random-start,12x10,tf:104,tf:103,true,p2,accepted,,831503,831505494539,30
tf_phase7_policy_classic_2026-08-20,classic_12x10_g104_vs_g103.jsonl,classic-random-12x10,classic,random-start,12x10,tf:103,tf:104,false,p2,accepted,,831503,831505494540,31
tf_phase7_policy_classic_2026-08-20,classic_12x10_g104_vs_g103.jsonl,classic-random-12x10,classic,random-start,12x10,tf:104,tf:103,true,p1,accepted,,831503,831505494541,32
tf_phase7_policy_classic_2026-08-20,classic_12x10_g104_vs_g103.jsonl,classic-random-12x10,classic,random-start,12x10,tf:103,tf:104,false,p1,accepted,,831503,831505494542,33
tf_phase7_policy_classic_2026-08-20,classic_12x10_g104_vs_g103.jsonl,classic-random-12x10,classic,random-start,12x10,tf:104,tf:103,true,p1,accepted,,831503,831505494543,34
tf_phase7_policy_classic_2026-08-20,classic_12x10_g104_vs_g103.jsonl,classic-random-12x10,classic,random-start,12x10,tf:103,tf:104,false,p2,accepted,,831503,831505494544,35
tf_phase7_policy_classic_2026-08-20,classic_12x10_g104_vs_g103.jsonl,classic-random-12x10,classic,random-start,12x10,tf:104,tf:103,true,p1,accepted,,831503,831505494545,36
tf_phase7_policy_classic_2026-08-20,classic_12x10_g104_vs_g103.jsonl,classic-random-12x10,classic,random-start,12x10,tf:103,tf:104,false,p1,accepted,,831503,831505494546,37
tf_phase7_policy_classic_2026-08-20,classic_12x10_g104_vs_g103.jsonl,classic-random-12x10,classic,random-start,12x10,tf:104,tf:103,true,p1,accepted,,831503,831505494547,38
tf_phase7_policy_classic_2026-08-20,classic_12x10_g104_vs_g103.jsonl,classic-random-12x10,classic,random-start,12x10,tf:103,tf:104,false,p2,accepted,,831503,831505494548,39
tf_phase7_policy_classic_2026-08-20,classic_12x10_g104_vs_g98.jsonl,classic-random-12x10,classic,random-start,12x10,tf:104,tf:98,true,p1,accepted,,831498,831500494494,0
tf_phase7_policy_classic_2026-08-20,classic_12x10_g104_vs_g98.jsonl,classic-random-12x10,classic,random-start,12x10,tf:98,tf:104,false,p1,accepted,,831498,831500494495,1
tf_phase7_policy_classic_2026-08-20,classic_12x10_g104_vs_g98.jsonl,classic-random-12x10,classic,random-start,12x10,tf:104,tf:98,true,p2,accepted,,831498,831500494496,2
tf_phase7_policy_classic_2026-08-20,classic_12x10_g104_vs_g98.jsonl,classic-random-12x10,classic,random-start,12x10,tf:98,tf:104,false,p2,accepted,,831498,831500494497,3
tf_phase7_policy_classic_2026-08-20,classic_12x10_g104_vs_g98.jsonl,classic-random-12x10,classic,random-start,12x10,tf:104,tf:98,true,p2,accepted,,831498,831500494498,4
tf_phase7_policy_classic_2026-08-20,classic_12x10_g104_vs_g98.jsonl,classic-random-12x10,classic,random-start,12x10,tf:98,tf:104,false,p2,accepted,,831498,831500494499,5
tf_phase7_policy_classic_2026-08-20,classic_12x10_g104_vs_g98.jsonl,classic-random-12x10,classic,random-start,12x10,tf:104,tf:98,true,p1,accepted,,831498,831500494500,6
tf_phase7_policy_classic_2026-08-20,classic_12x10_g104_vs_g98.jsonl,classic-random-12x10,classic,random-start,12x10,tf:98,tf:104,false,p1,accepted,,831498,831500494501,7
tf_phase7_policy_classic_2026-08-20,classic_12x10_g104_vs_g98.jsonl,classic-random-12x10,classic,random-start,12x10,tf:104,tf:98,true,p1,accepted,,831498,831500494502,8
tf_phase7_policy_classic_2026-08-20,classic_12x10_g104_vs_g98.jsonl,classic-random-12x10,classic,random-start,12x10,tf:98,tf:104,false,p1,accepted,,831498,831500494503,9
tf_phase7_policy_classic_2026-08-20,classic_12x10_g104_vs_g98.jsonl,classic-random-12x10,classic,random-start,12x10,tf:104,tf:98,true,p1,accepted,,831498,831500494504,10
tf_phase7_policy_classic_2026-08-20,classic_12x10_g104_vs_g98.jsonl,classic-random-12x10,classic,random-start,12x10,tf:98,tf:104,false,p1,accepted,,831498,831500494505,11
tf_phase7_policy_classic_2026-08-20,classic_12x10_g104_vs_g98.jsonl,classic-random-12x10,classic,random-start,12x10,tf:104,tf:98,true,p2,accepted,,831498,831500494506,12
tf_phase7_policy_classic_2026-08-20,classic_12x10_g104_vs_g98.jsonl,classic-random-12x10,classic,random-start,12x10,tf:98,tf:104,false,p2,accepted,,831498,831500494507,13
tf_phase7_policy_classic_2026-08-20,classic_12x10_g104_vs_g98.jsonl,classic-random-12x10,classic,random-start,12x10,tf:104,tf:98,true,p1,accepted,,831498,831500494508,14
tf_phase7_policy_classic_2026-08-20,classic_12x10_g104_vs_g98.jsonl,classic-random-12x10,classic,random-start,12x10,tf:98,tf:104,false,p1,accepted,,831498,831500494509,15
tf_phase7_policy_classic_2026-08-20,classic_12x10_g104_vs_g98.jsonl,classic-random-12x10,classic,random-start,12x10,tf:104,tf:98,true,p2,accepted,,831498,831500494510,16
tf_phase7_policy_classic_2026-08-20,classic_12x10_g104_vs_g98.jsonl,classic-random-12x10,classic,random-start,12x10,tf:98,tf:104,false,p1,accepted,,831498,831500494511,17
tf_phase7_policy_classic_2026-08-20,classic_12x10_g104_vs_g98.jsonl,classic-random-12x10,classic,random-start,12x10,tf:104,tf:98,true,p1,accepted,,831498,831500494512,18
tf_phase7_policy_classic_2026-08-20,classic_12x10_g104_vs_g98.jsonl,classic-random-12x10,classic,random-start,12x10,tf:98,tf:104,false,p1,accepted,,831498,831500494513,19
tf_phase7_policy_classic_2026-08-20,classic_12x10_g104_vs_g98.jsonl,classic-random-12x10,classic,random-start,12x10,tf:104,tf:98,true,p1,accepted,,831498,831500494514,20
tf_phase7_policy_classic_2026-08-20,classic_12x10_g104_vs_g98.jsonl,classic-random-12x10,classic,random-start,12x10,tf:98,tf:104,false,p1,accepted,,831498,831500494515,21
tf_phase7_policy_classic_2026-08-20,classic_12x10_g104_vs_g98.jsonl,classic-random-12x10,classic,random-start,12x10,tf:104,tf:98,true,p1,accepted,,831498,831500494516,22
tf_phase7_policy_classic_2026-08-20,classic_12x10_g104_vs_g98.jsonl,classic-random-12x10,classic,random-start,12x10,tf:98,tf:104,false,p2,accepted,,831498,831500494517,23
tf_phase7_policy_classic_2026-08-20,classic_12x10_g104_vs_g98.jsonl,classic-random-12x10,classic,random-start,12x10,tf:104,tf:98,true,p2,accepted,,831498,831500494518,24
tf_phase7_policy_classic_2026-08-20,classic_12x10_g104_vs_g98.jsonl,classic-random-12x10,classic,random-start,12x10,tf:98,tf:104,false,p2,accepted,,831498,831500494519,25
tf_phase7_policy_classic_2026-08-20,classic_12x10_g104_vs_g98.jsonl,classic-random-12x10,classic,random-start,12x10,tf:104,tf:98,true,p1,accepted,,831498,831500494520,26
tf_phase7_policy_classic_2026-08-20,classic_12x10_g104_vs_g98.jsonl,classic-random-12x10,classic,random-start,12x10,tf:98,tf:104,false,p2,accepted,,831498,831500494521,27
tf_phase7_policy_classic_2026-08-20,classic_12x10_g104_vs_g98.jsonl,classic-random-12x10,classic,random-start,12x10,tf:104,tf:98,true,p2,accepted,,831498,831500494522,28
tf_phase7_policy_classic_2026-08-20,classic_12x10_g104_vs_g98.jsonl,classic-random-12x10,classic,random-start,12x10,tf:98,tf:104,false,p2,accepted,,831498,831500494523,29
tf_phase7_policy_classic_2026-08-20,classic_12x10_g104_vs_g98.jsonl,classic-random-12x10,classic,random-start,12x10,tf:104,tf:98,true,p2,accepted,,831498,831500494524,30
tf_phase7_policy_classic_2026-08-20,classic_12x10_g104_vs_g98.jsonl,classic-random-12x10,classic,random-start,12x10,tf:98,tf:104,false,p2,accepted,,831498,831500494525,31
tf_phase7_policy_classic_2026-08-20,classic_12x10_g104_vs_g98.jsonl,classic-random-12x10,classic,random-start,12x10,tf:104,tf:98,true,p1,accepted,,831498,831500494526,32
tf_phase7_policy_classic_2026-08-20,classic_12x10_g104_vs_g98.jsonl,classic-random-12x10,classic,random-start,12x10,tf:98,tf:104,false,p2,accepted,,831498,831500494527,33
tf_phase7_policy_classic_2026-08-20,classic_12x10_g104_vs_g98.jsonl,classic-random-12x10,classic,random-start,12x10,tf:104,tf:98,true,p2,accepted,,831498,831500494528,34
tf_phase7_policy_classic_2026-08-20,classic_12x10_g104_vs_g98.jsonl,classic-random-12x10,classic,random-start,12x10,tf:98,tf:104,false,p2,accepted,,831498,831500494529,35
tf_phase7_policy_classic_2026-08-20,classic_12x10_g104_vs_g98.jsonl,classic-random-12x10,classic,random-start,12x10,tf:104,tf:98,true,p2,accepted,,831498,831500494530,36
tf_phase7_policy_classic_2026-08-20,classic_12x10_g104_vs_g98.jsonl,classic-random-12x10,classic,random-start,12x10,tf:98,tf:104,false,p2,accepted,,831498,831500494531,37
tf_phase7_policy_classic_2026-08-20,classic_12x10_g104_vs_g98.jsonl,classic-random-12x10,classic,random-start,12x10,tf:104,tf:98,true,p2,accepted,,831498,831500494532,38
tf_phase7_policy_classic_2026-08-20,classic_12x10_g104_vs_g98.jsonl,classic-random-12x10,classic,random-start,12x10,tf:98,tf:104,false,p2,accepted,,831498,831500494533,39
tf_phase7_policy_classic_2026-08-20,classic_12x10_g105_vs_g102.jsonl,classic-random-12x10,classic,random-start,12x10,tf:105,tf:102,true,p1,accepted,,831602,831604494806,0
tf_phase7_policy_classic_2026-08-20,classic_12x10_g105_vs_g102.jsonl,classic-random-12x10,classic,random-start,12x10,tf:102,tf:105,false,p1,accepted,,831602,831604494807,1
tf_phase7_policy_classic_2026-08-20,classic_12x10_g105_vs_g102.jsonl,classic-random-12x10,classic,random-start,12x10,tf:105,tf:102,true,p1,accepted,,831602,831604494808,2
tf_phase7_policy_classic_2026-08-20,classic_12x10_g105_vs_g102.jsonl,classic-random-12x10,classic,random-start,12x10,tf:102,tf:105,false,p1,accepted,,831602,831604494809,3
tf_phase7_policy_classic_2026-08-20,classic_12x10_g105_vs_g102.jsonl,classic-random-12x10,classic,random-start,12x10,tf:105,tf:102,true,p1,accepted,,831602,831604494810,4
tf_phase7_policy_classic_2026-08-20,classic_12x10_g105_vs_g102.jsonl,classic-random-12x10,classic,random-start,12x10,tf:102,tf:105,false,p2,accepted,,831602,831604494811,5
tf_phase7_policy_classic_2026-08-20,classic_12x10_g105_vs_g102.jsonl,classic-random-12x10,classic,random-start,12x10,tf:105,tf:102,true,p2,accepted,,831602,831604494812,6
tf_phase7_policy_classic_2026-08-20,classic_12x10_g105_vs_g102.jsonl,classic-random-12x10,classic,random-start,12x10,tf:102,tf:105,false,p2,accepted,,831602,831604494813,7
tf_phase7_policy_classic_2026-08-20,classic_12x10_g105_vs_g102.jsonl,classic-random-12x10,classic,random-start,12x10,tf:105,tf:102,true,p1,accepted,,831602,831604494814,8
tf_phase7_policy_classic_2026-08-20,classic_12x10_g105_vs_g102.jsonl,classic-random-12x10,classic,random-start,12x10,tf:102,tf:105,false,p1,accepted,,831602,831604494815,9
tf_phase7_policy_classic_2026-08-20,classic_12x10_g105_vs_g102.jsonl,classic-random-12x10,classic,random-start,12x10,tf:105,tf:102,true,p2,accepted,,831602,831604494816,10
tf_phase7_policy_classic_2026-08-20,classic_12x10_g105_vs_g102.jsonl,classic-random-12x10,classic,random-start,12x10,tf:102,tf:105,false,p2,accepted,,831602,831604494817,11
tf_phase7_policy_classic_2026-08-20,classic_12x10_g105_vs_g102.jsonl,classic-random-12x10,classic,random-start,12x10,tf:105,tf:102,true,p1,accepted,,831602,831604494818,12
tf_phase7_policy_classic_2026-08-20,classic_12x10_g105_vs_g102.jsonl,classic-random-12x10,classic,random-start,12x10,tf:102,tf:105,false,p1,accepted,,831602,831604494819,13
tf_phase7_policy_classic_2026-08-20,classic_12x10_g105_vs_g102.jsonl,classic-random-12x10,classic,random-start,12x10,tf:105,tf:102,true,p2,accepted,,831602,831604494820,14
tf_phase7_policy_classic_2026-08-20,classic_12x10_g105_vs_g102.jsonl,classic-random-12x10,classic,random-start,12x10,tf:102,tf:105,false,p1,accepted,,831602,831604494821,15
tf_phase7_policy_classic_2026-08-20,classic_12x10_g105_vs_g102.jsonl,classic-random-12x10,classic,random-start,12x10,tf:105,tf:102,true,p1,accepted,,831602,831604494822,16
tf_phase7_policy_classic_2026-08-20,classic_12x10_g105_vs_g102.jsonl,classic-random-12x10,classic,random-start,12x10,tf:102,tf:105,false,p1,accepted,,831602,831604494823,17
tf_phase7_policy_classic_2026-08-20,classic_12x10_g105_vs_g102.jsonl,classic-random-12x10,classic,random-start,12x10,tf:105,tf:102,true,p1,accepted,,831602,831604494824,18
tf_phase7_policy_classic_2026-08-20,classic_12x10_g105_vs_g102.jsonl,classic-random-12x10,classic,random-start,12x10,tf:102,tf:105,false,p1,accepted,,831602,831604494825,19
tf_phase7_policy_classic_2026-08-20,classic_12x10_g105_vs_g102.jsonl,classic-random-12x10,classic,random-start,12x10,tf:105,tf:102,true,p2,accepted,,831602,831604494826,20
tf_phase7_policy_classic_2026-08-20,classic_12x10_g105_vs_g102.jsonl,classic-random-12x10,classic,random-start,12x10,tf:102,tf:105,false,p1,accepted,,831602,831604494827,21
tf_phase7_policy_classic_2026-08-20,classic_12x10_g105_vs_g102.jsonl,classic-random-12x10,classic,random-start,12x10,tf:105,tf:102,true,p2,accepted,,831602,831604494828,22
tf_phase7_policy_classic_2026-08-20,classic_12x10_g105_vs_g102.jsonl,classic-random-12x10,classic,random-start,12x10,tf:102,tf:105,false,p1,accepted,,831602,831604494829,23
tf_phase7_policy_classic_2026-08-20,classic_12x10_g105_vs_g102.jsonl,classic-random-12x10,classic,random-start,12x10,tf:105,tf:102,true,p2,accepted,,831602,831604494830,24
tf_phase7_policy_classic_2026-08-20,classic_12x10_g105_vs_g102.jsonl,classic-random-12x10,classic,random-start,12x10,tf:102,tf:105,false,p2,accepted,,831602,831604494831,25
tf_phase7_policy_classic_2026-08-20,classic_12x10_g105_vs_g102.jsonl,classic-random-12x10,classic,random-start,12x10,tf:105,tf:102,true,p1,accepted,,831602,831604494832,26
tf_phase7_policy_classic_2026-08-20,classic_12x10_g105_vs_g102.jsonl,classic-random-12x10,classic,random-start,12x10,tf:102,tf:105,false,p1,accepted,,831602,831604494833,27
tf_phase7_policy_classic_2026-08-20,classic_12x10_g105_vs_g102.jsonl,classic-random-12x10,classic,random-start,12x10,tf:105,tf:102,true,p2,accepted,,831602,831604494834,28
tf_phase7_policy_classic_2026-08-20,classic_12x10_g105_vs_g102.jsonl,classic-random-12x10,classic,random-start,12x10,tf:102,tf:105,false,p2,accepted,,831602,831604494835,29
tf_phase7_policy_classic_2026-08-20,classic_12x10_g105_vs_g102.jsonl,classic-random-12x10,classic,random-start,12x10,tf:105,tf:102,true,p2,accepted,,831602,831604494836,30
tf_phase7_policy_classic_2026-08-20,classic_12x10_g105_vs_g102.jsonl,classic-random-12x10,classic,random-start,12x10,tf:102,tf:105,false,p1,accepted,,831602,831604494837,31
tf_phase7_policy_classic_2026-08-20,classic_12x10_g105_vs_g102.jsonl,classic-random-12x10,classic,random-start,12x10,tf:105,tf:102,true,p2,accepted,,831602,831604494838,32
tf_phase7_policy_classic_2026-08-20,classic_12x10_g105_vs_g102.jsonl,classic-random-12x10,classic,random-start,12x10,tf:102,tf:105,false,p1,accepted,,831602,831604494839,33
tf_phase7_policy_classic_2026-08-20,classic_12x10_g105_vs_g102.jsonl,classic-random-12x10,classic,random-start,12x10,tf:105,tf:102,true,p1,accepted,,831602,831604494840,34
tf_phase7_policy_classic_2026-08-20,classic_12x10_g105_vs_g102.jsonl,classic-random-12x10,classic,random-start,12x10,tf:102,tf:105,false,p2,accepted,,831602,831604494841,35
tf_phase7_policy_classic_2026-08-20,classic_12x10_g105_vs_g102.jsonl,classic-random-12x10,classic,random-start,12x10,tf:105,tf:102,true,p1,accepted,,831602,831604494842,36
tf_phase7_policy_classic_2026-08-20,classic_12x10_g105_vs_g102.jsonl,classic-random-12x10,classic,random-start,12x10,tf:102,tf:105,false,p1,accepted,,831602,831604494843,37
tf_phase7_policy_classic_2026-08-20,classic_12x10_g105_vs_g102.jsonl,classic-random-12x10,classic,random-start,12x10,tf:105,tf:102,true,p1,accepted,,831602,831604494844,38
tf_phase7_policy_classic_2026-08-20,classic_12x10_g105_vs_g102.jsonl,classic-random-12x10,classic,random-start,12x10,tf:102,tf:105,false,p1,accepted,,831602,831604494845,39
tf_phase7_policy_classic_2026-08-20,classic_12x10_g105_vs_g104.jsonl,classic-random-12x10,classic,random-start,12x10,tf:105,tf:104,true,p1,accepted,,831604,831606494812,0
tf_phase7_policy_classic_2026-08-20,classic_12x10_g105_vs_g104.jsonl,classic-random-12x10,classic,random-start,12x10,tf:104,tf:105,false,p2,accepted,,831604,831606494813,1
tf_phase7_policy_classic_2026-08-20,classic_12x10_g105_vs_g104.jsonl,classic-random-12x10,classic,random-start,12x10,tf:105,tf:104,true,p2,accepted,,831604,831606494814,2
tf_phase7_policy_classic_2026-08-20,classic_12x10_g105_vs_g104.jsonl,classic-random-12x10,classic,random-start,12x10,tf:104,tf:105,false,p1,accepted,,831604,831606494815,3
tf_phase7_policy_classic_2026-08-20,classic_12x10_g105_vs_g104.jsonl,classic-random-12x10,classic,random-start,12x10,tf:105,tf:104,true,p1,accepted,,831604,831606494816,4
tf_phase7_policy_classic_2026-08-20,classic_12x10_g105_vs_g104.jsonl,classic-random-12x10,classic,random-start,12x10,tf:104,tf:105,false,p2,accepted,,831604,831606494817,5
tf_phase7_policy_classic_2026-08-20,classic_12x10_g105_vs_g104.jsonl,classic-random-12x10,classic,random-start,12x10,tf:105,tf:104,true,p1,accepted,,831604,831606494818,6
tf_phase7_policy_classic_2026-08-20,classic_12x10_g105_vs_g104.jsonl,classic-random-12x10,classic,random-start,12x10,tf:104,tf:105,false,p1,accepted,,831604,831606494819,7
tf_phase7_policy_classic_2026-08-20,classic_12x10_g105_vs_g104.jsonl,classic-random-12x10,classic,random-start,12x10,tf:105,tf:104,true,p1,accepted,,831604,831606494820,8
tf_phase7_policy_classic_2026-08-20,classic_12x10_g105_vs_g104.jsonl,classic-random-12x10,classic,random-start,12x10,tf:104,tf:105,false,p1,accepted,,831604,831606494821,9
tf_phase7_policy_classic_2026-08-20,classic_12x10_g105_vs_g104.jsonl,classic-random-12x10,classic,random-start,12x10,tf:105,tf:104,true,p1,accepted,,831604,831606494822,10
tf_phase7_policy_classic_2026-08-20,classic_12x10_g105_vs_g104.jsonl,classic-random-12x10,classic,random-start,12x10,tf:104,tf:105,false,p2,accepted,,831604,831606494823,11
tf_phase7_policy_classic_2026-08-20,classic_12x10_g105_vs_g104.jsonl,classic-random-12x10,classic,random-start,12x10,tf:105,tf:104,true,p1,accepted,,831604,831606494824,12
tf_phase7_policy_classic_2026-08-20,classic_12x10_g105_vs_g104.jsonl,classic-random-12x10,classic,random-start,12x10,tf:104,tf:105,false,p2,accepted,,831604,831606494825,13
tf_phase7_policy_classic_2026-08-20,classic_12x10_g105_vs_g104.jsonl,classic-random-12x10,classic,random-start,12x10,tf:105,tf:104,true,p2,accepted,,831604,831606494826,14
tf_phase7_policy_classic_2026-08-20,classic_12x10_g105_vs_g104.jsonl,classic-random-12x10,classic,random-start,12x10,tf:104,tf:105,false,p2,accepted,,831604,831606494827,15
tf_phase7_policy_classic_2026-08-20,classic_12x10_g105_vs_g104.jsonl,classic-random-12x10,classic,random-start,12x10,tf:105,tf:104,true,p1,accepted,,831604,831606494828,16
tf_phase7_policy_classic_2026-08-20,classic_12x10_g105_vs_g104.jsonl,classic-random-12x10,classic,random-start,12x10,tf:104,tf:105,false,p1,accepted,,831604,831606494829,17
tf_phase7_policy_classic_2026-08-20,classic_12x10_g105_vs_g104.jsonl,classic-random-12x10,classic,random-start,12x10,tf:105,tf:104,true,p1,accepted,,831604,831606494830,18
tf_phase7_policy_classic_2026-08-20,classic_12x10_g105_vs_g104.jsonl,classic-random-12x10,classic,random-start,12x10,tf:104,tf:105,false,p2,accepted,,831604,831606494831,19
tf_phase7_policy_classic_2026-08-20,classic_12x10_g105_vs_g104.jsonl,classic-random-12x10,classic,random-start,12x10,tf:105,tf:104,true,p1,accepted,,831604,831606494832,20
tf_phase7_policy_classic_2026-08-20,classic_12x10_g105_vs_g104.jsonl,classic-random-12x10,classic,random-start,12x10,tf:104,tf:105,false,p1,accepted,,831604,831606494833,21
tf_phase7_policy_classic_2026-08-20,classic_12x10_g105_vs_g104.jsonl,classic-random-12x10,classic,random-start,12x10,tf:105,tf:104,true,p1,accepted,,831604,831606494834,22
tf_phase7_policy_classic_2026-08-20,classic_12x10_g105_vs_g104.jsonl,classic-random-12x10,classic,random-start,12x10,tf:104,tf:105,false,p1,accepted,,831604,831606494835,23
tf_phase7_policy_classic_2026-08-20,classic_12x10_g105_vs_g104.jsonl,classic-random-12x10,classic,random-start,12x10,tf:105,tf:104,true,p1,accepted,,831604,831606494836,24
tf_phase7_policy_classic_2026-08-20,classic_12x10_g105_vs_g104.jsonl,classic-random-12x10,classic,random-start,12x10,tf:104,tf:105,false,p2,accepted,,831604,831606494837,25
tf_phase7_policy_classic_2026-08-20,classic_12x10_g105_vs_g104.jsonl,classic-random-12x10,classic,random-start,12x10,tf:105,tf:104,true,p1,accepted,,831604,831606494838,26
tf_phase7_policy_classic_2026-08-20,classic_12x10_g105_vs_g104.jsonl,classic-random-12x10,classic,random-start,12x10,tf:104,tf:105,false,p1,accepted,,831604,831606494839,27
tf_phase7_policy_classic_2026-08-20,classic_12x10_g105_vs_g104.jsonl,classic-random-12x10,classic,random-start,12x10,tf:105,tf:104,true,p1,accepted,,831604,831606494840,28
tf_phase7_policy_classic_2026-08-20,classic_12x10_g105_vs_g104.jsonl,classic-random-12x10,classic,random-start,12x10,tf:104,tf:105,false,p1,accepted,,831604,831606494841,29
tf_phase7_policy_classic_2026-08-20,classic_12x10_g105_vs_g104.jsonl,classic-random-12x10,classic,random-start,12x10,tf:105,tf:104,true,p1,accepted,,831604,831606494842,30
tf_phase7_policy_classic_2026-08-20,classic_12x10_g105_vs_g104.jsonl,classic-random-12x10,classic,random-start,12x10,tf:104,tf:105,false,p1,accepted,,831604,831606494843,31
tf_phase7_policy_classic_2026-08-20,classic_12x10_g105_vs_g104.jsonl,classic-random-12x10,classic,random-start,12x10,tf:105,tf:104,true,p2,accepted,,831604,831606494844,32
tf_phase7_policy_classic_2026-08-20,classic_12x10_g105_vs_g104.jsonl,classic-random-12x10,classic,random-start,12x10,tf:104,tf:105,false,p1,accepted,,831604,831606494845,33
tf_phase7_policy_classic_2026-08-20,classic_12x10_g105_vs_g104.jsonl,classic-random-12x10,classic,random-start,12x10,tf:105,tf:104,true,p2,accepted,,831604,831606494846,34
tf_phase7_policy_classic_2026-08-20,classic_12x10_g105_vs_g104.jsonl,classic-random-12x10,classic,random-start,12x10,tf:104,tf:105,false,p1,accepted,,831604,831606494847,35
tf_phase7_policy_classic_2026-08-20,classic_12x10_g105_vs_g104.jsonl,classic-random-12x10,classic,random-start,12x10,tf:105,tf:104,true,p1,accepted,,831604,831606494848,36
tf_phase7_policy_classic_2026-08-20,classic_12x10_g105_vs_g104.jsonl,classic-random-12x10,classic,random-start,12x10,tf:104,tf:105,false,p1,accepted,,831604,831606494849,37
tf_phase7_policy_classic_2026-08-20,classic_12x10_g105_vs_g104.jsonl,classic-random-12x10,classic,random-start,12x10,tf:105,tf:104,true,p2,accepted,,831604,831606494850,38
tf_phase7_policy_classic_2026-08-20,classic_12x10_g105_vs_g104.jsonl,classic-random-12x10,classic,random-start,12x10,tf:104,tf:105,false,p1,accepted,,831604,831606494851,39
tf_phase7_policy_classic_2026-08-20,classic_12x10_g105_vs_g99.jsonl,classic-random-12x10,classic,random-start,12x10,tf:105,tf:99,true,p1,accepted,,831599,831601494797,0
tf_phase7_policy_classic_2026-08-20,classic_12x10_g105_vs_g99.jsonl,classic-random-12x10,classic,random-start,12x10,tf:99,tf:105,false,p2,accepted,,831599,831601494798,1
tf_phase7_policy_classic_2026-08-20,classic_12x10_g105_vs_g99.jsonl,classic-random-12x10,classic,random-start,12x10,tf:105,tf:99,true,p1,accepted,,831599,831601494799,2
tf_phase7_policy_classic_2026-08-20,classic_12x10_g105_vs_g99.jsonl,classic-random-12x10,classic,random-start,12x10,tf:99,tf:105,false,p1,accepted,,831599,831601494800,3
tf_phase7_policy_classic_2026-08-20,classic_12x10_g105_vs_g99.jsonl,classic-random-12x10,classic,random-start,12x10,tf:105,tf:99,true,p2,accepted,,831599,831601494801,4
tf_phase7_policy_classic_2026-08-20,classic_12x10_g105_vs_g99.jsonl,classic-random-12x10,classic,random-start,12x10,tf:99,tf:105,false,p1,accepted,,831599,831601494802,5
tf_phase7_policy_classic_2026-08-20,classic_12x10_g105_vs_g99.jsonl,classic-random-12x10,classic,random-start,12x10,tf:105,tf:99,true,p1,accepted,,831599,831601494803,6
tf_phase7_policy_classic_2026-08-20,classic_12x10_g105_vs_g99.jsonl,classic-random-12x10,classic,random-start,12x10,tf:99,tf:105,false,p2,accepted,,831599,831601494804,7
tf_phase7_policy_classic_2026-08-20,classic_12x10_g105_vs_g99.jsonl,classic-random-12x10,classic,random-start,12x10,tf:105,tf:99,true,p2,accepted,,831599,831601494805,8
tf_phase7_policy_classic_2026-08-20,classic_12x10_g105_vs_g99.jsonl,classic-random-12x10,classic,random-start,12x10,tf:99,tf:105,false,p2,accepted,,831599,831601494806,9
tf_phase7_policy_classic_2026-08-20,classic_12x10_g105_vs_g99.jsonl,classic-random-12x10,classic,random-start,12x10,tf:105,tf:99,true,p2,accepted,,831599,831601494807,10
tf_phase7_policy_classic_2026-08-20,classic_12x10_g105_vs_g99.jsonl,classic-random-12x10,classic,random-start,12x10,tf:99,tf:105,false,p2,accepted,,831599,831601494808,11
tf_phase7_policy_classic_2026-08-20,classic_12x10_g105_vs_g99.jsonl,classic-random-12x10,classic,random-start,12x10,tf:105,tf:99,true,p2,accepted,,831599,831601494809,12
tf_phase7_policy_classic_2026-08-20,classic_12x10_g105_vs_g99.jsonl,classic-random-12x10,classic,random-start,12x10,tf:99,tf:105,false,p1,accepted,,831599,831601494810,13
tf_phase7_policy_classic_2026-08-20,classic_12x10_g105_vs_g99.jsonl,classic-random-12x10,classic,random-start,12x10,tf:105,tf:99,true,p1,accepted,,831599,831601494811,14
tf_phase7_policy_classic_2026-08-20,classic_12x10_g105_vs_g99.jsonl,classic-random-12x10,classic,random-start,12x10,tf:99,tf:105,false,p1,accepted,,831599,831601494812,15
tf_phase7_policy_classic_2026-08-20,classic_12x10_g105_vs_g99.jsonl,classic-random-12x10,classic,random-start,12x10,tf:105,tf:99,true,p1,accepted,,831599,831601494813,16
tf_phase7_policy_classic_2026-08-20,classic_12x10_g105_vs_g99.jsonl,classic-random-12x10,classic,random-start,12x10,tf:99,tf:105,false,p1,accepted,,831599,831601494814,17
tf_phase7_policy_classic_2026-08-20,classic_12x10_g105_vs_g99.jsonl,classic-random-12x10,classic,random-start,12x10,tf:105,tf:99,true,p1,accepted,,831599,831601494815,18
tf_phase7_policy_classic_2026-08-20,classic_12x10_g105_vs_g99.jsonl,classic-random-12x10,classic,random-start,12x10,tf:99,tf:105,false,p2,accepted,,831599,831601494816,19
tf_phase7_policy_classic_2026-08-20,classic_12x10_g105_vs_g99.jsonl,classic-random-12x10,classic,random-start,12x10,tf:105,tf:99,true,p2,accepted,,831599,831601494817,20
tf_phase7_policy_classic_2026-08-20,classic_12x10_g105_vs_g99.jsonl,classic-random-12x10,classic,random-start,12x10,tf:99,tf:105,false,p1,accepted,,831599,831601494818,21
tf_phase7_policy_classic_2026-08-20,classic_12x10_g105_vs_g99.jsonl,classic-random-12x10,classic,random-start,12x10,tf:105,tf:99,true,p1,accepted,,831599,831601494819,22
tf_phase7_policy_classic_2026-08-20,classic_12x10_g105_vs_g99.jsonl,classic-random-12x10,classic,random-start,12x10,tf:99,tf:105,false,p2,accepted,,831599,831601494820,23
tf_phase7_policy_classic_2026-08-20,classic_12x10_g105_vs_g99.jsonl,classic-random-12x10,classic,random-start,12x10,tf:105,tf:99,true,p1,accepted,,831599,831601494821,24
tf_phase7_policy_classic_2026-08-20,classic_12x10_g105_vs_g99.jsonl,classic-random-12x10,classic,random-start,12x10,tf:99,tf:105,false,p1,accepted,,831599,831601494822,25
tf_phase7_policy_classic_2026-08-20,classic_12x10_g105_vs_g99.jsonl,classic-random-12x10,classic,random-start,12x10,tf:105,tf:99,true,p1,accepted,,831599,831601494823,26
tf_phase7_policy_classic_2026-08-20,classic_12x10_g105_vs_g99.jsonl,classic-random-12x10,classic,random-start,12x10,tf:99,tf:105,false,p1,accepted,,831599,831601494824,27
tf_phase7_policy_classic_2026-08-20,classic_12x10_g105_vs_g99.jsonl,classic-random-12x10,classic,random-start,12x10,tf:105,tf:99,true,p1,accepted,,831599,831601494825,28
tf_phase7_policy_classic_2026-08-20,classic_12x10_g105_vs_g99.jsonl,classic-random-12x10,classic,random-start,12x10,tf:99,tf:105,false,p2,accepted,,831599,831601494826,29
tf_phase7_policy_classic_2026-08-20,classic_12x10_g105_vs_g99.jsonl,classic-random-12x10,classic,random-start,12x10,tf:105,tf:99,true,p2,accepted,,831599,831601494827,30
tf_phase7_policy_classic_2026-08-20,classic_12x10_g105_vs_g99.jsonl,classic-random-12x10,classic,random-start,12x10,tf:99,tf:105,false,p2,accepted,,831599,831601494828,31
tf_phase7_policy_classic_2026-08-20,classic_12x10_g105_vs_g99.jsonl,classic-random-12x10,classic,random-start,12x10,tf:105,tf:99,true,p1,accepted,,831599,831601494829,32
tf_phase7_policy_classic_2026-08-20,classic_12x10_g105_vs_g99.jsonl,classic-random-12x10,classic,random-start,12x10,tf:99,tf:105,false,p1,accepted,,831599,831601494830,33
tf_phase7_policy_classic_2026-08-20,classic_12x10_g105_vs_g99.jsonl,classic-random-12x10,classic,random-start,12x10,tf:105,tf:99,true,p2,accepted,,831599,831601494831,34
tf_phase7_policy_classic_2026-08-20,classic_12x10_g105_vs_g99.jsonl,classic-random-12x10,classic,random-start,12x10,tf:99,tf:105,false,p2,accepted,,831599,831601494832,35
tf_phase7_policy_classic_2026-08-20,classic_12x10_g105_vs_g99.jsonl,classic-random-12x10,classic,random-start,12x10,tf:105,tf:99,true,p1,accepted,,831599,831601494833,36
tf_phase7_policy_classic_2026-08-20,classic_12x10_g105_vs_g99.jsonl,classic-random-12x10,classic,random-start,12x10,tf:99,tf:105,false,p1,accepted,,831599,831601494834,37
tf_phase7_policy_classic_2026-08-20,classic_12x10_g105_vs_g99.jsonl,classic-random-12x10,classic,random-start,12x10,tf:105,tf:99,true,p1,accepted,,831599,831601494835,38
tf_phase7_policy_classic_2026-08-20,classic_12x10_g105_vs_g99.jsonl,classic-random-12x10,classic,random-start,12x10,tf:99,tf:105,false,draw,accepted,,831599,831601494836,39
tf_phase7_policy_classic_2026-08-20,classic_12x10_g106_vs_g100.jsonl,classic-random-12x10,classic,random-start,12x10,tf:106,tf:100,true,p2,accepted,,831700,831702495100,0
tf_phase7_policy_classic_2026-08-20,classic_12x10_g106_vs_g100.jsonl,classic-random-12x10,classic,random-start,12x10,tf:100,tf:106,false,p1,accepted,,831700,831702495101,1
tf_phase7_policy_classic_2026-08-20,classic_12x10_g106_vs_g100.jsonl,classic-random-12x10,classic,random-start,12x10,tf:106,tf:100,true,p2,accepted,,831700,831702495102,2
tf_phase7_policy_classic_2026-08-20,classic_12x10_g106_vs_g100.jsonl,classic-random-12x10,classic,random-start,12x10,tf:100,tf:106,false,p2,accepted,,831700,831702495103,3
tf_phase7_policy_classic_2026-08-20,classic_12x10_g106_vs_g100.jsonl,classic-random-12x10,classic,random-start,12x10,tf:106,tf:100,true,p1,accepted,,831700,831702495104,4
tf_phase7_policy_classic_2026-08-20,classic_12x10_g106_vs_g100.jsonl,classic-random-12x10,classic,random-start,12x10,tf:100,tf:106,false,p1,accepted,,831700,831702495105,5
tf_phase7_policy_classic_2026-08-20,classic_12x10_g106_vs_g100.jsonl,classic-random-12x10,classic,random-start,12x10,tf:106,tf:100,true,p2,accepted,,831700,831702495106,6
tf_phase7_policy_classic_2026-08-20,classic_12x10_g106_vs_g100.jsonl,classic-random-12x10,classic,random-start,12x10,tf:100,tf:106,false,p1,accepted,,831700,831702495107,7
tf_phase7_policy_classic_2026-08-20,classic_12x10_g106_vs_g100.jsonl,classic-random-12x10,classic,random-start,12x10,tf:106,tf:100,true,p1,accepted,,831700,831702495108,8
tf_phase7_policy_classic_2026-08-20,classic_12x10_g106_vs_g100.jsonl,classic-random-12x10,classic,random-start,12x10,tf:100,tf:106,false,p2,accepted,,831700,831702495109,9
tf_phase7_policy_classic_2026-08-20,classic_12x10_g106_vs_g100.jsonl,classic-random-12x10,classic,random-start,12x10,tf:106,tf:100,true,p2,accepted,,831700,831702495110,10
tf_phase7_policy_classic_2026-08-20,classic_12x10_g106_vs_g100.jsonl,classic-random-12x10,classic,random-start,12x10,tf:100,tf:106,false,p2,accepted,,831700,831702495111,11
tf_phase7_policy_classic_2026-08-20,classic_12x10_g106_vs_g100.jsonl,classic-random-12x10,classic,random-start,12x10,tf:106,tf:100,true,p1,accepted,,831700,831702495112,12
tf_phase7_policy_classic_2026-08-20,classic_12x10_g106_vs_g100.jsonl,classic-random-12x10,classic,random-start,12x10,tf:100,tf:106,false,p1,accepted,,831700,831702495113,13
tf_phase7_policy_classic_2026-08-20,classic_12x10_g106_vs_g100.jsonl,classic-random-12x10,classic,random-start,12x10,tf:106,tf:100,true,p2,accepted,,831700,831702495114,14
tf_phase7_policy_classic_2026-08-20,classic_12x10_g106_vs_g100.jsonl,classic-random-12x10,classic,random-start,12x10,tf:100,tf:106,false,p1,accepted,,831700,831702495115,15
tf_phase7_policy_classic_2026-08-20,classic_12x10_g106_vs_g100.jsonl,classic-random-12x10,classic,random-start,12x10,tf:106,tf:100,true,p2,accepted,,831700,831702495116,16
tf_phase7_policy_classic_2026-08-20,classic_12x10_g106_vs_g100.jsonl,classic-random-12x10,classic,random-start,12x10,tf:100,tf:106,false,p1,accepted,,831700,831702495117,17
tf_phase7_policy_classic_2026-08-20,classic_12x10_g106_vs_g100.jsonl,classic-random-12x10,classic,random-start,12x10,tf:106,tf:100,true,p1,accepted,,831700,831702495118,18
tf_phase7_policy_classic_2026-08-20,classic_12x10_g106_vs_g100.jsonl,classic-random-12x10,classic,random-start,12x10,tf:100,tf:106,false,p1,accepted,,831700,831702495119,19
tf_phase7_policy_classic_2026-08-20,classic_12x10_g106_vs_g100.jsonl,classic-random-12x10,classic,random-start,12x10,tf:106,tf:100,true,p2,accepted,,831700,831702495120,20
tf_phase7_policy_classic_2026-08-20,classic_12x10_g106_vs_g100.jsonl,classic-random-12x10,classic,random-start,12x10,tf:100,tf:106,false,p2,accepted,,831700,831702495121,21
tf_phase7_policy_classic_2026-08-20,classic_12x10_g106_vs_g100.jsonl,classic-random-12x10,classic,random-start,12x10,tf:106,tf:100,true,p2,accepted,,831700,831702495122,22
tf_phase7_policy_classic_2026-08-20,classic_12x10_g106_vs_g100.jsonl,classic-random-12x10,classic,random-start,12x10,tf:100,tf:106,false,p1,accepted,,831700,831702495123,23
tf_phase7_policy_classic_2026-08-20,classic_12x10_g106_vs_g100.jsonl,classic-random-12x10,classic,random-start,12x10,tf:106,tf:100,true,p2,accepted,,831700,831702495124,24
tf_phase7_policy_classic_2026-08-20,classic_12x10_g106_vs_g100.jsonl,classic-random-12x10,classic,random-start,12x10,tf:100,tf:106,false,p2,accepted,,831700,831702495125,25
tf_phase7_policy_classic_2026-08-20,classic_12x10_g106_vs_g100.jsonl,classic-random-12x10,classic,random-start,12x10,tf:106,tf:100,true,p1,accepted,,831700,831702495126,26
tf_phase7_policy_classic_2026-08-20,classic_12x10_g106_vs_g100.jsonl,classic-random-12x10,classic,random-start,12x10,tf:100,tf:106,false,p1,accepted,,831700,831702495127,27
tf_phase7_policy_classic_2026-08-20,classic_12x10_g106_vs_g100.jsonl,classic-random-12x10,classic,random-start,12x10,tf:106,tf:100,true,p2,accepted,,831700,831702495128,28
tf_phase7_policy_classic_2026-08-20,classic_12x10_g106_vs_g100.jsonl,classic-random-12x10,classic,random-start,12x10,tf:100,tf:106,false,p2,accepted,,831700,831702495129,29
tf_phase7_policy_classic_2026-08-20,classic_12x10_g106_vs_g100.jsonl,classic-random-12x10,classic,random-start,12x10,tf:106,tf:100,true,p2,accepted,,831700,831702495130,30
tf_phase7_policy_classic_2026-08-20,classic_12x10_g106_vs_g100.jsonl,classic-random-12x10,classic,random-start,12x10,tf:100,tf:106,false,p1,accepted,,831700,831702495131,31
tf_phase7_policy_classic_2026-08-20,classic_12x10_g106_vs_g100.jsonl,classic-random-12x10,classic,random-start,12x10,tf:106,tf:100,true,p1,accepted,,831700,831702495132,32
tf_phase7_policy_classic_2026-08-20,classic_12x10_g106_vs_g100.jsonl,classic-random-12x10,classic,random-start,12x10,tf:100,tf:106,false,p2,accepted,,831700,831702495133,33
tf_phase7_policy_classic_2026-08-20,classic_12x10_g106_vs_g100.jsonl,classic-random-12x10,classic,random-start,12x10,tf:106,tf:100,true,p1,accepted,,831700,831702495134,34
tf_phase7_policy_classic_2026-08-20,classic_12x10_g106_vs_g100.jsonl,classic-random-12x10,classic,random-start,12x10,tf:100,tf:106,false,p1,accepted,,831700,831702495135,35
tf_phase7_policy_classic_2026-08-20,classic_12x10_g106_vs_g100.jsonl,classic-random-12x10,classic,random-start,12x10,tf:106,tf:100,true,p1,accepted,,831700,831702495136,36
tf_phase7_policy_classic_2026-08-20,classic_12x10_g106_vs_g100.jsonl,classic-random-12x10,classic,random-start,12x10,tf:100,tf:106,false,p1,accepted,,831700,831702495137,37
tf_phase7_policy_classic_2026-08-20,classic_12x10_g106_vs_g100.jsonl,classic-random-12x10,classic,random-start,12x10,tf:106,tf:100,true,p2,accepted,,831700,831702495138,38
tf_phase7_policy_classic_2026-08-20,classic_12x10_g106_vs_g100.jsonl,classic-random-12x10,classic,random-start,12x10,tf:100,tf:106,false,p2,accepted,,831700,831702495139,39
tf_phase7_policy_classic_2026-08-20,classic_12x10_g106_vs_g103.jsonl,classic-random-12x10,classic,random-start,12x10,tf:106,tf:103,true,p1,accepted,,831703,831705495109,0
tf_phase7_policy_classic_2026-08-20,classic_12x10_g106_vs_g103.jsonl,classic-random-12x10,classic,random-start,12x10,tf:103,tf:106,false,p2,accepted,,831703,831705495110,1
tf_phase7_policy_classic_2026-08-20,classic_12x10_g106_vs_g103.jsonl,classic-random-12x10,classic,random-start,12x10,tf:106,tf:103,true,p2,accepted,,831703,831705495111,2
tf_phase7_policy_classic_2026-08-20,classic_12x10_g106_vs_g103.jsonl,classic-random-12x10,classic,random-start,12x10,tf:103,tf:106,false,p1,accepted,,831703,831705495112,3
tf_phase7_policy_classic_2026-08-20,classic_12x10_g106_vs_g103.jsonl,classic-random-12x10,classic,random-start,12x10,tf:106,tf:103,true,draw,accepted,,831703,831705495113,4
tf_phase7_policy_classic_2026-08-20,classic_12x10_g106_vs_g103.jsonl,classic-random-12x10,classic,random-start,12x10,tf:103,tf:106,false,p1,accepted,,831703,831705495114,5
tf_phase7_policy_classic_2026-08-20,classic_12x10_g106_vs_g103.jsonl,classic-random-12x10,classic,random-start,12x10,tf:106,tf:103,true,p2,accepted,,831703,831705495115,6
tf_phase7_policy_classic_2026-08-20,classic_12x10_g106_vs_g103.jsonl,classic-random-12x10,classic,random-start,12x10,tf:103,tf:106,false,p1,accepted,,831703,831705495116,7
tf_phase7_policy_classic_2026-08-20,classic_12x10_g106_vs_g103.jsonl,classic-random-12x10,classic,random-start,12x10,tf:106,tf:103,true,p2,accepted,,831703,831705495117,8
tf_phase7_policy_classic_2026-08-20,classic_12x10_g106_vs_g103.jsonl,classic-random-12x10,classic,random-start,12x10,tf:103,tf:106,false,p2,accepted,,831703,831705495118,9
tf_phase7_policy_classic_2026-08-20,classic_12x10_g106_vs_g103.jsonl,classic-random-12x10,classic,random-start,12x10,tf:106,tf:103,true,p1,accepted,,831703,831705495119,10
tf_phase7_policy_classic_2026-08-20,classic_12x10_g106_vs_g103.jsonl,classic-random-12x10,classic,random-start,12x10,tf:103,tf:106,false,p2,accepted,,831703,831705495120,11
tf_phase7_policy_classic_2026-08-20,classic_12x10_g106_vs_g103.jsonl,classic-random-12x10,classic,random-start,12x10,tf:106,tf:103,true,p2,accepted,,831703,831705495121,12
tf_phase7_policy_classic_2026-08-20,classic_12x10_g106_vs_g103.jsonl,classic-random-12x10,classic,random-start,12x10,tf:103,tf:106,false,p2,accepted,,831703,831705495122,13
tf_phase7_policy_classic_2026-08-20,classic_12x10_g106_vs_g103.jsonl,classic-random-12x10,classic,random-start,12x10,tf:106,tf:103,true,p1,accepted,,831703,831705495123,14
tf_phase7_policy_classic_2026-08-20,classic_12x10_g106_vs_g103.jsonl,classic-random-12x10,classic,random-start,12x10,tf:103,tf:106,false,p2,accepted,,831703,831705495124,15
tf_phase7_policy_classic_2026-08-20,classic_12x10_g106_vs_g103.jsonl,classic-random-12x10,classic,random-start,12x10,tf:106,tf:103,true,p1,accepted,,831703,831705495125,16
tf_phase7_policy_classic_2026-08-20,classic_12x10_g106_vs_g103.jsonl,classic-random-12x10,classic,random-start,12x10,tf:103,tf:106,false,p1,accepted,,831703,831705495126,17
tf_phase7_policy_classic_2026-08-20,classic_12x10_g106_vs_g103.jsonl,classic-random-12x10,classic,random-start,12x10,tf:106,tf:103,true,p2,accepted,,831703,831705495127,18
tf_phase7_policy_classic_2026-08-20,classic_12x10_g106_vs_g103.jsonl,classic-random-12x10,classic,random-start,12x10,tf:103,tf:106,false,p1,accepted,,831703,831705495128,19
tf_phase7_policy_classic_2026-08-20,classic_12x10_g106_vs_g103.jsonl,classic-random-12x10,classic,random-start,12x10,tf:106,tf:103,true,p2,accepted,,831703,831705495129,20
tf_phase7_policy_classic_2026-08-20,classic_12x10_g106_vs_g103.jsonl,classic-random-12x10,classic,random-start,12x10,tf:103,tf:106,false,p2,accepted,,831703,831705495130,21
tf_phase7_policy_classic_2026-08-20,classic_12x10_g106_vs_g103.jsonl,classic-random-12x10,classic,random-start,12x10,tf:106,tf:103,true,p1,accepted,,831703,831705495131,22
tf_phase7_policy_classic_2026-08-20,classic_12x10_g106_vs_g103.jsonl,classic-random-12x10,classic,random-start,12x10,tf:103,tf:106,false,p2,accepted,,831703,831705495132,23
tf_phase7_policy_classic_2026-08-20,classic_12x10_g106_vs_g103.jsonl,classic-random-12x10,classic,random-start,12x10,tf:106,tf:103,true,p1,accepted,,831703,831705495133,24
tf_phase7_policy_classic_2026-08-20,classic_12x10_g106_vs_g103.jsonl,classic-random-12x10,classic,random-start,12x10,tf:103,tf:106,false,p1,accepted,,831703,831705495134,25
tf_phase7_policy_classic_2026-08-20,classic_12x10_g106_vs_g103.jsonl,classic-random-12x10,classic,random-start,12x10,tf:106,tf:103,true,p1,accepted,,831703,831705495135,26
tf_phase7_policy_classic_2026-08-20,classic_12x10_g106_vs_g103.jsonl,classic-random-12x10,classic,random-start,12x10,tf:103,tf:106,false,p1,accepted,,831703,831705495136,27
tf_phase7_policy_classic_2026-08-20,classic_12x10_g106_vs_g103.jsonl,classic-random-12x10,classic,random-start,12x10,tf:106,tf:103,true,p1,accepted,,831703,831705495137,28
tf_phase7_policy_classic_2026-08-20,classic_12x10_g106_vs_g103.jsonl,classic-random-12x10,classic,random-start,12x10,tf:103,tf:106,false,p2,accepted,,831703,831705495138,29
tf_phase7_policy_classic_2026-08-20,classic_12x10_g106_vs_g103.jsonl,classic-random-12x10,classic,random-start,12x10,tf:106,tf:103,true,p1,accepted,,831703,831705495139,30
tf_phase7_policy_classic_2026-08-20,classic_12x10_g106_vs_g103.jsonl,classic-random-12x10,classic,random-start,12x10,tf:103,tf:106,false,p2,accepted,,831703,831705495140,31
tf_phase7_policy_classic_2026-08-20,classic_12x10_g106_vs_g103.jsonl,classic-random-12x10,classic,random-start,12x10,tf:106,tf:103,true,p1,accepted,,831703,831705495141,32
tf_phase7_policy_classic_2026-08-20,classic_12x10_g106_vs_g103.jsonl,classic-random-12x10,classic,random-start,12x10,tf:103,tf:106,false,p1,accepted,,831703,831705495142,33
tf_phase7_policy_classic_2026-08-20,classic_12x10_g106_vs_g103.jsonl,classic-random-12x10,classic,random-start,12x10,tf:106,tf:103,true,p1,accepted,,831703,831705495143,34
tf_phase7_policy_classic_2026-08-20,classic_12x10_g106_vs_g103.jsonl,classic-random-12x10,classic,random-start,12x10,tf:103,tf:106,false,p2,accepted,,831703,831705495144,35
tf_phase7_policy_classic_2026-08-20,classic_12x10_g106_vs_g103.jsonl,classic-random-12x10,classic,random-start,12x10,tf:106,tf:103,true,p1,accepted,,831703,831705495145,36
tf_phase7_policy_classic_2026-08-20,classic_12x10_g106_vs_g103.jsonl,classic-random-12x10,classic,random-start,12x10,tf:103,tf:106,false,p2,accepted,,831703,831705495146,37
tf_phase7_policy_classic_2026-08-20,classic_12x10_g106_vs_g103.jsonl,classic-random-12x10,classic,random-start,12x10,tf:106,tf:103,true,p1,accepted,,831703,831705495147,38
tf_phase7_policy_classic_2026-08-20,classic_12x10_g106_vs_g103.jsonl,classic-random-12x10,classic,random-start,12x10,tf:103,tf:106,false,p1,accepted,,831703,831705495148,39
tf_phase7_policy_classic_2026-08-20,classic_12x10_g106_vs_g105.jsonl,classic-random-12x10,classic,random-start,12x10,tf:106,tf:105,true,p2,accepted,,831705,831707495115,0
tf_phase7_policy_classic_2026-08-20,classic_12x10_g106_vs_g105.jsonl,classic-random-12x10,classic,random-start,12x10,tf:105,tf:106,false,p1,accepted,,831705,831707495116,1
tf_phase7_policy_classic_2026-08-20,classic_12x10_g106_vs_g105.jsonl,classic-random-12x10,classic,random-start,12x10,tf:106,tf:105,true,p1,accepted,,831705,831707495117,2
tf_phase7_policy_classic_2026-08-20,classic_12x10_g106_vs_g105.jsonl,classic-random-12x10,classic,random-start,12x10,tf:105,tf:106,false,p1,accepted,,831705,831707495118,3
tf_phase7_policy_classic_2026-08-20,classic_12x10_g106_vs_g105.jsonl,classic-random-12x10,classic,random-start,12x10,tf:106,tf:105,true,p2,accepted,,831705,831707495119,4
tf_phase7_policy_classic_2026-08-20,classic_12x10_g106_vs_g105.jsonl,classic-random-12x10,classic,random-start,12x10,tf:105,tf:106,false,p2,accepted,,831705,831707495120,5
tf_phase7_policy_classic_2026-08-20,classic_12x10_g106_vs_g105.jsonl,classic-random-12x10,classic,random-start,12x10,tf:106,tf:105,true,p2,accepted,,831705,831707495121,6
tf_phase7_policy_classic_2026-08-20,classic_12x10_g106_vs_g105.jsonl,classic-random-12x10,classic,random-start,12x10,tf:105,tf:106,false,p2,accepted,,831705,831707495122,7
tf_phase7_policy_classic_2026-08-20,classic_12x10_g106_vs_g105.jsonl,classic-random-12x10,classic,random-start,12x10,tf:106,tf:105,true,p1,accepted,,831705,831707495123,8
tf_phase7_policy_classic_2026-08-20,classic_12x10_g106_vs_g105.jsonl,classic-random-12x10,classic,random-start,12x10,tf:105,tf:106,false,p1,accepted,,831705,831707495124,9
tf_phase7_policy_classic_2026-08-20,classic_12x10_g106_vs_g105.jsonl,classic-random-12x10,classic,random-start,12x10,tf:106,tf:105,true,p2,accepted,,831705,831707495125,10
tf_phase7_policy_classic_2026-08-20,classic_12x10_g106_vs_g105.jsonl,classic-random-12x10,classic,random-start,12x10,tf:105,tf:106,false,p1,accepted,,831705,831707495126,11
tf_phase7_policy_classic_2026-08-20,classic_12x10_g106_vs_g105.jsonl,classic-random-12x10,classic,random-start,12x10,tf:106,tf:105,true,p1,accepted,,831705,831707495127,12
tf_phase7_policy_classic_2026-08-20,classic_12x10_g106_vs_g105.jsonl,classic-random-12x10,classic,random-start,12x10,tf:105,tf:106,false,p2,accepted,,831705,831707495128,13
tf_phase7_policy_classic_2026-08-20,classic_12x10_g106_vs_g105.jsonl,classic-random-12x10,classic,random-start,12x10,tf:106,tf:105,true,p1,accepted,,831705,831707495129,14
tf_phase7_policy_classic_2026-08-20,classic_12x10_g106_vs_g105.jsonl,classic-random-12x10,classic,random-start,12x10,tf:105,tf:106,false,p1,accepted,,831705,831707495130,15
tf_phase7_policy_classic_2026-08-20,classic_12x10_g106_vs_g105.jsonl,classic-random-12x10,classic,random-start,12x10,tf:106,tf:105,true,p2,accepted,,831705,831707495131,16
tf_phase7_policy_classic_2026-08-20,classic_12x10_g106_vs_g105.jsonl,classic-random-12x10,classic,random-start,12x10,tf:105,tf:106,false,p1,accepted,,831705,831707495132,17
tf_phase7_policy_classic_2026-08-20,classic_12x10_g106_vs_g105.jsonl,classic-random-12x10,classic,random-start,12x10,tf:106,tf:105,true,p2,accepted,,831705,831707495133,18
tf_phase7_policy_classic_2026-08-20,classic_12x10_g106_vs_g105.jsonl,classic-random-12x10,classic,random-start,12x10,tf:105,tf:106,false,p2,accepted,,831705,831707495134,19
tf_phase7_policy_classic_2026-08-20,classic_12x10_g106_vs_g105.jsonl,classic-random-12x10,classic,random-start,12x10,tf:106,tf:105,true,p1,accepted,,831705,831707495135,20
tf_phase7_policy_classic_2026-08-20,classic_12x10_g106_vs_g105.jsonl,classic-random-12x10,classic,random-start,12x10,tf:105,tf:106,false,p2,accepted,,831705,831707495136,21
tf_phase7_policy_classic_2026-08-20,classic_12x10_g106_vs_g105.jsonl,classic-random-12x10,classic,random-start,12x10,tf:106,tf:105,true,p2,accepted,,831705,831707495137,22
tf_phase7_policy_classic_2026-08-20,classic_12x10_g106_vs_g105.jsonl,classic-random-12x10,classic,random-start,12x10,tf:105,tf:106,false,p2,accepted,,831705,831707495138,23
tf_phase7_policy_classic_2026-08-20,classic_12x10_g106_vs_g105.jsonl,classic-random-12x10,classic,random-start,12x10,tf:106,tf:105,true,p1,accepted,,831705,831707495139,24
tf_phase7_policy_classic_2026-08-20,classic_12x10_g106_vs_g105.jsonl,classic-random-12x10,classic,random-start,12x10,tf:105,tf:106,false,p2,accepted,,831705,831707495140,25
tf_phase7_policy_classic_2026-08-20,classic_12x10_g106_vs_g105.jsonl,classic-random-12x10,classic,random-start,12x10,tf:106,tf:105,true,p2,accepted,,831705,831707495141,26
tf_phase7_policy_classic_2026-08-20,classic_12x10_g106_vs_g105.jsonl,classic-random-12x10,classic,random-start,12x10,tf:105,tf:106,false,p1,accepted,,831705,831707495142,27
tf_phase7_policy_classic_2026-08-20,classic_12x10_g106_vs_g105.jsonl,classic-random-12x10,classic,random-start,12x10,tf:106,tf:105,true,p2,accepted,,831705,831707495143,28
tf_phase7_policy_classic_2026-08-20,classic_12x10_g106_vs_g105.jsonl,classic-random-12x10,classic,random-start,12x10,tf:105,tf:106,false,p2,accepted,,831705,831707495144,29
tf_phase7_policy_classic_2026-08-20,classic_12x10_g106_vs_g105.jsonl,classic-random-12x10,classic,random-start,12x10,tf:106,tf:105,true,p2,accepted,,831705,831707495145,30
tf_phase7_policy_classic_2026-08-20,classic_12x10_g106_vs_g105.jsonl,classic-random-12x10,classic,random-start,12x10,tf:105,tf:106,false,p2,accepted,,831705,831707495146,31
tf_phase7_policy_classic_2026-08-20,classic_12x10_g106_vs_g105.jsonl,classic-random-12x10,classic,random-start,12x10,tf:106,tf:105,true,p1,accepted,,831705,831707495147,32
tf_phase7_policy_classic_2026-08-20,classic_12x10_g106_vs_g105.jsonl,classic-random-12x10,classic,random-start,12x10,tf:105,tf:106,false,p1,accepted,,831705,831707495148,33
tf_phase7_policy_classic_2026-08-20,classic_12x10_g106_vs_g105.jsonl,classic-random-12x10,classic,random-start,12x10,tf:106,tf:105,true,p2,accepted,,831705,831707495149,34
tf_phase7_policy_classic_2026-08-20,classic_12x10_g106_vs_g105.jsonl,classic-random-12x10,classic,random-start,12x10,tf:105,tf:106,false,p1,accepted,,831705,831707495150,35
tf_phase7_policy_classic_2026-08-20,classic_12x10_g106_vs_g105.jsonl,classic-random-12x10,classic,random-start,12x10,tf:106,tf:105,true,p2,accepted,,831705,831707495151,36
tf_phase7_policy_classic_2026-08-20,classic_12x10_g106_vs_g105.jsonl,classic-random-12x10,classic,random-start,12x10,tf:105,tf:106,false,p1,accepted,,831705,831707495152,37
tf_phase7_policy_classic_2026-08-20,classic_12x10_g106_vs_g105.jsonl,classic-random-12x10,classic,random-start,12x10,tf:106,tf:105,true,p2,accepted,,831705,831707495153,38
tf_phase7_policy_classic_2026-08-20,classic_12x10_g106_vs_g105.jsonl,classic-random-12x10,classic,random-start,12x10,tf:105,tf:106,false,p1,accepted,,831705,831707495154,39
tf_phase7_policy_classic_2026-08-20,classic_12x10_g107_vs_g101.jsonl,classic-random-12x10,classic,random-start,12x10,tf:107,tf:101,true,p1,accepted,,831801,831803495403,0
tf_phase7_policy_classic_2026-08-20,classic_12x10_g107_vs_g101.jsonl,classic-random-12x10,classic,random-start,12x10,tf:101,tf:107,false,p1,accepted,,831801,831803495404,1
tf_phase7_policy_classic_2026-08-20,classic_12x10_g107_vs_g101.jsonl,classic-random-12x10,classic,random-start,12x10,tf:107,tf:101,true,p2,accepted,,831801,831803495405,2
tf_phase7_policy_classic_2026-08-20,classic_12x10_g107_vs_g101.jsonl,classic-random-12x10,classic,random-start,12x10,tf:101,tf:107,false,p1,accepted,,831801,831803495406,3
tf_phase7_policy_classic_2026-08-20,classic_12x10_g107_vs_g101.jsonl,classic-random-12x10,classic,random-start,12x10,tf:107,tf:101,true,p2,accepted,,831801,831803495407,4
tf_phase7_policy_classic_2026-08-20,classic_12x10_g107_vs_g101.jsonl,classic-random-12x10,classic,random-start,12x10,tf:101,tf:107,false,p1,accepted,,831801,831803495408,5
tf_phase7_policy_classic_2026-08-20,classic_12x10_g107_vs_g101.jsonl,classic-random-12x10,classic,random-start,12x10,tf:107,tf:101,true,p2,accepted,,831801,831803495409,6
tf_phase7_policy_classic_2026-08-20,classic_12x10_g107_vs_g101.jsonl,classic-random-12x10,classic,random-start,12x10,tf:101,tf:107,false,p2,accepted,,831801,831803495410,7
tf_phase7_policy_classic_2026-08-20,classic_12x10_g107_vs_g101.jsonl,classic-random-12x10,classic,random-start,12x10,tf:107,tf:101,true,p1,accepted,,831801,831803495411,8
tf_phase7_policy_classic_2026-08-20,classic_12x10_g107_vs_g101.jsonl,classic-random-12x10,classic,random-start,12x10,tf:101,tf:107,false,p1,accepted,,831801,831803495412,9
tf_phase7_policy_classic_2026-08-20,classic_12x10_g107_vs_g101.jsonl,classic-random-12x10,classic,random-start,12x10,tf:107,tf:101,true,p1,accepted,,831801,831803495413,10
tf_phase7_policy_classic_2026-08-20,classic_12x10_g107_vs_g101.jsonl,classic-random-12x10,classic,random-start,12x10,tf:101,tf:107,false,p1,accepted,,831801,831803495414,11
tf_phase7_policy_classic_2026-08-20,classic_12x10_g107_vs_g101.jsonl,classic-random-12x10,classic,random-start,12x10,tf:107,tf:101,true,p2,accepted,,831801,831803495415,12
tf_phase7_policy_classic_2026-08-20,classic_12x10_g107_vs_g101.jsonl,classic-random-12x10,classic,random-start,12x10,tf:101,tf:107,false,p2,accepted,,831801,831803495416,13
tf_phase7_policy_classic_2026-08-20,classic_12x10_g107_vs_g101.jsonl,classic-random-12x10,classic,random-start,12x10,tf:107,tf:101,true,p1,accepted,,831801,831803495417,14
tf_phase7_policy_classic_2026-08-20,classic_12x10_g107_vs_g101.jsonl,classic-random-12x10,classic,random-start,12x10,tf:101,tf:107,false,p2,accepted,,831801,831803495418,15
tf_phase7_policy_classic_2026-08-20,classic_12x10_g107_vs_g101.jsonl,classic-random-12x10,classic,random-start,12x10,tf:107,tf:101,true,p2,accepted,,831801,831803495419,16
tf_phase7_policy_classic_2026-08-20,classic_12x10_g107_vs_g101.jsonl,classic-random-12x10,classic,random-start,12x10,tf:101,tf:107,false,p2,accepted,,831801,831803495420,17
tf_phase7_policy_classic_2026-08-20,classic_12x10_g107_vs_g101.jsonl,classic-random-12x10,classic,random-start,12x10,tf:107,tf:101,true,p2,accepted,,831801,831803495421,18
tf_phase7_policy_classic_2026-08-20,classic_12x10_g107_vs_g101.jsonl,classic-random-12x10,classic,random-start,12x10,tf:101,tf:107,false,p2,accepted,,831801,831803495422,19
tf_phase7_policy_classic_2026-08-20,classic_12x10_g107_vs_g101.jsonl,classic-random-12x10,classic,random-start,12x10,tf:107,tf:101,true,p1,accepted,,831801,831803495423,20
tf_phase7_policy_classic_2026-08-20,classic_12x10_g107_vs_g101.jsonl,classic-random-12x10,classic,random-start,12x10,tf:101,tf:107,false,p1,accepted,,831801,831803495424,21
tf_phase7_policy_classic_2026-08-20,classic_12x10_g107_vs_g101.jsonl,classic-random-12x10,classic,random-start,12x10,tf:107,tf:101,true,p1,accepted,,831801,831803495425,22
tf_phase7_policy_classic_2026-08-20,classic_12x10_g107_vs_g101.jsonl,classic-random-12x10,classic,random-start,12x10,tf:101,tf:107,false,p1,accepted,,831801,831803495426,23
tf_phase7_policy_classic_2026-08-20,classic_12x10_g107_vs_g101.jsonl,classic-random-12x10,classic,random-start,12x10,tf:107,tf:101,true,p2,accepted,,831801,831803495427,24
tf_phase7_policy_classic_2026-08-20,classic_12x10_g107_vs_g101.jsonl,classic-random-12x10,classic,random-start,12x10,tf:101,tf:107,false,p1,accepted,,831801,831803495428,25
tf_phase7_policy_classic_2026-08-20,classic_12x10_g107_vs_g101.jsonl,classic-random-12x10,classic,random-start,12x10,tf:107,tf:101,true,p1,accepted,,831801,831803495429,26
tf_phase7_policy_classic_2026-08-20,classic_12x10_g107_vs_g101.jsonl,classic-random-12x10,classic,random-start,12x10,tf:101,tf:107,false,p1,accepted,,831801,831803495430,27
tf_phase7_policy_classic_2026-08-20,classic_12x10_g107_vs_g101.jsonl,classic-random-12x10,classic,random-start,12x10,tf:107,tf:101,true,p2,accepted,,831801,831803495431,28
tf_phase7_policy_classic_2026-08-20,classic_12x10_g107_vs_g101.jsonl,classic-random-12x10,classic,random-start,12x10,tf:101,tf:107,false,p1,accepted,,831801,831803495432,29
tf_phase7_policy_classic_2026-08-20,classic_12x10_g107_vs_g101.jsonl,classic-random-12x10,classic,random-start,12x10,tf:107,tf:101,true,p1,accepted,,831801,831803495433,30
tf_phase7_policy_classic_2026-08-20,classic_12x10_g107_vs_g101.jsonl,classic-random-12x10,classic,random-start,12x10,tf:101,tf:107,false,p1,accepted,,831801,831803495434,31
tf_phase7_policy_classic_2026-08-20,classic_12x10_g107_vs_g101.jsonl,classic-random-12x10,classic,random-start,12x10,tf:107,tf:101,true,p2,accepted,,831801,831803495435,32
tf_phase7_policy_classic_2026-08-20,classic_12x10_g107_vs_g101.jsonl,classic-random-12x10,classic,random-start,12x10,tf:101,tf:107,false,p1,accepted,,831801,831803495436,33
tf_phase7_policy_classic_2026-08-20,classic_12x10_g107_vs_g101.jsonl,classic-random-12x10,classic,random-start,12x10,tf:107,tf:101,true,p2,accepted,,831801,831803495437,34
tf_phase7_policy_classic_2026-08-20,classic_12x10_g107_vs_g101.jsonl,classic-random-12x10,classic,random-start,12x10,tf:101,tf:107,false,p1,accepted,,831801,831803495438,35
tf_phase7_policy_classic_2026-08-20,classic_12x10_g107_vs_g101.jsonl,classic-random-12x10,classic,random-start,12x10,tf:107,tf:101,true,p1,accepted,,831801,831803495439,36
tf_phase7_policy_classic_2026-08-20,classic_12x10_g107_vs_g101.jsonl,classic-random-12x10,classic,random-start,12x10,tf:101,tf:107,false,p1,accepted,,831801,831803495440,37
tf_phase7_policy_classic_2026-08-20,classic_12x10_g107_vs_g101.jsonl,classic-random-12x10,classic,random-start,12x10,tf:107,tf:101,true,p1,accepted,,831801,831803495441,38
tf_phase7_policy_classic_2026-08-20,classic_12x10_g107_vs_g101.jsonl,classic-random-12x10,classic,random-start,12x10,tf:101,tf:107,false,p1,accepted,,831801,831803495442,39
tf_phase7_policy_classic_2026-08-20,classic_12x10_g107_vs_g104.jsonl,classic-random-12x10,classic,random-start,12x10,tf:107,tf:104,true,p2,accepted,,831804,831806495412,0
tf_phase7_policy_classic_2026-08-20,classic_12x10_g107_vs_g104.jsonl,classic-random-12x10,classic,random-start,12x10,tf:104,tf:107,false,p1,accepted,,831804,831806495413,1
tf_phase7_policy_classic_2026-08-20,classic_12x10_g107_vs_g104.jsonl,classic-random-12x10,classic,random-start,12x10,tf:107,tf:104,true,p1,accepted,,831804,831806495414,2
tf_phase7_policy_classic_2026-08-20,classic_12x10_g107_vs_g104.jsonl,classic-random-12x10,classic,random-start,12x10,tf:104,tf:107,false,p1,accepted,,831804,831806495415,3
tf_phase7_policy_classic_2026-08-20,classic_12x10_g107_vs_g104.jsonl,classic-random-12x10,classic,random-start,12x10,tf:107,tf:104,true,p2,accepted,,831804,831806495416,4
tf_phase7_policy_classic_2026-08-20,classic_12x10_g107_vs_g104.jsonl,classic-random-12x10,classic,random-start,12x10,tf:104,tf:107,false,p2,accepted,,831804,831806495417,5
tf_phase7_policy_classic_2026-08-20,classic_12x10_g107_vs_g104.jsonl,classic-random-12x10,classic,random-start,12x10,tf:107,tf:104,true,p2,accepted,,831804,831806495418,6
tf_phase7_policy_classic_2026-08-20,classic_12x10_g107_vs_g104.jsonl,classic-random-12x10,classic,random-start,12x10,tf:104,tf:107,false,p1,accepted,,831804,831806495419,7
tf_phase7_policy_classic_2026-08-20,classic_12x10_g107_vs_g104.jsonl,classic-random-12x10,classic,random-start,12x10,tf:107,tf:104,true,p2,accepted,,831804,831806495420,8
tf_phase7_policy_classic_2026-08-20,classic_12x10_g107_vs_g104.jsonl,classic-random-12x10,classic,random-start,12x10,tf:104,tf:107,false,p2,accepted,,831804,831806495421,9
tf_phase7_policy_classic_2026-08-20,classic_12x10_g107_vs_g104.jsonl,classic-random-12x10,classic,random-start,12x10,tf:107,tf:104,true,p2,accepted,,831804,831806495422,10
tf_phase7_policy_classic_2026-08-20,classic_12x10_g107_vs_g104.jsonl,classic-random-12x10,classic,random-start,12x10,tf:104,tf:107,false,p1,accepted,,831804,831806495423,11
tf_phase7_policy_classic_2026-08-20,classic_12x10_g107_vs_g104.jsonl,classic-random-12x10,classic,random-start,12x10,tf:107,tf:104,true,p2,accepted,,831804,831806495424,12
tf_phase7_policy_classic_2026-08-20,classic_12x10_g107_vs_g104.jsonl,classic-random-12x10,classic,random-start,12x10,tf:104,tf:107,false,p2,accepted,,831804,831806495425,13
tf_phase7_policy_classic_2026-08-20,classic_12x10_g107_vs_g104.jsonl,classic-random-12x10,classic,random-start,12x10,tf:107,tf:104,true,p2,accepted,,831804,831806495426,14
tf_phase7_policy_classic_2026-08-20,classic_12x10_g107_vs_g104.jsonl,classic-random-12x10,classic,random-start,12x10,tf:104,tf:107,false,p1,accepted,,831804,831806495427,15
tf_phase7_policy_classic_2026-08-20,classic_12x10_g107_vs_g104.jsonl,classic-random-12x10,classic,random-start,12x10,tf:107,tf:104,true,p2,accepted,,831804,831806495428,16
tf_phase7_policy_classic_2026-08-20,classic_12x10_g107_vs_g104.jsonl,classic-random-12x10,classic,random-start,12x10,tf:104,tf:107,false,p1,accepted,,831804,831806495429,17
tf_phase7_policy_classic_2026-08-20,classic_12x10_g107_vs_g104.jsonl,classic-random-12x10,classic,random-start,12x10,tf:107,tf:104,true,p1,accepted,,831804,831806495430,18
tf_phase7_policy_classic_2026-08-20,classic_12x10_g107_vs_g104.jsonl,classic-random-12x10,classic,random-start,12x10,tf:104,tf:107,false,p2,accepted,,831804,831806495431,19
tf_phase7_policy_classic_2026-08-20,classic_12x10_g107_vs_g104.jsonl,classic-random-12x10,classic,random-start,12x10,tf:107,tf:104,true,p2,accepted,,831804,831806495432,20
tf_phase7_policy_classic_2026-08-20,classic_12x10_g107_vs_g104.jsonl,classic-random-12x10,classic,random-start,12x10,tf:104,tf:107,false,p2,accepted,,831804,831806495433,21
tf_phase7_policy_classic_2026-08-20,classic_12x10_g107_vs_g104.jsonl,classic-random-12x10,classic,random-start,12x10,tf:107,tf:104,true,p2,accepted,,831804,831806495434,22
tf_phase7_policy_classic_2026-08-20,classic_12x10_g107_vs_g104.jsonl,classic-random-12x10,classic,random-start,12x10,tf:104,tf:107,false,p2,accepted,,831804,831806495435,23
tf_phase7_policy_classic_2026-08-20,classic_12x10_g107_vs_g104.jsonl,classic-random-12x10,classic,random-start,12x10,tf:107,tf:104,true,p2,accepted,,831804,831806495436,24
tf_phase7_policy_classic_2026-08-20,classic_12x10_g107_vs_g104.jsonl,classic-random-12x10,classic,random-start,12x10,tf:104,tf:107,false,p2,accepted,,831804,831806495437,25
tf_phase7_policy_classic_2026-08-20,classic_12x10_g107_vs_g104.jsonl,classic-random-12x10,classic,random-start,12x10,tf:107,tf:104,true,p1,accepted,,831804,831806495438,26
tf_phase7_policy_classic_2026-08-20,classic_12x10_g107_vs_g104.jsonl,classic-random-12x10,classic,random-start,12x10,tf:104,tf:107,false,p1,accepted,,831804,831806495439,27
tf_phase7_policy_classic_2026-08-20,classic_12x10_g107_vs_g104.jsonl,classic-random-12x10,classic,random-start,12x10,tf:107,tf:104,true,p1,accepted,,831804,831806495440,28
tf_phase7_policy_classic_2026-08-20,classic_12x10_g107_vs_g104.jsonl,classic-random-12x10,classic,random-start,12x10,tf:104,tf:107,false,p1,accepted,,831804,831806495441,29
tf_phase7_policy_classic_2026-08-20,classic_12x10_g107_vs_g104.jsonl,classic-random-12x10,classic,random-start,12x10,tf:107,tf:104,true,p1,accepted,,831804,831806495442,30
tf_phase7_policy_classic_2026-08-20,classic_12x10_g107_vs_g104.jsonl,classic-random-12x10,classic,random-start,12x10,tf:104,tf:107,false,p2,accepted,,831804,831806495443,31
tf_phase7_policy_classic_2026-08-20,classic_12x10_g107_vs_g104.jsonl,classic-random-12x10,classic,random-start,12x10,tf:107,tf:104,true,p1,accepted,,831804,831806495444,32
tf_phase7_policy_classic_2026-08-20,classic_12x10_g107_vs_g104.jsonl,classic-random-12x10,classic,random-start,12x10,tf:104,tf:107,false,p1,accepted,,831804,831806495445,33
tf_phase7_policy_classic_2026-08-20,classic_12x10_g107_vs_g104.jsonl,classic-random-12x10,classic,random-start,12x10,tf:107,tf:104,true,p2,accepted,,831804,831806495446,34
tf_phase7_policy_classic_2026-08-20,classic_12x10_g107_vs_g104.jsonl,classic-random-12x10,classic,random-start,12x10,tf:104,tf:107,false,p1,accepted,,831804,831806495447,35
tf_phase7_policy_classic_2026-08-20,classic_12x10_g107_vs_g104.jsonl,classic-random-12x10,classic,random-start,12x10,tf:107,tf:104,true,p1,accepted,,831804,831806495448,36
tf_phase7_policy_classic_2026-08-20,classic_12x10_g107_vs_g104.jsonl,classic-random-12x10,classic,random-start,12x10,tf:104,tf:107,false,p2,accepted,,831804,831806495449,37
tf_phase7_policy_classic_2026-08-20,classic_12x10_g107_vs_g104.jsonl,classic-random-12x10,classic,random-start,12x10,tf:107,tf:104,true,p2,accepted,,831804,831806495450,38
tf_phase7_policy_classic_2026-08-20,classic_12x10_g107_vs_g104.jsonl,classic-random-12x10,classic,random-start,12x10,tf:104,tf:107,false,p1,accepted,,831804,831806495451,39
tf_phase7_policy_classic_2026-08-20,classic_12x10_g107_vs_g106.jsonl,classic-random-12x10,classic,random-start,12x10,tf:107,tf:106,true,p1,accepted,,831806,831808495418,0
tf_phase7_policy_classic_2026-08-20,classic_12x10_g107_vs_g106.jsonl,classic-random-12x10,classic,random-start,12x10,tf:106,tf:107,false,p2,accepted,,831806,831808495419,1
tf_phase7_policy_classic_2026-08-20,classic_12x10_g107_vs_g106.jsonl,classic-random-12x10,classic,random-start,12x10,tf:107,tf:106,true,p1,accepted,,831806,831808495420,2
tf_phase7_policy_classic_2026-08-20,classic_12x10_g107_vs_g106.jsonl,classic-random-12x10,classic,random-start,12x10,tf:106,tf:107,false,p1,accepted,,831806,831808495421,3
tf_phase7_policy_classic_2026-08-20,classic_12x10_g107_vs_g106.jsonl,classic-random-12x10,classic,random-start,12x10,tf:107,tf:106,true,p2,accepted,,831806,831808495422,4
tf_phase7_policy_classic_2026-08-20,classic_12x10_g107_vs_g106.jsonl,classic-random-12x10,classic,random-start,12x10,tf:106,tf:107,false,p1,accepted,,831806,831808495423,5
tf_phase7_policy_classic_2026-08-20,classic_12x10_g107_vs_g106.jsonl,classic-random-12x10,classic,random-start,12x10,tf:107,tf:106,true,p1,accepted,,831806,831808495424,6
tf_phase7_policy_classic_2026-08-20,classic_12x10_g107_vs_g106.jsonl,classic-random-12x10,classic,random-start,12x10,tf:106,tf:107,false,p1,accepted,,831806,831808495425,7
tf_phase7_policy_classic_2026-08-20,classic_12x10_g107_vs_g106.jsonl,classic-random-12x10,classic,random-start,12x10,tf:107,tf:106,true,p2,accepted,,831806,831808495426,8
tf_phase7_policy_classic_2026-08-20,classic_12x10_g107_vs_g106.jsonl,classic-random-12x10,classic,random-start,12x10,tf:106,tf:107,false,p1,accepted,,831806,831808495427,9
tf_phase7_policy_classic_2026-08-20,classic_12x10_g107_vs_g106.jsonl,classic-random-12x10,classic,random-start,12x10,tf:107,tf:106,true,p2,accepted,,831806,831808495428,10
tf_phase7_policy_classic_2026-08-20,classic_12x10_g107_vs_g106.jsonl,classic-random-12x10,classic,random-start,12x10,tf:106,tf:107,false,p2,accepted,,831806,831808495429,11
tf_phase7_policy_classic_2026-08-20,classic_12x10_g107_vs_g106.jsonl,classic-random-12x10,classic,random-start,12x10,tf:107,tf:106,true,p2,accepted,,831806,831808495430,12
tf_phase7_policy_classic_2026-08-20,classic_12x10_g107_vs_g106.jsonl,classic-random-12x10,classic,random-start,12x10,tf:106,tf:107,false,p1,accepted,,831806,831808495431,13
tf_phase7_policy_classic_2026-08-20,classic_12x10_g107_vs_g106.jsonl,classic-random-12x10,classic,random-start,12x10,tf:107,tf:106,true,p2,accepted,,831806,831808495432,14
tf_phase7_policy_classic_2026-08-20,classic_12x10_g107_vs_g106.jsonl,classic-random-12x10,classic,random-start,12x10,tf:106,tf:107,false,p2,accepted,,831806,831808495433,15
tf_phase7_policy_classic_2026-08-20,classic_12x10_g107_vs_g106.jsonl,classic-random-12x10,classic,random-start,12x10,tf:107,tf:106,true,p1,accepted,,831806,831808495434,16
tf_phase7_policy_classic_2026-08-20,classic_12x10_g107_vs_g106.jsonl,classic-random-12x10,classic,random-start,12x10,tf:106,tf:107,false,p1,accepted,,831806,831808495435,17
tf_phase7_policy_classic_2026-08-20,classic_12x10_g107_vs_g106.jsonl,classic-random-12x10,classic,random-start,12x10,tf:107,tf:106,true,p1,accepted,,831806,831808495436,18
tf_phase7_policy_classic_2026-08-20,classic_12x10_g107_vs_g106.jsonl,classic-random-12x10,classic,random-start,12x10,tf:106,tf:107,false,p1,accepted,,831806,831808495437,19
tf_phase7_policy_classic_2026-08-20,classic_12x10_g107_vs_g106.jsonl,classic-random-12x10,classic,random-start,12x10,tf:107,tf:106,true,p2,accepted,,831806,831808495438,20
tf_phase7_policy_classic_2026-08-20,classic_12x10_g107_vs_g106.jsonl,classic-random-12x10,classic,random-start,12x10,tf:106,tf:107,false,p1,accepted,,831806,831808495439,21
tf_phase7_policy_classic_2026-08-20,classic_12x10_g107_vs_g106.jsonl,classic-random-12x10,classic,random-start,12x10,tf:107,tf:106,true,p2,accepted,,831806,831808495440,22
tf_phase7_policy_classic_2026-08-20,classic_12x10_g107_vs_g106.jsonl,classic-random-12x10,classic,random-start,12x10,tf:106,tf:107,false,p2,accepted,,831806,831808495441,23
tf_phase7_policy_classic_2026-08-20,classic_12x10_g107_vs_g106.jsonl,classic-random-12x10,classic,random-start,12x10,tf:107,tf:106,true,p2,accepted,,831806,831808495442,24
tf_phase7_policy_classic_2026-08-20,classic_12x10_g107_vs_g106.jsonl,classic-random-12x10,classic,random-start,12x10,tf:106,tf:107,false,p2,accepted,,831806,831808495443,25
tf_phase7_policy_classic_2026-08-20,classic_12x10_g107_vs_g106.jsonl,classic-random-12x10,classic,random-start,12x10,tf:107,tf:106,true,p2,accepted,,831806,831808495444,26
tf_phase7_policy_classic_2026-08-20,classic_12x10_g107_vs_g106.jsonl,classic-random-12x10,classic,random-start,12x10,tf:106,tf:107,false,p1,accepted,,831806,831808495445,27
tf_phase7_policy_classic_2026-08-20,classic_12x10_g107_vs_g106.jsonl,classic-random-12x10,classic,random-start,12x10,tf:107,tf:106,true,p2,accepted,,831806,831808495446,28
tf_phase7_policy_classic_2026-08-20,classic_12x10_g107_vs_g106.jsonl,classic-random-12x10,classic,random-start,12x10,tf:106,tf:107,false,p2,accepted,,831806,831808495447,29
tf_phase7_policy_classic_2026-08-20,classic_12x10_g107_vs_g106.jsonl,classic-random-12x10,classic,random-start,12x10,tf:107,tf:106,true,p1,accepted,,831806,831808495448,30
tf_phase7_policy_classic_2026-08-20,classic_12x10_g107_vs_g106.jsonl,classic-random-12x10,classic,random-start,12x10,tf:106,tf:107,false,p1,accepted,,831806,831808495449,31
tf_phase7_policy_classic_2026-08-20,classic_12x10_g107_vs_g106.jsonl,classic-random-12x10,classic,random-start,12x10,tf:107,tf:106,true,p2,accepted,,831806,831808495450,32
tf_phase7_policy_classic_2026-08-20,classic_12x10_g107_vs_g106.jsonl,classic-random-12x10,classic,random-start,12x10,tf:106,tf:107,false,p1,accepted,,831806,831808495451,33
tf_phase7_policy_classic_2026-08-20,classic_12x10_g107_vs_g106.jsonl,classic-random-12x10,classic,random-start,12x10,tf:107,tf:106,true,p1,accepted,,831806,831808495452,34
tf_phase7_policy_classic_2026-08-20,classic_12x10_g107_vs_g106.jsonl,classic-random-12x10,classic,random-start,12x10,tf:106,tf:107,false,p1,accepted,,831806,831808495453,35
tf_phase7_policy_classic_2026-08-20,classic_12x10_g107_vs_g106.jsonl,classic-random-12x10,classic,random-start,12x10,tf:107,tf:106,true,p1,accepted,,831806,831808495454,36
tf_phase7_policy_classic_2026-08-20,classic_12x10_g107_vs_g106.jsonl,classic-random-12x10,classic,random-start,12x10,tf:106,tf:107,false,p1,accepted,,831806,831808495455,37
tf_phase7_policy_classic_2026-08-20,classic_12x10_g107_vs_g106.jsonl,classic-random-12x10,classic,random-start,12x10,tf:107,tf:106,true,p2,accepted,,831806,831808495456,38
tf_phase7_policy_classic_2026-08-20,classic_12x10_g107_vs_g106.jsonl,classic-random-12x10,classic,random-start,12x10,tf:106,tf:107,false,p1,accepted,,831806,831808495457,39
tf_phase7_policy_classic_2026-08-20,classic_12x10_g108_vs_g102.jsonl,classic-random-12x10,classic,random-start,12x10,tf:108,tf:102,true,p1,accepted,,831902,831904495706,0
tf_phase7_policy_classic_2026-08-20,classic_12x10_g108_vs_g102.jsonl,classic-random-12x10,classic,random-start,12x10,tf:102,tf:108,false,p1,accepted,,831902,831904495707,1
tf_phase7_policy_classic_2026-08-20,classic_12x10_g108_vs_g102.jsonl,classic-random-12x10,classic,random-start,12x10,tf:108,tf:102,true,p1,accepted,,831902,831904495708,2
tf_phase7_policy_classic_2026-08-20,classic_12x10_g108_vs_g102.jsonl,classic-random-12x10,classic,random-start,12x10,tf:102,tf:108,false,p2,accepted,,831902,831904495709,3
tf_phase7_policy_classic_2026-08-20,classic_12x10_g108_vs_g102.jsonl,classic-random-12x10,classic,random-start,12x10,tf:108,tf:102,true,p2,accepted,,831902,831904495710,4
tf_phase7_policy_classic_2026-08-20,classic_12x10_g108_vs_g102.jsonl,classic-random-12x10,classic,random-start,12x10,tf:102,tf:108,false,p2,accepted,,831902,831904495711,5
tf_phase7_policy_classic_2026-08-20,classic_12x10_g108_vs_g102.jsonl,classic-random-12x10,classic,random-start,12x10,tf:108,tf:102,true,p2,accepted,,831902,831904495712,6
tf_phase7_policy_classic_2026-08-20,classic_12x10_g108_vs_g102.jsonl,classic-random-12x10,classic,random-start,12x10,tf:102,tf:108,false,p2,accepted,,831902,831904495713,7
tf_phase7_policy_classic_2026-08-20,classic_12x10_g108_vs_g102.jsonl,classic-random-12x10,classic,random-start,12x10,tf:108,tf:102,true,p2,accepted,,831902,831904495714,8
tf_phase7_policy_classic_2026-08-20,classic_12x10_g108_vs_g102.jsonl,classic-random-12x10,classic,random-start,12x10,tf:102,tf:108,false,p2,accepted,,831902,831904495715,9
tf_phase7_policy_classic_2026-08-20,classic_12x10_g108_vs_g102.jsonl,classic-random-12x10,classic,random-start,12x10,tf:108,tf:102,true,p2,accepted,,831902,831904495716,10
tf_phase7_policy_classic_2026-08-20,classic_12x10_g108_vs_g102.jsonl,classic-random-12x10,classic,random-start,12x10,tf:102,tf:108,false,p2,accepted,,831902,831904495717,11
tf_phase7_policy_classic_2026-08-20,classic_12x10_g108_vs_g102.jsonl,classic-random-12x10,classic,random-start,12x10,tf:108,tf:102,true,p2,accepted,,831902,831904495718,12
tf_phase7_policy_classic_2026-08-20,classic_12x10_g108_vs_g102.jsonl,classic-random-12x10,classic,random-start,12x10,tf:102,tf:108,false,p2,accepted,,831902,831904495719,13
tf_phase7_policy_classic_2026-08-20,classic_12x10_g108_vs_g102.jsonl,classic-random-12x10,classic,random-start,12x10,tf:108,tf:102,true,p1,accepted,,831902,831904495720,14
tf_phase7_policy_classic_2026-08-20,classic_12x10_g108_vs_g102.jsonl,classic-random-12x10,classic,random-start,12x10,tf:102,tf:108,false,p2,accepted,,831902,831904495721,15
tf_phase7_policy_classic_2026-08-20,classic_12x10_g108_vs_g102.jsonl,classic-random-12x10,classic,random-start,12x10,tf:108,tf:102,true,p2,accepted,,831902,831904495722,16
tf_phase7_policy_classic_2026-08-20,classic_12x10_g108_vs_g102.jsonl,classic-random-12x10,classic,random-start,12x10,tf:102,tf:108,false,p1,accepted,,831902,831904495723,17
tf_phase7_policy_classic_2026-08-20,classic_12x10_g108_vs_g102.jsonl,classic-random-12x10,classic,random-start,12x10,tf:108,tf:102,true,p2,accepted,,831902,831904495724,18
tf_phase7_policy_classic_2026-08-20,classic_12x10_g108_vs_g102.jsonl,classic-random-12x10,classic,random-start,12x10,tf:102,tf:108,false,p1,accepted,,831902,831904495725,19
tf_phase7_policy_classic_2026-08-20,classic_12x10_g108_vs_g102.jsonl,classic-random-12x10,classic,random-start,12x10,tf:108,tf:102,true,p1,accepted,,831902,831904495726,20
tf_phase7_policy_classic_2026-08-20,classic_12x10_g108_vs_g102.jsonl,classic-random-12x10,classic,random-start,12x10,tf:102,tf:108,false,p1,accepted,,831902,831904495727,21
tf_phase7_policy_classic_2026-08-20,classic_12x10_g108_vs_g102.jsonl,classic-random-12x10,classic,random-start,12x10,tf:108,tf:102,true,p1,accepted,,831902,831904495728,22
tf_phase7_policy_classic_2026-08-20,classic_12x10_g108_vs_g102.jsonl,classic-random-12x10,classic,random-start,12x10,tf:102,tf:108,false,p2,accepted,,831902,831904495729,23
tf_phase7_policy_classic_2026-08-20,classic_12x10_g108_vs_g102.jsonl,classic-random-12x10,classic,random-start,12x10,tf:108,tf:102,true,p2,accepted,,831902,831904495730,24
tf_phase7_policy_classic_2026-08-20,classic_12x10_g108_vs_g102.jsonl,classic-random-12x10,classic,random-start,12x10,tf:102,tf:108,false,p2,accepted,,831902,831904495731,25
tf_phase7_policy_classic_2026-08-20,classic_12x10_g108_vs_g102.jsonl,classic-random-12x10,classic,random-start,12x10,tf:108,tf:102,true,p1,accepted,,831902,831904495732,26
tf_phase7_policy_classic_2026-08-20,classic_12x10_g108_vs_g102.jsonl,classic-random-12x10,classic,random-start,12x10,tf:102,tf:108,false,p1,accepted,,831902,831904495733,27
tf_phase7_policy_classic_2026-08-20,classic_12x10_g108_vs_g102.jsonl,classic-random-12x10,classic,random-start,12x10,tf:108,tf:102,true,p2,accepted,,831902,831904495734,28
tf_phase7_policy_classic_2026-08-20,classic_12x10_g108_vs_g102.jsonl,classic-random-12x10,classic,random-start,12x10,tf:102,tf:108,false,p1,accepted,,831902,831904495735,29
tf_phase7_policy_classic_2026-08-20,classic_12x10_g108_vs_g102.jsonl,classic-random-12x10,classic,random-start,12x10,tf:108,tf:102,true,p1,accepted,,831902,831904495736,30
tf_phase7_policy_classic_2026-08-20,classic_12x10_g108_vs_g102.jsonl,classic-random-12x10,classic,random-start,12x10,tf:102,tf:108,false,p2,accepted,,831902,831904495737,31
tf_phase7_policy_classic_2026-08-20,classic_12x10_g108_vs_g102.jsonl,classic-random-12x10,classic,random-start,12x10,tf:108,tf:102,true,p1,accepted,,831902,831904495738,32
tf_phase7_policy_classic_2026-08-20,classic_12x10_g108_vs_g102.jsonl,classic-random-12x10,classic,random-start,12x10,tf:102,tf:108,false,p2,accepted,,831902,831904495739,33
tf_phase7_policy_classic_2026-08-20,classic_12x10_g108_vs_g102.jsonl,classic-random-12x10,classic,random-start,12x10,tf:108,tf:102,true,p2,accepted,,831902,831904495740,34
tf_phase7_policy_classic_2026-08-20,classic_12x10_g108_vs_g102.jsonl,classic-random-12x10,classic,random-start,12x10,tf:102,tf:108,false,p2,accepted,,831902,831904495741,35
tf_phase7_policy_classic_2026-08-20,classic_12x10_g108_vs_g102.jsonl,classic-random-12x10,classic,random-start,12x10,tf:108,tf:102,true,p1,accepted,,831902,831904495742,36
tf_phase7_policy_classic_2026-08-20,classic_12x10_g108_vs_g102.jsonl,classic-random-12x10,classic,random-start,12x10,tf:102,tf:108,false,p1,accepted,,831902,831904495743,37
tf_phase7_policy_classic_2026-08-20,classic_12x10_g108_vs_g102.jsonl,classic-random-12x10,classic,random-start,12x10,tf:108,tf:102,true,p1,accepted,,831902,831904495744,38
tf_phase7_policy_classic_2026-08-20,classic_12x10_g108_vs_g102.jsonl,classic-random-12x10,classic,random-start,12x10,tf:102,tf:108,false,p1,accepted,,831902,831904495745,39
tf_phase7_policy_classic_2026-08-20,classic_12x10_g108_vs_g105.jsonl,classic-random-12x10,classic,random-start,12x10,tf:108,tf:105,true,p1,accepted,,831905,831907495715,0
tf_phase7_policy_classic_2026-08-20,classic_12x10_g108_vs_g105.jsonl,classic-random-12x10,classic,random-start,12x10,tf:105,tf:108,false,p2,accepted,,831905,831907495716,1
tf_phase7_policy_classic_2026-08-20,classic_12x10_g108_vs_g105.jsonl,classic-random-12x10,classic,random-start,12x10,tf:108,tf:105,true,p2,accepted,,831905,831907495717,2
tf_phase7_policy_classic_2026-08-20,classic_12x10_g108_vs_g105.jsonl,classic-random-12x10,classic,random-start,12x10,tf:105,tf:108,false,p2,accepted,,831905,831907495718,3
tf_phase7_policy_classic_2026-08-20,classic_12x10_g108_vs_g105.jsonl,classic-random-12x10,classic,random-start,12x10,tf:108,tf:105,true,p2,accepted,,831905,831907495719,4
tf_phase7_policy_classic_2026-08-20,classic_12x10_g108_vs_g105.jsonl,classic-random-12x10,classic,random-start,12x10,tf:105,tf:108,false,p1,accepted,,831905,831907495720,5
tf_phase7_policy_classic_2026-08-20,classic_12x10_g108_vs_g105.jsonl,classic-random-12x10,classic,random-start,12x10,tf:108,tf:105,true,p1,accepted,,831905,831907495721,6
tf_phase7_policy_classic_2026-08-20,classic_12x10_g108_vs_g105.jsonl,classic-random-12x10,classic,random-start,12x10,tf:105,tf:108,false,p1,accepted,,831905,831907495722,7
tf_phase7_policy_classic_2026-08-20,classic_12x10_g108_vs_g105.jsonl,classic-random-12x10,classic,random-start,12x10,tf:108,tf:105,true,p2,accepted,,831905,831907495723,8
tf_phase7_policy_classic_2026-08-20,classic_12x10_g108_vs_g105.jsonl,classic-random-12x10,classic,random-start,12x10,tf:105,tf:108,false,p2,accepted,,831905,831907495724,9
tf_phase7_policy_classic_2026-08-20,classic_12x10_g108_vs_g105.jsonl,classic-random-12x10,classic,random-start,12x10,tf:108,tf:105,true,p2,accepted,,831905,831907495725,10
tf_phase7_policy_classic_2026-08-20,classic_12x10_g108_vs_g105.jsonl,classic-random-12x10,classic,random-start,12x10,tf:105,tf:108,false,p1,accepted,,831905,831907495726,11
tf_phase7_policy_classic_2026-08-20,classic_12x10_g108_vs_g105.jsonl,classic-random-12x10,classic,random-start,12x10,tf:108,tf:105,true,p1,accepted,,831905,831907495727,12
tf_phase7_policy_classic_2026-08-20,classic_12x10_g108_vs_g105.jsonl,classic-random-12x10,classic,random-start,12x10,tf:105,tf:108,false,p1,accepted,,831905,831907495728,13
tf_phase7_policy_classic_2026-08-20,classic_12x10_g108_vs_g105.jsonl,classic-random-12x10,classic,random-start,12x10,tf:108,tf:105,true,p1,accepted,,831905,831907495729,14
tf_phase7_policy_classic_2026-08-20,classic_12x10_g108_vs_g105.jsonl,classic-random-12x10,classic,random-start,12x10,tf:105,tf:108,false,p1,accepted,,831905,831907495730,15
tf_phase7_policy_classic_2026-08-20,classic_12x10_g108_vs_g105.jsonl,classic-random-12x10,classic,random-start,12x10,tf:108,tf:105,true,p1,accepted,,831905,831907495731,16
tf_phase7_policy_classic_2026-08-20,classic_12x10_g108_vs_g105.jsonl,classic-random-12x10,classic,random-start,12x10,tf:105,tf:108,false,p2,accepted,,831905,831907495732,17
tf_phase7_policy_classic_2026-08-20,classic_12x10_g108_vs_g105.jsonl,classic-random-12x10,classic,random-start,12x10,tf:108,tf:105,true,p2,accepted,,831905,831907495733,18
tf_phase7_policy_classic_2026-08-20,classic_12x10_g108_vs_g105.jsonl,classic-random-12x10,classic,random-start,12x10,tf:105,tf:108,false,p2,accepted,,831905,831907495734,19
tf_phase7_policy_classic_2026-08-20,classic_12x10_g108_vs_g105.jsonl,classic-random-12x10,classic,random-start,12x10,tf:108,tf:105,true,p1,accepted,,831905,831907495735,20
tf_phase7_policy_classic_2026-08-20,classic_12x10_g108_vs_g105.jsonl,classic-random-12x10,classic,random-start,12x10,tf:105,tf:108,false,p1,accepted,,831905,831907495736,21
tf_phase7_policy_classic_2026-08-20,classic_12x10_g108_vs_g105.jsonl,classic-random-12x10,classic,random-start,12x10,tf:108,tf:105,true,p2,accepted,,831905,831907495737,22
tf_phase7_policy_classic_2026-08-20,classic_12x10_g108_vs_g105.jsonl,classic-random-12x10,classic,random-start,12x10,tf:105,tf:108,false,p1,accepted,,831905,831907495738,23
tf_phase7_policy_classic_2026-08-20,classic_12x10_g108_vs_g105.jsonl,classic-random-12x10,classic,random-start,12x10,tf:108,tf:105,true,p1,accepted,,831905,831907495739,24
tf_phase7_policy_classic_2026-08-20,classic_12x10_g108_vs_g105.jsonl,classic-random-12x10,classic,random-start,12x10,tf:105,tf:108,false,p1,accepted,,831905,831907495740,25
tf_phase7_policy_classic_2026-08-20,classic_12x10_g108_vs_g105.jsonl,classic-random-12x10,classic,random-start,12x10,tf:108,tf:105,true,p1,accepted,,831905,831907495741,26
tf_phase7_policy_classic_2026-08-20,classic_12x10_g108_vs_g105.jsonl,classic-random-12x10,classic,random-start,12x10,tf:105,tf:108,false,p1,accepted,,831905,831907495742,27
tf_phase7_policy_classic_2026-08-20,classic_12x10_g108_vs_g105.jsonl,classic-random-12x10,classic,random-start,12x10,tf:108,tf:105,true,p2,accepted,,831905,831907495743,28
tf_phase7_policy_classic_2026-08-20,classic_12x10_g108_vs_g105.jsonl,classic-random-12x10,classic,random-start,12x10,tf:105,tf:108,false,p2,accepted,,831905,831907495744,29
tf_phase7_policy_classic_2026-08-20,classic_12x10_g108_vs_g105.jsonl,classic-random-12x10,classic,random-start,12x10,tf:108,tf:105,true,p2,accepted,,831905,831907495745,30
tf_phase7_policy_classic_2026-08-20,classic_12x10_g108_vs_g105.jsonl,classic-random-12x10,classic,random-start,12x10,tf:105,tf:108,false,p1,accepted,,831905,831907495746,31
tf_phase7_policy_classic_2026-08-20,classic_12x10_g108_vs_g105.jsonl,classic-random-12x10,classic,random-start,12x10,tf:108,tf:105,true,p1,accepted,,831905,831907495747,32
tf_phase7_policy_classic_2026-08-20,classic_12x10_g108_vs_g105.jsonl,classic-random-12x10,classic,random-start,12x10,tf:105,tf:108,false,p1,accepted,,831905,831907495748,33
tf_phase7_policy_classic_2026-08-20,classic_12x10_g108_vs_g105.jsonl,classic-random-12x10,classic,random-start,12x10,tf:108,tf:105,true,p1,accepted,,831905,831907495749,34
tf_phase7_policy_classic_2026-08-20,classic_12x10_g108_vs_g105.jsonl,classic-random-12x10,classic,random-start,12x10,tf:105,tf:108,false,p1,accepted,,831905,831907495750,35
tf_phase7_policy_classic_2026-08-20,classic_12x10_g108_vs_g105.jsonl,classic-random-12x10,classic,random-start,12x10,tf:108,tf:105,true,p2,accepted,,831905,831907495751,36
tf_phase7_policy_classic_2026-08-20,classic_12x10_g108_vs_g105.jsonl,classic-random-12x10,classic,random-start,12x10,tf:105,tf:108,false,p1,accepted,,831905,831907495752,37
tf_phase7_policy_classic_2026-08-20,classic_12x10_g108_vs_g105.jsonl,classic-random-12x10,classic,random-start,12x10,tf:108,tf:105,true,p2,accepted,,831905,831907495753,38
tf_phase7_policy_classic_2026-08-20,classic_12x10_g108_vs_g105.jsonl,classic-random-12x10,classic,random-start,12x10,tf:105,tf:108,false,p2,accepted,,831905,831907495754,39
tf_phase7_policy_classic_2026-08-20,classic_12x10_g108_vs_g107.jsonl,classic-random-12x10,classic,random-start,12x10,tf:108,tf:107,true,p1,accepted,,831907,831909495721,0
tf_phase7_policy_classic_2026-08-20,classic_12x10_g108_vs_g107.jsonl,classic-random-12x10,classic,random-start,12x10,tf:107,tf:108,false,p2,accepted,,831907,831909495722,1
tf_phase7_policy_classic_2026-08-20,classic_12x10_g108_vs_g107.jsonl,classic-random-12x10,classic,random-start,12x10,tf:108,tf:107,true,p2,accepted,,831907,831909495723,2
tf_phase7_policy_classic_2026-08-20,classic_12x10_g108_vs_g107.jsonl,classic-random-12x10,classic,random-start,12x10,tf:107,tf:108,false,p1,accepted,,831907,831909495724,3
tf_phase7_policy_classic_2026-08-20,classic_12x10_g108_vs_g107.jsonl,classic-random-12x10,classic,random-start,12x10,tf:108,tf:107,true,p2,accepted,,831907,831909495725,4
tf_phase7_policy_classic_2026-08-20,classic_12x10_g108_vs_g107.jsonl,classic-random-12x10,classic,random-start,12x10,tf:107,tf:108,false,p1,accepted,,831907,831909495726,5
tf_phase7_policy_classic_2026-08-20,classic_12x10_g108_vs_g107.jsonl,classic-random-12x10,classic,random-start,12x10,tf:108,tf:107,true,p2,accepted,,831907,831909495727,6
tf_phase7_policy_classic_2026-08-20,classic_12x10_g108_vs_g107.jsonl,classic-random-12x10,classic,random-start,12x10,tf:107,tf:108,false,p1,accepted,,831907,831909495728,7
tf_phase7_policy_classic_2026-08-20,classic_12x10_g108_vs_g107.jsonl,classic-random-12x10,classic,random-start,12x10,tf:108,tf:107,true,p1,accepted,,831907,831909495729,8
tf_phase7_policy_classic_2026-08-20,classic_12x10_g108_vs_g107.jsonl,classic-random-12x10,classic,random-start,12x10,tf:107,tf:108,false,p1,accepted,,831907,831909495730,9
tf_phase7_policy_classic_2026-08-20,classic_12x10_g108_vs_g107.jsonl,classic-random-12x10,classic,random-start,12x10,tf:108,tf:107,true,p1,accepted,,831907,831909495731,10
tf_phase7_policy_classic_2026-08-20,classic_12x10_g108_vs_g107.jsonl,classic-random-12x10,classic,random-start,12x10,tf:107,tf:108,false,p1,accepted,,831907,831909495732,11
tf_phase7_policy_classic_2026-08-20,classic_12x10_g108_vs_g107.jsonl,classic-random-12x10,classic,random-start,12x10,tf:108,tf:107,true,p1,accepted,,831907,831909495733,12
tf_phase7_policy_classic_2026-08-20,classic_12x10_g108_vs_g107.jsonl,classic-random-12x10,classic,random-start,12x10,tf:107,tf:108,false,p2,accepted,,831907,831909495734,13
tf_phase7_policy_classic_2026-08-20,classic_12x10_g108_vs_g107.jsonl,classic-random-12x10,classic,random-start,12x10,tf:108,tf:107,true,p1,accepted,,831907,831909495735,14
tf_phase7_policy_classic_2026-08-20,classic_12x10_g108_vs_g107.jsonl,classic-random-12x10,classic,random-start,12x10,tf:107,tf:108,false,p2,accepted,,831907,831909495736,15
tf_phase7_policy_classic_2026-08-20,classic_12x10_g108_vs_g107.jsonl,classic-random-12x10,classic,random-start,12x10,tf:108,tf:107,true,p2,accepted,,831907,831909495737,16
tf_phase7_policy_classic_2026-08-20,classic_12x10_g108_vs_g107.jsonl,classic-random-12x10,classic,random-start,12x10,tf:107,tf:108,false,p2,accepted,,831907,831909495738,17
tf_phase7_policy_classic_2026-08-20,classic_12x10_g108_vs_g107.jsonl,classic-random-12x10,classic,random-start,12x10,tf:108,tf:107,true,p1,accepted,,831907,831909495739,18
tf_phase7_policy_classic_2026-08-20,classic_12x10_g108_vs_g107.jsonl,classic-random-12x10,classic,random-start,12x10,tf:107,tf:108,false,p1,accepted,,831907,831909495740,19
tf_phase7_policy_classic_2026-08-20,classic_12x10_g108_vs_g107.jsonl,classic-random-12x10,classic,random-start,12x10,tf:108,tf:107,true,p2,accepted,,831907,831909495741,20
tf_phase7_policy_classic_2026-08-20,classic_12x10_g108_vs_g107.jsonl,classic-random-12x10,classic,random-start,12x10,tf:107,tf:108,false,p2,accepted,,831907,831909495742,21
tf_phase7_policy_classic_2026-08-20,classic_12x10_g108_vs_g107.jsonl,classic-random-12x10,classic,random-start,12x10,tf:108,tf:107,true,p2,accepted,,831907,831909495743,22
tf_phase7_policy_classic_2026-08-20,classic_12x10_g108_vs_g107.jsonl,classic-random-12x10,classic,random-start,12x10,tf:107,tf:108,false,p1,accepted,,831907,831909495744,23
tf_phase7_policy_classic_2026-08-20,classic_12x10_g108_vs_g107.jsonl,classic-random-12x10,classic,random-start,12x10,tf:108,tf:107,true,p1,accepted,,831907,831909495745,24
tf_phase7_policy_classic_2026-08-20,classic_12x10_g108_vs_g107.jsonl,classic-random-12x10,classic,random-start,12x10,tf:107,tf:108,false,p2,accepted,,831907,831909495746,25
tf_phase7_policy_classic_2026-08-20,classic_12x10_g108_vs_g107.jsonl,classic-random-12x10,classic,random-start,12x10,tf:108,tf:107,true,p1,accepted,,831907,831909495747,26
tf_phase7_policy_classic_2026-08-20,classic_12x10_g108_vs_g107.jsonl,classic-random-12x10,classic,random-start,12x10,tf:107,tf:108,false,p1,accepted,,831907,831909495748,27
tf_phase7_policy_classic_2026-08-20,classic_12x10_g108_vs_g107.jsonl,classic-random-12x10,classic,random-start,12x10,tf:108,tf:107,true,p1,accepted,,831907,831909495749,28
tf_phase7_policy_classic_2026-08-20,classic_12x10_g108_vs_g107.jsonl,classic-random-12x10,classic,random-start,12x10,tf:107,tf:108,false,p2,accepted,,831907,831909495750,29
tf_phase7_policy_classic_2026-08-20,classic_12x10_g108_vs_g107.jsonl,classic-random-12x10,classic,random-start,12x10,tf:108,tf:107,true,p2,accepted,,831907,831909495751,30
tf_phase7_policy_classic_2026-08-20,classic_12x10_g108_vs_g107.jsonl,classic-random-12x10,classic,random-start,12x10,tf:107,tf:108,false,p1,accepted,,831907,831909495752,31
tf_phase7_policy_classic_2026-08-20,classic_12x10_g108_vs_g107.jsonl,classic-random-12x10,classic,random-start,12x10,tf:108,tf:107,true,p2,accepted,,831907,831909495753,32
tf_phase7_policy_classic_2026-08-20,classic_12x10_g108_vs_g107.jsonl,classic-random-12x10,classic,random-start,12x10,tf:107,tf:108,false,p1,accepted,,831907,831909495754,33
tf_phase7_policy_classic_2026-08-20,classic_12x10_g108_vs_g107.jsonl,classic-random-12x10,classic,random-start,12x10,tf:108,tf:107,true,p2,accepted,,831907,831909495755,34
tf_phase7_policy_classic_2026-08-20,classic_12x10_g108_vs_g107.jsonl,classic-random-12x10,classic,random-start,12x10,tf:107,tf:108,false,p1,accepted,,831907,831909495756,35
tf_phase7_policy_classic_2026-08-20,classic_12x10_g108_vs_g107.jsonl,classic-random-12x10,classic,random-start,12x10,tf:108,tf:107,true,p1,accepted,,831907,831909495757,36
tf_phase7_policy_classic_2026-08-20,classic_12x10_g108_vs_g107.jsonl,classic-random-12x10,classic,random-start,12x10,tf:107,tf:108,false,p1,accepted,,831907,831909495758,37
tf_phase7_policy_classic_2026-08-20,classic_12x10_g108_vs_g107.jsonl,classic-random-12x10,classic,random-start,12x10,tf:108,tf:107,true,p1,accepted,,831907,831909495759,38
tf_phase7_policy_classic_2026-08-20,classic_12x10_g108_vs_g107.jsonl,classic-random-12x10,classic,random-start,12x10,tf:107,tf:108,false,p2,accepted,,831907,831909495760,39
tf_phase7_policy_classic_2026-08-20,classic_12x10_g109_vs_g103.jsonl,classic-random-12x10,classic,random-start,12x10,tf:109,tf:103,true,p2,accepted,,832003,832005496009,0
tf_phase7_policy_classic_2026-08-20,classic_12x10_g109_vs_g103.jsonl,classic-random-12x10,classic,random-start,12x10,tf:103,tf:109,false,p2,accepted,,832003,832005496010,1
tf_phase7_policy_classic_2026-08-20,classic_12x10_g109_vs_g103.jsonl,classic-random-12x10,classic,random-start,12x10,tf:109,tf:103,true,p2,accepted,,832003,832005496011,2
tf_phase7_policy_classic_2026-08-20,classic_12x10_g109_vs_g103.jsonl,classic-random-12x10,classic,random-start,12x10,tf:103,tf:109,false,p1,accepted,,832003,832005496012,3
tf_phase7_policy_classic_2026-08-20,classic_12x10_g109_vs_g103.jsonl,classic-random-12x10,classic,random-start,12x10,tf:109,tf:103,true,p2,accepted,,832003,832005496013,4
tf_phase7_policy_classic_2026-08-20,classic_12x10_g109_vs_g103.jsonl,classic-random-12x10,classic,random-start,12x10,tf:103,tf:109,false,p1,accepted,,832003,832005496014,5
tf_phase7_policy_classic_2026-08-20,classic_12x10_g109_vs_g103.jsonl,classic-random-12x10,classic,random-start,12x10,tf:109,tf:103,true,p2,accepted,,832003,832005496015,6
tf_phase7_policy_classic_2026-08-20,classic_12x10_g109_vs_g103.jsonl,classic-random-12x10,classic,random-start,12x10,tf:103,tf:109,false,p1,accepted,,832003,832005496016,7
tf_phase7_policy_classic_2026-08-20,classic_12x10_g109_vs_g103.jsonl,classic-random-12x10,classic,random-start,12x10,tf:109,tf:103,true,p1,accepted,,832003,832005496017,8
tf_phase7_policy_classic_2026-08-20,classic_12x10_g109_vs_g103.jsonl,classic-random-12x10,classic,random-start,12x10,tf:103,tf:109,false,p1,accepted,,832003,832005496018,9
tf_phase7_policy_classic_2026-08-20,classic_12x10_g109_vs_g103.jsonl,classic-random-12x10,classic,random-start,12x10,tf:109,tf:103,true,p1,accepted,,832003,832005496019,10
tf_phase7_policy_classic_2026-08-20,classic_12x10_g109_vs_g103.jsonl,classic-random-12x10,classic,random-start,12x10,tf:103,tf:109,false,p2,accepted,,832003,832005496020,11
tf_phase7_policy_classic_2026-08-20,classic_12x10_g109_vs_g103.jsonl,classic-random-12x10,classic,random-start,12x10,tf:109,tf:103,true,p2,accepted,,832003,832005496021,12
tf_phase7_policy_classic_2026-08-20,classic_12x10_g109_vs_g103.jsonl,classic-random-12x10,classic,random-start,12x10,tf:103,tf:109,false,p2,accepted,,832003,832005496022,13
tf_phase7_policy_classic_2026-08-20,classic_12x10_g109_vs_g103.jsonl,classic-random-12x10,classic,random-start,12x10,tf:109,tf:103,true,p2,accepted,,832003,832005496023,14
tf_phase7_policy_classic_2026-08-20,classic_12x10_g109_vs_g103.jsonl,classic-random-12x10,classic,random-start,12x10,tf:103,tf:109,false,p2,accepted,,832003,832005496024,15
tf_phase7_policy_classic_2026-08-20,classic_12x10_g109_vs_g103.jsonl,classic-random-12x10,classic,random-start,12x10,tf:109,tf:103,true,p1,accepted,,832003,832005496025,16
tf_phase7_policy_classic_2026-08-20,classic_12x10_g109_vs_g103.jsonl,classic-random-12x10,classic,random-start,12x10,tf:103,tf:109,false,p1,accepted,,832003,832005496026,17
tf_phase7_policy_classic_2026-08-20,classic_12x10_g109_vs_g103.jsonl,classic-random-12x10,classic,random-start,12x10,tf:109,tf:103,true,p1,accepted,,832003,832005496027,18
tf_phase7_policy_classic_2026-08-20,classic_12x10_g109_vs_g103.jsonl,classic-random-12x10,classic,random-start,12x10,tf:103,tf:109,false,p2,accepted,,832003,832005496028,19
tf_phase7_policy_classic_2026-08-20,classic_12x10_g109_vs_g103.jsonl,classic-random-12x10,classic,random-start,12x10,tf:109,tf:103,true,p1,accepted,,832003,832005496029,20
tf_phase7_policy_classic_2026-08-20,classic_12x10_g109_vs_g103.jsonl,classic-random-12x10,classic,random-start,12x10,tf:103,tf:109,false,p1,accepted,,832003,832005496030,21
tf_phase7_policy_classic_2026-08-20,classic_12x10_g109_vs_g103.jsonl,classic-random-12x10,classic,random-start,12x10,tf:109,tf:103,true,p2,accepted,,832003,832005496031,22
tf_phase7_policy_classic_2026-08-20,classic_12x10_g109_vs_g103.jsonl,classic-random-12x10,classic,random-start,12x10,tf:103,tf:109,false,p1,accepted,,832003,832005496032,23
tf_phase7_policy_classic_2026-08-20,classic_12x10_g109_vs_g103.jsonl,classic-random-12x10,classic,random-start,12x10,tf:109,tf:103,true,p2,accepted,,832003,832005496033,24
tf_phase7_policy_classic_2026-08-20,classic_12x10_g109_vs_g103.jsonl,classic-random-12x10,classic,random-start,12x10,tf:103,tf:109,false,p2,accepted,,832003,832005496034,25
tf_phase7_policy_classic_2026-08-20,classic_12x10_g109_vs_g103.jsonl,classic-random-12x10,classic,random-start,12x10,tf:109,tf:103,true,p2,accepted,,832003,832005496035,26
tf_phase7_policy_classic_2026-08-20,classic_12x10_g109_vs_g103.jsonl,classic-random-12x10,classic,random-start,12x10,tf:103,tf:109,false,p2,accepted,,832003,832005496036,27
tf_phase7_policy_classic_2026-08-20,classic_12x10_g109_vs_g103.jsonl,classic-random-12x10,classic,random-start,12x10,tf:109,tf:103,true,p2,accepted,,832003,832005496037,28
tf_phase7_policy_classic_2026-08-20,classic_12x10_g109_vs_g103.jsonl,classic-random-12x10,classic,random-start,12x10,tf:103,tf:109,false,p2,accepted,,832003,832005496038,29
tf_phase7_policy_classic_2026-08-20,classic_12x10_g109_vs_g103.jsonl,classic-random-12x10,classic,random-start,12x10,tf:109,tf:103,true,p1,accepted,,832003,832005496039,30
tf_phase7_policy_classic_2026-08-20,classic_12x10_g109_vs_g103.jsonl,classic-random-12x10,classic,random-start,12x10,tf:103,tf:109,false,p1,accepted,,832003,832005496040,31
tf_phase7_policy_classic_2026-08-20,classic_12x10_g109_vs_g103.jsonl,classic-random-12x10,classic,random-start,12x10,tf:109,tf:103,true,p1,accepted,,832003,832005496041,32
tf_phase7_policy_classic_2026-08-20,classic_12x10_g109_vs_g103.jsonl,classic-random-12x10,classic,random-start,12x10,tf:103,tf:109,false,p2,accepted,,832003,832005496042,33
tf_phase7_policy_classic_2026-08-20,classic_12x10_g109_vs_g103.jsonl,classic-random-12x10,classic,random-start,12x10,tf:109,tf:103,true,p1,accepted,,832003,832005496043,34
tf_phase7_policy_classic_2026-08-20,classic_12x10_g109_vs_g103.jsonl,classic-random-12x10,classic,random-start,12x10,tf:103,tf:109,false,p2,accepted,,832003,832005496044,35
tf_phase7_policy_classic_2026-08-20,classic_12x10_g109_vs_g103.jsonl,classic-random-12x10,classic,random-start,12x10,tf:109,tf:103,true,p2,accepted,,832003,832005496045,36
tf_phase7_policy_classic_2026-08-20,classic_12x10_g109_vs_g103.jsonl,classic-random-12x10,classic,random-start,12x10,tf:103,tf:109,false,p2,accepted,,832003,832005496046,37
tf_phase7_policy_classic_2026-08-20,classic_12x10_g109_vs_g103.jsonl,classic-random-12x10,classic,random-start,12x10,tf:109,tf:103,true,p1,accepted,,832003,832005496047,38
tf_phase7_policy_classic_2026-08-20,classic_12x10_g109_vs_g103.jsonl,classic-random-12x10,classic,random-start,12x10,tf:103,tf:109,false,p2,accepted,,832003,832005496048,39
tf_phase7_policy_classic_2026-08-20,classic_12x10_g109_vs_g106.jsonl,classic-random-12x10,classic,random-start,12x10,tf:109,tf:106,true,p1,accepted,,832006,832008496018,0
tf_phase7_policy_classic_2026-08-20,classic_12x10_g109_vs_g106.jsonl,classic-random-12x10,classic,random-start,12x10,tf:106,tf:109,false,p2,accepted,,832006,832008496019,1
tf_phase7_policy_classic_2026-08-20,classic_12x10_g109_vs_g106.jsonl,classic-random-12x10,classic,random-start,12x10,tf:109,tf:106,true,p1,accepted,,832006,832008496020,2
tf_phase7_policy_classic_2026-08-20,classic_12x10_g109_vs_g106.jsonl,classic-random-12x10,classic,random-start,12x10,tf:106,tf:109,false,p1,accepted,,832006,832008496021,3
tf_phase7_policy_classic_2026-08-20,classic_12x10_g109_vs_g106.jsonl,classic-random-12x10,classic,random-start,12x10,tf:109,tf:106,true,p1,accepted,,832006,832008496022,4
tf_phase7_policy_classic_2026-08-20,classic_12x10_g109_vs_g106.jsonl,classic-random-12x10,classic,random-start,12x10,tf:106,tf:109,false,p2,accepted,,832006,832008496023,5
tf_phase7_policy_classic_2026-08-20,classic_12x10_g109_vs_g106.jsonl,classic-random-12x10,classic,random-start,12x10,tf:109,tf:106,true,p1,accepted,,832006,832008496024,6
tf_phase7_policy_classic_2026-08-20,classic_12x10_g109_vs_g106.jsonl,classic-random-12x10,classic,random-start,12x10,tf:106,tf:109,false,p1,accepted,,832006,832008496025,7
tf_phase7_policy_classic_2026-08-20,classic_12x10_g109_vs_g106.jsonl,classic-random-12x10,classic,random-start,12x10,tf:109,tf:106,true,p2,accepted,,832006,832008496026,8
tf_phase7_policy_classic_2026-08-20,classic_12x10_g109_vs_g106.jsonl,classic-random-12x10,classic,random-start,12x10,tf:106,tf:109,false,p2,accepted,,832006,832008496027,9
tf_phase7_policy_classic_2026-08-20,classic_12x10_g109_vs_g106.jsonl,classic-random-12x10,classic,random-start,12x10,tf:109,tf:106,true,p1,accepted,,832006,832008496028,10
tf_phase7_policy_classic_2026-08-20,classic_12x10_g109_vs_g106.jsonl,classic-random-12x10,classic,random-start,12x10,tf:106,tf:109,false,p2,accepted,,832006,832008496029,11
tf_phase7_policy_classic_2026-08-20,classic_12x10_g109_vs_g106.jsonl,classic-random-12x10,classic,random-start,12x10,tf:109,tf:106,true,p1,accepted,,832006,832008496030,12
tf_phase7_policy_classic_2026-08-20,classic_12x10_g109_vs_g106.jsonl,classic-random-12x10,classic,random-start,12x10,tf:106,tf:109,false,p1,accepted,,832006,832008496031,13
tf_phase7_policy_classic_2026-08-20,classic_12x10_g109_vs_g106.jsonl,classic-random-12x10,classic,random-start,12x10,tf:109,tf:106,true,p2,accepted,,832006,832008496032,14
tf_phase7_policy_classic_2026-08-20,classic_12x10_g109_vs_g106.jsonl,classic-random-12x10,classic,random-start,12x10,tf:106,tf:109,false,p2,accepted,,832006,832008496033,15
tf_phase7_policy_classic_2026-08-20,classic_12x10_g109_vs_g106.jsonl,classic-random-12x10,classic,random-start,12x10,tf:109,tf:106,true,p1,accepted,,832006,832008496034,16
tf_phase7_policy_classic_2026-08-20,classic_12x10_g109_vs_g106.jsonl,classic-random-12x10,classic,random-start,12x10,tf:106,tf:109,false,p1,accepted,,832006,832008496035,17
tf_phase7_policy_classic_2026-08-20,classic_12x10_g109_vs_g106.jsonl,classic-random-12x10,classic,random-start,12x10,tf:109,tf:106,true,p2,accepted,,832006,832008496036,18
tf_phase7_policy_classic_2026-08-20,classic_12x10_g109_vs_g106.jsonl,classic-random-12x10,classic,random-start,12x10,tf:106,tf:109,false,p1,accepted,,832006,832008496037,19
tf_phase7_policy_classic_2026-08-20,classic_12x10_g109_vs_g106.jsonl,classic-random-12x10,classic,random-start,12x10,tf:109,tf:106,true,p1,accepted,,832006,832008496038,20
tf_phase7_policy_classic_2026-08-20,classic_12x10_g109_vs_g106.jsonl,classic-random-12x10,classic,random-start,12x10,tf:106,tf:109,false,p2,accepted,,832006,832008496039,21
tf_phase7_policy_classic_2026-08-20,classic_12x10_g109_vs_g106.jsonl,classic-random-12x10,classic,random-start,12x10,tf:109,tf:106,true,p2,accepted,,832006,832008496040,22
tf_phase7_policy_classic_2026-08-20,classic_12x10_g109_vs_g106.jsonl,classic-random-12x10,classic,random-start,12x10,tf:106,tf:109,false,p2,accepted,,832006,832008496041,23
tf_phase7_policy_classic_2026-08-20,classic_12x10_g109_vs_g106.jsonl,classic-random-12x10,classic,random-start,12x10,tf:109,tf:106,true,p2,accepted,,832006,832008496042,24
tf_phase7_policy_classic_2026-08-20,classic_12x10_g109_vs_g106.jsonl,classic-random-12x10,classic,random-start,12x10,tf:106,tf:109,false,p1,accepted,,832006,832008496043,25
tf_phase7_policy_classic_2026-08-20,classic_12x10_g109_vs_g106.jsonl,classic-random-12x10,classic,random-start,12x10,tf:109,tf:106,true,p1,accepted,,832006,832008496044,26
tf_phase7_policy_classic_2026-08-20,classic_12x10_g109_vs_g106.jsonl,classic-random-12x10,classic,random-start,12x10,tf:106,tf:109,false,p1,accepted,,832006,832008496045,27
tf_phase7_policy_classic_2026-08-20,classic_12x10_g109_vs_g106.jsonl,classic-random-12x10,classic,random-start,12x10,tf:109,tf:106,true,p1,accepted,,832006,832008496046,28
tf_phase7_policy_classic_2026-08-20,classic_12x10_g109_vs_g106.jsonl,classic-random-12x10,classic,random-start,12x10,tf:106,tf:109,false,p2,accepted,,832006,832008496047,29
tf_phase7_policy_classic_2026-08-20,classic_12x10_g109_vs_g106.jsonl,classic-random-12x10,classic,random-start,12x10,tf:109,tf:106,true,p2,accepted,,832006,832008496048,30
tf_phase7_policy_classic_2026-08-20,classic_12x10_g109_vs_g106.jsonl,classic-random-12x10,classic,random-start,12x10,tf:106,tf:109,false,p1,accepted,,832006,832008496049,31
tf_phase7_policy_classic_2026-08-20,classic_12x10_g109_vs_g106.jsonl,classic-random-12x10,classic,random-start,12x10,tf:109,tf:106,true,p1,accepted,,832006,832008496050,32
tf_phase7_policy_classic_2026-08-20,classic_12x10_g109_vs_g106.jsonl,classic-random-12x10,classic,random-start,12x10,tf:106,tf:109,false,p2,accepted,,832006,832008496051,33
tf_phase7_policy_classic_2026-08-20,classic_12x10_g109_vs_g106.jsonl,classic-random-12x10,classic,random-start,12x10,tf:109,tf:106,true,p2,accepted,,832006,832008496052,34
tf_phase7_policy_classic_2026-08-20,classic_12x10_g109_vs_g106.jsonl,classic-random-12x10,classic,random-start,12x10,tf:106,tf:109,false,p1,accepted,,832006,832008496053,35
tf_phase7_policy_classic_2026-08-20,classic_12x10_g109_vs_g106.jsonl,classic-random-12x10,classic,random-start,12x10,tf:109,tf:106,true,p1,accepted,,832006,832008496054,36
tf_phase7_policy_classic_2026-08-20,classic_12x10_g109_vs_g106.jsonl,classic-random-12x10,classic,random-start,12x10,tf:106,tf:109,false,p1,accepted,,832006,832008496055,37
tf_phase7_policy_classic_2026-08-20,classic_12x10_g109_vs_g106.jsonl,classic-random-12x10,classic,random-start,12x10,tf:109,tf:106,true,p2,accepted,,832006,832008496056,38
tf_phase7_policy_classic_2026-08-20,classic_12x10_g109_vs_g106.jsonl,classic-random-12x10,classic,random-start,12x10,tf:106,tf:109,false,p2,accepted,,832006,832008496057,39
tf_phase7_policy_classic_2026-08-20,classic_12x10_g109_vs_g108.jsonl,classic-random-12x10,classic,random-start,12x10,tf:109,tf:108,true,p2,accepted,,832008,832010496024,0
tf_phase7_policy_classic_2026-08-20,classic_12x10_g109_vs_g108.jsonl,classic-random-12x10,classic,random-start,12x10,tf:108,tf:109,false,p2,accepted,,832008,832010496025,1
tf_phase7_policy_classic_2026-08-20,classic_12x10_g109_vs_g108.jsonl,classic-random-12x10,classic,random-start,12x10,tf:109,tf:108,true,p1,accepted,,832008,832010496026,2
tf_phase7_policy_classic_2026-08-20,classic_12x10_g109_vs_g108.jsonl,classic-random-12x10,classic,random-start,12x10,tf:108,tf:109,false,p2,accepted,,832008,832010496027,3
tf_phase7_policy_classic_2026-08-20,classic_12x10_g109_vs_g108.jsonl,classic-random-12x10,classic,random-start,12x10,tf:109,tf:108,true,p2,accepted,,832008,832010496028,4
tf_phase7_policy_classic_2026-08-20,classic_12x10_g109_vs_g108.jsonl,classic-random-12x10,classic,random-start,12x10,tf:108,tf:109,false,p2,accepted,,832008,832010496029,5
tf_phase7_policy_classic_2026-08-20,classic_12x10_g109_vs_g108.jsonl,classic-random-12x10,classic,random-start,12x10,tf:109,tf:108,true,p2,accepted,,832008,832010496030,6
tf_phase7_policy_classic_2026-08-20,classic_12x10_g109_vs_g108.jsonl,classic-random-12x10,classic,random-start,12x10,tf:108,tf:109,false,p1,accepted,,832008,832010496031,7
tf_phase7_policy_classic_2026-08-20,classic_12x10_g109_vs_g108.jsonl,classic-random-12x10,classic,random-start,12x10,tf:109,tf:108,true,p1,accepted,,832008,832010496032,8
tf_phase7_policy_classic_2026-08-20,classic_12x10_g109_vs_g108.jsonl,classic-random-12x10,classic,random-start,12x10,tf:108,tf:109,false,p1,accepted,,832008,832010496033,9
tf_phase7_policy_classic_2026-08-20,classic_12x10_g109_vs_g108.jsonl,classic-random-12x10,classic,random-start,12x10,tf:109,tf:108,true,p1,accepted,,832008,832010496034,10
tf_phase7_policy_classic_2026-08-20,classic_12x10_g109_vs_g108.jsonl,classic-random-12x10,classic,random-start,12x10,tf:108,tf:109,false,p2,accepted,,832008,832010496035,11
tf_phase7_policy_classic_2026-08-20,classic_12x10_g109_vs_g108.jsonl,classic-random-12x10,classic,random-start,12x10,tf:109,tf:108,true,p2,accepted,,832008,832010496036,12
tf_phase7_policy_classic_2026-08-20,classic_12x10_g109_vs_g108.jsonl,classic-random-12x10,classic,random-start,12x10,tf:108,tf:109,false,p2,accepted,,832008,832010496037,13
tf_phase7_policy_classic_2026-08-20,classic_12x10_g109_vs_g108.jsonl,classic-random-12x10,classic,random-start,12x10,tf:109,tf:108,true,p1,accepted,,832008,832010496038,14
tf_phase7_policy_classic_2026-08-20,classic_12x10_g109_vs_g108.jsonl,classic-random-12x10,classic,random-start,12x10,tf:108,tf:109,false,p2,accepted,,832008,832010496039,15
tf_phase7_policy_classic_2026-08-20,classic_12x10_g109_vs_g108.jsonl,classic-random-12x10,classic,random-start,12x10,tf:109,tf:108,true,p1,accepted,,832008,832010496040,16
tf_phase7_policy_classic_2026-08-20,classic_12x10_g109_vs_g108.jsonl,classic-random-12x10,classic,random-start,12x10,tf:108,tf:109,false,p2,accepted,,832008,832010496041,17
tf_phase7_policy_classic_2026-08-20,classic_12x10_g109_vs_g108.jsonl,classic-random-12x10,classic,random-start,12x10,tf:109,tf:108,true,p2,accepted,,832008,832010496042,18
tf_phase7_policy_classic_2026-08-20,classic_12x10_g109_vs_g108.jsonl,classic-random-12x10,classic,random-start,12x10,tf:108,tf:109,false,p2,accepted,,832008,832010496043,19
tf_phase7_policy_classic_2026-08-20,classic_12x10_g109_vs_g108.jsonl,classic-random-12x10,classic,random-start,12x10,tf:109,tf:108,true,p2,accepted,,832008,832010496044,20
tf_phase7_policy_classic_2026-08-20,classic_12x10_g109_vs_g108.jsonl,classic-random-12x10,classic,random-start,12x10,tf:108,tf:109,false,p2,accepted,,832008,832010496045,21
tf_phase7_policy_classic_2026-08-20,classic_12x10_g109_vs_g108.jsonl,classic-random-12x10,classic,random-start,12x10,tf:109,tf:108,true,p2,accepted,,832008,832010496046,22
tf_phase7_policy_classic_2026-08-20,classic_12x10_g109_vs_g108.jsonl,classic-random-12x10,classic,random-start,12x10,tf:108,tf:109,false,p1,accepted,,832008,832010496047,23
tf_phase7_policy_classic_2026-08-20,classic_12x10_g109_vs_g108.jsonl,classic-random-12x10,classic,random-start,12x10,tf:109,tf:108,true,p1,accepted,,832008,832010496048,24
tf_phase7_policy_classic_2026-08-20,classic_12x10_g109_vs_g108.jsonl,classic-random-12x10,classic,random-start,12x10,tf:108,tf:109,false,p1,accepted,,832008,832010496049,25
tf_phase7_policy_classic_2026-08-20,classic_12x10_g109_vs_g108.jsonl,classic-random-12x10,classic,random-start,12x10,tf:109,tf:108,true,p2,accepted,,832008,832010496050,26
tf_phase7_policy_classic_2026-08-20,classic_12x10_g109_vs_g108.jsonl,classic-random-12x10,classic,random-start,12x10,tf:108,tf:109,false,p1,accepted,,832008,832010496051,27
tf_phase7_policy_classic_2026-08-20,classic_12x10_g109_vs_g108.jsonl,classic-random-12x10,classic,random-start,12x10,tf:109,tf:108,true,p2,accepted,,832008,832010496052,28
tf_phase7_policy_classic_2026-08-20,classic_12x10_g109_vs_g108.jsonl,classic-random-12x10,classic,random-start,12x10,tf:108,tf:109,false,p1,accepted,,832008,832010496053,29
tf_phase7_policy_classic_2026-08-20,classic_12x10_g109_vs_g108.jsonl,classic-random-12x10,classic,random-start,12x10,tf:109,tf:108,true,p1,accepted,,832008,832010496054,30
tf_phase7_policy_classic_2026-08-20,classic_12x10_g109_vs_g108.jsonl,classic-random-12x10,classic,random-start,12x10,tf:108,tf:109,false,p2,accepted,,832008,832010496055,31
tf_phase7_policy_classic_2026-08-20,classic_12x10_g109_vs_g108.jsonl,classic-random-12x10,classic,random-start,12x10,tf:109,tf:108,true,p1,accepted,,832008,832010496056,32
tf_phase7_policy_classic_2026-08-20,classic_12x10_g109_vs_g108.jsonl,classic-random-12x10,classic,random-start,12x10,tf:108,tf:109,false,p2,accepted,,832008,832010496057,33
tf_phase7_policy_classic_2026-08-20,classic_12x10_g109_vs_g108.jsonl,classic-random-12x10,classic,random-start,12x10,tf:109,tf:108,true,p2,accepted,,832008,832010496058,34
tf_phase7_policy_classic_2026-08-20,classic_12x10_g109_vs_g108.jsonl,classic-random-12x10,classic,random-start,12x10,tf:108,tf:109,false,p2,accepted,,832008,832010496059,35
tf_phase7_policy_classic_2026-08-20,classic_12x10_g109_vs_g108.jsonl,classic-random-12x10,classic,random-start,12x10,tf:109,tf:108,true,p1,accepted,,832008,832010496060,36
tf_phase7_policy_classic_2026-08-20,classic_12x10_g109_vs_g108.jsonl,classic-random-12x10,classic,random-start,12x10,tf:108,tf:109,false,p1,accepted,,832008,832010496061,37
tf_phase7_policy_classic_2026-08-20,classic_12x10_g109_vs_g108.jsonl,classic-random-12x10,classic,random-start,12x10,tf:109,tf:108,true,p1,accepted,,832008,832010496062,38
tf_phase7_policy_classic_2026-08-20,classic_12x10_g109_vs_g108.jsonl,classic-random-12x10,classic,random-start,12x10,tf:108,tf:109,false,p1,accepted,,832008,832010496063,39
tf_phase7_policy_classic_2026-08-20,classic_12x10_g110_vs_g104.jsonl,classic-random-12x10,classic,random-start,12x10,tf:110,tf:104,true,p2,accepted,,832104,832106496312,0
tf_phase7_policy_classic_2026-08-20,classic_12x10_g110_vs_g104.jsonl,classic-random-12x10,classic,random-start,12x10,tf:104,tf:110,false,p1,accepted,,832104,832106496313,1
tf_phase7_policy_classic_2026-08-20,classic_12x10_g110_vs_g104.jsonl,classic-random-12x10,classic,random-start,12x10,tf:110,tf:104,true,p1,accepted,,832104,832106496314,2
tf_phase7_policy_classic_2026-08-20,classic_12x10_g110_vs_g104.jsonl,classic-random-12x10,classic,random-start,12x10,tf:104,tf:110,false,p1,accepted,,832104,832106496315,3
tf_phase7_policy_classic_2026-08-20,classic_12x10_g110_vs_g104.jsonl,classic-random-12x10,classic,random-start,12x10,tf:110,tf:104,true,p1,accepted,,832104,832106496316,4
tf_phase7_policy_classic_2026-08-20,classic_12x10_g110_vs_g104.jsonl,classic-random-12x10,classic,random-start,12x10,tf:104,tf:110,false,p1,accepted,,832104,832106496317,5
tf_phase7_policy_classic_2026-08-20,classic_12x10_g110_vs_g104.jsonl,classic-random-12x10,classic,random-start,12x10,tf:110,tf:104,true,p1,accepted,,832104,832106496318,6
tf_phase7_policy_classic_2026-08-20,classic_12x10_g110_vs_g104.jsonl,classic-random-12x10,classic,random-start,12x10,tf:104,tf:110,false,p2,accepted,,832104,832106496319,7
tf_phase7_policy_classic_2026-08-20,classic_12x10_g110_vs_g104.jsonl,classic-random-12x10,classic,random-start,12x10,tf:110,tf:104,true,p1,accepted,,832104,832106496320,8
tf_phase7_policy_classic_2026-08-20,classic_12x10_g110_vs_g104.jsonl,classic-random-12x10,classic,random-start,12x10,tf:104,tf:110,false,p2,accepted,,832104,832106496321,9
tf_phase7_policy_classic_2026-08-20,classic_12x10_g110_vs_g104.jsonl,classic-random-12x10,classic,random-start,12x10,tf:110,tf:104,true,p1,accepted,,832104,832106496322,10
tf_phase7_policy_classic_2026-08-20,classic_12x10_g110_vs_g104.jsonl,classic-random-12x10,classic,random-start,12x10,tf:104,tf:110,false,p1,accepted,,832104,832106496323,11
tf_phase7_policy_classic_2026-08-20,classic_12x10_g110_vs_g104.jsonl,classic-random-12x10,classic,random-start,12x10,tf:110,tf:104,true,p2,accepted,,832104,832106496324,12
tf_phase7_policy_classic_2026-08-20,classic_12x10_g110_vs_g104.jsonl,classic-random-12x10,classic,random-start,12x10,tf:104,tf:110,false,p2,accepted,,832104,832106496325,13
tf_phase7_policy_classic_2026-08-20,classic_12x10_g110_vs_g104.jsonl,classic-random-12x10,classic,random-start,12x10,tf:110,tf:104,true,p2,accepted,,832104,832106496326,14
tf_phase7_policy_classic_2026-08-20,classic_12x10_g110_vs_g104.jsonl,classic-random-12x10,classic,random-start,12x10,tf:104,tf:110,false,p1,accepted,,832104,832106496327,15
tf_phase7_policy_classic_2026-08-20,classic_12x10_g110_vs_g104.jsonl,classic-random-12x10,classic,random-start,12x10,tf:110,tf:104,true,p2,accepted,,832104,832106496328,16
tf_phase7_policy_classic_2026-08-20,classic_12x10_g110_vs_g104.jsonl,classic-random-12x10,classic,random-start,12x10,tf:104,tf:110,false,p2,accepted,,832104,832106496329,17
tf_phase7_policy_classic_2026-08-20,classic_12x10_g110_vs_g104.jsonl,classic-random-12x10,classic,random-start,12x10,tf:110,tf:104,true,p2,accepted,,832104,832106496330,18
tf_phase7_policy_classic_2026-08-20,classic_12x10_g110_vs_g104.jsonl,classic-random-12x10,classic,random-start,12x10,tf:104,tf:110,false,p2,accepted,,832104,832106496331,19
tf_phase7_policy_classic_2026-08-20,classic_12x10_g110_vs_g104.jsonl,classic-random-12x10,classic,random-start,12x10,tf:110,tf:104,true,p1,accepted,,832104,832106496332,20
tf_phase7_policy_classic_2026-08-20,classic_12x10_g110_vs_g104.jsonl,classic-random-12x10,classic,random-start,12x10,tf:104,tf:110,false,p2,accepted,,832104,832106496333,21
tf_phase7_policy_classic_2026-08-20,classic_12x10_g110_vs_g104.jsonl,classic-random-12x10,classic,random-start,12x10,tf:110,tf:104,true,p1,accepted,,832104,832106496334,22
tf_phase7_policy_classic_2026-08-20,classic_12x10_g110_vs_g104.jsonl,classic-random-12x10,classic,random-start,12x10,tf:104,tf:110,false,p2,accepted,,832104,832106496335,23
tf_phase7_policy_classic_2026-08-20,classic_12x10_g110_vs_g104.jsonl,classic-random-12x10,classic,random-start,12x10,tf:110,tf:104,true,p2,accepted,,832104,832106496336,24
tf_phase7_policy_classic_2026-08-20,classic_12x10_g110_vs_g104.jsonl,classic-random-12x10,classic,random-start,12x10,tf:104,tf:110,false,p1,accepted,,832104,832106496337,25
tf_phase7_policy_classic_2026-08-20,classic_12x10_g110_vs_g104.jsonl,classic-random-12x10,classic,random-start,12x10,tf:110,tf:104,true,p1,accepted,,832104,832106496338,26
tf_phase7_policy_classic_2026-08-20,classic_12x10_g110_vs_g104.jsonl,classic-random-12x10,classic,random-start,12x10,tf:104,tf:110,false,p1,accepted,,832104,832106496339,27
tf_phase7_policy_classic_2026-08-20,classic_12x10_g110_vs_g104.jsonl,classic-random-12x10,classic,random-start,12x10,tf:110,tf:104,true,p1,accepted,,832104,832106496340,28
tf_phase7_policy_classic_2026-08-20,classic_12x10_g110_vs_g104.jsonl,classic-random-12x10,classic,random-start,12x10,tf:104,tf:110,false,p1,accepted,,832104,832106496341,29
tf_phase7_policy_classic_2026-08-20,classic_12x10_g110_vs_g104.jsonl,classic-random-12x10,classic,random-start,12x10,tf:110,tf:104,true,p1,accepted,,832104,832106496342,30
tf_phase7_policy_classic_2026-08-20,classic_12x10_g110_vs_g104.jsonl,classic-random-12x10,classic,random-start,12x10,tf:104,tf:110,false,p2,accepted,,832104,832106496343,31
tf_phase7_policy_classic_2026-08-20,classic_12x10_g110_vs_g104.jsonl,classic-random-12x10,classic,random-start,12x10,tf:110,tf:104,true,p1,accepted,,832104,832106496344,32
tf_phase7_policy_classic_2026-08-20,classic_12x10_g110_vs_g104.jsonl,classic-random-12x10,classic,random-start,12x10,tf:104,tf:110,false,p2,accepted,,832104,832106496345,33
tf_phase7_policy_classic_2026-08-20,classic_12x10_g110_vs_g104.jsonl,classic-random-12x10,classic,random-start,12x10,tf:110,tf:104,true,p1,accepted,,832104,832106496346,34
tf_phase7_policy_classic_2026-08-20,classic_12x10_g110_vs_g104.jsonl,classic-random-12x10,classic,random-start,12x10,tf:104,tf:110,false,p1,accepted,,832104,832106496347,35
tf_phase7_policy_classic_2026-08-20,classic_12x10_g110_vs_g104.jsonl,classic-random-12x10,classic,random-start,12x10,tf:110,tf:104,true,p2,accepted,,832104,832106496348,36
tf_phase7_policy_classic_2026-08-20,classic_12x10_g110_vs_g104.jsonl,classic-random-12x10,classic,random-start,12x10,tf:104,tf:110,false,p1,accepted,,832104,832106496349,37
tf_phase7_policy_classic_2026-08-20,classic_12x10_g110_vs_g104.jsonl,classic-random-12x10,classic,random-start,12x10,tf:110,tf:104,true,p1,accepted,,832104,832106496350,38
tf_phase7_policy_classic_2026-08-20,classic_12x10_g110_vs_g104.jsonl,classic-random-12x10,classic,random-start,12x10,tf:104,tf:110,false,p1,accepted,,832104,832106496351,39
tf_phase7_policy_classic_2026-08-20,classic_12x10_g110_vs_g107.jsonl,classic-random-12x10,classic,random-start,12x10,tf:110,tf:107,true,p1,accepted,,832107,832109496321,0
tf_phase7_policy_classic_2026-08-20,classic_12x10_g110_vs_g107.jsonl,classic-random-12x10,classic,random-start,12x10,tf:107,tf:110,false,p1,accepted,,832107,832109496322,1
tf_phase7_policy_classic_2026-08-20,classic_12x10_g110_vs_g107.jsonl,classic-random-12x10,classic,random-start,12x10,tf:110,tf:107,true,p1,accepted,,832107,832109496323,2
tf_phase7_policy_classic_2026-08-20,classic_12x10_g110_vs_g107.jsonl,classic-random-12x10,classic,random-start,12x10,tf:107,tf:110,false,p1,accepted,,832107,832109496324,3
tf_phase7_policy_classic_2026-08-20,classic_12x10_g110_vs_g107.jsonl,classic-random-12x10,classic,random-start,12x10,tf:110,tf:107,true,p2,accepted,,832107,832109496325,4
tf_phase7_policy_classic_2026-08-20,classic_12x10_g110_vs_g107.jsonl,classic-random-12x10,classic,random-start,12x10,tf:107,tf:110,false,p2,accepted,,832107,832109496326,5
tf_phase7_policy_classic_2026-08-20,classic_12x10_g110_vs_g107.jsonl,classic-random-12x10,classic,random-start,12x10,tf:110,tf:107,true,p2,accepted,,832107,832109496327,6
tf_phase7_policy_classic_2026-08-20,classic_12x10_g110_vs_g107.jsonl,classic-random-12x10,classic,random-start,12x10,tf:107,tf:110,false,p1,accepted,,832107,832109496328,7
tf_phase7_policy_classic_2026-08-20,classic_12x10_g110_vs_g107.jsonl,classic-random-12x10,classic,random-start,12x10,tf:110,tf:107,true,p1,accepted,,832107,832109496329,8
tf_phase7_policy_classic_2026-08-20,classic_12x10_g110_vs_g107.jsonl,classic-random-12x10,classic,random-start,12x10,tf:107,tf:110,false,p1,accepted,,832107,832109496330,9
tf_phase7_policy_classic_2026-08-20,classic_12x10_g110_vs_g107.jsonl,classic-random-12x10,classic,random-start,12x10,tf:110,tf:107,true,p1,accepted,,832107,832109496331,10
tf_phase7_policy_classic_2026-08-20,classic_12x10_g110_vs_g107.jsonl,classic-random-12x10,classic,random-start,12x10,tf:107,tf:110,false,p2,accepted,,832107,832109496332,11
tf_phase7_policy_classic_2026-08-20,classic_12x10_g110_vs_g107.jsonl,classic-random-12x10,classic,random-start,12x10,tf:110,tf:107,true,p1,accepted,,832107,832109496333,12
tf_phase7_policy_classic_2026-08-20,classic_12x10_g110_vs_g107.jsonl,classic-random-12x10,classic,random-start,12x10,tf:107,tf:110,false,p1,accepted,,832107,832109496334,13
tf_phase7_policy_classic_2026-08-20,classic_12x10_g110_vs_g107.jsonl,classic-random-12x10,classic,random-start,12x10,tf:110,tf:107,true,p1,accepted,,832107,832109496335,14
tf_phase7_policy_classic_2026-08-20,classic_12x10_g110_vs_g107.jsonl,classic-random-12x10,classic,random-start,12x10,tf:107,tf:110,false,p1,accepted,,832107,832109496336,15
tf_phase7_policy_classic_2026-08-20,classic_12x10_g110_vs_g107.jsonl,classic-random-12x10,classic,random-start,12x10,tf:110,tf:107,true,p2,accepted,,832107,832109496337,16
tf_phase7_policy_classic_2026-08-20,classic_12x10_g110_vs_g107.jsonl,classic-random-12x10,classic,random-start,12x10,tf:107,tf:110,false,p2,accepted,,832107,832109496338,17
tf_phase7_policy_classic_2026-08-20,classic_12x10_g110_vs_g107.jsonl,classic-random-12x10,classic,random-start,12x10,tf:110,tf:107,true,p2,accepted,,832107,832109496339,18
tf_phase7_policy_classic_2026-08-20,classic_12x10_g110_vs_g107.jsonl,classic-random-12x10,classic,random-start,12x10,tf:107,tf:110,false,p1,accepted,,832107,832109496340,19
tf_phase7_policy_classic_2026-08-20,classic_12x10_g110_vs_g107.jsonl,classic-random-12x10,classic,random-start,12x10,tf:110,tf:107,true,p2,accepted,,832107,832109496341,20
tf_phase7_policy_classic_2026-08-20,classic_12x10_g110_vs_g107.jsonl,classic-random-12x10,classic,random-start,12x10,tf:107,tf:110,false,p1,accepted,,832107,832109496342,21
tf_phase7_policy_classic_2026-08-20,classic_12x10_g110_vs_g107.jsonl,classic-random-12x10,classic,random-start,12x10,tf:110,tf:107,true,p1,accepted,,832107,832109496343,22
tf_phase7_policy_classic_2026-08-20,classic_12x10_g110_vs_g107.jsonl,classic-random-12x10,classic,random-start,12x10,tf:107,tf:110,false,p1,accepted,,832107,832109496344,23
tf_phase7_policy_classic_2026-08-20,classic_12x10_g110_vs_g107.jsonl,classic-random-12x10,classic,random-start,12x10,tf:110,tf:107,true,p1,accepted,,832107,832109496345,24
tf_phase7_policy_classic_2026-08-20,classic_12x10_g110_vs_g107.jsonl,classic-random-12x10,classic,random-start,12x10,tf:107,tf:110,false,p1,accepted,,832107,832109496346,25
tf_phase7_policy_classic_2026-08-20,classic_12x10_g110_vs_g107.jsonl,classic-random-12x10,classic,random-start,12x10,tf:110,tf:107,true,p1,accepted,,832107,832109496347,26
tf_phase7_policy_classic_2026-08-20,classic_12x10_g110_vs_g107.jsonl,classic-random-12x10,classic,random-start,12x10,tf:107,tf:110,false,p1,accepted,,832107,832109496348,27
tf_phase7_policy_classic_2026-08-20,classic_12x10_g110_vs_g107.jsonl,classic-random-12x10,classic,random-start,12x10,tf:110,tf:107,true,p2,accepted,,832107,832109496349,28
tf_phase7_policy_classic_2026-08-20,classic_12x10_g110_vs_g107.jsonl,classic-random-12x10,classic,random-start,12x10,tf:107,tf:110,false,p1,accepted,,832107,832109496350,29
tf_phase7_policy_classic_2026-08-20,classic_12x10_g110_vs_g107.jsonl,classic-random-12x10,classic,random-start,12x10,tf:110,tf:107,true,p2,accepted,,832107,832109496351,30
tf_phase7_policy_classic_2026-08-20,classic_12x10_g110_vs_g107.jsonl,classic-random-12x10,classic,random-start,12x10,tf:107,tf:110,false,p2,accepted,,832107,832109496352,31
tf_phase7_policy_classic_2026-08-20,classic_12x10_g110_vs_g107.jsonl,classic-random-12x10,classic,random-start,12x10,tf:110,tf:107,true,p2,accepted,,832107,832109496353,32
tf_phase7_policy_classic_2026-08-20,classic_12x10_g110_vs_g107.jsonl,classic-random-12x10,classic,random-start,12x10,tf:107,tf:110,false,p1,accepted,,832107,832109496354,33
tf_phase7_policy_classic_2026-08-20,classic_12x10_g110_vs_g107.jsonl,classic-random-12x10,classic,random-start,12x10,tf:110,tf:107,true,p1,accepted,,832107,832109496355,34
tf_phase7_policy_classic_2026-08-20,classic_12x10_g110_vs_g107.jsonl,classic-random-12x10,classic,random-start,12x10,tf:107,tf:110,false,p2,accepted,,832107,832109496356,35
tf_phase7_policy_classic_2026-08-20,classic_12x10_g110_vs_g107.jsonl,classic-random-12x10,classic,random-start,12x10,tf:110,tf:107,true,p1,accepted,,832107,832109496357,36
tf_phase7_policy_classic_2026-08-20,classic_12x10_g110_vs_g107.jsonl,classic-random-12x10,classic,random-start,12x10,tf:107,tf:110,false,p1,accepted,,832107,832109496358,37
tf_phase7_policy_classic_2026-08-20,classic_12x10_g110_vs_g107.jsonl,classic-random-12x10,classic,random-start,12x10,tf:110,tf:107,true,p1,accepted,,832107,832109496359,38
tf_phase7_policy_classic_2026-08-20,classic_12x10_g110_vs_g107.jsonl,classic-random-12x10,classic,random-start,12x10,tf:107,tf:110,false,p2,accepted,,832107,832109496360,39
tf_phase7_policy_classic_2026-08-20,classic_12x10_g110_vs_g109.jsonl,classic-random-12x10,classic,random-start,12x10,tf:110,tf:109,true,p2,accepted,,832109,832111496327,0
tf_phase7_policy_classic_2026-08-20,classic_12x10_g110_vs_g109.jsonl,classic-random-12x10,classic,random-start,12x10,tf:109,tf:110,false,p1,accepted,,832109,832111496328,1
tf_phase7_policy_classic_2026-08-20,classic_12x10_g110_vs_g109.jsonl,classic-random-12x10,classic,random-start,12x10,tf:110,tf:109,true,p2,accepted,,832109,832111496329,2
tf_phase7_policy_classic_2026-08-20,classic_12x10_g110_vs_g109.jsonl,classic-random-12x10,classic,random-start,12x10,tf:109,tf:110,false,p2,accepted,,832109,832111496330,3
tf_phase7_policy_classic_2026-08-20,classic_12x10_g110_vs_g109.jsonl,classic-random-12x10,classic,random-start,12x10,tf:110,tf:109,true,p2,accepted,,832109,832111496331,4
tf_phase7_policy_classic_2026-08-20,classic_12x10_g110_vs_g109.jsonl,classic-random-12x10,classic,random-start,12x10,tf:109,tf:110,false,p1,accepted,,832109,832111496332,5
tf_phase7_policy_classic_2026-08-20,classic_12x10_g110_vs_g109.jsonl,classic-random-12x10,classic,random-start,12x10,tf:110,tf:109,true,p2,accepted,,832109,832111496333,6
tf_phase7_policy_classic_2026-08-20,classic_12x10_g110_vs_g109.jsonl,classic-random-12x10,classic,random-start,12x10,tf:109,tf:110,false,p1,accepted,,832109,832111496334,7
tf_phase7_policy_classic_2026-08-20,classic_12x10_g110_vs_g109.jsonl,classic-random-12x10,classic,random-start,12x10,tf:110,tf:109,true,p1,accepted,,832109,832111496335,8
tf_phase7_policy_classic_2026-08-20,classic_12x10_g110_vs_g109.jsonl,classic-random-12x10,classic,random-start,12x10,tf:109,tf:110,false,p2,accepted,,832109,832111496336,9
tf_phase7_policy_classic_2026-08-20,classic_12x10_g110_vs_g109.jsonl,classic-random-12x10,classic,random-start,12x10,tf:110,tf:109,true,p2,accepted,,832109,832111496337,10
tf_phase7_policy_classic_2026-08-20,classic_12x10_g110_vs_g109.jsonl,classic-random-12x10,classic,random-start,12x10,tf:109,tf:110,false,p1,accepted,,832109,832111496338,11
tf_phase7_policy_classic_2026-08-20,classic_12x10_g110_vs_g109.jsonl,classic-random-12x10,classic,random-start,12x10,tf:110,tf:109,true,p1,accepted,,832109,832111496339,12
tf_phase7_policy_classic_2026-08-20,classic_12x10_g110_vs_g109.jsonl,classic-random-12x10,classic,random-start,12x10,tf:109,tf:110,false,p1,accepted,,832109,832111496340,13
tf_phase7_policy_classic_2026-08-20,classic_12x10_g110_vs_g109.jsonl,classic-random-12x10,classic,random-start,12x10,tf:110,tf:109,true,p2,accepted,,832109,832111496341,14
tf_phase7_policy_classic_2026-08-20,classic_12x10_g110_vs_g109.jsonl,classic-random-12x10,classic,random-start,12x10,tf:109,tf:110,false,p1,accepted,,832109,832111496342,15
tf_phase7_policy_classic_2026-08-20,classic_12x10_g110_vs_g109.jsonl,classic-random-12x10,classic,random-start,12x10,tf:110,tf:109,true,p2,accepted,,832109,832111496343,16
tf_phase7_policy_classic_2026-08-20,classic_12x10_g110_vs_g109.jsonl,classic-random-12x10,classic,random-start,12x10,tf:109,tf:110,false,p2,accepted,,832109,832111496344,17
tf_phase7_policy_classic_2026-08-20,classic_12x10_g110_vs_g109.jsonl,classic-random-12x10,classic,random-start,12x10,tf:110,tf:109,true,p2,accepted,,832109,832111496345,18
tf_phase7_policy_classic_2026-08-20,classic_12x10_g110_vs_g109.jsonl,classic-random-12x10,classic,random-start,12x10,tf:109,tf:110,false,p1,accepted,,832109,832111496346,19
tf_phase7_policy_classic_2026-08-20,classic_12x10_g110_vs_g109.jsonl,classic-random-12x10,classic,random-start,12x10,tf:110,tf:109,true,p1,accepted,,832109,832111496347,20
tf_phase7_policy_classic_2026-08-20,classic_12x10_g110_vs_g109.jsonl,classic-random-12x10,classic,random-start,12x10,tf:109,tf:110,false,p2,accepted,,832109,832111496348,21
tf_phase7_policy_classic_2026-08-20,classic_12x10_g110_vs_g109.jsonl,classic-random-12x10,classic,random-start,12x10,tf:110,tf:109,true,p2,accepted,,832109,832111496349,22
tf_phase7_policy_classic_2026-08-20,classic_12x10_g110_vs_g109.jsonl,classic-random-12x10,classic,random-start,12x10,tf:109,tf:110,false,p1,accepted,,832109,832111496350,23
tf_phase7_policy_classic_2026-08-20,classic_12x10_g110_vs_g109.jsonl,classic-random-12x10,classic,random-start,12x10,tf:110,tf:109,true,p1,accepted,,832109,832111496351,24
tf_phase7_policy_classic_2026-08-20,classic_12x10_g110_vs_g109.jsonl,classic-random-12x10,classic,random-start,12x10,tf:109,tf:110,false,p1,accepted,,832109,832111496352,25
tf_phase7_policy_classic_2026-08-20,classic_12x10_g110_vs_g109.jsonl,classic-random-12x10,classic,random-start,12x10,tf:110,tf:109,true,p1,accepted,,832109,832111496353,26
tf_phase7_policy_classic_2026-08-20,classic_12x10_g110_vs_g109.jsonl,classic-random-12x10,classic,random-start,12x10,tf:109,tf:110,false,p2,accepted,,832109,832111496354,27
tf_phase7_policy_classic_2026-08-20,classic_12x10_g110_vs_g109.jsonl,classic-random-12x10,classic,random-start,12x10,tf:110,tf:109,true,p1,accepted,,832109,832111496355,28
tf_phase7_policy_classic_2026-08-20,classic_12x10_g110_vs_g109.jsonl,classic-random-12x10,classic,random-start,12x10,tf:109,tf:110,false,p1,accepted,,832109,832111496356,29
tf_phase7_policy_classic_2026-08-20,classic_12x10_g110_vs_g109.jsonl,classic-random-12x10,classic,random-start,12x10,tf:110,tf:109,true,p2,accepted,,832109,832111496357,30
tf_phase7_policy_classic_2026-08-20,classic_12x10_g110_vs_g109.jsonl,classic-random-12x10,classic,random-start,12x10,tf:109,tf:110,false,p1,accepted,,832109,832111496358,31
tf_phase7_policy_classic_2026-08-20,classic_12x10_g110_vs_g109.jsonl,classic-random-12x10,classic,random-start,12x10,tf:110,tf:109,true,p2,accepted,,832109,832111496359,32
tf_phase7_policy_classic_2026-08-20,classic_12x10_g110_vs_g109.jsonl,classic-random-12x10,classic,random-start,12x10,tf:109,tf:110,false,p2,accepted,,832109,832111496360,33
tf_phase7_policy_classic_2026-08-20,classic_12x10_g110_vs_g109.jsonl,classic-random-12x10,classic,random-start,12x10,tf:110,tf:109,true,p2,accepted,,832109,832111496361,34
tf_phase7_policy_classic_2026-08-20,classic_12x10_g110_vs_g109.jsonl,classic-random-12x10,classic,random-start,12x10,tf:109,tf:110,false,p1,accepted,,832109,832111496362,35
tf_phase7_policy_classic_2026-08-20,classic_12x10_g110_vs_g109.jsonl,classic-random-12x10,classic,random-start,12x10,tf:110,tf:109,true,p2,accepted,,832109,832111496363,36
tf_phase7_policy_classic_2026-08-20,classic_12x10_g110_vs_g109.jsonl,classic-random-12x10,classic,random-start,12x10,tf:109,tf:110,false,p2,accepted,,832109,832111496364,37
tf_phase7_policy_classic_2026-08-20,classic_12x10_g110_vs_g109.jsonl,classic-random-12x10,classic,random-start,12x10,tf:110,tf:109,true,p1,accepted,,832109,832111496365,38
tf_phase7_policy_classic_2026-08-20,classic_12x10_g110_vs_g109.jsonl,classic-random-12x10,classic,random-start,12x10,tf:109,tf:110,false,p1,accepted,,832109,832111496366,39
tf_phase7_policy_classic_2026-08-20,classic_12x10_g111_vs_g105.jsonl,classic-random-12x10,classic,random-start,12x10,tf:111,tf:105,true,p1,accepted,,832205,832207496615,0
tf_phase7_policy_classic_2026-08-20,classic_12x10_g111_vs_g105.jsonl,classic-random-12x10,classic,random-start,12x10,tf:105,tf:111,false,p2,accepted,,832205,832207496616,1
tf_phase7_policy_classic_2026-08-20,classic_12x10_g111_vs_g105.jsonl,classic-random-12x10,classic,random-start,12x10,tf:111,tf:105,true,p1,accepted,,832205,832207496617,2
tf_phase7_policy_classic_2026-08-20,classic_12x10_g111_vs_g105.jsonl,classic-random-12x10,classic,random-start,12x10,tf:105,tf:111,false,p2,accepted,,832205,832207496618,3
tf_phase7_policy_classic_2026-08-20,classic_12x10_g111_vs_g105.jsonl,classic-random-12x10,classic,random-start,12x10,tf:111,tf:105,true,p1,accepted,,832205,832207496619,4
tf_phase7_policy_classic_2026-08-20,classic_12x10_g111_vs_g105.jsonl,classic-random-12x10,classic,random-start,12x10,tf:105,tf:111,false,p2,accepted,,832205,832207496620,5
tf_phase7_policy_classic_2026-08-20,classic_12x10_g111_vs_g105.jsonl,classic-random-12x10,classic,random-start,12x10,tf:111,tf:105,true,p1,accepted,,832205,832207496621,6
tf_phase7_policy_classic_2026-08-20,classic_12x10_g111_vs_g105.jsonl,classic-random-12x10,classic,random-start,12x10,tf:105,tf:111,false,p2,accepted,,832205,832207496622,7
tf_phase7_policy_classic_2026-08-20,classic_12x10_g111_vs_g105.jsonl,classic-random-12x10,classic,random-start,12x10,tf:111,tf:105,true,p1,accepted,,832205,832207496623,8
tf_phase7_policy_classic_2026-08-20,classic_12x10_g111_vs_g105.jsonl,classic-random-12x10,classic,random-start,12x10,tf:105,tf:111,false,p2,accepted,,832205,832207496624,9
tf_phase7_policy_classic_2026-08-20,classic_12x10_g111_vs_g105.jsonl,classic-random-12x10,classic,random-start,12x10,tf:111,tf:105,true,p1,accepted,,832205,832207496625,10
tf_phase7_policy_classic_2026-08-20,classic_12x10_g111_vs_g105.jsonl,classic-random-12x10,classic,random-start,12x10,tf:105,tf:111,false,p2,accepted,,832205,832207496626,11
tf_phase7_policy_classic_2026-08-20,classic_12x10_g111_vs_g105.jsonl,classic-random-12x10,classic,random-start,12x10,tf:111,tf:105,true,p2,accepted,,832205,832207496627,12
tf_phase7_policy_classic_2026-08-20,classic_12x10_g111_vs_g105.jsonl,classic-random-12x10,classic,random-start,12x10,tf:105,tf:111,false,p2,accepted,,832205,832207496628,13
tf_phase7_policy_classic_2026-08-20,classic_12x10_g111_vs_g105.jsonl,classic-random-12x10,classic,random-start,12x10,tf:111,tf:105,true,p1,accepted,,832205,832207496629,14
tf_phase7_policy_classic_2026-08-20,classic_12x10_g111_vs_g105.jsonl,classic-random-12x10,classic,random-start,12x10,tf:105,tf:111,false,p1,accepted,,832205,832207496630,15
tf_phase7_policy_classic_2026-08-20,classic_12x10_g111_vs_g105.jsonl,classic-random-12x10,classic,random-start,12x10,tf:111,tf:105,true,p1,accepted,,832205,832207496631,16
tf_phase7_policy_classic_2026-08-20,classic_12x10_g111_vs_g105.jsonl,classic-random-12x10,classic,random-start,12x10,tf:105,tf:111,false,p1,accepted,,832205,832207496632,17
tf_phase7_policy_classic_2026-08-20,classic_12x10_g111_vs_g105.jsonl,classic-random-12x10,classic,random-start,12x10,tf:111,tf:105,true,p1,accepted,,832205,832207496633,18
tf_phase7_policy_classic_2026-08-20,classic_12x10_g111_vs_g105.jsonl,classic-random-12x10,classic,random-start,12x10,tf:105,tf:111,false,p2,accepted,,832205,832207496634,19
tf_phase7_policy_classic_2026-08-20,classic_12x10_g111_vs_g105.jsonl,classic-random-12x10,classic,random-start,12x10,tf:111,tf:105,true,p2,accepted,,832205,832207496635,20
tf_phase7_policy_classic_2026-08-20,classic_12x10_g111_vs_g105.jsonl,classic-random-12x10,classic,random-start,12x10,tf:105,tf:111,false,p1,accepted,,832205,832207496636,21
tf_phase7_policy_classic_2026-08-20,classic_12x10_g111_vs_g105.jsonl,classic-random-12x10,classic,random-start,12x10,tf:111,tf:105,true,p2,accepted,,832205,832207496637,22
tf_phase7_policy_classic_2026-08-20,classic_12x10_g111_vs_g105.jsonl,classic-random-12x10,classic,random-start,12x10,tf:105,tf:111,false,p2,accepted,,832205,832207496638,23
tf_phase7_policy_classic_2026-08-20,classic_12x10_g111_vs_g105.jsonl,classic-random-12x10,classic,random-start,12x10,tf:111,tf:105,true,p1,accepted,,832205,832207496639,24
tf_phase7_policy_classic_2026-08-20,classic_12x10_g111_vs_g105.jsonl,classic-random-12x10,classic,random-start,12x10,tf:105,tf:111,false,p2,accepted,,832205,832207496640,25
tf_phase7_policy_classic_2026-08-20,classic_12x10_g111_vs_g105.jsonl,classic-random-12x10,classic,random-start,12x10,tf:111,tf:105,true,p2,accepted,,832205,832207496641,26
tf_phase7_policy_classic_2026-08-20,classic_12x10_g111_vs_g105.jsonl,classic-random-12x10,classic,random-start,12x10,tf:105,tf:111,false,p1,accepted,,832205,832207496642,27
tf_phase7_policy_classic_2026-08-20,classic_12x10_g111_vs_g105.jsonl,classic-random-12x10,classic,random-start,12x10,tf:111,tf:105,true,p2,accepted,,832205,832207496643,28
tf_phase7_policy_classic_2026-08-20,classic_12x10_g111_vs_g105.jsonl,classic-random-12x10,classic,random-start,12x10,tf:105,tf:111,false,p2,accepted,,832205,832207496644,29
tf_phase7_policy_classic_2026-08-20,classic_12x10_g111_vs_g105.jsonl,classic-random-12x10,classic,random-start,12x10,tf:111,tf:105,true,p1,accepted,,832205,832207496645,30
tf_phase7_policy_classic_2026-08-20,classic_12x10_g111_vs_g105.jsonl,classic-random-12x10,classic,random-start,12x10,tf:105,tf:111,false,p1,accepted,,832205,832207496646,31
tf_phase7_policy_classic_2026-08-20,classic_12x10_g111_vs_g105.jsonl,classic-random-12x10,classic,random-start,12x10,tf:111,tf:105,true,p2,accepted,,832205,832207496647,32
tf_phase7_policy_classic_2026-08-20,classic_12x10_g111_vs_g105.jsonl,classic-random-12x10,classic,random-start,12x10,tf:105,tf:111,false,p1,accepted,,832205,832207496648,33
tf_phase7_policy_classic_2026-08-20,classic_12x10_g111_vs_g105.jsonl,classic-random-12x10,classic,random-start,12x10,tf:111,tf:105,true,p2,accepted,,832205,832207496649,34
tf_phase7_policy_classic_2026-08-20,classic_12x10_g111_vs_g105.jsonl,classic-random-12x10,classic,random-start,12x10,tf:105,tf:111,false,p2,accepted,,832205,832207496650,35
tf_phase7_policy_classic_2026-08-20,classic_12x10_g111_vs_g105.jsonl,classic-random-12x10,classic,random-start,12x10,tf:111,tf:105,true,p1,accepted,,832205,832207496651,36
tf_phase7_policy_classic_2026-08-20,classic_12x10_g111_vs_g105.jsonl,classic-random-12x10,classic,random-start,12x10,tf:105,tf:111,false,p1,accepted,,832205,832207496652,37
tf_phase7_policy_classic_2026-08-20,classic_12x10_g111_vs_g105.jsonl,classic-random-12x10,classic,random-start,12x10,tf:111,tf:105,true,p1,accepted,,832205,832207496653,38
tf_phase7_policy_classic_2026-08-20,classic_12x10_g111_vs_g105.jsonl,classic-random-12x10,classic,random-start,12x10,tf:105,tf:111,false,p2,accepted,,832205,832207496654,39
tf_phase7_policy_classic_2026-08-20,classic_12x10_g111_vs_g108.jsonl,classic-random-12x10,classic,random-start,12x10,tf:111,tf:108,true,p2,accepted,,832208,832210496624,0
tf_phase7_policy_classic_2026-08-20,classic_12x10_g111_vs_g108.jsonl,classic-random-12x10,classic,random-start,12x10,tf:108,tf:111,false,p2,accepted,,832208,832210496625,1
tf_phase7_policy_classic_2026-08-20,classic_12x10_g111_vs_g108.jsonl,classic-random-12x10,classic,random-start,12x10,tf:111,tf:108,true,p2,accepted,,832208,832210496626,2
tf_phase7_policy_classic_2026-08-20,classic_12x10_g111_vs_g108.jsonl,classic-random-12x10,classic,random-start,12x10,tf:108,tf:111,false,p2,accepted,,832208,832210496627,3
tf_phase7_policy_classic_2026-08-20,classic_12x10_g111_vs_g108.jsonl,classic-random-12x10,classic,random-start,12x10,tf:111,tf:108,true,p2,accepted,,832208,832210496628,4
tf_phase7_policy_classic_2026-08-20,classic_12x10_g111_vs_g108.jsonl,classic-random-12x10,classic,random-start,12x10,tf:108,tf:111,false,p2,accepted,,832208,832210496629,5
tf_phase7_policy_classic_2026-08-20,classic_12x10_g111_vs_g108.jsonl,classic-random-12x10,classic,random-start,12x10,tf:111,tf:108,true,p1,accepted,,832208,832210496630,6
tf_phase7_policy_classic_2026-08-20,classic_12x10_g111_vs_g108.jsonl,classic-random-12x10,classic,random-start,12x10,tf:108,tf:111,false,p1,accepted,,832208,832210496631,7
tf_phase7_policy_classic_2026-08-20,classic_12x10_g111_vs_g108.jsonl,classic-random-12x10,classic,random-start,12x10,tf:111,tf:108,true,p2,accepted,,832208,832210496632,8
tf_phase7_policy_classic_2026-08-20,classic_12x10_g111_vs_g108.jsonl,classic-random-12x10,classic,random-start,12x10,tf:108,tf:111,false,p2,accepted,,832208,832210496633,9
tf_phase7_policy_classic_2026-08-20,classic_12x10_g111_vs_g108.jsonl,classic-random-12x10,classic,random-start,12x10,tf:111,tf:108,true,p2,accepted,,832208,832210496634,10
tf_phase7_policy_classic_2026-08-20,classic_12x10_g111_vs_g108.jsonl,classic-random-12x10,classic,random-start,12x10,tf:108,tf:111,false,p1,accepted,,832208,832210496635,11
tf_phase7_policy_classic_2026-08-20,classic_12x10_g111_vs_g108.jsonl,classic-random-12x10,classic,random-start,12x10,tf:111,tf:108,true,p1,accepted,,832208,832210496636,12
tf_phase7_policy_classic_2026-08-20,classic_12x10_g111_vs_g108.jsonl,classic-random-12x10,classic,random-start,12x10,tf:108,tf:111,false,p1,accepted,,832208,832210496637,13
tf_phase7_policy_classic_2026-08-20,classic_12x10_g111_vs_g108.jsonl,classic-random-12x10,classic,random-start,12x10,tf:111,tf:108,true,p1,accepted,,832208,832210496638,14
tf_phase7_policy_classic_2026-08-20,classic_12x10_g111_vs_g108.jsonl,classic-random-12x10,classic,random-start,12x10,tf:108,tf:111,false,p2,accepted,,832208,832210496639,15
tf_phase7_policy_classic_2026-08-20,classic_12x10_g111_vs_g108.jsonl,classic-random-12x10,classic,random-start,12x10,tf:111,tf:108,true,p1,accepted,,832208,832210496640,16
tf_phase7_policy_classic_2026-08-20,classic_12x10_g111_vs_g108.jsonl,classic-random-12x10,classic,random-start,12x10,tf:108,tf:111,false,p2,accepted,,832208,832210496641,17
tf_phase7_policy_classic_2026-08-20,classic_12x10_g111_vs_g108.jsonl,classic-random-12x10,classic,random-start,12x10,tf:111,tf:108,true,p2,accepted,,832208,832210496642,18
tf_phase7_policy_classic_2026-08-20,classic_12x10_g111_vs_g108.jsonl,classic-random-12x10,classic,random-start,12x10,tf:108,tf:111,false,p1,accepted,,832208,832210496643,19
tf_phase7_policy_classic_2026-08-20,classic_12x10_g111_vs_g108.jsonl,classic-random-12x10,classic,random-start,12x10,tf:111,tf:108,true,p2,accepted,,832208,832210496644,20
tf_phase7_policy_classic_2026-08-20,classic_12x10_g111_vs_g108.jsonl,classic-random-12x10,classic,random-start,12x10,tf:108,tf:111,false,p1,accepted,,832208,832210496645,21
tf_phase7_policy_classic_2026-08-20,classic_12x10_g111_vs_g108.jsonl,classic-random-12x10,classic,random-start,12x10,tf:111,tf:108,true,p1,accepted,,832208,832210496646,22
tf_phase7_policy_classic_2026-08-20,classic_12x10_g111_vs_g108.jsonl,classic-random-12x10,classic,random-start,12x10,tf:108,tf:111,false,p1,accepted,,832208,832210496647,23
tf_phase7_policy_classic_2026-08-20,classic_12x10_g111_vs_g108.jsonl,classic-random-12x10,classic,random-start,12x10,tf:111,tf:108,true,p1,accepted,,832208,832210496648,24
tf_phase7_policy_classic_2026-08-20,classic_12x10_g111_vs_g108.jsonl,classic-random-12x10,classic,random-start,12x10,tf:108,tf:111,false,p1,accepted,,832208,832210496649,25
tf_phase7_policy_classic_2026-08-20,classic_12x10_g111_vs_g108.jsonl,classic-random-12x10,classic,random-start,12x10,tf:111,tf:108,true,p1,accepted,,832208,832210496650,26
tf_phase7_policy_classic_2026-08-20,classic_12x10_g111_vs_g108.jsonl,classic-random-12x10,classic,random-start,12x10,tf:108,tf:111,false,p1,accepted,,832208,832210496651,27
tf_phase7_policy_classic_2026-08-20,classic_12x10_g111_vs_g108.jsonl,classic-random-12x10,classic,random-start,12x10,tf:111,tf:108,true,p1,accepted,,832208,832210496652,28
tf_phase7_policy_classic_2026-08-20,classic_12x10_g111_vs_g108.jsonl,classic-random-12x10,classic,random-start,12x10,tf:108,tf:111,false,p2,accepted,,832208,832210496653,29
tf_phase7_policy_classic_2026-08-20,classic_12x10_g111_vs_g108.jsonl,classic-random-12x10,classic,random-start,12x10,tf:111,tf:108,true,p1,accepted,,832208,832210496654,30
tf_phase7_policy_classic_2026-08-20,classic_12x10_g111_vs_g108.jsonl,classic-random-12x10,classic,random-start,12x10,tf:108,tf:111,false,p1,accepted,,832208,832210496655,31
tf_phase7_policy_classic_2026-08-20,classic_12x10_g111_vs_g108.jsonl,classic-random-12x10,classic,random-start,12x10,tf:111,tf:108,true,p1,accepted,,832208,832210496656,32
tf_phase7_policy_classic_2026-08-20,classic_12x10_g111_vs_g108.jsonl,classic-random-12x10,classic,random-start,12x10,tf:108,tf:111,false,p2,accepted,,832208,832210496657,33
tf_phase7_policy_classic_2026-08-20,classic_12x10_g111_vs_g108.jsonl,classic-random-12x10,classic,random-start,12x10,tf:111,tf:108,true,p1,accepted,,832208,832210496658,34
tf_phase7_policy_classic_2026-08-20,classic_12x10_g111_vs_g108.jsonl,classic-random-12x10,classic,random-start,12x10,tf:108,tf:111,false,p1,accepted,,832208,832210496659,35
tf_phase7_policy_classic_2026-08-20,classic_12x10_g111_vs_g108.jsonl,classic-random-12x10,classic,random-start,12x10,tf:111,tf:108,true,p2,accepted,,832208,832210496660,36
tf_phase7_policy_classic_2026-08-20,classic_12x10_g111_vs_g108.jsonl,classic-random-12x10,classic,random-start,12x10,tf:108,tf:111,false,p1,accepted,,832208,832210496661,37
tf_phase7_policy_classic_2026-08-20,classic_12x10_g111_vs_g108.jsonl,classic-random-12x10,classic,random-start,12x10,tf:111,tf:108,true,p2,accepted,,832208,832210496662,38
tf_phase7_policy_classic_2026-08-20,classic_12x10_g111_vs_g108.jsonl,classic-random-12x10,classic,random-start,12x10,tf:108,tf:111,false,p2,accepted,,832208,832210496663,39
tf_phase7_policy_classic_2026-08-20,classic_12x10_g111_vs_g110.jsonl,classic-random-12x10,classic,random-start,12x10,tf:111,tf:110,true,p2,accepted,,832210,832212496630,0
tf_phase7_policy_classic_2026-08-20,classic_12x10_g111_vs_g110.jsonl,classic-random-12x10,classic,random-start,12x10,tf:110,tf:111,false,p2,accepted,,832210,832212496631,1
tf_phase7_policy_classic_2026-08-20,classic_12x10_g111_vs_g110.jsonl,classic-random-12x10,classic,random-start,12x10,tf:111,tf:110,true,p1,accepted,,832210,832212496632,2
tf_phase7_policy_classic_2026-08-20,classic_12x10_g111_vs_g110.jsonl,classic-random-12x10,classic,random-start,12x10,tf:110,tf:111,false,p2,accepted,,832210,832212496633,3
tf_phase7_policy_classic_2026-08-20,classic_12x10_g111_vs_g110.jsonl,classic-random-12x10,classic,random-start,12x10,tf:111,tf:110,true,p1,accepted,,832210,832212496634,4
tf_phase7_policy_classic_2026-08-20,classic_12x10_g111_vs_g110.jsonl,classic-random-12x10,classic,random-start,12x10,tf:110,tf:111,false,p1,accepted,,832210,832212496635,5
tf_phase7_policy_classic_2026-08-20,classic_12x10_g111_vs_g110.jsonl,classic-random-12x10,classic,random-start,12x10,tf:111,tf:110,true,p2,accepted,,832210,832212496636,6
tf_phase7_policy_classic_2026-08-20,classic_12x10_g111_vs_g110.jsonl,classic-random-12x10,classic,random-start,12x10,tf:110,tf:111,false,p2,accepted,,832210,832212496637,7
tf_phase7_policy_classic_2026-08-20,classic_12x10_g111_vs_g110.jsonl,classic-random-12x10,classic,random-start,12x10,tf:111,tf:110,true,p2,accepted,,832210,832212496638,8
tf_phase7_policy_classic_2026-08-20,classic_12x10_g111_vs_g110.jsonl,classic-random-12x10,classic,random-start,12x10,tf:110,tf:111,false,p1,accepted,,832210,832212496639,9
tf_phase7_policy_classic_2026-08-20,classic_12x10_g111_vs_g110.jsonl,classic-random-12x10,classic,random-start,12x10,tf:111,tf:110,true,p2,accepted,,832210,832212496640,10
tf_phase7_policy_classic_2026-08-20,classic_12x10_g111_vs_g110.jsonl,classic-random-12x10,classic,random-start,12x10,tf:110,tf:111,false,p2,accepted,,832210,832212496641,11
tf_phase7_policy_classic_2026-08-20,classic_12x10_g111_vs_g110.jsonl,classic-random-12x10,classic,random-start,12x10,tf:111,tf:110,true,p1,accepted,,832210,832212496642,12
tf_phase7_policy_classic_2026-08-20,classic_12x10_g111_vs_g110.jsonl,classic-random-12x10,classic,random-start,12x10,tf:110,tf:111,false,p1,accepted,,832210,832212496643,13
tf_phase7_policy_classic_2026-08-20,classic_12x10_g111_vs_g110.jsonl,classic-random-12x10,classic,random-start,12x10,tf:111,tf:110,true,p1,accepted,,832210,832212496644,14
tf_phase7_policy_classic_2026-08-20,classic_12x10_g111_vs_g110.jsonl,classic-random-12x10,classic,random-start,12x10,tf:110,tf:111,false,p1,accepted,,832210,832212496645,15
tf_phase7_policy_classic_2026-08-20,classic_12x10_g111_vs_g110.jsonl,classic-random-12x10,classic,random-start,12x10,tf:111,tf:110,true,p1,accepted,,832210,832212496646,16
tf_phase7_policy_classic_2026-08-20,classic_12x10_g111_vs_g110.jsonl,classic-random-12x10,classic,random-start,12x10,tf:110,tf:111,false,p2,accepted,,832210,832212496647,17
tf_phase7_policy_classic_2026-08-20,classic_12x10_g111_vs_g110.jsonl,classic-random-12x10,classic,random-start,12x10,tf:111,tf:110,true,p1,accepted,,832210,832212496648,18
tf_phase7_policy_classic_2026-08-20,classic_12x10_g111_vs_g110.jsonl,classic-random-12x10,classic,random-start,12x10,tf:110,tf:111,false,p1,accepted,,832210,832212496649,19
tf_phase7_policy_classic_2026-08-20,classic_12x10_g111_vs_g110.jsonl,classic-random-12x10,classic,random-start,12x10,tf:111,tf:110,true,p2,accepted,,832210,832212496650,20
tf_phase7_policy_classic_2026-08-20,classic_12x10_g111_vs_g110.jsonl,classic-random-12x10,classic,random-start,12x10,tf:110,tf:111,false,p1,accepted,,832210,832212496651,21
tf_phase7_policy_classic_2026-08-20,classic_12x10_g111_vs_g110.jsonl,classic-random-12x10,classic,random-start,12x10,tf:111,tf:110,true,p2,accepted,,832210,832212496652,22
tf_phase7_policy_classic_2026-08-20,classic_12x10_g111_vs_g110.jsonl,classic-random-12x10,classic,random-start,12x10,tf:110,tf:111,false,p1,accepted,,832210,832212496653,23
tf_phase7_policy_classic_2026-08-20,classic_12x10_g111_vs_g110.jsonl,classic-random-12x10,classic,random-start,12x10,tf:111,tf:110,true,p1,accepted,,832210,832212496654,24
tf_phase7_policy_classic_2026-08-20,classic_12x10_g111_vs_g110.jsonl,classic-random-12x10,classic,random-start,12x10,tf:110,tf:111,false,p1,accepted,,832210,832212496655,25
tf_phase7_policy_classic_2026-08-20,classic_12x10_g111_vs_g110.jsonl,classic-random-12x10,classic,random-start,12x10,tf:111,tf:110,true,p2,accepted,,832210,832212496656,26
tf_phase7_policy_classic_2026-08-20,classic_12x10_g111_vs_g110.jsonl,classic-random-12x10,classic,random-start,12x10,tf:110,tf:111,false,p2,accepted,,832210,832212496657,27
tf_phase7_policy_classic_2026-08-20,classic_12x10_g111_vs_g110.jsonl,classic-random-12x10,classic,random-start,12x10,tf:111,tf:110,true,p1,accepted,,832210,832212496658,28
tf_phase7_policy_classic_2026-08-20,classic_12x10_g111_vs_g110.jsonl,classic-random-12x10,classic,random-start,12x10,tf:110,tf:111,false,p1,accepted,,832210,832212496659,29
tf_phase7_policy_classic_2026-08-20,classic_12x10_g111_vs_g110.jsonl,classic-random-12x10,classic,random-start,12x10,tf:111,tf:110,true,p1,accepted,,832210,832212496660,30
tf_phase7_policy_classic_2026-08-20,classic_12x10_g111_vs_g110.jsonl,classic-random-12x10,classic,random-start,12x10,tf:110,tf:111,false,p1,accepted,,832210,832212496661,31
tf_phase7_policy_classic_2026-08-20,classic_12x10_g111_vs_g110.jsonl,classic-random-12x10,classic,random-start,12x10,tf:111,tf:110,true,p2,accepted,,832210,832212496662,32
tf_phase7_policy_classic_2026-08-20,classic_12x10_g111_vs_g110.jsonl,classic-random-12x10,classic,random-start,12x10,tf:110,tf:111,false,p1,accepted,,832210,832212496663,33
tf_phase7_policy_classic_2026-08-20,classic_12x10_g111_vs_g110.jsonl,classic-random-12x10,classic,random-start,12x10,tf:111,tf:110,true,p1,accepted,,832210,832212496664,34
tf_phase7_policy_classic_2026-08-20,classic_12x10_g111_vs_g110.jsonl,classic-random-12x10,classic,random-start,12x10,tf:110,tf:111,false,p1,accepted,,832210,832212496665,35
tf_phase7_policy_classic_2026-08-20,classic_12x10_g111_vs_g110.jsonl,classic-random-12x10,classic,random-start,12x10,tf:111,tf:110,true,p2,accepted,,832210,832212496666,36
tf_phase7_policy_classic_2026-08-20,classic_12x10_g111_vs_g110.jsonl,classic-random-12x10,classic,random-start,12x10,tf:110,tf:111,false,p2,accepted,,832210,832212496667,37
tf_phase7_policy_classic_2026-08-20,classic_12x10_g111_vs_g110.jsonl,classic-random-12x10,classic,random-start,12x10,tf:111,tf:110,true,p2,accepted,,832210,832212496668,38
tf_phase7_policy_classic_2026-08-20,classic_12x10_g111_vs_g110.jsonl,classic-random-12x10,classic,random-start,12x10,tf:110,tf:111,false,p2,accepted,,832210,832212496669,39
tf_phase7_policy_classic_2026-08-20,classic_12x10_g112_vs_g106.jsonl,classic-random-12x10,classic,random-start,12x10,tf:112,tf:106,true,p2,accepted,,832306,832308496918,0
tf_phase7_policy_classic_2026-08-20,classic_12x10_g112_vs_g106.jsonl,classic-random-12x10,classic,random-start,12x10,tf:106,tf:112,false,p2,accepted,,832306,832308496919,1
tf_phase7_policy_classic_2026-08-20,classic_12x10_g112_vs_g106.jsonl,classic-random-12x10,classic,random-start,12x10,tf:112,tf:106,true,p1,accepted,,832306,832308496920,2
tf_phase7_policy_classic_2026-08-20,classic_12x10_g112_vs_g106.jsonl,classic-random-12x10,classic,random-start,12x10,tf:106,tf:112,false,p1,accepted,,832306,832308496921,3
tf_phase7_policy_classic_2026-08-20,classic_12x10_g112_vs_g106.jsonl,classic-random-12x10,classic,random-start,12x10,tf:112,tf:106,true,p2,accepted,,832306,832308496922,4
tf_phase7_policy_classic_2026-08-20,classic_12x10_g112_vs_g106.jsonl,classic-random-12x10,classic,random-start,12x10,tf:106,tf:112,false,p2,accepted,,832306,832308496923,5
tf_phase7_policy_classic_2026-08-20,classic_12x10_g112_vs_g106.jsonl,classic-random-12x10,classic,random-start,12x10,tf:112,tf:106,true,p2,accepted,,832306,832308496924,6
tf_phase7_policy_classic_2026-08-20,classic_12x10_g112_vs_g106.jsonl,classic-random-12x10,classic,random-start,12x10,tf:106,tf:112,false,p1,accepted,,832306,832308496925,7
tf_phase7_policy_classic_2026-08-20,classic_12x10_g112_vs_g106.jsonl,classic-random-12x10,classic,random-start,12x10,tf:112,tf:106,true,p1,accepted,,832306,832308496926,8
tf_phase7_policy_classic_2026-08-20,classic_12x10_g112_vs_g106.jsonl,classic-random-12x10,classic,random-start,12x10,tf:106,tf:112,false,p1,accepted,,832306,832308496927,9
tf_phase7_policy_classic_2026-08-20,classic_12x10_g112_vs_g106.jsonl,classic-random-12x10,classic,random-start,12x10,tf:112,tf:106,true,p1,accepted,,832306,832308496928,10
tf_phase7_policy_classic_2026-08-20,classic_12x10_g112_vs_g106.jsonl,classic-random-12x10,classic,random-start,12x10,tf:106,tf:112,false,p1,accepted,,832306,832308496929,11
tf_phase7_policy_classic_2026-08-20,classic_12x10_g112_vs_g106.jsonl,classic-random-12x10,classic,random-start,12x10,tf:112,tf:106,true,p2,accepted,,832306,832308496930,12
tf_phase7_policy_classic_2026-08-20,classic_12x10_g112_vs_g106.jsonl,classic-random-12x10,classic,random-start,12x10,tf:106,tf:112,false,p2,accepted,,832306,832308496931,13
tf_phase7_policy_classic_2026-08-20,classic_12x10_g112_vs_g106.jsonl,classic-random-12x10,classic,random-start,12x10,tf:112,tf:106,true,p1,accepted,,832306,832308496932,14
tf_phase7_policy_classic_2026-08-20,classic_12x10_g112_vs_g106.jsonl,classic-random-12x10,classic,random-start,12x10,tf:106,tf:112,false,p2,accepted,,832306,832308496933,15
tf_phase7_policy_classic_2026-08-20,classic_12x10_g112_vs_g106.jsonl,classic-random-12x10,classic,random-start,12x10,tf:112,tf:106,true,p1,accepted,,832306,832308496934,16
tf_phase7_policy_classic_2026-08-20,classic_12x10_g112_vs_g106.jsonl,classic-random-12x10,classic,random-start,12x10,tf:106,tf:112,false,p1,accepted,,832306,832308496935,17
tf_phase7_policy_classic_2026-08-20,classic_12x10_g112_vs_g106.jsonl,classic-random-12x10,classic,random-start,12x10,tf:112,tf:106,true,p2,accepted,,832306,832308496936,18
tf_phase7_policy_classic_2026-08-20,classic_12x10_g112_vs_g106.jsonl,classic-random-12x10,classic,random-start,12x10,tf:106,tf:112,false,p1,accepted,,832306,832308496937,19
tf_phase7_policy_classic_2026-08-20,classic_12x10_g112_vs_g106.jsonl,classic-random-12x10,classic,random-start,12x10,tf:112,tf:106,true,p1,accepted,,832306,832308496938,20
tf_phase7_policy_classic_2026-08-20,classic_12x10_g112_vs_g106.jsonl,classic-random-12x10,classic,random-start,12x10,tf:106,tf:112,false,p1,accepted,,832306,832308496939,21
tf_phase7_policy_classic_2026-08-20,classic_12x10_g112_vs_g106.jsonl,classic-random-12x10,classic,random-start,12x10,tf:112,tf:106,true,p1,accepted,,832306,832308496940,22
tf_phase7_policy_classic_2026-08-20,classic_12x10_g112_vs_g106.jsonl,classic-random-12x10,classic,random-start,12x10,tf:106,tf:112,false,p1,accepted,,832306,832308496941,23
tf_phase7_policy_classic_2026-08-20,classic_12x10_g112_vs_g106.jsonl,classic-random-12x10,classic,random-start,12x10,tf:112,tf:106,true,p1,accepted,,832306,832308496942,24
tf_phase7_policy_classic_2026-08-20,classic_12x10_g112_vs_g106.jsonl,classic-random-12x10,classic,random-start,12x10,tf:106,tf:112,false,p2,accepted,,832306,832308496943,25
tf_phase7_policy_classic_2026-08-20,classic_12x10_g112_vs_g106.jsonl,classic-random-12x10,classic,random-start,12x10,tf:112,tf:106,true,p2,accepted,,832306,832308496944,26
tf_phase7_policy_classic_2026-08-20,classic_12x10_g112_vs_g106.jsonl,classic-random-12x10,classic,random-start,12x10,tf:106,tf:112,false,p1,accepted,,832306,832308496945,27
tf_phase7_policy_classic_2026-08-20,classic_12x10_g112_vs_g106.jsonl,classic-random-12x10,classic,random-start,12x10,tf:112,tf:106,true,p2,accepted,,832306,832308496946,28
tf_phase7_policy_classic_2026-08-20,classic_12x10_g112_vs_g106.jsonl,classic-random-12x10,classic,random-start,12x10,tf:106,tf:112,false,p1,accepted,,832306,832308496947,29
tf_phase7_policy_classic_2026-08-20,classic_12x10_g112_vs_g106.jsonl,classic-random-12x10,classic,random-start,12x10,tf:112,tf:106,true,p2,accepted,,832306,832308496948,30
tf_phase7_policy_classic_2026-08-20,classic_12x10_g112_vs_g106.jsonl,classic-random-12x10,classic,random-start,12x10,tf:106,tf:112,false,p2,accepted,,832306,832308496949,31
tf_phase7_policy_classic_2026-08-20,classic_12x10_g112_vs_g106.jsonl,classic-random-12x10,classic,random-start,12x10,tf:112,tf:106,true,p2,accepted,,832306,832308496950,32
tf_phase7_policy_classic_2026-08-20,classic_12x10_g112_vs_g106.jsonl,classic-random-12x10,classic,random-start,12x10,tf:106,tf:112,false,p2,accepted,,832306,832308496951,33
tf_phase7_policy_classic_2026-08-20,classic_12x10_g112_vs_g106.jsonl,classic-random-12x10,classic,random-start,12x10,tf:112,tf:106,true,p1,accepted,,832306,832308496952,34
tf_phase7_policy_classic_2026-08-20,classic_12x10_g112_vs_g106.jsonl,classic-random-12x10,classic,random-start,12x10,tf:106,tf:112,false,p1,accepted,,832306,832308496953,35
tf_phase7_policy_classic_2026-08-20,classic_12x10_g112_vs_g106.jsonl,classic-random-12x10,classic,random-start,12x10,tf:112,tf:106,true,p1,accepted,,832306,832308496954,36
tf_phase7_policy_classic_2026-08-20,classic_12x10_g112_vs_g106.jsonl,classic-random-12x10,classic,random-start,12x10,tf:106,tf:112,false,p1,accepted,,832306,832308496955,37
tf_phase7_policy_classic_2026-08-20,classic_12x10_g112_vs_g106.jsonl,classic-random-12x10,classic,random-start,12x10,tf:112,tf:106,true,p1,accepted,,832306,832308496956,38
tf_phase7_policy_classic_2026-08-20,classic_12x10_g112_vs_g106.jsonl,classic-random-12x10,classic,random-start,12x10,tf:106,tf:112,false,p1,accepted,,832306,832308496957,39
tf_phase7_policy_classic_2026-08-20,classic_12x10_g112_vs_g109.jsonl,classic-random-12x10,classic,random-start,12x10,tf:112,tf:109,true,p2,accepted,,832309,832311496927,0
tf_phase7_policy_classic_2026-08-20,classic_12x10_g112_vs_g109.jsonl,classic-random-12x10,classic,random-start,12x10,tf:109,tf:112,false,p1,accepted,,832309,832311496928,1
tf_phase7_policy_classic_2026-08-20,classic_12x10_g112_vs_g109.jsonl,classic-random-12x10,classic,random-start,12x10,tf:112,tf:109,true,p2,accepted,,832309,832311496929,2
tf_phase7_policy_classic_2026-08-20,classic_12x10_g112_vs_g109.jsonl,classic-random-12x10,classic,random-start,12x10,tf:109,tf:112,false,p1,accepted,,832309,832311496930,3
tf_phase7_policy_classic_2026-08-20,classic_12x10_g112_vs_g109.jsonl,classic-random-12x10,classic,random-start,12x10,tf:112,tf:109,true,p1,accepted,,832309,832311496931,4
tf_phase7_policy_classic_2026-08-20,classic_12x10_g112_vs_g109.jsonl,classic-random-12x10,classic,random-start,12x10,tf:109,tf:112,false,p2,accepted,,832309,832311496932,5
tf_phase7_policy_classic_2026-08-20,classic_12x10_g112_vs_g109.jsonl,classic-random-12x10,classic,random-start,12x10,tf:112,tf:109,true,p1,accepted,,832309,832311496933,6
tf_phase7_policy_classic_2026-08-20,classic_12x10_g112_vs_g109.jsonl,classic-random-12x10,classic,random-start,12x10,tf:109,tf:112,false,p1,accepted,,832309,832311496934,7
tf_phase7_policy_classic_2026-08-20,classic_12x10_g112_vs_g109.jsonl,classic-random-12x10,classic,random-start,12x10,tf:112,tf:109,true,p1,accepted,,832309,832311496935,8
tf_phase7_policy_classic_2026-08-20,classic_12x10_g112_vs_g109.jsonl,classic-random-12x10,classic,random-start,12x10,tf:109,tf:112,false,p1,accepted,,832309,832311496936,9
tf_phase7_policy_classic_2026-08-20,classic_12x10_g112_vs_g109.jsonl,classic-random-12x10,classic,random-start,12x10,tf:112,tf:109,true,p1,accepted,,832309,832311496937,10
tf_phase7_policy_classic_2026-08-20,classic_12x10_g112_vs_g109.jsonl,classic-random-12x10,classic,random-start,12x10,tf:109,tf:112,false,p2,accepted,,832309,832311496938,11
tf_phase7_policy_classic_2026-08-20,classic_12x10_g112_vs_g109.jsonl,classic-random-12x10,classic,random-start,12x10,tf:112,tf:109,true,p2,accepted,,832309,832311496939,12
tf_phase7_policy_classic_2026-08-20,classic_12x10_g112_vs_g109.jsonl,classic-random-12x10,classic,random-start,12x10,tf:109,tf:112,false,p2,accepted,,832309,832311496940,13
tf_phase7_policy_classic_2026-08-20,classic_12x10_g112_vs_g109.jsonl,classic-random-12x10,classic,random-start,12x10,tf:112,tf:109,true,p1,accepted,,832309,832311496941,14
tf_phase7_policy_classic_2026-08-20,classic_12x10_g112_vs_g109.jsonl,classic-random-12x10,classic,random-start,12x10,tf:109,tf:112,false,p2,accepted,,832309,832311496942,15
tf_phase7_policy_classic_2026-08-20,classic_12x10_g112_vs_g109.jsonl,classic-random-12x10,classic,random-start,12x10,tf:112,tf:109,true,p2,accepted,,832309,832311496943,16
tf_phase7_policy_classic_2026-08-20,classic_12x10_g112_vs_g109.jsonl,classic-random-12x10,classic,random-start,12x10,tf:109,tf:112,false,p2,accepted,,832309,832311496944,17
tf_phase7_policy_classic_2026-08-20,classic_12x10_g112_vs_g109.jsonl,classic-random-12x10,classic,random-start,12x10,tf:112,tf:109,true,p1,accepted,,832309,832311496945,18
tf_phase7_policy_classic_2026-08-20,classic_12x10_g112_vs_g109.jsonl,classic-random-12x10,classic,random-start,12x10,tf:109,tf:112,false,p1,accepted,,832309,832311496946,19
tf_phase7_policy_classic_2026-08-20,classic_12x10_g112_vs_g109.jsonl,classic-random-12x10,classic,random-start,12x10,tf:112,tf:109,true,p1,accepted,,832309,832311496947,20
tf_phase7_policy_classic_2026-08-20,classic_12x10_g112_vs_g109.jsonl,classic-random-12x10,classic,random-start,12x10,tf:109,tf:112,false,p1,accepted,,832309,832311496948,21
tf_phase7_policy_classic_2026-08-20,classic_12x10_g112_vs_g109.jsonl,classic-random-12x10,classic,random-start,12x10,tf:112,tf:109,true,p2,accepted,,832309,832311496949,22
tf_phase7_policy_classic_2026-08-20,classic_12x10_g112_vs_g109.jsonl,classic-random-12x10,classic,random-start,12x10,tf:109,tf:112,false,p2,accepted,,832309,832311496950,23
tf_phase7_policy_classic_2026-08-20,classic_12x10_g112_vs_g109.jsonl,classic-random-12x10,classic,random-start,12x10,tf:112,tf:109,true,p2,accepted,,832309,832311496951,24
tf_phase7_policy_classic_2026-08-20,classic_12x10_g112_vs_g109.jsonl,classic-random-12x10,classic,random-start,12x10,tf:109,tf:112,false,p1,accepted,,832309,832311496952,25
tf_phase7_policy_classic_2026-08-20,classic_12x10_g112_vs_g109.jsonl,classic-random-12x10,classic,random-start,12x10,tf:112,tf:109,true,p2,accepted,,832309,832311496953,26
tf_phase7_policy_classic_2026-08-20,classic_12x10_g112_vs_g109.jsonl,classic-random-12x10,classic,random-start,12x10,tf:109,tf:112,false,p2,accepted,,832309,832311496954,27
tf_phase7_policy_classic_2026-08-20,classic_12x10_g112_vs_g109.jsonl,classic-random-12x10,classic,random-start,12x10,tf:112,tf:109,true,p1,accepted,,832309,832311496955,28
tf_phase7_policy_classic_2026-08-20,classic_12x10_g112_vs_g109.jsonl,classic-random-12x10,classic,random-start,12x10,tf:109,tf:112,false,p2,accepted,,832309,832311496956,29
tf_phase7_policy_classic_2026-08-20,classic_12x10_g112_vs_g109.jsonl,classic-random-12x10,classic,random-start,12x10,tf:112,tf:109,true,p2,accepted,,832309,832311496957,30
tf_phase7_policy_classic_2026-08-20,classic_12x10_g112_vs_g109.jsonl,classic-random-12x10,classic,random-start,12x10,tf:109,tf:112,false,p2,accepted,,832309,832311496958,31
tf_phase7_policy_classic_2026-08-20,classic_12x10_g112_vs_g109.jsonl,classic-random-12x10,classic,random-start,12x10,tf:112,tf:109,true,p1,accepted,,832309,832311496959,32
tf_phase7_policy_classic_2026-08-20,classic_12x10_g112_vs_g109.jsonl,classic-random-12x10,classic,random-start,12x10,tf:109,tf:112,false,p1,accepted,,832309,832311496960,33
tf_phase7_policy_classic_2026-08-20,classic_12x10_g112_vs_g109.jsonl,classic-random-12x10,classic,random-start,12x10,tf:112,tf:109,true,p2,accepted,,832309,832311496961,34
tf_phase7_policy_classic_2026-08-20,classic_12x10_g112_vs_g109.jsonl,classic-random-12x10,classic,random-start,12x10,tf:109,tf:112,false,p1,accepted,,832309,832311496962,35
tf_phase7_policy_classic_2026-08-20,classic_12x10_g112_vs_g109.jsonl,classic-random-12x10,classic,random-start,12x10,tf:112,tf:109,true,p1,accepted,,832309,832311496963,36
tf_phase7_policy_classic_2026-08-20,classic_12x10_g112_vs_g109.jsonl,classic-random-12x10,classic,random-start,12x10,tf:109,tf:112,false,p1,accepted,,832309,832311496964,37
tf_phase7_policy_classic_2026-08-20,classic_12x10_g112_vs_g109.jsonl,classic-random-12x10,classic,random-start,12x10,tf:112,tf:109,true,p1,accepted,,832309,832311496965,38
tf_phase7_policy_classic_2026-08-20,classic_12x10_g112_vs_g109.jsonl,classic-random-12x10,classic,random-start,12x10,tf:109,tf:112,false,p1,accepted,,832309,832311496966,39
tf_phase7_policy_classic_2026-08-20,classic_12x10_g112_vs_g111.jsonl,classic-random-12x10,classic,random-start,12x10,tf:112,tf:111,true,p2,accepted,,832311,832313496933,0
tf_phase7_policy_classic_2026-08-20,classic_12x10_g112_vs_g111.jsonl,classic-random-12x10,classic,random-start,12x10,tf:111,tf:112,false,p1,accepted,,832311,832313496934,1
tf_phase7_policy_classic_2026-08-20,classic_12x10_g112_vs_g111.jsonl,classic-random-12x10,classic,random-start,12x10,tf:112,tf:111,true,p2,accepted,,832311,832313496935,2
tf_phase7_policy_classic_2026-08-20,classic_12x10_g112_vs_g111.jsonl,classic-random-12x10,classic,random-start,12x10,tf:111,tf:112,false,p2,accepted,,832311,832313496936,3
tf_phase7_policy_classic_2026-08-20,classic_12x10_g112_vs_g111.jsonl,classic-random-12x10,classic,random-start,12x10,tf:112,tf:111,true,p2,accepted,,832311,832313496937,4
tf_phase7_policy_classic_2026-08-20,classic_12x10_g112_vs_g111.jsonl,classic-random-12x10,classic,random-start,12x10,tf:111,tf:112,false,p2,accepted,,832311,832313496938,5
tf_phase7_policy_classic_2026-08-20,classic_12x10_g112_vs_g111.jsonl,classic-random-12x10,classic,random-start,12x10,tf:112,tf:111,true,p2,accepted,,832311,832313496939,6
tf_phase7_policy_classic_2026-08-20,classic_12x10_g112_vs_g111.jsonl,classic-random-12x10,classic,random-start,12x10,tf:111,tf:112,false,p1,accepted,,832311,832313496940,7
tf_phase7_policy_classic_2026-08-20,classic_12x10_g112_vs_g111.jsonl,classic-random-12x10,classic,random-start,12x10,tf:112,tf:111,true,p2,accepted,,832311,832313496941,8
tf_phase7_policy_classic_2026-08-20,classic_12x10_g112_vs_g111.jsonl,classic-random-12x10,classic,random-start,12x10,tf:111,tf:112,false,p1,accepted,,832311,832313496942,9
tf_phase7_policy_classic_2026-08-20,classic_12x10_g112_vs_g111.jsonl,classic-random-12x10,classic,random-start,12x10,tf:112,tf:111,true,p1,accepted,,832311,832313496943,10
tf_phase7_policy_classic_2026-08-20,classic_12x10_g112_vs_g111.jsonl,classic-random-12x10,classic,random-start,12x10,tf:111,tf:112,false,p1,accepted,,832311,832313496944,11
tf_phase7_policy_classic_2026-08-20,classic_12x10_g112_vs_g111.jsonl,classic-random-12x10,classic,random-start,12x10,tf:112,tf:111,true,p2,accepted,,832311,832313496945,12
tf_phase7_policy_classic_2026-08-20,classic_12x10_g112_vs_g111.jsonl,classic-random-12x10,classic,random-start,12x10,tf:111,tf:112,false,p2,accepted,,832311,832313496946,13
tf_phase7_policy_classic_2026-08-20,classic_12x10_g112_vs_g111.jsonl,classic-random-12x10,classic,random-start,12x10,tf:112,tf:111,true,p1,accepted,,832311,832313496947,14
tf_phase7_policy_classic_2026-08-20,classic_12x10_g112_vs_g111.jsonl,classic-random-12x10,classic,random-start,12x10,tf:111,tf:112,false,p2,accepted,,832311,832313496948,15
tf_phase7_policy_classic_2026-08-20,classic_12x10_g112_vs_g111.jsonl,classic-random-12x10,classic,random-start,12x10,tf:112,tf:111,true,p1,accepted,,832311,832313496949,16
tf_phase7_policy_classic_2026-08-20,classic_12x10_g112_vs_g111.jsonl,classic-random-12x10,classic,random-start,12x10,tf:111,tf:112,false,p2,accepted,,832311,832313496950,17
tf_phase7_policy_classic_2026-08-20,classic_12x10_g112_vs_g111.jsonl,classic-random-12x10,classic,random-start,12x10,tf:112,tf:111,true,p2,accepted,,832311,832313496951,18
tf_phase7_policy_classic_2026-08-20,classic_12x10_g112_vs_g111.jsonl,classic-random-12x10,classic,random-start,12x10,tf:111,tf:112,false,p1,accepted,,832311,832313496952,19
tf_phase7_policy_classic_2026-08-20,classic_12x10_g112_vs_g111.jsonl,classic-random-12x10,classic,random-start,12x10,tf:112,tf:111,true,p2,accepted,,832311,832313496953,20
tf_phase7_policy_classic_2026-08-20,classic_12x10_g112_vs_g111.jsonl,classic-random-12x10,classic,random-start,12x10,tf:111,tf:112,false,p1,accepted,,832311,832313496954,21
tf_phase7_policy_classic_2026-08-20,classic_12x10_g112_vs_g111.jsonl,classic-random-12x10,classic,random-start,12x10,tf:112,tf:111,true,p1,accepted,,832311,832313496955,22
tf_phase7_policy_classic_2026-08-20,classic_12x10_g112_vs_g111.jsonl,classic-random-12x10,classic,random-start,12x10,tf:111,tf:112,false,p2,accepted,,832311,832313496956,23
tf_phase7_policy_classic_2026-08-20,classic_12x10_g112_vs_g111.jsonl,classic-random-12x10,classic,random-start,12x10,tf:112,tf:111,true,p2,accepted,,832311,832313496957,24
tf_phase7_policy_classic_2026-08-20,classic_12x10_g112_vs_g111.jsonl,classic-random-12x10,classic,random-start,12x10,tf:111,tf:112,false,p1,accepted,,832311,832313496958,25
tf_phase7_policy_classic_2026-08-20,classic_12x10_g112_vs_g111.jsonl,classic-random-12x10,classic,random-start,12x10,tf:112,tf:111,true,p1,accepted,,832311,832313496959,26
tf_phase7_policy_classic_2026-08-20,classic_12x10_g112_vs_g111.jsonl,classic-random-12x10,classic,random-start,12x10,tf:111,tf:112,false,p2,accepted,,832311,832313496960,27
tf_phase7_policy_classic_2026-08-20,classic_12x10_g112_vs_g111.jsonl,classic-random-12x10,classic,random-start,12x10,tf:112,tf:111,true,p1,accepted,,832311,832313496961,28
tf_phase7_policy_classic_2026-08-20,classic_12x10_g112_vs_g111.jsonl,classic-random-12x10,classic,random-start,12x10,tf:111,tf:112,false,p2,accepted,,832311,832313496962,29
tf_phase7_policy_classic_2026-08-20,classic_12x10_g112_vs_g111.jsonl,classic-random-12x10,classic,random-start,12x10,tf:112,tf:111,true,p1,accepted,,832311,832313496963,30
tf_phase7_policy_classic_2026-08-20,classic_12x10_g112_vs_g111.jsonl,classic-random-12x10,classic,random-start,12x10,tf:111,tf:112,false,p1,accepted,,832311,832313496964,31
tf_phase7_policy_classic_2026-08-20,classic_12x10_g112_vs_g111.jsonl,classic-random-12x10,classic,random-start,12x10,tf:112,tf:111,true,p1,accepted,,832311,832313496965,32
tf_phase7_policy_classic_2026-08-20,classic_12x10_g112_vs_g111.jsonl,classic-random-12x10,classic,random-start,12x10,tf:111,tf:112,false,p1,accepted,,832311,832313496966,33
tf_phase7_policy_classic_2026-08-20,classic_12x10_g112_vs_g111.jsonl,classic-random-12x10,classic,random-start,12x10,tf:112,tf:111,true,p2,accepted,,832311,832313496967,34
tf_phase7_policy_classic_2026-08-20,classic_12x10_g112_vs_g111.jsonl,classic-random-12x10,classic,random-start,12x10,tf:111,tf:112,false,p2,accepted,,832311,832313496968,35
tf_phase7_policy_classic_2026-08-20,classic_12x10_g112_vs_g111.jsonl,classic-random-12x10,classic,random-start,12x10,tf:112,tf:111,true,p2,accepted,,832311,832313496969,36
tf_phase7_policy_classic_2026-08-20,classic_12x10_g112_vs_g111.jsonl,classic-random-12x10,classic,random-start,12x10,tf:111,tf:112,false,p1,accepted,,832311,832313496970,37
tf_phase7_policy_classic_2026-08-20,classic_12x10_g112_vs_g111.jsonl,classic-random-12x10,classic,random-start,12x10,tf:112,tf:111,true,p2,accepted,,832311,832313496971,38
tf_phase7_policy_classic_2026-08-20,classic_12x10_g112_vs_g111.jsonl,classic-random-12x10,classic,random-start,12x10,tf:111,tf:112,false,p1,accepted,,832311,832313496972,39
tf_phase7_policy_classic_2026-08-20,classic_12x10_g113_vs_g107.jsonl,classic-random-12x10,classic,random-start,12x10,tf:113,tf:107,true,p2,accepted,,832407,832409497221,0
tf_phase7_policy_classic_2026-08-20,classic_12x10_g113_vs_g107.jsonl,classic-random-12x10,classic,random-start,12x10,tf:107,tf:113,false,p2,accepted,,832407,832409497222,1
tf_phase7_policy_classic_2026-08-20,classic_12x10_g113_vs_g107.jsonl,classic-random-12x10,classic,random-start,12x10,tf:113,tf:107,true,p2,accepted,,832407,832409497223,2
tf_phase7_policy_classic_2026-08-20,classic_12x10_g113_vs_g107.jsonl,classic-random-12x10,classic,random-start,12x10,tf:107,tf:113,false,p1,accepted,,832407,832409497224,3
tf_phase7_policy_classic_2026-08-20,classic_12x10_g113_vs_g107.jsonl,classic-random-12x10,classic,random-start,12x10,tf:113,tf:107,true,p2,accepted,,832407,832409497225,4
tf_phase7_policy_classic_2026-08-20,classic_12x10_g113_vs_g107.jsonl,classic-random-12x10,classic,random-start,12x10,tf:107,tf:113,false,p1,accepted,,832407,832409497226,5
tf_phase7_policy_classic_2026-08-20,classic_12x10_g113_vs_g107.jsonl,classic-random-12x10,classic,random-start,12x10,tf:113,tf:107,true,p2,accepted,,832407,832409497227,6
tf_phase7_policy_classic_2026-08-20,classic_12x10_g113_vs_g107.jsonl,classic-random-12x10,classic,random-start,12x10,tf:107,tf:113,false,p2,accepted,,832407,832409497228,7
tf_phase7_policy_classic_2026-08-20,classic_12x10_g113_vs_g107.jsonl,classic-random-12x10,classic,random-start,12x10,tf:113,tf:107,true,p2,accepted,,832407,832409497229,8
tf_phase7_policy_classic_2026-08-20,classic_12x10_g113_vs_g107.jsonl,classic-random-12x10,classic,random-start,12x10,tf:107,tf:113,false,p2,accepted,,832407,832409497230,9
tf_phase7_policy_classic_2026-08-20,classic_12x10_g113_vs_g107.jsonl,classic-random-12x10,classic,random-start,12x10,tf:113,tf:107,true,p2,accepted,,832407,832409497231,10
tf_phase7_policy_classic_2026-08-20,classic_12x10_g113_vs_g107.jsonl,classic-random-12x10,classic,random-start,12x10,tf:107,tf:113,false,p2,accepted,,832407,832409497232,11
tf_phase7_policy_classic_2026-08-20,classic_12x10_g113_vs_g107.jsonl,classic-random-12x10,classic,random-start,12x10,tf:113,tf:107,true,p1,accepted,,832407,832409497233,12
tf_phase7_policy_classic_2026-08-20,classic_12x10_g113_vs_g107.jsonl,classic-random-12x10,classic,random-start,12x10,tf:107,tf:113,false,p1,accepted,,832407,832409497234,13
tf_phase7_policy_classic_2026-08-20,classic_12x10_g113_vs_g107.jsonl,classic-random-12x10,classic,random-start,12x10,tf:113,tf:107,true,p1,accepted,,832407,832409497235,14
tf_phase7_policy_classic_2026-08-20,classic_12x10_g113_vs_g107.jsonl,classic-random-12x10,classic,random-start,12x10,tf:107,tf:113,false,p1,accepted,,832407,832409497236,15
tf_phase7_policy_classic_2026-08-20,classic_12x10_g113_vs_g107.jsonl,classic-random-12x10,classic,random-start,12x10,tf:113,tf:107,true,p1,accepted,,832407,832409497237,16
tf_phase7_policy_classic_2026-08-20,classic_12x10_g113_vs_g107.jsonl,classic-random-12x10,classic,random-start,12x10,tf:107,tf:113,false,p1,accepted,,832407,832409497238,17
tf_phase7_policy_classic_2026-08-20,classic_12x10_g113_vs_g107.jsonl,classic-random-12x10,classic,random-start,12x10,tf:113,tf:107,true,p2,accepted,,832407,832409497239,18
tf_phase7_policy_classic_2026-08-20,classic_12x10_g113_vs_g107.jsonl,classic-random-12x10,classic,random-start,12x10,tf:107,tf:113,false,p2,accepted,,832407,832409497240,19
tf_phase7_policy_classic_2026-08-20,classic_12x10_g113_vs_g107.jsonl,classic-random-12x10,classic,random-start,12x10,tf:113,tf:107,true,p1,accepted,,832407,832409497241,20
tf_phase7_policy_classic_2026-08-20,classic_12x10_g113_vs_g107.jsonl,classic-random-12x10,classic,random-start,12x10,tf:107,tf:113,false,p1,accepted,,832407,832409497242,21
tf_phase7_policy_classic_2026-08-20,classic_12x10_g113_vs_g107.jsonl,classic-random-12x10,classic,random-start,12x10,tf:113,tf:107,true,p2,accepted,,832407,832409497243,22
tf_phase7_policy_classic_2026-08-20,classic_12x10_g113_vs_g107.jsonl,classic-random-12x10,classic,random-start,12x10,tf:107,tf:113,false,p2,accepted,,832407,832409497244,23
tf_phase7_policy_classic_2026-08-20,classic_12x10_g113_vs_g107.jsonl,classic-random-12x10,classic,random-start,12x10,tf:113,tf:107,true,p2,accepted,,832407,832409497245,24
tf_phase7_policy_classic_2026-08-20,classic_12x10_g113_vs_g107.jsonl,classic-random-12x10,classic,random-start,12x10,tf:107,tf:113,false,p1,accepted,,832407,832409497246,25
tf_phase7_policy_classic_2026-08-20,classic_12x10_g113_vs_g107.jsonl,classic-random-12x10,classic,random-start,12x10,tf:113,tf:107,true,p2,accepted,,832407,832409497247,26
tf_phase7_policy_classic_2026-08-20,classic_12x10_g113_vs_g107.jsonl,classic-random-12x10,classic,random-start,12x10,tf:107,tf:113,false,p1,accepted,,832407,832409497248,27
tf_phase7_policy_classic_2026-08-20,classic_12x10_g113_vs_g107.jsonl,classic-random-12x10,classic,random-start,12x10,tf:113,tf:107,true,p2,accepted,,832407,832409497249,28
tf_phase7_policy_classic_2026-08-20,classic_12x10_g113_vs_g107.jsonl,classic-random-12x10,classic,random-start,12x10,tf:107,tf:113,false,p2,accepted,,832407,832409497250,29
tf_phase7_policy_classic_2026-08-20,classic_12x10_g113_vs_g107.jsonl,classic-random-12x10,classic,random-start,12x10,tf:113,tf:107,true,p1,accepted,,832407,832409497251,30
tf_phase7_policy_classic_2026-08-20,classic_12x10_g113_vs_g107.jsonl,classic-random-12x10,classic,random-start,12x10,tf:107,tf:113,false,p2,accepted,,832407,832409497252,31
tf_phase7_policy_classic_2026-08-20,classic_12x10_g113_vs_g107.jsonl,classic-random-12x10,classic,random-start,12x10,tf:113,tf:107,true,p1,accepted,,832407,832409497253,32
tf_phase7_policy_classic_2026-08-20,classic_12x10_g113_vs_g107.jsonl,classic-random-12x10,classic,random-start,12x10,tf:107,tf:113,false,p2,accepted,,832407,832409497254,33
tf_phase7_policy_classic_2026-08-20,classic_12x10_g113_vs_g107.jsonl,classic-random-12x10,classic,random-start,12x10,tf:113,tf:107,true,p2,accepted,,832407,832409497255,34
tf_phase7_policy_classic_2026-08-20,classic_12x10_g113_vs_g107.jsonl,classic-random-12x10,classic,random-start,12x10,tf:107,tf:113,false,p1,accepted,,832407,832409497256,35
tf_phase7_policy_classic_2026-08-20,classic_12x10_g113_vs_g107.jsonl,classic-random-12x10,classic,random-start,12x10,tf:113,tf:107,true,p2,accepted,,832407,832409497257,36
tf_phase7_policy_classic_2026-08-20,classic_12x10_g113_vs_g107.jsonl,classic-random-12x10,classic,random-start,12x10,tf:107,tf:113,false,p2,accepted,,832407,832409497258,37
tf_phase7_policy_classic_2026-08-20,classic_12x10_g113_vs_g107.jsonl,classic-random-12x10,classic,random-start,12x10,tf:113,tf:107,true,p2,accepted,,832407,832409497259,38
tf_phase7_policy_classic_2026-08-20,classic_12x10_g113_vs_g107.jsonl,classic-random-12x10,classic,random-start,12x10,tf:107,tf:113,false,p1,accepted,,832407,832409497260,39
tf_phase7_policy_classic_2026-08-20,classic_12x10_g113_vs_g110.jsonl,classic-random-12x10,classic,random-start,12x10,tf:113,tf:110,true,p1,accepted,,832410,832412497230,0
tf_phase7_policy_classic_2026-08-20,classic_12x10_g113_vs_g110.jsonl,classic-random-12x10,classic,random-start,12x10,tf:110,tf:113,false,p2,accepted,,832410,832412497231,1
tf_phase7_policy_classic_2026-08-20,classic_12x10_g113_vs_g110.jsonl,classic-random-12x10,classic,random-start,12x10,tf:113,tf:110,true,p1,accepted,,832410,832412497232,2
tf_phase7_policy_classic_2026-08-20,classic_12x10_g113_vs_g110.jsonl,classic-random-12x10,classic,random-start,12x10,tf:110,tf:113,false,p2,accepted,,832410,832412497233,3
tf_phase7_policy_classic_2026-08-20,classic_12x10_g113_vs_g110.jsonl,classic-random-12x10,classic,random-start,12x10,tf:113,tf:110,true,p1,accepted,,832410,832412497234,4
tf_phase7_policy_classic_2026-08-20,classic_12x10_g113_vs_g110.jsonl,classic-random-12x10,classic,random-start,12x10,tf:110,tf:113,false,p1,accepted,,832410,832412497235,5
tf_phase7_policy_classic_2026-08-20,classic_12x10_g113_vs_g110.jsonl,classic-random-12x10,classic,random-start,12x10,tf:113,tf:110,true,p1,accepted,,832410,832412497236,6
tf_phase7_policy_classic_2026-08-20,classic_12x10_g113_vs_g110.jsonl,classic-random-12x10,classic,random-start,12x10,tf:110,tf:113,false,p1,accepted,,832410,832412497237,7
tf_phase7_policy_classic_2026-08-20,classic_12x10_g113_vs_g110.jsonl,classic-random-12x10,classic,random-start,12x10,tf:113,tf:110,true,p1,accepted,,832410,832412497238,8
tf_phase7_policy_classic_2026-08-20,classic_12x10_g113_vs_g110.jsonl,classic-random-12x10,classic,random-start,12x10,tf:110,tf:113,false,p1,accepted,,832410,832412497239,9
tf_phase7_policy_classic_2026-08-20,classic_12x10_g113_vs_g110.jsonl,classic-random-12x10,classic,random-start,12x10,tf:113,tf:110,true,p2,accepted,,832410,832412497240,10
tf_phase7_policy_classic_2026-08-20,classic_12x10_g113_vs_g110.jsonl,classic-random-12x10,classic,random-start,12x10,tf:110,tf:113,false,,excluded,no-legal-move,832410,832412497241,11
tf_phase7_policy_classic_2026-08-20,classic_12x10_g113_vs_g110.jsonl,classic-random-12x10,classic,random-start,12x10,tf:113,tf:110,true,p1,accepted,,832410,832412497242,12
tf_phase7_policy_classic_2026-08-20,classic_12x10_g113_vs_g110.jsonl,classic-random-12x10,classic,random-start,12x10,tf:110,tf:113,false,p1,accepted,,832410,832412497243,13
tf_phase7_policy_classic_2026-08-20,classic_12x10_g113_vs_g110.jsonl,classic-random-12x10,classic,random-start,12x10,tf:113,tf:110,true,p2,accepted,,832410,832412497244,14
tf_phase7_policy_classic_2026-08-20,classic_12x10_g113_vs_g110.jsonl,classic-random-12x10,classic,random-start,12x10,tf:110,tf:113,false,p1,accepted,,832410,832412497245,15
tf_phase7_policy_classic_2026-08-20,classic_12x10_g113_vs_g110.jsonl,classic-random-12x10,classic,random-start,12x10,tf:113,tf:110,true,p2,accepted,,832410,832412497246,16
tf_phase7_policy_classic_2026-08-20,classic_12x10_g113_vs_g110.jsonl,classic-random-12x10,classic,random-start,12x10,tf:110,tf:113,false,p1,accepted,,832410,832412497247,17
tf_phase7_policy_classic_2026-08-20,classic_12x10_g113_vs_g110.jsonl,classic-random-12x10,classic,random-start,12x10,tf:113,tf:110,true,p1,accepted,,832410,832412497248,18
tf_phase7_policy_classic_2026-08-20,classic_12x10_g113_vs_g110.jsonl,classic-random-12x10,classic,random-start,12x10,tf:110,tf:113,false,p1,accepted,,832410,832412497249,19
tf_phase7_policy_classic_2026-08-20,classic_12x10_g113_vs_g110.jsonl,classic-random-12x10,classic,random-start,12x10,tf:113,tf:110,true,p2,accepted,,832410,832412497250,20
tf_phase7_policy_classic_2026-08-20,classic_12x10_g113_vs_g110.jsonl,classic-random-12x10,classic,random-start,12x10,tf:110,tf:113,false,p2,accepted,,832410,832412497251,21
tf_phase7_policy_classic_2026-08-20,classic_12x10_g113_vs_g110.jsonl,classic-random-12x10,classic,random-start,12x10,tf:113,tf:110,true,p1,accepted,,832410,832412497252,22
tf_phase7_policy_classic_2026-08-20,classic_12x10_g113_vs_g110.jsonl,classic-random-12x10,classic,random-start,12x10,tf:110,tf:113,false,p2,accepted,,832410,832412497253,23
tf_phase7_policy_classic_2026-08-20,classic_12x10_g113_vs_g110.jsonl,classic-random-12x10,classic,random-start,12x10,tf:113,tf:110,true,p2,accepted,,832410,832412497254,24
tf_phase7_policy_classic_2026-08-20,classic_12x10_g113_vs_g110.jsonl,classic-random-12x10,classic,random-start,12x10,tf:110,tf:113,false,p2,accepted,,832410,832412497255,25
tf_phase7_policy_classic_2026-08-20,classic_12x10_g113_vs_g110.jsonl,classic-random-12x10,classic,random-start,12x10,tf:113,tf:110,true,p2,accepted,,832410,832412497256,26
tf_phase7_policy_classic_2026-08-20,classic_12x10_g113_vs_g110.jsonl,classic-random-12x10,classic,random-start,12x10,tf:110,tf:113,false,p1,accepted,,832410,832412497257,27
tf_phase7_policy_classic_2026-08-20,classic_12x10_g113_vs_g110.jsonl,classic-random-12x10,classic,random-start,12x10,tf:113,tf:110,true,p1,accepted,,832410,832412497258,28
tf_phase7_policy_classic_2026-08-20,classic_12x10_g113_vs_g110.jsonl,classic-random-12x10,classic,random-start,12x10,tf:110,tf:113,false,p1,accepted,,832410,832412497259,29
tf_phase7_policy_classic_2026-08-20,classic_12x10_g113_vs_g110.jsonl,classic-random-12x10,classic,random-start,12x10,tf:113,tf:110,true,p2,accepted,,832410,832412497260,30
tf_phase7_policy_classic_2026-08-20,classic_12x10_g113_vs_g110.jsonl,classic-random-12x10,classic,random-start,12x10,tf:110,tf:113,false,p1,accepted,,832410,832412497261,31
tf_phase7_policy_classic_2026-08-20,classic_12x10_g113_vs_g110.jsonl,classic-random-12x10,classic,random-start,12x10,tf:113,tf:110,true,p1,accepted,,832410,832412497262,32
tf_phase7_policy_classic_2026-08-20,classic_12x10_g113_vs_g110.jsonl,classic-random-12x10,classic,random-start,12x10,tf:110,tf:113,false,p1,accepted,,832410,832412497263,33
tf_phase7_policy_classic_2026-08-20,classic_12x10_g113_vs_g110.jsonl,classic-random-12x10,classic,random-start,12x10,tf:113,tf:110,true,p1,accepted,,832410,832412497264,34
tf_phase7_policy_classic_2026-08-20,classic_12x10_g113_vs_g110.jsonl,classic-random-12x10,classic,random-start,12x10,tf:110,tf:113,false,p2,accepted,,832410,832412497265,35
tf_phase7_policy_classic_2026-08-20,classic_12x10_g113_vs_g110.jsonl,classic-random-12x10,classic,random-start,12x10,tf:113,tf:110,true,p1,accepted,,832410,832412497266,36
tf_phase7_policy_classic_2026-08-20,classic_12x10_g113_vs_g110.jsonl,classic-random-12x10,classic,random-start,12x10,tf:110,tf:113,false,p1,accepted,,832410,832412497267,37
tf_phase7_policy_classic_2026-08-20,classic_12x10_g113_vs_g110.jsonl,classic-random-12x10,classic,random-start,12x10,tf:113,tf:110,true,p1,accepted,,832410,832412497268,38
tf_phase7_policy_classic_2026-08-20,classic_12x10_g113_vs_g110.jsonl,classic-random-12x10,classic,random-start,12x10,tf:110,tf:113,false,p1,accepted,,832410,832412497269,39
tf_phase7_policy_classic_2026-08-20,classic_12x10_g113_vs_g112.jsonl,classic-random-12x10,classic,random-start,12x10,tf:113,tf:112,true,p2,accepted,,832412,832414497236,0
tf_phase7_policy_classic_2026-08-20,classic_12x10_g113_vs_g112.jsonl,classic-random-12x10,classic,random-start,12x10,tf:112,tf:113,false,p2,accepted,,832412,832414497237,1
tf_phase7_policy_classic_2026-08-20,classic_12x10_g113_vs_g112.jsonl,classic-random-12x10,classic,random-start,12x10,tf:113,tf:112,true,p1,accepted,,832412,832414497238,2
tf_phase7_policy_classic_2026-08-20,classic_12x10_g113_vs_g112.jsonl,classic-random-12x10,classic,random-start,12x10,tf:112,tf:113,false,p1,accepted,,832412,832414497239,3
tf_phase7_policy_classic_2026-08-20,classic_12x10_g113_vs_g112.jsonl,classic-random-12x10,classic,random-start,12x10,tf:113,tf:112,true,p1,accepted,,832412,832414497240,4
tf_phase7_policy_classic_2026-08-20,classic_12x10_g113_vs_g112.jsonl,classic-random-12x10,classic,random-start,12x10,tf:112,tf:113,false,p1,accepted,,832412,832414497241,5
tf_phase7_policy_classic_2026-08-20,classic_12x10_g113_vs_g112.jsonl,classic-random-12x10,classic,random-start,12x10,tf:113,tf:112,true,p1,accepted,,832412,832414497242,6
tf_phase7_policy_classic_2026-08-20,classic_12x10_g113_vs_g112.jsonl,classic-random-12x10,classic,random-start,12x10,tf:112,tf:113,false,p1,accepted,,832412,832414497243,7
tf_phase7_policy_classic_2026-08-20,classic_12x10_g113_vs_g112.jsonl,classic-random-12x10,classic,random-start,12x10,tf:113,tf:112,true,p2,accepted,,832412,832414497244,8
tf_phase7_policy_classic_2026-08-20,classic_12x10_g113_vs_g112.jsonl,classic-random-12x10,classic,random-start,12x10,tf:112,tf:113,false,p2,accepted,,832412,832414497245,9
tf_phase7_policy_classic_2026-08-20,classic_12x10_g113_vs_g112.jsonl,classic-random-12x10,classic,random-start,12x10,tf:113,tf:112,true,p1,accepted,,832412,832414497246,10
tf_phase7_policy_classic_2026-08-20,classic_12x10_g113_vs_g112.jsonl,classic-random-12x10,classic,random-start,12x10,tf:112,tf:113,false,p1,accepted,,832412,832414497247,11
tf_phase7_policy_classic_2026-08-20,classic_12x10_g113_vs_g112.jsonl,classic-random-12x10,classic,random-start,12x10,tf:113,tf:112,true,p1,accepted,,832412,832414497248,12
tf_phase7_policy_classic_2026-08-20,classic_12x10_g113_vs_g112.jsonl,classic-random-12x10,classic,random-start,12x10,tf:112,tf:113,false,p1,accepted,,832412,832414497249,13
tf_phase7_policy_classic_2026-08-20,classic_12x10_g113_vs_g112.jsonl,classic-random-12x10,classic,random-start,12x10,tf:113,tf:112,true,p1,accepted,,832412,832414497250,14
tf_phase7_policy_classic_2026-08-20,classic_12x10_g113_vs_g112.jsonl,classic-random-12x10,classic,random-start,12x10,tf:112,tf:113,false,p1,accepted,,832412,832414497251,15
tf_phase7_policy_classic_2026-08-20,classic_12x10_g113_vs_g112.jsonl,classic-random-12x10,classic,random-start,12x10,tf:113,tf:112,true,p1,accepted,,832412,832414497252,16
tf_phase7_policy_classic_2026-08-20,classic_12x10_g113_vs_g112.jsonl,classic-random-12x10,classic,random-start,12x10,tf:112,tf:113,false,p1,accepted,,832412,832414497253,17
tf_phase7_policy_classic_2026-08-20,classic_12x10_g113_vs_g112.jsonl,classic-random-12x10,classic,random-start,12x10,tf:113,tf:112,true,p1,accepted,,832412,832414497254,18
tf_phase7_policy_classic_2026-08-20,classic_12x10_g113_vs_g112.jsonl,classic-random-12x10,classic,random-start,12x10,tf:112,tf:113,false,p1,accepted,,832412,832414497255,19
tf_phase7_policy_classic_2026-08-20,classic_12x10_g113_vs_g112.jsonl,classic-random-12x10,classic,random-start,12x10,tf:113,tf:112,true,p1,accepted,,832412,832414497256,20
tf_phase7_policy_classic_2026-08-20,classic_12x10_g113_vs_g112.jsonl,classic-random-12x10,classic,random-start,12x10,tf:112,tf:113,false,p1,accepted,,832412,832414497257,21
tf_phase7_policy_classic_2026-08-20,classic_12x10_g113_vs_g112.jsonl,classic-random-12x10,classic,random-start,12x10,tf:113,tf:112,true,p1,accepted,,832412,832414497258,22
tf_phase7_policy_classic_2026-08-20,classic_12x10_g113_vs_g112.jsonl,classic-random-12x10,classic,random-start,12x10,tf:112,tf:113,false,p1,accepted,,832412,832414497259,23
tf_phase7_policy_classic_2026-08-20,classic_12x10_g113_vs_g112.jsonl,classic-random-12x10,classic,random-start,12x10,tf:113,tf:112,true,p1,accepted,,832412,832414497260,24
tf_phase7_policy_classic_2026-08-20,classic_12x10_g113_vs_g112.jsonl,classic-random-12x10,classic,random-start,12x10,tf:112,tf:113,false,p2,accepted,,832412,832414497261,25
tf_phase7_policy_classic_2026-08-20,classic_12x10_g113_vs_g112.jsonl,classic-random-12x10,classic,random-start,12x10,tf:113,tf:112,true,p1,accepted,,832412,832414497262,26
tf_phase7_policy_classic_2026-08-20,classic_12x10_g113_vs_g112.jsonl,classic-random-12x10,classic,random-start,12x10,tf:112,tf:113,false,p1,accepted,,832412,832414497263,27
tf_phase7_policy_classic_2026-08-20,classic_12x10_g113_vs_g112.jsonl,classic-random-12x10,classic,random-start,12x10,tf:113,tf:112,true,p2,accepted,,832412,832414497264,28
tf_phase7_policy_classic_2026-08-20,classic_12x10_g113_vs_g112.jsonl,classic-random-12x10,classic,random-start,12x10,tf:112,tf:113,false,p1,accepted,,832412,832414497265,29
tf_phase7_policy_classic_2026-08-20,classic_12x10_g113_vs_g112.jsonl,classic-random-12x10,classic,random-start,12x10,tf:113,tf:112,true,p2,accepted,,832412,832414497266,30
tf_phase7_policy_classic_2026-08-20,classic_12x10_g113_vs_g112.jsonl,classic-random-12x10,classic,random-start,12x10,tf:112,tf:113,false,p1,accepted,,832412,832414497267,31
tf_phase7_policy_classic_2026-08-20,classic_12x10_g113_vs_g112.jsonl,classic-random-12x10,classic,random-start,12x10,tf:113,tf:112,true,p2,accepted,,832412,832414497268,32
tf_phase7_policy_classic_2026-08-20,classic_12x10_g113_vs_g112.jsonl,classic-random-12x10,classic,random-start,12x10,tf:112,tf:113,false,p2,accepted,,832412,832414497269,33
tf_phase7_policy_classic_2026-08-20,classic_12x10_g113_vs_g112.jsonl,classic-random-12x10,classic,random-start,12x10,tf:113,tf:112,true,p1,accepted,,832412,832414497270,34
tf_phase7_policy_classic_2026-08-20,classic_12x10_g113_vs_g112.jsonl,classic-random-12x10,classic,random-start,12x10,tf:112,tf:113,false,p1,accepted,,832412,832414497271,35
tf_phase7_policy_classic_2026-08-20,classic_12x10_g113_vs_g112.jsonl,classic-random-12x10,classic,random-start,12x10,tf:113,tf:112,true,p1,accepted,,832412,832414497272,36
tf_phase7_policy_classic_2026-08-20,classic_12x10_g113_vs_g112.jsonl,classic-random-12x10,classic,random-start,12x10,tf:112,tf:113,false,p2,accepted,,832412,832414497273,37
tf_phase7_policy_classic_2026-08-20,classic_12x10_g113_vs_g112.jsonl,classic-random-12x10,classic,random-start,12x10,tf:113,tf:112,true,p2,accepted,,832412,832414497274,38
tf_phase7_policy_classic_2026-08-20,classic_12x10_g113_vs_g112.jsonl,classic-random-12x10,classic,random-start,12x10,tf:112,tf:113,false,p2,accepted,,832412,832414497275,39
tf_phase7_policy_classic_2026-08-20,classic_12x10_g114_vs_g108.jsonl,classic-random-12x10,classic,random-start,12x10,tf:114,tf:108,true,p2,accepted,,832508,832510497524,0
tf_phase7_policy_classic_2026-08-20,classic_12x10_g114_vs_g108.jsonl,classic-random-12x10,classic,random-start,12x10,tf:108,tf:114,false,p1,accepted,,832508,832510497525,1
tf_phase7_policy_classic_2026-08-20,classic_12x10_g114_vs_g108.jsonl,classic-random-12x10,classic,random-start,12x10,tf:114,tf:108,true,p1,accepted,,832508,832510497526,2
tf_phase7_policy_classic_2026-08-20,classic_12x10_g114_vs_g108.jsonl,classic-random-12x10,classic,random-start,12x10,tf:108,tf:114,false,p1,accepted,,832508,832510497527,3
tf_phase7_policy_classic_2026-08-20,classic_12x10_g114_vs_g108.jsonl,classic-random-12x10,classic,random-start,12x10,tf:114,tf:108,true,p2,accepted,,832508,832510497528,4
tf_phase7_policy_classic_2026-08-20,classic_12x10_g114_vs_g108.jsonl,classic-random-12x10,classic,random-start,12x10,tf:108,tf:114,false,p1,accepted,,832508,832510497529,5
tf_phase7_policy_classic_2026-08-20,classic_12x10_g114_vs_g108.jsonl,classic-random-12x10,classic,random-start,12x10,tf:114,tf:108,true,p2,accepted,,832508,832510497530,6
tf_phase7_policy_classic_2026-08-20,classic_12x10_g114_vs_g108.jsonl,classic-random-12x10,classic,random-start,12x10,tf:108,tf:114,false,p1,accepted,,832508,832510497531,7
tf_phase7_policy_classic_2026-08-20,classic_12x10_g114_vs_g108.jsonl,classic-random-12x10,classic,random-start,12x10,tf:114,tf:108,true,p2,accepted,,832508,832510497532,8
tf_phase7_policy_classic_2026-08-20,classic_12x10_g114_vs_g108.jsonl,classic-random-12x10,classic,random-start,12x10,tf:108,tf:114,false,p1,accepted,,832508,832510497533,9
tf_phase7_policy_classic_2026-08-20,classic_12x10_g114_vs_g108.jsonl,classic-random-12x10,classic,random-start,12x10,tf:114,tf:108,true,p1,accepted,,832508,832510497534,10
tf_phase7_policy_classic_2026-08-20,classic_12x10_g114_vs_g108.jsonl,classic-random-12x10,classic,random-start,12x10,tf:108,tf:114,false,p1,accepted,,832508,832510497535,11
tf_phase7_policy_classic_2026-08-20,classic_12x10_g114_vs_g108.jsonl,classic-random-12x10,classic,random-start,12x10,tf:114,tf:108,true,p2,accepted,,832508,832510497536,12
tf_phase7_policy_classic_2026-08-20,classic_12x10_g114_vs_g108.jsonl,classic-random-12x10,classic,random-start,12x10,tf:108,tf:114,false,p1,accepted,,832508,832510497537,13
tf_phase7_policy_classic_2026-08-20,classic_12x10_g114_vs_g108.jsonl,classic-random-12x10,classic,random-start,12x10,tf:114,tf:108,true,p1,accepted,,832508,832510497538,14
tf_phase7_policy_classic_2026-08-20,classic_12x10_g114_vs_g108.jsonl,classic-random-12x10,classic,random-start,12x10,tf:108,tf:114,false,p1,accepted,,832508,832510497539,15
tf_phase7_policy_classic_2026-08-20,classic_12x10_g114_vs_g108.jsonl,classic-random-12x10,classic,random-start,12x10,tf:114,tf:108,true,p2,accepted,,832508,832510497540,16
tf_phase7_policy_classic_2026-08-20,classic_12x10_g114_vs_g108.jsonl,classic-random-12x10,classic,random-start,12x10,tf:108,tf:114,false,p1,accepted,,832508,832510497541,17
tf_phase7_policy_classic_2026-08-20,classic_12x10_g114_vs_g108.jsonl,classic-random-12x10,classic,random-start,12x10,tf:114,tf:108,true,p1,accepted,,832508,832510497542,18
tf_phase7_policy_classic_2026-08-20,classic_12x10_g114_vs_g108.jsonl,classic-random-12x10,classic,random-start,12x10,tf:108,tf:114,false,p1,accepted,,832508,832510497543,19
tf_phase7_policy_classic_2026-08-20,classic_12x10_g114_vs_g108.jsonl,classic-random-12x10,classic,random-start,12x10,tf:114,tf:108,true,p2,accepted,,832508,832510497544,20
tf_phase7_policy_classic_2026-08-20,classic_12x10_g114_vs_g108.jsonl,classic-random-12x10,classic,random-start,12x10,tf:108,tf:114,false,p2,accepted,,832508,832510497545,21
tf_phase7_policy_classic_2026-08-20,classic_12x10_g114_vs_g108.jsonl,classic-random-12x10,classic,random-start,12x10,tf:114,tf:108,true,p2,accepted,,832508,832510497546,22
tf_phase7_policy_classic_2026-08-20,classic_12x10_g114_vs_g108.jsonl,classic-random-12x10,classic,random-start,12x10,tf:108,tf:114,false,p1,accepted,,832508,832510497547,23
tf_phase7_policy_classic_2026-08-20,classic_12x10_g114_vs_g108.jsonl,classic-random-12x10,classic,random-start,12x10,tf:114,tf:108,true,p2,accepted,,832508,832510497548,24
tf_phase7_policy_classic_2026-08-20,classic_12x10_g114_vs_g108.jsonl,classic-random-12x10,classic,random-start,12x10,tf:108,tf:114,false,p2,accepted,,832508,832510497549,25
tf_phase7_policy_classic_2026-08-20,classic_12x10_g114_vs_g108.jsonl,classic-random-12x10,classic,random-start,12x10,tf:114,tf:108,true,p1,accepted,,832508,832510497550,26
tf_phase7_policy_classic_2026-08-20,classic_12x10_g114_vs_g108.jsonl,classic-random-12x10,classic,random-start,12x10,tf:108,tf:114,false,p2,accepted,,832508,832510497551,27
tf_phase7_policy_classic_2026-08-20,classic_12x10_g114_vs_g108.jsonl,classic-random-12x10,classic,random-start,12x10,tf:114,tf:108,true,p2,accepted,,832508,832510497552,28
tf_phase7_policy_classic_2026-08-20,classic_12x10_g114_vs_g108.jsonl,classic-random-12x10,classic,random-start,12x10,tf:108,tf:114,false,p2,accepted,,832508,832510497553,29
tf_phase7_policy_classic_2026-08-20,classic_12x10_g114_vs_g108.jsonl,classic-random-12x10,classic,random-start,12x10,tf:114,tf:108,true,p2,accepted,,832508,832510497554,30
tf_phase7_policy_classic_2026-08-20,classic_12x10_g114_vs_g108.jsonl,classic-random-12x10,classic,random-start,12x10,tf:108,tf:114,false,p2,accepted,,832508,832510497555,31
tf_phase7_policy_classic_2026-08-20,classic_12x10_g114_vs_g108.jsonl,classic-random-12x10,classic,random-start,12x10,tf:114,tf:108,true,p2,accepted,,832508,832510497556,32
tf_phase7_policy_classic_2026-08-20,classic_12x10_g114_vs_g108.jsonl,classic-random-12x10,classic,random-start,12x10,tf:108,tf:114,false,p1,accepted,,832508,832510497557,33
tf_phase7_policy_classic_2026-08-20,classic_12x10_g114_vs_g108.jsonl,classic-random-12x10,classic,random-start,12x10,tf:114,tf:108,true,p1,accepted,,832508,832510497558,34
tf_phase7_policy_classic_2026-08-20,classic_12x10_g114_vs_g108.jsonl,classic-random-12x10,classic,random-start,12x10,tf:108,tf:114,false,p1,accepted,,832508,832510497559,35
tf_phase7_policy_classic_2026-08-20,classic_12x10_g114_vs_g108.jsonl,classic-random-12x10,classic,random-start,12x10,tf:114,tf:108,true,p1,accepted,,832508,832510497560,36
tf_phase7_policy_classic_2026-08-20,classic_12x10_g114_vs_g108.jsonl,classic-random-12x10,classic,random-start,12x10,tf:108,tf:114,false,p2,accepted,,832508,832510497561,37
tf_phase7_policy_classic_2026-08-20,classic_12x10_g114_vs_g108.jsonl,classic-random-12x10,classic,random-start,12x10,tf:114,tf:108,true,p2,accepted,,832508,832510497562,38
tf_phase7_policy_classic_2026-08-20,classic_12x10_g114_vs_g108.jsonl,classic-random-12x10,classic,random-start,12x10,tf:108,tf:114,false,p2,accepted,,832508,832510497563,39
tf_phase7_policy_classic_2026-08-20,classic_12x10_g114_vs_g111.jsonl,classic-random-12x10,classic,random-start,12x10,tf:114,tf:111,true,p1,accepted,,832511,832513497533,0
tf_phase7_policy_classic_2026-08-20,classic_12x10_g114_vs_g111.jsonl,classic-random-12x10,classic,random-start,12x10,tf:111,tf:114,false,p2,accepted,,832511,832513497534,1
tf_phase7_policy_classic_2026-08-20,classic_12x10_g114_vs_g111.jsonl,classic-random-12x10,classic,random-start,12x10,tf:114,tf:111,true,p1,accepted,,832511,832513497535,2
tf_phase7_policy_classic_2026-08-20,classic_12x10_g114_vs_g111.jsonl,classic-random-12x10,classic,random-start,12x10,tf:111,tf:114,false,p1,accepted,,832511,832513497536,3
tf_phase7_policy_classic_2026-08-20,classic_12x10_g114_vs_g111.jsonl,classic-random-12x10,classic,random-start,12x10,tf:114,tf:111,true,p1,accepted,,832511,832513497537,4
tf_phase7_policy_classic_2026-08-20,classic_12x10_g114_vs_g111.jsonl,classic-random-12x10,classic,random-start,12x10,tf:111,tf:114,false,p1,accepted,,832511,832513497538,5
tf_phase7_policy_classic_2026-08-20,classic_12x10_g114_vs_g111.jsonl,classic-random-12x10,classic,random-start,12x10,tf:114,tf:111,true,p2,accepted,,832511,832513497539,6
tf_phase7_policy_classic_2026-08-20,classic_12x10_g114_vs_g111.jsonl,classic-random-12x10,classic,random-start,12x10,tf:111,tf:114,false,p2,accepted,,832511,832513497540,7
tf_phase7_policy_classic_2026-08-20,classic_12x10_g114_vs_g111.jsonl,classic-random-12x10,classic,random-start,12x10,tf:114,tf:111,true,p2,accepted,,832511,832513497541,8
tf_phase7_policy_classic_2026-08-20,classic_12x10_g114_vs_g111.jsonl,classic-random-12x10,classic,random-start,12x10,tf:111,tf:114,false,p1,accepted,,832511,832513497542,9
tf_phase7_policy_classic_2026-08-20,classic_12x10_g114_vs_g111.jsonl,classic-random-12x10,classic,random-start,12x10,tf:114,tf:111,true,p1,accepted,,832511,832513497543,10
tf_phase7_policy_classic_2026-08-20,classic_12x10_g114_vs_g111.jsonl,classic-random-12x10,classic,random-start,12x10,tf:111,tf:114,false,p2,accepted,,832511,832513497544,11
tf_phase7_policy_classic_2026-08-20,classic_12x10_g114_vs_g111.jsonl,classic-random-12x10,classic,random-start,12x10,tf:114,tf:111,true,p1,accepted,,832511,832513497545,12
tf_phase7_policy_classic_2026-08-20,classic_12x10_g114_vs_g111.jsonl,classic-random-12x10,classic,random-start,12x10,tf:111,tf:114,false,p1,accepted,,832511,832513497546,13
tf_phase7_policy_classic_2026-08-20,classic_12x10_g114_vs_g111.jsonl,classic-random-12x10,classic,random-start,12x10,tf:114,tf:111,true,p1,accepted,,832511,832513497547,14
tf_phase7_policy_classic_2026-08-20,classic_12x10_g114_vs_g111.jsonl,classic-random-12x10,classic,random-start,12x10,tf:111,tf:114,false,p1,accepted,,832511,832513497548,15
tf_phase7_policy_classic_2026-08-20,classic_12x10_g114_vs_g111.jsonl,classic-random-12x10,classic,random-start,12x10,tf:114,tf:111,true,p2,accepted,,832511,832513497549,16
tf_phase7_policy_classic_2026-08-20,classic_12x10_g114_vs_g111.jsonl,classic-random-12x10,classic,random-start,12x10,tf:111,tf:114,false,p2,accepted,,832511,832513497550,17
tf_phase7_policy_classic_2026-08-20,classic_12x10_g114_vs_g111.jsonl,classic-random-12x10,classic,random-start,12x10,tf:114,tf:111,true,p1,accepted,,832511,832513497551,18
tf_phase7_policy_classic_2026-08-20,classic_12x10_g114_vs_g111.jsonl,classic-random-12x10,classic,random-start,12x10,tf:111,tf:114,false,p1,accepted,,832511,832513497552,19
tf_phase7_policy_classic_2026-08-20,classic_12x10_g114_vs_g111.jsonl,classic-random-12x10,classic,random-start,12x10,tf:114,tf:111,true,p1,accepted,,832511,832513497553,20
tf_phase7_policy_classic_2026-08-20,classic_12x10_g114_vs_g111.jsonl,classic-random-12x10,classic,random-start,12x10,tf:111,tf:114,false,p2,accepted,,832511,832513497554,21
tf_phase7_policy_classic_2026-08-20,classic_12x10_g114_vs_g111.jsonl,classic-random-12x10,classic,random-start,12x10,tf:114,tf:111,true,p2,accepted,,832511,832513497555,22
tf_phase7_policy_classic_2026-08-20,classic_12x10_g114_vs_g111.jsonl,classic-random-12x10,classic,random-start,12x10,tf:111,tf:114,false,p1,accepted,,832511,832513497556,23
tf_phase7_policy_classic_2026-08-20,classic_12x10_g114_vs_g111.jsonl,classic-random-12x10,classic,random-start,12x10,tf:114,tf:111,true,p1,accepted,,832511,832513497557,24
tf_phase7_policy_classic_2026-08-20,classic_12x10_g114_vs_g111.jsonl,classic-random-12x10,classic,random-start,12x10,tf:111,tf:114,false,p1,accepted,,832511,832513497558,25
tf_phase7_policy_classic_2026-08-20,classic_12x10_g114_vs_g111.jsonl,classic-random-12x10,classic,random-start,12x10,tf:114,tf:111,true,p1,accepted,,832511,832513497559,26
tf_phase7_policy_classic_2026-08-20,classic_12x10_g114_vs_g111.jsonl,classic-random-12x10,classic,random-start,12x10,tf:111,tf:114,false,p2,accepted,,832511,832513497560,27
tf_phase7_policy_classic_2026-08-20,classic_12x10_g114_vs_g111.jsonl,classic-random-12x10,classic,random-start,12x10,tf:114,tf:111,true,p1,accepted,,832511,832513497561,28
tf_phase7_policy_classic_2026-08-20,classic_12x10_g114_vs_g111.jsonl,classic-random-12x10,classic,random-start,12x10,tf:111,tf:114,false,p1,accepted,,832511,832513497562,29
tf_phase7_policy_classic_2026-08-20,classic_12x10_g114_vs_g111.jsonl,classic-random-12x10,classic,random-start,12x10,tf:114,tf:111,true,p1,accepted,,832511,832513497563,30
tf_phase7_policy_classic_2026-08-20,classic_12x10_g114_vs_g111.jsonl,classic-random-12x10,classic,random-start,12x10,tf:111,tf:114,false,p1,accepted,,832511,832513497564,31
tf_phase7_policy_classic_2026-08-20,classic_12x10_g114_vs_g111.jsonl,classic-random-12x10,classic,random-start,12x10,tf:114,tf:111,true,p2,accepted,,832511,832513497565,32
tf_phase7_policy_classic_2026-08-20,classic_12x10_g114_vs_g111.jsonl,classic-random-12x10,classic,random-start,12x10,tf:111,tf:114,false,p1,accepted,,832511,832513497566,33
tf_phase7_policy_classic_2026-08-20,classic_12x10_g114_vs_g111.jsonl,classic-random-12x10,classic,random-start,12x10,tf:114,tf:111,true,p2,accepted,,832511,832513497567,34
tf_phase7_policy_classic_2026-08-20,classic_12x10_g114_vs_g111.jsonl,classic-random-12x10,classic,random-start,12x10,tf:111,tf:114,false,p1,accepted,,832511,832513497568,35
tf_phase7_policy_classic_2026-08-20,classic_12x10_g114_vs_g111.jsonl,classic-random-12x10,classic,random-start,12x10,tf:114,tf:111,true,p2,accepted,,832511,832513497569,36
tf_phase7_policy_classic_2026-08-20,classic_12x10_g114_vs_g111.jsonl,classic-random-12x10,classic,random-start,12x10,tf:111,tf:114,false,p1,accepted,,832511,832513497570,37
tf_phase7_policy_classic_2026-08-20,classic_12x10_g114_vs_g111.jsonl,classic-random-12x10,classic,random-start,12x10,tf:114,tf:111,true,p1,accepted,,832511,832513497571,38
tf_phase7_policy_classic_2026-08-20,classic_12x10_g114_vs_g111.jsonl,classic-random-12x10,classic,random-start,12x10,tf:111,tf:114,false,p1,accepted,,832511,832513497572,39
tf_phase7_policy_classic_2026-08-20,classic_12x10_g114_vs_g113.jsonl,classic-random-12x10,classic,random-start,12x10,tf:114,tf:113,true,p2,accepted,,832513,832515497539,0
tf_phase7_policy_classic_2026-08-20,classic_12x10_g114_vs_g113.jsonl,classic-random-12x10,classic,random-start,12x10,tf:113,tf:114,false,p1,accepted,,832513,832515497540,1
tf_phase7_policy_classic_2026-08-20,classic_12x10_g114_vs_g113.jsonl,classic-random-12x10,classic,random-start,12x10,tf:114,tf:113,true,p1,accepted,,832513,832515497541,2
tf_phase7_policy_classic_2026-08-20,classic_12x10_g114_vs_g113.jsonl,classic-random-12x10,classic,random-start,12x10,tf:113,tf:114,false,p2,accepted,,832513,832515497542,3
tf_phase7_policy_classic_2026-08-20,classic_12x10_g114_vs_g113.jsonl,classic-random-12x10,classic,random-start,12x10,tf:114,tf:113,true,p1,accepted,,832513,832515497543,4
tf_phase7_policy_classic_2026-08-20,classic_12x10_g114_vs_g113.jsonl,classic-random-12x10,classic,random-start,12x10,tf:113,tf:114,false,p2,accepted,,832513,832515497544,5
tf_phase7_policy_classic_2026-08-20,classic_12x10_g114_vs_g113.jsonl,classic-random-12x10,classic,random-start,12x10,tf:114,tf:113,true,p2,accepted,,832513,832515497545,6
tf_phase7_policy_classic_2026-08-20,classic_12x10_g114_vs_g113.jsonl,classic-random-12x10,classic,random-start,12x10,tf:113,tf:114,false,p1,accepted,,832513,832515497546,7
tf_phase7_policy_classic_2026-08-20,classic_12x10_g114_vs_g113.jsonl,classic-random-12x10,classic,random-start,12x10,tf:114,tf:113,true,p1,accepted,,832513,832515497547,8
tf_phase7_policy_classic_2026-08-20,classic_12x10_g114_vs_g113.jsonl,classic-random-12x10,classic,random-start,12x10,tf:113,tf:114,false,p2,accepted,,832513,832515497548,9
tf_phase7_policy_classic_2026-08-20,classic_12x10_g114_vs_g113.jsonl,classic-random-12x10,classic,random-start,12x10,tf:114,tf:113,true,p1,accepted,,832513,832515497549,10
tf_phase7_policy_classic_2026-08-20,classic_12x10_g114_vs_g113.jsonl,classic-random-12x10,classic,random-start,12x10,tf:113,tf:114,false,p2,accepted,,832513,832515497550,11
tf_phase7_policy_classic_2026-08-20,classic_12x10_g114_vs_g113.jsonl,classic-random-12x10,classic,random-start,12x10,tf:114,tf:113,true,p1,accepted,,832513,832515497551,12
tf_phase7_policy_classic_2026-08-20,classic_12x10_g114_vs_g113.jsonl,classic-random-12x10,classic,random-start,12x10,tf:113,tf:114,false,p1,accepted,,832513,832515497552,13
tf_phase7_policy_classic_2026-08-20,classic_12x10_g114_vs_g113.jsonl,classic-random-12x10,classic,random-start,12x10,tf:114,tf:113,true,p1,accepted,,832513,832515497553,14
tf_phase7_policy_classic_2026-08-20,classic_12x10_g114_vs_g113.jsonl,classic-random-12x10,classic,random-start,12x10,tf:113,tf:114,false,p1,accepted,,832513,832515497554,15
tf_phase7_policy_classic_2026-08-20,classic_12x10_g114_vs_g113.jsonl,classic-random-12x10,classic,random-start,12x10,tf:114,tf:113,true,p1,accepted,,832513,832515497555,16
tf_phase7_policy_classic_2026-08-20,classic_12x10_g114_vs_g113.jsonl,classic-random-12x10,classic,random-start,12x10,tf:113,tf:114,false,p2,accepted,,832513,832515497556,17
tf_phase7_policy_classic_2026-08-20,classic_12x10_g114_vs_g113.jsonl,classic-random-12x10,classic,random-start,12x10,tf:114,tf:113,true,p1,accepted,,832513,832515497557,18
tf_phase7_policy_classic_2026-08-20,classic_12x10_g114_vs_g113.jsonl,classic-random-12x10,classic,random-start,12x10,tf:113,tf:114,false,p1,accepted,,832513,832515497558,19
tf_phase7_policy_classic_2026-08-20,classic_12x10_g114_vs_g113.jsonl,classic-random-12x10,classic,random-start,12x10,tf:114,tf:113,true,p2,accepted,,832513,832515497559,20
tf_phase7_policy_classic_2026-08-20,classic_12x10_g114_vs_g113.jsonl,classic-random-12x10,classic,random-start,12x10,tf:113,tf:114,false,p2,accepted,,832513,832515497560,21
tf_phase7_policy_classic_2026-08-20,classic_12x10_g114_vs_g113.jsonl,classic-random-12x10,classic,random-start,12x10,tf:114,tf:113,true,p2,accepted,,832513,832515497561,22
tf_phase7_policy_classic_2026-08-20,classic_12x10_g114_vs_g113.jsonl,classic-random-12x10,classic,random-start,12x10,tf:113,tf:114,false,p1,accepted,,832513,832515497562,23
tf_phase7_policy_classic_2026-08-20,classic_12x10_g114_vs_g113.jsonl,classic-random-12x10,classic,random-start,12x10,tf:114,tf:113,true,p2,accepted,,832513,832515497563,24
tf_phase7_policy_classic_2026-08-20,classic_12x10_g114_vs_g113.jsonl,classic-random-12x10,classic,random-start,12x10,tf:113,tf:114,false,p1,accepted,,832513,832515497564,25
tf_phase7_policy_classic_2026-08-20,classic_12x10_g114_vs_g113.jsonl,classic-random-12x10,classic,random-start,12x10,tf:114,tf:113,true,p1,accepted,,832513,832515497565,26
tf_phase7_policy_classic_2026-08-20,classic_12x10_g114_vs_g113.jsonl,classic-random-12x10,classic,random-start,12x10,tf:113,tf:114,false,p2,accepted,,832513,832515497566,27
tf_phase7_policy_classic_2026-08-20,classic_12x10_g114_vs_g113.jsonl,classic-random-12x10,classic,random-start,12x10,tf:114,tf:113,true,p2,accepted,,832513,832515497567,28
tf_phase7_policy_classic_2026-08-20,classic_12x10_g114_vs_g113.jsonl,classic-random-12x10,classic,random-start,12x10,tf:113,tf:114,false,p1,accepted,,832513,832515497568,29
tf_phase7_policy_classic_2026-08-20,classic_12x10_g114_vs_g113.jsonl,classic-random-12x10,classic,random-start,12x10,tf:114,tf:113,true,p1,accepted,,832513,832515497569,30
tf_phase7_policy_classic_2026-08-20,classic_12x10_g114_vs_g113.jsonl,classic-random-12x10,classic,random-start,12x10,tf:113,tf:114,false,p1,accepted,,832513,832515497570,31
tf_phase7_policy_classic_2026-08-20,classic_12x10_g114_vs_g113.jsonl,classic-random-12x10,classic,random-start,12x10,tf:114,tf:113,true,p2,accepted,,832513,832515497571,32
tf_phase7_policy_classic_2026-08-20,classic_12x10_g114_vs_g113.jsonl,classic-random-12x10,classic,random-start,12x10,tf:113,tf:114,false,p2,accepted,,832513,832515497572,33
tf_phase7_policy_classic_2026-08-20,classic_12x10_g114_vs_g113.jsonl,classic-random-12x10,classic,random-start,12x10,tf:114,tf:113,true,p2,accepted,,832513,832515497573,34
tf_phase7_policy_classic_2026-08-20,classic_12x10_g114_vs_g113.jsonl,classic-random-12x10,classic,random-start,12x10,tf:113,tf:114,false,p1,accepted,,832513,832515497574,35
tf_phase7_policy_classic_2026-08-20,classic_12x10_g114_vs_g113.jsonl,classic-random-12x10,classic,random-start,12x10,tf:114,tf:113,true,p1,accepted,,832513,832515497575,36
tf_phase7_policy_classic_2026-08-20,classic_12x10_g114_vs_g113.jsonl,classic-random-12x10,classic,random-start,12x10,tf:113,tf:114,false,p2,accepted,,832513,832515497576,37
tf_phase7_policy_classic_2026-08-20,classic_12x10_g114_vs_g113.jsonl,classic-random-12x10,classic,random-start,12x10,tf:114,tf:113,true,p2,accepted,,832513,832515497577,38
tf_phase7_policy_classic_2026-08-20,classic_12x10_g114_vs_g113.jsonl,classic-random-12x10,classic,random-start,12x10,tf:113,tf:114,false,p2,accepted,,832513,832515497578,39
tf_phase7_policy_classic_2026-08-20,classic_12x10_g115_vs_g109.jsonl,classic-random-12x10,classic,random-start,12x10,tf:115,tf:109,true,p2,accepted,,832609,832611497827,0
tf_phase7_policy_classic_2026-08-20,classic_12x10_g115_vs_g109.jsonl,classic-random-12x10,classic,random-start,12x10,tf:109,tf:115,false,p1,accepted,,832609,832611497828,1
tf_phase7_policy_classic_2026-08-20,classic_12x10_g115_vs_g109.jsonl,classic-random-12x10,classic,random-start,12x10,tf:115,tf:109,true,p1,accepted,,832609,832611497829,2
tf_phase7_policy_classic_2026-08-20,classic_12x10_g115_vs_g109.jsonl,classic-random-12x10,classic,random-start,12x10,tf:109,tf:115,false,p2,accepted,,832609,832611497830,3
tf_phase7_policy_classic_2026-08-20,classic_12x10_g115_vs_g109.jsonl,classic-random-12x10,classic,random-start,12x10,tf:115,tf:109,true,p1,accepted,,832609,832611497831,4
tf_phase7_policy_classic_2026-08-20,classic_12x10_g115_vs_g109.jsonl,classic-random-12x10,classic,random-start,12x10,tf:109,tf:115,false,p1,accepted,,832609,832611497832,5
tf_phase7_policy_classic_2026-08-20,classic_12x10_g115_vs_g109.jsonl,classic-random-12x10,classic,random-start,12x10,tf:115,tf:109,true,p2,accepted,,832609,832611497833,6
tf_phase7_policy_classic_2026-08-20,classic_12x10_g115_vs_g109.jsonl,classic-random-12x10,classic,random-start,12x10,tf:109,tf:115,false,p2,accepted,,832609,832611497834,7
tf_phase7_policy_classic_2026-08-20,classic_12x10_g115_vs_g109.jsonl,classic-random-12x10,classic,random-start,12x10,tf:115,tf:109,true,p2,accepted,,832609,832611497835,8
tf_phase7_policy_classic_2026-08-20,classic_12x10_g115_vs_g109.jsonl,classic-random-12x10,classic,random-start,12x10,tf:109,tf:115,false,p1,accepted,,832609,832611497836,9
tf_phase7_policy_classic_2026-08-20,classic_12x10_g115_vs_g109.jsonl,classic-random-12x10,classic,random-start,12x10,tf:115,tf:109,true,p1,accepted,,832609,832611497837,10
tf_phase7_policy_classic_2026-08-20,classic_12x10_g115_vs_g109.jsonl,classic-random-12x10,classic,random-start,12x10,tf:109,tf:115,false,p1,accepted,,832609,832611497838,11
tf_phase7_policy_classic_2026-08-20,classic_12x10_g115_vs_g109.jsonl,classic-random-12x10,classic,random-start,12x10,tf:115,tf:109,true,p2,accepted,,832609,832611497839,12
tf_phase7_policy_classic_2026-08-20,classic_12x10_g115_vs_g109.jsonl,classic-random-12x10,classic,random-start,12x10,tf:109,tf:115,false,p2,accepted,,832609,832611497840,13
tf_phase7_policy_classic_2026-08-20,classic_12x10_g115_vs_g109.jsonl,classic-random-12x10,classic,random-start,12x10,tf:115,tf:109,true,p2,accepted,,832609,832611497841,14
tf_phase7_policy_classic_2026-08-20,classic_12x10_g115_vs_g109.jsonl,classic-random-12x10,classic,random-start,12x10,tf:109,tf:115,false,p2,accepted,,832609,832611497842,15
tf_phase7_policy_classic_2026-08-20,classic_12x10_g115_vs_g109.jsonl,classic-random-12x10,classic,random-start,12x10,tf:115,tf:109,true,p1,accepted,,832609,832611497843,16
tf_phase7_policy_classic_2026-08-20,classic_12x10_g115_vs_g109.jsonl,classic-random-12x10,classic,random-start,12x10,tf:109,tf:115,false,p1,accepted,,832609,832611497844,17
tf_phase7_policy_classic_2026-08-20,classic_12x10_g115_vs_g109.jsonl,classic-random-12x10,classic,random-start,12x10,tf:115,tf:109,true,p2,accepted,,832609,832611497845,18
tf_phase7_policy_classic_2026-08-20,classic_12x10_g115_vs_g109.jsonl,classic-random-12x10,classic,random-start,12x10,tf:109,tf:115,false,p2,accepted,,832609,832611497846,19
tf_phase7_policy_classic_2026-08-20,classic_12x10_g115_vs_g109.jsonl,classic-random-12x10,classic,random-start,12x10,tf:115,tf:109,true,p1,accepted,,832609,832611497847,20
tf_phase7_policy_classic_2026-08-20,classic_12x10_g115_vs_g109.jsonl,classic-random-12x10,classic,random-start,12x10,tf:109,tf:115,false,p2,accepted,,832609,832611497848,21
tf_phase7_policy_classic_2026-08-20,classic_12x10_g115_vs_g109.jsonl,classic-random-12x10,classic,random-start,12x10,tf:115,tf:109,true,p1,accepted,,832609,832611497849,22
tf_phase7_policy_classic_2026-08-20,classic_12x10_g115_vs_g109.jsonl,classic-random-12x10,classic,random-start,12x10,tf:109,tf:115,false,p2,accepted,,832609,832611497850,23
tf_phase7_policy_classic_2026-08-20,classic_12x10_g115_vs_g109.jsonl,classic-random-12x10,classic,random-start,12x10,tf:115,tf:109,true,p2,accepted,,832609,832611497851,24
tf_phase7_policy_classic_2026-08-20,classic_12x10_g115_vs_g109.jsonl,classic-random-12x10,classic,random-start,12x10,tf:109,tf:115,false,p1,accepted,,832609,832611497852,25
tf_phase7_policy_classic_2026-08-20,classic_12x10_g115_vs_g109.jsonl,classic-random-12x10,classic,random-start,12x10,tf:115,tf:109,true,p2,accepted,,832609,832611497853,26
tf_phase7_policy_classic_2026-08-20,classic_12x10_g115_vs_g109.jsonl,classic-random-12x10,classic,random-start,12x10,tf:109,tf:115,false,p1,accepted,,832609,832611497854,27
tf_phase7_policy_classic_2026-08-20,classic_12x10_g115_vs_g109.jsonl,classic-random-12x10,classic,random-start,12x10,tf:115,tf:109,true,p2,accepted,,832609,832611497855,28
tf_phase7_policy_classic_2026-08-20,classic_12x10_g115_vs_g109.jsonl,classic-random-12x10,classic,random-start,12x10,tf:109,tf:115,false,p2,accepted,,832609,832611497856,29
tf_phase7_policy_classic_2026-08-20,classic_12x10_g115_vs_g109.jsonl,classic-random-12x10,classic,random-start,12x10,tf:115,tf:109,true,p2,accepted,,832609,832611497857,30
tf_phase7_policy_classic_2026-08-20,classic_12x10_g115_vs_g109.jsonl,classic-random-12x10,classic,random-start,12x10,tf:109,tf:115,false,p1,accepted,,832609,832611497858,31
tf_phase7_policy_classic_2026-08-20,classic_12x10_g115_vs_g109.jsonl,classic-random-12x10,classic,random-start,12x10,tf:115,tf:109,true,p1,accepted,,832609,832611497859,32
tf_phase7_policy_classic_2026-08-20,classic_12x10_g115_vs_g109.jsonl,classic-random-12x10,classic,random-start,12x10,tf:109,tf:115,false,p2,accepted,,832609,832611497860,33
tf_phase7_policy_classic_2026-08-20,classic_12x10_g115_vs_g109.jsonl,classic-random-12x10,classic,random-start,12x10,tf:115,tf:109,true,p1,accepted,,832609,832611497861,34
tf_phase7_policy_classic_2026-08-20,classic_12x10_g115_vs_g109.jsonl,classic-random-12x10,classic,random-start,12x10,tf:109,tf:115,false,p2,accepted,,832609,832611497862,35
tf_phase7_policy_classic_2026-08-20,classic_12x10_g115_vs_g109.jsonl,classic-random-12x10,classic,random-start,12x10,tf:115,tf:109,true,p2,accepted,,832609,832611497863,36
tf_phase7_policy_classic_2026-08-20,classic_12x10_g115_vs_g109.jsonl,classic-random-12x10,classic,random-start,12x10,tf:109,tf:115,false,p1,accepted,,832609,832611497864,37
tf_phase7_policy_classic_2026-08-20,classic_12x10_g115_vs_g109.jsonl,classic-random-12x10,classic,random-start,12x10,tf:115,tf:109,true,p1,accepted,,832609,832611497865,38
tf_phase7_policy_classic_2026-08-20,classic_12x10_g115_vs_g109.jsonl,classic-random-12x10,classic,random-start,12x10,tf:109,tf:115,false,p1,accepted,,832609,832611497866,39
tf_phase7_policy_classic_2026-08-20,classic_12x10_g115_vs_g112.jsonl,classic-random-12x10,classic,random-start,12x10,tf:115,tf:112,true,p1,accepted,,832612,832614497836,0
tf_phase7_policy_classic_2026-08-20,classic_12x10_g115_vs_g112.jsonl,classic-random-12x10,classic,random-start,12x10,tf:112,tf:115,false,p2,accepted,,832612,832614497837,1
tf_phase7_policy_classic_2026-08-20,classic_12x10_g115_vs_g112.jsonl,classic-random-12x10,classic,random-start,12x10,tf:115,tf:112,true,p1,accepted,,832612,832614497838,2
tf_phase7_policy_classic_2026-08-20,classic_12x10_g115_vs_g112.jsonl,classic-random-12x10,classic,random-start,12x10,tf:112,tf:115,false,p1,accepted,,832612,832614497839,3
tf_phase7_policy_classic_2026-08-20,classic_12x10_g115_vs_g112.jsonl,classic-random-12x10,classic,random-start,12x10,tf:115,tf:112,true,p1,accepted,,832612,832614497840,4
tf_phase7_policy_classic_2026-08-20,classic_12x10_g115_vs_g112.jsonl,classic-random-12x10,classic,random-start,12x10,tf:112,tf:115,false,p1,accepted,,832612,832614497841,5
tf_phase7_policy_classic_2026-08-20,classic_12x10_g115_vs_g112.jsonl,classic-random-12x10,classic,random-start,12x10,tf:115,tf:112,true,p1,accepted,,832612,832614497842,6
tf_phase7_policy_classic_2026-08-20,classic_12x10_g115_vs_g112.jsonl,classic-random-12x10,classic,random-start,12x10,tf:112,tf:115,false,p1,accepted,,832612,832614497843,7
tf_phase7_policy_classic_2026-08-20,classic_12x10_g115_vs_g112.jsonl,classic-random-12x10,classic,random-start,12x10,tf:115,tf:112,true,p2,accepted,,832612,832614497844,8
tf_phase7_policy_classic_2026-08-20,classic_12x10_g115_vs_g112.jsonl,classic-random-12x10,classic,random-start,12x10,tf:112,tf:115,false,p1,accepted,,832612,832614497845,9
tf_phase7_policy_classic_2026-08-20,classic_12x10_g115_vs_g112.jsonl,classic-random-12x10,classic,random-start,12x10,tf:115,tf:112,true,p1,accepted,,832612,832614497846,10
tf_phase7_policy_classic_2026-08-20,classic_12x10_g115_vs_g112.jsonl,classic-random-12x10,classic,random-start,12x10,tf:112,tf:115,false,p2,accepted,,832612,832614497847,11
tf_phase7_policy_classic_2026-08-20,classic_12x10_g115_vs_g112.jsonl,classic-random-12x10,classic,random-start,12x10,tf:115,tf:112,true,p2,accepted,,832612,832614497848,12
tf_phase7_policy_classic_2026-08-20,classic_12x10_g115_vs_g112.jsonl,classic-random-12x10,classic,random-start,12x10,tf:112,tf:115,false,p2,accepted,,832612,832614497849,13
tf_phase7_policy_classic_2026-08-20,classic_12x10_g115_vs_g112.jsonl,classic-random-12x10,classic,random-start,12x10,tf:115,tf:112,true,p2,accepted,,832612,832614497850,14
tf_phase7_policy_classic_2026-08-20,classic_12x10_g115_vs_g112.jsonl,classic-random-12x10,classic,random-start,12x10,tf:112,tf:115,false,p1,accepted,,832612,832614497851,15
tf_phase7_policy_classic_2026-08-20,classic_12x10_g115_vs_g112.jsonl,classic-random-12x10,classic,random-start,12x10,tf:115,tf:112,true,p2,accepted,,832612,832614497852,16
tf_phase7_policy_classic_2026-08-20,classic_12x10_g115_vs_g112.jsonl,classic-random-12x10,classic,random-start,12x10,tf:112,tf:115,false,p2,accepted,,832612,832614497853,17
tf_phase7_policy_classic_2026-08-20,classic_12x10_g115_vs_g112.jsonl,classic-random-12x10,classic,random-start,12x10,tf:115,tf:112,true,p2,accepted,,832612,832614497854,18
tf_phase7_policy_classic_2026-08-20,classic_12x10_g115_vs_g112.jsonl,classic-random-12x10,classic,random-start,12x10,tf:112,tf:115,false,p2,accepted,,832612,832614497855,19
tf_phase7_policy_classic_2026-08-20,classic_12x10_g115_vs_g112.jsonl,classic-random-12x10,classic,random-start,12x10,tf:115,tf:112,true,p2,accepted,,832612,832614497856,20
tf_phase7_policy_classic_2026-08-20,classic_12x10_g115_vs_g112.jsonl,classic-random-12x10,classic,random-start,12x10,tf:112,tf:115,false,p1,accepted,,832612,832614497857,21
tf_phase7_policy_classic_2026-08-20,classic_12x10_g115_vs_g112.jsonl,classic-random-12x10,classic,random-start,12x10,tf:115,tf:112,true,p1,accepted,,832612,832614497858,22
tf_phase7_policy_classic_2026-08-20,classic_12x10_g115_vs_g112.jsonl,classic-random-12x10,classic,random-start,12x10,tf:112,tf:115,false,p1,accepted,,832612,832614497859,23
tf_phase7_policy_classic_2026-08-20,classic_12x10_g115_vs_g112.jsonl,classic-random-12x10,classic,random-start,12x10,tf:115,tf:112,true,p1,accepted,,832612,832614497860,24
tf_phase7_policy_classic_2026-08-20,classic_12x10_g115_vs_g112.jsonl,classic-random-12x10,classic,random-start,12x10,tf:112,tf:115,false,p1,accepted,,832612,832614497861,25
tf_phase7_policy_classic_2026-08-20,classic_12x10_g115_vs_g112.jsonl,classic-random-12x10,classic,random-start,12x10,tf:115,tf:112,true,p1,accepted,,832612,832614497862,26
tf_phase7_policy_classic_2026-08-20,classic_12x10_g115_vs_g112.jsonl,classic-random-12x10,classic,random-start,12x10,tf:112,tf:115,false,p1,accepted,,832612,832614497863,27
tf_phase7_policy_classic_2026-08-20,classic_12x10_g115_vs_g112.jsonl,classic-random-12x10,classic,random-start,12x10,tf:115,tf:112,true,p1,accepted,,832612,832614497864,28
tf_phase7_policy_classic_2026-08-20,classic_12x10_g115_vs_g112.jsonl,classic-random-12x10,classic,random-start,12x10,tf:112,tf:115,false,p2,accepted,,832612,832614497865,29
tf_phase7_policy_classic_2026-08-20,classic_12x10_g115_vs_g112.jsonl,classic-random-12x10,classic,random-start,12x10,tf:115,tf:112,true,p1,accepted,,832612,832614497866,30
tf_phase7_policy_classic_2026-08-20,classic_12x10_g115_vs_g112.jsonl,classic-random-12x10,classic,random-start,12x10,tf:112,tf:115,false,p2,accepted,,832612,832614497867,31
tf_phase7_policy_classic_2026-08-20,classic_12x10_g115_vs_g112.jsonl,classic-random-12x10,classic,random-start,12x10,tf:115,tf:112,true,p1,accepted,,832612,832614497868,32
tf_phase7_policy_classic_2026-08-20,classic_12x10_g115_vs_g112.jsonl,classic-random-12x10,classic,random-start,12x10,tf:112,tf:115,false,p1,accepted,,832612,832614497869,33
tf_phase7_policy_classic_2026-08-20,classic_12x10_g115_vs_g112.jsonl,classic-random-12x10,classic,random-start,12x10,tf:115,tf:112,true,p1,accepted,,832612,832614497870,34
tf_phase7_policy_classic_2026-08-20,classic_12x10_g115_vs_g112.jsonl,classic-random-12x10,classic,random-start,12x10,tf:112,tf:115,false,p2,accepted,,832612,832614497871,35
tf_phase7_policy_classic_2026-08-20,classic_12x10_g115_vs_g112.jsonl,classic-random-12x10,classic,random-start,12x10,tf:115,tf:112,true,p2,accepted,,832612,832614497872,36
tf_phase7_policy_classic_2026-08-20,classic_12x10_g115_vs_g112.jsonl,classic-random-12x10,classic,random-start,12x10,tf:112,tf:115,false,p1,accepted,,832612,832614497873,37
tf_phase7_policy_classic_2026-08-20,classic_12x10_g115_vs_g112.jsonl,classic-random-12x10,classic,random-start,12x10,tf:115,tf:112,true,p2,accepted,,832612,832614497874,38
tf_phase7_policy_classic_2026-08-20,classic_12x10_g115_vs_g112.jsonl,classic-random-12x10,classic,random-start,12x10,tf:112,tf:115,false,p1,accepted,,832612,832614497875,39
tf_phase7_policy_classic_2026-08-20,classic_12x10_g115_vs_g114.jsonl,classic-random-12x10,classic,random-start,12x10,tf:115,tf:114,true,p1,accepted,,832614,832616497842,0
tf_phase7_policy_classic_2026-08-20,classic_12x10_g115_vs_g114.jsonl,classic-random-12x10,classic,random-start,12x10,tf:114,tf:115,false,p1,accepted,,832614,832616497843,1
tf_phase7_policy_classic_2026-08-20,classic_12x10_g115_vs_g114.jsonl,classic-random-12x10,classic,random-start,12x10,tf:115,tf:114,true,p2,accepted,,832614,832616497844,2
tf_phase7_policy_classic_2026-08-20,classic_12x10_g115_vs_g114.jsonl,classic-random-12x10,classic,random-start,12x10,tf:114,tf:115,false,p1,accepted,,832614,832616497845,3
tf_phase7_policy_classic_2026-08-20,classic_12x10_g115_vs_g114.jsonl,classic-random-12x10,classic,random-start,12x10,tf:115,tf:114,true,p2,accepted,,832614,832616497846,4
tf_phase7_policy_classic_2026-08-20,classic_12x10_g115_vs_g114.jsonl,classic-random-12x10,classic,random-start,12x10,tf:114,tf:115,false,p2,accepted,,832614,832616497847,5
tf_phase7_policy_classic_2026-08-20,classic_12x10_g115_vs_g114.jsonl,classic-random-12x10,classic,random-start,12x10,tf:115,tf:114,true,p1,accepted,,832614,832616497848,6
tf_phase7_policy_classic_2026-08-20,classic_12x10_g115_vs_g114.jsonl,classic-random-12x10,classic,random-start,12x10,tf:114,tf:115,false,p2,accepted,,832614,832616497849,7
tf_phase7_policy_classic_2026-08-20,classic_12x10_g115_vs_g114.jsonl,classic-random-12x10,classic,random-start,12x10,tf:115,tf:114,true,p1,accepted,,832614,832616497850,8
tf_phase7_policy_classic_2026-08-20,classic_12x10_g115_vs_g114.jsonl,classic-random-12x10,classic,random-start,12x10,tf:114,tf:115,false,p1,accepted,,832614,832616497851,9
tf_phase7_policy_classic_2026-08-20,classic_12x10_g115_vs_g114.jsonl,classic-random-12x10,classic,random-start,12x10,tf:115,tf:114,true,p2,accepted,,832614,832616497852,10
tf_phase7_policy_classic_2026-08-20,classic_12x10_g115_vs_g114.jsonl,classic-random-12x10,classic,random-start,12x10,tf:114,tf:115,false,p2,accepted,,832614,832616497853,11
tf_phase7_policy_classic_2026-08-20,classic_12x10_g115_vs_g114.jsonl,classic-random-12x10,classic,random-start,12x10,tf:115,tf:114,true,p2,accepted,,832614,832616497854,12
tf_phase7_policy_classic_2026-08-20,classic_12x10_g115_vs_g114.jsonl,classic-random-12x10,classic,random-start,12x10,tf:114,tf:115,false,p1,accepted,,832614,832616497855,13
tf_phase7_policy_classic_2026-08-20,classic_12x10_g115_vs_g114.jsonl,classic-random-12x10,classic,random-start,12x10,tf:115,tf:114,true,p1,accepted,,832614,832616497856,14
tf_phase7_policy_classic_2026-08-20,classic_12x10_g115_vs_g114.jsonl,classic-random-12x10,classic,random-start,12x10,tf:114,tf:115,false,p1,accepted,,832614,832616497857,15
tf_phase7_policy_classic_2026-08-20,classic_12x10_g115_vs_g114.jsonl,classic-random-12x10,classic,random-start,12x10,tf:115,tf:114,true,p2,accepted,,832614,832616497858,16
tf_phase7_policy_classic_2026-08-20,classic_12x10_g115_vs_g114.jsonl,classic-random-12x10,classic,random-start,12x10,tf:114,tf:115,false,p1,accepted,,832614,832616497859,17
tf_phase7_policy_classic_2026-08-20,classic_12x10_g115_vs_g114.jsonl,classic-random-12x10,classic,random-start,12x10,tf:115,tf:114,true,p2,accepted,,832614,832616497860,18
tf_phase7_policy_classic_2026-08-20,classic_12x10_g115_vs_g114.jsonl,classic-random-12x10,classic,random-start,12x10,tf:114,tf:115,false,p1,accepted,,832614,832616497861,19
tf_phase7_policy_classic_2026-08-20,classic_12x10_g115_vs_g114.jsonl,classic-random-12x10,classic,random-start,12x10,tf:115,tf:114,true,p1,accepted,,832614,832616497862,20
tf_phase7_policy_classic_2026-08-20,classic_12x10_g115_vs_g114.jsonl,classic-random-12x10,classic,random-start,12x10,tf:114,tf:115,false,p2,accepted,,832614,832616497863,21
tf_phase7_policy_classic_2026-08-20,classic_12x10_g115_vs_g114.jsonl,classic-random-12x10,classic,random-start,12x10,tf:115,tf:114,true,p1,accepted,,832614,832616497864,22
tf_phase7_policy_classic_2026-08-20,classic_12x10_g115_vs_g114.jsonl,classic-random-12x10,classic,random-start,12x10,tf:114,tf:115,false,p1,accepted,,832614,832616497865,23
tf_phase7_policy_classic_2026-08-20,classic_12x10_g115_vs_g114.jsonl,classic-random-12x10,classic,random-start,12x10,tf:115,tf:114,true,p1,accepted,,832614,832616497866,24
tf_phase7_policy_classic_2026-08-20,classic_12x10_g115_vs_g114.jsonl,classic-random-12x10,classic,random-start,12x10,tf:114,tf:115,false,p1,accepted,,832614,832616497867,25
tf_phase7_policy_classic_2026-08-20,classic_12x10_g115_vs_g114.jsonl,classic-random-12x10,classic,random-start,12x10,tf:115,tf:114,true,p2,accepted,,832614,832616497868,26
tf_phase7_policy_classic_2026-08-20,classic_12x10_g115_vs_g114.jsonl,classic-random-12x10,classic,random-start,12x10,tf:114,tf:115,false,p2,accepted,,832614,832616497869,27
tf_phase7_policy_classic_2026-08-20,classic_12x10_g115_vs_g114.jsonl,classic-random-12x10,classic,random-start,12x10,tf:115,tf:114,true,p1,accepted,,832614,832616497870,28
tf_phase7_policy_classic_2026-08-20,classic_12x10_g115_vs_g114.jsonl,classic-random-12x10,classic,random-start,12x10,tf:114,tf:115,false,p1,accepted,,832614,832616497871,29
tf_phase7_policy_classic_2026-08-20,classic_12x10_g115_vs_g114.jsonl,classic-random-12x10,classic,random-start,12x10,tf:115,tf:114,true,p1,accepted,,832614,832616497872,30
tf_phase7_policy_classic_2026-08-20,classic_12x10_g115_vs_g114.jsonl,classic-random-12x10,classic,random-start,12x10,tf:114,tf:115,false,p2,accepted,,832614,832616497873,31
tf_phase7_policy_classic_2026-08-20,classic_12x10_g115_vs_g114.jsonl,classic-random-12x10,classic,random-start,12x10,tf:115,tf:114,true,p1,accepted,,832614,832616497874,32
tf_phase7_policy_classic_2026-08-20,classic_12x10_g115_vs_g114.jsonl,classic-random-12x10,classic,random-start,12x10,tf:114,tf:115,false,p1,accepted,,832614,832616497875,33
tf_phase7_policy_classic_2026-08-20,classic_12x10_g115_vs_g114.jsonl,classic-random-12x10,classic,random-start,12x10,tf:115,tf:114,true,p1,accepted,,832614,832616497876,34
tf_phase7_policy_classic_2026-08-20,classic_12x10_g115_vs_g114.jsonl,classic-random-12x10,classic,random-start,12x10,tf:114,tf:115,false,p1,accepted,,832614,832616497877,35
tf_phase7_policy_classic_2026-08-20,classic_12x10_g115_vs_g114.jsonl,classic-random-12x10,classic,random-start,12x10,tf:115,tf:114,true,p1,accepted,,832614,832616497878,36
tf_phase7_policy_classic_2026-08-20,classic_12x10_g115_vs_g114.jsonl,classic-random-12x10,classic,random-start,12x10,tf:114,tf:115,false,p1,accepted,,832614,832616497879,37
tf_phase7_policy_classic_2026-08-20,classic_12x10_g115_vs_g114.jsonl,classic-random-12x10,classic,random-start,12x10,tf:115,tf:114,true,p2,accepted,,832614,832616497880,38
tf_phase7_policy_classic_2026-08-20,classic_12x10_g115_vs_g114.jsonl,classic-random-12x10,classic,random-start,12x10,tf:114,tf:115,false,p2,accepted,,832614,832616497881,39
tf_phase7_policy_classic_2026-08-20,classic_12x10_g116_vs_g110.jsonl,classic-random-12x10,classic,random-start,12x10,tf:116,tf:110,true,p2,accepted,,832710,832712498130,0
tf_phase7_policy_classic_2026-08-20,classic_12x10_g116_vs_g110.jsonl,classic-random-12x10,classic,random-start,12x10,tf:110,tf:116,false,p1,accepted,,832710,832712498131,1
tf_phase7_policy_classic_2026-08-20,classic_12x10_g116_vs_g110.jsonl,classic-random-12x10,classic,random-start,12x10,tf:116,tf:110,true,p1,accepted,,832710,832712498132,2
tf_phase7_policy_classic_2026-08-20,classic_12x10_g116_vs_g110.jsonl,classic-random-12x10,classic,random-start,12x10,tf:110,tf:116,false,p1,accepted,,832710,832712498133,3
tf_phase7_policy_classic_2026-08-20,classic_12x10_g116_vs_g110.jsonl,classic-random-12x10,classic,random-start,12x10,tf:116,tf:110,true,p2,accepted,,832710,832712498134,4
tf_phase7_policy_classic_2026-08-20,classic_12x10_g116_vs_g110.jsonl,classic-random-12x10,classic,random-start,12x10,tf:110,tf:116,false,p1,accepted,,832710,832712498135,5
tf_phase7_policy_classic_2026-08-20,classic_12x10_g116_vs_g110.jsonl,classic-random-12x10,classic,random-start,12x10,tf:116,tf:110,true,p1,accepted,,832710,832712498136,6
tf_phase7_policy_classic_2026-08-20,classic_12x10_g116_vs_g110.jsonl,classic-random-12x10,classic,random-start,12x10,tf:110,tf:116,false,p1,accepted,,832710,832712498137,7
tf_phase7_policy_classic_2026-08-20,classic_12x10_g116_vs_g110.jsonl,classic-random-12x10,classic,random-start,12x10,tf:116,tf:110,true,p1,accepted,,832710,832712498138,8
tf_phase7_policy_classic_2026-08-20,classic_12x10_g116_vs_g110.jsonl,classic-random-12x10,classic,random-start,12x10,tf:110,tf:116,false,p2,accepted,,832710,832712498139,9
tf_phase7_policy_classic_2026-08-20,classic_12x10_g116_vs_g110.jsonl,classic-random-12x10,classic,random-start,12x10,tf:116,tf:110,true,p1,accepted,,832710,832712498140,10
tf_phase7_policy_classic_2026-08-20,classic_12x10_g116_vs_g110.jsonl,classic-random-12x10,classic,random-start,12x10,tf:110,tf:116,false,p2,accepted,,832710,832712498141,11
tf_phase7_policy_classic_2026-08-20,classic_12x10_g116_vs_g110.jsonl,classic-random-12x10,classic,random-start,12x10,tf:116,tf:110,true,p1,accepted,,832710,832712498142,12
tf_phase7_policy_classic_2026-08-20,classic_12x10_g116_vs_g110.jsonl,classic-random-12x10,classic,random-start,12x10,tf:110,tf:116,false,p1,accepted,,832710,832712498143,13
tf_phase7_policy_classic_2026-08-20,classic_12x10_g116_vs_g110.jsonl,classic-random-12x10,classic,random-start,12x10,tf:116,tf:110,true,p1,accepted,,832710,832712498144,14
tf_phase7_policy_classic_2026-08-20,classic_12x10_g116_vs_g110.jsonl,classic-random-12x10,classic,random-start,12x10,tf:110,tf:116,false,p2,accepted,,832710,832712498145,15
tf_phase7_policy_classic_2026-08-20,classic_12x10_g116_vs_g110.jsonl,classic-random-12x10,classic,random-start,12x10,tf:116,tf:110,true,p2,accepted,,832710,832712498146,16
tf_phase7_policy_classic_2026-08-20,classic_12x10_g116_vs_g110.jsonl,classic-random-12x10,classic,random-start,12x10,tf:110,tf:116,false,p1,accepted,,832710,832712498147,17
tf_phase7_policy_classic_2026-08-20,classic_12x10_g116_vs_g110.jsonl,classic-random-12x10,classic,random-start,12x10,tf:116,tf:110,true,p1,accepted,,832710,832712498148,18
tf_phase7_policy_classic_2026-08-20,classic_12x10_g116_vs_g110.jsonl,classic-random-12x10,classic,random-start,12x10,tf:110,tf:116,false,p2,accepted,,832710,832712498149,19
tf_phase7_policy_classic_2026-08-20,classic_12x10_g116_vs_g110.jsonl,classic-random-12x10,classic,random-start,12x10,tf:116,tf:110,true,p2,accepted,,832710,832712498150,20
tf_phase7_policy_classic_2026-08-20,classic_12x10_g116_vs_g110.jsonl,classic-random-12x10,classic,random-start,12x10,tf:110,tf:116,false,p2,accepted,,832710,832712498151,21
tf_phase7_policy_classic_2026-08-20,classic_12x10_g116_vs_g110.jsonl,classic-random-12x10,classic,random-start,12x10,tf:116,tf:110,true,p2,accepted,,832710,832712498152,22
tf_phase7_policy_classic_2026-08-20,classic_12x10_g116_vs_g110.jsonl,classic-random-12x10,classic,random-start,12x10,tf:110,tf:116,false,p1,accepted,,832710,832712498153,23
tf_phase7_policy_classic_2026-08-20,classic_12x10_g116_vs_g110.jsonl,classic-random-12x10,classic,random-start,12x10,tf:116,tf:110,true,p2,accepted,,832710,832712498154,24
tf_phase7_policy_classic_2026-08-20,classic_12x10_g116_vs_g110.jsonl,classic-random-12x10,classic,random-start,12x10,tf:110,tf:116,false,p1,accepted,,832710,832712498155,25
tf_phase7_policy_classic_2026-08-20,classic_12x10_g116_vs_g110.jsonl,classic-random-12x10,classic,random-start,12x10,tf:116,tf:110,true,p1,accepted,,832710,832712498156,26
tf_phase7_policy_classic_2026-08-20,classic_12x10_g116_vs_g110.jsonl,classic-random-12x10,classic,random-start,12x10,tf:110,tf:116,false,p1,accepted,,832710,832712498157,27
tf_phase7_policy_classic_2026-08-20,classic_12x10_g116_vs_g110.jsonl,classic-random-12x10,classic,random-start,12x10,tf:116,tf:110,true,p1,accepted,,832710,832712498158,28
tf_phase7_policy_classic_2026-08-20,classic_12x10_g116_vs_g110.jsonl,classic-random-12x10,classic,random-start,12x10,tf:110,tf:116,false,p2,accepted,,832710,832712498159,29
tf_phase7_policy_classic_2026-08-20,classic_12x10_g116_vs_g110.jsonl,classic-random-12x10,classic,random-start,12x10,tf:116,tf:110,true,p2,accepted,,832710,832712498160,30
tf_phase7_policy_classic_2026-08-20,classic_12x10_g116_vs_g110.jsonl,classic-random-12x10,classic,random-start,12x10,tf:110,tf:116,false,p1,accepted,,832710,832712498161,31
tf_phase7_policy_classic_2026-08-20,classic_12x10_g116_vs_g110.jsonl,classic-random-12x10,classic,random-start,12x10,tf:116,tf:110,true,p2,accepted,,832710,832712498162,32
tf_phase7_policy_classic_2026-08-20,classic_12x10_g116_vs_g110.jsonl,classic-random-12x10,classic,random-start,12x10,tf:110,tf:116,false,p1,accepted,,832710,832712498163,33
tf_phase7_policy_classic_2026-08-20,classic_12x10_g116_vs_g110.jsonl,classic-random-12x10,classic,random-start,12x10,tf:116,tf:110,true,p1,accepted,,832710,832712498164,34
tf_phase7_policy_classic_2026-08-20,classic_12x10_g116_vs_g110.jsonl,classic-random-12x10,classic,random-start,12x10,tf:110,tf:116,false,p1,accepted,,832710,832712498165,35
tf_phase7_policy_classic_2026-08-20,classic_12x10_g116_vs_g110.jsonl,classic-random-12x10,classic,random-start,12x10,tf:116,tf:110,true,p2,accepted,,832710,832712498166,36
tf_phase7_policy_classic_2026-08-20,classic_12x10_g116_vs_g110.jsonl,classic-random-12x10,classic,random-start,12x10,tf:110,tf:116,false,p1,accepted,,832710,832712498167,37
tf_phase7_policy_classic_2026-08-20,classic_12x10_g116_vs_g110.jsonl,classic-random-12x10,classic,random-start,12x10,tf:116,tf:110,true,p1,accepted,,832710,832712498168,38
tf_phase7_policy_classic_2026-08-20,classic_12x10_g116_vs_g110.jsonl,classic-random-12x10,classic,random-start,12x10,tf:110,tf:116,false,p2,accepted,,832710,832712498169,39
tf_phase7_policy_classic_2026-08-20,classic_12x10_g116_vs_g113.jsonl,classic-random-12x10,classic,random-start,12x10,tf:116,tf:113,true,p2,accepted,,832713,832715498139,0
tf_phase7_policy_classic_2026-08-20,classic_12x10_g116_vs_g113.jsonl,classic-random-12x10,classic,random-start,12x10,tf:113,tf:116,false,p2,accepted,,832713,832715498140,1
tf_phase7_policy_classic_2026-08-20,classic_12x10_g116_vs_g113.jsonl,classic-random-12x10,classic,random-start,12x10,tf:116,tf:113,true,p2,accepted,,832713,832715498141,2
tf_phase7_policy_classic_2026-08-20,classic_12x10_g116_vs_g113.jsonl,classic-random-12x10,classic,random-start,12x10,tf:113,tf:116,false,p1,accepted,,832713,832715498142,3
tf_phase7_policy_classic_2026-08-20,classic_12x10_g116_vs_g113.jsonl,classic-random-12x10,classic,random-start,12x10,tf:116,tf:113,true,p2,accepted,,832713,832715498143,4
tf_phase7_policy_classic_2026-08-20,classic_12x10_g116_vs_g113.jsonl,classic-random-12x10,classic,random-start,12x10,tf:113,tf:116,false,p1,accepted,,832713,832715498144,5
tf_phase7_policy_classic_2026-08-20,classic_12x10_g116_vs_g113.jsonl,classic-random-12x10,classic,random-start,12x10,tf:116,tf:113,true,p1,accepted,,832713,832715498145,6
tf_phase7_policy_classic_2026-08-20,classic_12x10_g116_vs_g113.jsonl,classic-random-12x10,classic,random-start,12x10,tf:113,tf:116,false,p2,accepted,,832713,832715498146,7
tf_phase7_policy_classic_2026-08-20,classic_12x10_g116_vs_g113.jsonl,classic-random-12x10,classic,random-start,12x10,tf:116,tf:113,true,p2,accepted,,832713,832715498147,8
tf_phase7_policy_classic_2026-08-20,classic_12x10_g116_vs_g113.jsonl,classic-random-12x10,classic,random-start,12x10,tf:113,tf:116,false,p1,accepted,,832713,832715498148,9
tf_phase7_policy_classic_2026-08-20,classic_12x10_g116_vs_g113.jsonl,classic-random-12x10,classic,random-start,12x10,tf:116,tf:113,true,p1,accepted,,832713,832715498149,10
tf_phase7_policy_classic_2026-08-20,classic_12x10_g116_vs_g113.jsonl,classic-random-12x10,classic,random-start,12x10,tf:113,tf:116,false,p1,accepted,,832713,832715498150,11
tf_phase7_policy_classic_2026-08-20,classic_12x10_g116_vs_g113.jsonl,classic-random-12x10,classic,random-start,12x10,tf:116,tf:113,true,p2,accepted,,832713,832715498151,12
tf_phase7_policy_classic_2026-08-20,classic_12x10_g116_vs_g113.jsonl,classic-random-12x10,classic,random-start,12x10,tf:113,tf:116,false,p1,accepted,,832713,832715498152,13
tf_phase7_policy_classic_2026-08-20,classic_12x10_g116_vs_g113.jsonl,classic-random-12x10,classic,random-start,12x10,tf:116,tf:113,true,p2,accepted,,832713,832715498153,14
tf_phase7_policy_classic_2026-08-20,classic_12x10_g116_vs_g113.jsonl,classic-random-12x10,classic,random-start,12x10,tf:113,tf:116,false,p1,accepted,,832713,832715498154,15
tf_phase7_policy_classic_2026-08-20,classic_12x10_g116_vs_g113.jsonl,classic-random-12x10,classic,random-start,12x10,tf:116,tf:113,true,p2,accepted,,832713,832715498155,16
tf_phase7_policy_classic_2026-08-20,classic_12x10_g116_vs_g113.jsonl,classic-random-12x10,classic,random-start,12x10,tf:113,tf:116,false,p1,accepted,,832713,832715498156,17
tf_phase7_policy_classic_2026-08-20,classic_12x10_g116_vs_g113.jsonl,classic-random-12x10,classic,random-start,12x10,tf:116,tf:113,true,p1,accepted,,832713,832715498157,18
tf_phase7_policy_classic_2026-08-20,classic_12x10_g116_vs_g113.jsonl,classic-random-12x10,classic,random-start,12x10,tf:113,tf:116,false,p2,accepted,,832713,832715498158,19
tf_phase7_policy_classic_2026-08-20,classic_12x10_g116_vs_g113.jsonl,classic-random-12x10,classic,random-start,12x10,tf:116,tf:113,true,p2,accepted,,832713,832715498159,20
tf_phase7_policy_classic_2026-08-20,classic_12x10_g116_vs_g113.jsonl,classic-random-12x10,classic,random-start,12x10,tf:113,tf:116,false,p1,accepted,,832713,832715498160,21
tf_phase7_policy_classic_2026-08-20,classic_12x10_g116_vs_g113.jsonl,classic-random-12x10,classic,random-start,12x10,tf:116,tf:113,true,p1,accepted,,832713,832715498161,22
tf_phase7_policy_classic_2026-08-20,classic_12x10_g116_vs_g113.jsonl,classic-random-12x10,classic,random-start,12x10,tf:113,tf:116,false,p1,accepted,,832713,832715498162,23
tf_phase7_policy_classic_2026-08-20,classic_12x10_g116_vs_g113.jsonl,classic-random-12x10,classic,random-start,12x10,tf:116,tf:113,true,p1,accepted,,832713,832715498163,24
tf_phase7_policy_classic_2026-08-20,classic_12x10_g116_vs_g113.jsonl,classic-random-12x10,classic,random-start,12x10,tf:113,tf:116,false,p2,accepted,,832713,832715498164,25
tf_phase7_policy_classic_2026-08-20,classic_12x10_g116_vs_g113.jsonl,classic-random-12x10,classic,random-start,12x10,tf:116,tf:113,true,p1,accepted,,832713,832715498165,26
tf_phase7_policy_classic_2026-08-20,classic_12x10_g116_vs_g113.jsonl,classic-random-12x10,classic,random-start,12x10,tf:113,tf:116,false,p2,accepted,,832713,832715498166,27
tf_phase7_policy_classic_2026-08-20,classic_12x10_g116_vs_g113.jsonl,classic-random-12x10,classic,random-start,12x10,tf:116,tf:113,true,p2,accepted,,832713,832715498167,28
tf_phase7_policy_classic_2026-08-20,classic_12x10_g116_vs_g113.jsonl,classic-random-12x10,classic,random-start,12x10,tf:113,tf:116,false,p2,accepted,,832713,832715498168,29
tf_phase7_policy_classic_2026-08-20,classic_12x10_g116_vs_g113.jsonl,classic-random-12x10,classic,random-start,12x10,tf:116,tf:113,true,p2,accepted,,832713,832715498169,30
tf_phase7_policy_classic_2026-08-20,classic_12x10_g116_vs_g113.jsonl,classic-random-12x10,classic,random-start,12x10,tf:113,tf:116,false,p1,accepted,,832713,832715498170,31
tf_phase7_policy_classic_2026-08-20,classic_12x10_g116_vs_g113.jsonl,classic-random-12x10,classic,random-start,12x10,tf:116,tf:113,true,p2,accepted,,832713,832715498171,32
tf_phase7_policy_classic_2026-08-20,classic_12x10_g116_vs_g113.jsonl,classic-random-12x10,classic,random-start,12x10,tf:113,tf:116,false,p1,accepted,,832713,832715498172,33
tf_phase7_policy_classic_2026-08-20,classic_12x10_g116_vs_g113.jsonl,classic-random-12x10,classic,random-start,12x10,tf:116,tf:113,true,p1,accepted,,832713,832715498173,34
tf_phase7_policy_classic_2026-08-20,classic_12x10_g116_vs_g113.jsonl,classic-random-12x10,classic,random-start,12x10,tf:113,tf:116,false,p1,accepted,,832713,832715498174,35
tf_phase7_policy_classic_2026-08-20,classic_12x10_g116_vs_g113.jsonl,classic-random-12x10,classic,random-start,12x10,tf:116,tf:113,true,p1,accepted,,832713,832715498175,36
tf_phase7_policy_classic_2026-08-20,classic_12x10_g116_vs_g113.jsonl,classic-random-12x10,classic,random-start,12x10,tf:113,tf:116,false,p2,accepted,,832713,832715498176,37
tf_phase7_policy_classic_2026-08-20,classic_12x10_g116_vs_g113.jsonl,classic-random-12x10,classic,random-start,12x10,tf:116,tf:113,true,p1,accepted,,832713,832715498177,38
tf_phase7_policy_classic_2026-08-20,classic_12x10_g116_vs_g113.jsonl,classic-random-12x10,classic,random-start,12x10,tf:113,tf:116,false,p2,accepted,,832713,832715498178,39
tf_phase7_policy_classic_2026-08-20,classic_12x10_g116_vs_g115.jsonl,classic-random-12x10,classic,random-start,12x10,tf:116,tf:115,true,p2,accepted,,832715,832717498145,0
tf_phase7_policy_classic_2026-08-20,classic_12x10_g116_vs_g115.jsonl,classic-random-12x10,classic,random-start,12x10,tf:115,tf:116,false,p2,accepted,,832715,832717498146,1
tf_phase7_policy_classic_2026-08-20,classic_12x10_g116_vs_g115.jsonl,classic-random-12x10,classic,random-start,12x10,tf:116,tf:115,true,p2,accepted,,832715,832717498147,2
tf_phase7_policy_classic_2026-08-20,classic_12x10_g116_vs_g115.jsonl,classic-random-12x10,classic,random-start,12x10,tf:115,tf:116,false,p2,accepted,,832715,832717498148,3
tf_phase7_policy_classic_2026-08-20,classic_12x10_g116_vs_g115.jsonl,classic-random-12x10,classic,random-start,12x10,tf:116,tf:115,true,p2,accepted,,832715,832717498149,4
tf_phase7_policy_classic_2026-08-20,classic_12x10_g116_vs_g115.jsonl,classic-random-12x10,classic,random-start,12x10,tf:115,tf:116,false,p1,accepted,,832715,832717498150,5
tf_phase7_policy_classic_2026-08-20,classic_12x10_g116_vs_g115.jsonl,classic-random-12x10,classic,random-start,12x10,tf:116,tf:115,true,p1,accepted,,832715,832717498151,6
tf_phase7_policy_classic_2026-08-20,classic_12x10_g116_vs_g115.jsonl,classic-random-12x10,classic,random-start,12x10,tf:115,tf:116,false,p2,accepted,,832715,832717498152,7
tf_phase7_policy_classic_2026-08-20,classic_12x10_g116_vs_g115.jsonl,classic-random-12x10,classic,random-start,12x10,tf:116,tf:115,true,p1,accepted,,832715,832717498153,8
tf_phase7_policy_classic_2026-08-20,classic_12x10_g116_vs_g115.jsonl,classic-random-12x10,classic,random-start,12x10,tf:115,tf:116,false,p2,accepted,,832715,832717498154,9
tf_phase7_policy_classic_2026-08-20,classic_12x10_g116_vs_g115.jsonl,classic-random-12x10,classic,random-start,12x10,tf:116,tf:115,true,p1,accepted,,832715,832717498155,10
tf_phase7_policy_classic_2026-08-20,classic_12x10_g116_vs_g115.jsonl,classic-random-12x10,classic,random-start,12x10,tf:115,tf:116,false,p1,accepted,,832715,832717498156,11
tf_phase7_policy_classic_2026-08-20,classic_12x10_g116_vs_g115.jsonl,classic-random-12x10,classic,random-start,12x10,tf:116,tf:115,true,p1,accepted,,832715,832717498157,12
tf_phase7_policy_classic_2026-08-20,classic_12x10_g116_vs_g115.jsonl,classic-random-12x10,classic,random-start,12x10,tf:115,tf:116,false,p2,accepted,,832715,832717498158,13
tf_phase7_policy_classic_2026-08-20,classic_12x10_g116_vs_g115.jsonl,classic-random-12x10,classic,random-start,12x10,tf:116,tf:115,true,p2,accepted,,832715,832717498159,14
tf_phase7_policy_classic_2026-08-20,classic_12x10_g116_vs_g115.jsonl,classic-random-12x10,classic,random-start,12x10,tf:115,tf:116,false,p2,accepted,,832715,832717498160,15
tf_phase7_policy_classic_2026-08-20,classic_12x10_g116_vs_g115.jsonl,classic-random-12x10,classic,random-start,12x10,tf:116,tf:115,true,p1,accepted,,832715,832717498161,16
tf_phase7_policy_classic_2026-08-20,classic_12x10_g116_vs_g115.jsonl,classic-random-12x10,classic,random-start,12x10,tf:115,tf:116,false,p2,accepted,,832715,832717498162,17
tf_phase7_policy_classic_2026-08-20,classic_12x10_g116_vs_g115.jsonl,classic-random-12x10,classic,random-start,12x10,tf:116,tf:115,true,p1,accepted,,832715,832717498163,18
tf_phase7_policy_classic_2026-08-20,classic_12x10_g116_vs_g115.jsonl,classic-random-12x10,classic,random-start,12x10,tf:115,tf:116,false,p1,accepted,,832715,832717498164,19
tf_phase7_policy_classic_2026-08-20,classic_12x10_g116_vs_g115.jsonl,classic-random-12x10,classic,random-start,12x10,tf:116,tf:115,true,p1,accepted,,832715,832717498165,20
tf_phase7_policy_classic_2026-08-20,classic_12x10_g116_vs_g115.jsonl,classic-random-12x10,classic,random-start,12x10,tf:115,tf:116,false,p1,accepted,,832715,832717498166,21
tf_phase7_policy_classic_2026-08-20,classic_12x10_g116_vs_g115.jsonl,classic-random-12x10,classic,random-start,12x10,tf:116,tf:115,true,p2,accepted,,832715,832717498167,22
tf_phase7_policy_classic_2026-08-20,classic_12x10_g116_vs_g115.jsonl,classic-random-12x10,classic,random-start,12x10,tf:115,tf:116,false,p2,accepted,,832715,832717498168,23
tf_phase7_policy_classic_2026-08-20,classic_12x10_g116_vs_g115.jsonl,classic-random-12x10,classic,random-start,12x10,tf:116,tf:115,true,p2,accepted,,832715,832717498169,24
tf_phase7_policy_classic_2026-08-20,classic_12x10_g116_vs_g115.jsonl,classic-random-12x10,classic,random-start,12x10,tf:115,tf:116,false,p1,accepted,,832715,832717498170,25
tf_phase7_policy_classic_2026-08-20,classic_12x10_g116_vs_g115.jsonl,classic-random-12x10,classic,random-start,12x10,tf:116,tf:115,true,p2,accepted,,832715,832717498171,26
tf_phase7_policy_classic_2026-08-20,classic_12x10_g116_vs_g115.jsonl,classic-random-12x10,classic,random-start,12x10,tf:115,tf:116,false,p2,accepted,,832715,832717498172,27
tf_phase7_policy_classic_2026-08-20,classic_12x10_g116_vs_g115.jsonl,classic-random-12x10,classic,random-start,12x10,tf:116,tf:115,true,p2,accepted,,832715,832717498173,28
tf_phase7_policy_classic_2026-08-20,classic_12x10_g116_vs_g115.jsonl,classic-random-12x10,classic,random-start,12x10,tf:115,tf:116,false,p1,accepted,,832715,832717498174,29
tf_phase7_policy_classic_2026-08-20,classic_12x10_g116_vs_g115.jsonl,classic-random-12x10,classic,random-start,12x10,tf:116,tf:115,true,p1,accepted,,832715,832717498175,30
tf_phase7_policy_classic_2026-08-20,classic_12x10_g116_vs_g115.jsonl,classic-random-12x10,classic,random-start,12x10,tf:115,tf:116,false,p1,accepted,,832715,832717498176,31
tf_phase7_policy_classic_2026-08-20,classic_12x10_g116_vs_g115.jsonl,classic-random-12x10,classic,random-start,12x10,tf:116,tf:115,true,p1,accepted,,832715,832717498177,32
tf_phase7_policy_classic_2026-08-20,classic_12x10_g116_vs_g115.jsonl,classic-random-12x10,classic,random-start,12x10,tf:115,tf:116,false,p2,accepted,,832715,832717498178,33
tf_phase7_policy_classic_2026-08-20,classic_12x10_g116_vs_g115.jsonl,classic-random-12x10,classic,random-start,12x10,tf:116,tf:115,true,p1,accepted,,832715,832717498179,34
tf_phase7_policy_classic_2026-08-20,classic_12x10_g116_vs_g115.jsonl,classic-random-12x10,classic,random-start,12x10,tf:115,tf:116,false,p1,accepted,,832715,832717498180,35
tf_phase7_policy_classic_2026-08-20,classic_12x10_g116_vs_g115.jsonl,classic-random-12x10,classic,random-start,12x10,tf:116,tf:115,true,p2,accepted,,832715,832717498181,36
tf_phase7_policy_classic_2026-08-20,classic_12x10_g116_vs_g115.jsonl,classic-random-12x10,classic,random-start,12x10,tf:115,tf:116,false,p1,accepted,,832715,832717498182,37
tf_phase7_policy_classic_2026-08-20,classic_12x10_g116_vs_g115.jsonl,classic-random-12x10,classic,random-start,12x10,tf:116,tf:115,true,p1,accepted,,832715,832717498183,38
tf_phase7_policy_classic_2026-08-20,classic_12x10_g116_vs_g115.jsonl,classic-random-12x10,classic,random-start,12x10,tf:115,tf:116,false,p1,accepted,,832715,832717498184,39
tf_phase7_policy_classic_2026-08-20,classic_12x10_g94_vs_g93.jsonl,classic-random-12x10,classic,random-start,12x10,tf:94,tf:93,true,p1,accepted,,830493,830495491479,0
tf_phase7_policy_classic_2026-08-20,classic_12x10_g94_vs_g93.jsonl,classic-random-12x10,classic,random-start,12x10,tf:93,tf:94,false,p1,accepted,,830493,830495491480,1
tf_phase7_policy_classic_2026-08-20,classic_12x10_g94_vs_g93.jsonl,classic-random-12x10,classic,random-start,12x10,tf:94,tf:93,true,p2,accepted,,830493,830495491481,2
tf_phase7_policy_classic_2026-08-20,classic_12x10_g94_vs_g93.jsonl,classic-random-12x10,classic,random-start,12x10,tf:93,tf:94,false,p1,accepted,,830493,830495491482,3
tf_phase7_policy_classic_2026-08-20,classic_12x10_g94_vs_g93.jsonl,classic-random-12x10,classic,random-start,12x10,tf:94,tf:93,true,p2,accepted,,830493,830495491483,4
tf_phase7_policy_classic_2026-08-20,classic_12x10_g94_vs_g93.jsonl,classic-random-12x10,classic,random-start,12x10,tf:93,tf:94,false,p2,accepted,,830493,830495491484,5
tf_phase7_policy_classic_2026-08-20,classic_12x10_g94_vs_g93.jsonl,classic-random-12x10,classic,random-start,12x10,tf:94,tf:93,true,p2,accepted,,830493,830495491485,6
tf_phase7_policy_classic_2026-08-20,classic_12x10_g94_vs_g93.jsonl,classic-random-12x10,classic,random-start,12x10,tf:93,tf:94,false,p2,accepted,,830493,830495491486,7
tf_phase7_policy_classic_2026-08-20,classic_12x10_g94_vs_g93.jsonl,classic-random-12x10,classic,random-start,12x10,tf:94,tf:93,true,p1,accepted,,830493,830495491487,8
tf_phase7_policy_classic_2026-08-20,classic_12x10_g94_vs_g93.jsonl,classic-random-12x10,classic,random-start,12x10,tf:93,tf:94,false,p2,accepted,,830493,830495491488,9
tf_phase7_policy_classic_2026-08-20,classic_12x10_g94_vs_g93.jsonl,classic-random-12x10,classic,random-start,12x10,tf:94,tf:93,true,p2,accepted,,830493,830495491489,10
tf_phase7_policy_classic_2026-08-20,classic_12x10_g94_vs_g93.jsonl,classic-random-12x10,classic,random-start,12x10,tf:93,tf:94,false,p2,accepted,,830493,830495491490,11
tf_phase7_policy_classic_2026-08-20,classic_12x10_g94_vs_g93.jsonl,classic-random-12x10,classic,random-start,12x10,tf:94,tf:93,true,p2,accepted,,830493,830495491491,12
tf_phase7_policy_classic_2026-08-20,classic_12x10_g94_vs_g93.jsonl,classic-random-12x10,classic,random-start,12x10,tf:93,tf:94,false,p1,accepted,,830493,830495491492,13
tf_phase7_policy_classic_2026-08-20,classic_12x10_g94_vs_g93.jsonl,classic-random-12x10,classic,random-start,12x10,tf:94,tf:93,true,p2,accepted,,830493,830495491493,14
tf_phase7_policy_classic_2026-08-20,classic_12x10_g94_vs_g93.jsonl,classic-random-12x10,classic,random-start,12x10,tf:93,tf:94,false,p2,accepted,,830493,830495491494,15
tf_phase7_policy_classic_2026-08-20,classic_12x10_g94_vs_g93.jsonl,classic-random-12x10,classic,random-start,12x10,tf:94,tf:93,true,p2,accepted,,830493,830495491495,16
tf_phase7_policy_classic_2026-08-20,classic_12x10_g94_vs_g93.jsonl,classic-random-12x10,classic,random-start,12x10,tf:93,tf:94,false,p1,accepted,,830493,830495491496,17
tf_phase7_policy_classic_2026-08-20,classic_12x10_g94_vs_g93.jsonl,classic-random-12x10,classic,random-start,12x10,tf:94,tf:93,true,p2,accepted,,830493,830495491497,18
tf_phase7_policy_classic_2026-08-20,classic_12x10_g94_vs_g93.jsonl,classic-random-12x10,classic,random-start,12x10,tf:93,tf:94,false,p1,accepted,,830493,830495491498,19
tf_phase7_policy_classic_2026-08-20,classic_12x10_g94_vs_g93.jsonl,classic-random-12x10,classic,random-start,12x10,tf:94,tf:93,true,p1,accepted,,830493,830495491499,20
tf_phase7_policy_classic_2026-08-20,classic_12x10_g94_vs_g93.jsonl,classic-random-12x10,classic,random-start,12x10,tf:93,tf:94,false,p1,accepted,,830493,830495491500,21
tf_phase7_policy_classic_2026-08-20,classic_12x10_g94_vs_g93.jsonl,classic-random-12x10,classic,random-start,12x10,tf:94,tf:93,true,p2,accepted,,830493,830495491501,22
tf_phase7_policy_classic_2026-08-20,classic_12x10_g94_vs_g93.jsonl,classic-random-12x10,classic,random-start,12x10,tf:93,tf:94,false,p2,accepted,,830493,830495491502,23
tf_phase7_policy_classic_2026-08-20,classic_12x10_g94_vs_g93.jsonl,classic-random-12x10,classic,random-start,12x10,tf:94,tf:93,true,p1,accepted,,830493,830495491503,24
tf_phase7_policy_classic_2026-08-20,classic_12x10_g94_vs_g93.jsonl,classic-random-12x10,classic,random-start,12x10,tf:93,tf:94,false,p1,accepted,,830493,830495491504,25
tf_phase7_policy_classic_2026-08-20,classic_12x10_g94_vs_g93.jsonl,classic-random-12x10,classic,random-start,12x10,tf:94,tf:93,true,p2,accepted,,830493,830495491505,26
tf_phase7_policy_classic_2026-08-20,classic_12x10_g94_vs_g93.jsonl,classic-random-12x10,classic,random-start,12x10,tf:93,tf:94,false,p1,accepted,,830493,830495491506,27
tf_phase7_policy_classic_2026-08-20,classic_12x10_g94_vs_g93.jsonl,classic-random-12x10,classic,random-start,12x10,tf:94,tf:93,true,p1,accepted,,830493,830495491507,28
tf_phase7_policy_classic_2026-08-20,classic_12x10_g94_vs_g93.jsonl,classic-random-12x10,classic,random-start,12x10,tf:93,tf:94,false,p1,accepted,,830493,830495491508,29
tf_phase7_policy_classic_2026-08-20,classic_12x10_g94_vs_g93.jsonl,classic-random-12x10,classic,random-start,12x10,tf:94,tf:93,true,p2,accepted,,830493,830495491509,30
tf_phase7_policy_classic_2026-08-20,classic_12x10_g94_vs_g93.jsonl,classic-random-12x10,classic,random-start,12x10,tf:93,tf:94,false,p2,accepted,,830493,830495491510,31
tf_phase7_policy_classic_2026-08-20,classic_12x10_g94_vs_g93.jsonl,classic-random-12x10,classic,random-start,12x10,tf:94,tf:93,true,p1,accepted,,830493,830495491511,32
tf_phase7_policy_classic_2026-08-20,classic_12x10_g94_vs_g93.jsonl,classic-random-12x10,classic,random-start,12x10,tf:93,tf:94,false,p1,accepted,,830493,830495491512,33
tf_phase7_policy_classic_2026-08-20,classic_12x10_g94_vs_g93.jsonl,classic-random-12x10,classic,random-start,12x10,tf:94,tf:93,true,p1,accepted,,830493,830495491513,34
tf_phase7_policy_classic_2026-08-20,classic_12x10_g94_vs_g93.jsonl,classic-random-12x10,classic,random-start,12x10,tf:93,tf:94,false,p1,accepted,,830493,830495491514,35
tf_phase7_policy_classic_2026-08-20,classic_12x10_g94_vs_g93.jsonl,classic-random-12x10,classic,random-start,12x10,tf:94,tf:93,true,p2,accepted,,830493,830495491515,36
tf_phase7_policy_classic_2026-08-20,classic_12x10_g94_vs_g93.jsonl,classic-random-12x10,classic,random-start,12x10,tf:93,tf:94,false,p1,accepted,,830493,830495491516,37
tf_phase7_policy_classic_2026-08-20,classic_12x10_g94_vs_g93.jsonl,classic-random-12x10,classic,random-start,12x10,tf:94,tf:93,true,p1,accepted,,830493,830495491517,38
tf_phase7_policy_classic_2026-08-20,classic_12x10_g94_vs_g93.jsonl,classic-random-12x10,classic,random-start,12x10,tf:93,tf:94,false,p1,accepted,,830493,830495491518,39
tf_phase7_policy_classic_2026-08-20,classic_12x10_g95_vs_g93.jsonl,classic-random-12x10,classic,random-start,12x10,tf:95,tf:93,true,p1,accepted,,830593,830595491779,0
tf_phase7_policy_classic_2026-08-20,classic_12x10_g95_vs_g93.jsonl,classic-random-12x10,classic,random-start,12x10,tf:93,tf:95,false,p2,accepted,,830593,830595491780,1
tf_phase7_policy_classic_2026-08-20,classic_12x10_g95_vs_g93.jsonl,classic-random-12x10,classic,random-start,12x10,tf:95,tf:93,true,p2,accepted,,830593,830595491781,2
tf_phase7_policy_classic_2026-08-20,classic_12x10_g95_vs_g93.jsonl,classic-random-12x10,classic,random-start,12x10,tf:93,tf:95,false,p1,accepted,,830593,830595491782,3
tf_phase7_policy_classic_2026-08-20,classic_12x10_g95_vs_g93.jsonl,classic-random-12x10,classic,random-start,12x10,tf:95,tf:93,true,p1,accepted,,830593,830595491783,4
tf_phase7_policy_classic_2026-08-20,classic_12x10_g95_vs_g93.jsonl,classic-random-12x10,classic,random-start,12x10,tf:93,tf:95,false,p2,accepted,,830593,830595491784,5
tf_phase7_policy_classic_2026-08-20,classic_12x10_g95_vs_g93.jsonl,classic-random-12x10,classic,random-start,12x10,tf:95,tf:93,true,p1,accepted,,830593,830595491785,6
tf_phase7_policy_classic_2026-08-20,classic_12x10_g95_vs_g93.jsonl,classic-random-12x10,classic,random-start,12x10,tf:93,tf:95,false,p1,accepted,,830593,830595491786,7
tf_phase7_policy_classic_2026-08-20,classic_12x10_g95_vs_g93.jsonl,classic-random-12x10,classic,random-start,12x10,tf:95,tf:93,true,p1,accepted,,830593,830595491787,8
tf_phase7_policy_classic_2026-08-20,classic_12x10_g95_vs_g93.jsonl,classic-random-12x10,classic,random-start,12x10,tf:93,tf:95,false,p1,accepted,,830593,830595491788,9
tf_phase7_policy_classic_2026-08-20,classic_12x10_g95_vs_g93.jsonl,classic-random-12x10,classic,random-start,12x10,tf:95,tf:93,true,p2,accepted,,830593,830595491789,10
tf_phase7_policy_classic_2026-08-20,classic_12x10_g95_vs_g93.jsonl,classic-random-12x10,classic,random-start,12x10,tf:93,tf:95,false,p1,accepted,,830593,830595491790,11
tf_phase7_policy_classic_2026-08-20,classic_12x10_g95_vs_g93.jsonl,classic-random-12x10,classic,random-start,12x10,tf:95,tf:93,true,p1,accepted,,830593,830595491791,12
tf_phase7_policy_classic_2026-08-20,classic_12x10_g95_vs_g93.jsonl,classic-random-12x10,classic,random-start,12x10,tf:93,tf:95,false,p1,accepted,,830593,830595491792,13
tf_phase7_policy_classic_2026-08-20,classic_12x10_g95_vs_g93.jsonl,classic-random-12x10,classic,random-start,12x10,tf:95,tf:93,true,p1,accepted,,830593,830595491793,14
tf_phase7_policy_classic_2026-08-20,classic_12x10_g95_vs_g93.jsonl,classic-random-12x10,classic,random-start,12x10,tf:93,tf:95,false,p1,accepted,,830593,830595491794,15
tf_phase7_policy_classic_2026-08-20,classic_12x10_g95_vs_g93.jsonl,classic-random-12x10,classic,random-start,12x10,tf:95,tf:93,true,p1,accepted,,830593,830595491795,16
tf_phase7_policy_classic_2026-08-20,classic_12x10_g95_vs_g93.jsonl,classic-random-12x10,classic,random-start,12x10,tf:93,tf:95,false,p1,accepted,,830593,830595491796,17
tf_phase7_policy_classic_2026-08-20,classic_12x10_g95_vs_g93.jsonl,classic-random-12x10,classic,random-start,12x10,tf:95,tf:93,true,p1,accepted,,830593,830595491797,18
tf_phase7_policy_classic_2026-08-20,classic_12x10_g95_vs_g93.jsonl,classic-random-12x10,classic,random-start,12x10,tf:93,tf:95,false,p1,accepted,,830593,830595491798,19
tf_phase7_policy_classic_2026-08-20,classic_12x10_g95_vs_g93.jsonl,classic-random-12x10,classic,random-start,12x10,tf:95,tf:93,true,p1,accepted,,830593,830595491799,20
tf_phase7_policy_classic_2026-08-20,classic_12x10_g95_vs_g93.jsonl,classic-random-12x10,classic,random-start,12x10,tf:93,tf:95,false,p2,accepted,,830593,830595491800,21
tf_phase7_policy_classic_2026-08-20,classic_12x10_g95_vs_g93.jsonl,classic-random-12x10,classic,random-start,12x10,tf:95,tf:93,true,p1,accepted,,830593,830595491801,22
tf_phase7_policy_classic_2026-08-20,classic_12x10_g95_vs_g93.jsonl,classic-random-12x10,classic,random-start,12x10,tf:93,tf:95,false,p1,accepted,,830593,830595491802,23
tf_phase7_policy_classic_2026-08-20,classic_12x10_g95_vs_g93.jsonl,classic-random-12x10,classic,random-start,12x10,tf:95,tf:93,true,p1,accepted,,830593,830595491803,24
tf_phase7_policy_classic_2026-08-20,classic_12x10_g95_vs_g93.jsonl,classic-random-12x10,classic,random-start,12x10,tf:93,tf:95,false,p1,accepted,,830593,830595491804,25
tf_phase7_policy_classic_2026-08-20,classic_12x10_g95_vs_g93.jsonl,classic-random-12x10,classic,random-start,12x10,tf:95,tf:93,true,p1,accepted,,830593,830595491805,26
tf_phase7_policy_classic_2026-08-20,classic_12x10_g95_vs_g93.jsonl,classic-random-12x10,classic,random-start,12x10,tf:93,tf:95,false,p1,accepted,,830593,830595491806,27
tf_phase7_policy_classic_2026-08-20,classic_12x10_g95_vs_g93.jsonl,classic-random-12x10,classic,random-start,12x10,tf:95,tf:93,true,p1,accepted,,830593,830595491807,28
tf_phase7_policy_classic_2026-08-20,classic_12x10_g95_vs_g93.jsonl,classic-random-12x10,classic,random-start,12x10,tf:93,tf:95,false,p1,accepted,,830593,830595491808,29
tf_phase7_policy_classic_2026-08-20,classic_12x10_g95_vs_g93.jsonl,classic-random-12x10,classic,random-start,12x10,tf:95,tf:93,true,p2,accepted,,830593,830595491809,30
tf_phase7_policy_classic_2026-08-20,classic_12x10_g95_vs_g93.jsonl,classic-random-12x10,classic,random-start,12x10,tf:93,tf:95,false,p1,accepted,,830593,830595491810,31
tf_phase7_policy_classic_2026-08-20,classic_12x10_g95_vs_g93.jsonl,classic-random-12x10,classic,random-start,12x10,tf:95,tf:93,true,p2,accepted,,830593,830595491811,32
tf_phase7_policy_classic_2026-08-20,classic_12x10_g95_vs_g93.jsonl,classic-random-12x10,classic,random-start,12x10,tf:93,tf:95,false,p2,accepted,,830593,830595491812,33
tf_phase7_policy_classic_2026-08-20,classic_12x10_g95_vs_g93.jsonl,classic-random-12x10,classic,random-start,12x10,tf:95,tf:93,true,p1,accepted,,830593,830595491813,34
tf_phase7_policy_classic_2026-08-20,classic_12x10_g95_vs_g93.jsonl,classic-random-12x10,classic,random-start,12x10,tf:93,tf:95,false,p1,accepted,,830593,830595491814,35
tf_phase7_policy_classic_2026-08-20,classic_12x10_g95_vs_g93.jsonl,classic-random-12x10,classic,random-start,12x10,tf:95,tf:93,true,p2,accepted,,830593,830595491815,36
tf_phase7_policy_classic_2026-08-20,classic_12x10_g95_vs_g93.jsonl,classic-random-12x10,classic,random-start,12x10,tf:93,tf:95,false,p1,accepted,,830593,830595491816,37
tf_phase7_policy_classic_2026-08-20,classic_12x10_g95_vs_g93.jsonl,classic-random-12x10,classic,random-start,12x10,tf:95,tf:93,true,p1,accepted,,830593,830595491817,38
tf_phase7_policy_classic_2026-08-20,classic_12x10_g95_vs_g93.jsonl,classic-random-12x10,classic,random-start,12x10,tf:93,tf:95,false,p2,accepted,,830593,830595491818,39
tf_phase7_policy_classic_2026-08-20,classic_12x10_g95_vs_g94.jsonl,classic-random-12x10,classic,random-start,12x10,tf:95,tf:94,true,p1,accepted,,830594,830596491782,0
tf_phase7_policy_classic_2026-08-20,classic_12x10_g95_vs_g94.jsonl,classic-random-12x10,classic,random-start,12x10,tf:94,tf:95,false,p1,accepted,,830594,830596491783,1
tf_phase7_policy_classic_2026-08-20,classic_12x10_g95_vs_g94.jsonl,classic-random-12x10,classic,random-start,12x10,tf:95,tf:94,true,p1,accepted,,830594,830596491784,2
tf_phase7_policy_classic_2026-08-20,classic_12x10_g95_vs_g94.jsonl,classic-random-12x10,classic,random-start,12x10,tf:94,tf:95,false,p1,accepted,,830594,830596491785,3
tf_phase7_policy_classic_2026-08-20,classic_12x10_g95_vs_g94.jsonl,classic-random-12x10,classic,random-start,12x10,tf:95,tf:94,true,p1,accepted,,830594,830596491786,4
tf_phase7_policy_classic_2026-08-20,classic_12x10_g95_vs_g94.jsonl,classic-random-12x10,classic,random-start,12x10,tf:94,tf:95,false,p2,accepted,,830594,830596491787,5
tf_phase7_policy_classic_2026-08-20,classic_12x10_g95_vs_g94.jsonl,classic-random-12x10,classic,random-start,12x10,tf:95,tf:94,true,p1,accepted,,830594,830596491788,6
tf_phase7_policy_classic_2026-08-20,classic_12x10_g95_vs_g94.jsonl,classic-random-12x10,classic,random-start,12x10,tf:94,tf:95,false,p2,accepted,,830594,830596491789,7
tf_phase7_policy_classic_2026-08-20,classic_12x10_g95_vs_g94.jsonl,classic-random-12x10,classic,random-start,12x10,tf:95,tf:94,true,p1,accepted,,830594,830596491790,8
tf_phase7_policy_classic_2026-08-20,classic_12x10_g95_vs_g94.jsonl,classic-random-12x10,classic,random-start,12x10,tf:94,tf:95,false,p2,accepted,,830594,830596491791,9
tf_phase7_policy_classic_2026-08-20,classic_12x10_g95_vs_g94.jsonl,classic-random-12x10,classic,random-start,12x10,tf:95,tf:94,true,p2,accepted,,830594,830596491792,10
tf_phase7_policy_classic_2026-08-20,classic_12x10_g95_vs_g94.jsonl,classic-random-12x10,classic,random-start,12x10,tf:94,tf:95,false,p1,accepted,,830594,830596491793,11
tf_phase7_policy_classic_2026-08-20,classic_12x10_g95_vs_g94.jsonl,classic-random-12x10,classic,random-start,12x10,tf:95,tf:94,true,p1,accepted,,830594,830596491794,12
tf_phase7_policy_classic_2026-08-20,classic_12x10_g95_vs_g94.jsonl,classic-random-12x10,classic,random-start,12x10,tf:94,tf:95,false,p1,accepted,,830594,830596491795,13
tf_phase7_policy_classic_2026-08-20,classic_12x10_g95_vs_g94.jsonl,classic-random-12x10,classic,random-start,12x10,tf:95,tf:94,true,p2,accepted,,830594,830596491796,14
tf_phase7_policy_classic_2026-08-20,classic_12x10_g95_vs_g94.jsonl,classic-random-12x10,classic,random-start,12x10,tf:94,tf:95,false,p2,accepted,,830594,830596491797,15
tf_phase7_policy_classic_2026-08-20,classic_12x10_g95_vs_g94.jsonl,classic-random-12x10,classic,random-start,12x10,tf:95,tf:94,true,p2,accepted,,830594,830596491798,16
tf_phase7_policy_classic_2026-08-20,classic_12x10_g95_vs_g94.jsonl,classic-random-12x10,classic,random-start,12x10,tf:94,tf:95,false,p1,accepted,,830594,830596491799,17
tf_phase7_policy_classic_2026-08-20,classic_12x10_g95_vs_g94.jsonl,classic-random-12x10,classic,random-start,12x10,tf:95,tf:94,true,p2,accepted,,830594,830596491800,18
tf_phase7_policy_classic_2026-08-20,classic_12x10_g95_vs_g94.jsonl,classic-random-12x10,classic,random-start,12x10,tf:94,tf:95,false,p1,accepted,,830594,830596491801,19
tf_phase7_policy_classic_2026-08-20,classic_12x10_g95_vs_g94.jsonl,classic-random-12x10,classic,random-start,12x10,tf:95,tf:94,true,p2,accepted,,830594,830596491802,20
tf_phase7_policy_classic_2026-08-20,classic_12x10_g95_vs_g94.jsonl,classic-random-12x10,classic,random-start,12x10,tf:94,tf:95,false,p1,accepted,,830594,830596491803,21
tf_phase7_policy_classic_2026-08-20,classic_12x10_g95_vs_g94.jsonl,classic-random-12x10,classic,random-start,12x10,tf:95,tf:94,true,p1,accepted,,830594,830596491804,22
tf_phase7_policy_classic_2026-08-20,classic_12x10_g95_vs_g94.jsonl,classic-random-12x10,classic,random-start,12x10,tf:94,tf:95,false,p1,accepted,,830594,830596491805,23
tf_phase7_policy_classic_2026-08-20,classic_12x10_g95_vs_g94.jsonl,classic-random-12x10,classic,random-start,12x10,tf:95,tf:94,true,p2,accepted,,830594,830596491806,24
tf_phase7_policy_classic_2026-08-20,classic_12x10_g95_vs_g94.jsonl,classic-random-12x10,classic,random-start,12x10,tf:94,tf:95,false,p1,accepted,,830594,830596491807,25
tf_phase7_policy_classic_2026-08-20,classic_12x10_g95_vs_g94.jsonl,classic-random-12x10,classic,random-start,12x10,tf:95,tf:94,true,p1,accepted,,830594,830596491808,26
tf_phase7_policy_classic_2026-08-20,classic_12x10_g95_vs_g94.jsonl,classic-random-12x10,classic,random-start,12x10,tf:94,tf:95,false,p2,accepted,,830594,830596491809,27
tf_phase7_policy_classic_2026-08-20,classic_12x10_g95_vs_g94.jsonl,classic-random-12x10,classic,random-start,12x10,tf:95,tf:94,true,p1,accepted,,830594,830596491810,28
tf_phase7_policy_classic_2026-08-20,classic_12x10_g95_vs_g94.jsonl,classic-random-12x10,classic,random-start,12x10,tf:94,tf:95,false,p1,accepted,,830594,830596491811,29
tf_phase7_policy_classic_2026-08-20,classic_12x10_g95_vs_g94.jsonl,classic-random-12x10,classic,random-start,12x10,tf:95,tf:94,true,p2,accepted,,830594,830596491812,30
tf_phase7_policy_classic_2026-08-20,classic_12x10_g95_vs_g94.jsonl,classic-random-12x10,classic,random-start,12x10,tf:94,tf:95,false,p1,accepted,,830594,830596491813,31
tf_phase7_policy_classic_2026-08-20,classic_12x10_g95_vs_g94.jsonl,classic-random-12x10,classic,random-start,12x10,tf:95,tf:94,true,p2,accepted,,830594,830596491814,32
tf_phase7_policy_classic_2026-08-20,classic_12x10_g95_vs_g94.jsonl,classic-random-12x10,classic,random-start,12x10,tf:94,tf:95,false,p1,accepted,,830594,830596491815,33
tf_phase7_policy_classic_2026-08-20,classic_12x10_g95_vs_g94.jsonl,classic-random-12x10,classic,random-start,12x10,tf:95,tf:94,true,p2,accepted,,830594,830596491816,34
tf_phase7_policy_classic_2026-08-20,classic_12x10_g95_vs_g94.jsonl,classic-random-12x10,classic,random-start,12x10,tf:94,tf:95,false,p2,accepted,,830594,830596491817,35
tf_phase7_policy_classic_2026-08-20,classic_12x10_g95_vs_g94.jsonl,classic-random-12x10,classic,random-start,12x10,tf:95,tf:94,true,p2,accepted,,830594,830596491818,36
tf_phase7_policy_classic_2026-08-20,classic_12x10_g95_vs_g94.jsonl,classic-random-12x10,classic,random-start,12x10,tf:94,tf:95,false,p1,accepted,,830594,830596491819,37
tf_phase7_policy_classic_2026-08-20,classic_12x10_g95_vs_g94.jsonl,classic-random-12x10,classic,random-start,12x10,tf:95,tf:94,true,draw,accepted,,830594,830596491820,38
tf_phase7_policy_classic_2026-08-20,classic_12x10_g95_vs_g94.jsonl,classic-random-12x10,classic,random-start,12x10,tf:94,tf:95,false,p1,accepted,,830594,830596491821,39
tf_phase7_policy_classic_2026-08-20,classic_12x10_g96_vs_g93.jsonl,classic-random-12x10,classic,random-start,12x10,tf:96,tf:93,true,p2,accepted,,830693,830695492079,0
tf_phase7_policy_classic_2026-08-20,classic_12x10_g96_vs_g93.jsonl,classic-random-12x10,classic,random-start,12x10,tf:93,tf:96,false,p1,accepted,,830693,830695492080,1
tf_phase7_policy_classic_2026-08-20,classic_12x10_g96_vs_g93.jsonl,classic-random-12x10,classic,random-start,12x10,tf:96,tf:93,true,p1,accepted,,830693,830695492081,2
tf_phase7_policy_classic_2026-08-20,classic_12x10_g96_vs_g93.jsonl,classic-random-12x10,classic,random-start,12x10,tf:93,tf:96,false,p2,accepted,,830693,830695492082,3
tf_phase7_policy_classic_2026-08-20,classic_12x10_g96_vs_g93.jsonl,classic-random-12x10,classic,random-start,12x10,tf:96,tf:93,true,p1,accepted,,830693,830695492083,4
tf_phase7_policy_classic_2026-08-20,classic_12x10_g96_vs_g93.jsonl,classic-random-12x10,classic,random-start,12x10,tf:93,tf:96,false,p1,accepted,,830693,830695492084,5
tf_phase7_policy_classic_2026-08-20,classic_12x10_g96_vs_g93.jsonl,classic-random-12x10,classic,random-start,12x10,tf:96,tf:93,true,p2,accepted,,830693,830695492085,6
tf_phase7_policy_classic_2026-08-20,classic_12x10_g96_vs_g93.jsonl,classic-random-12x10,classic,random-start,12x10,tf:93,tf:96,false,p1,accepted,,830693,830695492086,7
tf_phase7_policy_classic_2026-08-20,classic_12x10_g96_vs_g93.jsonl,classic-random-12x10,classic,random-start,12x10,tf:96,tf:93,true,p2,accepted,,830693,830695492087,8
tf_phase7_policy_classic_2026-08-20,classic_12x10_g96_vs_g93.jsonl,classic-random-12x10,classic,random-start,12x10,tf:93,tf:96,false,p1,accepted,,830693,830695492088,9
tf_phase7_policy_classic_2026-08-20,classic_12x10_g96_vs_g93.jsonl,classic-random-12x10,classic,random-start,12x10,tf:96,tf:93,true,p1,accepted,,830693,830695492089,10
tf_phase7_policy_classic_2026-08-20,classic_12x10_g96_vs_g93.jsonl,classic-random-12x10,classic,random-start,12x10,tf:93,tf:96,false,p2,accepted,,830693,830695492090,11
tf_phase7_policy_classic_2026-08-20,classic_12x10_g96_vs_g93.jsonl,classic-random-12x10,classic,random-start,12x10,tf:96,tf:93,true,p1,accepted,,830693,830695492091,12
tf_phase7_policy_classic_2026-08-20,classic_12x10_g96_vs_g93.jsonl,classic-random-12x10,classic,random-start,12x10,tf:93,tf:96,false,p1,accepted,,830693,830695492092,13
tf_phase7_policy_classic_2026-08-20,classic_12x10_g96_vs_g93.jsonl,classic-random-12x10,classic,random-start,12x10,tf:96,tf:93,true,p1,accepted,,830693,830695492093,14
tf_phase7_policy_classic_2026-08-20,classic_12x10_g96_vs_g93.jsonl,classic-random-12x10,classic,random-start,12x10,tf:93,tf:96,false,p1,accepted,,830693,830695492094,15
tf_phase7_policy_classic_2026-08-20,classic_12x10_g96_vs_g93.jsonl,classic-random-12x10,classic,random-start,12x10,tf:96,tf:93,true,p2,accepted,,830693,830695492095,16
tf_phase7_policy_classic_2026-08-20,classic_12x10_g96_vs_g93.jsonl,classic-random-12x10,classic,random-start,12x10,tf:93,tf:96,false,p1,accepted,,830693,830695492096,17
tf_phase7_policy_classic_2026-08-20,classic_12x10_g96_vs_g93.jsonl,classic-random-12x10,classic,random-start,12x10,tf:96,tf:93,true,p2,accepted,,830693,830695492097,18
tf_phase7_policy_classic_2026-08-20,classic_12x10_g96_vs_g93.jsonl,classic-random-12x10,classic,random-start,12x10,tf:93,tf:96,false,p1,accepted,,830693,830695492098,19
tf_phase7_policy_classic_2026-08-20,classic_12x10_g96_vs_g93.jsonl,classic-random-12x10,classic,random-start,12x10,tf:96,tf:93,true,p1,accepted,,830693,830695492099,20
tf_phase7_policy_classic_2026-08-20,classic_12x10_g96_vs_g93.jsonl,classic-random-12x10,classic,random-start,12x10,tf:93,tf:96,false,p1,accepted,,830693,830695492100,21
tf_phase7_policy_classic_2026-08-20,classic_12x10_g96_vs_g93.jsonl,classic-random-12x10,classic,random-start,12x10,tf:96,tf:93,true,p1,accepted,,830693,830695492101,22
tf_phase7_policy_classic_2026-08-20,classic_12x10_g96_vs_g93.jsonl,classic-random-12x10,classic,random-start,12x10,tf:93,tf:96,false,p2,accepted,,830693,830695492102,23
tf_phase7_policy_classic_2026-08-20,classic_12x10_g96_vs_g93.jsonl,classic-random-12x10,classic,random-start,12x10,tf:96,tf:93,true,p1,accepted,,830693,830695492103,24
tf_phase7_policy_classic_2026-08-20,classic_12x10_g96_vs_g93.jsonl,classic-random-12x10,classic,random-start,12x10,tf:93,tf:96,false,p1,accepted,,830693,830695492104,25
tf_phase7_policy_classic_2026-08-20,classic_12x10_g96_vs_g93.jsonl,classic-random-12x10,classic,random-start,12x10,tf:96,tf:93,true,p2,accepted,,830693,830695492105,26
tf_phase7_policy_classic_2026-08-20,classic_12x10_g96_vs_g93.jsonl,classic-random-12x10,classic,random-start,12x10,tf:93,tf:96,false,p2,accepted,,830693,830695492106,27
tf_phase7_policy_classic_2026-08-20,classic_12x10_g96_vs_g93.jsonl,classic-random-12x10,classic,random-start,12x10,tf:96,tf:93,true,p2,accepted,,830693,830695492107,28
tf_phase7_policy_classic_2026-08-20,classic_12x10_g96_vs_g93.jsonl,classic-random-12x10,classic,random-start,12x10,tf:93,tf:96,false,p1,accepted,,830693,830695492108,29
tf_phase7_policy_classic_2026-08-20,classic_12x10_g96_vs_g93.jsonl,classic-random-12x10,classic,random-start,12x10,tf:96,tf:93,true,p1,accepted,,830693,830695492109,30
tf_phase7_policy_classic_2026-08-20,classic_12x10_g96_vs_g93.jsonl,classic-random-12x10,classic,random-start,12x10,tf:93,tf:96,false,p1,accepted,,830693,830695492110,31
tf_phase7_policy_classic_2026-08-20,classic_12x10_g96_vs_g93.jsonl,classic-random-12x10,classic,random-start,12x10,tf:96,tf:93,true,p1,accepted,,830693,830695492111,32
tf_phase7_policy_classic_2026-08-20,classic_12x10_g96_vs_g93.jsonl,classic-random-12x10,classic,random-start,12x10,tf:93,tf:96,false,p2,accepted,,830693,830695492112,33
tf_phase7_policy_classic_2026-08-20,classic_12x10_g96_vs_g93.jsonl,classic-random-12x10,classic,random-start,12x10,tf:96,tf:93,true,p2,accepted,,830693,830695492113,34
tf_phase7_policy_classic_2026-08-20,classic_12x10_g96_vs_g93.jsonl,classic-random-12x10,classic,random-start,12x10,tf:93,tf:96,false,p1,accepted,,830693,830695492114,35
tf_phase7_policy_classic_2026-08-20,classic_12x10_g96_vs_g93.jsonl,classic-random-12x10,classic,random-start,12x10,tf:96,tf:93,true,p1,accepted,,830693,830695492115,36
tf_phase7_policy_classic_2026-08-20,classic_12x10_g96_vs_g93.jsonl,classic-random-12x10,classic,random-start,12x10,tf:93,tf:96,false,p1,accepted,,830693,830695492116,37
tf_phase7_policy_classic_2026-08-20,classic_12x10_g96_vs_g93.jsonl,classic-random-12x10,classic,random-start,12x10,tf:96,tf:93,true,p1,accepted,,830693,830695492117,38
tf_phase7_policy_classic_2026-08-20,classic_12x10_g96_vs_g93.jsonl,classic-random-12x10,classic,random-start,12x10,tf:93,tf:96,false,p2,accepted,,830693,830695492118,39
tf_phase7_policy_classic_2026-08-20,classic_12x10_g96_vs_g95.jsonl,classic-random-12x10,classic,random-start,12x10,tf:96,tf:95,true,p1,accepted,,830695,830697492085,0
tf_phase7_policy_classic_2026-08-20,classic_12x10_g96_vs_g95.jsonl,classic-random-12x10,classic,random-start,12x10,tf:95,tf:96,false,p1,accepted,,830695,830697492086,1
tf_phase7_policy_classic_2026-08-20,classic_12x10_g96_vs_g95.jsonl,classic-random-12x10,classic,random-start,12x10,tf:96,tf:95,true,p1,accepted,,830695,830697492087,2
tf_phase7_policy_classic_2026-08-20,classic_12x10_g96_vs_g95.jsonl,classic-random-12x10,classic,random-start,12x10,tf:95,tf:96,false,p1,accepted,,830695,830697492088,3
tf_phase7_policy_classic_2026-08-20,classic_12x10_g96_vs_g95.jsonl,classic-random-12x10,classic,random-start,12x10,tf:96,tf:95,true,p1,accepted,,830695,830697492089,4
tf_phase7_policy_classic_2026-08-20,classic_12x10_g96_vs_g95.jsonl,classic-random-12x10,classic,random-start,12x10,tf:95,tf:96,false,p2,accepted,,830695,830697492090,5
tf_phase7_policy_classic_2026-08-20,classic_12x10_g96_vs_g95.jsonl,classic-random-12x10,classic,random-start,12x10,tf:96,tf:95,true,p1,accepted,,830695,830697492091,6
tf_phase7_policy_classic_2026-08-20,classic_12x10_g96_vs_g95.jsonl,classic-random-12x10,classic,random-start,12x10,tf:95,tf:96,false,p1,accepted,,830695,830697492092,7
tf_phase7_policy_classic_2026-08-20,classic_12x10_g96_vs_g95.jsonl,classic-random-12x10,classic,random-start,12x10,tf:96,tf:95,true,p1,accepted,,830695,830697492093,8
tf_phase7_policy_classic_2026-08-20,classic_12x10_g96_vs_g95.jsonl,classic-random-12x10,classic,random-start,12x10,tf:95,tf:96,false,p2,accepted,,830695,830697492094,9
tf_phase7_policy_classic_2026-08-20,classic_12x10_g96_vs_g95.jsonl,classic-random-12x10,classic,random-start,12x10,tf:96,tf:95,true,p1,accepted,,830695,830697492095,10
tf_phase7_policy_classic_2026-08-20,classic_12x10_g96_vs_g95.jsonl,classic-random-12x10,classic,random-start,12x10,tf:95,tf:96,false,p2,accepted,,830695,830697492096,11
tf_phase7_policy_classic_2026-08-20,classic_12x10_g96_vs_g95.jsonl,classic-random-12x10,classic,random-start,12x10,tf:96,tf:95,true,p2,accepted,,830695,830697492097,12
tf_phase7_policy_classic_2026-08-20,classic_12x10_g96_vs_g95.jsonl,classic-random-12x10,classic,random-start,12x10,tf:95,tf:96,false,p1,accepted,,830695,830697492098,13
tf_phase7_policy_classic_2026-08-20,classic_12x10_g96_vs_g95.jsonl,classic-random-12x10,classic,random-start,12x10,tf:96,tf:95,true,p2,accepted,,830695,830697492099,14
tf_phase7_policy_classic_2026-08-20,classic_12x10_g96_vs_g95.jsonl,classic-random-12x10,classic,random-start,12x10,tf:95,tf:96,false,p2,accepted,,830695,830697492100,15
tf_phase7_policy_classic_2026-08-20,classic_12x10_g96_vs_g95.jsonl,classic-random-12x10,classic,random-start,12x10,tf:96,tf:95,true,p2,accepted,,830695,830697492101,16
tf_phase7_policy_classic_2026-08-20,classic_12x10_g96_vs_g95.jsonl,classic-random-12x10,classic,random-start,12x10,tf:95,tf:96,false,p1,accepted,,830695,830697492102,17
tf_phase7_policy_classic_2026-08-20,classic_12x10_g96_vs_g95.jsonl,classic-random-12x10,classic,random-start,12x10,tf:96,tf:95,true,p1,accepted,,830695,830697492103,18
tf_phase7_policy_classic_2026-08-20,classic_12x10_g96_vs_g95.jsonl,classic-random-12x10,classic,random-start,12x10,tf:95,tf:96,false,p1,accepted,,830695,830697492104,19
tf_phase7_policy_classic_2026-08-20,classic_12x10_g96_vs_g95.jsonl,classic-random-12x10,classic,random-start,12x10,tf:96,tf:95,true,p1,accepted,,830695,830697492105,20
tf_phase7_policy_classic_2026-08-20,classic_12x10_g96_vs_g95.jsonl,classic-random-12x10,classic,random-start,12x10,tf:95,tf:96,false,p1,accepted,,830695,830697492106,21
tf_phase7_policy_classic_2026-08-20,classic_12x10_g96_vs_g95.jsonl,classic-random-12x10,classic,random-start,12x10,tf:96,tf:95,true,p2,accepted,,830695,830697492107,22
tf_phase7_policy_classic_2026-08-20,classic_12x10_g96_vs_g95.jsonl,classic-random-12x10,classic,random-start,12x10,tf:95,tf:96,false,p2,accepted,,830695,830697492108,23
tf_phase7_policy_classic_2026-08-20,classic_12x10_g96_vs_g95.jsonl,classic-random-12x10,classic,random-start,12x10,tf:96,tf:95,true,p1,accepted,,830695,830697492109,24
tf_phase7_policy_classic_2026-08-20,classic_12x10_g96_vs_g95.jsonl,classic-random-12x10,classic,random-start,12x10,tf:95,tf:96,false,p1,accepted,,830695,830697492110,25
tf_phase7_policy_classic_2026-08-20,classic_12x10_g96_vs_g95.jsonl,classic-random-12x10,classic,random-start,12x10,tf:96,tf:95,true,p1,accepted,,830695,830697492111,26
tf_phase7_policy_classic_2026-08-20,classic_12x10_g96_vs_g95.jsonl,classic-random-12x10,classic,random-start,12x10,tf:95,tf:96,false,draw,accepted,,830695,830697492112,27
tf_phase7_policy_classic_2026-08-20,classic_12x10_g96_vs_g95.jsonl,classic-random-12x10,classic,random-start,12x10,tf:96,tf:95,true,p1,accepted,,830695,830697492113,28
tf_phase7_policy_classic_2026-08-20,classic_12x10_g96_vs_g95.jsonl,classic-random-12x10,classic,random-start,12x10,tf:95,tf:96,false,p2,accepted,,830695,830697492114,29
tf_phase7_policy_classic_2026-08-20,classic_12x10_g96_vs_g95.jsonl,classic-random-12x10,classic,random-start,12x10,tf:96,tf:95,true,p1,accepted,,830695,830697492115,30
tf_phase7_policy_classic_2026-08-20,classic_12x10_g96_vs_g95.jsonl,classic-random-12x10,classic,random-start,12x10,tf:95,tf:96,false,p1,accepted,,830695,830697492116,31
tf_phase7_policy_classic_2026-08-20,classic_12x10_g96_vs_g95.jsonl,classic-random-12x10,classic,random-start,12x10,tf:96,tf:95,true,p1,accepted,,830695,830697492117,32
tf_phase7_policy_classic_2026-08-20,classic_12x10_g96_vs_g95.jsonl,classic-random-12x10,classic,random-start,12x10,tf:95,tf:96,false,p2,accepted,,830695,830697492118,33
tf_phase7_policy_classic_2026-08-20,classic_12x10_g96_vs_g95.jsonl,classic-random-12x10,classic,random-start,12x10,tf:96,tf:95,true,p2,accepted,,830695,830697492119,34
tf_phase7_policy_classic_2026-08-20,classic_12x10_g96_vs_g95.jsonl,classic-random-12x10,classic,random-start,12x10,tf:95,tf:96,false,p2,accepted,,830695,830697492120,35
tf_phase7_policy_classic_2026-08-20,classic_12x10_g96_vs_g95.jsonl,classic-random-12x10,classic,random-start,12x10,tf:96,tf:95,true,p1,accepted,,830695,830697492121,36
tf_phase7_policy_classic_2026-08-20,classic_12x10_g96_vs_g95.jsonl,classic-random-12x10,classic,random-start,12x10,tf:95,tf:96,false,p2,accepted,,830695,830697492122,37
tf_phase7_policy_classic_2026-08-20,classic_12x10_g96_vs_g95.jsonl,classic-random-12x10,classic,random-start,12x10,tf:96,tf:95,true,p1,accepted,,830695,830697492123,38
tf_phase7_policy_classic_2026-08-20,classic_12x10_g96_vs_g95.jsonl,classic-random-12x10,classic,random-start,12x10,tf:95,tf:96,false,p2,accepted,,830695,830697492124,39
tf_phase7_policy_classic_2026-08-20,classic_12x10_g97_vs_g93.jsonl,classic-random-12x10,classic,random-start,12x10,tf:97,tf:93,true,p2,accepted,,830793,830795492379,0
tf_phase7_policy_classic_2026-08-20,classic_12x10_g97_vs_g93.jsonl,classic-random-12x10,classic,random-start,12x10,tf:93,tf:97,false,p1,accepted,,830793,830795492380,1
tf_phase7_policy_classic_2026-08-20,classic_12x10_g97_vs_g93.jsonl,classic-random-12x10,classic,random-start,12x10,tf:97,tf:93,true,p1,accepted,,830793,830795492381,2
tf_phase7_policy_classic_2026-08-20,classic_12x10_g97_vs_g93.jsonl,classic-random-12x10,classic,random-start,12x10,tf:93,tf:97,false,p1,accepted,,830793,830795492382,3
tf_phase7_policy_classic_2026-08-20,classic_12x10_g97_vs_g93.jsonl,classic-random-12x10,classic,random-start,12x10,tf:97,tf:93,true,p1,accepted,,830793,830795492383,4
tf_phase7_policy_classic_2026-08-20,classic_12x10_g97_vs_g93.jsonl,classic-random-12x10,classic,random-start,12x10,tf:93,tf:97,false,p1,accepted,,830793,830795492384,5
tf_phase7_policy_classic_2026-08-20,classic_12x10_g97_vs_g93.jsonl,classic-random-12x10,classic,random-start,12x10,tf:97,tf:93,true,p2,accepted,,830793,830795492385,6
tf_phase7_policy_classic_2026-08-20,classic_12x10_g97_vs_g93.jsonl,classic-random-12x10,classic,random-start,12x10,tf:93,tf:97,false,p2,accepted,,830793,830795492386,7
tf_phase7_policy_classic_2026-08-20,classic_12x10_g97_vs_g93.jsonl,classic-random-12x10,classic,random-start,12x10,tf:97,tf:93,true,p1,accepted,,830793,830795492387,8
tf_phase7_policy_classic_2026-08-20,classic_12x10_g97_vs_g93.jsonl,classic-random-12x10,classic,random-start,12x10,tf:93,tf:97,false,p1,accepted,,830793,830795492388,9
tf_phase7_policy_classic_2026-08-20,classic_12x10_g97_vs_g93.jsonl,classic-random-12x10,classic,random-start,12x10,tf:97,tf:93,true,p2,accepted,,830793,830795492389,10
tf_phase7_policy_classic_2026-08-20,classic_12x10_g97_vs_g93.jsonl,classic-random-12x10,classic,random-start,12x10,tf:93,tf:97,false,p1,accepted,,830793,830795492390,11
tf_phase7_policy_classic_2026-08-20,classic_12x10_g97_vs_g93.jsonl,classic-random-12x10,classic,random-start,12x10,tf:97,tf:93,true,p2,accepted,,830793,830795492391,12
tf_phase7_policy_classic_2026-08-20,classic_12x10_g97_vs_g93.jsonl,classic-random-12x10,classic,random-start,12x10,tf:93,tf:97,false,p2,accepted,,830793,830795492392,13
tf_phase7_policy_classic_2026-08-20,classic_12x10_g97_vs_g93.jsonl,classic-random-12x10,classic,random-start,12x10,tf:97,tf:93,true,p1,accepted,,830793,830795492393,14
tf_phase7_policy_classic_2026-08-20,classic_12x10_g97_vs_g93.jsonl,classic-random-12x10,classic,random-start,12x10,tf:93,tf:97,false,p1,accepted,,830793,830795492394,15
tf_phase7_policy_classic_2026-08-20,classic_12x10_g97_vs_g93.jsonl,classic-random-12x10,classic,random-start,12x10,tf:97,tf:93,true,p1,accepted,,830793,830795492395,16
tf_phase7_policy_classic_2026-08-20,classic_12x10_g97_vs_g93.jsonl,classic-random-12x10,classic,random-start,12x10,tf:93,tf:97,false,p1,accepted,,830793,830795492396,17
tf_phase7_policy_classic_2026-08-20,classic_12x10_g97_vs_g93.jsonl,classic-random-12x10,classic,random-start,12x10,tf:97,tf:93,true,p2,accepted,,830793,830795492397,18
tf_phase7_policy_classic_2026-08-20,classic_12x10_g97_vs_g93.jsonl,classic-random-12x10,classic,random-start,12x10,tf:93,tf:97,false,p2,accepted,,830793,830795492398,19
tf_phase7_policy_classic_2026-08-20,classic_12x10_g97_vs_g93.jsonl,classic-random-12x10,classic,random-start,12x10,tf:97,tf:93,true,p2,accepted,,830793,830795492399,20
tf_phase7_policy_classic_2026-08-20,classic_12x10_g97_vs_g93.jsonl,classic-random-12x10,classic,random-start,12x10,tf:93,tf:97,false,p1,accepted,,830793,830795492400,21
tf_phase7_policy_classic_2026-08-20,classic_12x10_g97_vs_g93.jsonl,classic-random-12x10,classic,random-start,12x10,tf:97,tf:93,true,p2,accepted,,830793,830795492401,22
tf_phase7_policy_classic_2026-08-20,classic_12x10_g97_vs_g93.jsonl,classic-random-12x10,classic,random-start,12x10,tf:93,tf:97,false,p1,accepted,,830793,830795492402,23
tf_phase7_policy_classic_2026-08-20,classic_12x10_g97_vs_g93.jsonl,classic-random-12x10,classic,random-start,12x10,tf:97,tf:93,true,p1,accepted,,830793,830795492403,24
tf_phase7_policy_classic_2026-08-20,classic_12x10_g97_vs_g93.jsonl,classic-random-12x10,classic,random-start,12x10,tf:93,tf:97,false,p1,accepted,,830793,830795492404,25
tf_phase7_policy_classic_2026-08-20,classic_12x10_g97_vs_g93.jsonl,classic-random-12x10,classic,random-start,12x10,tf:97,tf:93,true,p2,accepted,,830793,830795492405,26
tf_phase7_policy_classic_2026-08-20,classic_12x10_g97_vs_g93.jsonl,classic-random-12x10,classic,random-start,12x10,tf:93,tf:97,false,p1,accepted,,830793,830795492406,27
tf_phase7_policy_classic_2026-08-20,classic_12x10_g97_vs_g93.jsonl,classic-random-12x10,classic,random-start,12x10,tf:97,tf:93,true,p2,accepted,,830793,830795492407,28
tf_phase7_policy_classic_2026-08-20,classic_12x10_g97_vs_g93.jsonl,classic-random-12x10,classic,random-start,12x10,tf:93,tf:97,false,p1,accepted,,830793,830795492408,29
tf_phase7_policy_classic_2026-08-20,classic_12x10_g97_vs_g93.jsonl,classic-random-12x10,classic,random-start,12x10,tf:97,tf:93,true,p2,accepted,,830793,830795492409,30
tf_phase7_policy_classic_2026-08-20,classic_12x10_g97_vs_g93.jsonl,classic-random-12x10,classic,random-start,12x10,tf:93,tf:97,false,p2,accepted,,830793,830795492410,31
tf_phase7_policy_classic_2026-08-20,classic_12x10_g97_vs_g93.jsonl,classic-random-12x10,classic,random-start,12x10,tf:97,tf:93,true,p1,accepted,,830793,830795492411,32
tf_phase7_policy_classic_2026-08-20,classic_12x10_g97_vs_g93.jsonl,classic-random-12x10,classic,random-start,12x10,tf:93,tf:97,false,p1,accepted,,830793,830795492412,33
tf_phase7_policy_classic_2026-08-20,classic_12x10_g97_vs_g93.jsonl,classic-random-12x10,classic,random-start,12x10,tf:97,tf:93,true,p2,accepted,,830793,830795492413,34
tf_phase7_policy_classic_2026-08-20,classic_12x10_g97_vs_g93.jsonl,classic-random-12x10,classic,random-start,12x10,tf:93,tf:97,false,p2,accepted,,830793,830795492414,35
tf_phase7_policy_classic_2026-08-20,classic_12x10_g97_vs_g93.jsonl,classic-random-12x10,classic,random-start,12x10,tf:97,tf:93,true,p1,accepted,,830793,830795492415,36
tf_phase7_policy_classic_2026-08-20,classic_12x10_g97_vs_g93.jsonl,classic-random-12x10,classic,random-start,12x10,tf:93,tf:97,false,p1,accepted,,830793,830795492416,37
tf_phase7_policy_classic_2026-08-20,classic_12x10_g97_vs_g93.jsonl,classic-random-12x10,classic,random-start,12x10,tf:97,tf:93,true,p1,accepted,,830793,830795492417,38
tf_phase7_policy_classic_2026-08-20,classic_12x10_g97_vs_g93.jsonl,classic-random-12x10,classic,random-start,12x10,tf:93,tf:97,false,p1,accepted,,830793,830795492418,39
tf_phase7_policy_classic_2026-08-20,classic_12x10_g97_vs_g94.jsonl,classic-random-12x10,classic,random-start,12x10,tf:97,tf:94,true,p2,accepted,,830794,830796492382,0
tf_phase7_policy_classic_2026-08-20,classic_12x10_g97_vs_g94.jsonl,classic-random-12x10,classic,random-start,12x10,tf:94,tf:97,false,p1,accepted,,830794,830796492383,1
tf_phase7_policy_classic_2026-08-20,classic_12x10_g97_vs_g94.jsonl,classic-random-12x10,classic,random-start,12x10,tf:97,tf:94,true,p2,accepted,,830794,830796492384,2
tf_phase7_policy_classic_2026-08-20,classic_12x10_g97_vs_g94.jsonl,classic-random-12x10,classic,random-start,12x10,tf:94,tf:97,false,p2,accepted,,830794,830796492385,3
tf_phase7_policy_classic_2026-08-20,classic_12x10_g97_vs_g94.jsonl,classic-random-12x10,classic,random-start,12x10,tf:97,tf:94,true,p1,accepted,,830794,830796492386,4
tf_phase7_policy_classic_2026-08-20,classic_12x10_g97_vs_g94.jsonl,classic-random-12x10,classic,random-start,12x10,tf:94,tf:97,false,p2,accepted,,830794,830796492387,5
tf_phase7_policy_classic_2026-08-20,classic_12x10_g97_vs_g94.jsonl,classic-random-12x10,classic,random-start,12x10,tf:97,tf:94,true,p2,accepted,,830794,830796492388,6
tf_phase7_policy_classic_2026-08-20,classic_12x10_g97_vs_g94.jsonl,classic-random-12x10,classic,random-start,12x10,tf:94,tf:97,false,p2,accepted,,830794,830796492389,7
tf_phase7_policy_classic_2026-08-20,classic_12x10_g97_vs_g94.jsonl,classic-random-12x10,classic,random-start,12x10,tf:97,tf:94,true,p2,accepted,,830794,830796492390,8
tf_phase7_policy_classic_2026-08-20,classic_12x10_g97_vs_g94.jsonl,classic-random-12x10,classic,random-start,12x10,tf:94,tf:97,false,p1,accepted,,830794,830796492391,9
tf_phase7_policy_classic_2026-08-20,classic_12x10_g97_vs_g94.jsonl,classic-random-12x10,classic,random-start,12x10,tf:97,tf:94,true,p2,accepted,,830794,830796492392,10
tf_phase7_policy_classic_2026-08-20,classic_12x10_g97_vs_g94.jsonl,classic-random-12x10,classic,random-start,12x10,tf:94,tf:97,false,p1,accepted,,830794,830796492393,11
tf_phase7_policy_classic_2026-08-20,classic_12x10_g97_vs_g94.jsonl,classic-random-12x10,classic,random-start,12x10,tf:97,tf:94,true,p1,accepted,,830794,830796492394,12
tf_phase7_policy_classic_2026-08-20,classic_12x10_g97_vs_g94.jsonl,classic-random-12x10,classic,random-start,12x10,tf:94,tf:97,false,p2,accepted,,830794,830796492395,13
tf_phase7_policy_classic_2026-08-20,classic_12x10_g97_vs_g94.jsonl,classic-random-12x10,classic,random-start,12x10,tf:97,tf:94,true,p1,accepted,,830794,830796492396,14
tf_phase7_policy_classic_2026-08-20,classic_12x10_g97_vs_g94.jsonl,classic-random-12x10,classic,random-start,12x10,tf:94,tf:97,false,p1,accepted,,830794,830796492397,15
tf_phase7_policy_classic_2026-08-20,classic_12x10_g97_vs_g94.jsonl,classic-random-12x10,classic,random-start,12x10,tf:97,tf:94,true,p2,accepted,,830794,830796492398,16
tf_phase7_policy_classic_2026-08-20,classic_12x10_g97_vs_g94.jsonl,classic-random-12x10,classic,random-start,12x10,tf:94,tf:97,false,p2,accepted,,830794,830796492399,17
tf_phase7_policy_classic_2026-08-20,classic_12x10_g97_vs_g94.jsonl,classic-random-12x10,classic,random-start,12x10,tf:97,tf:94,true,p1,accepted,,830794,830796492400,18
tf_phase7_policy_classic_2026-08-20,classic_12x10_g97_vs_g94.jsonl,classic-random-12x10,classic,random-start,12x10,tf:94,tf:97,false,p1,accepted,,830794,830796492401,19
tf_phase7_policy_classic_2026-08-20,classic_12x10_g97_vs_g94.jsonl,classic-random-12x10,classic,random-start,12x10,tf:97,tf:94,true,p1,accepted,,830794,830796492402,20
tf_phase7_policy_classic_2026-08-20,classic_12x10_g97_vs_g94.jsonl,classic-random-12x10,classic,random-start,12x10,tf:94,tf:97,false,p1,accepted,,830794,830796492403,21
tf_phase7_policy_classic_2026-08-20,classic_12x10_g97_vs_g94.jsonl,classic-random-12x10,classic,random-start,12x10,tf:97,tf:94,true,p1,accepted,,830794,830796492404,22
tf_phase7_policy_classic_2026-08-20,classic_12x10_g97_vs_g94.jsonl,classic-random-12x10,classic,random-start,12x10,tf:94,tf:97,false,p1,accepted,,830794,830796492405,23
tf_phase7_policy_classic_2026-08-20,classic_12x10_g97_vs_g94.jsonl,classic-random-12x10,classic,random-start,12x10,tf:97,tf:94,true,p2,accepted,,830794,830796492406,24
tf_phase7_policy_classic_2026-08-20,classic_12x10_g97_vs_g94.jsonl,classic-random-12x10,classic,random-start,12x10,tf:94,tf:97,false,p1,accepted,,830794,830796492407,25
tf_phase7_policy_classic_2026-08-20,classic_12x10_g97_vs_g94.jsonl,classic-random-12x10,classic,random-start,12x10,tf:97,tf:94,true,p1,accepted,,830794,830796492408,26
tf_phase7_policy_classic_2026-08-20,classic_12x10_g97_vs_g94.jsonl,classic-random-12x10,classic,random-start,12x10,tf:94,tf:97,false,p2,accepted,,830794,830796492409,27
tf_phase7_policy_classic_2026-08-20,classic_12x10_g97_vs_g94.jsonl,classic-random-12x10,classic,random-start,12x10,tf:97,tf:94,true,p2,accepted,,830794,830796492410,28
tf_phase7_policy_classic_2026-08-20,classic_12x10_g97_vs_g94.jsonl,classic-random-12x10,classic,random-start,12x10,tf:94,tf:97,false,p1,accepted,,830794,830796492411,29
tf_phase7_policy_classic_2026-08-20,classic_12x10_g97_vs_g94.jsonl,classic-random-12x10,classic,random-start,12x10,tf:97,tf:94,true,p2,accepted,,830794,830796492412,30
tf_phase7_policy_classic_2026-08-20,classic_12x10_g97_vs_g94.jsonl,classic-random-12x10,classic,random-start,12x10,tf:94,tf:97,false,p1,accepted,,830794,830796492413,31
tf_phase7_policy_classic_2026-08-20,classic_12x10_g97_vs_g94.jsonl,classic-random-12x10,classic,random-start,12x10,tf:97,tf:94,true,p1,accepted,,830794,830796492414,32
tf_phase7_policy_classic_2026-08-20,classic_12x10_g97_vs_g94.jsonl,classic-random-12x10,classic,random-start,12x10,tf:94,tf:97,false,p1,accepted,,830794,830796492415,33
tf_phase7_policy_classic_2026-08-20,classic_12x10_g97_vs_g94.jsonl,classic-random-12x10,classic,random-start,12x10,tf:97,tf:94,true,p1,accepted,,830794,830796492416,34
tf_phase7_policy_classic_2026-08-20,classic_12x10_g97_vs_g94.jsonl,classic-random-12x10,classic,random-start,12x10,tf:94,tf:97,false,p1,accepted,,830794,830796492417,35
tf_phase7_policy_classic_2026-08-20,classic_12x10_g97_vs_g94.jsonl,classic-random-12x10,classic,random-start,12x10,tf:97,tf:94,true,p2,accepted,,830794,830796492418,36
tf_phase7_policy_classic_2026-08-20,classic_12x10_g97_vs_g94.jsonl,classic-random-12x10,classic,random-start,12x10,tf:94,tf:97,false,p1,accepted,,830794,830796492419,37
tf_phase7_policy_classic_2026-08-20,classic_12x10_g97_vs_g94.jsonl,classic-random-12x10,classic,random-start,12x10,tf:97,tf:94,true,p2,accepted,,830794,830796492420,38
tf_phase7_policy_classic_2026-08-20,classic_12x10_g97_vs_g94.jsonl,classic-random-12x10,classic,random-start,12x10,tf:94,tf:97,false,p1,accepted,,830794,830796492421,39
tf_phase7_policy_classic_2026-08-20,classic_12x10_g97_vs_g96.jsonl,classic-random-12x10,classic,random-start,12x10,tf:97,tf:96,true,p1,accepted,,830796,830798492388,0
tf_phase7_policy_classic_2026-08-20,classic_12x10_g97_vs_g96.jsonl,classic-random-12x10,classic,random-start,12x10,tf:96,tf:97,false,p2,accepted,,830796,830798492389,1
tf_phase7_policy_classic_2026-08-20,classic_12x10_g97_vs_g96.jsonl,classic-random-12x10,classic,random-start,12x10,tf:97,tf:96,true,p1,accepted,,830796,830798492390,2
tf_phase7_policy_classic_2026-08-20,classic_12x10_g97_vs_g96.jsonl,classic-random-12x10,classic,random-start,12x10,tf:96,tf:97,false,p1,accepted,,830796,830798492391,3
tf_phase7_policy_classic_2026-08-20,classic_12x10_g97_vs_g96.jsonl,classic-random-12x10,classic,random-start,12x10,tf:97,tf:96,true,p2,accepted,,830796,830798492392,4
tf_phase7_policy_classic_2026-08-20,classic_12x10_g97_vs_g96.jsonl,classic-random-12x10,classic,random-start,12x10,tf:96,tf:97,false,p1,accepted,,830796,830798492393,5
tf_phase7_policy_classic_2026-08-20,classic_12x10_g97_vs_g96.jsonl,classic-random-12x10,classic,random-start,12x10,tf:97,tf:96,true,p1,accepted,,830796,830798492394,6
tf_phase7_policy_classic_2026-08-20,classic_12x10_g97_vs_g96.jsonl,classic-random-12x10,classic,random-start,12x10,tf:96,tf:97,false,p1,accepted,,830796,830798492395,7
tf_phase7_policy_classic_2026-08-20,classic_12x10_g97_vs_g96.jsonl,classic-random-12x10,classic,random-start,12x10,tf:97,tf:96,true,p1,accepted,,830796,830798492396,8
tf_phase7_policy_classic_2026-08-20,classic_12x10_g97_vs_g96.jsonl,classic-random-12x10,classic,random-start,12x10,tf:96,tf:97,false,p2,accepted,,830796,830798492397,9
tf_phase7_policy_classic_2026-08-20,classic_12x10_g97_vs_g96.jsonl,classic-random-12x10,classic,random-start,12x10,tf:97,tf:96,true,p1,accepted,,830796,830798492398,10
tf_phase7_policy_classic_2026-08-20,classic_12x10_g97_vs_g96.jsonl,classic-random-12x10,classic,random-start,12x10,tf:96,tf:97,false,p1,accepted,,830796,830798492399,11
tf_phase7_policy_classic_2026-08-20,classic_12x10_g97_vs_g96.jsonl,classic-random-12x10,classic,random-start,12x10,tf:97,tf:96,true,p1,accepted,,830796,830798492400,12
tf_phase7_policy_classic_2026-08-20,classic_12x10_g97_vs_g96.jsonl,classic-random-12x10,classic,random-start,12x10,tf:96,tf:97,false,p1,accepted,,830796,830798492401,13
tf_phase7_policy_classic_2026-08-20,classic_12x10_g97_vs_g96.jsonl,classic-random-12x10,classic,random-start,12x10,tf:97,tf:96,true,p2,accepted,,830796,830798492402,14
tf_phase7_policy_classic_2026-08-20,classic_12x10_g97_vs_g96.jsonl,classic-random-12x10,classic,random-start,12x10,tf:96,tf:97,false,p2,accepted,,830796,830798492403,15
tf_phase7_policy_classic_2026-08-20,classic_12x10_g97_vs_g96.jsonl,classic-random-12x10,classic,random-start,12x10,tf:97,tf:96,true,p2,accepted,,830796,830798492404,16
tf_phase7_policy_classic_2026-08-20,classic_12x10_g97_vs_g96.jsonl,classic-random-12x10,classic,random-start,12x10,tf:96,tf:97,false,p1,accepted,,830796,830798492405,17
tf_phase7_policy_classic_2026-08-20,classic_12x10_g97_vs_g96.jsonl,classic-random-12x10,classic,random-start,12x10,tf:97,tf:96,true,p1,accepted,,830796,830798492406,18
tf_phase7_policy_classic_2026-08-20,classic_12x10_g97_vs_g96.jsonl,classic-random-12x10,classic,random-start,12x10,tf:96,tf:97,false,p2,accepted,,830796,830798492407,19
tf_phase7_policy_classic_2026-08-20,classic_12x10_g97_vs_g96.jsonl,classic-random-12x10,classic,random-start,12x10,tf:97,tf:96,true,p2,accepted,,830796,830798492408,20
tf_phase7_policy_classic_2026-08-20,classic_12x10_g97_vs_g96.jsonl,classic-random-12x10,classic,random-start,12x10,tf:96,tf:97,false,p2,accepted,,830796,830798492409,21
tf_phase7_policy_classic_2026-08-20,classic_12x10_g97_vs_g96.jsonl,classic-random-12x10,classic,random-start,12x10,tf:97,tf:96,true,p1,accepted,,830796,830798492410,22
tf_phase7_policy_classic_2026-08-20,classic_12x10_g97_vs_g96.jsonl,classic-random-12x10,classic,random-start,12x10,tf:96,tf:97,false,p1,accepted,,830796,830798492411,23
tf_phase7_policy_classic_2026-08-20,classic_12x10_g97_vs_g96.jsonl,classic-random-12x10,classic,random-start,12x10,tf:97,tf:96,true,p2,accepted,,830796,830798492412,24
tf_phase7_policy_classic_2026-08-20,classic_12x10_g97_vs_g96.jsonl,classic-random-12x10,classic,random-start,12x10,tf:96,tf:97,false,p2,accepted,,830796,830798492413,25
tf_phase7_policy_classic_2026-08-20,classic_12x10_g97_vs_g96.jsonl,classic-random-12x10,classic,random-start,12x10,tf:97,tf:96,true,p1,accepted,,830796,830798492414,26
tf_phase7_policy_classic_2026-08-20,classic_12x10_g97_vs_g96.jsonl,classic-random-12x10,classic,random-start,12x10,tf:96,tf:97,false,p1,accepted,,830796,830798492415,27
tf_phase7_policy_classic_2026-08-20,classic_12x10_g97_vs_g96.jsonl,classic-random-12x10,classic,random-start,12x10,tf:97,tf:96,true,p2,accepted,,830796,830798492416,28
tf_phase7_policy_classic_2026-08-20,classic_12x10_g97_vs_g96.jsonl,classic-random-12x10,classic,random-start,12x10,tf:96,tf:97,false,p1,accepted,,830796,830798492417,29
tf_phase7_policy_classic_2026-08-20,classic_12x10_g97_vs_g96.jsonl,classic-random-12x10,classic,random-start,12x10,tf:97,tf:96,true,p2,accepted,,830796,830798492418,30
tf_phase7_policy_classic_2026-08-20,classic_12x10_g97_vs_g96.jsonl,classic-random-12x10,classic,random-start,12x10,tf:96,tf:97,false,p2,accepted,,830796,830798492419,31
tf_phase7_policy_classic_2026-08-20,classic_12x10_g97_vs_g96.jsonl,classic-random-12x10,classic,random-start,12x10,tf:97,tf:96,true,p2,accepted,,830796,830798492420,32
tf_phase7_policy_classic_2026-08-20,classic_12x10_g97_vs_g96.jsonl,classic-random-12x10,classic,random-start,12x10,tf:96,tf:97,false,p1,accepted,,830796,830798492421,33
tf_phase7_policy_classic_2026-08-20,classic_12x10_g97_vs_g96.jsonl,classic-random-12x10,classic,random-start,12x10,tf:97,tf:96,true,p1,accepted,,830796,830798492422,34
tf_phase7_policy_classic_2026-08-20,classic_12x10_g97_vs_g96.jsonl,classic-random-12x10,classic,random-start,12x10,tf:96,tf:97,false,p1,accepted,,830796,830798492423,35
tf_phase7_policy_classic_2026-08-20,classic_12x10_g97_vs_g96.jsonl,classic-random-12x10,classic,random-start,12x10,tf:97,tf:96,true,p1,accepted,,830796,830798492424,36
tf_phase7_policy_classic_2026-08-20,classic_12x10_g97_vs_g96.jsonl,classic-random-12x10,classic,random-start,12x10,tf:96,tf:97,false,p1,accepted,,830796,830798492425,37
tf_phase7_policy_classic_2026-08-20,classic_12x10_g97_vs_g96.jsonl,classic-random-12x10,classic,random-start,12x10,tf:97,tf:96,true,p1,accepted,,830796,830798492426,38
tf_phase7_policy_classic_2026-08-20,classic_12x10_g97_vs_g96.jsonl,classic-random-12x10,classic,random-start,12x10,tf:96,tf:97,false,p2,accepted,,830796,830798492427,39
tf_phase7_policy_classic_2026-08-20,classic_12x10_g98_vs_g93.jsonl,classic-random-12x10,classic,random-start,12x10,tf:98,tf:93,true,p1,accepted,,830893,830895492679,0
tf_phase7_policy_classic_2026-08-20,classic_12x10_g98_vs_g93.jsonl,classic-random-12x10,classic,random-start,12x10,tf:93,tf:98,false,p2,accepted,,830893,830895492680,1
tf_phase7_policy_classic_2026-08-20,classic_12x10_g98_vs_g93.jsonl,classic-random-12x10,classic,random-start,12x10,tf:98,tf:93,true,p2,accepted,,830893,830895492681,2
tf_phase7_policy_classic_2026-08-20,classic_12x10_g98_vs_g93.jsonl,classic-random-12x10,classic,random-start,12x10,tf:93,tf:98,false,p1,accepted,,830893,830895492682,3
tf_phase7_policy_classic_2026-08-20,classic_12x10_g98_vs_g93.jsonl,classic-random-12x10,classic,random-start,12x10,tf:98,tf:93,true,p2,accepted,,830893,830895492683,4
tf_phase7_policy_classic_2026-08-20,classic_12x10_g98_vs_g93.jsonl,classic-random-12x10,classic,random-start,12x10,tf:93,tf:98,false,p1,accepted,,830893,830895492684,5
tf_phase7_policy_classic_2026-08-20,classic_12x10_g98_vs_g93.jsonl,classic-random-12x10,classic,random-start,12x10,tf:98,tf:93,true,p2,accepted,,830893,830895492685,6
tf_phase7_policy_classic_2026-08-20,classic_12x10_g98_vs_g93.jsonl,classic-random-12x10,classic,random-start,12x10,tf:93,tf:98,false,p1,accepted,,830893,830895492686,7
tf_phase7_policy_classic_2026-08-20,classic_12x10_g98_vs_g93.jsonl,classic-random-12x10,classic,random-start,12x10,tf:98,tf:93,true,p2,accepted,,830893,830895492687,8
tf_phase7_policy_classic_2026-08-20,classic_12x10_g98_vs_g93.jsonl,classic-random-12x10,classic,random-start,12x10,tf:93,tf:98,false,p2,accepted,,830893,830895492688,9
tf_phase7_policy_classic_2026-08-20,classic_12x10_g98_vs_g93.jsonl,classic-random-12x10,classic,random-start,12x10,tf:98,tf:93,true,p1,accepted,,830893,830895492689,10
tf_phase7_policy_classic_2026-08-20,classic_12x10_g98_vs_g93.jsonl,classic-random-12x10,classic,random-start,12x10,tf:93,tf:98,false,p1,accepted,,830893,830895492690,11
tf_phase7_policy_classic_2026-08-20,classic_12x10_g98_vs_g93.jsonl,classic-random-12x10,classic,random-start,12x10,tf:98,tf:93,true,p1,accepted,,830893,830895492691,12
tf_phase7_policy_classic_2026-08-20,classic_12x10_g98_vs_g93.jsonl,classic-random-12x10,classic,random-start,12x10,tf:93,tf:98,false,p1,accepted,,830893,830895492692,13
tf_phase7_policy_classic_2026-08-20,classic_12x10_g98_vs_g93.jsonl,classic-random-12x10,classic,random-start,12x10,tf:98,tf:93,true,p1,accepted,,830893,830895492693,14
tf_phase7_policy_classic_2026-08-20,classic_12x10_g98_vs_g93.jsonl,classic-random-12x10,classic,random-start,12x10,tf:93,tf:98,false,p1,accepted,,830893,830895492694,15
tf_phase7_policy_classic_2026-08-20,classic_12x10_g98_vs_g93.jsonl,classic-random-12x10,classic,random-start,12x10,tf:98,tf:93,true,p1,accepted,,830893,830895492695,16
tf_phase7_policy_classic_2026-08-20,classic_12x10_g98_vs_g93.jsonl,classic-random-12x10,classic,random-start,12x10,tf:93,tf:98,false,p1,accepted,,830893,830895492696,17
tf_phase7_policy_classic_2026-08-20,classic_12x10_g98_vs_g93.jsonl,classic-random-12x10,classic,random-start,12x10,tf:98,tf:93,true,p1,accepted,,830893,830895492697,18
tf_phase7_policy_classic_2026-08-20,classic_12x10_g98_vs_g93.jsonl,classic-random-12x10,classic,random-start,12x10,tf:93,tf:98,false,p1,accepted,,830893,830895492698,19
tf_phase7_policy_classic_2026-08-20,classic_12x10_g98_vs_g93.jsonl,classic-random-12x10,classic,random-start,12x10,tf:98,tf:93,true,p1,accepted,,830893,830895492699,20
tf_phase7_policy_classic_2026-08-20,classic_12x10_g98_vs_g93.jsonl,classic-random-12x10,classic,random-start,12x10,tf:93,tf:98,false,p1,accepted,,830893,830895492700,21
tf_phase7_policy_classic_2026-08-20,classic_12x10_g98_vs_g93.jsonl,classic-random-12x10,classic,random-start,12x10,tf:98,tf:93,true,p2,accepted,,830893,830895492701,22
tf_phase7_policy_classic_2026-08-20,classic_12x10_g98_vs_g93.jsonl,classic-random-12x10,classic,random-start,12x10,tf:93,tf:98,false,p1,accepted,,830893,830895492702,23
tf_phase7_policy_classic_2026-08-20,classic_12x10_g98_vs_g93.jsonl,classic-random-12x10,classic,random-start,12x10,tf:98,tf:93,true,p2,accepted,,830893,830895492703,24
tf_phase7_policy_classic_2026-08-20,classic_12x10_g98_vs_g93.jsonl,classic-random-12x10,classic,random-start,12x10,tf:93,tf:98,false,p2,accepted,,830893,830895492704,25
tf_phase7_policy_classic_2026-08-20,classic_12x10_g98_vs_g93.jsonl,classic-random-12x10,classic,random-start,12x10,tf:98,tf:93,true,p1,accepted,,830893,830895492705,26
tf_phase7_policy_classic_2026-08-20,classic_12x10_g98_vs_g93.jsonl,classic-random-12x10,classic,random-start,12x10,tf:93,tf:98,false,p2,accepted,,830893,830895492706,27
tf_phase7_policy_classic_2026-08-20,classic_12x10_g98_vs_g93.jsonl,classic-random-12x10,classic,random-start,12x10,tf:98,tf:93,true,p2,accepted,,830893,830895492707,28
tf_phase7_policy_classic_2026-08-20,classic_12x10_g98_vs_g93.jsonl,classic-random-12x10,classic,random-start,12x10,tf:93,tf:98,false,p1,accepted,,830893,830895492708,29
tf_phase7_policy_classic_2026-08-20,classic_12x10_g98_vs_g93.jsonl,classic-random-12x10,classic,random-start,12x10,tf:98,tf:93,true,p1,accepted,,830893,830895492709,30
tf_phase7_policy_classic_2026-08-20,classic_12x10_g98_vs_g93.jsonl,classic-random-12x10,classic,random-start,12x10,tf:93,tf:98,false,p1,accepted,,830893,830895492710,31
tf_phase7_policy_classic_2026-08-20,classic_12x10_g98_vs_g93.jsonl,classic-random-12x10,classic,random-start,12x10,tf:98,tf:93,true,p2,accepted,,830893,830895492711,32
tf_phase7_policy_classic_2026-08-20,classic_12x10_g98_vs_g93.jsonl,classic-random-12x10,classic,random-start,12x10,tf:93,tf:98,false,p2,accepted,,830893,830895492712,33
tf_phase7_policy_classic_2026-08-20,classic_12x10_g98_vs_g93.jsonl,classic-random-12x10,classic,random-start,12x10,tf:98,tf:93,true,p2,accepted,,830893,830895492713,34
tf_phase7_policy_classic_2026-08-20,classic_12x10_g98_vs_g93.jsonl,classic-random-12x10,classic,random-start,12x10,tf:93,tf:98,false,p1,accepted,,830893,830895492714,35
tf_phase7_policy_classic_2026-08-20,classic_12x10_g98_vs_g93.jsonl,classic-random-12x10,classic,random-start,12x10,tf:98,tf:93,true,p1,accepted,,830893,830895492715,36
tf_phase7_policy_classic_2026-08-20,classic_12x10_g98_vs_g93.jsonl,classic-random-12x10,classic,random-start,12x10,tf:93,tf:98,false,p1,accepted,,830893,830895492716,37
tf_phase7_policy_classic_2026-08-20,classic_12x10_g98_vs_g93.jsonl,classic-random-12x10,classic,random-start,12x10,tf:98,tf:93,true,p1,accepted,,830893,830895492717,38
tf_phase7_policy_classic_2026-08-20,classic_12x10_g98_vs_g93.jsonl,classic-random-12x10,classic,random-start,12x10,tf:93,tf:98,false,p1,accepted,,830893,830895492718,39
tf_phase7_policy_classic_2026-08-20,classic_12x10_g98_vs_g95.jsonl,classic-random-12x10,classic,random-start,12x10,tf:98,tf:95,true,p1,accepted,,830895,830897492685,0
tf_phase7_policy_classic_2026-08-20,classic_12x10_g98_vs_g95.jsonl,classic-random-12x10,classic,random-start,12x10,tf:95,tf:98,false,p2,accepted,,830895,830897492686,1
tf_phase7_policy_classic_2026-08-20,classic_12x10_g98_vs_g95.jsonl,classic-random-12x10,classic,random-start,12x10,tf:98,tf:95,true,p1,accepted,,830895,830897492687,2
tf_phase7_policy_classic_2026-08-20,classic_12x10_g98_vs_g95.jsonl,classic-random-12x10,classic,random-start,12x10,tf:95,tf:98,false,p2,accepted,,830895,830897492688,3
tf_phase7_policy_classic_2026-08-20,classic_12x10_g98_vs_g95.jsonl,classic-random-12x10,classic,random-start,12x10,tf:98,tf:95,true,p1,accepted,,830895,830897492689,4
tf_phase7_policy_classic_2026-08-20,classic_12x10_g98_vs_g95.jsonl,classic-random-12x10,classic,random-start,12x10,tf:95,tf:98,false,p1,accepted,,830895,830897492690,5
tf_phase7_policy_classic_2026-08-20,classic_12x10_g98_vs_g95.jsonl,classic-random-12x10,classic,random-start,12x10,tf:98,tf:95,true,p2,accepted,,830895,830897492691,6
tf_phase7_policy_classic_2026-08-20,classic_12x10_g98_vs_g95.jsonl,classic-random-12x10,classic,random-start,12x10,tf:95,tf:98,false,p2,accepted,,830895,830897492692,7
tf_phase7_policy_classic_2026-08-20,classic_12x10_g98_vs_g95.jsonl,classic-random-12x10,classic,random-start,12x10,tf:98,tf:95,true,p1,accepted,,830895,830897492693,8
tf_phase7_policy_classic_2026-08-20,classic_12x10_g98_vs_g95.jsonl,classic-random-12x10,classic,random-start,12x10,tf:95,tf:98,false,p2,accepted,,830895,830897492694,9
tf_phase7_policy_classic_2026-08-20,classic_12x10_g98_vs_g95.jsonl,classic-random-12x10,classic,random-start,12x10,tf:98,tf:95,true,p1,accepted,,830895,830897492695,10
tf_phase7_policy_classic_2026-08-20,classic_12x10_g98_vs_g95.jsonl,classic-random-12x10,classic,random-start,12x10,tf:95,tf:98,false,p1,accepted,,830895,830897492696,11
tf_phase7_policy_classic_2026-08-20,classic_12x10_g98_vs_g95.jsonl,classic-random-12x10,classic,random-start,12x10,tf:98,tf:95,true,p1,accepted,,830895,830897492697,12
tf_phase7_policy_classic_2026-08-20,classic_12x10_g98_vs_g95.jsonl,classic-random-12x10,classic,random-start,12x10,tf:95,tf:98,false,p1,accepted,,830895,830897492698,13
tf_phase7_policy_classic_2026-08-20,classic_12x10_g98_vs_g95.jsonl,classic-random-12x10,classic,random-start,12x10,tf:98,tf:95,true,p1,accepted,,830895,830897492699,14
tf_phase7_policy_classic_2026-08-20,classic_12x10_g98_vs_g95.jsonl,classic-random-12x10,classic,random-start,12x10,tf:95,tf:98,false,p1,accepted,,830895,830897492700,15
tf_phase7_policy_classic_2026-08-20,classic_12x10_g98_vs_g95.jsonl,classic-random-12x10,classic,random-start,12x10,tf:98,tf:95,true,p1,accepted,,830895,830897492701,16
tf_phase7_policy_classic_2026-08-20,classic_12x10_g98_vs_g95.jsonl,classic-random-12x10,classic,random-start,12x10,tf:95,tf:98,false,p1,accepted,,830895,830897492702,17
tf_phase7_policy_classic_2026-08-20,classic_12x10_g98_vs_g95.jsonl,classic-random-12x10,classic,random-start,12x10,tf:98,tf:95,true,p1,accepted,,830895,830897492703,18
tf_phase7_policy_classic_2026-08-20,classic_12x10_g98_vs_g95.jsonl,classic-random-12x10,classic,random-start,12x10,tf:95,tf:98,false,p1,accepted,,830895,830897492704,19
tf_phase7_policy_classic_2026-08-20,classic_12x10_g98_vs_g95.jsonl,classic-random-12x10,classic,random-start,12x10,tf:98,tf:95,true,p2,accepted,,830895,830897492705,20
tf_phase7_policy_classic_2026-08-20,classic_12x10_g98_vs_g95.jsonl,classic-random-12x10,classic,random-start,12x10,tf:95,tf:98,false,p1,accepted,,830895,830897492706,21
tf_phase7_policy_classic_2026-08-20,classic_12x10_g98_vs_g95.jsonl,classic-random-12x10,classic,random-start,12x10,tf:98,tf:95,true,p1,accepted,,830895,830897492707,22
tf_phase7_policy_classic_2026-08-20,classic_12x10_g98_vs_g95.jsonl,classic-random-12x10,classic,random-start,12x10,tf:95,tf:98,false,p1,accepted,,830895,830897492708,23
tf_phase7_policy_classic_2026-08-20,classic_12x10_g98_vs_g95.jsonl,classic-random-12x10,classic,random-start,12x10,tf:98,tf:95,true,p1,accepted,,830895,830897492709,24
tf_phase7_policy_classic_2026-08-20,classic_12x10_g98_vs_g95.jsonl,classic-random-12x10,classic,random-start,12x10,tf:95,tf:98,false,p2,accepted,,830895,830897492710,25
tf_phase7_policy_classic_2026-08-20,classic_12x10_g98_vs_g95.jsonl,classic-random-12x10,classic,random-start,12x10,tf:98,tf:95,true,p1,accepted,,830895,830897492711,26
tf_phase7_policy_classic_2026-08-20,classic_12x10_g98_vs_g95.jsonl,classic-random-12x10,classic,random-start,12x10,tf:95,tf:98,false,p2,accepted,,830895,830897492712,27
tf_phase7_policy_classic_2026-08-20,classic_12x10_g98_vs_g95.jsonl,classic-random-12x10,classic,random-start,12x10,tf:98,tf:95,true,p2,accepted,,830895,830897492713,28
tf_phase7_policy_classic_2026-08-20,classic_12x10_g98_vs_g95.jsonl,classic-random-12x10,classic,random-start,12x10,tf:95,tf:98,false,p1,accepted,,830895,830897492714,29
tf_phase7_policy_classic_2026-08-20,classic_12x10_g98_vs_g95.jsonl,classic-random-12x10,classic,random-start,12x10,tf:98,tf:95,true,p2,accepted,,830895,830897492715,30
tf_phase7_policy_classic_2026-08-20,classic_12x10_g98_vs_g95.jsonl,classic-random-12x10,classic,random-start,12x10,tf:95,tf:98,false,p2,accepted,,830895,830897492716,31
tf_phase7_policy_classic_2026-08-20,classic_12x10_g98_vs_g95.jsonl,classic-random-12x10,classic,random-start,12x10,tf:98,tf:95,true,p2,accepted,,830895,830897492717,32
tf_phase7_policy_classic_2026-08-20,classic_12x10_g98_vs_g95.jsonl,classic-random-12x10,classic,random-start,12x10,tf:95,tf:98,false,p1,accepted,,830895,830897492718,33
tf_phase7_policy_classic_2026-08-20,classic_12x10_g98_vs_g95.jsonl,classic-random-12x10,classic,random-start,12x10,tf:98,tf:95,true,p1,accepted,,830895,830897492719,34
tf_phase7_policy_classic_2026-08-20,classic_12x10_g98_vs_g95.jsonl,classic-random-12x10,classic,random-start,12x10,tf:95,tf:98,false,p1,accepted,,830895,830897492720,35
tf_phase7_policy_classic_2026-08-20,classic_12x10_g98_vs_g95.jsonl,classic-random-12x10,classic,random-start,12x10,tf:98,tf:95,true,p1,accepted,,830895,830897492721,36
tf_phase7_policy_classic_2026-08-20,classic_12x10_g98_vs_g95.jsonl,classic-random-12x10,classic,random-start,12x10,tf:95,tf:98,false,p1,accepted,,830895,830897492722,37
tf_phase7_policy_classic_2026-08-20,classic_12x10_g98_vs_g95.jsonl,classic-random-12x10,classic,random-start,12x10,tf:98,tf:95,true,p2,accepted,,830895,830897492723,38
tf_phase7_policy_classic_2026-08-20,classic_12x10_g98_vs_g95.jsonl,classic-random-12x10,classic,random-start,12x10,tf:95,tf:98,false,p1,accepted,,830895,830897492724,39
tf_phase7_policy_classic_2026-08-20,classic_12x10_g98_vs_g97.jsonl,classic-random-12x10,classic,random-start,12x10,tf:98,tf:97,true,p1,accepted,,830897,830899492691,0
tf_phase7_policy_classic_2026-08-20,classic_12x10_g98_vs_g97.jsonl,classic-random-12x10,classic,random-start,12x10,tf:97,tf:98,false,p1,accepted,,830897,830899492692,1
tf_phase7_policy_classic_2026-08-20,classic_12x10_g98_vs_g97.jsonl,classic-random-12x10,classic,random-start,12x10,tf:98,tf:97,true,p2,accepted,,830897,830899492693,2
tf_phase7_policy_classic_2026-08-20,classic_12x10_g98_vs_g97.jsonl,classic-random-12x10,classic,random-start,12x10,tf:97,tf:98,false,p1,accepted,,830897,830899492694,3
tf_phase7_policy_classic_2026-08-20,classic_12x10_g98_vs_g97.jsonl,classic-random-12x10,classic,random-start,12x10,tf:98,tf:97,true,p2,accepted,,830897,830899492695,4
tf_phase7_policy_classic_2026-08-20,classic_12x10_g98_vs_g97.jsonl,classic-random-12x10,classic,random-start,12x10,tf:97,tf:98,false,p1,accepted,,830897,830899492696,5
tf_phase7_policy_classic_2026-08-20,classic_12x10_g98_vs_g97.jsonl,classic-random-12x10,classic,random-start,12x10,tf:98,tf:97,true,p2,accepted,,830897,830899492697,6
tf_phase7_policy_classic_2026-08-20,classic_12x10_g98_vs_g97.jsonl,classic-random-12x10,classic,random-start,12x10,tf:97,tf:98,false,p1,accepted,,830897,830899492698,7
tf_phase7_policy_classic_2026-08-20,classic_12x10_g98_vs_g97.jsonl,classic-random-12x10,classic,random-start,12x10,tf:98,tf:97,true,p2,accepted,,830897,830899492699,8
tf_phase7_policy_classic_2026-08-20,classic_12x10_g98_vs_g97.jsonl,classic-random-12x10,classic,random-start,12x10,tf:97,tf:98,false,p2,accepted,,830897,830899492700,9
tf_phase7_policy_classic_2026-08-20,classic_12x10_g98_vs_g97.jsonl,classic-random-12x10,classic,random-start,12x10,tf:98,tf:97,true,p2,accepted,,830897,830899492701,10
tf_phase7_policy_classic_2026-08-20,classic_12x10_g98_vs_g97.jsonl,classic-random-12x10,classic,random-start,12x10,tf:97,tf:98,false,p1,accepted,,830897,830899492702,11
tf_phase7_policy_classic_2026-08-20,classic_12x10_g98_vs_g97.jsonl,classic-random-12x10,classic,random-start,12x10,tf:98,tf:97,true,p1,accepted,,830897,830899492703,12
tf_phase7_policy_classic_2026-08-20,classic_12x10_g98_vs_g97.jsonl,classic-random-12x10,classic,random-start,12x10,tf:97,tf:98,false,p2,accepted,,830897,830899492704,13
tf_phase7_policy_classic_2026-08-20,classic_12x10_g98_vs_g97.jsonl,classic-random-12x10,classic,random-start,12x10,tf:98,tf:97,true,p1,accepted,,830897,830899492705,14
tf_phase7_policy_classic_2026-08-20,classic_12x10_g98_vs_g97.jsonl,classic-random-12x10,classic,random-start,12x10,tf:97,tf:98,false,p1,accepted,,830897,830899492706,15
tf_phase7_policy_classic_2026-08-20,classic_12x10_g98_vs_g97.jsonl,classic-random-12x10,classic,random-start,12x10,tf:98,tf:97,true,p1,accepted,,830897,830899492707,16
tf_phase7_policy_classic_2026-08-20,classic_12x10_g98_vs_g97.jsonl,classic-random-12x10,classic,random-start,12x10,tf:97,tf:98,false,p1,accepted,,830897,830899492708,17
tf_phase7_policy_classic_2026-08-20,classic_12x10_g98_vs_g97.jsonl,classic-random-12x10,classic,random-start,12x10,tf:98,tf:97,true,p1,accepted,,830897,830899492709,18
tf_phase7_policy_classic_2026-08-20,classic_12x10_g98_vs_g97.jsonl,classic-random-12x10,classic,random-start,12x10,tf:97,tf:98,false,draw,accepted,,830897,830899492710,19
tf_phase7_policy_classic_2026-08-20,classic_12x10_g98_vs_g97.jsonl,classic-random-12x10,classic,random-start,12x10,tf:98,tf:97,true,p1,accepted,,830897,830899492711,20
tf_phase7_policy_classic_2026-08-20,classic_12x10_g98_vs_g97.jsonl,classic-random-12x10,classic,random-start,12x10,tf:97,tf:98,false,p1,accepted,,830897,830899492712,21
tf_phase7_policy_classic_2026-08-20,classic_12x10_g98_vs_g97.jsonl,classic-random-12x10,classic,random-start,12x10,tf:98,tf:97,true,p2,accepted,,830897,830899492713,22
tf_phase7_policy_classic_2026-08-20,classic_12x10_g98_vs_g97.jsonl,classic-random-12x10,classic,random-start,12x10,tf:97,tf:98,false,p1,accepted,,830897,830899492714,23
tf_phase7_policy_classic_2026-08-20,classic_12x10_g98_vs_g97.jsonl,classic-random-12x10,classic,random-start,12x10,tf:98,tf:97,true,p1,accepted,,830897,830899492715,24
tf_phase7_policy_classic_2026-08-20,classic_12x10_g98_vs_g97.jsonl,classic-random-12x10,classic,random-start,12x10,tf:97,tf:98,false,p1,accepted,,830897,830899492716,25
tf_phase7_policy_classic_2026-08-20,classic_12x10_g98_vs_g97.jsonl,classic-random-12x10,classic,random-start,12x10,tf:98,tf:97,true,p1,accepted,,830897,830899492717,26
tf_phase7_policy_classic_2026-08-20,classic_12x10_g98_vs_g97.jsonl,classic-random-12x10,classic,random-start,12x10,tf:97,tf:98,false,p2,accepted,,830897,830899492718,27
tf_phase7_policy_classic_2026-08-20,classic_12x10_g98_vs_g97.jsonl,classic-random-12x10,classic,random-start,12x10,tf:98,tf:97,true,p1,accepted,,830897,830899492719,28
tf_phase7_policy_classic_2026-08-20,classic_12x10_g98_vs_g97.jsonl,classic-random-12x10,classic,random-start,12x10,tf:97,tf:98,false,p1,accepted,,830897,830899492720,29
tf_phase7_policy_classic_2026-08-20,classic_12x10_g98_vs_g97.jsonl,classic-random-12x10,classic,random-start,12x10,tf:98,tf:97,true,p1,accepted,,830897,830899492721,30
tf_phase7_policy_classic_2026-08-20,classic_12x10_g98_vs_g97.jsonl,classic-random-12x10,classic,random-start,12x10,tf:97,tf:98,false,p1,accepted,,830897,830899492722,31
tf_phase7_policy_classic_2026-08-20,classic_12x10_g98_vs_g97.jsonl,classic-random-12x10,classic,random-start,12x10,tf:98,tf:97,true,p2,accepted,,830897,830899492723,32
tf_phase7_policy_classic_2026-08-20,classic_12x10_g98_vs_g97.jsonl,classic-random-12x10,classic,random-start,12x10,tf:97,tf:98,false,p1,accepted,,830897,830899492724,33
tf_phase7_policy_classic_2026-08-20,classic_12x10_g98_vs_g97.jsonl,classic-random-12x10,classic,random-start,12x10,tf:98,tf:97,true,p1,accepted,,830897,830899492725,34
tf_phase7_policy_classic_2026-08-20,classic_12x10_g98_vs_g97.jsonl,classic-random-12x10,classic,random-start,12x10,tf:97,tf:98,false,p1,accepted,,830897,830899492726,35
tf_phase7_policy_classic_2026-08-20,classic_12x10_g98_vs_g97.jsonl,classic-random-12x10,classic,random-start,12x10,tf:98,tf:97,true,p1,accepted,,830897,830899492727,36
tf_phase7_policy_classic_2026-08-20,classic_12x10_g98_vs_g97.jsonl,classic-random-12x10,classic,random-start,12x10,tf:97,tf:98,false,p2,accepted,,830897,830899492728,37
tf_phase7_policy_classic_2026-08-20,classic_12x10_g98_vs_g97.jsonl,classic-random-12x10,classic,random-start,12x10,tf:98,tf:97,true,p2,accepted,,830897,830899492729,38
tf_phase7_policy_classic_2026-08-20,classic_12x10_g98_vs_g97.jsonl,classic-random-12x10,classic,random-start,12x10,tf:97,tf:98,false,p2,accepted,,830897,830899492730,39
tf_phase7_policy_classic_2026-08-20,classic_12x10_g99_vs_g93.jsonl,classic-random-12x10,classic,random-start,12x10,tf:99,tf:93,true,p2,accepted,,830993,830995492979,0
tf_phase7_policy_classic_2026-08-20,classic_12x10_g99_vs_g93.jsonl,classic-random-12x10,classic,random-start,12x10,tf:93,tf:99,false,p1,accepted,,830993,830995492980,1
tf_phase7_policy_classic_2026-08-20,classic_12x10_g99_vs_g93.jsonl,classic-random-12x10,classic,random-start,12x10,tf:99,tf:93,true,p1,accepted,,830993,830995492981,2
tf_phase7_policy_classic_2026-08-20,classic_12x10_g99_vs_g93.jsonl,classic-random-12x10,classic,random-start,12x10,tf:93,tf:99,false,p1,accepted,,830993,830995492982,3
tf_phase7_policy_classic_2026-08-20,classic_12x10_g99_vs_g93.jsonl,classic-random-12x10,classic,random-start,12x10,tf:99,tf:93,true,p1,accepted,,830993,830995492983,4
tf_phase7_policy_classic_2026-08-20,classic_12x10_g99_vs_g93.jsonl,classic-random-12x10,classic,random-start,12x10,tf:93,tf:99,false,p1,accepted,,830993,830995492984,5
tf_phase7_policy_classic_2026-08-20,classic_12x10_g99_vs_g93.jsonl,classic-random-12x10,classic,random-start,12x10,tf:99,tf:93,true,p1,accepted,,830993,830995492985,6
tf_phase7_policy_classic_2026-08-20,classic_12x10_g99_vs_g93.jsonl,classic-random-12x10,classic,random-start,12x10,tf:93,tf:99,false,p2,accepted,,830993,830995492986,7
tf_phase7_policy_classic_2026-08-20,classic_12x10_g99_vs_g93.jsonl,classic-random-12x10,classic,random-start,12x10,tf:99,tf:93,true,p1,accepted,,830993,830995492987,8
tf_phase7_policy_classic_2026-08-20,classic_12x10_g99_vs_g93.jsonl,classic-random-12x10,classic,random-start,12x10,tf:93,tf:99,false,p2,accepted,,830993,830995492988,9
tf_phase7_policy_classic_2026-08-20,classic_12x10_g99_vs_g93.jsonl,classic-random-12x10,classic,random-start,12x10,tf:99,tf:93,true,p2,accepted,,830993,830995492989,10
tf_phase7_policy_classic_2026-08-20,classic_12x10_g99_vs_g93.jsonl,classic-random-12x10,classic,random-start,12x10,tf:93,tf:99,false,p1,accepted,,830993,830995492990,11
tf_phase7_policy_classic_2026-08-20,classic_12x10_g99_vs_g93.jsonl,classic-random-12x10,classic,random-start,12x10,tf:99,tf:93,true,p1,accepted,,830993,830995492991,12
tf_phase7_policy_classic_2026-08-20,classic_12x10_g99_vs_g93.jsonl,classic-random-12x10,classic,random-start,12x10,tf:93,tf:99,false,p1,accepted,,830993,830995492992,13
tf_phase7_policy_classic_2026-08-20,classic_12x10_g99_vs_g93.jsonl,classic-random-12x10,classic,random-start,12x10,tf:99,tf:93,true,p1,accepted,,830993,830995492993,14
tf_phase7_policy_classic_2026-08-20,classic_12x10_g99_vs_g93.jsonl,classic-random-12x10,classic,random-start,12x10,tf:93,tf:99,false,p1,accepted,,830993,830995492994,15
tf_phase7_policy_classic_2026-08-20,classic_12x10_g99_vs_g93.jsonl,classic-random-12x10,classic,random-start,12x10,tf:99,tf:93,true,p2,accepted,,830993,830995492995,16
tf_phase7_policy_classic_2026-08-20,classic_12x10_g99_vs_g93.jsonl,classic-random-12x10,classic,random-start,12x10,tf:93,tf:99,false,p2,accepted,,830993,830995492996,17
tf_phase7_policy_classic_2026-08-20,classic_12x10_g99_vs_g93.jsonl,classic-random-12x10,classic,random-start,12x10,tf:99,tf:93,true,p1,accepted,,830993,830995492997,18
tf_phase7_policy_classic_2026-08-20,classic_12x10_g99_vs_g93.jsonl,classic-random-12x10,classic,random-start,12x10,tf:93,tf:99,false,p1,accepted,,830993,830995492998,19
tf_phase7_policy_classic_2026-08-20,classic_12x10_g99_vs_g93.jsonl,classic-random-12x10,classic,random-start,12x10,tf:99,tf:93,true,p2,accepted,,830993,830995492999,20
tf_phase7_policy_classic_2026-08-20,classic_12x10_g99_vs_g93.jsonl,classic-random-12x10,classic,random-start,12x10,tf:93,tf:99,false,p1,accepted,,830993,830995493000,21
tf_phase7_policy_classic_2026-08-20,classic_12x10_g99_vs_g93.jsonl,classic-random-12x10,classic,random-start,12x10,tf:99,tf:93,true,p1,accepted,,830993,830995493001,22
tf_phase7_policy_classic_2026-08-20,classic_12x10_g99_vs_g93.jsonl,classic-random-12x10,classic,random-start,12x10,tf:93,tf:99,false,p2,accepted,,830993,830995493002,23
tf_phase7_policy_classic_2026-08-20,classic_12x10_g99_vs_g93.jsonl,classic-random-12x10,classic,random-start,12x10,tf:99,tf:93,true,p1,accepted,,830993,830995493003,24
tf_phase7_policy_classic_2026-08-20,classic_12x10_g99_vs_g93.jsonl,classic-random-12x10,classic,random-start,12x10,tf:93,tf:99,false,p2,accepted,,830993,830995493004,25
tf_phase7_policy_classic_2026-08-20,classic_12x10_g99_vs_g93.jsonl,classic-random-12x10,classic,random-start,12x10,tf:99,tf:93,true,p2,accepted,,830993,830995493005,26
tf_phase7_policy_classic_2026-08-20,classic_12x10_g99_vs_g93.jsonl,classic-random-12x10,classic,random-start,12x10,tf:93,tf:99,false,p1,accepted,,830993,830995493006,27
tf_phase7_policy_classic_2026-08-20,classic_12x10_g99_vs_g93.jsonl,classic-random-12x10,classic,random-start,12x10,tf:99,tf:93,true,p2,accepted,,830993,830995493007,28
tf_phase7_policy_classic_2026-08-20,classic_12x10_g99_vs_g93.jsonl,classic-random-12x10,classic,random-start,12x10,tf:93,tf:99,false,p1,accepted,,830993,830995493008,29
tf_phase7_policy_classic_2026-08-20,classic_12x10_g99_vs_g93.jsonl,classic-random-12x10,classic,random-start,12x10,tf:99,tf:93,true,p1,accepted,,830993,830995493009,30
tf_phase7_policy_classic_2026-08-20,classic_12x10_g99_vs_g93.jsonl,classic-random-12x10,classic,random-start,12x10,tf:93,tf:99,false,p1,accepted,,830993,830995493010,31
tf_phase7_policy_classic_2026-08-20,classic_12x10_g99_vs_g93.jsonl,classic-random-12x10,classic,random-start,12x10,tf:99,tf:93,true,p2,accepted,,830993,830995493011,32
tf_phase7_policy_classic_2026-08-20,classic_12x10_g99_vs_g93.jsonl,classic-random-12x10,classic,random-start,12x10,tf:93,tf:99,false,p1,accepted,,830993,830995493012,33
tf_phase7_policy_classic_2026-08-20,classic_12x10_g99_vs_g93.jsonl,classic-random-12x10,classic,random-start,12x10,tf:99,tf:93,true,p2,accepted,,830993,830995493013,34
tf_phase7_policy_classic_2026-08-20,classic_12x10_g99_vs_g93.jsonl,classic-random-12x10,classic,random-start,12x10,tf:93,tf:99,false,p1,accepted,,830993,830995493014,35
tf_phase7_policy_classic_2026-08-20,classic_12x10_g99_vs_g93.jsonl,classic-random-12x10,classic,random-start,12x10,tf:99,tf:93,true,p1,accepted,,830993,830995493015,36
tf_phase7_policy_classic_2026-08-20,classic_12x10_g99_vs_g93.jsonl,classic-random-12x10,classic,random-start,12x10,tf:93,tf:99,false,p1,accepted,,830993,830995493016,37
tf_phase7_policy_classic_2026-08-20,classic_12x10_g99_vs_g93.jsonl,classic-random-12x10,classic,random-start,12x10,tf:99,tf:93,true,draw,accepted,,830993,830995493017,38
tf_phase7_policy_classic_2026-08-20,classic_12x10_g99_vs_g93.jsonl,classic-random-12x10,classic,random-start,12x10,tf:93,tf:99,false,p1,accepted,,830993,830995493018,39
tf_phase7_policy_classic_2026-08-20,classic_12x10_g99_vs_g96.jsonl,classic-random-12x10,classic,random-start,12x10,tf:99,tf:96,true,p2,accepted,,830996,830998492988,0
tf_phase7_policy_classic_2026-08-20,classic_12x10_g99_vs_g96.jsonl,classic-random-12x10,classic,random-start,12x10,tf:96,tf:99,false,p2,accepted,,830996,830998492989,1
tf_phase7_policy_classic_2026-08-20,classic_12x10_g99_vs_g96.jsonl,classic-random-12x10,classic,random-start,12x10,tf:99,tf:96,true,p1,accepted,,830996,830998492990,2
tf_phase7_policy_classic_2026-08-20,classic_12x10_g99_vs_g96.jsonl,classic-random-12x10,classic,random-start,12x10,tf:96,tf:99,false,p1,accepted,,830996,830998492991,3
tf_phase7_policy_classic_2026-08-20,classic_12x10_g99_vs_g96.jsonl,classic-random-12x10,classic,random-start,12x10,tf:99,tf:96,true,p1,accepted,,830996,830998492992,4
tf_phase7_policy_classic_2026-08-20,classic_12x10_g99_vs_g96.jsonl,classic-random-12x10,classic,random-start,12x10,tf:96,tf:99,false,p2,accepted,,830996,830998492993,5
tf_phase7_policy_classic_2026-08-20,classic_12x10_g99_vs_g96.jsonl,classic-random-12x10,classic,random-start,12x10,tf:99,tf:96,true,p2,accepted,,830996,830998492994,6
tf_phase7_policy_classic_2026-08-20,classic_12x10_g99_vs_g96.jsonl,classic-random-12x10,classic,random-start,12x10,tf:96,tf:99,false,p1,accepted,,830996,830998492995,7
tf_phase7_policy_classic_2026-08-20,classic_12x10_g99_vs_g96.jsonl,classic-random-12x10,classic,random-start,12x10,tf:99,tf:96,true,p1,accepted,,830996,830998492996,8
tf_phase7_policy_classic_2026-08-20,classic_12x10_g99_vs_g96.jsonl,classic-random-12x10,classic,random-start,12x10,tf:96,tf:99,false,p2,accepted,,830996,830998492997,9
tf_phase7_policy_classic_2026-08-20,classic_12x10_g99_vs_g96.jsonl,classic-random-12x10,classic,random-start,12x10,tf:99,tf:96,true,p1,accepted,,830996,830998492998,10
tf_phase7_policy_classic_2026-08-20,classic_12x10_g99_vs_g96.jsonl,classic-random-12x10,classic,random-start,12x10,tf:96,tf:99,false,p1,accepted,,830996,830998492999,11
tf_phase7_policy_classic_2026-08-20,classic_12x10_g99_vs_g96.jsonl,classic-random-12x10,classic,random-start,12x10,tf:99,tf:96,true,p2,accepted,,830996,830998493000,12
tf_phase7_policy_classic_2026-08-20,classic_12x10_g99_vs_g96.jsonl,classic-random-12x10,classic,random-start,12x10,tf:96,tf:99,false,p1,accepted,,830996,830998493001,13
tf_phase7_policy_classic_2026-08-20,classic_12x10_g99_vs_g96.jsonl,classic-random-12x10,classic,random-start,12x10,tf:99,tf:96,true,p1,accepted,,830996,830998493002,14
tf_phase7_policy_classic_2026-08-20,classic_12x10_g99_vs_g96.jsonl,classic-random-12x10,classic,random-start,12x10,tf:96,tf:99,false,p2,accepted,,830996,830998493003,15
tf_phase7_policy_classic_2026-08-20,classic_12x10_g99_vs_g96.jsonl,classic-random-12x10,classic,random-start,12x10,tf:99,tf:96,true,p1,accepted,,830996,830998493004,16
tf_phase7_policy_classic_2026-08-20,classic_12x10_g99_vs_g96.jsonl,classic-random-12x10,classic,random-start,12x10,tf:96,tf:99,false,p1,accepted,,830996,830998493005,17
tf_phase7_policy_classic_2026-08-20,classic_12x10_g99_vs_g96.jsonl,classic-random-12x10,classic,random-start,12x10,tf:99,tf:96,true,p2,accepted,,830996,830998493006,18
tf_phase7_policy_classic_2026-08-20,classic_12x10_g99_vs_g96.jsonl,classic-random-12x10,classic,random-start,12x10,tf:96,tf:99,false,p1,accepted,,830996,830998493007,19
tf_phase7_policy_classic_2026-08-20,classic_12x10_g99_vs_g96.jsonl,classic-random-12x10,classic,random-start,12x10,tf:99,tf:96,true,p2,accepted,,830996,830998493008,20
tf_phase7_policy_classic_2026-08-20,classic_12x10_g99_vs_g96.jsonl,classic-random-12x10,classic,random-start,12x10,tf:96,tf:99,false,p1,accepted,,830996,830998493009,21
tf_phase7_policy_classic_2026-08-20,classic_12x10_g99_vs_g96.jsonl,classic-random-12x10,classic,random-start,12x10,tf:99,tf:96,true,p2,accepted,,830996,830998493010,22
tf_phase7_policy_classic_2026-08-20,classic_12x10_g99_vs_g96.jsonl,classic-random-12x10,classic,random-start,12x10,tf:96,tf:99,false,p2,accepted,,830996,830998493011,23
tf_phase7_policy_classic_2026-08-20,classic_12x10_g99_vs_g96.jsonl,classic-random-12x10,classic,random-start,12x10,tf:99,tf:96,true,p1,accepted,,830996,830998493012,24
tf_phase7_policy_classic_2026-08-20,classic_12x10_g99_vs_g96.jsonl,classic-random-12x10,classic,random-start,12x10,tf:96,tf:99,false,p1,accepted,,830996,830998493013,25
tf_phase7_policy_classic_2026-08-20,classic_12x10_g99_vs_g96.jsonl,classic-random-12x10,classic,random-start,12x10,tf:99,tf:96,true,p2,accepted,,830996,830998493014,26
tf_phase7_policy_classic_2026-08-20,classic_12x10_g99_vs_g96.jsonl,classic-random-12x10,classic,random-start,12x10,tf:96,tf:99,false,p1,accepted,,830996,830998493015,27
tf_phase7_policy_classic_2026-08-20,classic_12x10_g99_vs_g96.jsonl,classic-random-12x10,classic,random-start,12x10,tf:99,tf:96,true,p2,accepted,,830996,830998493016,28
tf_phase7_policy_classic_2026-08-20,classic_12x10_g99_vs_g96.jsonl,classic-random-12x10,classic,random-start,12x10,tf:96,tf:99,false,p1,accepted,,830996,830998493017,29
tf_phase7_policy_classic_2026-08-20,classic_12x10_g99_vs_g96.jsonl,classic-random-12x10,classic,random-start,12x10,tf:99,tf:96,true,p1,accepted,,830996,830998493018,30
tf_phase7_policy_classic_2026-08-20,classic_12x10_g99_vs_g96.jsonl,classic-random-12x10,classic,random-start,12x10,tf:96,tf:99,false,p1,accepted,,830996,830998493019,31
tf_phase7_policy_classic_2026-08-20,classic_12x10_g99_vs_g96.jsonl,classic-random-12x10,classic,random-start,12x10,tf:99,tf:96,true,p1,accepted,,830996,830998493020,32
tf_phase7_policy_classic_2026-08-20,classic_12x10_g99_vs_g96.jsonl,classic-random-12x10,classic,random-start,12x10,tf:96,tf:99,false,p2,accepted,,830996,830998493021,33
tf_phase7_policy_classic_2026-08-20,classic_12x10_g99_vs_g96.jsonl,classic-random-12x10,classic,random-start,12x10,tf:99,tf:96,true,p1,accepted,,830996,830998493022,34
tf_phase7_policy_classic_2026-08-20,classic_12x10_g99_vs_g96.jsonl,classic-random-12x10,classic,random-start,12x10,tf:96,tf:99,false,p2,accepted,,830996,830998493023,35
tf_phase7_policy_classic_2026-08-20,classic_12x10_g99_vs_g96.jsonl,classic-random-12x10,classic,random-start,12x10,tf:99,tf:96,true,p2,accepted,,830996,830998493024,36
tf_phase7_policy_classic_2026-08-20,classic_12x10_g99_vs_g96.jsonl,classic-random-12x10,classic,random-start,12x10,tf:96,tf:99,false,p1,accepted,,830996,830998493025,37
tf_phase7_policy_classic_2026-08-20,classic_12x10_g99_vs_g96.jsonl,classic-random-12x10,classic,random-start,12x10,tf:99,tf:96,true,p1,accepted,,830996,830998493026,38
tf_phase7_policy_classic_2026-08-20,classic_12x10_g99_vs_g96.jsonl,classic-random-12x10,classic,random-start,12x10,tf:96,tf:99,false,p2,accepted,,830996,830998493027,39
tf_phase7_policy_classic_2026-08-20,classic_12x10_g99_vs_g98.jsonl,classic-random-12x10,classic,random-start,12x10,tf:99,tf:98,true,p2,accepted,,830998,831000492994,0
tf_phase7_policy_classic_2026-08-20,classic_12x10_g99_vs_g98.jsonl,classic-random-12x10,classic,random-start,12x10,tf:98,tf:99,false,p2,accepted,,830998,831000492995,1
tf_phase7_policy_classic_2026-08-20,classic_12x10_g99_vs_g98.jsonl,classic-random-12x10,classic,random-start,12x10,tf:99,tf:98,true,p1,accepted,,830998,831000492996,2
tf_phase7_policy_classic_2026-08-20,classic_12x10_g99_vs_g98.jsonl,classic-random-12x10,classic,random-start,12x10,tf:98,tf:99,false,p1,accepted,,830998,831000492997,3
tf_phase7_policy_classic_2026-08-20,classic_12x10_g99_vs_g98.jsonl,classic-random-12x10,classic,random-start,12x10,tf:99,tf:98,true,p1,accepted,,830998,831000492998,4
tf_phase7_policy_classic_2026-08-20,classic_12x10_g99_vs_g98.jsonl,classic-random-12x10,classic,random-start,12x10,tf:98,tf:99,false,p1,accepted,,830998,831000492999,5
tf_phase7_policy_classic_2026-08-20,classic_12x10_g99_vs_g98.jsonl,classic-random-12x10,classic,random-start,12x10,tf:99,tf:98,true,p1,accepted,,830998,831000493000,6
tf_phase7_policy_classic_2026-08-20,classic_12x10_g99_vs_g98.jsonl,classic-random-12x10,classic,random-start,12x10,tf:98,tf:99,false,p2,accepted,,830998,831000493001,7
tf_phase7_policy_classic_2026-08-20,classic_12x10_g99_vs_g98.jsonl,classic-random-12x10,classic,random-start,12x10,tf:99,tf:98,true,p1,accepted,,830998,831000493002,8
tf_phase7_policy_classic_2026-08-20,classic_12x10_g99_vs_g98.jsonl,classic-random-12x10,classic,random-start,12x10,tf:98,tf:99,false,p2,accepted,,830998,831000493003,9
tf_phase7_policy_classic_2026-08-20,classic_12x10_g99_vs_g98.jsonl,classic-random-12x10,classic,random-start,12x10,tf:99,tf:98,true,p1,accepted,,830998,831000493004,10
tf_phase7_policy_classic_2026-08-20,classic_12x10_g99_vs_g98.jsonl,classic-random-12x10,classic,random-start,12x10,tf:98,tf:99,false,p1,accepted,,830998,831000493005,11
tf_phase7_policy_classic_2026-08-20,classic_12x10_g99_vs_g98.jsonl,classic-random-12x10,classic,random-start,12x10,tf:99,tf:98,true,p1,accepted,,830998,831000493006,12
tf_phase7_policy_classic_2026-08-20,classic_12x10_g99_vs_g98.jsonl,classic-random-12x10,classic,random-start,12x10,tf:98,tf:99,false,p1,accepted,,830998,831000493007,13
tf_phase7_policy_classic_2026-08-20,classic_12x10_g99_vs_g98.jsonl,classic-random-12x10,classic,random-start,12x10,tf:99,tf:98,true,p1,accepted,,830998,831000493008,14
tf_phase7_policy_classic_2026-08-20,classic_12x10_g99_vs_g98.jsonl,classic-random-12x10,classic,random-start,12x10,tf:98,tf:99,false,p1,accepted,,830998,831000493009,15
tf_phase7_policy_classic_2026-08-20,classic_12x10_g99_vs_g98.jsonl,classic-random-12x10,classic,random-start,12x10,tf:99,tf:98,true,p1,accepted,,830998,831000493010,16
tf_phase7_policy_classic_2026-08-20,classic_12x10_g99_vs_g98.jsonl,classic-random-12x10,classic,random-start,12x10,tf:98,tf:99,false,p1,accepted,,830998,831000493011,17
tf_phase7_policy_classic_2026-08-20,classic_12x10_g99_vs_g98.jsonl,classic-random-12x10,classic,random-start,12x10,tf:99,tf:98,true,p1,accepted,,830998,831000493012,18
tf_phase7_policy_classic_2026-08-20,classic_12x10_g99_vs_g98.jsonl,classic-random-12x10,classic,random-start,12x10,tf:98,tf:99,false,p2,accepted,,830998,831000493013,19
tf_phase7_policy_classic_2026-08-20,classic_12x10_g99_vs_g98.jsonl,classic-random-12x10,classic,random-start,12x10,tf:99,tf:98,true,p2,accepted,,830998,831000493014,20
tf_phase7_policy_classic_2026-08-20,classic_12x10_g99_vs_g98.jsonl,classic-random-12x10,classic,random-start,12x10,tf:98,tf:99,false,p1,accepted,,830998,831000493015,21
tf_phase7_policy_classic_2026-08-20,classic_12x10_g99_vs_g98.jsonl,classic-random-12x10,classic,random-start,12x10,tf:99,tf:98,true,p1,accepted,,830998,831000493016,22
tf_phase7_policy_classic_2026-08-20,classic_12x10_g99_vs_g98.jsonl,classic-random-12x10,classic,random-start,12x10,tf:98,tf:99,false,p1,accepted,,830998,831000493017,23
tf_phase7_policy_classic_2026-08-20,classic_12x10_g99_vs_g98.jsonl,classic-random-12x10,classic,random-start,12x10,tf:99,tf:98,true,p2,accepted,,830998,831000493018,24
tf_phase7_policy_classic_2026-08-20,classic_12x10_g99_vs_g98.jsonl,classic-random-12x10,classic,random-start,12x10,tf:98,tf:99,false,p2,accepted,,830998,831000493019,25
tf_phase7_policy_classic_2026-08-20,classic_12x10_g99_vs_g98.jsonl,classic-random-12x10,classic,random-start,12x10,tf:99,tf:98,true,p2,accepted,,830998,831000493020,26
tf_phase7_policy_classic_2026-08-20,classic_12x10_g99_vs_g98.jsonl,classic-random-12x10,classic,random-start,12x10,tf:98,tf:99,false,p2,accepted,,830998,831000493021,27
tf_phase7_policy_classic_2026-08-20,classic_12x10_g99_vs_g98.jsonl,classic-random-12x10,classic,random-start,12x10,tf:99,tf:98,true,p1,accepted,,830998,831000493022,28
tf_phase7_policy_classic_2026-08-20,classic_12x10_g99_vs_g98.jsonl,classic-random-12x10,classic,random-start,12x10,tf:98,tf:99,false,p1,accepted,,830998,831000493023,29
tf_phase7_policy_classic_2026-08-20,classic_12x10_g99_vs_g98.jsonl,classic-random-12x10,classic,random-start,12x10,tf:99,tf:98,true,p1,accepted,,830998,831000493024,30
tf_phase7_policy_classic_2026-08-20,classic_12x10_g99_vs_g98.jsonl,classic-random-12x10,classic,random-start,12x10,tf:98,tf:99,false,p2,accepted,,830998,831000493025,31
tf_phase7_policy_classic_2026-08-20,classic_12x10_g99_vs_g98.jsonl,classic-random-12x10,classic,random-start,12x10,tf:99,tf:98,true,p2,accepted,,830998,831000493026,32
tf_phase7_policy_classic_2026-08-20,classic_12x10_g99_vs_g98.jsonl,classic-random-12x10,classic,random-start,12x10,tf:98,tf:99,false,p1,accepted,,830998,831000493027,33
tf_phase7_policy_classic_2026-08-20,classic_12x10_g99_vs_g98.jsonl,classic-random-12x10,classic,random-start,12x10,tf:99,tf:98,true,p1,accepted,,830998,831000493028,34
tf_phase7_policy_classic_2026-08-20,classic_12x10_g99_vs_g98.jsonl,classic-random-12x10,classic,random-start,12x10,tf:98,tf:99,false,p1,accepted,,830998,831000493029,35
tf_phase7_policy_classic_2026-08-20,classic_12x10_g99_vs_g98.jsonl,classic-random-12x10,classic,random-start,12x10,tf:99,tf:98,true,p2,accepted,,830998,831000493030,36
tf_phase7_policy_classic_2026-08-20,classic_12x10_g99_vs_g98.jsonl,classic-random-12x10,classic,random-start,12x10,tf:98,tf:99,false,p1,accepted,,830998,831000493031,37
tf_phase7_policy_classic_2026-08-20,classic_12x10_g99_vs_g98.jsonl,classic-random-12x10,classic,random-start,12x10,tf:99,tf:98,true,p1,accepted,,830998,831000493032,38
tf_phase7_policy_classic_2026-08-20,classic_12x10_g99_vs_g98.jsonl,classic-random-12x10,classic,random-start,12x10,tf:98,tf:99,false,p1,accepted,,830998,831000493033,39
